timestamp;generation
2018-01-01T00:00:00.0;-0.18800719117962336
2018-01-01T01:00:00.0;-0.17904144774751007
2018-01-01T02:00:00.0;-0.1705471613660389
2018-01-01T03:00:00.0;-0.16271988763699322
2018-01-01T04:00:00.0;-0.1572506815953664
2018-01-01T05:00:00.0;-0.157356974315387
2018-01-01T06:00:00.0;-0.16799138676231204
2018-01-01T07:00:00.0;-0.18119513645505733
2018-01-01T08:00:00.0;-0.1849257684037779
2018-01-01T09:00:00.0;-0.18027199437088773
2018-01-01T10:00:00.0;-0.17290885952637428
2018-01-01T11:00:00.0;-0.16637148353562414
2018-01-01T12:00:00.0;-0.16141396294905005
2018-01-01T13:00:00.0;-0.1621723537609803
2018-01-01T14:00:00.0;-0.1658253143446949
2018-01-01T15:00:00.0;-0.17361596232034332
2018-01-01T16:00:00.0;-0.187443912333028
2018-01-01T17:00:00.0;-0.2074048896873212
2018-01-01T18:00:00.0;-0.21213949616082384
2018-01-01T19:00:00.0;-0.21561100788793486
2018-01-01T20:00:00.0;-0.21476648032319862
2018-01-01T21:00:00.0;-0.21503833398805275
2018-01-01T22:00:00.0;-0.20711017965178888
2018-01-01T23:00:00.0;-0.1963129970844043
2018-01-02T00:00:00.0;-0.18244978192162417
2018-01-02T01:00:00.0;-0.1738469636972333
2018-01-02T02:00:00.0;-0.16577487799196036
2018-01-02T03:00:00.0;-0.158173043014098
2018-01-02T04:00:00.0;-0.1526311933614342
2018-01-02T05:00:00.0;-0.15202266601778697
2018-01-02T06:00:00.0;-0.1594973206608529
2018-01-02T07:00:00.0;-0.16968233427337753
2018-01-02T08:00:00.0;-0.17368805375957025
2018-01-02T09:00:00.0;-0.16964849334972606
2018-01-02T10:00:00.0;-0.16399542193058844
2018-01-02T11:00:00.0;-0.15901510017803552
2018-01-02T12:00:00.0;-0.15529566406816453
2018-01-02T13:00:00.0;-0.1574658294480179
2018-01-02T14:00:00.0;-0.16125246842533641
2018-01-02T15:00:00.0;-0.16926808512206223
2018-01-02T16:00:00.0;-0.18377825085947053
2018-01-02T17:00:00.0;-0.2032040626056385
2018-01-02T18:00:00.0;-0.20940303174629926
2018-01-02T19:00:00.0;-0.2143134611434323
2018-01-02T20:00:00.0;-0.21272474535756547
2018-01-02T21:00:00.0;-0.21323581308759826
2018-01-02T22:00:00.0;-0.2029748509883914
2018-01-02T23:00:00.0;-0.1918368615461819
2018-01-03T00:00:00.0;-0.189166185473072
2018-01-03T01:00:00.0;-0.18014992954880665
2018-01-03T02:00:00.0;-0.1717165548219864
2018-01-03T03:00:00.0;-0.16381890822799636
2018-01-03T04:00:00.0;-0.15845950619837265
2018-01-03T05:00:00.0;-0.1588714747551105
2018-01-03T06:00:00.0;-0.17025477260611535
2018-01-03T07:00:00.0;-0.18332727736431412
2018-01-03T08:00:00.0;-0.18772547679729149
2018-01-03T09:00:00.0;-0.18257849617613559
2018-01-03T10:00:00.0;-0.1751362982314641
2018-01-03T11:00:00.0;-0.16826710850924262
2018-01-03T12:00:00.0;-0.16297593995672463
2018-01-03T13:00:00.0;-0.16398884655787416
2018-01-03T14:00:00.0;-0.16790514946205523
2018-01-03T15:00:00.0;-0.1761718833452736
2018-01-03T16:00:00.0;-0.19002798050532194
2018-01-03T17:00:00.0;-0.21097182952934987
2018-01-03T18:00:00.0;-0.21588417538723823
2018-01-03T19:00:00.0;-0.21937717234579648
2018-01-03T20:00:00.0;-0.21796450951328386
2018-01-03T21:00:00.0;-0.21924094735388086
2018-01-03T22:00:00.0;-0.20955858545668438
2018-01-03T23:00:00.0;-0.1979153991791647
2018-01-04T00:00:00.0;-0.1892054435541468
2018-01-04T01:00:00.0;-0.18011579589261023
2018-01-04T02:00:00.0;-0.17142169857773362
2018-01-04T03:00:00.0;-0.16359161010392795
2018-01-04T04:00:00.0;-0.1581938442864239
2018-01-04T05:00:00.0;-0.15844984860317254
2018-01-04T06:00:00.0;-0.16907730234501303
2018-01-04T07:00:00.0;-0.18339325078481672
2018-01-04T08:00:00.0;-0.18673342086124947
2018-01-04T09:00:00.0;-0.18251282418807932
2018-01-04T10:00:00.0;-0.17505465270651124
2018-01-04T11:00:00.0;-0.16861373461518203
2018-01-04T12:00:00.0;-0.16377391239971262
2018-01-04T13:00:00.0;-0.1641782532643204
2018-01-04T14:00:00.0;-0.16728501687333566
2018-01-04T15:00:00.0;-0.17428508184963218
2018-01-04T16:00:00.0;-0.18792434901524088
2018-01-04T17:00:00.0;-0.2072682906396826
2018-01-04T18:00:00.0;-0.21151820314611763
2018-01-04T19:00:00.0;-0.21454958446655284
2018-01-04T20:00:00.0;-0.21368602472061854
2018-01-04T21:00:00.0;-0.21257681931874764
2018-01-04T22:00:00.0;-0.20651023260163212
2018-01-04T23:00:00.0;-0.19656252325066662
2018-01-05T00:00:00.0;-0.18634939583785737
2018-01-05T01:00:00.0;-0.17749283625469067
2018-01-05T02:00:00.0;-0.16909433222513445
2018-01-05T03:00:00.0;-0.16156131619932151
2018-01-05T04:00:00.0;-0.1568291306046114
2018-01-05T05:00:00.0;-0.15771770774263708
2018-01-05T06:00:00.0;-0.16852594320416878
2018-01-05T07:00:00.0;-0.1814467070758768
2018-01-05T08:00:00.0;-0.18334185161217303
2018-01-05T09:00:00.0;-0.17834396300885424
2018-01-05T10:00:00.0;-0.1710738280790114
2018-01-05T11:00:00.0;-0.16508979208926972
2018-01-05T12:00:00.0;-0.16114046845111632
2018-01-05T13:00:00.0;-0.16181537109950747
2018-01-05T14:00:00.0;-0.16522111879795162
2018-01-05T15:00:00.0;-0.17247999590496638
2018-01-05T16:00:00.0;-0.1861657543181194
2018-01-05T17:00:00.0;-0.20367481529238818
2018-01-05T18:00:00.0;-0.208170461226072
2018-01-05T19:00:00.0;-0.21163807224653472
2018-01-05T20:00:00.0;-0.21130512731322415
2018-01-05T21:00:00.0;-0.20894183358181714
2018-01-05T22:00:00.0;-0.20290755991504447
2018-01-05T23:00:00.0;-0.19282889466287792
2018-01-06T00:00:00.0;-0.17098578234921907
2018-01-06T01:00:00.0;-0.16299430844972038
2018-01-06T02:00:00.0;-0.1551951557630294
2018-01-06T03:00:00.0;-0.1481903262462812
2018-01-06T04:00:00.0;-0.1422846533566499
2018-01-06T05:00:00.0;-0.13971904439004737
2018-01-06T06:00:00.0;-0.13948715411087514
2018-01-06T07:00:00.0;-0.14637392785467188
2018-01-06T08:00:00.0;-0.14830038203378995
2018-01-06T09:00:00.0;-0.1473909688122791
2018-01-06T10:00:00.0;-0.14478436468543787
2018-01-06T11:00:00.0;-0.14361200966822232
2018-01-06T12:00:00.0;-0.14318743893581035
2018-01-06T13:00:00.0;-0.1465329907302989
2018-01-06T14:00:00.0;-0.14902128455091296
2018-01-06T15:00:00.0;-0.15492270313754386
2018-01-06T16:00:00.0;-0.17026615286749122
2018-01-06T17:00:00.0;-0.1849625289584556
2018-01-06T18:00:00.0;-0.19248709796522592
2018-01-06T19:00:00.0;-0.19921433893180182
2018-01-06T20:00:00.0;-0.1980536103246811
2018-01-06T21:00:00.0;-0.1940814119303522
2018-01-06T22:00:00.0;-0.1876343572566531
2018-01-06T23:00:00.0;-0.17961618038951724
2018-01-07T00:00:00.0;-0.17572604036736644
2018-01-07T01:00:00.0;-0.1675987404065889
2018-01-07T02:00:00.0;-0.15972246760523431
2018-01-07T03:00:00.0;-0.1523482892729388
2018-01-07T04:00:00.0;-0.14610771194126493
2018-01-07T05:00:00.0;-0.14394168656302062
2018-01-07T06:00:00.0;-0.14945042670498584
2018-01-07T07:00:00.0;-0.1579018795444869
2018-01-07T08:00:00.0;-0.16005564094976724
2018-01-07T09:00:00.0;-0.15654816179610997
2018-01-07T10:00:00.0;-0.1508107257041755
2018-01-07T11:00:00.0;-0.14632519615466466
2018-01-07T12:00:00.0;-0.14317961269340626
2018-01-07T13:00:00.0;-0.14474222219922603
2018-01-07T14:00:00.0;-0.14907670349919855
2018-01-07T15:00:00.0;-0.15744279065330108
2018-01-07T16:00:00.0;-0.17214550683417618
2018-01-07T17:00:00.0;-0.18939772951363917
2018-01-07T18:00:00.0;-0.19574223692042814
2018-01-07T19:00:00.0;-0.20136849735569837
2018-01-07T20:00:00.0;-0.2027360008512536
2018-01-07T21:00:00.0;-0.20314624905293396
2018-01-07T22:00:00.0;-0.19571421856330518
2018-01-07T23:00:00.0;-0.18575364697541316
2018-01-08T00:00:00.0;-0.18896250576825865
2018-01-08T01:00:00.0;-0.1799936156108058
2018-01-08T02:00:00.0;-0.17169809926509083
2018-01-08T03:00:00.0;-0.1637754236964629
2018-01-08T04:00:00.0;-0.1584298374792212
2018-01-08T05:00:00.0;-0.15889031847431043
2018-01-08T06:00:00.0;-0.17053719253450694
2018-01-08T07:00:00.0;-0.18292024804153656
2018-01-08T08:00:00.0;-0.18782685295670845
2018-01-08T09:00:00.0;-0.18225569658148877
2018-01-08T10:00:00.0;-0.17487046185971608
2018-01-08T11:00:00.0;-0.1678429799715777
2018-01-08T12:00:00.0;-0.1623734886005891
2018-01-08T13:00:00.0;-0.16371679783513624
2018-01-08T14:00:00.0;-0.16802678677269597
2018-01-08T15:00:00.0;-0.1769081884081403
2018-01-08T16:00:00.0;-0.19088864455208512
2018-01-08T17:00:00.0;-0.2125758972261978
2018-01-08T18:00:00.0;-0.2178486309349014
2018-01-08T19:00:00.0;-0.22160706485583037
2018-01-08T20:00:00.0;-0.2199201195426321
2018-01-08T21:00:00.0;-0.2223461931424002
2018-01-08T22:00:00.0;-0.21087365958542115
2018-01-08T23:00:00.0;-0.1984123630153135
2018-01-09T00:00:00.0;-0.18807824561393502
2018-01-09T01:00:00.0;-0.17913772718486567
2018-01-09T02:00:00.0;-0.17077538220198185
2018-01-09T03:00:00.0;-0.1630625376568925
2018-01-09T04:00:00.0;-0.15792375215197707
2018-01-09T05:00:00.0;-0.1587312412856084
2018-01-09T06:00:00.0;-0.16986044023037594
2018-01-09T07:00:00.0;-0.1829359871648343
2018-01-09T08:00:00.0;-0.18627061744648327
2018-01-09T09:00:00.0;-0.18110034734263966
2018-01-09T10:00:00.0;-0.17344198201586078
2018-01-09T11:00:00.0;-0.1670154013758758
2018-01-09T12:00:00.0;-0.16218563350788384
2018-01-09T13:00:00.0;-0.16306027813806803
2018-01-09T14:00:00.0;-0.16682373098015724
2018-01-09T15:00:00.0;-0.17449169845637166
2018-01-09T16:00:00.0;-0.1884140186370569
2018-01-09T17:00:00.0;-0.20809171433675266
2018-01-09T18:00:00.0;-0.21331266708569807
2018-01-09T19:00:00.0;-0.21662885184343225
2018-01-09T20:00:00.0;-0.215329394574499
2018-01-09T21:00:00.0;-0.21497752804277978
2018-01-09T22:00:00.0;-0.20691558614742545
2018-01-09T23:00:00.0;-0.19601920149596155
2018-01-10T00:00:00.0;-0.18884968177905087
2018-01-10T01:00:00.0;-0.17972280616540878
2018-01-10T02:00:00.0;-0.17081919034998724
2018-01-10T03:00:00.0;-0.16310028494020254
2018-01-10T04:00:00.0;-0.15779737454212758
2018-01-10T05:00:00.0;-0.15802537649944984
2018-01-10T06:00:00.0;-0.16804393138084295
2018-01-10T07:00:00.0;-0.18335690125893783
2018-01-10T08:00:00.0;-0.1854167030375574
2018-01-10T09:00:00.0;-0.18192868643769272
2018-01-10T10:00:00.0;-0.17447710477505074
2018-01-10T11:00:00.0;-0.1684867545657858
2018-01-10T12:00:00.0;-0.16422317310115822
2018-01-10T13:00:00.0;-0.16406505337728708
2018-01-10T14:00:00.0;-0.1664436668604049
2018-01-10T15:00:00.0;-0.17229116933765168
2018-01-10T16:00:00.0;-0.18570307471866923
2018-01-10T17:00:00.0;-0.20317870808293015
2018-01-10T18:00:00.0;-0.2067632247538072
2018-01-10T19:00:00.0;-0.20941449731622866
2018-01-10T20:00:00.0;-0.20921430631530127
2018-01-10T21:00:00.0;-0.20559539798181628
2018-01-10T22:00:00.0;-0.20302828706373607
2018-01-10T23:00:00.0;-0.1946729180866169
2018-01-11T00:00:00.0;-0.18615976645469814
2018-01-11T01:00:00.0;-0.1772511467352575
2018-01-11T02:00:00.0;-0.16861515503708935
2018-01-11T03:00:00.0;-0.16116064139693087
2018-01-11T04:00:00.0;-0.15653120659626937
2018-01-11T05:00:00.0;-0.15731110200341594
2018-01-11T06:00:00.0;-0.16763107747281467
2018-01-11T07:00:00.0;-0.1815464727471265
2018-01-11T08:00:00.0;-0.18227135153395937
2018-01-11T09:00:00.0;-0.17799558200893908
2018-01-11T10:00:00.0;-0.17082819664880572
2018-01-11T11:00:00.0;-0.16518756236857976
2018-01-11T12:00:00.0;-0.16178255531846436
2018-01-11T13:00:00.0;-0.1618953350671648
2018-01-11T14:00:00.0;-0.16458190013510243
2018-01-11T15:00:00.0;-0.17083756445947276
2018-01-11T16:00:00.0;-0.18422798121080192
2018-01-11T17:00:00.0;-0.19995203591274027
2018-01-11T18:00:00.0;-0.2035564439142396
2018-01-11T19:00:00.0;-0.20670699402605533
2018-01-11T20:00:00.0;-0.20715798123466173
2018-01-11T21:00:00.0;-0.20251031175580422
2018-01-11T22:00:00.0;-0.1997496466678793
2018-01-11T23:00:00.0;-0.1911228427902751
2018-01-12T00:00:00.0;-0.18870199461454704
2018-01-12T01:00:00.0;-0.17958994194144237
2018-01-12T02:00:00.0;-0.17070005104679373
2018-01-12T03:00:00.0;-0.1630252535173969
2018-01-12T04:00:00.0;-0.15787853183748168
2018-01-12T05:00:00.0;-0.1582811439729142
2018-01-12T06:00:00.0;-0.16855878826653853
2018-01-12T07:00:00.0;-0.18385569188296438
2018-01-12T08:00:00.0;-0.1855624218342699
2018-01-12T09:00:00.0;-0.1819054412047311
2018-01-12T10:00:00.0;-0.17439810725054522
2018-01-12T11:00:00.0;-0.16839613930957853
2018-01-12T12:00:00.0;-0.1642548953216727
2018-01-12T13:00:00.0;-0.16403089733169735
2018-01-12T14:00:00.0;-0.16641923661347988
2018-01-12T15:00:00.0;-0.17226897234140942
2018-01-12T16:00:00.0;-0.18561581018862094
2018-01-12T17:00:00.0;-0.20267628295987586
2018-01-12T18:00:00.0;-0.20612713837931695
2018-01-12T19:00:00.0;-0.20875756722241098
2018-01-12T20:00:00.0;-0.2087562640696194
2018-01-12T21:00:00.0;-0.20476714974770072
2018-01-12T22:00:00.0;-0.20249081154171225
2018-01-12T23:00:00.0;-0.19418160668198764
2018-01-13T00:00:00.0;-0.17188190048073676
2018-01-13T01:00:00.0;-0.16389587460518557
2018-01-13T02:00:00.0;-0.15622778043217458
2018-01-13T03:00:00.0;-0.14924323440738674
2018-01-13T04:00:00.0;-0.1438278177240902
2018-01-13T05:00:00.0;-0.14204309544901036
2018-01-13T06:00:00.0;-0.1437743930823286
2018-01-13T07:00:00.0;-0.15040223012903403
2018-01-13T08:00:00.0;-0.15210260005048457
2018-01-13T09:00:00.0;-0.1499240328787038
2018-01-13T10:00:00.0;-0.14682042563057984
2018-01-13T11:00:00.0;-0.1449722454659794
2018-01-13T12:00:00.0;-0.14428871377549762
2018-01-13T13:00:00.0;-0.14760858030573493
2018-01-13T14:00:00.0;-0.15066061496731795
2018-01-13T15:00:00.0;-0.15741789594854916
2018-01-13T16:00:00.0;-0.1725899091625745
2018-01-13T17:00:00.0;-0.1874540161151363
2018-01-13T18:00:00.0;-0.1947747601996215
2018-01-13T19:00:00.0;-0.2014560467343943
2018-01-13T20:00:00.0;-0.2005307855398139
2018-01-13T21:00:00.0;-0.19719761322386511
2018-01-13T22:00:00.0;-0.18938149234983379
2018-01-13T23:00:00.0;-0.18031961223726078
2018-01-14T00:00:00.0;-0.169941062228674
2018-01-14T01:00:00.0;-0.16228685649816504
2018-01-14T02:00:00.0;-0.15544554629489565
2018-01-14T03:00:00.0;-0.14891554771307783
2018-01-14T04:00:00.0;-0.14430576445053514
2018-01-14T05:00:00.0;-0.14478950572213029
2018-01-14T06:00:00.0;-0.14829643392875985
2018-01-14T07:00:00.0;-0.15299167366054298
2018-01-14T08:00:00.0;-0.1535283750755803
2018-01-14T09:00:00.0;-0.14878563716698304
2018-01-14T10:00:00.0;-0.14405652258710266
2018-01-14T11:00:00.0;-0.14240110426638736
2018-01-14T12:00:00.0;-0.14171046228155557
2018-01-14T13:00:00.0;-0.14563800531129809
2018-01-14T14:00:00.0;-0.15011360869865895
2018-01-14T15:00:00.0;-0.15743623707217913
2018-01-14T16:00:00.0;-0.17338492678695624
2018-01-14T17:00:00.0;-0.18820499546935798
2018-01-14T18:00:00.0;-0.19854061112886853
2018-01-14T19:00:00.0;-0.20502124724156331
2018-01-14T20:00:00.0;-0.20272648263383095
2018-01-14T21:00:00.0;-0.1992244873606384
2018-01-14T22:00:00.0;-0.18912230585256792
2018-01-14T23:00:00.0;-0.17883263149800258
2018-01-15T00:00:00.0;-0.1889134825710026
2018-01-15T01:00:00.0;-0.17995599277045696
2018-01-15T02:00:00.0;-0.1716936572397698
2018-01-15T03:00:00.0;-0.16376495750510178
2018-01-15T04:00:00.0;-0.15842269658380098
2018-01-15T05:00:00.0;-0.1588948539255191
2018-01-15T06:00:00.0;-0.17060516753413327
2018-01-15T07:00:00.0;-0.18282228109486504
2018-01-15T08:00:00.0;-0.18785125295014282
2018-01-15T09:00:00.0;-0.18217800269334686
2018-01-15T10:00:00.0;-0.1748064783179981
2018-01-15T11:00:00.0;-0.16774089745440732
2018-01-15T12:00:00.0;-0.16222848597651288
2018-01-15T13:00:00.0;-0.16365131905702107
2018-01-15T14:00:00.0;-0.1680560633757758
2018-01-15T15:00:00.0;-0.17708540797142777
2018-01-15T16:00:00.0;-0.191095795791696
2018-01-15T17:00:00.0;-0.21296197657164215
2018-01-15T18:00:00.0;-0.218321451198963
2018-01-15T19:00:00.0;-0.2221437725286904
2018-01-15T20:00:00.0;-0.22039081079934078
2018-01-15T21:00:00.0;-0.2230935875720937
2018-01-15T22:00:00.0;-0.21119018173709292
2018-01-15T23:00:00.0;-0.19853197609208506
2018-01-16T00:00:00.0;-0.1889134825710026
2018-01-16T01:00:00.0;-0.17995599277045696
2018-01-16T02:00:00.0;-0.1716936572397698
2018-01-16T03:00:00.0;-0.16376495750510178
2018-01-16T04:00:00.0;-0.15842269658380098
2018-01-16T05:00:00.0;-0.1588948539255191
2018-01-16T06:00:00.0;-0.17060516753413327
2018-01-16T07:00:00.0;-0.18282228109486504
2018-01-16T08:00:00.0;-0.18785125295014282
2018-01-16T09:00:00.0;-0.18217800269334686
2018-01-16T10:00:00.0;-0.1748064783179981
2018-01-16T11:00:00.0;-0.16774089745440732
2018-01-16T12:00:00.0;-0.16222848597651288
2018-01-16T13:00:00.0;-0.16365131905702107
2018-01-16T14:00:00.0;-0.1680560633757758
2018-01-16T15:00:00.0;-0.17708540797142777
2018-01-16T16:00:00.0;-0.191095795791696
2018-01-16T17:00:00.0;-0.21296197657164215
2018-01-16T18:00:00.0;-0.218321451198963
2018-01-16T19:00:00.0;-0.2221437725286904
2018-01-16T20:00:00.0;-0.22039081079934078
2018-01-16T21:00:00.0;-0.2230935875720937
2018-01-16T22:00:00.0;-0.21119018173709292
2018-01-16T23:00:00.0;-0.19853197609208506
2018-01-17T00:00:00.0;-0.18842495560840927
2018-01-17T01:00:00.0;-0.17948221516994228
2018-01-17T02:00:00.0;-0.17130812351420385
2018-01-17T03:00:00.0;-0.16347055431450178
2018-01-17T04:00:00.0;-0.15814971665256317
2018-01-17T05:00:00.0;-0.15861501124915933
2018-01-17T06:00:00.0;-0.1703449041105154
2018-01-17T07:00:00.0;-0.18242255156933262
2018-01-17T08:00:00.0;-0.18726985357359405
2018-01-17T09:00:00.0;-0.18156343537439948
2018-01-17T10:00:00.0;-0.17414628402141805
2018-01-17T11:00:00.0;-0.16715931889976235
2018-01-17T12:00:00.0;-0.16193324515884805
2018-01-17T13:00:00.0;-0.16345242554275835
2018-01-17T14:00:00.0;-0.16792754951613273
2018-01-17T15:00:00.0;-0.17698204455818614
2018-01-17T16:00:00.0;-0.19080781201331679
2018-01-17T17:00:00.0;-0.21249912807043453
2018-01-17T18:00:00.0;-0.21786050291801445
2018-01-17T19:00:00.0;-0.22173994740679182
2018-01-17T20:00:00.0;-0.2200496563060473
2018-01-17T21:00:00.0;-0.222414680443796
2018-01-17T22:00:00.0;-0.21054447746322583
2018-01-17T23:00:00.0;-0.19810961627809157
2018-01-18T00:00:00.0;-0.1879725481633963
2018-01-18T01:00:00.0;-0.17907088650170017
2018-01-18T02:00:00.0;-0.17082888786411862
2018-01-18T03:00:00.0;-0.16300846231705501
2018-01-18T04:00:00.0;-0.1578749728628068
2018-01-18T05:00:00.0;-0.15847531345337657
2018-01-18T06:00:00.0;-0.1700382607452652
2018-01-18T07:00:00.0;-0.182106706846288
2018-01-18T08:00:00.0;-0.1864044108335318
2018-01-18T09:00:00.0;-0.18073686042130763
2018-01-18T10:00:00.0;-0.17347253126291845
2018-01-18T11:00:00.0;-0.16665801520870818
2018-01-18T12:00:00.0;-0.16156680112017693
2018-01-18T13:00:00.0;-0.16292415709392827
2018-01-18T14:00:00.0;-0.16720756602505105
2018-01-18T15:00:00.0;-0.17602237632610712
2018-01-18T16:00:00.0;-0.18997315701602824
2018-01-18T17:00:00.0;-0.2108117847008723
2018-01-18T18:00:00.0;-0.21600997911816794
2018-01-18T19:00:00.0;-0.21988459525890525
2018-01-18T20:00:00.0;-0.2184936102577347
2018-01-18T21:00:00.0;-0.2201992080188064
2018-01-18T22:00:00.0;-0.2092139647876099
2018-01-18T23:00:00.0;-0.19693489944303302
2018-01-19T00:00:00.0;-0.1858734287349024
2018-01-19T01:00:00.0;-0.17711783014407995
2018-01-19T02:00:00.0;-0.16900259162512532
2018-01-19T03:00:00.0;-0.1613941554068985
2018-01-19T04:00:00.0;-0.15670727650598754
2018-01-19T05:00:00.0;-0.1576062436462562
2018-01-19T06:00:00.0;-0.1690206348035312
2018-01-19T07:00:00.0;-0.1803565730311081
2018-01-19T08:00:00.0;-0.18342949972026282
2018-01-19T09:00:00.0;-0.17751522085895016
2018-01-19T10:00:00.0;-0.1705106209173811
2018-01-19T11:00:00.0;-0.1641265204122392
2018-01-19T12:00:00.0;-0.15981059240997977
2018-01-19T13:00:00.0;-0.16123202264272868
2018-01-19T14:00:00.0;-0.16550086100845063
2018-01-19T15:00:00.0;-0.1742402580380645
2018-01-19T16:00:00.0;-0.1881417736591156
2018-01-19T17:00:00.0;-0.2072770772227349
2018-01-19T18:00:00.0;-0.21235655444709473
2018-01-19T19:00:00.0;-0.2165028125432913
2018-01-19T20:00:00.0;-0.21570429416871686
2018-01-19T21:00:00.0;-0.21601806756229283
2018-01-19T22:00:00.0;-0.20586816025314644
2018-01-19T23:00:00.0;-0.19388592189417178
2018-01-20T00:00:00.0;-0.1746391040983458
2018-01-20T01:00:00.0;-0.1666345304512007
2018-01-20T02:00:00.0;-0.15922810475890758
2018-01-20T03:00:00.0;-0.15253014721180908
2018-01-20T04:00:00.0;-0.14881129838729948
2018-01-20T05:00:00.0;-0.15002295945950808
2018-01-20T06:00:00.0;-0.15751199968775828
2018-01-20T07:00:00.0;-0.1648161450150558
2018-01-20T08:00:00.0;-0.16394373324714834
2018-01-20T09:00:00.0;-0.15833292178738895
2018-01-20T10:00:00.0;-0.15296327590284403
2018-01-20T11:00:00.0;-0.1496024346278601
2018-01-20T12:00:00.0;-0.14863300232504226
2018-01-20T13:00:00.0;-0.15108076383973104
2018-01-20T14:00:00.0;-0.15514030254750896
2018-01-20T15:00:00.0;-0.16281092882538298
2018-01-20T16:00:00.0;-0.17736606092583446
2018-01-20T17:00:00.0;-0.1905554052427664
2018-01-20T18:00:00.0;-0.19724242641492576
2018-01-20T19:00:00.0;-0.20288869021036904
2018-01-20T20:00:00.0;-0.202987355263872
2018-01-20T21:00:00.0;-0.19809986750758216
2018-01-20T22:00:00.0;-0.19074832655541785
2018-01-20T23:00:00.0;-0.18057792377614904
2018-01-21T00:00:00.0;-0.16904848793067398
2018-01-21T01:00:00.0;-0.16141646946447843
2018-01-21T02:00:00.0;-0.15450652487069047
2018-01-21T03:00:00.0;-0.14802756886067298
2018-01-21T04:00:00.0;-0.14334119479011131
2018-01-21T05:00:00.0;-0.1435392997204298
2018-01-21T06:00:00.0;-0.14612803693238527
2018-01-21T07:00:00.0;-0.15091900326584334
2018-01-21T08:00:00.0;-0.15107162375752825
2018-01-21T09:00:00.0;-0.14691875868932625
2018-01-21T10:00:00.0;-0.14249539254594745
2018-01-21T11:00:00.0;-0.14126716958437904
2018-01-21T12:00:00.0;-0.14096123945861236
2018-01-21T13:00:00.0;-0.14482052317039984
2018-01-21T14:00:00.0;-0.14893721493670328
2018-01-21T15:00:00.0;-0.15574069750347455
2018-01-21T16:00:00.0;-0.1716871954490895
2018-01-21T17:00:00.0;-0.18573273136490123
2018-01-21T18:00:00.0;-0.19593439180836367
2018-01-21T19:00:00.0;-0.20245854623038642
2018-01-21T20:00:00.0;-0.20036417851294633
2018-01-21T21:00:00.0;-0.1959078949088092
2018-01-21T22:00:00.0;-0.18709527340073398
2018-01-21T23:00:00.0;-0.17753482180373534
2018-01-22T00:00:00.0;-0.18615115535400523
2018-01-22T01:00:00.0;-0.17736059634602439
2018-01-22T02:00:00.0;-0.16916944321352628
2018-01-22T03:00:00.0;-0.16155443830872893
2018-01-22T04:00:00.0;-0.15682237486139103
2018-01-22T05:00:00.0;-0.15767262937402782
2018-01-22T06:00:00.0;-0.16897573004854774
2018-01-22T07:00:00.0;-0.1806998635641307
2018-01-22T08:00:00.0;-0.1836393761794296
2018-01-22T09:00:00.0;-0.1779462688266913
2018-01-22T10:00:00.0;-0.17089234411118395
2018-01-22T11:00:00.0;-0.16454553168097824
2018-01-22T12:00:00.0;-0.16024646106182794
2018-01-22T13:00:00.0;-0.16150670883713947
2018-01-22T14:00:00.0;-0.16559136627613555
2018-01-22T15:00:00.0;-0.17404775966948013
2018-01-22T16:00:00.0;-0.18789496333951689
2018-01-22T17:00:00.0;-0.20682760118277474
2018-01-22T18:00:00.0;-0.21174760148470803
2018-01-22T19:00:00.0;-0.2157453032230235
2018-01-22T20:00:00.0;-0.2150246755485294
2018-01-22T21:00:00.0;-0.21491745469764062
2018-01-22T22:00:00.0;-0.20553845328978912
2018-01-22T23:00:00.0;-0.193915874046823
2018-01-23T00:00:00.0;-0.18453542406597476
2018-01-23T01:00:00.0;-0.1757940910402636
2018-01-23T02:00:00.0;-0.16790631378034857
2018-01-23T03:00:00.0;-0.1603751286324089
2018-01-23T04:00:00.0;-0.15499986256415862
2018-01-23T05:00:00.0;-0.15496656662736574
2018-01-23T06:00:00.0;-0.1648655541158902
2018-01-23T07:00:00.0;-0.17556746799963616
2018-01-23T08:00:00.0;-0.17977565416755906
2018-01-23T09:00:00.0;-0.17464002550857666
2018-01-23T10:00:00.0;-0.1679413690019329
2018-01-23T11:00:00.0;-0.16200395345865737
2018-01-23T12:00:00.0;-0.15806208179884154
2018-01-23T13:00:00.0;-0.16019421630889502
2018-01-23T14:00:00.0;-0.16462733355547954
2018-01-23T15:00:00.0;-0.1734399459459298
2018-01-23T16:00:00.0;-0.18719454627976415
2018-01-23T17:00:00.0;-0.20768246396059714
2018-01-23T18:00:00.0;-0.21353774205456563
2018-01-23T19:00:00.0;-0.21809358689993727
2018-01-23T20:00:00.0;-0.2165064868798824
2018-01-23T21:00:00.0;-0.2175975543208177
2018-01-23T22:00:00.0;-0.20601668217093402
2018-01-23T23:00:00.0;-0.1944483749689234
2018-01-24T00:00:00.0;-0.1863593026626776
2018-01-24T01:00:00.0;-0.17757330281464084
2018-01-24T02:00:00.0;-0.16941017096623806
2018-01-24T03:00:00.0;-0.16158427059038666
2018-01-24T04:00:00.0;-0.15607865960199194
2018-01-24T05:00:00.0;-0.15606874505122614
2018-01-24T06:00:00.0;-0.16677554289944008
2018-01-24T07:00:00.0;-0.17816979310046538
2018-01-24T08:00:00.0;-0.18266526733229407
2018-01-24T09:00:00.0;-0.17726164973123376
2018-01-24T10:00:00.0;-0.17013418473553865
2018-01-24T11:00:00.0;-0.16346735708890417
2018-01-24T12:00:00.0;-0.15834255056332583
2018-01-24T13:00:00.0;-0.15979063161867912
2018-01-24T14:00:00.0;-0.16429559059718932
2018-01-24T15:00:00.0;-0.1733583451282899
2018-01-24T16:00:00.0;-0.18750069684649703
2018-01-24T17:00:00.0;-0.20857819098820843
2018-01-24T18:00:00.0;-0.2141423983936721
2018-01-24T19:00:00.0;-0.21833504591377173
2018-01-24T20:00:00.0;-0.21725346920785155
2018-01-24T21:00:00.0;-0.21975040048205335
2018-01-24T22:00:00.0;-0.20846075718848167
2018-01-24T23:00:00.0;-0.19616163411890447
2018-01-25T00:00:00.0;-0.1854373528747174
2018-01-25T01:00:00.0;-0.17673876147397427
2018-01-25T02:00:00.0;-0.16875071650970797
2018-01-25T03:00:00.0;-0.16114969058597378
2018-01-25T04:00:00.0;-0.15653187903583005
2018-01-25T05:00:00.0;-0.15750857693960119
2018-01-25T06:00:00.0;-0.16911541403139765
2018-01-25T07:00:00.0;-0.17980244606514098
2018-01-25T08:00:00.0;-0.18312479614859384
2018-01-25T09:00:00.0;-0.17683775604936428
2018-01-25T10:00:00.0;-0.16991262650248687
2018-01-25T11:00:00.0;-0.16345723857060426
2018-01-25T12:00:00.0;-0.159098696280575
2018-01-25T13:00:00.0;-0.16079385251603537
2018-01-25T14:00:00.0;-0.16537704387958962
2018-01-25T15:00:00.0;-0.17460040913835456
2018-01-25T16:00:00.0;-0.18859542662683534
2018-01-25T17:00:00.0;-0.20810681085815227
2018-01-25T18:00:00.0;-0.2134603749247421
2018-01-25T19:00:00.0;-0.21785511463146728
2018-01-25T20:00:00.0;-0.21691316885428075
2018-01-25T21:00:00.0;-0.21796977739281226
2018-01-25T22:00:00.0;-0.20649026737507692
2018-01-25T23:00:00.0;-0.19388937643612728
2018-01-26T00:00:00.0;-0.1836130802300888
2018-01-26T01:00:00.0;-0.17491368136691274
2018-01-26T02:00:00.0;-0.16655257841332013
2018-01-26T03:00:00.0;-0.1593112739819111
2018-01-26T04:00:00.0;-0.15519520314303814
2018-01-26T05:00:00.0;-0.15635624003438542
2018-01-26T06:00:00.0;-0.16676410662784644
2018-01-26T07:00:00.0;-0.1791943907767009
2018-01-26T08:00:00.0;-0.17903832871088501
2018-01-26T09:00:00.0;-0.1740771974071815
2018-01-26T10:00:00.0;-0.16725555368127157
2018-01-26T11:00:00.0;-0.16194415293973194
2018-01-26T12:00:00.0;-0.15923518731630573
2018-01-26T13:00:00.0;-0.15973837961266332
2018-01-26T14:00:00.0;-0.16278834090424277
2018-01-26T15:00:00.0;-0.169552416819552
2018-01-26T16:00:00.0;-0.18300761905800272
2018-01-26T17:00:00.0;-0.19754159302320654
2018-01-26T18:00:00.0;-0.20136067547789485
2018-01-26T19:00:00.0;-0.2050713778413552
2018-01-26T20:00:00.0;-0.20592116328723006
2018-01-26T21:00:00.0;-0.20082398812170962
2018-01-26T22:00:00.0;-0.1972719711338908
2018-01-26T23:00:00.0;-0.1881884369568326
2018-01-27T00:00:00.0;-0.17249716616830418
2018-01-27T01:00:00.0;-0.16448499653141013
2018-01-27T02:00:00.0;-0.15686812596335065
2018-01-27T03:00:00.0;-0.14972611113666104
2018-01-27T04:00:00.0;-0.14390168245285745
2018-01-27T05:00:00.0;-0.14173075657601183
2018-01-27T06:00:00.0;-0.1431720839773101
2018-01-27T07:00:00.0;-0.14945847985357505
2018-01-27T08:00:00.0;-0.15255396114349792
2018-01-27T09:00:00.0;-0.15044455571867169
2018-01-27T10:00:00.0;-0.14744096865349782
2018-01-27T11:00:00.0;-0.14539580615136416
2018-01-27T12:00:00.0;-0.1441481635581319
2018-01-27T13:00:00.0;-0.14784666975977037
2018-01-27T14:00:00.0;-0.15119001660551126
2018-01-27T15:00:00.0;-0.15844046003744808
2018-01-27T16:00:00.0;-0.1738538274294441
2018-01-27T17:00:00.0;-0.19053151434335533
2018-01-27T18:00:00.0;-0.19843405954398602
2018-01-27T19:00:00.0;-0.2053043832191097
2018-01-27T20:00:00.0;-0.20362466098812804
2018-01-27T21:00:00.0;-0.20226075905681323
2018-01-27T22:00:00.0;-0.1922620656780808
2018-01-27T23:00:00.0;-0.18239912334425387
2018-01-28T00:00:00.0;-0.18249915285270654
2018-01-28T01:00:00.0;-0.1739881610074439
2018-01-28T02:00:00.0;-0.16603309591257104
2018-01-28T03:00:00.0;-0.15833166435456653
2018-01-28T04:00:00.0;-0.15252532803696528
2018-01-28T05:00:00.0;-0.15174917557588002
2018-01-28T06:00:00.0;-0.16102894191537662
2018-01-28T07:00:00.0;-0.1708819449269846
2018-01-28T08:00:00.0;-0.17493035724359593
2018-01-28T09:00:00.0;-0.16977093113052213
2018-01-28T10:00:00.0;-0.16302378045653845
2018-01-28T11:00:00.0;-0.1568550825086236
2018-01-28T12:00:00.0;-0.15216142584820577
2018-01-28T13:00:00.0;-0.1538027679357861
2018-01-28T14:00:00.0;-0.15865838639861576
2018-01-28T15:00:00.0;-0.16808185271835632
2018-01-28T16:00:00.0;-0.18249731532487962
2018-01-28T17:00:00.0;-0.202897545594856
2018-01-28T18:00:00.0;-0.2089719755913154
2018-01-28T19:00:00.0;-0.21384307757196747
2018-01-28T20:00:00.0;-0.21361166017838848
2018-01-28T21:00:00.0;-0.21650687000047822
2018-01-28T22:00:00.0;-0.2052100681409819
2018-01-28T23:00:00.0;-0.1930406256568477
2018-01-29T00:00:00.0;-0.18682203855806373
2018-01-29T01:00:00.0;-0.17801013302218452
2018-01-29T02:00:00.0;-0.16984798549890578
2018-01-29T03:00:00.0;-0.16199338838887503
2018-01-29T04:00:00.0;-0.15649981193629176
2018-01-29T05:00:00.0;-0.15656494778425675
2018-01-29T06:00:00.0;-0.1674827618243406
2018-01-29T07:00:00.0;-0.1789290380457028
2018-01-29T08:00:00.0;-0.1836382905434576
2018-01-29T09:00:00.0;-0.1781325767988596
2018-01-29T10:00:00.0;-0.17096463451188273
2018-01-29T11:00:00.0;-0.16419148956703605
2018-01-29T12:00:00.0;-0.15894603971043025
2018-01-29T13:00:00.0;-0.16044011941758296
2018-01-29T14:00:00.0;-0.16499187489270606
2018-01-29T15:00:00.0;-0.17414972605980275
2018-01-29T16:00:00.0;-0.18829219178590254
2018-01-29T17:00:00.0;-0.20968038756164853
2018-01-29T18:00:00.0;-0.21527297916174334
2018-01-29T19:00:00.0;-0.21943726389366472
2018-01-29T20:00:00.0;-0.21818041398444676
2018-01-29T21:00:00.0;-0.2209459351072101
2018-01-29T22:00:00.0;-0.209240317397939
2018-01-29T23:00:00.0;-0.19674147692925478
2018-01-30T00:00:00.0;-0.18244694667426853
2018-01-30T01:00:00.0;-0.17401682693573567
2018-01-30T02:00:00.0;-0.1664484639211333
2018-01-30T03:00:00.0;-0.1592202836672957
2018-01-30T04:00:00.0;-0.15516280620845987
2018-01-30T05:00:00.0;-0.15709427101885703
2018-01-30T06:00:00.0;-0.1686313393672688
2018-01-30T07:00:00.0;-0.17793615571637905
2018-01-30T08:00:00.0;-0.17977393789573962
2018-01-30T09:00:00.0;-0.1726226472646552
2018-01-30T10:00:00.0;-0.16540569077951323
2018-01-30T11:00:00.0;-0.15965025990774281
2018-01-30T12:00:00.0;-0.15605766755212472
2018-01-30T13:00:00.0;-0.15808146911522586
2018-01-30T14:00:00.0;-0.1630638189835378
2018-01-30T15:00:00.0;-0.17216193739953425
2018-01-30T16:00:00.0;-0.186509659011174
2018-01-30T17:00:00.0;-0.20445935665758042
2018-01-30T18:00:00.0;-0.21107887231261882
2018-01-30T19:00:00.0;-0.21564355224968415
2018-01-30T20:00:00.0;-0.21454508698578412
2018-01-30T21:00:00.0;-0.21409299338565305
2018-01-30T22:00:00.0;-0.20283902637061715
2018-01-30T23:00:00.0;-0.19033834486674764
2018-01-31T00:00:00.0;-0.18716273727384286
2018-01-31T01:00:00.0;-0.17829601563631312
2018-01-31T02:00:00.0;-0.1702421084874122
2018-01-31T03:00:00.0;-0.16252710259773948
2018-01-31T04:00:00.0;-0.15727338099065927
2018-01-31T05:00:00.0;-0.15769883087651765
2018-01-31T06:00:00.0;-0.16924414156920425
2018-01-31T07:00:00.0;-0.18085586682997878
2018-01-31T08:00:00.0;-0.18529157793895829
2018-01-31T09:00:00.0;-0.17952671375279802
2018-01-31T10:00:00.0;-0.1721782634101171
2018-01-31T11:00:00.0;-0.1653901664820588
2018-01-31T12:00:00.0;-0.16057218073499954
2018-01-31T13:00:00.0;-0.16221034909373397
2018-01-31T14:00:00.0;-0.16679224249122626
2018-01-31T15:00:00.0;-0.1759184289965289
2018-01-31T16:00:00.0;-0.18964029556780834
2018-01-31T17:00:00.0;-0.21080968682338236
2018-01-31T18:00:00.0;-0.21622650207477548
2018-01-31T19:00:00.0;-0.2202964117260193
2018-01-31T20:00:00.0;-0.21886553929760794
2018-01-31T21:00:00.0;-0.22080361415472763
2018-01-31T22:00:00.0;-0.20905486798627862
2018-01-31T23:00:00.0;-0.1968253623575699
2018-02-01T00:00:00.0;-0.18405553918893608
2018-02-01T01:00:00.0;-0.1753905600874335
2018-02-01T02:00:00.0;-0.16766441831863746
2018-02-01T03:00:00.0;-0.1603277189809639
2018-02-01T04:00:00.0;-0.1557010462188802
2018-02-01T05:00:00.0;-0.1565809324415127
2018-02-01T06:00:00.0;-0.16820249574047114
2018-02-01T07:00:00.0;-0.17853153423285834
2018-02-01T08:00:00.0;-0.1814104935567741
2018-02-01T09:00:00.0;-0.17508618075154456
2018-02-01T10:00:00.0;-0.16799038962679844
2018-02-01T11:00:00.0;-0.16174958597829897
2018-02-01T12:00:00.0;-0.15821270612856891
2018-02-01T13:00:00.0;-0.16019355620962536
2018-02-01T14:00:00.0;-0.16499410469763612
2018-02-01T15:00:00.0;-0.17428872995149278
2018-02-01T16:00:00.0;-0.1877094459280838
2018-02-01T17:00:00.0;-0.20684666202410795
2018-02-01T18:00:00.0;-0.21222347922535417
2018-02-01T19:00:00.0;-0.2167716661312974
2018-02-01T20:00:00.0;-0.21599007497022144
2018-02-01T21:00:00.0;-0.21613047040090477
2018-02-01T22:00:00.0;-0.2047317840809311
2018-02-01T23:00:00.0;-0.19284498325716343
2018-02-02T00:00:00.0;-0.1820303276792776
2018-02-02T01:00:00.0;-0.1734641067900576
2018-02-02T02:00:00.0;-0.16602370490659116
2018-02-02T03:00:00.0;-0.15899674888335763
2018-02-02T04:00:00.0;-0.1546379820184584
2018-02-02T05:00:00.0;-0.15567288330934237
2018-02-02T06:00:00.0;-0.16736973154081752
2018-02-02T07:00:00.0;-0.1769810542213508
2018-02-02T08:00:00.0;-0.17895708410542613
2018-02-02T09:00:00.0;-0.17236631881618378
2018-02-02T10:00:00.0;-0.16527077097446735
2018-02-02T11:00:00.0;-0.15937339218822696
2018-02-02T12:00:00.0;-0.15684243691508684
2018-02-02T13:00:00.0;-0.15913032137232813
2018-02-02T14:00:00.0;-0.16414256284268636
2018-02-02T15:00:00.0;-0.1735442161744805
2018-02-02T16:00:00.0;-0.18650052181652535
2018-02-02T17:00:00.0;-0.20457952890546996
2018-02-02T18:00:00.0;-0.2099426208020399
2018-02-02T19:00:00.0;-0.21476755072574508
2018-02-02T20:00:00.0;-0.21433264973787153
2018-02-02T21:00:00.0;-0.21317886223498916
2018-02-02T22:00:00.0;-0.20196687636295452
2018-02-02T23:00:00.0;-0.19062998846171644
2018-02-03T00:00:00.0;-0.17155838081232672
2018-02-03T01:00:00.0;-0.1635837816288797
2018-02-03T02:00:00.0;-0.15587414565910826
2018-02-03T03:00:00.0;-0.14899226295048232
2018-02-03T04:00:00.0;-0.14385458786539504
2018-02-03T05:00:00.0;-0.14234259066599597
2018-02-03T06:00:00.0;-0.144315843938521
2018-02-03T07:00:00.0;-0.15122298799324477
2018-02-03T08:00:00.0;-0.1519799182068637
2018-02-03T09:00:00.0;-0.14974741943488418
2018-02-03T10:00:00.0;-0.14655211960281792
2018-02-03T11:00:00.0;-0.1448146786761826
2018-02-03T12:00:00.0;-0.1444937319641287
2018-02-03T13:00:00.0;-0.1475378268865344
2018-02-03T14:00:00.0;-0.15038865995083325
2018-02-03T15:00:00.0;-0.15680660845631733
2018-02-03T16:00:00.0;-0.17180537616572303
2018-02-03T17:00:00.0;-0.18545482011013006
2018-02-03T18:00:00.0;-0.19236071100483515
2018-02-03T19:00:00.0;-0.1988916761830731
2018-02-03T20:00:00.0;-0.1984816720764155
2018-02-03T21:00:00.0;-0.19381229496387564
2018-02-03T22:00:00.0;-0.1875043862911507
2018-02-03T23:00:00.0;-0.17898940116357448
2018-02-04T00:00:00.0;-0.17768754082758872
2018-02-04T01:00:00.0;-0.1694033797175791
2018-02-04T02:00:00.0;-0.16174047216824564
2018-02-04T03:00:00.0;-0.15443394990844378
2018-02-04T04:00:00.0;-0.14846074275844784
2018-02-04T05:00:00.0;-0.14692685623281213
2018-02-04T06:00:00.0;-0.15375165210259456
2018-02-04T07:00:00.0;-0.16227606589941343
2018-02-04T08:00:00.0;-0.16530467990754188
2018-02-04T09:00:00.0;-0.16112732478034775
2018-02-04T10:00:00.0;-0.15517564297933809
2018-02-04T11:00:00.0;-0.15036282492871983
2018-02-04T12:00:00.0;-0.14733564626299803
2018-02-04T13:00:00.0;-0.14953857232941165
2018-02-04T14:00:00.0;-0.15417744474434278
2018-02-04T15:00:00.0;-0.16300598136761024
2018-02-04T16:00:00.0;-0.17723104632630687
2018-02-04T17:00:00.0;-0.19584862724039565
2018-02-04T18:00:00.0;-0.20235838057335365
2018-02-04T19:00:00.0;-0.20792576670142893
2018-02-04T20:00:00.0;-0.20804154959702253
2018-02-04T21:00:00.0;-0.20885472665914886
2018-02-04T22:00:00.0;-0.19890500635645678
2018-02-04T23:00:00.0;-0.1883175241447468
2018-02-05T00:00:00.0;-0.17884317420922485
2018-02-05T01:00:00.0;-0.17046547589591166
2018-02-05T02:00:00.0;-0.16321776266954963
2018-02-05T03:00:00.0;-0.1567323083189954
2018-02-05T04:00:00.0;-0.15297103498302092
2018-02-05T05:00:00.0;-0.15489842260404801
2018-02-05T06:00:00.0;-0.16589943841667723
2018-02-05T07:00:00.0;-0.1755528151208917
2018-02-05T08:00:00.0;-0.17452922039914967
2018-02-05T09:00:00.0;-0.1680081498417526
2018-02-05T10:00:00.0;-0.16044743820467602
2018-02-05T11:00:00.0;-0.15575436928245776
2018-02-05T12:00:00.0;-0.15474680248246697
2018-02-05T13:00:00.0;-0.15667459492136013
2018-02-05T14:00:00.0;-0.16122138798237143
2018-02-05T15:00:00.0;-0.16903790025497928
2018-02-05T16:00:00.0;-0.18190038959882746
2018-02-05T17:00:00.0;-0.19631360586288762
2018-02-05T18:00:00.0;-0.2021296605952735
2018-02-05T19:00:00.0;-0.20656268634661898
2018-02-05T20:00:00.0;-0.20671169528297675
2018-02-05T21:00:00.0;-0.2008512811940075
2018-02-05T22:00:00.0;-0.19424072318548716
2018-02-05T23:00:00.0;-0.18518036017436607
2018-02-06T00:00:00.0;-0.17748678345200403
2018-02-06T01:00:00.0;-0.16936608368344055
2018-02-06T02:00:00.0;-0.1619696493519276
2018-02-06T03:00:00.0;-0.15540003750082573
2018-02-06T04:00:00.0;-0.15241398656539998
2018-02-06T05:00:00.0;-0.15537863841631114
2018-02-06T06:00:00.0;-0.16600862082841394
2018-02-06T07:00:00.0;-0.17480312595710962
2018-02-06T08:00:00.0;-0.17244989493947407
2018-02-06T09:00:00.0;-0.16529838891701867
2018-02-06T10:00:00.0;-0.15815301220462347
2018-02-06T11:00:00.0;-0.15394813126279758
2018-02-06T12:00:00.0;-0.15254705982226952
2018-02-06T13:00:00.0;-0.15412458633845225
2018-02-06T14:00:00.0;-0.1584362933205719
2018-02-06T15:00:00.0;-0.16587545441506077
2018-02-06T16:00:00.0;-0.1801004432173417
2018-02-06T17:00:00.0;-0.1924908113209209
2018-02-06T18:00:00.0;-0.19896492118771636
2018-02-06T19:00:00.0;-0.20345393587013164
2018-02-06T20:00:00.0;-0.20383231841646027
2018-02-06T21:00:00.0;-0.19739355923086832
2018-02-06T22:00:00.0;-0.19184964889472833
2018-02-06T23:00:00.0;-0.1818217259343493
2018-02-07T00:00:00.0;-0.17664296119529038
2018-02-07T01:00:00.0;-0.16856840592376846
2018-02-07T02:00:00.0;-0.16116978293403
2018-02-07T03:00:00.0;-0.1546219984772486
2018-02-07T04:00:00.0;-0.15183830265653242
2018-02-07T05:00:00.0;-0.1546566394260145
2018-02-07T06:00:00.0;-0.1653124589041947
2018-02-07T07:00:00.0;-0.17363431516068922
2018-02-07T08:00:00.0;-0.17101316524498025
2018-02-07T09:00:00.0;-0.16380109157018016
2018-02-07T10:00:00.0;-0.15712548169125212
2018-02-07T11:00:00.0;-0.1529330003739001
2018-02-07T12:00:00.0;-0.15187522580590684
2018-02-07T13:00:00.0;-0.15354056127537416
2018-02-07T14:00:00.0;-0.15785353206953234
2018-02-07T15:00:00.0;-0.16562960123516943
2018-02-07T16:00:00.0;-0.17968731868066018
2018-02-07T17:00:00.0;-0.19146225259243366
2018-02-07T18:00:00.0;-0.19735004095618455
2018-02-07T19:00:00.0;-0.20219963712675598
2018-02-07T20:00:00.0;-0.2031500000505189
2018-02-07T21:00:00.0;-0.19664230888458123
2018-02-07T22:00:00.0;-0.19086331190078465
2018-02-07T23:00:00.0;-0.1806366143344895
2018-02-08T00:00:00.0;-0.18018752726583964
2018-02-08T01:00:00.0;-0.17180046003078758
2018-02-08T02:00:00.0;-0.16440921701875824
2018-02-08T03:00:00.0;-0.15746865960499504
2018-02-08T04:00:00.0;-0.15364964281038698
2018-02-08T05:00:00.0;-0.15510264056609782
2018-02-08T06:00:00.0;-0.16667854604382948
2018-02-08T07:00:00.0;-0.17533236668466717
2018-02-08T08:00:00.0;-0.17629099244448193
2018-02-08T09:00:00.0;-0.16927200893125907
2018-02-08T10:00:00.0;-0.16262298449385001
2018-02-08T11:00:00.0;-0.15706291468270014
2018-02-08T12:00:00.0;-0.1549031562994843
2018-02-08T13:00:00.0;-0.15722292639609067
2018-02-08T14:00:00.0;-0.16224202868700044
2018-02-08T15:00:00.0;-0.17175063791279763
2018-02-08T16:00:00.0;-0.18505218456618644
2018-02-08T17:00:00.0;-0.20158056156961654
2018-02-08T18:00:00.0;-0.20693523093578714
2018-02-08T19:00:00.0;-0.2121087892914349
2018-02-08T20:00:00.0;-0.21220320480202073
2018-02-08T21:00:00.0;-0.21038281782147603
2018-02-08T22:00:00.0;-0.19944662613920427
2018-02-08T23:00:00.0;-0.18772314929664186
2018-02-09T00:00:00.0;-0.17884886161549637
2018-02-09T01:00:00.0;-0.17029412475165998
2018-02-09T02:00:00.0;-0.16362264984726263
2018-02-09T03:00:00.0;-0.15736537797007527
2018-02-09T04:00:00.0;-0.15283190228418414
2018-02-09T05:00:00.0;-0.15351812487783698
2018-02-09T06:00:00.0;-0.1654758548066971
2018-02-09T07:00:00.0;-0.17447430299547503
2018-02-09T08:00:00.0;-0.17549462561623325
2018-02-09T09:00:00.0;-0.16889538692028525
2018-02-09T10:00:00.0;-0.16107913333578647
2018-02-09T11:00:00.0;-0.15566582283797217
2018-02-09T12:00:00.0;-0.1554849814189027
2018-02-09T13:00:00.0;-0.15862732077780284
2018-02-09T14:00:00.0;-0.1642749732874995
2018-02-09T15:00:00.0;-0.17383214154928625
2018-02-09T16:00:00.0;-0.18487293149561143
2018-02-09T17:00:00.0;-0.20242321263212004
2018-02-09T18:00:00.0;-0.20780935390342703
2018-02-09T19:00:00.0;-0.2129151252000626
2018-02-09T20:00:00.0;-0.21268780709591317
2018-02-09T21:00:00.0;-0.20891853887934364
2018-02-09T22:00:00.0;-0.19781970533894336
2018-02-09T23:00:00.0;-0.18877884184190954
2018-02-10T00:00:00.0;-0.170225415045586
2018-02-10T01:00:00.0;-0.16215079537659002
2018-02-10T02:00:00.0;-0.15453134982922215
2018-02-10T03:00:00.0;-0.147579705891698
2018-02-10T04:00:00.0;-0.14172069697260675
2018-02-10T05:00:00.0;-0.13916726138938781
2018-02-10T06:00:00.0;-0.13884555650062916
2018-02-10T07:00:00.0;-0.14472448266652904
2018-02-10T08:00:00.0;-0.14687877259469703
2018-02-10T09:00:00.0;-0.1456104027415422
2018-02-10T10:00:00.0;-0.1431939764012749
2018-02-10T11:00:00.0;-0.14215521043101068
2018-02-10T12:00:00.0;-0.1417428112319588
2018-02-10T13:00:00.0;-0.1453792239947668
2018-02-10T14:00:00.0;-0.14826220599870624
2018-02-10T15:00:00.0;-0.15474563466423966
2018-02-10T16:00:00.0;-0.17020545033694562
2018-02-10T17:00:00.0;-0.1850026732226727
2018-02-10T18:00:00.0;-0.19303202299603353
2018-02-10T19:00:00.0;-0.200150149973898
2018-02-10T20:00:00.0;-0.1988981150585215
2018-02-10T21:00:00.0;-0.19599599271776724
2018-02-10T22:00:00.0;-0.18803484113333796
2018-02-10T23:00:00.0;-0.17928617052531992
2018-02-11T00:00:00.0;-0.17569109980952505
2018-02-11T01:00:00.0;-0.16764441791378581
2018-02-11T02:00:00.0;-0.1599784488352363
2018-02-11T03:00:00.0;-0.1525275580857934
2018-02-11T04:00:00.0;-0.1462204059367801
2018-02-11T05:00:00.0;-0.14409383486346647
2018-02-11T06:00:00.0;-0.1506953470499536
2018-02-11T07:00:00.0;-0.15821674868404026
2018-02-11T08:00:00.0;-0.16106842651919584
2018-02-11T09:00:00.0;-0.15658171407294338
2018-02-11T10:00:00.0;-0.1504865256809273
2018-02-11T11:00:00.0;-0.14532376031468117
2018-02-11T12:00:00.0;-0.14155818629043457
2018-02-11T13:00:00.0;-0.1433379335118299
2018-02-11T14:00:00.0;-0.14856242263689637
2018-02-11T15:00:00.0;-0.15823011484529792
2018-02-11T16:00:00.0;-0.17304328190029714
2018-02-11T17:00:00.0;-0.19165919642318147
2018-02-11T18:00:00.0;-0.19839483924849324
2018-02-11T19:00:00.0;-0.20431198591803848
2018-02-11T20:00:00.0;-0.20578877381494864
2018-02-11T21:00:00.0;-0.2085576252539981
2018-02-11T22:00:00.0;-0.19842778520428828
2018-02-11T23:00:00.0;-0.18701811702605103
2018-02-12T00:00:00.0;-0.17815070800580132
2018-02-12T01:00:00.0;-0.1699349465919757
2018-02-12T02:00:00.0;-0.16251661800495226
2018-02-12T03:00:00.0;-0.15549377312449655
2018-02-12T04:00:00.0;-0.1512831922897253
2018-02-12T05:00:00.0;-0.1520117357360146
2018-02-12T06:00:00.0;-0.16228849460887976
2018-02-12T07:00:00.0;-0.17016204687327496
2018-02-12T08:00:00.0;-0.17116779508968696
2018-02-12T09:00:00.0;-0.16456925749557344
2018-02-12T10:00:00.0;-0.15825735818965184
2018-02-12T11:00:00.0;-0.15294587561067555
2018-02-12T12:00:00.0;-0.15056374218230917
2018-02-12T13:00:00.0;-0.15279638276919444
2018-02-12T14:00:00.0;-0.15790864257986717
2018-02-12T15:00:00.0;-0.16755351640178132
2018-02-12T16:00:00.0;-0.18137905154574446
2018-02-12T17:00:00.0;-0.1977864150747626
2018-02-12T18:00:00.0;-0.2035160275752384
2018-02-12T19:00:00.0;-0.20905994721867932
2018-02-12T20:00:00.0;-0.20972834503501434
2018-02-12T21:00:00.0;-0.20882500569947002
2018-02-12T22:00:00.0;-0.19808853491906922
2018-02-12T23:00:00.0;-0.18624164211109098
2018-02-13T00:00:00.0;-0.17649238226838856
2018-02-13T01:00:00.0;-0.16820414258863348
2018-02-13T02:00:00.0;-0.16126386765233072
2018-02-13T03:00:00.0;-0.1547024200995743
2018-02-13T04:00:00.0;-0.14992720369000273
2018-02-13T05:00:00.0;-0.1499218716899633
2018-02-13T06:00:00.0;-0.15960619331660245
2018-02-13T07:00:00.0;-0.16742719598746011
2018-02-13T08:00:00.0;-0.16856923111886757
2018-02-13T09:00:00.0;-0.1626191328876528
2018-02-13T10:00:00.0;-0.15589685098327422
2018-02-13T11:00:00.0;-0.15103857034101348
2018-02-13T12:00:00.0;-0.1501499793346428
2018-02-13T13:00:00.0;-0.15310025839000244
2018-02-13T14:00:00.0;-0.1584750849638128
2018-02-13T15:00:00.0;-0.16794868438340324
2018-02-13T16:00:00.0;-0.18044123681081
2018-02-13T17:00:00.0;-0.19739816587324613
2018-02-13T18:00:00.0;-0.20336711903012436
2018-02-13T19:00:00.0;-0.20904166834825305
2018-02-13T20:00:00.0;-0.20930598602933218
2018-02-13T21:00:00.0;-0.20697795960830673
2018-02-13T22:00:00.0;-0.19617193696450028
2018-02-13T23:00:00.0;-0.186257149499007
2018-02-14T00:00:00.0;-0.1765400168595646
2018-02-14T01:00:00.0;-0.16811999033291145
2018-02-14T02:00:00.0;-0.16162155599913366
2018-02-14T03:00:00.0;-0.15550469503169614
2018-02-14T04:00:00.0;-0.15072436274474935
2018-02-14T05:00:00.0;-0.15088840726638414
2018-02-14T06:00:00.0;-0.1620351249005514
2018-02-14T07:00:00.0;-0.1702699495387663
2018-02-14T08:00:00.0;-0.170986436916963
2018-02-14T09:00:00.0;-0.16462029860888935
2018-02-14T10:00:00.0;-0.15689896042554188
2018-02-14T11:00:00.0;-0.15180208605217127
2018-02-14T12:00:00.0;-0.15208009338108158
2018-02-14T13:00:00.0;-0.15537456726894175
2018-02-14T14:00:00.0;-0.16123840562874422
2018-02-14T15:00:00.0;-0.1709345030316377
2018-02-14T16:00:00.0;-0.18189481705912572
2018-02-14T17:00:00.0;-0.19907854074568473
2018-02-14T18:00:00.0;-0.2047181066423215
2018-02-14T19:00:00.0;-0.21017309053006333
2018-02-14T20:00:00.0;-0.21043079040094384
2018-02-14T21:00:00.0;-0.2065691065849615
2018-02-14T22:00:00.0;-0.1956582950564895
2018-02-14T23:00:00.0;-0.18705143046035833
2018-02-15T00:00:00.0;-0.18501495718469466
2018-02-15T01:00:00.0;-0.17631660293774545
2018-02-15T02:00:00.0;-0.16835081397951673
2018-02-15T03:00:00.0;-0.1608449931766768
2018-02-15T04:00:00.0;-0.156261909995741
2018-02-15T05:00:00.0;-0.1572286205470772
2018-02-15T06:00:00.0;-0.16873660134355462
2018-02-15T07:00:00.0;-0.17955288820493442
2018-02-15T08:00:00.0;-0.1824578664792952
2018-02-15T09:00:00.0;-0.17630364259372217
2018-02-15T10:00:00.0;-0.16933155181731996
2018-02-15T11:00:00.0;-0.16302657506949578
2018-02-15T12:00:00.0;-0.15901330429514998
2018-02-15T13:00:00.0;-0.1606558085633923
2018-02-15T14:00:00.0;-0.1651354532224222
2018-02-15T15:00:00.0;-0.1741254996285024
2018-02-15T16:00:00.0;-0.1879172024073366
2018-02-15T17:00:00.0;-0.2068966532835953
2018-02-15T18:00:00.0;-0.21209914448842274
2018-02-15T19:00:00.0;-0.21644637919325943
2018-02-15T20:00:00.0;-0.21569734417488243
2018-02-15T21:00:00.0;-0.21594029222488573
2018-02-15T22:00:00.0;-0.20525851313875781
2018-02-15T23:00:00.0;-0.19318721652969276
2018-02-16T00:00:00.0;-0.17604427472265705
2018-02-16T01:00:00.0;-0.16807182195070927
2018-02-16T02:00:00.0;-0.16093892397103712
2018-02-16T03:00:00.0;-0.15439802317002654
2018-02-16T04:00:00.0;-0.15164302135683957
2018-02-16T05:00:00.0;-0.1546592022314884
2018-02-16T06:00:00.0;-0.16564517899203526
2018-02-16T07:00:00.0;-0.17282629604601812
2018-02-16T08:00:00.0;-0.17083688989034398
2018-02-16T09:00:00.0;-0.1629068925233278
2018-02-16T10:00:00.0;-0.15617939056443336
2018-02-16T11:00:00.0;-0.15184923207225154
2018-02-16T12:00:00.0;-0.15054825248943463
2018-02-16T13:00:00.0;-0.15273441737670582
2018-02-16T14:00:00.0;-0.1576984921262253
2018-02-16T15:00:00.0;-0.16631129606999995
2018-02-16T16:00:00.0;-0.1806491212381097
2018-02-16T17:00:00.0;-0.1934759791941908
2018-02-16T18:00:00.0;-0.2002201840316772
2018-02-16T19:00:00.0;-0.20542406528994486
2018-02-16T20:00:00.0;-0.2058337003414461
2018-02-16T21:00:00.0;-0.20089755397647857
2018-02-16T22:00:00.0;-0.1925184854627909
2018-02-16T23:00:00.0;-0.18113029509313494
2018-02-17T00:00:00.0;-0.16599474731876673
2018-02-17T01:00:00.0;-0.1587694636964959
2018-02-17T02:00:00.0;-0.15241750235604612
2018-02-17T03:00:00.0;-0.1467074339241122
2018-02-17T04:00:00.0;-0.14610573631683688
2018-02-17T05:00:00.0;-0.15021752878163405
2018-02-17T06:00:00.0;-0.16123722182329725
2018-02-17T07:00:00.0;-0.16337092083481433
2018-02-17T08:00:00.0;-0.15709277561296725
2018-02-17T09:00:00.0;-0.14719842792319904
2018-02-17T10:00:00.0;-0.14235956895068155
2018-02-17T11:00:00.0;-0.1394372118049696
2018-02-17T12:00:00.0;-0.14141379343503432
2018-02-17T13:00:00.0;-0.14466576993913938
2018-02-17T14:00:00.0;-0.15036697956270026
2018-02-17T15:00:00.0;-0.16045430881980813
2018-02-17T16:00:00.0;-0.17457508091111662
2018-02-17T17:00:00.0;-0.18113056995798724
2018-02-17T18:00:00.0;-0.18719200817789425
2018-02-17T19:00:00.0;-0.19457639269705382
2018-02-17T20:00:00.0;-0.19767854068259
2018-02-17T21:00:00.0;-0.1893794745988083
2018-02-17T22:00:00.0;-0.1803215380694865
2018-02-17T23:00:00.0;-0.1681329188165913
2018-02-18T00:00:00.0;-0.1662091680452817
2018-02-18T01:00:00.0;-0.15896112526555953
2018-02-18T02:00:00.0;-0.15268262079945993
2018-02-18T03:00:00.0;-0.14691841155582214
2018-02-18T04:00:00.0;-0.14521044925210136
2018-02-18T05:00:00.0;-0.14885039451970417
2018-02-18T06:00:00.0;-0.15739366981171934
2018-02-18T07:00:00.0;-0.1600163400684395
2018-02-18T08:00:00.0;-0.1551643540393572
2018-02-18T09:00:00.0;-0.1465031833031091
2018-02-18T10:00:00.0;-0.14113160697076257
2018-02-18T11:00:00.0;-0.1390348065970585
2018-02-18T12:00:00.0;-0.14036233942173834
2018-02-18T13:00:00.0;-0.14389960378871103
2018-02-18T14:00:00.0;-0.14938852938934527
2018-02-18T15:00:00.0;-0.15815899256619842
2018-02-18T16:00:00.0;-0.17318443115315205
2018-02-18T17:00:00.0;-0.18183049108404653
2018-02-18T18:00:00.0;-0.1904173834566451
2018-02-18T19:00:00.0;-0.19727927112587051
2018-02-18T20:00:00.0;-0.19815264780782324
2018-02-18T21:00:00.0;-0.1903682054768862
2018-02-18T22:00:00.0;-0.1815731576279812
2018-02-18T23:00:00.0;-0.17032941695174975
2018-02-19T00:00:00.0;-0.17628898743992627
2018-02-19T01:00:00.0;-0.168191293235185
2018-02-19T02:00:00.0;-0.16062075122812253
2018-02-19T03:00:00.0;-0.153992621680022
2018-02-19T04:00:00.0;-0.15135294995735404
2018-02-19T05:00:00.0;-0.15361012329829252
2018-02-19T06:00:00.0;-0.16427075866312532
2018-02-19T07:00:00.0;-0.17242996631207805
2018-02-19T08:00:00.0;-0.1697403795092544
2018-02-19T09:00:00.0;-0.1628081953081031
2018-02-19T10:00:00.0;-0.15698088052071926
2018-02-19T11:00:00.0;-0.15261633258093854
2018-02-19T12:00:00.0;-0.15190913378124057
2018-02-19T13:00:00.0;-0.15353512546208986
2018-02-19T14:00:00.0;-0.15763018906577517
2018-02-19T15:00:00.0;-0.16585642142252108
2018-02-19T16:00:00.0;-0.17949794222450316
2018-02-19T17:00:00.0;-0.1906093266066633
2018-02-19T18:00:00.0;-0.1950457978859504
2018-02-19T19:00:00.0;-0.20036745923918306
2018-02-19T20:00:00.0;-0.20236416073073438
2018-02-19T21:00:00.0;-0.19597423841520717
2018-02-19T22:00:00.0;-0.19014634829920848
2018-02-19T23:00:00.0;-0.17974928948729138
2018-02-20T00:00:00.0;-0.17559077756660407
2018-02-20T01:00:00.0;-0.16756753812710432
2018-02-20T02:00:00.0;-0.16014114544227842
2018-02-20T03:00:00.0;-0.1536074719373274
2018-02-20T04:00:00.0;-0.15108475787049808
2018-02-20T05:00:00.0;-0.15364746421110023
2018-02-20T06:00:00.0;-0.16433461868729193
2018-02-20T07:00:00.0;-0.17207233328467356
2018-02-20T08:00:00.0;-0.16912354455398673
2018-02-20T09:00:00.0;-0.16188065382207248
2018-02-20T10:00:00.0;-0.1558861719323348
2018-02-20T11:00:00.0;-0.15168319368021843
2018-02-20T12:00:00.0;-0.15108373348514834
2018-02-20T13:00:00.0;-0.1528474049358908
2018-02-20T14:00:00.0;-0.15712996462960538
2018-02-20T15:00:00.0;-0.1653713573923547
2018-02-20T16:00:00.0;-0.17916982907613477
2018-02-20T17:00:00.0;-0.19011799999407164
2018-02-20T18:00:00.0;-0.1950981812587825
2018-02-20T19:00:00.0;-0.2004443730357547
2018-02-20T20:00:00.0;-0.2022260384594082
2018-02-20T21:00:00.0;-0.19565387413188304
2018-02-20T22:00:00.0;-0.18958902278839498
2018-02-20T23:00:00.0;-0.17910173145983235
2018-02-21T00:00:00.0;-0.172569921511325
2018-02-21T01:00:00.0;-0.16481359229830864
2018-02-21T02:00:00.0;-0.1577870187810291
2018-02-21T03:00:00.0;-0.15152209640525993
2018-02-21T04:00:00.0;-0.1495856672150807
2018-02-21T05:00:00.0;-0.1527450019799816
2018-02-21T06:00:00.0;-0.16359493336577016
2018-02-21T07:00:00.0;-0.1694345964133548
2018-02-21T08:00:00.0;-0.16555670944731815
2018-02-21T09:00:00.0;-0.1573331888449966
2018-02-21T10:00:00.0;-0.15157220369871896
2018-02-21T11:00:00.0;-0.14776870680603632
2018-02-21T12:00:00.0;-0.14788497135875378
2018-02-21T13:00:00.0;-0.15019943744692077
2018-02-21T14:00:00.0;-0.15505524167024287
2018-02-21T15:00:00.0;-0.16394001914904666
2018-02-21T16:00:00.0;-0.17793903297230984
2018-02-21T17:00:00.0;-0.1877752803358598
2018-02-21T18:00:00.0;-0.193425052775733
2018-02-21T19:00:00.0;-0.19939436251418155
2018-02-21T20:00:00.0;-0.20135451642036456
2018-02-21T21:00:00.0;-0.19447052827189543
2018-02-21T22:00:00.0;-0.18707047890945977
2018-02-21T23:00:00.0;-0.17589274555426254
2018-02-22T00:00:00.0;-0.17377143938103226
2018-02-22T01:00:00.0;-0.1659889559923695
2018-02-22T02:00:00.0;-0.15911953386978578
2018-02-22T03:00:00.0;-0.15283304953220223
2018-02-22T04:00:00.0;-0.1505640970421377
2018-02-22T05:00:00.0;-0.1541600430404445
2018-02-22T06:00:00.0;-0.1651533534903045
2018-02-22T07:00:00.0;-0.1712556509355766
2018-02-22T08:00:00.0;-0.16814093349926967
2018-02-22T09:00:00.0;-0.15961618346685869
2018-02-22T10:00:00.0;-0.15292540019131037
2018-02-22T11:00:00.0;-0.1490530004201895
2018-02-22T12:00:00.0;-0.1484292986140607
2018-02-22T13:00:00.0;-0.150858700719809
2018-02-22T14:00:00.0;-0.15605939300988902
2018-02-22T15:00:00.0;-0.16472839734675634
2018-02-22T16:00:00.0;-0.17919748292357313
2018-02-22T17:00:00.0;-0.19066550332290602
2018-02-22T18:00:00.0;-0.19790813951789207
2018-02-22T19:00:00.0;-0.20337821545832244
2018-02-22T20:00:00.0;-0.20396382510748012
2018-02-22T21:00:00.0;-0.19793525450616173
2018-02-22T22:00:00.0;-0.18965322058176612
2018-02-22T23:00:00.0;-0.17825510741497652
2018-02-23T00:00:00.0;-0.17286418204585274
2018-02-23T01:00:00.0;-0.1644135228087878
2018-02-23T02:00:00.0;-0.15770912240803137
2018-02-23T03:00:00.0;-0.15151943302077986
2018-02-23T04:00:00.0;-0.14710722980833119
2018-02-23T05:00:00.0;-0.14705117481093266
2018-02-23T06:00:00.0;-0.1544140003831123
2018-02-23T07:00:00.0;-0.16049542962618502
2018-02-23T08:00:00.0;-0.16057971823848485
2018-02-23T09:00:00.0;-0.15521453549509412
2018-02-23T10:00:00.0;-0.14976947966856607
2018-02-23T11:00:00.0;-0.146602670791268
2018-02-23T12:00:00.0;-0.14719785607743646
2018-02-23T13:00:00.0;-0.15071588950906303
2018-02-23T14:00:00.0;-0.1557440757461482
2018-02-23T15:00:00.0;-0.16467635838210912
2018-02-23T16:00:00.0;-0.17732346844711963
2018-02-23T17:00:00.0;-0.19167059076292847
2018-02-23T18:00:00.0;-0.19836579367792895
2018-02-23T19:00:00.0;-0.20484940186337003
2018-02-23T20:00:00.0;-0.20500205185821527
2018-02-23T21:00:00.0;-0.2010719239897238
2018-02-23T22:00:00.0;-0.19084751760688165
2018-02-23T23:00:00.0;-0.18151987380273818
2018-02-24T00:00:00.0;-0.17046950528387386
2018-02-24T01:00:00.0;-0.16279589057358113
2018-02-24T02:00:00.0;-0.1554170906870003
2018-02-24T03:00:00.0;-0.14814188543617712
2018-02-24T04:00:00.0;-0.14146520666534387
2018-02-24T05:00:00.0;-0.13834793242786936
2018-02-24T06:00:00.0;-0.14306936947483315
2018-02-24T07:00:00.0;-0.14848864083111338
2018-02-24T08:00:00.0;-0.1506980791335313
2018-02-24T09:00:00.0;-0.14650229593137679
2018-02-24T10:00:00.0;-0.14092611649032577
2018-02-24T11:00:00.0;-0.13643946263118195
2018-02-24T12:00:00.0;-0.13328132602228773
2018-02-24T13:00:00.0;-0.1353324671786929
2018-02-24T14:00:00.0;-0.14103367002669223
2018-02-24T15:00:00.0;-0.15119628535314553
2018-02-24T16:00:00.0;-0.16637143870393617
2018-02-24T17:00:00.0;-0.18402237656725853
2018-02-24T18:00:00.0;-0.19143765767301602
2018-02-24T19:00:00.0;-0.19827567781374458
2018-02-24T20:00:00.0;-0.20089781533915668
2018-02-24T21:00:00.0;-0.20415392051053208
2018-02-24T22:00:00.0;-0.19399476394830767
2018-02-24T23:00:00.0;-0.18274196417325783
2018-02-25T00:00:00.0;-0.16954880728959681
2018-02-25T01:00:00.0;-0.16196306817287523
2018-02-25T02:00:00.0;-0.15477027175372937
2018-02-25T03:00:00.0;-0.14767142617107815
2018-02-25T04:00:00.0;-0.14132914552004047
2018-02-25T05:00:00.0;-0.13883563159050735
2018-02-25T06:00:00.0;-0.1435389409245331
2018-02-25T07:00:00.0;-0.14847500147787987
2018-02-25T08:00:00.0;-0.15008488912050036
2018-02-25T09:00:00.0;-0.1455046116026501
2018-02-25T10:00:00.0;-0.13981642088838103
2018-02-25T11:00:00.0;-0.13572922464378273
2018-02-25T12:00:00.0;-0.13295275999306333
2018-02-25T13:00:00.0;-0.1352355087206722
2018-02-25T14:00:00.0;-0.1410144990895556
2018-02-25T15:00:00.0;-0.15094518901531948
2018-02-25T16:00:00.0;-0.1663029896578117
2018-02-25T17:00:00.0;-0.18330333046075667
2018-02-25T18:00:00.0;-0.19140154330675746
2018-02-25T19:00:00.0;-0.19823367283271662
2018-02-25T20:00:00.0;-0.2004139276471144
2018-02-25T21:00:00.0;-0.20273251639385742
2018-02-25T22:00:00.0;-0.19260906854187065
2018-02-25T23:00:00.0;-0.1814263882334038
2018-02-26T00:00:00.0;-0.17606239783335975
2018-02-26T01:00:00.0;-0.16767456880932138
2018-02-26T02:00:00.0;-0.16131627834342455
2018-02-26T03:00:00.0;-0.15540631603713517
2018-02-26T04:00:00.0;-0.15130261261407274
2018-02-26T05:00:00.0;-0.1522472472089344
2018-02-26T06:00:00.0;-0.1641861002467601
2018-02-26T07:00:00.0;-0.17209992907776073
2018-02-26T08:00:00.0;-0.17186145869677566
2018-02-26T09:00:00.0;-0.16486989793486836
2018-02-26T10:00:00.0;-0.15720800335038357
2018-02-26T11:00:00.0;-0.15227041776239544
2018-02-26T12:00:00.0;-0.15324768099214792
2018-02-26T13:00:00.0;-0.15671736262575947
2018-02-26T14:00:00.0;-0.16259311975130844
2018-02-26T15:00:00.0;-0.17230184026591383
2018-02-26T16:00:00.0;-0.1829877052779699
2018-02-26T17:00:00.0;-0.19894343921152355
2018-02-26T18:00:00.0;-0.20432997032387806
2018-02-26T19:00:00.0;-0.20985079821188238
2018-02-26T20:00:00.0;-0.21017725020147635
2018-02-26T21:00:00.0;-0.2048886203199669
2018-02-26T22:00:00.0;-0.19408006587571544
2018-02-26T23:00:00.0;-0.185489393263033
2018-02-27T00:00:00.0;-0.1724827307749337
2018-02-27T01:00:00.0;-0.16436875352753832
2018-02-27T02:00:00.0;-0.15846606902926813
2018-02-27T03:00:00.0;-0.1530008619472896
2018-02-27T04:00:00.0;-0.14951706641917437
2018-02-27T05:00:00.0;-0.15124142214811637
2018-02-27T06:00:00.0;-0.16312235703773956
2018-02-27T07:00:00.0;-0.16949691228028768
2018-02-27T08:00:00.0;-0.16755156433501656
2018-02-27T09:00:00.0;-0.15976299008744121
2018-02-27T10:00:00.0;-0.15200236782365212
2018-02-27T11:00:00.0;-0.14780063464199342
2018-02-27T12:00:00.0;-0.1499481528223289
2018-02-27T13:00:00.0;-0.15382154298574083
2018-02-27T14:00:00.0;-0.1600902669039612
2018-02-27T15:00:00.0;-0.16980456973057484
2018-02-27T16:00:00.0;-0.18052260845985693
2018-02-27T17:00:00.0;-0.1945229878566625
2018-02-27T18:00:00.0;-0.20074154705780323
2018-02-27T19:00:00.0;-0.20661532202143387
2018-02-27T20:00:00.0;-0.20716150042337902
2018-02-27T21:00:00.0;-0.20000461536281694
2018-02-27T22:00:00.0;-0.18951334640515283
2018-02-27T23:00:00.0;-0.18124223310215054
2018-02-28T00:00:00.0;-0.18069144203167756
2018-02-28T01:00:00.0;-0.1718574263316592
2018-02-28T02:00:00.0;-0.16511216740189733
2018-02-28T03:00:00.0;-0.15870475355276456
2018-02-28T04:00:00.0;-0.15322567392434094
2018-02-28T05:00:00.0;-0.1530847603345198
2018-02-28T06:00:00.0;-0.1645300989598379
2018-02-28T07:00:00.0;-0.17447542133740365
2018-02-28T08:00:00.0;-0.17693453353052155
2018-02-28T09:00:00.0;-0.1710969044820899
2018-02-28T10:00:00.0;-0.1627394451736411
2018-02-28T11:00:00.0;-0.15706834937274383
2018-02-28T12:00:00.0;-0.15614932791702382
2018-02-28T13:00:00.0;-0.15913675010874698
2018-02-28T14:00:00.0;-0.1648390259852584
2018-02-28T15:00:00.0;-0.17425242472835847
2018-02-28T16:00:00.0;-0.18515430937801036
2018-02-28T17:00:00.0;-0.20472123169748455
2018-02-28T18:00:00.0;-0.2105621754999714
2018-02-28T19:00:00.0;-0.2152997879037875
2018-02-28T20:00:00.0;-0.21449001574225232
2018-02-28T21:00:00.0;-0.21225779014507629
2018-02-28T22:00:00.0;-0.2009139209093688
2018-02-28T23:00:00.0;-0.19228235573400848
2018-03-01T00:00:00.0;-0.1868863182433866
2018-03-01T01:00:00.0;-0.1780825913811884
2018-03-01T02:00:00.0;-0.1700022605678871
2018-03-01T03:00:00.0;-0.16228888911810796
2018-03-01T04:00:00.0;-0.15712242967529216
2018-03-01T05:00:00.0;-0.15786859907058434
2018-03-01T06:00:00.0;-0.16914672945687015
2018-03-01T07:00:00.0;-0.18075886533419666
2018-03-01T08:00:00.0;-0.1847941971201811
2018-03-01T09:00:00.0;-0.17896558196103943
2018-03-01T10:00:00.0;-0.17146569501368453
2018-03-01T11:00:00.0;-0.16489773533582633
2018-03-01T12:00:00.0;-0.15990623918000388
2018-03-01T13:00:00.0;-0.1613738117989013
2018-03-01T14:00:00.0;-0.1658624302762852
2018-03-01T15:00:00.0;-0.1746056256711326
2018-03-01T16:00:00.0;-0.1887671147851565
2018-03-01T17:00:00.0;-0.20948359447948287
2018-03-01T18:00:00.0;-0.2154102042394897
2018-03-01T19:00:00.0;-0.21930232747752068
2018-03-01T20:00:00.0;-0.2177286747385754
2018-03-01T21:00:00.0;-0.2192714832600841
2018-03-01T22:00:00.0;-0.2082948428241783
2018-03-01T23:00:00.0;-0.1961180665409452
2018-03-02T00:00:00.0;-0.1867423024524735
2018-03-02T01:00:00.0;-0.17788713845890303
2018-03-02T02:00:00.0;-0.16980175088120267
2018-03-02T03:00:00.0;-0.16208531844799853
2018-03-02T04:00:00.0;-0.15661006248603374
2018-03-02T05:00:00.0;-0.1567083098205181
2018-03-02T06:00:00.0;-0.16778045764998478
2018-03-02T07:00:00.0;-0.17949544561631323
2018-03-02T08:00:00.0;-0.18390141037073757
2018-03-02T09:00:00.0;-0.1784774869994168
2018-03-02T10:00:00.0;-0.17111971530344133
2018-03-02T11:00:00.0;-0.16442923838317536
2018-03-02T12:00:00.0;-0.15963276049151337
2018-03-02T13:00:00.0;-0.16116301726740098
2018-03-02T14:00:00.0;-0.16566921799873105
2018-03-02T15:00:00.0;-0.1746262769452444
2018-03-02T16:00:00.0;-0.1883454176174119
2018-03-02T17:00:00.0;-0.20945457409157098
2018-03-02T18:00:00.0;-0.21487515421603146
2018-03-02T19:00:00.0;-0.2189326060629758
2018-03-02T20:00:00.0;-0.21770058275850926
2018-03-02T21:00:00.0;-0.21955617944560857
2018-03-02T22:00:00.0;-0.20842090983475173
2018-03-02T23:00:00.0;-0.19657182664840125
2018-03-03T00:00:00.0;-0.16979048325829943
2018-03-03T01:00:00.0;-0.16197317716666473
2018-03-03T02:00:00.0;-0.15515970857641112
2018-03-03T03:00:00.0;-0.14854428253208263
2018-03-03T04:00:00.0;-0.14208100789020384
2018-03-03T05:00:00.0;-0.13931375163446663
2018-03-03T06:00:00.0;-0.1452523881261104
2018-03-03T07:00:00.0;-0.15103251711182344
2018-03-03T08:00:00.0;-0.15230457664263503
2018-03-03T09:00:00.0;-0.1478523156733542
2018-03-03T10:00:00.0;-0.1414463063034973
2018-03-03T11:00:00.0;-0.13717011603147927
2018-03-03T12:00:00.0;-0.1360343831669969
2018-03-03T13:00:00.0;-0.13871122971393904
2018-03-03T14:00:00.0;-0.14470182605848095
2018-03-03T15:00:00.0;-0.1546965368991708
2018-03-03T16:00:00.0;-0.16796068004783948
2018-03-03T17:00:00.0;-0.1850544587056538
2018-03-03T18:00:00.0;-0.19206801788597236
2018-03-03T19:00:00.0;-0.1987411127364131
2018-03-03T20:00:00.0;-0.2011290994465618
2018-03-03T21:00:00.0;-0.2012913679643846
2018-03-03T22:00:00.0;-0.1915627522109455
2018-03-03T23:00:00.0;-0.18236337133101238
2018-03-04T00:00:00.0;-0.16354576516517866
2018-03-04T01:00:00.0;-0.15624867438212198
2018-03-04T02:00:00.0;-0.14929505453368308
2018-03-04T03:00:00.0;-0.14267844918869685
2018-03-04T04:00:00.0;-0.13667678854471813
2018-03-04T05:00:00.0;-0.1339815347036061
2018-03-04T06:00:00.0;-0.13381967161696706
2018-03-04T07:00:00.0;-0.13684342636722358
2018-03-04T08:00:00.0;-0.13724711736736972
2018-03-04T09:00:00.0;-0.13450222527326522
2018-03-04T10:00:00.0;-0.1310421732810525
2018-03-04T11:00:00.0;-0.12991454174009318
2018-03-04T12:00:00.0;-0.12966218596975473
2018-03-04T13:00:00.0;-0.1332664607659806
2018-03-04T14:00:00.0;-0.13780769632157927
2018-03-04T15:00:00.0;-0.1457029533346728
2018-03-04T16:00:00.0;-0.1617211547702229
2018-03-04T17:00:00.0;-0.17561039945928225
2018-03-04T18:00:00.0;-0.18513314250199997
2018-03-04T19:00:00.0;-0.19293241723255972
2018-03-04T20:00:00.0;-0.19365764016010711
2018-03-04T21:00:00.0;-0.19173687920524773
2018-03-04T22:00:00.0;-0.18336680485069534
2018-03-04T23:00:00.0;-0.1741188874512668
2018-03-05T00:00:00.0;-0.17132809293732162
2018-03-05T01:00:00.0;-0.16363467014929892
2018-03-05T02:00:00.0;-0.15682887067612278
2018-03-05T03:00:00.0;-0.1507093887127707
2018-03-05T04:00:00.0;-0.14844201611156177
2018-03-05T05:00:00.0;-0.15132196786297547
2018-03-05T06:00:00.0;-0.16171185558899162
2018-03-05T07:00:00.0;-0.1671880865344033
2018-03-05T08:00:00.0;-0.16334452754792905
2018-03-05T09:00:00.0;-0.15523260719830637
2018-03-05T10:00:00.0;-0.14914052807660733
2018-03-05T11:00:00.0;-0.1455379977317753
2018-03-05T12:00:00.0;-0.14590330943160842
2018-03-05T13:00:00.0;-0.14841571487669994
2018-03-05T14:00:00.0;-0.15356355112930634
2018-03-05T15:00:00.0;-0.16245954020046363
2018-03-05T16:00:00.0;-0.1763460250214989
2018-03-05T17:00:00.0;-0.18652434499559659
2018-03-05T18:00:00.0;-0.19282304700442413
2018-03-05T19:00:00.0;-0.19885181596907248
2018-03-05T20:00:00.0;-0.2006824059416034
2018-03-05T21:00:00.0;-0.1938028985041625
2018-03-05T22:00:00.0;-0.18628776983578405
2018-03-05T23:00:00.0;-0.1755874173692305
2018-03-06T00:00:00.0;-0.17247733201182966
2018-03-06T01:00:00.0;-0.16468511574961228
2018-03-06T02:00:00.0;-0.15752557499470754
2018-03-06T03:00:00.0;-0.15121328183997795
2018-03-06T04:00:00.0;-0.14927164531844775
2018-03-06T05:00:00.0;-0.15201334785327683
2018-03-06T06:00:00.0;-0.1626710992970342
2018-03-06T07:00:00.0;-0.16863769007628315
2018-03-06T08:00:00.0;-0.16472968754024256
2018-03-06T09:00:00.0;-0.1568730911620677
2018-03-06T10:00:00.0;-0.15157714133349268
2018-03-06T11:00:00.0;-0.14773444922468165
2018-03-06T12:00:00.0;-0.1480728065881599
2018-03-06T13:00:00.0;-0.15030832804309807
2018-03-06T14:00:00.0;-0.15492871553722773
2018-03-06T15:00:00.0;-0.16387827943647695
2018-03-06T16:00:00.0;-0.17760674878321764
2018-03-06T17:00:00.0;-0.1870519399952034
2018-03-06T18:00:00.0;-0.1918482504970088
2018-03-06T19:00:00.0;-0.19800985274532693
2018-03-06T20:00:00.0;-0.2005394829317397
2018-03-06T21:00:00.0;-0.1935151744266503
2018-03-06T22:00:00.0;-0.1864919809324555
2018-03-06T23:00:00.0;-0.1754828577023381
2018-03-07T00:00:00.0;-0.17233135265169852
2018-03-07T01:00:00.0;-0.16455879459100758
2018-03-07T02:00:00.0;-0.15741543880261297
2018-03-07T03:00:00.0;-0.1511186434304951
2018-03-07T04:00:00.0;-0.14927675631692572
2018-03-07T05:00:00.0;-0.15212623615504203
2018-03-07T06:00:00.0;-0.1629234572393106
2018-03-07T07:00:00.0;-0.16877475298388422
2018-03-07T08:00:00.0;-0.16471615490235522
2018-03-07T09:00:00.0;-0.15671889578477816
2018-03-07T10:00:00.0;-0.15142887495458424
2018-03-07T11:00:00.0;-0.1475759668444634
2018-03-07T12:00:00.0;-0.1479504394881076
2018-03-07T13:00:00.0;-0.15018314520598186
2018-03-07T14:00:00.0;-0.1548429385838725
2018-03-07T15:00:00.0;-0.16385925940129897
2018-03-07T16:00:00.0;-0.17760145899720828
2018-03-07T17:00:00.0;-0.18686341847614032
2018-03-07T18:00:00.0;-0.19163350096982618
2018-03-07T19:00:00.0;-0.19782565748512107
2018-03-07T20:00:00.0;-0.2004421046532485
2018-03-07T21:00:00.0;-0.19335363560438104
2018-03-07T22:00:00.0;-0.18629595841116572
2018-03-07T23:00:00.0;-0.17518912557821298
2018-03-08T00:00:00.0;-0.17508458589977174
2018-03-08T01:00:00.0;-0.16676111389342538
2018-03-08T02:00:00.0;-0.1604144834460858
2018-03-08T03:00:00.0;-0.15452146942737116
2018-03-08T04:00:00.0;-0.1503858489061341
2018-03-08T05:00:00.0;-0.15115832937018922
2018-03-08T06:00:00.0;-0.162376211984878
2018-03-08T07:00:00.0;-0.1698998581888402
2018-03-08T08:00:00.0;-0.16959699117820282
2018-03-08T09:00:00.0;-0.1628494338059974
2018-03-08T10:00:00.0;-0.15552213392889697
2018-03-08T11:00:00.0;-0.15090396736119643
2018-03-08T12:00:00.0;-0.15205910113488466
2018-03-08T13:00:00.0;-0.15565522611316826
2018-03-08T14:00:00.0;-0.1614367045384714
2018-03-08T15:00:00.0;-0.1710279061367826
2018-03-08T16:00:00.0;-0.1819006358659817
2018-03-08T17:00:00.0;-0.19755727299943546
2018-03-08T18:00:00.0;-0.2031293222017591
2018-03-08T19:00:00.0;-0.2088518854303393
2018-03-08T20:00:00.0;-0.2091601335342361
2018-03-08T21:00:00.0;-0.2037479181871007
2018-03-08T22:00:00.0;-0.19301885316253606
2018-03-08T23:00:00.0;-0.1844996632969426
2018-03-09T00:00:00.0;-0.17162431417699536
2018-03-09T01:00:00.0;-0.16392416525148504
2018-03-09T02:00:00.0;-0.1569147616958969
2018-03-09T03:00:00.0;-0.15070732559379238
2018-03-09T04:00:00.0;-0.14898803191516352
2018-03-09T05:00:00.0;-0.15211177771099604
2018-03-09T06:00:00.0;-0.1629354299063855
2018-03-09T07:00:00.0;-0.16836240689191148
2018-03-09T08:00:00.0;-0.16404441879742615
2018-03-09T09:00:00.0;-0.15575398396958196
2018-03-09T10:00:00.0;-0.150340458031929
2018-03-09T11:00:00.0;-0.146638702265455
2018-03-09T12:00:00.0;-0.14713679558041032
2018-03-09T13:00:00.0;-0.1495035673138274
2018-03-09T14:00:00.0;-0.154337873446546
2018-03-09T15:00:00.0;-0.16339125458910977
2018-03-09T16:00:00.0;-0.17726806702372455
2018-03-09T17:00:00.0;-0.1863362546125418
2018-03-09T18:00:00.0;-0.19157219615089155
2018-03-09T19:00:00.0;-0.19781174296012025
2018-03-09T20:00:00.0;-0.20026711752927417
2018-03-09T21:00:00.0;-0.1930044127058923
2018-03-09T22:00:00.0;-0.18571027307422652
2018-03-09T23:00:00.0;-0.17450595303797936
2018-03-10T00:00:00.0;-0.16430881945158818
2018-03-10T01:00:00.0;-0.15692787000817124
2018-03-10T02:00:00.0;-0.14999232829292378
2018-03-10T03:00:00.0;-0.1433718632250688
2018-03-10T04:00:00.0;-0.1376630203746565
2018-03-10T05:00:00.0;-0.1349147434871927
2018-03-10T06:00:00.0;-0.1363001859144348
2018-03-10T07:00:00.0;-0.13926536099110692
2018-03-10T08:00:00.0;-0.13974776743130654
2018-03-10T09:00:00.0;-0.13643763132540637
2018-03-10T10:00:00.0;-0.13311417631601385
2018-03-10T11:00:00.0;-0.13127503575256433
2018-03-10T12:00:00.0;-0.1312480920157229
2018-03-10T13:00:00.0;-0.13491199002699325
2018-03-10T14:00:00.0;-0.1397459431808213
2018-03-10T15:00:00.0;-0.14863902995780257
2018-03-10T16:00:00.0;-0.1638529879125539
2018-03-10T17:00:00.0;-0.17784294229283004
2018-03-10T18:00:00.0;-0.18600271337958743
2018-03-10T19:00:00.0;-0.1940776730765085
2018-03-10T20:00:00.0;-0.1956257240294142
2018-03-10T21:00:00.0;-0.19424946516028982
2018-03-10T22:00:00.0;-0.1846304326685404
2018-03-10T23:00:00.0;-0.17480721626618195
2018-03-11T00:00:00.0;-0.1624415408510702
2018-03-11T01:00:00.0;-0.1551413726508476
2018-03-11T02:00:00.0;-0.14812855470094813
2018-03-11T03:00:00.0;-0.14160562316015807
2018-03-11T04:00:00.0;-0.136288997549744
2018-03-11T05:00:00.0;-0.13364221018123457
2018-03-11T06:00:00.0;-0.13261056705330843
2018-03-11T07:00:00.0;-0.1349154565754203
2018-03-11T08:00:00.0;-0.13501267877309664
2018-03-11T09:00:00.0;-0.13270729819409016
2018-03-11T10:00:00.0;-0.13091856082159503
2018-03-11T11:00:00.0;-0.13054425867975683
2018-03-11T12:00:00.0;-0.13155168218187352
2018-03-11T13:00:00.0;-0.13583274938115733
2018-03-11T14:00:00.0;-0.13970038745854085
2018-03-11T15:00:00.0;-0.14741170634112427
2018-03-11T16:00:00.0;-0.1631773199765213
2018-03-11T17:00:00.0;-0.1755310546029797
2018-03-11T18:00:00.0;-0.18407751988856266
2018-03-11T19:00:00.0;-0.1925997683306267
2018-03-11T20:00:00.0;-0.19316046192601483
2018-03-11T21:00:00.0;-0.1897030767009918
2018-03-11T22:00:00.0;-0.18087141801999998
2018-03-11T23:00:00.0;-0.17161429593189667
2018-03-12T00:00:00.0;-0.16912329758686995
2018-03-12T01:00:00.0;-0.16165016897134454
2018-03-12T02:00:00.0;-0.1550183216208011
2018-03-12T03:00:00.0;-0.14906114825272074
2018-03-12T04:00:00.0;-0.14762555699061505
2018-03-12T05:00:00.0;-0.15130957258917757
2018-03-12T06:00:00.0;-0.16178331132519283
2018-03-12T07:00:00.0;-0.1657977458573243
2018-03-12T08:00:00.0;-0.16083199216256042
2018-03-12T09:00:00.0;-0.15191628105154198
2018-03-12T10:00:00.0;-0.14640837502198426
2018-03-12T11:00:00.0;-0.143275524994275
2018-03-12T12:00:00.0;-0.1442428880980579
2018-03-12T13:00:00.0;-0.14708996821074774
2018-03-12T14:00:00.0;-0.1523643023170872
2018-03-12T15:00:00.0;-0.16152695805418638
2018-03-12T16:00:00.0;-0.17581230728109393
2018-03-12T17:00:00.0;-0.18428030067664067
2018-03-12T18:00:00.0;-0.19081699137065747
2018-03-12T19:00:00.0;-0.19735244621791734
2018-03-12T20:00:00.0;-0.19938245996867407
2018-03-12T21:00:00.0;-0.19168561321776376
2018-03-12T22:00:00.0;-0.18362295388888725
2018-03-12T23:00:00.0;-0.1721773941394627
2018-03-13T00:00:00.0;-0.17017889661482227
2018-03-13T01:00:00.0;-0.16229944731819226
2018-03-13T02:00:00.0;-0.15624419953916102
2018-03-13T03:00:00.0;-0.15074260606070758
2018-03-13T04:00:00.0;-0.14812583598351609
2018-03-13T05:00:00.0;-0.15017670152151497
2018-03-13T06:00:00.0;-0.16182973031711204
2018-03-13T07:00:00.0;-0.1669086976008487
2018-03-13T08:00:00.0;-0.16359298474736608
2018-03-13T09:00:00.0;-0.15539033280952272
2018-03-13T10:00:00.0;-0.14883549302987922
2018-03-13T11:00:00.0;-0.1449538445562977
2018-03-13T12:00:00.0;-0.14748127294051877
2018-03-13T13:00:00.0;-0.15122348402099217
2018-03-13T14:00:00.0;-0.15725431996552355
2018-03-13T15:00:00.0;-0.16729829537653904
2018-03-13T16:00:00.0;-0.17855002118925292
2018-03-13T17:00:00.0;-0.19001388081720816
2018-03-13T18:00:00.0;-0.19538154946353858
2018-03-13T19:00:00.0;-0.2019468775064466
2018-03-13T20:00:00.0;-0.20381244417796232
2018-03-13T21:00:00.0;-0.19608276280603787
2018-03-13T22:00:00.0;-0.18607721261738328
2018-03-13T23:00:00.0;-0.1768851780871842
2018-03-14T00:00:00.0;-0.16997704271511518
2018-03-14T01:00:00.0;-0.1611278297749571
2018-03-14T02:00:00.0;-0.1543271418808088
2018-03-14T03:00:00.0;-0.14819956722336725
2018-03-14T04:00:00.0;-0.14480994782993703
2018-03-14T05:00:00.0;-0.14563254977228884
2018-03-14T06:00:00.0;-0.15147504493754102
2018-03-14T07:00:00.0;-0.15508285005415048
2018-03-14T08:00:00.0;-0.15309528715008017
2018-03-14T09:00:00.0;-0.14710250769575675
2018-03-14T10:00:00.0;-0.14296319893241022
2018-03-14T11:00:00.0;-0.14121584003331156
2018-03-14T12:00:00.0;-0.14167392211351468
2018-03-14T13:00:00.0;-0.1445808395160468
2018-03-14T14:00:00.0;-0.14947688576534227
2018-03-14T15:00:00.0;-0.15844703453027023
2018-03-14T16:00:00.0;-0.17267219762031114
2018-03-14T17:00:00.0;-0.18254123461177368
2018-03-14T18:00:00.0;-0.19024470015362174
2018-03-14T19:00:00.0;-0.19750988324156304
2018-03-14T20:00:00.0;-0.19886922327477002
2018-03-14T21:00:00.0;-0.19545897450407806
2018-03-14T22:00:00.0;-0.18636981108232695
2018-03-14T23:00:00.0;-0.17536572544438242
2018-03-15T00:00:00.0;-0.17743746461381493
2018-03-15T01:00:00.0;-0.169244128405868
2018-03-15T02:00:00.0;-0.1619415324588269
2018-03-15T03:00:00.0;-0.15483432739650946
2018-03-15T04:00:00.0;-0.14918676881166712
2018-03-15T05:00:00.0;-0.14854648184852734
2018-03-15T06:00:00.0;-0.15713288670799613
2018-03-15T07:00:00.0;-0.16513695954609486
2018-03-15T08:00:00.0;-0.16757045005761084
2018-03-15T09:00:00.0;-0.16198784717186587
2018-03-15T10:00:00.0;-0.15495537267280862
2018-03-15T11:00:00.0;-0.14969922761323734
2018-03-15T12:00:00.0;-0.14659588555160197
2018-03-15T13:00:00.0;-0.14883063438065147
2018-03-15T14:00:00.0;-0.15432332226414794
2018-03-15T15:00:00.0;-0.16383059111391785
2018-03-15T16:00:00.0;-0.17792248340700315
2018-03-15T17:00:00.0;-0.19668124267170983
2018-03-15T18:00:00.0;-0.2038570097736915
2018-03-15T19:00:00.0;-0.20924886756973313
2018-03-15T20:00:00.0;-0.2094230471875521
2018-03-15T21:00:00.0;-0.21044400771690275
2018-03-15T22:00:00.0;-0.19951551202449247
2018-03-15T23:00:00.0;-0.18839157919756452
2018-03-16T00:00:00.0;-0.18223547381063068
2018-03-16T01:00:00.0;-0.17346189408761034
2018-03-16T02:00:00.0;-0.1663654487486088
2018-03-16T03:00:00.0;-0.15963076310900018
2018-03-16T04:00:00.0;-0.15432069075909124
2018-03-16T05:00:00.0;-0.15436475947742048
2018-03-16T06:00:00.0;-0.16569777941308253
2018-03-16T07:00:00.0;-0.1760804384417861
2018-03-16T08:00:00.0;-0.17904852378612018
2018-03-16T09:00:00.0;-0.17334304757504104
2018-03-16T10:00:00.0;-0.16549903041383232
2018-03-16T11:00:00.0;-0.1596459206147336
2018-03-16T12:00:00.0;-0.15796294142697903
2018-03-16T13:00:00.0;-0.16077621032924183
2018-03-16T14:00:00.0;-0.16602533587772728
2018-03-16T15:00:00.0;-0.17523333720900608
2018-03-16T16:00:00.0;-0.18682124159002345
2018-03-16T17:00:00.0;-0.20671315613807023
2018-03-16T18:00:00.0;-0.21227841433082068
2018-03-16T19:00:00.0;-0.21691006167735827
2018-03-16T20:00:00.0;-0.21575591944521882
2018-03-16T21:00:00.0;-0.21411826870675935
2018-03-16T22:00:00.0;-0.20261907411752303
2018-03-16T23:00:00.0;-0.1931625448372985
2018-03-17T00:00:00.0;-0.17376927119767605
2018-03-17T01:00:00.0;-0.1658308511417005
2018-03-17T02:00:00.0;-0.15815845721296587
2018-03-17T03:00:00.0;-0.15080045065512193
2018-03-17T04:00:00.0;-0.14433230309904008
2018-03-17T05:00:00.0;-0.14176394699664266
2018-03-17T06:00:00.0;-0.1473752494370509
2018-03-17T07:00:00.0;-0.15466067935069908
2018-03-17T08:00:00.0;-0.15680375307021446
2018-03-17T09:00:00.0;-0.1528096513756892
2018-03-17T10:00:00.0;-0.14687298278433555
2018-03-17T11:00:00.0;-0.1421225317716196
2018-03-17T12:00:00.0;-0.13875935648905185
2018-03-17T13:00:00.0;-0.14035588465689716
2018-03-17T14:00:00.0;-0.14542379363670369
2018-03-17T15:00:00.0;-0.1547466198526306
2018-03-17T16:00:00.0;-0.1695954320981483
2018-03-17T17:00:00.0;-0.18716478952874913
2018-03-17T18:00:00.0;-0.19385502244251485
2018-03-17T19:00:00.0;-0.1999079286634689
2018-03-17T20:00:00.0;-0.202088615103958
2018-03-17T21:00:00.0;-0.20403595049647638
2018-03-17T22:00:00.0;-0.19547899750882936
2018-03-17T23:00:00.0;-0.18485668669937194
2018-03-18T00:00:00.0;-0.1629893770048661
2018-03-18T01:00:00.0;-0.15583644990006162
2018-03-18T02:00:00.0;-0.14881597619519885
2018-03-18T03:00:00.0;-0.1418058017722001
2018-03-18T04:00:00.0;-0.1345879373049788
2018-03-18T05:00:00.0;-0.13001493536609252
2018-03-18T06:00:00.0;-0.1319019678595559
2018-03-18T07:00:00.0;-0.13456431044075923
2018-03-18T08:00:00.0;-0.13563026041991424
2018-03-18T09:00:00.0;-0.1320336778632972
2018-03-18T10:00:00.0;-0.1271856174284968
2018-03-18T11:00:00.0;-0.12374487164629054
2018-03-18T12:00:00.0;-0.12154153333008642
2018-03-18T13:00:00.0;-0.12384749072993416
2018-03-18T14:00:00.0;-0.13007448451533238
2018-03-18T15:00:00.0;-0.1406967084342965
2018-03-18T16:00:00.0;-0.15634424338953398
2018-03-18T17:00:00.0;-0.17228564988374492
2018-03-18T18:00:00.0;-0.1805346826221425
2018-03-18T19:00:00.0;-0.18859574774964208
2018-03-18T20:00:00.0;-0.19299224788402608
2018-03-18T21:00:00.0;-0.1964727605862545
2018-03-18T22:00:00.0;-0.187021000704682
2018-03-18T23:00:00.0;-0.17633817648467107
2018-03-19T00:00:00.0;-0.1748187173903958
2018-03-19T01:00:00.0;-0.1648629025350813
2018-03-19T02:00:00.0;-0.15802462947358376
2018-03-19T03:00:00.0;-0.15182954796712625
2018-03-19T04:00:00.0;-0.14830151741937797
2018-03-19T05:00:00.0;-0.15008004645629353
2018-03-19T06:00:00.0;-0.15821246860993807
2018-03-19T07:00:00.0;-0.16282695737033087
2018-03-19T08:00:00.0;-0.16089270916613868
2018-03-19T09:00:00.0;-0.15361775471501649
2018-03-19T10:00:00.0;-0.1475295950769169
2018-03-19T11:00:00.0;-0.14501892065895672
2018-03-19T12:00:00.0;-0.1435529593710675
2018-03-19T13:00:00.0;-0.14504585112494817
2018-03-19T14:00:00.0;-0.150734242689946
2018-03-19T15:00:00.0;-0.16021895903930286
2018-03-19T16:00:00.0;-0.17452407718841856
2018-03-19T17:00:00.0;-0.1846092850565674
2018-03-19T18:00:00.0;-0.19337187656735638
2018-03-19T19:00:00.0;-0.19960416815652365
2018-03-19T20:00:00.0;-0.20124149084603268
2018-03-19T21:00:00.0;-0.2007255380032751
2018-03-19T22:00:00.0;-0.19191442724220242
2018-03-19T23:00:00.0;-0.17977033133239279
2018-03-20T00:00:00.0;-0.17113361806203564
2018-03-20T01:00:00.0;-0.16193910370560052
2018-03-20T02:00:00.0;-0.15520757150831413
2018-03-20T03:00:00.0;-0.14912840293694807
2018-03-20T04:00:00.0;-0.1460495360833976
2018-03-20T05:00:00.0;-0.14774750991983338
2018-03-20T06:00:00.0;-0.15575235073396515
2018-03-20T07:00:00.0;-0.15934603714857914
2018-03-20T08:00:00.0;-0.15625488480940294
2018-03-20T09:00:00.0;-0.1487636301341726
2018-03-20T10:00:00.0;-0.14328384344398087
2018-03-20T11:00:00.0;-0.14083687655398158
2018-03-20T12:00:00.0;-0.14037132222791246
2018-03-20T13:00:00.0;-0.14225425057095437
2018-03-20T14:00:00.0;-0.1479474702256374
2018-03-20T15:00:00.0;-0.15767284841013732
2018-03-20T16:00:00.0;-0.17195894268249637
2018-03-20T17:00:00.0;-0.18088648974735838
2018-03-20T18:00:00.0;-0.18883928320011642
2018-03-20T19:00:00.0;-0.19565489143324602
2018-03-20T20:00:00.0;-0.19828153817104108
2018-03-20T21:00:00.0;-0.19607525042860902
2018-03-20T22:00:00.0;-0.18760789627655108
2018-03-20T23:00:00.0;-0.17570438444372927
2018-03-21T00:00:00.0;-0.1682444221707905
2018-03-21T01:00:00.0;-0.1601802711778454
2018-03-21T02:00:00.0;-0.1538401028090605
2018-03-21T03:00:00.0;-0.1481325711705695
2018-03-21T04:00:00.0;-0.14553862732819392
2018-03-21T05:00:00.0;-0.14719145977734183
2018-03-21T06:00:00.0;-0.15597953860699704
2018-03-21T07:00:00.0;-0.15963283370779066
2018-03-21T08:00:00.0;-0.15618702823195715
2018-03-21T09:00:00.0;-0.14879696717252286
2018-03-21T10:00:00.0;-0.1437979451527012
2018-03-21T11:00:00.0;-0.14114398680151974
2018-03-21T12:00:00.0;-0.14322309664830835
2018-03-21T13:00:00.0;-0.14675471964325648
2018-03-21T14:00:00.0;-0.1522342088990596
2018-03-21T15:00:00.0;-0.16186404910414662
2018-03-21T16:00:00.0;-0.1746235146429624
2018-03-21T17:00:00.0;-0.1843020138707635
2018-03-21T18:00:00.0;-0.19054938562321289
2018-03-21T19:00:00.0;-0.19778299299035002
2018-03-21T20:00:00.0;-0.199834927398341
2018-03-21T21:00:00.0;-0.1932846906754529
2018-03-21T22:00:00.0;-0.18385321334980576
2018-03-21T23:00:00.0;-0.1737338576488729
2018-03-22T00:00:00.0;-0.17764516042749998
2018-03-22T01:00:00.0;-0.16934828147791817
2018-03-22T02:00:00.0;-0.16186877951750986
2018-03-22T03:00:00.0;-0.15528747164695328
2018-03-22T04:00:00.0;-0.15189836593454062
2018-03-22T05:00:00.0;-0.15347635131554216
2018-03-22T06:00:00.0;-0.16416729234324548
2018-03-22T07:00:00.0;-0.17331369663335572
2018-03-22T08:00:00.0;-0.17165432426596186
2018-03-22T09:00:00.0;-0.16532013505283683
2018-03-22T10:00:00.0;-0.15883072850740088
2018-03-22T11:00:00.0;-0.15419183142502446
2018-03-22T12:00:00.0;-0.15350422905334027
2018-03-22T13:00:00.0;-0.15524338925377154
2018-03-22T14:00:00.0;-0.15945532209037513
2018-03-22T15:00:00.0;-0.16756852548348025
2018-03-22T16:00:00.0;-0.18044073281807935
2018-03-22T17:00:00.0;-0.1932953317695133
2018-03-22T18:00:00.0;-0.19777501280188506
2018-03-22T19:00:00.0;-0.20275927078540687
2018-03-22T20:00:00.0;-0.20423326200707542
2018-03-22T21:00:00.0;-0.1981677435896431
2018-03-22T22:00:00.0;-0.19213940842198968
2018-03-22T23:00:00.0;-0.18272690266945646
2018-03-23T00:00:00.0;-0.17295012136758678
2018-03-23T01:00:00.0;-0.164087385091774
2018-03-23T02:00:00.0;-0.15815395346818484
2018-03-23T03:00:00.0;-0.1527554649397555
2018-03-23T04:00:00.0;-0.14841695908355887
2018-03-23T05:00:00.0;-0.14875750762725556
2018-03-23T06:00:00.0;-0.15897539345776404
2018-03-23T07:00:00.0;-0.16553692828149832
2018-03-23T08:00:00.0;-0.16450340507975578
2018-03-23T09:00:00.0;-0.1580999039574521
2018-03-23T10:00:00.0;-0.15076195321316002
2018-03-23T11:00:00.0;-0.1471258900473955
2018-03-23T12:00:00.0;-0.14954183253320205
2018-03-23T13:00:00.0;-0.15332824506973658
2018-03-23T14:00:00.0;-0.15940555692686284
2018-03-23T15:00:00.0;-0.1689994536232685
2018-03-23T16:00:00.0;-0.1790215277588223
2018-03-23T17:00:00.0;-0.1931368489186923
2018-03-23T18:00:00.0;-0.199280220793702
2018-03-23T19:00:00.0;-0.20540502149675163
2018-03-23T20:00:00.0;-0.2061253597578945
2018-03-23T21:00:00.0;-0.20006186769716036
2018-03-23T22:00:00.0;-0.18989089257302316
2018-03-23T23:00:00.0;-0.18251523862419147
2018-03-24T00:00:00.0;-0.16421668432850964
2018-03-24T01:00:00.0;-0.15707416091242393
2018-03-24T02:00:00.0;-0.15080549049792802
2018-03-24T03:00:00.0;-0.14507934173227865
2018-03-24T04:00:00.0;-0.14359081993201467
2018-03-24T05:00:00.0;-0.1467515626189916
2018-03-24T06:00:00.0;-0.15474841232883443
2018-03-24T07:00:00.0;-0.1563463486092742
2018-03-24T08:00:00.0;-0.15119643632857271
2018-03-24T09:00:00.0;-0.1426969207700287
2018-03-24T10:00:00.0;-0.1383440810562502
2018-03-24T11:00:00.0;-0.13647730534714547
2018-03-24T12:00:00.0;-0.1384808346776914
2018-03-24T13:00:00.0;-0.14229977443189304
2018-03-24T14:00:00.0;-0.14773582785503345
2018-03-24T15:00:00.0;-0.15700433683528317
2018-03-24T16:00:00.0;-0.17184089073745165
2018-03-24T17:00:00.0;-0.179502429982917
2018-03-24T18:00:00.0;-0.18726862068013128
2018-03-24T19:00:00.0;-0.1948814706045752
2018-03-24T20:00:00.0;-0.196606921181976
2018-03-24T21:00:00.0;-0.18878445835498758
2018-03-24T22:00:00.0;-0.17948511455189048
2018-03-24T23:00:00.0;-0.16799045111822647
2018-03-25T00:00:00.0;-0.1622344154532469
2018-03-25T01:00:00.0;-0.15504307027355446
2018-03-25T02:00:00.0;-0.14838207083316768
2018-03-25T03:00:00.0;-0.1423230082193954
2018-03-25T04:00:00.0;-0.13928910807724526
2018-03-25T05:00:00.0;-0.139463417919931
2018-03-25T06:00:00.0;-0.14233345623875931
2018-03-25T07:00:00.0;-0.1437054100024127
2018-03-25T08:00:00.0;-0.14090680672212674
2018-03-25T09:00:00.0;-0.13577701960057642
2018-03-25T10:00:00.0;-0.13371828473453326
2018-03-25T11:00:00.0;-0.13305529576105862
2018-03-25T12:00:00.0;-0.13534161035353962
2018-03-25T13:00:00.0;-0.13977007467768893
2018-03-25T14:00:00.0;-0.14407606718962762
2018-03-25T15:00:00.0;-0.152534252528551
2018-03-25T16:00:00.0;-0.1676898562854865
2018-03-25T17:00:00.0;-0.17667365194173187
2018-03-25T18:00:00.0;-0.18423098890807485
2018-03-25T19:00:00.0;-0.19280182603468396
2018-03-25T20:00:00.0;-0.19405639014861592
2018-03-25T21:00:00.0;-0.1875752521677286
2018-03-25T22:00:00.0;-0.17830571978910242
2018-03-25T23:00:00.0;-0.1679411571094162
2018-03-26T00:00:00.0;-0.16518425432711129
2018-03-26T01:00:00.0;-0.1581347859924716
2018-03-26T02:00:00.0;-0.1523098423540233
2018-03-26T03:00:00.0;-0.14689767918439928
2018-03-26T04:00:00.0;-0.14630735479942902
2018-03-26T05:00:00.0;-0.15182507504855075
2018-03-26T06:00:00.0;-0.16288821967377207
2018-03-26T07:00:00.0;-0.1644577145005735
2018-03-26T08:00:00.0;-0.15778623400821154
2018-03-26T09:00:00.0;-0.1468890453320753
2018-03-26T10:00:00.0;-0.1404863183001225
2018-03-26T11:00:00.0;-0.13812438329806448
2018-03-26T12:00:00.0;-0.13979153290079432
2018-03-26T13:00:00.0;-0.14336356599856037
2018-03-26T14:00:00.0;-0.14974188975274072
2018-03-26T15:00:00.0;-0.15919720923799524
2018-03-26T16:00:00.0;-0.17422801545992309
2018-03-26T17:00:00.0;-0.18144673269882555
2018-03-26T18:00:00.0;-0.19067470176636026
2018-03-26T19:00:00.0;-0.19741277276652447
2018-03-26T20:00:00.0;-0.1985691060636111
2018-03-26T21:00:00.0;-0.1897499502098628
2018-03-26T22:00:00.0;-0.18031235691587524
2018-03-26T23:00:00.0;-0.168201944815797
2018-03-27T00:00:00.0;-0.16793637660641184
2018-03-27T01:00:00.0;-0.16039610499478202
2018-03-27T02:00:00.0;-0.15411556668690324
2018-03-27T03:00:00.0;-0.14846585985073568
2018-03-27T04:00:00.0;-0.1469612675820095
2018-03-27T05:00:00.0;-0.14995981019529667
2018-03-27T06:00:00.0;-0.16126343400339282
2018-03-27T07:00:00.0;-0.1647709563388849
2018-03-27T08:00:00.0;-0.15986720141636754
2018-03-27T09:00:00.0;-0.15085686745675805
2018-03-27T10:00:00.0;-0.14545679329024874
2018-03-27T11:00:00.0;-0.1420327168486293
2018-03-27T12:00:00.0;-0.14431857316234936
2018-03-27T13:00:00.0;-0.1477604123182018
2018-03-27T14:00:00.0;-0.15353023293130608
2018-03-27T15:00:00.0;-0.16369535184811962
2018-03-27T16:00:00.0;-0.17639410649921117
2018-03-27T17:00:00.0;-0.18505823024790863
2018-03-27T18:00:00.0;-0.1903876724396959
2018-03-27T19:00:00.0;-0.19750100816371946
2018-03-27T20:00:00.0;-0.20031188168833666
2018-03-27T21:00:00.0;-0.19232907582102823
2018-03-27T22:00:00.0;-0.18287129189199358
2018-03-27T23:00:00.0;-0.17202056815572028
2018-03-28T00:00:00.0;-0.16787951415667132
2018-03-28T01:00:00.0;-0.16036298515419534
2018-03-28T02:00:00.0;-0.15403318823130818
2018-03-28T03:00:00.0;-0.14834715185128539
2018-03-28T04:00:00.0;-0.146933662018944
2018-03-28T05:00:00.0;-0.15001499734882803
2018-03-28T06:00:00.0;-0.16127153240459777
2018-03-28T07:00:00.0;-0.1647081433509216
2018-03-28T08:00:00.0;-0.15969228537255087
2018-03-28T09:00:00.0;-0.15063815926648363
2018-03-28T10:00:00.0;-0.1453490474850571
2018-03-28T11:00:00.0;-0.14195073518244775
2018-03-28T12:00:00.0;-0.1441462965253579
2018-03-28T13:00:00.0;-0.14752192267841657
2018-03-28T14:00:00.0;-0.15323323994499904
2018-03-28T15:00:00.0;-0.16337603751192065
2018-03-28T16:00:00.0;-0.17624573288698808
2018-03-28T17:00:00.0;-0.18467976521079527
2018-03-28T18:00:00.0;-0.1899899912431582
2018-03-28T19:00:00.0;-0.1971247157325377
2018-03-28T20:00:00.0;-0.20001329719152225
2018-03-28T21:00:00.0;-0.1920498333880074
2018-03-28T22:00:00.0;-0.1827074280177073
2018-03-28T23:00:00.0;-0.17168640858997972
2018-03-29T00:00:00.0;-0.16801378716744003
2018-03-29T01:00:00.0;-0.16014786482774718
2018-03-29T02:00:00.0;-0.15370963212023367
2018-03-29T03:00:00.0;-0.1479597330058108
2018-03-29T04:00:00.0;-0.1468344579653247
2018-03-29T05:00:00.0;-0.1507111394573249
2018-03-29T06:00:00.0;-0.16116533914859224
2018-03-29T07:00:00.0;-0.16397761537253736
2018-03-29T08:00:00.0;-0.15831194090000025
2018-03-29T09:00:00.0;-0.14891914001731685
2018-03-29T10:00:00.0;-0.14364828789834835
2018-03-29T11:00:00.0;-0.14095720329269146
2018-03-29T12:00:00.0;-0.14228145816796847
2018-03-29T13:00:00.0;-0.1450733931813289
2018-03-29T14:00:00.0;-0.15070549834494798
2018-03-29T15:00:00.0;-0.16040283078069484
2018-03-29T16:00:00.0;-0.17457374371487594
2018-03-29T17:00:00.0;-0.18149573165450578
2018-03-29T18:00:00.0;-0.18831571183528728
2018-03-29T19:00:00.0;-0.19529690170706787
2018-03-29T20:00:00.0;-0.19796966977690295
2018-03-29T21:00:00.0;-0.19079915588622115
2018-03-29T22:00:00.0;-0.18233992374301744
2018-03-29T23:00:00.0;-0.1703874086564319
2018-03-30T00:00:00.0;-0.16393798135547655
2018-03-30T01:00:00.0;-0.1564636585622934
2018-03-30T02:00:00.0;-0.15026186498801064
2018-03-30T03:00:00.0;-0.1443588469860525
2018-03-30T04:00:00.0;-0.13908134496819863
2018-03-30T05:00:00.0;-0.13712422243491088
2018-03-30T06:00:00.0;-0.14216592377190432
2018-03-30T07:00:00.0;-0.14537654136665926
2018-03-30T08:00:00.0;-0.14425602210222074
2018-03-30T09:00:00.0;-0.13927388588823017
2018-03-30T10:00:00.0;-0.13398986329591875
2018-03-30T11:00:00.0;-0.13129432190472598
2018-03-30T12:00:00.0;-0.13287986223536968
2018-03-30T13:00:00.0;-0.136696006250601
2018-03-30T14:00:00.0;-0.14272821879649777
2018-03-30T15:00:00.0;-0.1526093675927275
2018-03-30T16:00:00.0;-0.16547623503484926
2018-03-30T17:00:00.0;-0.1789679526442117
2018-03-30T18:00:00.0;-0.18626668189684345
2018-03-30T19:00:00.0;-0.19401054911553683
2018-03-30T20:00:00.0;-0.1966088646461863
2018-03-30T21:00:00.0;-0.19304275055953973
2018-03-30T22:00:00.0;-0.18337733221572236
2018-03-30T23:00:00.0;-0.17491566694497
2018-03-31T00:00:00.0;-0.16055956923028902
2018-03-31T01:00:00.0;-0.15380828994083207
2018-03-31T02:00:00.0;-0.14802476399700926
2018-03-31T03:00:00.0;-0.1423651339063173
2018-03-31T04:00:00.0;-0.13934324158541253
2018-03-31T05:00:00.0;-0.14158431640833538
2018-03-31T06:00:00.0;-0.14831349369682206
2018-03-31T07:00:00.0;-0.14869115491282625
2018-03-31T08:00:00.0;-0.14381299241889958
2018-03-31T09:00:00.0;-0.13509717457607245
2018-03-31T10:00:00.0;-0.12873203972265262
2018-03-31T11:00:00.0;-0.1267993894665943
2018-03-31T12:00:00.0;-0.12748215266228355
2018-03-31T13:00:00.0;-0.13090917554306813
2018-03-31T14:00:00.0;-0.13781929345147365
2018-03-31T15:00:00.0;-0.14752164979565313
2018-03-31T16:00:00.0;-0.163443859528037
2018-03-31T17:00:00.0;-0.17305637326647252
2018-03-31T18:00:00.0;-0.18398111643453627
2018-03-31T19:00:00.0;-0.1913797092334864
2018-03-31T20:00:00.0;-0.19343149455163666
2018-03-31T21:00:00.0;-0.188456800732392
2018-03-31T22:00:00.0;-0.17921622278155283
2018-03-31T23:00:00.0;-0.16791430896308715
2018-04-01T00:00:00.0;-0.16159100073668026
2018-04-01T01:00:00.0;-0.15447069326798937
2018-04-01T02:00:00.0;-0.14784597431228833
2018-04-01T03:00:00.0;-0.14176438434834482
2018-04-01T04:00:00.0;-0.13849855611051495
2018-04-01T05:00:00.0;-0.13836542632454082
2018-04-01T06:00:00.0;-0.14147804633041317
2018-04-01T07:00:00.0;-0.14264780574365296
2018-04-01T08:00:00.0;-0.13973135800076245
2018-04-01T09:00:00.0;-0.1344139112486922
2018-04-01T10:00:00.0;-0.13199482797954884
2018-04-01T11:00:00.0;-0.13101612113569608
2018-04-01T12:00:00.0;-0.13301517865024867
2018-04-01T13:00:00.0;-0.13718045588197042
2018-04-01T14:00:00.0;-0.14184655146916414
2018-04-01T15:00:00.0;-0.1507287313348062
2018-04-01T16:00:00.0;-0.16588350188376144
2018-04-01T17:00:00.0;-0.1750181341506357
2018-04-01T18:00:00.0;-0.18255484938894612
2018-04-01T19:00:00.0;-0.19116406483303872
2018-04-01T20:00:00.0;-0.19315819493129438
2018-04-01T21:00:00.0;-0.18745555132115915
2018-04-01T22:00:00.0;-0.17828297055251577
2018-04-01T23:00:00.0;-0.16779867165321996
2018-04-02T00:00:00.0;-0.1571589228681325
2018-04-02T01:00:00.0;-0.15021630732061253
2018-04-02T02:00:00.0;-0.1434636197187462
2018-04-02T03:00:00.0;-0.1370630097536906
2018-04-02T04:00:00.0;-0.1311105230457081
2018-04-02T05:00:00.0;-0.12712332719344754
2018-04-02T06:00:00.0;-0.12342947617220694
2018-04-02T07:00:00.0;-0.12360668631063235
2018-04-02T08:00:00.0;-0.12360142063744906
2018-04-02T09:00:00.0;-0.12204742525710169
2018-04-02T10:00:00.0;-0.12102424831273348
2018-04-02T11:00:00.0;-0.12152863920590427
2018-04-02T12:00:00.0;-0.12308632885707617
2018-04-02T13:00:00.0;-0.12780916519867383
2018-04-02T14:00:00.0;-0.13202519948275834
2018-04-02T15:00:00.0;-0.14006693360504213
2018-04-02T16:00:00.0;-0.1563333633562195
2018-04-02T17:00:00.0;-0.1682332753277291
2018-04-02T18:00:00.0;-0.17772670183041953
2018-04-02T19:00:00.0;-0.18725204908538934
2018-04-02T20:00:00.0;-0.188549696397767
2018-04-02T21:00:00.0;-0.1859234203901522
2018-04-02T22:00:00.0;-0.17677419620481022
2018-04-02T23:00:00.0;-0.16776520443941761
2018-04-03T00:00:00.0;-0.16655249568417532
2018-04-03T01:00:00.0;-0.15884642632081578
2018-04-03T02:00:00.0;-0.1527007605946593
2018-04-03T03:00:00.0;-0.14676361280724803
2018-04-03T04:00:00.0;-0.14081572566402797
2018-04-03T05:00:00.0;-0.13847210791210873
2018-04-03T06:00:00.0;-0.14510572462242305
2018-04-03T07:00:00.0;-0.14970100213913645
2018-04-03T08:00:00.0;-0.14947698742615004
2018-04-03T09:00:00.0;-0.14434436426711356
2018-04-03T10:00:00.0;-0.13767593033187203
2018-04-03T11:00:00.0;-0.13391492670611407
2018-04-03T12:00:00.0;-0.13490531488820123
2018-04-03T13:00:00.0;-0.13837740050795555
2018-04-03T14:00:00.0;-0.14492122122165454
2018-04-03T15:00:00.0;-0.1552447840543618
2018-04-03T16:00:00.0;-0.16720661681896445
2018-04-03T17:00:00.0;-0.1827831736647226
2018-04-03T18:00:00.0;-0.18975408766054924
2018-04-03T19:00:00.0;-0.19687028290685235
2018-04-03T20:00:00.0;-0.1995718070855582
2018-04-03T21:00:00.0;-0.19713527025031066
2018-04-03T22:00:00.0;-0.18714981049639415
2018-04-03T23:00:00.0;-0.17913964155393783
2018-04-04T00:00:00.0;-0.16832404635258813
2018-04-04T01:00:00.0;-0.1608830459503567
2018-04-04T02:00:00.0;-0.15413718837528836
2018-04-04T03:00:00.0;-0.14794406293685197
2018-04-04T04:00:00.0;-0.1459132188791128
2018-04-04T05:00:00.0;-0.14818840008332587
2018-04-04T06:00:00.0;-0.15806760024488914
2018-04-04T07:00:00.0;-0.16147171713155686
2018-04-04T08:00:00.0;-0.1575717917836437
2018-04-04T09:00:00.0;-0.14915856195543442
2018-04-04T10:00:00.0;-0.14432264807963088
2018-04-04T11:00:00.0;-0.14074669255767008
2018-04-04T12:00:00.0;-0.14135596281192508
2018-04-04T13:00:00.0;-0.14423731447694357
2018-04-04T14:00:00.0;-0.14976515730307646
2018-04-04T15:00:00.0;-0.15996334312130026
2018-04-04T16:00:00.0;-0.17411845482928706
2018-04-04T17:00:00.0;-0.18360309273887987
2018-04-04T18:00:00.0;-0.18932238404441473
2018-04-04T19:00:00.0;-0.19653112639042083
2018-04-04T20:00:00.0;-0.19959549446919295
2018-04-04T21:00:00.0;-0.1943048062220647
2018-04-04T22:00:00.0;-0.18481666389470927
2018-04-04T23:00:00.0;-0.1727062693772129
2018-04-05T00:00:00.0;-0.16735986748056011
2018-04-05T01:00:00.0;-0.15994744077287834
2018-04-05T02:00:00.0;-0.1530023788139972
2018-04-05T03:00:00.0;-0.14637775059779634
2018-04-05T04:00:00.0;-0.14205493814512887
2018-04-05T05:00:00.0;-0.141453275588643
2018-04-05T06:00:00.0;-0.14820352183970695
2018-04-05T07:00:00.0;-0.15181900219926478
2018-04-05T08:00:00.0;-0.15044764639447625
2018-04-05T09:00:00.0;-0.14414328190098177
2018-04-05T10:00:00.0;-0.13915524678769056
2018-04-05T11:00:00.0;-0.13543143529282647
2018-04-05T12:00:00.0;-0.13454675850784034
2018-04-05T13:00:00.0;-0.1371105145148865
2018-04-05T14:00:00.0;-0.14285617499470427
2018-04-05T15:00:00.0;-0.15315815619058523
2018-04-05T16:00:00.0;-0.1679090043885445
2018-04-05T17:00:00.0;-0.18072617342169373
2018-04-05T18:00:00.0;-0.18744862426009118
2018-04-05T19:00:00.0;-0.19480579212367172
2018-04-05T20:00:00.0;-0.1981297432025383
2018-04-05T21:00:00.0;-0.19685372796534154
2018-04-05T22:00:00.0;-0.18724009583557327
2018-04-05T23:00:00.0;-0.17567578396220862
2018-04-06T00:00:00.0;-0.1653150802200937
2018-04-06T01:00:00.0;-0.15570128316836426
2018-04-06T02:00:00.0;-0.14907516255875294
2018-04-06T03:00:00.0;-0.14306929180235647
2018-04-06T04:00:00.0;-0.13731522976595184
2018-04-06T05:00:00.0;-0.1345666246546236
2018-04-06T06:00:00.0;-0.13495944074041927
2018-04-06T07:00:00.0;-0.1368251632725755
2018-04-06T08:00:00.0;-0.1361138057951583
2018-04-06T09:00:00.0;-0.1329292623079432
2018-04-06T10:00:00.0;-0.12949272408161816
2018-04-06T11:00:00.0;-0.1293529118224662
2018-04-06T12:00:00.0;-0.1298838121908116
2018-04-06T13:00:00.0;-0.13257002479590535
2018-04-06T14:00:00.0;-0.13778641004586747
2018-04-06T15:00:00.0;-0.14682294729637654
2018-04-06T16:00:00.0;-0.161089893734916
2018-04-06T17:00:00.0;-0.1710470822826221
2018-04-06T18:00:00.0;-0.18045244246106182
2018-04-06T19:00:00.0;-0.18878626995069875
2018-04-06T20:00:00.0;-0.1913868234585586
2018-04-06T21:00:00.0;-0.1915191450021032
2018-04-06T22:00:00.0;-0.18336897115864334
2018-04-06T23:00:00.0;-0.1738707448832815
2018-04-07T00:00:00.0;-0.15589052946261495
2018-04-07T01:00:00.0;-0.14942790919082286
2018-04-07T02:00:00.0;-0.14363488259530516
2018-04-07T03:00:00.0;-0.1376940780617062
2018-04-07T04:00:00.0;-0.1321951404719768
2018-04-07T05:00:00.0;-0.13094835771993535
2018-04-07T06:00:00.0;-0.13324946746152605
2018-04-07T07:00:00.0;-0.13245052527457227
2018-04-07T08:00:00.0;-0.12943317797493348
2018-04-07T09:00:00.0;-0.12304082315814122
2018-04-07T10:00:00.0;-0.11688263104176443
2018-04-07T11:00:00.0;-0.115333652710794
2018-04-07T12:00:00.0;-0.11505283948771076
2018-04-07T13:00:00.0;-0.11830323629777535
2018-04-07T14:00:00.0;-0.12568987135766777
2018-04-07T15:00:00.0;-0.1357172841203352
2018-04-07T16:00:00.0;-0.15245486792123972
2018-04-07T17:00:00.0;-0.1644263848601076
2018-04-07T18:00:00.0;-0.17675382278642623
2018-04-07T19:00:00.0;-0.18490177200688543
2018-04-07T20:00:00.0;-0.18807707265250598
2018-04-07T21:00:00.0;-0.18707608551939928
2018-04-07T22:00:00.0;-0.17806633880220185
2018-04-07T23:00:00.0;-0.1675757706325344
2018-04-08T00:00:00.0;-0.16385805002683163
2018-04-08T01:00:00.0;-0.15669019142223437
2018-04-08T02:00:00.0;-0.15018348153917319
2018-04-08T03:00:00.0;-0.14428785891888998
2018-04-08T04:00:00.0;-0.14254773571566595
2018-04-08T05:00:00.0;-0.14462746456954617
2018-04-08T06:00:00.0;-0.1524006158946717
2018-04-08T07:00:00.0;-0.15402241231805228
2018-04-08T08:00:00.0;-0.1490991200536802
2018-04-08T09:00:00.0;-0.14115347993384092
2018-04-08T10:00:00.0;-0.13748104891913118
2018-04-08T11:00:00.0;-0.1352350238252923
2018-04-08T12:00:00.0;-0.13724604436260252
2018-04-08T13:00:00.0;-0.14079646186911285
2018-04-08T14:00:00.0;-0.1461003232872158
2018-04-08T15:00:00.0;-0.15593545054195107
2018-04-08T16:00:00.0;-0.17036620078661302
2018-04-08T17:00:00.0;-0.17784629605764962
2018-04-08T18:00:00.0;-0.18409026120492458
2018-04-08T19:00:00.0;-0.19214022554608004
2018-04-08T20:00:00.0;-0.19529594952076296
2018-04-08T21:00:00.0;-0.1883376545405502
2018-04-08T22:00:00.0;-0.17924275451934815
2018-04-08T23:00:00.0;-0.16768394893214467
2018-04-09T00:00:00.0;-0.16472207242319048
2018-04-09T01:00:00.0;-0.15736620457550607
2018-04-09T02:00:00.0;-0.15093738427646416
2018-04-09T03:00:00.0;-0.14507545951816128
2018-04-09T04:00:00.0;-0.14242282426365324
2018-04-09T05:00:00.0;-0.14353805203871192
2018-04-09T06:00:00.0;-0.1503889931926825
2018-04-09T07:00:00.0;-0.15282233225677946
2018-04-09T08:00:00.0;-0.14924654136049803
2018-04-09T09:00:00.0;-0.14238233414359142
2018-04-09T10:00:00.0;-0.13843588893556508
2018-04-09T11:00:00.0;-0.13628158264004764
2018-04-09T12:00:00.0;-0.13844755828524533
2018-04-09T13:00:00.0;-0.14233202576555315
2018-04-09T14:00:00.0;-0.14755448224352943
2018-04-09T15:00:00.0;-0.1570179337001124
2018-04-09T16:00:00.0;-0.17084410177348164
2018-04-09T17:00:00.0;-0.18019632057685514
2018-04-09T18:00:00.0;-0.18675230288494452
2018-04-09T19:00:00.0;-0.19461517058463468
2018-04-09T20:00:00.0;-0.19686206153598235
2018-04-09T21:00:00.0;-0.1902006075563582
2018-04-09T22:00:00.0;-0.1808043178033186
2018-04-09T23:00:00.0;-0.17040545881583535
2018-04-10T00:00:00.0;-0.1631173922802611
2018-04-10T01:00:00.0;-0.15575236775775964
2018-04-10T02:00:00.0;-0.14959918649909584
2018-04-10T03:00:00.0;-0.1436728316575051
2018-04-10T04:00:00.0;-0.13824150282679784
2018-04-10T05:00:00.0;-0.13606976956944827
2018-04-10T06:00:00.0;-0.14176586956238274
2018-04-10T07:00:00.0;-0.14465876452055965
2018-04-10T08:00:00.0;-0.1431575145146189
2018-04-10T09:00:00.0;-0.13768995466995917
2018-04-10T10:00:00.0;-0.1318762465790412
2018-04-10T11:00:00.0;-0.12867935845739673
2018-04-10T12:00:00.0;-0.12986481982265638
2018-04-10T13:00:00.0;-0.13326467210520387
2018-04-10T14:00:00.0;-0.13982364366651298
2018-04-10T15:00:00.0;-0.15035926486504939
2018-04-10T16:00:00.0;-0.16323783210910223
2018-04-10T17:00:00.0;-0.176685437495013
2018-04-10T18:00:00.0;-0.18386082002322904
2018-04-10T19:00:00.0;-0.1916425471661598
2018-04-10T20:00:00.0;-0.1953779095425663
2018-04-10T21:00:00.0;-0.19276978299988357
2018-04-10T22:00:00.0;-0.1832649533197287
2018-04-10T23:00:00.0;-0.17448571026555315
2018-04-11T00:00:00.0;-0.1661753146887064
2018-04-11T01:00:00.0;-0.15865801762769013
2018-04-11T02:00:00.0;-0.1519453434419383
2018-04-11T03:00:00.0;-0.14560039676428563
2018-04-11T04:00:00.0;-0.1407709279797247
2018-04-11T05:00:00.0;-0.13941336663494058
2018-04-11T06:00:00.0;-0.1439326679293399
2018-04-11T07:00:00.0;-0.1475263898042221
2018-04-11T08:00:00.0;-0.14694067254727375
2018-04-11T09:00:00.0;-0.14211267496127405
2018-04-11T10:00:00.0;-0.1377793741439853
2018-04-11T11:00:00.0;-0.1352098691221777
2018-04-11T12:00:00.0;-0.13571031728227037
2018-04-11T13:00:00.0;-0.13928815039305098
2018-04-11T14:00:00.0;-0.14453159714455424
2018-04-11T15:00:00.0;-0.1538730310499346
2018-04-11T16:00:00.0;-0.16802593115568976
2018-04-11T17:00:00.0;-0.18137860078607768
2018-04-11T18:00:00.0;-0.1887038764840867
2018-04-11T19:00:00.0;-0.19631595697349324
2018-04-11T20:00:00.0;-0.19809516535938637
2018-04-11T21:00:00.0;-0.19521458064292602
2018-04-11T22:00:00.0;-0.18543400270432958
2018-04-11T23:00:00.0;-0.17559635004179092
2018-04-12T00:00:00.0;-0.16785812494902996
2018-04-12T01:00:00.0;-0.16004699325648297
2018-04-12T02:00:00.0;-0.15397590287133217
2018-04-12T03:00:00.0;-0.14819298457969668
2018-04-12T04:00:00.0;-0.1429378305991675
2018-04-12T05:00:00.0;-0.14159597242366428
2018-04-12T06:00:00.0;-0.14963102202044062
2018-04-12T07:00:00.0;-0.15462173575966687
2018-04-12T08:00:00.0;-0.15383001972082622
2018-04-12T09:00:00.0;-0.148021096195111
2018-04-12T10:00:00.0;-0.14117113446035426
2018-04-12T11:00:00.0;-0.13730741750148823
2018-04-12T12:00:00.0;-0.13878808728047118
2018-04-12T13:00:00.0;-0.14239587281567492
2018-04-12T14:00:00.0;-0.14885589339607577
2018-04-12T15:00:00.0;-0.1590827156859639
2018-04-12T16:00:00.0;-0.17057328935099053
2018-04-12T17:00:00.0;-0.18552513392366582
2018-04-12T18:00:00.0;-0.19207338505402097
2018-04-12T19:00:00.0;-0.1989506969150396
2018-04-12T20:00:00.0;-0.2012706058268773
2018-04-12T21:00:00.0;-0.1974178532944042
2018-04-12T22:00:00.0;-0.18734477186357137
2018-04-12T23:00:00.0;-0.17934830391971923
2018-04-13T00:00:00.0;-0.16580549658998298
2018-04-13T01:00:00.0;-0.15856906472336257
2018-04-13T02:00:00.0;-0.1521301083865968
2018-04-13T03:00:00.0;-0.1463796593188984
2018-04-13T04:00:00.0;-0.14585326183633682
2018-04-13T05:00:00.0;-0.14967941262865514
2018-04-13T06:00:00.0;-0.16070185377309065
2018-04-13T07:00:00.0;-0.16274756823060418
2018-04-13T08:00:00.0;-0.15643156868841712
2018-04-13T09:00:00.0;-0.14667807738382452
2018-04-13T10:00:00.0;-0.14227401577298066
2018-04-13T11:00:00.0;-0.13926476506493563
2018-04-13T12:00:00.0;-0.14142283637875425
2018-04-13T13:00:00.0;-0.14465597005123024
2018-04-13T14:00:00.0;-0.15024696234398574
2018-04-13T15:00:00.0;-0.1605660823953791
2018-04-13T16:00:00.0;-0.17447429410528895
2018-04-13T17:00:00.0;-0.18068668449529982
2018-04-13T18:00:00.0;-0.1860068679665231
2018-04-13T19:00:00.0;-0.19363440860238806
2018-04-13T20:00:00.0;-0.19727277196456064
2018-04-13T21:00:00.0;-0.18903244942791808
2018-04-13T22:00:00.0;-0.17994694150197682
2018-04-13T23:00:00.0;-0.1676697421886704
2018-04-14T00:00:00.0;-0.16049667520276062
2018-04-14T01:00:00.0;-0.15353518317733242
2018-04-14T02:00:00.0;-0.14702482607053244
2018-04-14T03:00:00.0;-0.14092940062856615
2018-04-14T04:00:00.0;-0.13739804235088326
2018-04-14T05:00:00.0;-0.1369737982606717
2018-04-14T06:00:00.0;-0.14148090346242057
2018-04-14T07:00:00.0;-0.14225602299867066
2018-04-14T08:00:00.0;-0.1387029948584654
2018-04-14T09:00:00.0;-0.13246444746032576
2018-04-14T10:00:00.0;-0.128956991848931
2018-04-14T11:00:00.0;-0.12703077468979873
2018-04-14T12:00:00.0;-0.12835943692973362
2018-04-14T13:00:00.0;-0.13181067283850895
2018-04-14T14:00:00.0;-0.1374363305075834
2018-04-14T15:00:00.0;-0.14745731147505337
2018-04-14T16:00:00.0;-0.16249784809442255
2018-04-14T17:00:00.0;-0.17170150270961168
2018-04-14T18:00:00.0;-0.17901873763055132
2018-04-14T19:00:00.0;-0.1876034976789055
2018-04-14T20:00:00.0;-0.19147987439862524
2018-04-14T21:00:00.0;-0.18734676377306791
2018-04-14T22:00:00.0;-0.17840720748902328
2018-04-14T23:00:00.0;-0.1674563294052069
2018-04-15T00:00:00.0;-0.1661224720600241
2018-04-15T01:00:00.0;-0.15807523919829847
2018-04-15T02:00:00.0;-0.15157111128584033
2018-04-15T03:00:00.0;-0.145778197992479
2018-04-15T04:00:00.0;-0.14422673470099467
2018-04-15T05:00:00.0;-0.14679020610384716
2018-04-15T06:00:00.0;-0.15575249169186983
2018-04-15T07:00:00.0;-0.15760695760965918
2018-04-15T08:00:00.0;-0.15219701894295692
2018-04-15T09:00:00.0;-0.14361191954003813
2018-04-15T10:00:00.0;-0.13932431224342062
2018-04-15T11:00:00.0;-0.13696750250078382
2018-04-15T12:00:00.0;-0.1385342732757454
2018-04-15T13:00:00.0;-0.14129799513092917
2018-04-15T14:00:00.0;-0.146925004774619
2018-04-15T15:00:00.0;-0.15714961212762216
2018-04-15T16:00:00.0;-0.17118475868960775
2018-04-15T17:00:00.0;-0.17750675168444327
2018-04-15T18:00:00.0;-0.18377826486857865
2018-04-15T19:00:00.0;-0.19154788791552446
2018-04-15T20:00:00.0;-0.1953924282055384
2018-04-15T21:00:00.0;-0.18953026186212482
2018-04-15T22:00:00.0;-0.1809009217980269
2018-04-15T23:00:00.0;-0.16887584366085445
2018-04-16T00:00:00.0;-0.16719326625499295
2018-04-16T01:00:00.0;-0.15780363970926117
2018-04-16T02:00:00.0;-0.15127691827507508
2018-04-16T03:00:00.0;-0.14546075393960836
2018-04-16T04:00:00.0;-0.14205036542685914
2018-04-16T05:00:00.0;-0.14245961303744611
2018-04-16T06:00:00.0;-0.14880385766357598
2018-04-16T07:00:00.0;-0.15074761362514139
2018-04-16T08:00:00.0;-0.14695239535355528
2018-04-16T09:00:00.0;-0.1401033831240462
2018-04-16T10:00:00.0;-0.1354323899870352
2018-04-16T11:00:00.0;-0.1337329342820352
2018-04-16T12:00:00.0;-0.13430730125943183
2018-04-16T13:00:00.0;-0.1362411669987347
2018-04-16T14:00:00.0;-0.14219162839899166
2018-04-16T15:00:00.0;-0.1524883693713096
2018-04-16T16:00:00.0;-0.1662792298074033
2018-04-16T17:00:00.0;-0.17342256844967777
2018-04-16T18:00:00.0;-0.1810681410566837
2018-04-16T19:00:00.0;-0.18887408860883
2018-04-16T20:00:00.0;-0.19319836704144538
2018-04-16T21:00:00.0;-0.19134540922319773
2018-04-16T22:00:00.0;-0.18334979273468607
2018-04-16T23:00:00.0;-0.17200916795635773
2018-04-17T00:00:00.0;-0.16669069033258785
2018-04-17T01:00:00.0;-0.15668878518326274
2018-04-17T02:00:00.0;-0.15024261224006008
2018-04-17T03:00:00.0;-0.14435238752897672
2018-04-17T04:00:00.0;-0.1384803911814778
2018-04-17T05:00:00.0;-0.13591868667969087
2018-04-17T06:00:00.0;-0.13922772866373212
2018-04-17T07:00:00.0;-0.14147726817151318
2018-04-17T08:00:00.0;-0.1400307741256145
2018-04-17T09:00:00.0;-0.1354288197876756
2018-04-17T10:00:00.0;-0.13017517412255156
2018-04-17T11:00:00.0;-0.12873963986786022
2018-04-17T12:00:00.0;-0.12857374637099367
2018-04-17T13:00:00.0;-0.1302342810903988
2018-04-17T14:00:00.0;-0.13661643912517157
2018-04-17T15:00:00.0;-0.14697793290658923
2018-04-17T16:00:00.0;-0.16034854498104115
2018-04-17T17:00:00.0;-0.17028930180426097
2018-04-17T18:00:00.0;-0.17917649357800575
2018-04-17T19:00:00.0;-0.1870672097398442
2018-04-17T20:00:00.0;-0.19157875668533558
2018-04-17T21:00:00.0;-0.1933255919077717
2018-04-17T22:00:00.0;-0.18545658314274133
2018-04-17T23:00:00.0;-0.17560224771868982
2018-04-18T00:00:00.0;-0.16445216615784056
2018-04-18T01:00:00.0;-0.15655751937303106
2018-04-18T02:00:00.0;-0.15009889333135792
2018-04-18T03:00:00.0;-0.14423443165967859
2018-04-18T04:00:00.0;-0.14188941422178783
2018-04-18T05:00:00.0;-0.1434391705837672
2018-04-18T06:00:00.0;-0.15116738637015215
2018-04-18T07:00:00.0;-0.1525829139476794
2018-04-18T08:00:00.0;-0.14766571170490034
2018-04-18T09:00:00.0;-0.13964235637963296
2018-04-18T10:00:00.0;-0.13520437657465212
2018-04-18T11:00:00.0;-0.13289941359646903
2018-04-18T12:00:00.0;-0.1340878743994919
2018-04-18T13:00:00.0;-0.1367695481660916
2018-04-18T14:00:00.0;-0.14268172521854683
2018-04-18T15:00:00.0;-0.1530672201771288
2018-04-18T16:00:00.0;-0.1674184731259883
2018-04-18T17:00:00.0;-0.17457059262523586
2018-04-18T18:00:00.0;-0.1814687971742032
2018-04-18T19:00:00.0;-0.18942316704940235
2018-04-18T20:00:00.0;-0.19364864784557326
2018-04-18T21:00:00.0;-0.18909126383076674
2018-04-18T22:00:00.0;-0.18051868943684904
2018-04-18T23:00:00.0;-0.16871627531441208
2018-04-19T00:00:00.0;-0.1659662991154195
2018-04-19T01:00:00.0;-0.15722245515019548
2018-04-19T02:00:00.0;-0.15066041555546714
2018-04-19T03:00:00.0;-0.14477453904556722
2018-04-19T04:00:00.0;-0.14193138345960943
2018-04-19T05:00:00.0;-0.1428950250013583
2018-04-19T06:00:00.0;-0.14977022409614318
2018-04-19T07:00:00.0;-0.15136279881440873
2018-04-19T08:00:00.0;-0.14697945716068847
2018-04-19T09:00:00.0;-0.13957979764781686
2018-04-19T10:00:00.0;-0.1351917160280924
2018-04-19T11:00:00.0;-0.13325980645065058
2018-04-19T12:00:00.0;-0.13398651864073982
2018-04-19T13:00:00.0;-0.13615992313730502
2018-04-19T14:00:00.0;-0.14202904773743188
2018-04-19T15:00:00.0;-0.15238810563777636
2018-04-19T16:00:00.0;-0.1666080712776436
2018-04-19T17:00:00.0;-0.17345806361040111
2018-04-19T18:00:00.0;-0.18071298393189852
2018-04-19T19:00:00.0;-0.18864459466775735
2018-04-19T20:00:00.0;-0.19306623069178275
2018-04-19T21:00:00.0;-0.1901784044789066
2018-04-19T22:00:00.0;-0.18199913677019164
2018-04-19T23:00:00.0;-0.17020278583911475
2018-04-20T00:00:00.0;-0.16794219749053022
2018-04-20T01:00:00.0;-0.15847427965885913
2018-04-20T02:00:00.0;-0.15189091260547372
2018-04-20T03:00:00.0;-0.1461162581777443
2018-04-20T04:00:00.0;-0.14360136373772917
2018-04-20T05:00:00.0;-0.14512909248887096
2018-04-20T06:00:00.0;-0.15245047949090676
2018-04-20T07:00:00.0;-0.1542786713243638
2018-04-20T08:00:00.0;-0.14961420306213494
2018-04-20T09:00:00.0;-0.14199227037725223
2018-04-20T10:00:00.0;-0.13756496835850562
2018-04-20T11:00:00.0;-0.1359405431025376
2018-04-20T12:00:00.0;-0.13666871323723567
2018-04-20T13:00:00.0;-0.13852378820488565
2018-04-20T14:00:00.0;-0.1442893435632462
2018-04-20T15:00:00.0;-0.15453139212029507
2018-04-20T16:00:00.0;-0.16847736119927575
2018-04-20T17:00:00.0;-0.174211911477182
2018-04-20T18:00:00.0;-0.1815529183452383
2018-04-20T19:00:00.0;-0.18930723038990502
2018-04-20T20:00:00.0;-0.19359658926761175
2018-04-20T21:00:00.0;-0.19079949021940668
2018-04-20T22:00:00.0;-0.1829189064034192
2018-04-20T23:00:00.0;-0.17093086211660175
2018-04-21T00:00:00.0;-0.16755009748711958
2018-04-21T01:00:00.0;-0.15642537374569035
2018-04-21T02:00:00.0;-0.14966686151242348
2018-04-21T03:00:00.0;-0.1437239800863374
2018-04-21T04:00:00.0;-0.1384063538714413
2018-04-21T05:00:00.0;-0.13634307936396586
2018-04-21T06:00:00.0;-0.13755175490715363
2018-04-21T07:00:00.0;-0.13875420850778267
2018-04-21T08:00:00.0;-0.13675843032056625
2018-04-21T09:00:00.0;-0.13258598828875412
2018-04-21T10:00:00.0;-0.12882317047621158
2018-04-21T11:00:00.0;-0.1289972645783896
2018-04-21T12:00:00.0;-0.12842225013748138
2018-04-21T13:00:00.0;-0.1294851878604513
2018-04-21T14:00:00.0;-0.13515114952387258
2018-04-21T15:00:00.0;-0.14490923778229442
2018-04-21T16:00:00.0;-0.1594101538352995
2018-04-21T17:00:00.0;-0.166070631863312
2018-04-21T18:00:00.0;-0.17591035099126337
2018-04-21T19:00:00.0;-0.18419397274536606
2018-04-21T20:00:00.0;-0.18861407922608028
2018-04-21T21:00:00.0;-0.1914576861677674
2018-04-21T22:00:00.0;-0.18451960171119675
2018-04-21T23:00:00.0;-0.17346150990832765
2018-04-22T00:00:00.0;-0.15343422261476974
2018-04-22T01:00:00.0;-0.14687624089239076
2018-04-22T02:00:00.0;-0.14026686214332432
2018-04-22T03:00:00.0;-0.13366820707348176
2018-04-22T04:00:00.0;-0.1260147632840171
2018-04-22T05:00:00.0;-0.11978438146582185
2018-04-22T06:00:00.0;-0.11660011746613756
2018-04-22T07:00:00.0;-0.11576356393613883
2018-04-22T08:00:00.0;-0.11559479591196599
2018-04-22T09:00:00.0;-0.11356105599307176
2018-04-22T10:00:00.0;-0.11064460913823779
2018-04-22T11:00:00.0;-0.109517738053018
2018-04-22T12:00:00.0;-0.10931063695389966
2018-04-22T13:00:00.0;-0.11257269099617172
2018-04-22T14:00:00.0;-0.11868396747602944
2018-04-22T15:00:00.0;-0.12890669462183954
2018-04-22T16:00:00.0;-0.1452936251123869
2018-04-22T17:00:00.0;-0.1585587515222726
2018-04-22T18:00:00.0;-0.16814163080380545
2018-04-22T19:00:00.0;-0.1779041304393634
2018-04-22T20:00:00.0;-0.1831767026493945
2018-04-22T21:00:00.0;-0.18533553586806678
2018-04-22T22:00:00.0;-0.17685439805923092
2018-04-22T23:00:00.0;-0.1674296196396777
2018-04-23T00:00:00.0;-0.16138527186309798
2018-04-23T01:00:00.0;-0.15340982897048677
2018-04-23T02:00:00.0;-0.14712278600285905
2018-04-23T03:00:00.0;-0.14103671912943472
2018-04-23T04:00:00.0;-0.13437249679651042
2018-04-23T05:00:00.0;-0.13042199747772365
2018-04-23T06:00:00.0;-0.1330058165800743
2018-04-23T07:00:00.0;-0.1348011930652604
2018-04-23T08:00:00.0;-0.13400696727478992
2018-04-23T09:00:00.0;-0.12987841370082803
2018-04-23T10:00:00.0;-0.12455437459852714
2018-04-23T11:00:00.0;-0.12218607123433377
2018-04-23T12:00:00.0;-0.12241487555898818
2018-04-23T13:00:00.0;-0.1251324280599933
2018-04-23T14:00:00.0;-0.13184149027455083
2018-04-23T15:00:00.0;-0.14252065716806386
2018-04-23T16:00:00.0;-0.1562240718589373
2018-04-23T17:00:00.0;-0.1693147979932071
2018-04-23T18:00:00.0;-0.1777396588892551
2018-04-23T19:00:00.0;-0.1860483620432465
2018-04-23T20:00:00.0;-0.19078462979363228
2018-04-23T21:00:00.0;-0.1915586977009394
2018-04-23T22:00:00.0;-0.1827708441160821
2018-04-23T23:00:00.0;-0.17379006202543054
2018-04-24T00:00:00.0;-0.16938933815881974
2018-04-24T01:00:00.0;-0.16179070423222555
2018-04-24T02:00:00.0;-0.1545765108010739
2018-04-24T03:00:00.0;-0.14793165411452414
2018-04-24T04:00:00.0;-0.14375189604537825
2018-04-24T05:00:00.0;-0.1434670569770733
2018-04-24T06:00:00.0;-0.15056266166894336
2018-04-24T07:00:00.0;-0.15576035972068278
2018-04-24T08:00:00.0;-0.1539160719311302
2018-04-24T09:00:00.0;-0.14802134787216295
2018-04-24T10:00:00.0;-0.14278871133925428
2018-04-24T11:00:00.0;-0.13904198283828334
2018-04-24T12:00:00.0;-0.138204458906982
2018-04-24T13:00:00.0;-0.1402607005539509
2018-04-24T14:00:00.0;-0.14534062095261385
2018-04-24T15:00:00.0;-0.15469072255987812
2018-04-24T16:00:00.0;-0.1691518520998502
2018-04-24T17:00:00.0;-0.18129199519275888
2018-04-24T18:00:00.0;-0.18731048181850665
2018-04-24T19:00:00.0;-0.1940173559382454
2018-04-24T20:00:00.0;-0.19730217754625784
2018-04-24T21:00:00.0;-0.19433224508724417
2018-04-24T22:00:00.0;-0.1870136345821844
2018-04-24T23:00:00.0;-0.1764313287952571
2018-04-25T00:00:00.0;-0.16486306884936186
2018-04-25T01:00:00.0;-0.15756530206348146
2018-04-25T02:00:00.0;-0.15068640862011579
2018-04-25T03:00:00.0;-0.14420556651388713
2018-04-25T04:00:00.0;-0.13941505418012418
2018-04-25T05:00:00.0;-0.13796312658811166
2018-04-25T06:00:00.0;-0.14334491305060948
2018-04-25T07:00:00.0;-0.14668191118986346
2018-04-25T08:00:00.0;-0.1447553619108779
2018-04-25T09:00:00.0;-0.1392224849449331
2018-04-25T10:00:00.0;-0.1342825361726722
2018-04-25T11:00:00.0;-0.1310303063028011
2018-04-25T12:00:00.0;-0.13068739372616653
2018-04-25T13:00:00.0;-0.13312808891240102
2018-04-25T14:00:00.0;-0.13881303098373093
2018-04-25T15:00:00.0;-0.1487791561116039
2018-04-25T16:00:00.0;-0.1633855053335476
2018-04-25T17:00:00.0;-0.17544929631139614
2018-04-25T18:00:00.0;-0.18224145693267163
2018-04-25T19:00:00.0;-0.18978574142606705
2018-04-25T20:00:00.0;-0.1938964070122439
2018-04-25T21:00:00.0;-0.19189745495076269
2018-04-25T22:00:00.0;-0.18393981254605496
2018-04-25T23:00:00.0;-0.17356962656007846
2018-04-26T00:00:00.0;-0.16338425468549017
2018-04-26T01:00:00.0;-0.156114039171587
2018-04-26T02:00:00.0;-0.14934724896619986
2018-04-26T03:00:00.0;-0.14261864758127893
2018-04-26T04:00:00.0;-0.13550866853714352
2018-04-26T05:00:00.0;-0.13119639527611107
2018-04-26T06:00:00.0;-0.13393572952695426
2018-04-26T07:00:00.0;-0.13697142896103448
2018-04-26T08:00:00.0;-0.13782822784947085
2018-04-26T09:00:00.0;-0.13403559811297977
2018-04-26T10:00:00.0;-0.12870984471857885
2018-04-26T11:00:00.0;-0.12523787729355154
2018-04-26T12:00:00.0;-0.12386469418885945
2018-04-26T13:00:00.0;-0.12648841401852967
2018-04-26T14:00:00.0;-0.1328619044552619
2018-04-26T15:00:00.0;-0.14344148057045034
2018-04-26T16:00:00.0;-0.15813594373371126
2018-04-26T17:00:00.0;-0.17416486619727764
2018-04-26T18:00:00.0;-0.1822042629669274
2018-04-26T19:00:00.0;-0.19009753650796507
2018-04-26T20:00:00.0;-0.19416312080784331
2018-04-26T21:00:00.0;-0.1963607469025585
2018-04-26T22:00:00.0;-0.18679589852949655
2018-04-26T23:00:00.0;-0.1769588734943451
2018-04-27T00:00:00.0;-0.16042339205729705
2018-04-27T01:00:00.0;-0.15351880801766027
2018-04-27T02:00:00.0;-0.14706519011175165
2018-04-27T03:00:00.0;-0.14098835973752705
2018-04-27T04:00:00.0;-0.13760501600267666
2018-04-27T05:00:00.0;-0.13739763887668688
2018-04-27T06:00:00.0;-0.14331195142064868
2018-04-27T07:00:00.0;-0.1440032968347879
2018-04-27T08:00:00.0;-0.13983593614855325
2018-04-27T09:00:00.0;-0.13276951192033584
2018-04-27T10:00:00.0;-0.1286162152031302
2018-04-27T11:00:00.0;-0.12604563620792786
2018-04-27T12:00:00.0;-0.12709515891415854
2018-04-27T13:00:00.0;-0.13012250666031708
2018-04-27T14:00:00.0;-0.1362584256247168
2018-04-27T15:00:00.0;-0.14695771462147747
2018-04-27T16:00:00.0;-0.16179971111516925
2018-04-27T17:00:00.0;-0.170727200945226
2018-04-27T18:00:00.0;-0.1776418638617774
2018-04-27T19:00:00.0;-0.18613916855143695
2018-04-27T20:00:00.0;-0.1910885000543327
2018-04-27T21:00:00.0;-0.1874354346433745
2018-04-27T22:00:00.0;-0.1786183191199166
2018-04-27T23:00:00.0;-0.16727602098074137
2018-04-28T00:00:00.0;-0.15998795203132812
2018-04-28T01:00:00.0;-0.15243199937302787
2018-04-28T02:00:00.0;-0.14592411607486186
2018-04-28T03:00:00.0;-0.13976940289375175
2018-04-28T04:00:00.0;-0.13513827006611248
2018-04-28T05:00:00.0;-0.1333301186961851
2018-04-28T06:00:00.0;-0.1368830028899333
2018-04-28T07:00:00.0;-0.1372274025321303
2018-04-28T08:00:00.0;-0.13408576891279161
2018-04-28T09:00:00.0;-0.1283284825781643
2018-04-28T10:00:00.0;-0.12426965050758008
2018-04-28T11:00:00.0;-0.12228200023823019
2018-04-28T12:00:00.0;-0.12266107274707712
2018-04-28T13:00:00.0;-0.12523340712507247
2018-04-28T14:00:00.0;-0.13150139500674224
2018-04-28T15:00:00.0;-0.14220698355606287
2018-04-28T16:00:00.0;-0.1572699996933784
2018-04-28T17:00:00.0;-0.16663194339485268
2018-04-28T18:00:00.0;-0.1745546329762408
2018-04-28T19:00:00.0;-0.18328223491929416
2018-04-28T20:00:00.0;-0.18863961073245997
2018-04-28T21:00:00.0;-0.1876609779329004
2018-04-28T22:00:00.0;-0.1792784357615188
2018-04-28T23:00:00.0;-0.16825326182572098
2018-04-29T00:00:00.0;-0.15595688377815306
2018-04-29T01:00:00.0;-0.1490698182533959
2018-04-29T02:00:00.0;-0.14229134528563478
2018-04-29T03:00:00.0;-0.13580808099993025
2018-04-29T04:00:00.0;-0.12915264793683212
2018-04-29T05:00:00.0;-0.12416117023175943
2018-04-29T06:00:00.0;-0.11882145798797769
2018-04-29T07:00:00.0;-0.11872002611957969
2018-04-29T08:00:00.0;-0.11941641696340807
2018-04-29T09:00:00.0;-0.118763749775607
2018-04-29T10:00:00.0;-0.11802760252062261
2018-04-29T11:00:00.0;-0.11884787025624231
2018-04-29T12:00:00.0;-0.12024955922277827
2018-04-29T13:00:00.0;-0.12506764799966577
2018-04-29T14:00:00.0;-0.12923080803821882
2018-04-29T15:00:00.0;-0.13713339757711074
2018-04-29T16:00:00.0;-0.15367494347856173
2018-04-29T17:00:00.0;-0.16628408100803327
2018-04-29T18:00:00.0;-0.1762586440568573
2018-04-29T19:00:00.0;-0.1860170709267582
2018-04-29T20:00:00.0;-0.1872625403068788
2018-04-29T21:00:00.0;-0.18552459138294214
2018-04-29T22:00:00.0;-0.17639691744845673
2018-04-29T23:00:00.0;-0.16773374566811272
2018-04-30T00:00:00.0;-0.16726120150137586
2018-04-30T01:00:00.0;-0.15987701305674723
2018-04-30T02:00:00.0;-0.1530727379267076
2018-04-30T03:00:00.0;-0.14670979855645422
2018-04-30T04:00:00.0;-0.14361197631843242
2018-04-30T05:00:00.0;-0.1444821696359391
2018-04-30T06:00:00.0;-0.15272733860321921
2018-04-30T07:00:00.0;-0.1559922254062199
2018-04-30T08:00:00.0;-0.15312206929777342
2018-04-30T09:00:00.0;-0.14569914960385422
2018-04-30T10:00:00.0;-0.14085710210768573
2018-04-30T11:00:00.0;-0.1373038172365761
2018-04-30T12:00:00.0;-0.13732830859855735
2018-04-30T13:00:00.0;-0.1400897316448296
2018-04-30T14:00:00.0;-0.14575913406026303
2018-04-30T15:00:00.0;-0.15604247510660227
2018-04-30T16:00:00.0;-0.17050300240747432
2018-04-30T17:00:00.0;-0.1813276848461674
2018-04-30T18:00:00.0;-0.18756450812454614
2018-04-30T19:00:00.0;-0.1949429224715359
2018-04-30T20:00:00.0;-0.19827316194446992
2018-04-30T21:00:00.0;-0.19479016581245984
2018-04-30T22:00:00.0;-0.18530600086464474
2018-04-30T23:00:00.0;-0.17348716148483354
2018-05-01T00:00:00.0;-0.16645814277797372
2018-05-01T01:00:00.0;-0.1571282487660013
2018-05-01T02:00:00.0;-0.15077370848559188
2018-05-01T03:00:00.0;-0.14491879432677654
2018-05-01T04:00:00.0;-0.1394639002846662
2018-05-01T05:00:00.0;-0.1374547938479976
2018-05-01T06:00:00.0;-0.14205373893076562
2018-05-01T07:00:00.0;-0.14471580725323255
2018-05-01T08:00:00.0;-0.14306562924230123
2018-05-01T09:00:00.0;-0.13793715013997418
2018-05-01T10:00:00.0;-0.13244800625732675
2018-05-01T11:00:00.0;-0.13045314500364294
2018-05-01T12:00:00.0;-0.13080249907627647
2018-05-01T13:00:00.0;-0.132979593662791
2018-05-01T14:00:00.0;-0.13935511177783766
2018-05-01T15:00:00.0;-0.1497122406183252
2018-05-01T16:00:00.0;-0.16277172174927584
2018-05-01T17:00:00.0;-0.17347582600714878
2018-05-01T18:00:00.0;-0.18169953172306091
2018-05-01T19:00:00.0;-0.18943011844314372
2018-05-01T20:00:00.0;-0.19352748987265653
2018-05-01T21:00:00.0;-0.19353149185431867
2018-05-01T22:00:00.0;-0.1851572102535249
2018-05-01T23:00:00.0;-0.1755593320308725
2018-05-02T00:00:00.0;-0.16408185377199644
2018-05-02T01:00:00.0;-0.1555386111270685
2018-05-02T02:00:00.0;-0.14928723624030077
2018-05-02T03:00:00.0;-0.14332321198238926
2018-05-02T04:00:00.0;-0.13680608121403706
2018-05-02T05:00:00.0;-0.13334889031311264
2018-05-02T06:00:00.0;-0.13691322659196786
2018-05-02T07:00:00.0;-0.13959370622005482
2018-05-02T08:00:00.0;-0.13897467242468323
2018-05-02T09:00:00.0;-0.13468134104544996
2018-05-02T10:00:00.0;-0.1289224544495504
2018-05-02T11:00:00.0;-0.12649517579896313
2018-05-02T12:00:00.0;-0.12684233347540966
2018-05-02T13:00:00.0;-0.1294712141158187
2018-05-02T14:00:00.0;-0.13611750366959502
2018-05-02T15:00:00.0;-0.14662494263093878
2018-05-02T16:00:00.0;-0.1596364233168256
2018-05-02T17:00:00.0;-0.17277384817998595
2018-05-02T18:00:00.0;-0.1810732698726574
2018-05-02T19:00:00.0;-0.18896502586116815
2018-05-02T20:00:00.0;-0.1931209636853502
2018-05-02T21:00:00.0;-0.19357663228864022
2018-05-02T22:00:00.0;-0.18474698268286985
2018-05-02T23:00:00.0;-0.17603937442445977
2018-05-03T00:00:00.0;-0.1712525259911408
2018-05-03T01:00:00.0;-0.15940062420239656
2018-05-03T02:00:00.0;-0.1526703100959426
2018-05-03T03:00:00.0;-0.14693675252386684
2018-05-03T04:00:00.0;-0.14293717444134466
2018-05-03T05:00:00.0;-0.14289720648461018
2018-05-03T06:00:00.0;-0.14741278150056242
2018-05-03T07:00:00.0;-0.14928996400664854
2018-05-03T08:00:00.0;-0.14590407626866353
2018-05-03T09:00:00.0;-0.1399498188805699
2018-05-03T10:00:00.0;-0.1354475068278823
2018-05-03T11:00:00.0;-0.13517174689832284
2018-05-03T12:00:00.0;-0.1346403803450531
2018-05-03T13:00:00.0;-0.13510656015293032
2018-05-03T14:00:00.0;-0.1409427696221852
2018-05-03T15:00:00.0;-0.15102766527956246
2018-05-03T16:00:00.0;-0.1648233585440905
2018-05-03T17:00:00.0;-0.16951091183184494
2018-05-03T18:00:00.0;-0.17862632948608428
2018-05-03T19:00:00.0;-0.18633576734098156
2018-05-03T20:00:00.0;-0.19103495803855733
2018-05-03T21:00:00.0;-0.19295801872299148
2018-05-03T22:00:00.0;-0.18627388446268012
2018-05-03T23:00:00.0;-0.1743963298726879
2018-05-04T00:00:00.0;-0.17385386623003357
2018-05-04T01:00:00.0;-0.16066360682135603
2018-05-04T02:00:00.0;-0.15385609860620833
2018-05-04T03:00:00.0;-0.14819402059763648
2018-05-04T04:00:00.0;-0.1438234408610202
2018-05-04T05:00:00.0;-0.1435452331217253
2018-05-04T06:00:00.0;-0.14731573899571226
2018-05-04T07:00:00.0;-0.1494238551101297
2018-05-04T08:00:00.0;-0.14640452310530092
2018-05-04T09:00:00.0;-0.14094579818624284
2018-05-04T10:00:00.0;-0.13636509581601505
2018-05-04T11:00:00.0;-0.13675190635071946
2018-05-04T12:00:00.0;-0.13570725959404975
2018-05-04T13:00:00.0;-0.1354539722847454
2018-05-04T14:00:00.0;-0.1412460980246929
2018-05-04T15:00:00.0;-0.15118867962417035
2018-05-04T16:00:00.0;-0.16476219943272524
2018-05-04T17:00:00.0;-0.16847409468908106
2018-05-04T18:00:00.0;-0.17830766327711456
2018-05-04T19:00:00.0;-0.18586154954020764
2018-05-04T20:00:00.0;-0.19058429775105198
2018-05-04T21:00:00.0;-0.19436553810887272
2018-05-04T22:00:00.0;-0.18828742564701292
2018-05-04T23:00:00.0;-0.17632844192153627
2018-05-05T00:00:00.0;-0.16200698500098723
2018-05-05T01:00:00.0;-0.1524597012627423
2018-05-05T02:00:00.0;-0.1458283045610521
2018-05-05T03:00:00.0;-0.13966111354215188
2018-05-05T04:00:00.0;-0.1333334008754447
2018-05-05T05:00:00.0;-0.12958602108038017
2018-05-05T06:00:00.0;-0.1300593137747789
2018-05-05T07:00:00.0;-0.13023378483512693
2018-05-05T08:00:00.0;-0.128469934669491
2018-05-05T09:00:00.0;-0.12448952040790191
2018-05-05T10:00:00.0;-0.12035493858726222
2018-05-05T11:00:00.0;-0.11954489741679132
2018-05-05T12:00:00.0;-0.11865400352748591
2018-05-05T13:00:00.0;-0.11997255671085158
2018-05-05T14:00:00.0;-0.12642194241637544
2018-05-05T15:00:00.0;-0.13709889261375943
2018-05-05T16:00:00.0;-0.15216123887727834
2018-05-05T17:00:00.0;-0.16101717503745575
2018-05-05T18:00:00.0;-0.1706793525032108
2018-05-05T19:00:00.0;-0.17949292964601024
2018-05-05T20:00:00.0;-0.18547642566811415
2018-05-05T21:00:00.0;-0.18927864729847696
2018-05-05T22:00:00.0;-0.18197217824558162
2018-05-05T23:00:00.0;-0.17115515312553498
2018-05-06T00:00:00.0;-0.15406875961140648
2018-05-06T01:00:00.0;-0.14696252017853956
2018-05-06T02:00:00.0;-0.14044913030586173
2018-05-06T03:00:00.0;-0.13394347882250057
2018-05-06T04:00:00.0;-0.126304352458293
2018-05-06T05:00:00.0;-0.12023238873590641
2018-05-06T06:00:00.0;-0.1184963217793538
2018-05-06T07:00:00.0;-0.11737511763490477
2018-05-06T08:00:00.0;-0.11645252666815427
2018-05-06T09:00:00.0;-0.1134626822424504
2018-05-06T10:00:00.0;-0.10962703187938884
2018-05-06T11:00:00.0;-0.10801501773308603
2018-05-06T12:00:00.0;-0.10722714884182309
2018-05-06T13:00:00.0;-0.10959894328472733
2018-05-06T14:00:00.0;-0.11648873838116337
2018-05-06T15:00:00.0;-0.12765776605754828
2018-05-06T16:00:00.0;-0.1437177284646728
2018-05-06T17:00:00.0;-0.1560205258973039
2018-05-06T18:00:00.0;-0.16556785952085987
2018-05-06T19:00:00.0;-0.1752255162092355
2018-05-06T20:00:00.0;-0.18205379999376425
2018-05-06T21:00:00.0;-0.18587008052006596
2018-05-06T22:00:00.0;-0.17774052805054025
2018-05-06T23:00:00.0;-0.16768869375331102
2018-05-07T00:00:00.0;-0.16650559053355546
2018-05-07T01:00:00.0;-0.15680708932156126
2018-05-07T02:00:00.0;-0.15019697356393175
2018-05-07T03:00:00.0;-0.14431182604545084
2018-05-07T04:00:00.0;-0.14055969512829794
2018-05-07T05:00:00.0;-0.14041802223562735
2018-05-07T06:00:00.0;-0.1455051257890832
2018-05-07T07:00:00.0;-0.14685701368242818
2018-05-07T08:00:00.0;-0.14314675732935503
2018-05-07T09:00:00.0;-0.13672821065034318
2018-05-07T10:00:00.0;-0.13237944319114567
2018-05-07T11:00:00.0;-0.13110907448085687
2018-05-07T12:00:00.0;-0.13125710786614678
2018-05-07T13:00:00.0;-0.13283537069662363
2018-05-07T14:00:00.0;-0.13880579625702338
2018-05-07T15:00:00.0;-0.1491605467308082
2018-05-07T16:00:00.0;-0.1634178519978073
2018-05-07T17:00:00.0;-0.16996833328025815
2018-05-07T18:00:00.0;-0.1781383263681758
2018-05-07T19:00:00.0;-0.18619655287054937
2018-05-07T20:00:00.0;-0.19101389995652665
2018-05-07T21:00:00.0;-0.1905454302982104
2018-05-07T22:00:00.0;-0.18293583117154946
2018-05-07T23:00:00.0;-0.17129770091935104
2018-05-08T00:00:00.0;-0.16748804453204835
2018-05-08T01:00:00.0;-0.1562553073707631
2018-05-08T02:00:00.0;-0.14954243119184144
2018-05-08T03:00:00.0;-0.14360893496788313
2018-05-08T04:00:00.0;-0.1381867063600291
2018-05-08T05:00:00.0;-0.13604436827961827
2018-05-08T06:00:00.0;-0.1380431444641032
2018-05-08T07:00:00.0;-0.13911223271933887
2018-05-08T08:00:00.0;-0.13676752329059913
2018-05-08T09:00:00.0;-0.13210315613353207
2018-05-08T10:00:00.0;-0.1277621728775233
2018-05-08T11:00:00.0;-0.12750586524409793
2018-05-08T12:00:00.0;-0.12654383629377505
2018-05-08T13:00:00.0;-0.12713516421446708
2018-05-08T14:00:00.0;-0.13328046305281827
2018-05-08T15:00:00.0;-0.14361765142385774
2018-05-08T16:00:00.0;-0.15799117956948508
2018-05-08T17:00:00.0;-0.16446718181465614
2018-05-08T18:00:00.0;-0.17420865482884634
2018-05-08T19:00:00.0;-0.18243942536044444
2018-05-08T20:00:00.0;-0.18783962577304852
2018-05-08T21:00:00.0;-0.19163214024068917
2018-05-08T22:00:00.0;-0.1848939807260316
2018-05-08T23:00:00.0;-0.17354861882456918
2018-05-09T00:00:00.0;-0.1700581119202779
2018-05-09T01:00:00.0;-0.15930605531024758
2018-05-09T02:00:00.0;-0.1526459095756999
2018-05-09T03:00:00.0;-0.14691507637425313
2018-05-09T04:00:00.0;-0.14380762669560382
2018-05-09T05:00:00.0;-0.14477843139870486
2018-05-09T06:00:00.0;-0.15096030373337502
2018-05-09T07:00:00.0;-0.15290601098526052
2018-05-09T08:00:00.0;-0.1487729185587533
2018-05-09T09:00:00.0;-0.1418518753655756
2018-05-09T10:00:00.0;-0.13736791740635745
2018-05-09T11:00:00.0;-0.13642759415406608
2018-05-09T12:00:00.0;-0.1365641323068811
2018-05-09T13:00:00.0;-0.13769806543253602
2018-05-09T14:00:00.0;-0.1434641636898705
2018-05-09T15:00:00.0;-0.15359733227687844
2018-05-09T16:00:00.0;-0.16740062338279146
2018-05-09T17:00:00.0;-0.17239745628717784
2018-05-09T18:00:00.0;-0.18056972622737835
2018-05-09T19:00:00.0;-0.18824147230638502
2018-05-09T20:00:00.0;-0.19265907758721765
2018-05-09T21:00:00.0;-0.19204986455851591
2018-05-09T22:00:00.0;-0.1847843391213052
2018-05-09T23:00:00.0;-0.17279154871851762
2018-05-10T00:00:00.0;-0.16157380784911177
2018-05-10T01:00:00.0;-0.15344838352678902
2018-05-10T02:00:00.0;-0.14691562639368436
2018-05-10T03:00:00.0;-0.14082434349430387
2018-05-10T04:00:00.0;-0.1363415393084278
2018-05-10T05:00:00.0;-0.13486065973523995
2018-05-10T06:00:00.0;-0.13872938873331817
2018-05-10T07:00:00.0;-0.13929664384674056
2018-05-10T08:00:00.0;-0.13604160990192346
2018-05-10T09:00:00.0;-0.1301523699562779
2018-05-10T10:00:00.0;-0.1259872651983028
2018-05-10T11:00:00.0;-0.12417668406547333
2018-05-10T12:00:00.0;-0.12443906749614052
2018-05-10T13:00:00.0;-0.12671097698658323
2018-05-10T14:00:00.0;-0.13294449204313458
2018-05-10T15:00:00.0;-0.14360296724250454
2018-05-10T16:00:00.0;-0.15846906488993906
2018-05-10T17:00:00.0;-0.1671448236562511
2018-05-10T18:00:00.0;-0.17517202168287718
2018-05-10T19:00:00.0;-0.18374194068974065
2018-05-10T20:00:00.0;-0.18905259162675778
2018-05-10T21:00:00.0;-0.18839728634619718
2018-05-10T22:00:00.0;-0.18024102272326084
2018-05-10T23:00:00.0;-0.16906050591864216
2018-05-11T00:00:00.0;-0.16523637372747296
2018-05-11T01:00:00.0;-0.15474387194216244
2018-05-11T02:00:00.0;-0.14806789079376215
2018-05-11T03:00:00.0;-0.14204189386682986
2018-05-11T04:00:00.0;-0.13631882382947969
2018-05-11T05:00:00.0;-0.13360596134000507
2018-05-11T06:00:00.0;-0.1351085694199512
2018-05-11T07:00:00.0;-0.13582734529448615
2018-05-11T08:00:00.0;-0.13366420108441315
2018-05-11T09:00:00.0;-0.12920794554727835
2018-05-11T10:00:00.0;-0.12495001540652437
2018-05-11T11:00:00.0;-0.12443071296943421
2018-05-11T12:00:00.0;-0.12354050827351991
2018-05-11T13:00:00.0;-0.12446384259063778
2018-05-11T14:00:00.0;-0.1307251578998062
2018-05-11T15:00:00.0;-0.14120024107557697
2018-05-11T16:00:00.0;-0.15584743660629755
2018-05-11T17:00:00.0;-0.16328746789072188
2018-05-11T18:00:00.0;-0.1729359072629504
2018-05-11T19:00:00.0;-0.18139534580407665
2018-05-11T20:00:00.0;-0.18700848213232282
2018-05-11T21:00:00.0;-0.19063949122018595
2018-05-11T22:00:00.0;-0.18363798741759763
2018-05-11T23:00:00.0;-0.17249462834803256
2018-05-12T00:00:00.0;-0.15488148897526513
2018-05-12T01:00:00.0;-0.14828666727367293
2018-05-12T02:00:00.0;-0.14177922566633888
2018-05-12T03:00:00.0;-0.1353495321901353
2018-05-12T04:00:00.0;-0.12891280710454522
2018-05-12T05:00:00.0;-0.12437420005962145
2018-05-12T06:00:00.0;-0.12415991655224931
2018-05-12T07:00:00.0;-0.12349769888571807
2018-05-12T08:00:00.0;-0.12192431289294811
2018-05-12T09:00:00.0;-0.11814290757586693
2018-05-12T10:00:00.0;-0.1146452658852206
2018-05-12T11:00:00.0;-0.1129012567550342
2018-05-12T12:00:00.0;-0.11296687238549141
2018-05-12T13:00:00.0;-0.11602526120576545
2018-05-12T14:00:00.0;-0.12242194843327335
2018-05-12T15:00:00.0;-0.13312724410371532
2018-05-12T16:00:00.0;-0.14904526548762473
2018-05-12T17:00:00.0;-0.1609453820125267
2018-05-12T18:00:00.0;-0.16971695485040889
2018-05-12T19:00:00.0;-0.17917664321667945
2018-05-12T20:00:00.0;-0.1848823938883318
2018-05-12T21:00:00.0;-0.18571848703488447
2018-05-12T22:00:00.0;-0.17711168366550373
2018-05-12T23:00:00.0;-0.16696776721821277
2018-05-13T00:00:00.0;-0.1544381856863668
2018-05-13T01:00:00.0;-0.14790263530562303
2018-05-13T02:00:00.0;-0.14143271290088713
2018-05-13T03:00:00.0;-0.13499292794945028
2018-05-13T04:00:00.0;-0.1284324974808216
2018-05-13T05:00:00.0;-0.12373960788524499
2018-05-13T06:00:00.0;-0.12397339087846826
2018-05-13T07:00:00.0;-0.12315860088075042
2018-05-13T08:00:00.0;-0.1213806488155068
2018-05-13T09:00:00.0;-0.11730239601483537
2018-05-13T10:00:00.0;-0.11342796412269848
2018-05-13T11:00:00.0;-0.11134521302353714
2018-05-13T12:00:00.0;-0.11116196662461073
2018-05-13T13:00:00.0;-0.11396046871573541
2018-05-13T14:00:00.0;-0.12070237713407599
2018-05-13T15:00:00.0;-0.1318244356218459
2018-05-13T16:00:00.0;-0.14770485390817056
2018-05-13T17:00:00.0;-0.1596516887486376
2018-05-13T18:00:00.0;-0.16833950350134122
2018-05-13T19:00:00.0;-0.1778040352904305
2018-05-13T20:00:00.0;-0.18421123793282027
2018-05-13T21:00:00.0;-0.18565946336580624
2018-05-13T22:00:00.0;-0.17714081545989405
2018-05-13T23:00:00.0;-0.16683818060291966
2018-05-14T00:00:00.0;-0.16854287921832498
2018-05-14T01:00:00.0;-0.157231282340232
2018-05-14T02:00:00.0;-0.150541651978208
2018-05-14T03:00:00.0;-0.14467169976539093
2018-05-14T04:00:00.0;-0.13958212188761968
2018-05-14T05:00:00.0;-0.13797096497582115
2018-05-14T06:00:00.0;-0.14079908268741237
2018-05-14T07:00:00.0;-0.14223943905100914
2018-05-14T08:00:00.0;-0.1397206449985693
2018-05-14T09:00:00.0;-0.13472037869950454
2018-05-14T10:00:00.0;-0.13022565780188117
2018-05-14T11:00:00.0;-0.12985112178273497
2018-05-14T12:00:00.0;-0.12908338505642783
2018-05-14T13:00:00.0;-0.12973767436438405
2018-05-14T14:00:00.0;-0.1358223327274176
2018-05-14T15:00:00.0;-0.1460866046299096
2018-05-14T16:00:00.0;-0.16017419373502326
2018-05-14T17:00:00.0;-0.1665160505832857
2018-05-14T18:00:00.0;-0.17600919204547957
2018-05-14T19:00:00.0;-0.1840490524305112
2018-05-14T20:00:00.0;-0.18915093697034685
2018-05-14T21:00:00.0;-0.19225015286875263
2018-05-14T22:00:00.0;-0.18541789709731965
2018-05-14T23:00:00.0;-0.17409345216787722
2018-05-15T00:00:00.0;-0.16985372825785988
2018-05-15T01:00:00.0;-0.1588211080002882
2018-05-15T02:00:00.0;-0.15213943023044263
2018-05-15T03:00:00.0;-0.1463747322105768
2018-05-15T04:00:00.0;-0.14272279929055728
2018-05-15T05:00:00.0;-0.14299595182659364
2018-05-15T06:00:00.0;-0.1481839650043226
2018-05-15T07:00:00.0;-0.14997279851253947
2018-05-15T08:00:00.0;-0.146270983622538
2018-05-15T09:00:00.0;-0.13989853053448054
2018-05-15T10:00:00.0;-0.13543475016296685
2018-05-15T11:00:00.0;-0.13472874952367062
2018-05-15T12:00:00.0;-0.13456210251766718
2018-05-15T13:00:00.0;-0.13548441023202684
2018-05-15T14:00:00.0;-0.14132577919262165
2018-05-15T15:00:00.0;-0.15148369632170425
2018-05-15T16:00:00.0;-0.1653794782002148
2018-05-15T17:00:00.0;-0.17056319594061614
2018-05-15T18:00:00.0;-0.17916654326554604
2018-05-15T19:00:00.0;-0.18693722845221616
2018-05-15T20:00:00.0;-0.1915681750420801
2018-05-15T21:00:00.0;-0.19214741101628174
2018-05-15T22:00:00.0;-0.18507518566762027
2018-05-15T23:00:00.0;-0.1732100903908003
2018-05-16T00:00:00.0;-0.1669605863068207
2018-05-16T01:00:00.0;-0.1583384674987139
2018-05-16T02:00:00.0;-0.15175078707689635
2018-05-16T03:00:00.0;-0.14585436331737206
2018-05-16T04:00:00.0;-0.14305993370275893
2018-05-16T05:00:00.0;-0.14420625663083075
2018-05-16T06:00:00.0;-0.15173859849780752
2018-05-16T07:00:00.0;-0.15406715524980716
2018-05-16T08:00:00.0;-0.14983847008926768
2018-05-16T09:00:00.0;-0.14240686502519534
2018-05-16T10:00:00.0;-0.13775136637539578
2018-05-16T11:00:00.0;-0.13550214942689434
2018-05-16T12:00:00.0;-0.1363207788938193
2018-05-16T13:00:00.0;-0.1385864322098703
2018-05-16T14:00:00.0;-0.14433720790165822
2018-05-16T15:00:00.0;-0.15451315395504653
2018-05-16T16:00:00.0;-0.1684281271570403
2018-05-16T17:00:00.0;-0.17588479617246497
2018-05-16T18:00:00.0;-0.18275659925360166
2018-05-16T19:00:00.0;-0.19040183099309244
2018-05-16T20:00:00.0;-0.19447687295671823
2018-05-16T21:00:00.0;-0.19086359930604999
2018-05-16T22:00:00.0;-0.18275453983771162
2018-05-16T23:00:00.0;-0.17130501044855467
2018-05-17T00:00:00.0;-0.16421701886955006
2018-05-17T01:00:00.0;-0.15638798894702535
2018-05-17T02:00:00.0;-0.14939073362575653
2018-05-17T03:00:00.0;-0.14253088979784817
2018-05-17T04:00:00.0;-0.1356323794328856
2018-05-17T05:00:00.0;-0.13154215666163865
2018-05-17T06:00:00.0;-0.13364458942960752
2018-05-17T07:00:00.0;-0.13624956394446341
2018-05-17T08:00:00.0;-0.13686052099134513
2018-05-17T09:00:00.0;-0.13305466798696686
2018-05-17T10:00:00.0;-0.12823528991303146
2018-05-17T11:00:00.0;-0.12522087582085842
2018-05-17T12:00:00.0;-0.12314552917285752
2018-05-17T13:00:00.0;-0.12516482728795672
2018-05-17T14:00:00.0;-0.1313423035889259
2018-05-17T15:00:00.0;-0.14188774470450902
2018-05-17T16:00:00.0;-0.15730252524990165
2018-05-17T17:00:00.0;-0.17187901561359428
2018-05-17T18:00:00.0;-0.18030387029194794
2018-05-17T19:00:00.0;-0.18830616256303495
2018-05-17T20:00:00.0;-0.19273617894150924
2018-05-17T21:00:00.0;-0.19624994989405725
2018-05-17T22:00:00.0;-0.18717432240308796
2018-05-17T23:00:00.0;-0.17634781450545806
2018-05-18T00:00:00.0;-0.16742452275098252
2018-05-18T01:00:00.0;-0.15722317060377577
2018-05-18T02:00:00.0;-0.15058363421854398
2018-05-18T03:00:00.0;-0.1447215347403562
2018-05-18T04:00:00.0;-0.14079362418229713
2018-05-18T05:00:00.0;-0.14051194195473057
2018-05-18T06:00:00.0;-0.14525379927614057
2018-05-18T07:00:00.0;-0.14667644947923333
2018-05-18T08:00:00.0;-0.14313154914921047
2018-05-18T09:00:00.0;-0.1369338560306134
2018-05-18T10:00:00.0;-0.1325584898559791
2018-05-18T11:00:00.0;-0.13154450340902124
2018-05-18T12:00:00.0;-0.13148443756203318
2018-05-18T13:00:00.0;-0.13278764021789144
2018-05-18T14:00:00.0;-0.13874809134432284
2018-05-18T15:00:00.0;-0.14905362662975138
2018-05-18T16:00:00.0;-0.16323829831530093
2018-05-18T17:00:00.0;-0.16945271886180782
2018-05-18T18:00:00.0;-0.1779144082340373
2018-05-18T19:00:00.0;-0.1859244463724657
2018-05-18T20:00:00.0;-0.1907668922424216
2018-05-18T21:00:00.0;-0.19105886795098964
2018-05-18T22:00:00.0;-0.18368213045922674
2018-05-18T23:00:00.0;-0.17202469178676044
2018-05-19T00:00:00.0;-0.16717979873967814
2018-05-19T01:00:00.0;-0.15908704526499498
2018-05-19T02:00:00.0;-0.1525966276749841
2018-05-19T03:00:00.0;-0.14687301027355523
2018-05-19T04:00:00.0;-0.1459286331537574
2018-05-19T05:00:00.0;-0.14935170805769563
2018-05-19T06:00:00.0;-0.15957328052702457
2018-05-19T07:00:00.0;-0.16168731451657792
2018-05-19T08:00:00.0;-0.1557430036308323
2018-05-19T09:00:00.0;-0.14647865767223964
2018-05-19T10:00:00.0;-0.14203860677218902
2018-05-19T11:00:00.0;-0.1394902155186456
2018-05-19T12:00:00.0;-0.14124418957204837
2018-05-19T13:00:00.0;-0.14399345821443957
2018-05-19T14:00:00.0;-0.14958894789884633
2018-05-19T15:00:00.0;-0.15983813270784167
2018-05-19T16:00:00.0;-0.17365800510065318
2018-05-19T17:00:00.0;-0.17939760508178804
2018-05-19T18:00:00.0;-0.18528583914906296
2018-05-19T19:00:00.0;-0.19286475800130334
2018-05-19T20:00:00.0;-0.19659883945420562
2018-05-19T21:00:00.0;-0.1898565905071836
2018-05-19T22:00:00.0;-0.1811844733776061
2018-05-19T23:00:00.0;-0.16891119282570244
2018-05-20T00:00:00.0;-0.153750039144523
2018-05-20T01:00:00.0;-0.14674180786114938
2018-05-20T02:00:00.0;-0.14023315597332234
2018-05-20T03:00:00.0;-0.13371391527172155
2018-05-20T04:00:00.0;-0.12602213552902797
2018-05-20T05:00:00.0;-0.11985683955185326
2018-05-20T06:00:00.0;-0.1180320666056233
2018-05-20T07:00:00.0;-0.11685884098459282
2018-05-20T08:00:00.0;-0.11597002665071428
2018-05-20T09:00:00.0;-0.11301995369345327
2018-05-20T10:00:00.0;-0.10919630545543221
2018-05-20T11:00:00.0;-0.10755209202166391
2018-05-20T12:00:00.0;-0.10676835959338422
2018-05-20T13:00:00.0;-0.10918244176805551
2018-05-20T14:00:00.0;-0.11608991934134284
2018-05-20T15:00:00.0;-0.12727870397298577
2018-05-20T16:00:00.0;-0.143378720758445
2018-05-20T17:00:00.0;-0.15581990998270762
2018-05-20T18:00:00.0;-0.16536263261561923
2018-05-20T19:00:00.0;-0.17505417917404137
2018-05-20T20:00:00.0;-0.1819163812635871
2018-05-20T21:00:00.0;-0.18573322625583147
2018-05-20T22:00:00.0;-0.17757062691273412
2018-05-20T23:00:00.0;-0.16754951509620236
2018-05-21T00:00:00.0;-0.15165479478494356
2018-05-21T01:00:00.0;-0.1452908616993812
2018-05-21T02:00:00.0;-0.138813356967341
2018-05-21T03:00:00.0;-0.1322047817678771
2018-05-21T04:00:00.0;-0.1241668626781741
2018-05-21T05:00:00.0;-0.11738800748303069
2018-05-21T06:00:00.0;-0.11498008803745666
2018-05-21T07:00:00.0;-0.11346487714497479
2018-05-21T08:00:00.0;-0.11279810785326935
2018-05-21T09:00:00.0;-0.11010948953600033
2018-05-21T10:00:00.0;-0.10636474236460979
2018-05-21T11:00:00.0;-0.10450885323864553
2018-05-21T12:00:00.0;-0.10375231360667113
2018-05-21T13:00:00.0;-0.10644439214703152
2018-05-21T14:00:00.0;-0.11346811299219996
2018-05-21T15:00:00.0;-0.12478677836062645
2018-05-21T16:00:00.0;-0.14115010961441238
2018-05-21T17:00:00.0;-0.15450107606027427
2018-05-21T18:00:00.0;-0.1640134863877535
2018-05-21T19:00:00.0;-0.17392782240101098
2018-05-21T20:00:00.0;-0.1810130008747478
2018-05-21T21:00:00.0;-0.18483355662361245
2018-05-21T22:00:00.0;-0.17645370962105442
2018-05-21T23:00:00.0;-0.16663456508018284
2018-05-22T00:00:00.0;-0.16614339523146276
2018-05-22T01:00:00.0;-0.1570888085882712
2018-05-22T02:00:00.0;-0.150522178857534
2018-05-22T03:00:00.0;-0.1446605900214621
2018-05-22T04:00:00.0;-0.14164060630482916
2018-05-22T05:00:00.0;-0.14238192351689008
2018-05-22T06:00:00.0;-0.14882120974680157
2018-05-22T07:00:00.0;-0.1503055165893122
2018-05-22T08:00:00.0;-0.1459984406097164
2018-05-22T09:00:00.0;-0.13881392902531173
2018-05-22T10:00:00.0;-0.13445944616045313
2018-05-22T11:00:00.0;-0.13275709707425837
2018-05-22T12:00:00.0;-0.1333841005512959
2018-05-22T13:00:00.0;-0.13538064341093825
2018-05-22T14:00:00.0;-0.14127202327537375
2018-05-22T15:00:00.0;-0.15163049425036837
2018-05-22T16:00:00.0;-0.16582972088726952
2018-05-22T17:00:00.0;-0.1723852843970453
2018-05-22T18:00:00.0;-0.1798769709203739
2018-05-22T19:00:00.0;-0.18785398372514725
2018-05-22T20:00:00.0;-0.1924127716491681
2018-05-22T21:00:00.0;-0.190102550299451
2018-05-22T22:00:00.0;-0.18212277928585802
2018-05-22T23:00:00.0;-0.1703520935815961
2018-05-23T00:00:00.0;-0.16631328119369113
2018-05-23T01:00:00.0;-0.15848994602818955
2018-05-23T02:00:00.0;-0.15219483626585098
2018-05-23T03:00:00.0;-0.14640731656013298
2018-05-23T04:00:00.0;-0.14256286351750963
2018-05-23T05:00:00.0;-0.14250583590238566
2018-05-23T06:00:00.0;-0.14893124988329162
2018-05-23T07:00:00.0;-0.15242832811254525
2018-05-23T08:00:00.0;-0.15030288183333296
2018-05-23T09:00:00.0;-0.1444069128626075
2018-05-23T10:00:00.0;-0.13962249375202188
2018-05-23T11:00:00.0;-0.13728884173158742
2018-05-23T12:00:00.0;-0.13936753711085761
2018-05-23T13:00:00.0;-0.14327535221051327
2018-05-23T14:00:00.0;-0.14873485155351793
2018-05-23T15:00:00.0;-0.15812601235378201
2018-05-23T16:00:00.0;-0.17098118623518302
2018-05-23T17:00:00.0;-0.1824686435907763
2018-05-23T18:00:00.0;-0.18934807658056088
2018-05-23T19:00:00.0;-0.19686408858628207
2018-05-23T20:00:00.0;-0.1986058113196852
2018-05-23T21:00:00.0;-0.19302167870791245
2018-05-23T22:00:00.0;-0.18341961595226114
2018-05-23T23:00:00.0;-0.17428975607745284
2018-05-24T00:00:00.0;-0.16801908266446158
2018-05-24T01:00:00.0;-0.15939505156333872
2018-05-24T02:00:00.0;-0.15297057028860336
2018-05-24T03:00:00.0;-0.14686150759259367
2018-05-24T04:00:00.0;-0.14070520033086953
2018-05-24T05:00:00.0;-0.13812678619457225
2018-05-24T06:00:00.0;-0.1435189419415682
2018-05-24T07:00:00.0;-0.14780832967452737
2018-05-24T08:00:00.0;-0.147805812402087
2018-05-24T09:00:00.0;-0.14308474640384164
2018-05-24T10:00:00.0;-0.13686499426159032
2018-05-24T11:00:00.0;-0.13370599368013603
2018-05-24T12:00:00.0;-0.13364815492722382
2018-05-24T13:00:00.0;-0.13628164583146668
2018-05-24T14:00:00.0;-0.14264621777279218
2018-05-24T15:00:00.0;-0.15290743914529736
2018-05-24T16:00:00.0;-0.16559531473508954
2018-05-24T17:00:00.0;-0.1799551276823115
2018-05-24T18:00:00.0;-0.18763467549958127
2018-05-24T19:00:00.0;-0.19482502252053524
2018-05-24T20:00:00.0;-0.19791161008256183
2018-05-24T21:00:00.0;-0.19783717859987027
2018-05-24T22:00:00.0;-0.18847548302959016
2018-05-24T23:00:00.0;-0.1795408610305818
2018-05-25T00:00:00.0;-0.16477110615817592
2018-05-25T01:00:00.0;-0.1571633644622259
2018-05-25T02:00:00.0;-0.15087950959306728
2018-05-25T03:00:00.0;-0.1450396811893862
2018-05-25T04:00:00.0;-0.14148760490983125
2018-05-25T05:00:00.0;-0.141662409640621
2018-05-25T06:00:00.0;-0.14932932710387067
2018-05-25T07:00:00.0;-0.1519388261464402
2018-05-25T08:00:00.0;-0.14859504543897314
2018-05-25T09:00:00.0;-0.14152243894472066
2018-05-25T10:00:00.0;-0.13625230259127152
2018-05-25T11:00:00.0;-0.13327413347094255
2018-05-25T12:00:00.0;-0.13473730514840443
2018-05-25T13:00:00.0;-0.13791372308641509
2018-05-25T14:00:00.0;-0.14407618704614752
2018-05-25T15:00:00.0;-0.15449346768393837
2018-05-25T16:00:00.0;-0.16773107080199703
2018-05-25T17:00:00.0;-0.17807687112439952
2018-05-25T18:00:00.0;-0.1846667089933656
2018-05-25T19:00:00.0;-0.19235078072295145
2018-05-25T20:00:00.0;-0.19604937553410356
2018-05-25T21:00:00.0;-0.19159370459337588
2018-05-25T22:00:00.0;-0.18238790314981645
2018-05-25T23:00:00.0;-0.17219546925204954
2018-05-26T00:00:00.0;-0.16029124460667032
2018-05-26T01:00:00.0;-0.15132157779597732
2018-05-26T02:00:00.0;-0.1447192653521315
2018-05-26T03:00:00.0;-0.1384825838495454
2018-05-26T04:00:00.0;-0.13194581303973227
2018-05-26T05:00:00.0;-0.12778890168597684
2018-05-26T06:00:00.0;-0.12792114168739338
2018-05-26T07:00:00.0;-0.12783355989822895
2018-05-26T08:00:00.0;-0.12619187566016277
2018-05-26T09:00:00.0;-0.12234937212987834
2018-05-26T10:00:00.0;-0.11827758244387318
2018-05-26T11:00:00.0;-0.11725706908276409
2018-05-26T12:00:00.0;-0.11643298797356368
2018-05-26T13:00:00.0;-0.11801395800963958
2018-05-26T14:00:00.0;-0.12454922062132423
2018-05-26T15:00:00.0;-0.13533076740330138
2018-05-26T16:00:00.0;-0.15059900473150772
2018-05-26T17:00:00.0;-0.1601856394804012
2018-05-26T18:00:00.0;-0.1697597778369087
2018-05-26T19:00:00.0;-0.17874454621209637
2018-05-26T20:00:00.0;-0.1848827264939019
2018-05-26T21:00:00.0;-0.1885149416873364
2018-05-26T22:00:00.0;-0.1809993334796771
2018-05-26T23:00:00.0;-0.17033196470483347
2018-05-27T00:00:00.0;-0.15515108498710492
2018-05-27T01:00:00.0;-0.14800795419644386
2018-05-27T02:00:00.0;-0.1414996478626223
2018-05-27T03:00:00.0;-0.13506181626058014
2018-05-27T04:00:00.0;-0.12804159437971596
2018-05-27T05:00:00.0;-0.12283618565831182
2018-05-27T06:00:00.0;-0.12220877066746373
2018-05-27T07:00:00.0;-0.12137065943554426
2018-05-27T08:00:00.0;-0.11998038808497336
2018-05-27T09:00:00.0;-0.11640472664803564
2018-05-27T10:00:00.0;-0.11251756360909869
2018-05-27T11:00:00.0;-0.1107951771280942
2018-05-27T12:00:00.0;-0.11025681113194084
2018-05-27T13:00:00.0;-0.1126907350769366
2018-05-27T14:00:00.0;-0.11946539142458919
2018-05-27T15:00:00.0;-0.13055691857880972
2018-05-27T16:00:00.0;-0.14642329428533293
2018-05-27T17:00:00.0;-0.15817156499451085
2018-05-27T18:00:00.0;-0.16736053629494974
2018-05-27T19:00:00.0;-0.1768365767897871
2018-05-27T20:00:00.0;-0.18338457966986135
2018-05-27T21:00:00.0;-0.18617513255622126
2018-05-27T22:00:00.0;-0.17797296801003323
2018-05-27T23:00:00.0;-0.16772374325954348
2018-05-28T00:00:00.0;-0.17307422179086018
2018-05-28T01:00:00.0;-0.16117215414486555
2018-05-28T02:00:00.0;-0.1544387379621407
2018-05-28T03:00:00.0;-0.14881524172021132
2018-05-28T04:00:00.0;-0.14585308717241213
2018-05-28T05:00:00.0;-0.14725306822344914
2018-05-28T06:00:00.0;-0.1533988208301948
2018-05-28T07:00:00.0;-0.1557748025881359
2018-05-28T08:00:00.0;-0.1517054375364816
2018-05-28T09:00:00.0;-0.14490820900039778
2018-05-28T10:00:00.0;-0.14045481882566266
2018-05-28T11:00:00.0;-0.14010499789476427
2018-05-28T12:00:00.0;-0.14006805943958922
2018-05-28T13:00:00.0;-0.1407381351384347
2018-05-28T14:00:00.0;-0.14627317285646432
2018-05-28T15:00:00.0;-0.1560944815270229
2018-05-28T16:00:00.0;-0.16959920662112574
2018-05-28T17:00:00.0;-0.17340761707685015
2018-05-28T18:00:00.0;-0.18196477771695935
2018-05-28T19:00:00.0;-0.1893863181495563
2018-05-28T20:00:00.0;-0.19339722778283241
2018-05-28T21:00:00.0;-0.1934342111073412
2018-05-28T22:00:00.0;-0.18659088576896213
2018-05-28T23:00:00.0;-0.17445482970782206
2018-05-29T00:00:00.0;-0.17178105277016706
2018-05-29T01:00:00.0;-0.16263669575416898
2018-05-29T02:00:00.0;-0.15663063835833635
2018-05-29T03:00:00.0;-0.15114433581827477
2018-05-29T04:00:00.0;-0.14640254219723062
2018-05-29T05:00:00.0;-0.14608526695893498
2018-05-29T06:00:00.0;-0.15527211779415576
2018-05-29T07:00:00.0;-0.16100010178698615
2018-05-29T08:00:00.0;-0.15981994525051782
2018-05-29T09:00:00.0;-0.1536124796627304
2018-05-29T10:00:00.0;-0.146394364187078
2018-05-29T11:00:00.0;-0.1429926588814407
2018-05-29T12:00:00.0;-0.14474753134310178
2018-05-29T13:00:00.0;-0.1479338718013515
2018-05-29T14:00:00.0;-0.15428129016733028
2018-05-29T15:00:00.0;-0.16425975637278686
2018-05-29T16:00:00.0;-0.17482621075965257
2018-05-29T17:00:00.0;-0.1881809936442881
2018-05-29T18:00:00.0;-0.19482826686377444
2018-05-29T19:00:00.0;-0.20125543230176937
2018-05-29T20:00:00.0;-0.20308657212375883
2018-05-29T21:00:00.0;-0.19897403147846443
2018-05-29T22:00:00.0;-0.18931595673613383
2018-05-29T23:00:00.0;-0.18141200093196058
2018-05-30T00:00:00.0;-0.1742039875065178
2018-05-30T01:00:00.0;-0.16173449299167075
2018-05-30T02:00:00.0;-0.1549810520504616
2018-05-30T03:00:00.0;-0.14939457384280294
2018-05-30T04:00:00.0;-0.14631386311303884
2018-05-30T05:00:00.0;-0.14767677888241476
2018-05-30T06:00:00.0;-0.15380503551676147
2018-05-30T07:00:00.0;-0.1562682571210007
2018-05-30T08:00:00.0;-0.15222368224739524
2018-05-30T09:00:00.0;-0.14545940459291382
2018-05-30T10:00:00.0;-0.14083540901881267
2018-05-30T11:00:00.0;-0.14064251419239773
2018-05-30T12:00:00.0;-0.14033110878179178
2018-05-30T13:00:00.0;-0.14060729731604066
2018-05-30T14:00:00.0;-0.14622577359617087
2018-05-30T15:00:00.0;-0.15611751274143987
2018-05-30T16:00:00.0;-0.16948587449740185
2018-05-30T17:00:00.0;-0.1728089978108454
2018-05-30T18:00:00.0;-0.18160059240671123
2018-05-30T19:00:00.0;-0.1889310007065703
2018-05-30T20:00:00.0;-0.1931543064089115
2018-05-30T21:00:00.0;-0.1940688538093635
2018-05-30T22:00:00.0;-0.18750961628837667
2018-05-30T23:00:00.0;-0.17525636489805996
2018-05-31T00:00:00.0;-0.17234065759111725
2018-05-31T01:00:00.0;-0.16103219572826824
2018-05-31T02:00:00.0;-0.154348527866201
2018-05-31T03:00:00.0;-0.14872567028851003
2018-05-31T04:00:00.0;-0.1462116718805329
2018-05-31T05:00:00.0;-0.14812109291526246
2018-05-31T06:00:00.0;-0.1553351970548061
2018-05-31T07:00:00.0;-0.15770578849916078
2018-05-31T08:00:00.0;-0.1531572643354258
2018-05-31T09:00:00.0;-0.1457297852471237
2018-05-31T10:00:00.0;-0.14115458528847571
2018-05-31T11:00:00.0;-0.14033684009086803
2018-05-31T12:00:00.0;-0.14057332475976986
2018-05-31T13:00:00.0;-0.14150555547933674
2018-05-31T14:00:00.0;-0.14711793402877
2018-05-31T15:00:00.0;-0.15710449397405732
2018-05-31T16:00:00.0;-0.17059262945830161
2018-05-31T17:00:00.0;-0.17455677957416163
2018-05-31T18:00:00.0;-0.18257819006653978
2018-05-31T19:00:00.0;-0.18997452158713157
2018-05-31T20:00:00.0;-0.19406804914575002
2018-05-31T21:00:00.0;-0.19295145271394462
2018-05-31T22:00:00.0;-0.18583172459211958
2018-05-31T23:00:00.0;-0.17357315999949524
2018-06-01T00:00:00.0;-0.17037041162031633
2018-06-01T01:00:00.0;-0.16028960133202796
2018-06-01T02:00:00.0;-0.15367971006041506
2018-06-01T03:00:00.0;-0.14801838569987788
2018-06-01T04:00:00.0;-0.1461036170146544
2018-06-01T05:00:00.0;-0.14859090125449065
2018-06-01T06:00:00.0;-0.1569531577713113
2018-06-01T07:00:00.0;-0.15922580402744205
2018-06-01T08:00:00.0;-0.15414441445422739
2018-06-01T09:00:00.0;-0.14601568007988341
2018-06-01T10:00:00.0;-0.14149207558156945
2018-06-01T11:00:00.0;-0.1400136267071621
2018-06-01T12:00:00.0;-0.1408294388546119
2018-06-01T13:00:00.0;-0.142455354821013
2018-06-01T14:00:00.0;-0.14806128575790198
2018-06-01T15:00:00.0;-0.15814810722834388
2018-06-01T16:00:00.0;-0.17176288894072292
2018-06-01T17:00:00.0;-0.17640484735247178
2018-06-01T18:00:00.0;-0.18361188132777173
2018-06-01T19:00:00.0;-0.19107791867928345
2018-06-01T20:00:00.0;-0.19503422155071443
2018-06-01T21:00:00.0;-0.19176993623217634
2018-06-01T22:00:00.0;-0.18405755710483368
2018-06-01T23:00:00.0;-0.17179337444352907
2018-06-02T00:00:00.0;-0.1649330179830481
2018-06-02T01:00:00.0;-0.15630332950102444
2018-06-02T02:00:00.0;-0.14975846343802168
2018-06-02T03:00:00.0;-0.14384912767292363
2018-06-02T04:00:00.0;-0.14070756304812942
2018-06-02T05:00:00.0;-0.141192319209101
2018-06-02T06:00:00.0;-0.1474385251734866
2018-06-02T07:00:00.0;-0.14874422938379558
2018-06-02T08:00:00.0;-0.14450256292327238
2018-06-02T09:00:00.0;-0.137388813767892
2018-06-02T10:00:00.0;-0.13307799495954395
2018-06-02T11:00:00.0;-0.13121423688395178
2018-06-02T12:00:00.0;-0.13190388375496104
2018-06-02T13:00:00.0;-0.13409765724780587
2018-06-02T14:00:00.0;-0.140046377212372
2018-06-02T15:00:00.0;-0.15047802377581923
2018-06-02T16:00:00.0;-0.164819109334411
2018-06-02T17:00:00.0;-0.17188517069604833
2018-06-02T18:00:00.0;-0.17929273835851503
2018-06-02T19:00:00.0;-0.18738660343443278
2018-06-02T20:00:00.0;-0.19204479793369697
2018-06-02T21:00:00.0;-0.18955439307547883
2018-06-02T22:00:00.0;-0.18141620628724164
2018-06-02T23:00:00.0;-0.1697456196514083
2018-06-03T00:00:00.0;-0.17236883439793327
2018-06-03T01:00:00.0;-0.16052901964250782
2018-06-03T02:00:00.0;-0.15380753584702836
2018-06-03T03:00:00.0;-0.14814759944466319
2018-06-03T04:00:00.0;-0.14486092093932376
2018-06-03T05:00:00.0;-0.14580783240861706
2018-06-03T06:00:00.0;-0.15160366323012678
2018-06-03T07:00:00.0;-0.15379085978127782
2018-06-03T08:00:00.0;-0.1498628049816999
2018-06-03T09:00:00.0;-0.14322796876645033
2018-06-03T10:00:00.0;-0.13867070445420948
2018-06-03T11:00:00.0;-0.138243882100385
2018-06-03T12:00:00.0;-0.13801450331509685
2018-06-03T13:00:00.0;-0.1385796187839142
2018-06-03T14:00:00.0;-0.14428774063347835
2018-06-03T15:00:00.0;-0.15429093889456436
2018-06-03T16:00:00.0;-0.16787721390455754
2018-06-03T17:00:00.0;-0.17197850144924873
2018-06-03T18:00:00.0;-0.18066093780197662
2018-06-03T19:00:00.0;-0.18817178520251276
2018-06-03T20:00:00.0;-0.1925539232961088
2018-06-03T21:00:00.0;-0.19324559497972507
2018-06-03T22:00:00.0;-0.18645525390885917
2018-06-03T23:00:00.0;-0.1743583445359922
2018-06-04T00:00:00.0;-0.17211435290303942
2018-06-04T01:00:00.0;-0.16059752133081634
2018-06-04T02:00:00.0;-0.15386531184562438
2018-06-04T03:00:00.0;-0.1481997503659727
2018-06-04T04:00:00.0;-0.1451786579965306
2018-06-04T05:00:00.0;-0.14640134244666445
2018-06-04T06:00:00.0;-0.15210728509547214
2018-06-04T07:00:00.0;-0.15438709847918855
2018-06-04T08:00:00.0;-0.15049586207054935
2018-06-04T09:00:00.0;-0.14393254279023904
2018-06-04T10:00:00.0;-0.1397241506104571
2018-06-04T11:00:00.0;-0.13939845426085826
2018-06-04T12:00:00.0;-0.13955375230892825
2018-06-04T13:00:00.0;-0.14055572781331047
2018-06-04T14:00:00.0;-0.14596330092612061
2018-06-04T15:00:00.0;-0.15563401460793388
2018-06-04T16:00:00.0;-0.16929981958887613
2018-06-04T17:00:00.0;-0.17358908896550693
2018-06-04T18:00:00.0;-0.182112049738301
2018-06-04T19:00:00.0;-0.18964731518444855
2018-06-04T20:00:00.0;-0.19338290712501743
2018-06-04T21:00:00.0;-0.19292541147567205
2018-06-04T22:00:00.0;-0.18588027015050962
2018-06-04T23:00:00.0;-0.1739292168006651
2018-06-05T00:00:00.0;-0.173995406884367
2018-06-05T01:00:00.0;-0.16141017237611183
2018-06-05T02:00:00.0;-0.15464696217854237
2018-06-05T03:00:00.0;-0.1490384168989605
2018-06-05T04:00:00.0;-0.14565573370921603
2018-06-05T05:00:00.0;-0.14662348936881622
2018-06-05T06:00:00.0;-0.15220290627868802
2018-06-05T07:00:00.0;-0.15456738660494299
2018-06-05T08:00:00.0;-0.15075947407832554
2018-06-05T09:00:00.0;-0.14429521668741752
2018-06-05T10:00:00.0;-0.139685613263504
2018-06-05T11:00:00.0;-0.13960519996533094
2018-06-05T12:00:00.0;-0.13913630375399613
2018-06-05T13:00:00.0;-0.13931511310510067
2018-06-05T14:00:00.0;-0.14497864872076416
2018-06-05T15:00:00.0;-0.1548896444872564
2018-06-05T16:00:00.0;-0.1683192117436967
2018-06-05T17:00:00.0;-0.17178430833732
2018-06-05T18:00:00.0;-0.18080023254102787
2018-06-05T19:00:00.0;-0.18819326035260206
2018-06-05T20:00:00.0;-0.19253911850991837
2018-06-05T21:00:00.0;-0.19407635543235013
2018-06-05T22:00:00.0;-0.18760784184878693
2018-06-05T23:00:00.0;-0.17543126344328497
2018-06-06T00:00:00.0;-0.17330619637671296
2018-06-06T01:00:00.0;-0.16029689651506876
2018-06-06T02:00:00.0;-0.15349311511506136
2018-06-06T03:00:00.0;-0.1478064983855706
2018-06-06T04:00:00.0;-0.14335475773247072
2018-06-06T05:00:00.0;-0.14292218553168262
2018-06-06T06:00:00.0;-0.14646055130027863
2018-06-06T07:00:00.0;-0.1484914442820293
2018-06-06T08:00:00.0;-0.14556525183407454
2018-06-06T09:00:00.0;-0.14022420089793725
2018-06-06T10:00:00.0;-0.13572143621925087
2018-06-06T11:00:00.0;-0.13609479280527667
2018-06-06T12:00:00.0;-0.13509554401014906
2018-06-06T13:00:00.0;-0.1349622970798472
2018-06-06T14:00:00.0;-0.14073782143631466
2018-06-06T15:00:00.0;-0.15065755642144574
2018-06-06T16:00:00.0;-0.16431325040533523
2018-06-06T17:00:00.0;-0.16828382353439197
2018-06-06T18:00:00.0;-0.17811908024839418
2018-06-06T19:00:00.0;-0.1857370703399187
2018-06-06T20:00:00.0;-0.1904219873507368
2018-06-06T21:00:00.0;-0.1941105212452547
2018-06-06T22:00:00.0;-0.18795524887423903
2018-06-06T23:00:00.0;-0.1760780100183128
2018-06-07T00:00:00.0;-0.17535639405821354
2018-06-07T01:00:00.0;-0.16216884010373814
2018-06-07T02:00:00.0;-0.1553722468721747
2018-06-07T03:00:00.0;-0.14980826807485956
2018-06-07T04:00:00.0;-0.14637706493515976
2018-06-07T05:00:00.0;-0.14740198567578394
2018-06-07T06:00:00.0;-0.15285868234171657
2018-06-07T07:00:00.0;-0.15537919256792943
2018-06-07T08:00:00.0;-0.1516462932912581
2018-06-07T09:00:00.0;-0.14529218330011537
2018-06-07T10:00:00.0;-0.14063800928768325
2018-06-07T11:00:00.0;-0.14083156328905802
2018-06-07T12:00:00.0;-0.1401813063889679
2018-06-07T13:00:00.0;-0.1400517550130159
2018-06-07T14:00:00.0;-0.145674002533412
2018-06-07T15:00:00.0;-0.15550709821985229
2018-06-07T16:00:00.0;-0.16880138397453676
2018-06-07T17:00:00.0;-0.1717280538844195
2018-06-07T18:00:00.0;-0.18099598130762592
2018-06-07T19:00:00.0;-0.1882856183243894
2018-06-07T20:00:00.0;-0.1925891874206991
2018-06-07T21:00:00.0;-0.1947599286064726
2018-06-07T22:00:00.0;-0.188547335571377
2018-06-07T23:00:00.0;-0.1762973702170431
2018-06-08T00:00:00.0;-0.16839103625069732
2018-06-08T01:00:00.0;-0.15951906213823075
2018-06-08T02:00:00.0;-0.1529792904863904
2018-06-08T03:00:00.0;-0.1472766359243565
2018-06-08T04:00:00.0;-0.14592348097632254
2018-06-08T05:00:00.0;-0.1489384862288475
2018-06-08T06:00:00.0;-0.15833919022348336
2018-06-08T07:00:00.0;-0.16050785971457524
2018-06-08T08:00:00.0;-0.154941527523594
2018-06-08T09:00:00.0;-0.1461745459981499
2018-06-08T10:00:00.0;-0.1417280866414779
2018-06-08T11:00:00.0;-0.1396257052558975
2018-06-08T12:00:00.0;-0.14101316823593896
2018-06-08T13:00:00.0;-0.1433352870984541
2018-06-08T14:00:00.0;-0.14892042835347052
2018-06-08T15:00:00.0;-0.15908501619321325
2018-06-08T16:00:00.0;-0.17283847166500513
2018-06-08T17:00:00.0;-0.17817872117613726
2018-06-08T18:00:00.0;-0.18460934208864618
2018-06-08T19:00:00.0;-0.19215459092522294
2018-06-08T20:00:00.0;-0.19594903472295844
2018-06-08T21:00:00.0;-0.1905906367330165
2018-06-08T22:00:00.0;-0.1822928659599721
2018-06-08T23:00:00.0;-0.17004465191504728
2018-06-09T00:00:00.0;-0.16477665672144087
2018-06-09T01:00:00.0;-0.15551755457205868
2018-06-09T02:00:00.0;-0.1489265397815396
2018-06-09T03:00:00.0;-0.14296091944948042
2018-06-09T04:00:00.0;-0.13878596151999406
2018-06-09T05:00:00.0;-0.13796665413895146
2018-06-09T06:00:00.0;-0.14232084676549916
2018-06-09T07:00:00.0;-0.14335735675507394
2018-06-09T08:00:00.0;-0.13994036803927562
2018-06-09T09:00:00.0;-0.1338780915591737
2018-06-09T10:00:00.0;-0.12959778393384672
2018-06-09T11:00:00.0;-0.12822124384947428
2018-06-09T12:00:00.0;-0.12830955352674936
2018-06-09T13:00:00.0;-0.13005307315923686
2018-06-09T14:00:00.0;-0.1361365942685169
2018-06-09T15:00:00.0;-0.14660176351771387
2018-06-09T16:00:00.0;-0.16109429518126328
2018-06-09T17:00:00.0;-0.16842186260949346
2018-06-09T18:00:00.0;-0.17668344489620672
2018-06-09T19:00:00.0;-0.18494625205711726
2018-06-09T20:00:00.0;-0.18999906296548244
2018-06-09T21:00:00.0;-0.18985283138963965
2018-06-09T22:00:00.0;-0.18212158850235438
2018-06-09T23:00:00.0;-0.17067912793742565
2018-06-10T00:00:00.0;-0.1634080425671206
2018-06-10T01:00:00.0;-0.15384934254629473
2018-06-10T02:00:00.0;-0.1472271264030087
2018-06-10T03:00:00.0;-0.1411503888036531
2018-06-10T04:00:00.0;-0.1356778838501686
2018-06-10T05:00:00.0;-0.1331197401150859
2018-06-10T06:00:00.0;-0.1351273184421228
2018-06-10T07:00:00.0;-0.13568131997630092
2018-06-10T08:00:00.0;-0.1332687181811712
2018-06-10T09:00:00.0;-0.1284746188459518
2018-06-10T10:00:00.0;-0.12427203374925333
2018-06-10T11:00:00.0;-0.1232921364441481
2018-06-10T12:00:00.0;-0.1227565841954779
2018-06-10T13:00:00.0;-0.12418082653486842
2018-06-10T14:00:00.0;-0.13047440137849498
2018-06-10T15:00:00.0;-0.14104974986763744
2018-06-10T16:00:00.0;-0.15585443121274953
2018-06-10T17:00:00.0;-0.16398215412406683
2018-06-10T18:00:00.0;-0.17313450722440177
2018-06-10T19:00:00.0;-0.1817048144771808
2018-06-10T20:00:00.0;-0.1873052164401561
2018-06-10T21:00:00.0;-0.18965392493291885
2018-06-10T22:00:00.0;-0.18223076335469485
2018-06-10T23:00:00.0;-0.1711467909232239
2018-06-11T00:00:00.0;-0.16530077814457486
2018-06-11T01:00:00.0;-0.15679780990510472
2018-06-11T02:00:00.0;-0.15020890477564317
2018-06-11T03:00:00.0;-0.14431071041410656
2018-06-11T04:00:00.0;-0.14148849458951868
2018-06-11T05:00:00.0;-0.1423449128883507
2018-06-11T06:00:00.0;-0.14815238786410576
2018-06-11T07:00:00.0;-0.14968466460186577
2018-06-11T08:00:00.0;-0.14564321078527037
2018-06-11T09:00:00.0;-0.1388363284583787
2018-06-11T10:00:00.0;-0.13510897636865468
2018-06-11T11:00:00.0;-0.13364134818869686
2018-06-11T12:00:00.0;-0.13482423684152628
2018-06-11T13:00:00.0;-0.13754140821391267
2018-06-11T14:00:00.0;-0.14295668618491209
2018-06-11T15:00:00.0;-0.15276592034515907
2018-06-11T16:00:00.0;-0.16717976283147765
2018-06-11T17:00:00.0;-0.17427420108300132
2018-06-11T18:00:00.0;-0.18165120006745655
2018-06-11T19:00:00.0;-0.18974321533758726
2018-06-11T20:00:00.0;-0.19329364479936526
2018-06-11T21:00:00.0;-0.18944564959487503
2018-06-11T22:00:00.0;-0.18106429828893655
2018-06-11T23:00:00.0;-0.16962797628369025
2018-06-12T00:00:00.0;-0.16591968181603556
2018-06-12T01:00:00.0;-0.1578169263439376
2018-06-12T02:00:00.0;-0.1513795354649114
2018-06-12T03:00:00.0;-0.14555516327999882
2018-06-12T04:00:00.0;-0.1425954539960754
2018-06-12T05:00:00.0;-0.1434692986793061
2018-06-12T06:00:00.0;-0.15038568100521277
2018-06-12T07:00:00.0;-0.15282931687583712
2018-06-12T08:00:00.0;-0.14924606544192598
2018-06-12T09:00:00.0;-0.14235161726539058
2018-06-12T10:00:00.0;-0.1379818480246503
2018-06-12T11:00:00.0;-0.13588347979055757
2018-06-12T12:00:00.0;-0.13751365094168835
2018-06-12T13:00:00.0;-0.14071615136287965
2018-06-12T14:00:00.0;-0.14624472612985712
2018-06-12T15:00:00.0;-0.1560272509997402
2018-06-12T16:00:00.0;-0.16966762905516397
2018-06-12T17:00:00.0;-0.17845238633444224
2018-06-12T18:00:00.0;-0.18533358444788614
2018-06-12T19:00:00.0;-0.19309507964653216
2018-06-12T20:00:00.0;-0.19602544253107562
2018-06-12T21:00:00.0;-0.19101436642613823
2018-06-12T22:00:00.0;-0.18206208020038148
2018-06-12T23:00:00.0;-0.17144972381965387
2018-06-13T00:00:00.0;-0.16655222716759008
2018-06-13T01:00:00.0;-0.1570309588928491
2018-06-13T02:00:00.0;-0.15043385649524393
2018-06-13T03:00:00.0;-0.1445647277372156
2018-06-13T04:00:00.0;-0.14110520742710728
2018-06-13T05:00:00.0;-0.14133299118796414
2018-06-13T06:00:00.0;-0.1469557695106762
2018-06-13T07:00:00.0;-0.14838417229941894
2018-06-13T08:00:00.0;-0.14444046687148107
2018-06-13T09:00:00.0;-0.13772429524094867
2018-06-13T10:00:00.0;-0.13336680896889416
2018-06-13T11:00:00.0;-0.13195891544736563
2018-06-13T12:00:00.0;-0.13227695619684535
2018-06-13T13:00:00.0;-0.13398221488624562
2018-06-13T14:00:00.0;-0.13991438861050584
2018-06-13T15:00:00.0;-0.1502595097683111
2018-06-13T16:00:00.0;-0.16447368648374153
2018-06-13T17:00:00.0;-0.17094917030366086
2018-06-13T18:00:00.0;-0.17887771058846424
2018-06-13T19:00:00.0;-0.18688790809764477
2018-06-13T20:00:00.0;-0.1915934125378245
2018-06-13T21:00:00.0;-0.19046208182210342
2018-06-13T22:00:00.0;-0.18273766325642618
2018-06-13T23:00:00.0;-0.1710347927607993
2018-06-14T00:00:00.0;-0.16832939430252924
2018-06-14T01:00:00.0;-0.1603620133355204
2018-06-14T02:00:00.0;-0.15450284608118972
2018-06-14T03:00:00.0;-0.14888024760722507
2018-06-14T04:00:00.0;-0.14289515761197955
2018-06-14T05:00:00.0;-0.14082665088186996
2018-06-14T06:00:00.0;-0.14882011651442395
2018-06-14T07:00:00.0;-0.15447915412073834
2018-06-14T08:00:00.0;-0.15446922583566053
2018-06-14T09:00:00.0;-0.14920998959830692
2018-06-14T10:00:00.0;-0.14168810562782638
2018-06-14T11:00:00.0;-0.1376781086107377
2018-06-14T12:00:00.0;-0.13953712464979298
2018-06-14T13:00:00.0;-0.14339354520564063
2018-06-14T14:00:00.0;-0.15008909551036137
2018-06-14T15:00:00.0;-0.16028198145243325
2018-06-14T16:00:00.0;-0.17082804483225986
2018-06-14T17:00:00.0;-0.18725909493144013
2018-06-14T18:00:00.0;-0.1939012425067016
2018-06-14T19:00:00.0;-0.20057317394828367
2018-06-14T20:00:00.0;-0.20250651036067852
2018-06-14T21:00:00.0;-0.19864578360238755
2018-06-14T22:00:00.0;-0.18835274971409235
2018-06-14T23:00:00.0;-0.18156181744193967
2018-06-15T00:00:00.0;-0.17466240477208156
2018-06-15T01:00:00.0;-0.16190727248092865
2018-06-15T02:00:00.0;-0.15513666593534323
2018-06-15T03:00:00.0;-0.14955913779669563
2018-06-15T04:00:00.0;-0.14633900424611612
2018-06-15T05:00:00.0;-0.14756746854380742
2018-06-15T06:00:00.0;-0.1534285844855492
2018-06-15T07:00:00.0;-0.15591459500347032
2018-06-15T08:00:00.0;-0.1519940019613455
2018-06-15T09:00:00.0;-0.14539288542250828
2018-06-15T10:00:00.0;-0.14075688512910187
2018-06-15T11:00:00.0;-0.14071771627261914
2018-06-15T12:00:00.0;-0.14027151869772622
2018-06-15T13:00:00.0;-0.1403863074378741
2018-06-15T14:00:00.0;-0.14600628388445852
2018-06-15T15:00:00.0;-0.15587469517377261
2018-06-15T16:00:00.0;-0.1692135901431222
2018-06-15T17:00:00.0;-0.17237900775373344
2018-06-15T18:00:00.0;-0.18136008338985052
2018-06-15T19:00:00.0;-0.18867427322923422
2018-06-15T20:00:00.0;-0.19292950700898337
2018-06-15T21:00:00.0;-0.1943437573304556
2018-06-15T22:00:00.0;-0.1879224119596923
2018-06-15T23:00:00.0;-0.1756704677258019
2018-06-16T00:00:00.0;-0.1578955305988754
2018-06-16T01:00:00.0;-0.1510045381205525
2018-06-16T02:00:00.0;-0.14451445880604916
2018-06-16T03:00:00.0;-0.13826622232094793
2018-06-16T04:00:00.0;-0.1332953247212343
2018-06-16T05:00:00.0;-0.13086611434723644
2018-06-16T06:00:00.0;-0.1335770329541821
2018-06-16T07:00:00.0;-0.13360903559107676
2018-06-16T08:00:00.0;-0.13080334234481772
2018-06-16T09:00:00.0;-0.12546558640972344
2018-06-16T10:00:00.0;-0.12164616131837551
2018-06-16T11:00:00.0;-0.1195741526508204
2018-06-16T12:00:00.0;-0.12007530744646139
2018-06-16T13:00:00.0;-0.12304821541893453
2018-06-16T14:00:00.0;-0.12930354162774532
2018-06-16T15:00:00.0;-0.13998063885027645
2018-06-16T16:00:00.0;-0.15534653467934617
2018-06-16T17:00:00.0;-0.16567921165735197
2018-06-16T18:00:00.0;-0.17361557771637756
2018-06-16T19:00:00.0;-0.18258510804766004
2018-06-16T20:00:00.0;-0.18790418746450896
2018-06-16T21:00:00.0;-0.18671435015817955
2018-06-16T22:00:00.0;-0.17806638143272835
2018-06-16T23:00:00.0;-0.1673280443743329
2018-06-17T00:00:00.0;-0.15302372137260498
2018-06-17T01:00:00.0;-0.14657538351365768
2018-06-17T02:00:00.0;-0.14010160791985599
2018-06-17T03:00:00.0;-0.1335760470961824
2018-06-17T04:00:00.0;-0.12626478607499636
2018-06-17T05:00:00.0;-0.12051184993733566
2018-06-17T06:00:00.0;-0.11940317189666473
2018-06-17T07:00:00.0;-0.11823244182608458
2018-06-17T08:00:00.0;-0.1170191709123217
2018-06-17T09:00:00.0;-0.1136471029256268
2018-06-17T10:00:00.0;-0.10983857424868045
2018-06-17T11:00:00.0;-0.10787110992618881
2018-06-17T12:00:00.0;-0.10739652722266613
2018-06-17T13:00:00.0;-0.11014094696602465
2018-06-17T14:00:00.0;-0.11702606689688358
2018-06-17T15:00:00.0;-0.1282480371205101
2018-06-17T16:00:00.0;-0.14437386224450804
2018-06-17T17:00:00.0;-0.15703424905018434
2018-06-17T18:00:00.0;-0.16614110699700405
2018-06-17T19:00:00.0;-0.1758342204139703
2018-06-17T20:00:00.0;-0.1825859569910449
2018-06-17T21:00:00.0;-0.18523975386228983
2018-06-17T22:00:00.0;-0.1767916418356219
2018-06-17T23:00:00.0;-0.16673470721350392
2018-06-18T00:00:00.0;-0.16651264230938304
2018-06-18T01:00:00.0;-0.15892649398430875
2018-06-18T02:00:00.0;-0.15263499211392972
2018-06-18T03:00:00.0;-0.14665355395226293
2018-06-18T04:00:00.0;-0.14189348414323158
2018-06-18T05:00:00.0;-0.14089001070741686
2018-06-18T06:00:00.0;-0.1483500481922156
2018-06-18T07:00:00.0;-0.152364459457683
2018-06-18T08:00:00.0;-0.15088467640547845
2018-06-18T09:00:00.0;-0.14476392390470388
2018-06-18T10:00:00.0;-0.1387053358858365
2018-06-18T11:00:00.0;-0.13508665187287647
2018-06-18T12:00:00.0;-0.13607771503254523
2018-06-18T13:00:00.0;-0.1394016347156953
2018-06-18T14:00:00.0;-0.1456777752361587
2018-06-18T15:00:00.0;-0.15599768923596835
2018-06-18T16:00:00.0;-0.16863752735990298
2018-06-18T17:00:00.0;-0.18216995589091758
2018-06-18T18:00:00.0;-0.18880683365646572
2018-06-18T19:00:00.0;-0.19604408363409792
2018-06-18T20:00:00.0;-0.1989884401349688
2018-06-18T21:00:00.0;-0.19561208391487683
2018-06-18T22:00:00.0;-0.1858348378066341
2018-06-18T23:00:00.0;-0.17662963898802048
2018-06-19T00:00:00.0;-0.165152148201133
2018-06-19T01:00:00.0;-0.15794655073840122
2018-06-19T02:00:00.0;-0.1515152243924894
2018-06-19T03:00:00.0;-0.14572474105172167
2018-06-19T04:00:00.0;-0.14473987039005035
2018-06-19T05:00:00.0;-0.14794849686210806
2018-06-19T06:00:00.0;-0.15826175554453226
2018-06-19T07:00:00.0;-0.16019197480570913
2018-06-19T08:00:00.0;-0.15425692733618435
2018-06-19T09:00:00.0;-0.14492413831479542
2018-06-19T10:00:00.0;-0.1405012406068973
2018-06-19T11:00:00.0;-0.1375321834435793
2018-06-19T12:00:00.0;-0.13954223500349952
2018-06-19T13:00:00.0;-0.14275903992194403
2018-06-19T14:00:00.0;-0.14843852122106282
2018-06-19T15:00:00.0;-0.1588046458033332
2018-06-19T16:00:00.0;-0.17277818285322494
2018-06-19T17:00:00.0;-0.17950891463083746
2018-06-19T18:00:00.0;-0.1850566497592181
2018-06-19T19:00:00.0;-0.1927807770997822
2018-06-19T20:00:00.0;-0.19656037556430925
2018-06-19T21:00:00.0;-0.18898417686960872
2018-06-19T22:00:00.0;-0.17991348405929344
2018-06-19T23:00:00.0;-0.16784708467398732
2018-06-20T00:00:00.0;-0.16729748026697278
2018-06-20T01:00:00.0;-0.1588284345009736
2018-06-20T02:00:00.0;-0.1526371891827592
2018-06-20T03:00:00.0;-0.146902649427855
2018-06-20T04:00:00.0;-0.1423242144268366
2018-06-20T05:00:00.0;-0.14159200394757812
2018-06-20T06:00:00.0;-0.14887670798394276
2018-06-20T07:00:00.0;-0.15257467788421544
2018-06-20T08:00:00.0;-0.15053387722761855
2018-06-20T09:00:00.0;-0.14435659542671114
2018-06-20T10:00:00.0;-0.1383242821019903
2018-06-20T11:00:00.0;-0.13539293973159827
2018-06-20T12:00:00.0;-0.13668014186975705
2018-06-20T13:00:00.0;-0.13966822576878293
2018-06-20T14:00:00.0;-0.14598416771508096
2018-06-20T15:00:00.0;-0.15625486730603
2018-06-20T16:00:00.0;-0.16851795416694695
2018-06-20T17:00:00.0;-0.18030341580111478
2018-06-20T18:00:00.0;-0.18733429720345615
2018-06-20T19:00:00.0;-0.19461853642622873
2018-06-20T20:00:00.0;-0.19778235618649279
2018-06-20T21:00:00.0;-0.19462138598342688
2018-06-20T22:00:00.0;-0.18541064295553897
2018-06-20T23:00:00.0;-0.17627524001300873
2018-06-21T00:00:00.0;-0.16386155644169628
2018-06-21T01:00:00.0;-0.1551196395454511
2018-06-21T02:00:00.0;-0.1488163668764023
2018-06-21T03:00:00.0;-0.1428360917356166
2018-06-21T04:00:00.0;-0.13637086714159144
2018-06-21T05:00:00.0;-0.13290714576063462
2018-06-21T06:00:00.0;-0.13603506652855601
2018-06-21T07:00:00.0;-0.1383414339697146
2018-06-21T08:00:00.0;-0.13751674402905145
2018-06-21T09:00:00.0;-0.13325314822126902
2018-06-21T10:00:00.0;-0.12773302091332855
2018-06-21T11:00:00.0;-0.12557692717922347
2018-06-21T12:00:00.0;-0.12575868468199095
2018-06-21T13:00:00.0;-0.12817580797983535
2018-06-21T14:00:00.0;-0.13479114522532235
2018-06-21T15:00:00.0;-0.14531807193859764
2018-06-21T16:00:00.0;-0.15860772639276446
2018-06-21T17:00:00.0;-0.1710109176694272
2018-06-21T18:00:00.0;-0.17952370792178937
2018-06-21T19:00:00.0;-0.1875471417314739
2018-06-21T20:00:00.0;-0.19197455161274427
2018-06-21T21:00:00.0;-0.1929163696009396
2018-06-21T22:00:00.0;-0.18433925955352348
2018-06-21T23:00:00.0;-0.17531721485275473
2018-06-22T00:00:00.0;-0.17035443808889014
2018-06-22T01:00:00.0;-0.16268883314260035
2018-06-22T02:00:00.0;-0.15531554540595618
2018-06-22T03:00:00.0;-0.1480444171378804
2018-06-22T04:00:00.0;-0.14135941327986606
2018-06-22T05:00:00.0;-0.13821974550888336
2018-06-22T06:00:00.0;-0.14289758076597733
2018-06-22T07:00:00.0;-0.14827444214624041
2018-06-22T08:00:00.0;-0.150466290109436
2018-06-22T09:00:00.0;-0.14627972444138554
2018-06-22T10:00:00.0;-0.14071474569215933
2018-06-22T11:00:00.0;-0.1362441810903297
2018-06-22T12:00:00.0;-0.1331007321922898
2018-06-22T13:00:00.0;-0.13515579319996965
2018-06-22T14:00:00.0;-0.14086508431678704
2018-06-22T15:00:00.0;-0.1510347698256701
2018-06-22T16:00:00.0;-0.16621718984678488
2018-06-22T17:00:00.0;-0.18384182990182868
2018-06-22T18:00:00.0;-0.19126993665149258
2018-06-22T19:00:00.0;-0.19812677095565762
2018-06-22T20:00:00.0;-0.200776203591619
2018-06-22T21:00:00.0;-0.2040357608354917
2018-06-22T22:00:00.0;-0.19388748619250012
2018-06-22T23:00:00.0;-0.18264345438049603
2018-06-23T00:00:00.0;-0.1548357789923574
2018-06-23T01:00:00.0;-0.14827571394940017
2018-06-23T02:00:00.0;-0.14180687464175223
2018-06-23T03:00:00.0;-0.135391200523148
2018-06-23T04:00:00.0;-0.12904182182777763
2018-06-23T05:00:00.0;-0.12464690186287354
2018-06-23T06:00:00.0;-0.12525803868216115
2018-06-23T07:00:00.0;-0.12454330026505016
2018-06-23T08:00:00.0;-0.1226066213633191
2018-06-23T09:00:00.0;-0.11832986630840378
2018-06-23T10:00:00.0;-0.11443690961012787
2018-06-23T11:00:00.0;-0.11232175242604298
2018-06-23T12:00:00.0;-0.11222039806452783
2018-06-23T13:00:00.0;-0.1150341022213638
2018-06-23T14:00:00.0;-0.12173575516053528
2018-06-23T15:00:00.0;-0.1328297293502568
2018-06-23T16:00:00.0;-0.1486411659627747
2018-06-23T17:00:00.0;-0.16038742770847836
2018-06-23T18:00:00.0;-0.16895745315587363
2018-06-23T19:00:00.0;-0.17835773268760152
2018-06-23T20:00:00.0;-0.18466808991311895
2018-06-23T21:00:00.0;-0.1857774399647456
2018-06-23T22:00:00.0;-0.1772389650521378
2018-06-23T23:00:00.0;-0.16686726605002467
2018-06-24T00:00:00.0;-0.1541151233363843
2018-06-24T01:00:00.0;-0.14743419940597083
2018-06-24T02:00:00.0;-0.1409515706427771
2018-06-24T03:00:00.0;-0.13448008899110053
2018-06-24T04:00:00.0;-0.12750234832124077
2018-06-24T05:00:00.0;-0.12226035572604622
2018-06-24T06:00:00.0;-0.12173653300461629
2018-06-24T07:00:00.0;-0.1207809962073013
2018-06-24T08:00:00.0;-0.11932917575908068
2018-06-24T09:00:00.0;-0.11566398891794967
2018-06-24T10:00:00.0;-0.11181061669941107
2018-06-24T11:00:00.0;-0.1098769206149881
2018-06-24T12:00:00.0;-0.10947992618590169
2018-06-24T13:00:00.0;-0.11215116315643461
2018-06-24T14:00:00.0;-0.11895655276913032
2018-06-24T15:00:00.0;-0.13010724498589152
2018-06-24T16:00:00.0;-0.14607586901209144
2018-06-24T17:00:00.0;-0.15823291527897504
2018-06-24T18:00:00.0;-0.16722535028277674
2018-06-24T19:00:00.0;-0.17677925139761386
2018-06-24T20:00:00.0;-0.18335736253382762
2018-06-24T21:00:00.0;-0.1856527943772314
2018-06-24T22:00:00.0;-0.17725349690180636
2018-06-24T23:00:00.0;-0.16705895984311223
2018-06-25T00:00:00.0;-0.1699648543821411
2018-06-25T01:00:00.0;-0.15870233777401133
2018-06-25T02:00:00.0;-0.1519951717718751
2018-06-25T03:00:00.0;-0.14620826664004613
2018-06-25T04:00:00.0;-0.14199631873794433
2018-06-25T05:00:00.0;-0.14157139946255556
2018-06-25T06:00:00.0;-0.145390858114546
2018-06-25T07:00:00.0;-0.14729806233526468
2018-06-25T08:00:00.0;-0.14438786621166097
2018-06-25T09:00:00.0;-0.13891804959254347
2018-06-25T10:00:00.0;-0.1347046966628296
2018-06-25T11:00:00.0;-0.13443049080059447
2018-06-25T12:00:00.0;-0.13424698696175927
2018-06-25T13:00:00.0;-0.13529741053855945
2018-06-25T14:00:00.0;-0.1409361658965287
2018-06-25T15:00:00.0;-0.1507405703752823
2018-06-25T16:00:00.0;-0.1646431215395404
2018-06-25T17:00:00.0;-0.1704239559520287
2018-06-25T18:00:00.0;-0.17948822708834763
2018-06-25T19:00:00.0;-0.18731977442460285
2018-06-25T20:00:00.0;-0.19143289784310677
2018-06-25T21:00:00.0;-0.19254722870799315
2018-06-25T22:00:00.0;-0.18547446153795785
2018-06-25T23:00:00.0;-0.17408810516174586
2018-06-26T00:00:00.0;-0.17125138479245725
2018-06-26T01:00:00.0;-0.15940050596567581
2018-06-26T02:00:00.0;-0.15267025690651181
2018-06-26T03:00:00.0;-0.14693669989548683
2018-06-26T04:00:00.0;-0.14293793272933106
2018-06-26T05:00:00.0;-0.1428988787294941
2018-06-26T06:00:00.0;-0.14741596973154883
2018-06-26T07:00:00.0;-0.14929320768140183
2018-06-26T08:00:00.0;-0.14590663928566708
2018-06-26T09:00:00.0;-0.13995150065416329
2018-06-26T10:00:00.0;-0.1354492071511502
2018-06-26T11:00:00.0;-0.13517283296765967
2018-06-26T12:00:00.0;-0.13464207973101963
2018-06-26T13:00:00.0;-0.1351088781582149
2018-06-26T14:00:00.0;-0.14094502583048005
2018-06-26T15:00:00.0;-0.1510299685907453
2018-06-26T16:00:00.0;-0.1648256745384422
2018-06-26T17:00:00.0;-0.16951353129410462
2018-06-26T18:00:00.0;-0.1786280830598617
2018-06-26T19:00:00.0;-0.18633749117059992
2018-06-26T20:00:00.0;-0.19103642838338286
2018-06-26T21:00:00.0;-0.19295716607506597
2018-06-26T22:00:00.0;-0.1862724937409199
2018-06-26T23:00:00.0;-0.17439483781716078
2018-06-27T00:00:00.0;-0.1733145339021391
2018-06-27T01:00:00.0;-0.16068458230214946
2018-06-27T02:00:00.0;-0.15390206109908197
2018-06-27T03:00:00.0;-0.14824141399411675
2018-06-27T04:00:00.0;-0.14434857356804257
2018-06-27T05:00:00.0;-0.14460840894837
2018-06-27T06:00:00.0;-0.14906368665179934
2018-06-27T07:00:00.0;-0.1512418611818607
2018-06-27T08:00:00.0;-0.14791523426717526
2018-06-27T09:00:00.0;-0.14206795604425299
2018-06-27T10:00:00.0;-0.13761559933438772
2018-06-27T11:00:00.0;-0.1377634892789102
2018-06-27T12:00:00.0;-0.13713457851535726
2018-06-27T13:00:00.0;-0.13730895667362247
2018-06-27T14:00:00.0;-0.14296298926488762
2018-06-27T15:00:00.0;-0.15280575493226956
2018-06-27T16:00:00.0;-0.1664037617419486
2018-06-27T17:00:00.0;-0.17028892571206464
2018-06-27T18:00:00.0;-0.179670093262166
2018-06-27T19:00:00.0;-0.18721105298653767
2018-06-27T20:00:00.0;-0.19158236033461926
2018-06-27T21:00:00.0;-0.19389338976872258
2018-06-27T22:00:00.0;-0.18748642443323366
2018-06-27T23:00:00.0;-0.17552507112638466
2018-06-28T00:00:00.0;-0.17357084958933267
2018-06-28T01:00:00.0;-0.16054893929488234
2018-06-28T02:00:00.0;-0.15376666463354471
2018-06-28T03:00:00.0;-0.14809889468855214
2018-06-28T04:00:00.0;-0.14365531989101424
2018-06-28T05:00:00.0;-0.14327889973170255
2018-06-28T06:00:00.0;-0.14709704912399582
2018-06-28T07:00:00.0;-0.14926710160748502
2018-06-28T08:00:00.0;-0.1463448978314865
2018-06-28T09:00:00.0;-0.14091842941047178
2018-06-28T10:00:00.0;-0.1362706084147304
2018-06-28T11:00:00.0;-0.13653818104580934
2018-06-28T12:00:00.0;-0.13556203851292561
2018-06-28T13:00:00.0;-0.13542578796193017
2018-06-28T14:00:00.0;-0.14124950759410848
2018-06-28T15:00:00.0;-0.15120756030545668
2018-06-28T16:00:00.0;-0.16472563478604588
2018-06-28T17:00:00.0;-0.16881771267445056
2018-06-28T18:00:00.0;-0.1785776563123931
2018-06-28T19:00:00.0;-0.1861265848985677
2018-06-28T20:00:00.0;-0.19079913280432412
2018-06-28T21:00:00.0;-0.19441197971668672
2018-06-28T22:00:00.0;-0.1882180430205508
2018-06-28T23:00:00.0;-0.17640301560381813
2018-06-29T00:00:00.0;-0.1727869440479146
2018-06-29T01:00:00.0;-0.15992476858610524
2018-06-29T02:00:00.0;-0.15313312085580597
2018-06-29T03:00:00.0;-0.14742555270811844
2018-06-29T04:00:00.0;-0.14287871489175116
2018-06-29T05:00:00.0;-0.14228807584261813
2018-06-29T06:00:00.0;-0.14576163690788593
2018-06-29T07:00:00.0;-0.14769561024492217
2018-06-29T08:00:00.0;-0.14478934609293878
2018-06-29T09:00:00.0;-0.13946375684073023
2018-06-29T10:00:00.0;-0.13492323178814852
2018-06-29T11:00:00.0;-0.13520225466057542
2018-06-29T12:00:00.0;-0.13417145478407475
2018-06-29T13:00:00.0;-0.1340597263758819
2018-06-29T14:00:00.0;-0.1399110445077454
2018-06-29T15:00:00.0;-0.149919762850878
2018-06-29T16:00:00.0;-0.16362736537195574
2018-06-29T17:00:00.0;-0.1678025295038835
2018-06-29T18:00:00.0;-0.17762066272233393
2018-06-29T19:00:00.0;-0.18528799590163955
2018-06-29T20:00:00.0;-0.19012428621524363
2018-06-29T21:00:00.0;-0.19390741613240506
2018-06-29T22:00:00.0;-0.18771867869936595
2018-06-29T23:00:00.0;-0.1758625390004005
2018-06-30T00:00:00.0;-0.16005057940187825
2018-06-30T01:00:00.0;-0.15110490024303755
2018-06-30T02:00:00.0;-0.14450258676961095
2018-06-30T03:00:00.0;-0.13825198089219365
2018-06-30T04:00:00.0;-0.13160106537162122
2018-06-30T05:00:00.0;-0.12728078309674293
2018-06-30T06:00:00.0;-0.127209570768994
2018-06-30T07:00:00.0;-0.12706471778638667
2018-06-30T08:00:00.0;-0.12550819912448477
2018-06-30T09:00:00.0;-0.1217719145364847
2018-06-30T10:00:00.0;-0.11771100550146825
2018-06-30T11:00:00.0;-0.11670331506516636
2018-06-30T12:00:00.0;-0.1158378120753538
2018-06-30T13:00:00.0;-0.11741594054113441
2018-06-30T14:00:00.0;-0.1239738668027644
2018-06-30T15:00:00.0;-0.13477209135151366
2018-06-30T16:00:00.0;-0.1500803038777458
2018-06-30T17:00:00.0;-0.15978573200392754
2018-06-30T18:00:00.0;-0.16941960577145346
2018-06-30T19:00:00.0;-0.17844120950307032
2018-06-30T20:00:00.0;-0.18463290665670623
2018-06-30T21:00:00.0;-0.18843859315501907
2018-06-30T22:00:00.0;-0.1809292720885058
2018-06-30T23:00:00.0;-0.17030083113389635
2018-07-01T00:00:00.0;-0.15165479478494356
2018-07-01T01:00:00.0;-0.1452908616993812
2018-07-01T02:00:00.0;-0.138813356967341
2018-07-01T03:00:00.0;-0.1322047817678771
2018-07-01T04:00:00.0;-0.1241668626781741
2018-07-01T05:00:00.0;-0.11738800748303069
2018-07-01T06:00:00.0;-0.11498008803745666
2018-07-01T07:00:00.0;-0.11346487714497479
2018-07-01T08:00:00.0;-0.11279810785326935
2018-07-01T09:00:00.0;-0.11010948953600033
2018-07-01T10:00:00.0;-0.10636474236460979
2018-07-01T11:00:00.0;-0.10450885323864553
2018-07-01T12:00:00.0;-0.10375231360667113
2018-07-01T13:00:00.0;-0.10644439214703152
2018-07-01T14:00:00.0;-0.11346811299219996
2018-07-01T15:00:00.0;-0.12478677836062645
2018-07-01T16:00:00.0;-0.14115010961441238
2018-07-01T17:00:00.0;-0.15450107606027427
2018-07-01T18:00:00.0;-0.1640134863877535
2018-07-01T19:00:00.0;-0.17392782240101098
2018-07-01T20:00:00.0;-0.1810130008747478
2018-07-01T21:00:00.0;-0.18483355662361245
2018-07-01T22:00:00.0;-0.17645370962105442
2018-07-01T23:00:00.0;-0.16663456508018284
2018-07-02T00:00:00.0;-0.16898785368599115
2018-07-02T01:00:00.0;-0.15729391765282816
2018-07-02T02:00:00.0;-0.15055874584564016
2018-07-02T03:00:00.0;-0.14468919667255706
2018-07-02T04:00:00.0;-0.13951474010084333
2018-07-02T05:00:00.0;-0.13781159744286053
2018-07-02T06:00:00.0;-0.1402277991432798
2018-07-02T07:00:00.0;-0.14154168588146632
2018-07-02T08:00:00.0;-0.13903803308876225
2018-07-02T09:00:00.0;-0.13418651255237316
2018-07-02T10:00:00.0;-0.1297890506610934
2018-07-02T11:00:00.0;-0.12968426384640744
2018-07-02T12:00:00.0;-0.12870276986107157
2018-07-02T13:00:00.0;-0.12909510357275064
2018-07-02T14:00:00.0;-0.13515719363287296
2018-07-02T15:00:00.0;-0.145401411311946
2018-07-02T16:00:00.0;-0.15958645478362285
2018-07-02T17:00:00.0;-0.1654112240598255
2018-07-02T18:00:00.0;-0.17517439510315333
2018-07-02T19:00:00.0;-0.18324568940839325
2018-07-02T20:00:00.0;-0.18848627978764065
2018-07-02T21:00:00.0;-0.1922761380368208
2018-07-02T22:00:00.0;-0.1856934878434709
2018-07-02T23:00:00.0;-0.17420355456185072
2018-07-03T00:00:00.0;-0.17254348240953657
2018-07-03T01:00:00.0;-0.15975617262825084
2018-07-03T02:00:00.0;-0.15296814411188428
2018-07-03T03:00:00.0;-0.14725019554097118
2018-07-03T04:00:00.0;-0.1426631372834202
2018-07-03T05:00:00.0;-0.14200120433877295
2018-07-03T06:00:00.0;-0.1454070053828787
2018-07-03T07:00:00.0;-0.1473012409708987
2018-07-03T08:00:00.0;-0.1444207778427978
2018-07-03T09:00:00.0;-0.13912556890146946
2018-07-03T10:00:00.0;-0.13459421193606755
2018-07-03T11:00:00.0;-0.13484863867459188
2018-07-03T12:00:00.0;-0.13382099852631588
2018-07-03T13:00:00.0;-0.13374157253208463
2018-07-03T14:00:00.0;-0.13960639781278888
2018-07-03T15:00:00.0;-0.14963020794071807
2018-07-03T16:00:00.0;-0.16336840687961904
2018-07-03T17:00:00.0;-0.1676492846252916
2018-07-03T18:00:00.0;-0.17746389563712692
2018-07-03T19:00:00.0;-0.1851571163390213
2018-07-03T20:00:00.0;-0.1900193158958917
2018-07-03T21:00:00.0;-0.19380287699277796
2018-07-03T22:00:00.0;-0.18758889597854783
2018-07-03T23:00:00.0;-0.17575622432215512
2018-07-04T00:00:00.0;-0.17322526663559648
2018-07-04T01:00:00.0;-0.16136560877873457
2018-07-04T02:00:00.0;-0.15464881640320358
2018-07-04T03:00:00.0;-0.14904322979803178
2018-07-04T04:00:00.0;-0.14626018679342842
2018-07-04T05:00:00.0;-0.14791015645747388
2018-07-04T06:00:00.0;-0.15460875847574346
2018-07-04T07:00:00.0;-0.1570233257488272
2018-07-04T08:00:00.0;-0.15271404966259206
2018-07-04T09:00:00.0;-0.14560142302302725
2018-07-04T10:00:00.0;-0.14100305752487707
2018-07-04T11:00:00.0;-0.140481957749658
2018-07-04T12:00:00.0;-0.14045833361243418
2018-07-04T13:00:00.0;-0.14107911071023735
2018-07-04T14:00:00.0;-0.1466943841349585
2018-07-04T15:00:00.0;-0.15663592825314634
2018-07-04T16:00:00.0;-0.17006720159910058
2018-07-04T17:00:00.0;-0.17372702659116773
2018-07-04T18:00:00.0;-0.18211407916240063
2018-07-04T19:00:00.0;-0.18947911387569094
2018-07-04T20:00:00.0;-0.1936342531321435
2018-07-04T21:00:00.0;-0.19348193478646908
2018-07-04T22:00:00.0;-0.18662829752206503
2018-07-04T23:00:00.0;-0.17437225535275264
2018-07-05T00:00:00.0;-0.1743987540231151
2018-07-05T01:00:00.0;-0.16180790135080145
2018-07-05T02:00:00.0;-0.1550471673052073
2018-07-05T03:00:00.0;-0.14946449168941314
2018-07-05T04:00:00.0;-0.14632454475895537
2018-07-05T05:00:00.0;-0.14763033649143623
2018-07-05T06:00:00.0;-0.15364509377475813
2018-07-05T07:00:00.0;-0.15611799764375545
2018-07-05T08:00:00.0;-0.15212609859903511
2018-07-05T09:00:00.0;-0.14543114277103217
2018-07-05T10:00:00.0;-0.14080204678397223
2018-07-05T11:00:00.0;-0.14067446509893172
2018-07-05T12:00:00.0;-0.14030579090227668
2018-07-05T13:00:00.0;-0.1405134059380167
2018-07-05T14:00:00.0;-0.14613251958985288
2018-07-05T15:00:00.0;-0.15601434749140283
2018-07-05T16:00:00.0;-0.1693701897726091
2018-07-05T17:00:00.0;-0.17262630908621332
2018-07-05T18:00:00.0;-0.18149840798447617
2018-07-05T19:00:00.0;-0.18882192559044422
2018-07-05T20:00:00.0;-0.19305879648957347
2018-07-05T21:00:00.0;-0.19418565133254928
2018-07-05T22:00:00.0;-0.18768499968033883
2018-07-05T23:00:00.0;-0.17543230365807416
2018-07-06T00:00:00.0;-0.17219464377961743
2018-07-06T01:00:00.0;-0.16096309755969562
2018-07-06T02:00:00.0;-0.15431511953718113
2018-07-06T03:00:00.0;-0.14868924221013582
2018-07-06T04:00:00.0;-0.14589651635517115
2018-07-06T05:00:00.0;-0.14748101916149634
2018-07-06T06:00:00.0;-0.1545458109476464
2018-07-06T07:00:00.0;-0.15706606332419443
2018-07-06T08:00:00.0;-0.1528318591770631
2018-07-06T09:00:00.0;-0.1456219020443176
2018-07-06T10:00:00.0;-0.14089739841581622
2018-07-06T11:00:00.0;-0.13997897729215555
2018-07-06T12:00:00.0;-0.1402302816751671
2018-07-06T13:00:00.0;-0.1412512729154853
2018-07-06T14:00:00.0;-0.14692951227977913
2018-07-06T15:00:00.0;-0.15692561477996825
2018-07-06T16:00:00.0;-0.17027146861751521
2018-07-06T17:00:00.0;-0.1748659232779728
2018-07-06T18:00:00.0;-0.18291303097830597
2018-07-06T19:00:00.0;-0.19028325751518835
2018-07-06T20:00:00.0;-0.19430269448096268
2018-07-06T21:00:00.0;-0.1933064891023715
2018-07-06T22:00:00.0;-0.18607834279696434
2018-07-06T23:00:00.0;-0.17411588090011673
2018-07-07T00:00:00.0;-0.17138862331757213
2018-07-07T01:00:00.0;-0.15895643852601696
2018-07-07T02:00:00.0;-0.15218557773325495
2018-07-07T03:00:00.0;-0.14641838967549556
2018-07-07T04:00:00.0;-0.14164054595172776
2018-07-07T05:00:00.0;-0.14064043076208835
2018-07-07T06:00:00.0;-0.1437248124769232
2018-07-07T07:00:00.0;-0.1454305522466641
2018-07-07T08:00:00.0;-0.14267247614927245
2018-07-07T09:00:00.0;-0.13752137606415007
2018-07-07T10:00:00.0;-0.13303350787548554
2018-07-07T11:00:00.0;-0.13317126297303264
2018-07-07T12:00:00.0;-0.13215861098015033
2018-07-07T13:00:00.0;-0.13223241132869926
2018-07-07T14:00:00.0;-0.1381613077039266
2018-07-07T15:00:00.0;-0.14825670563929208
2018-07-07T16:00:00.0;-0.16214003853662734
2018-07-07T17:00:00.0;-0.16692236829252602
2018-07-07T18:00:00.0;-0.1767202717344939
2018-07-07T19:00:00.0;-0.18453628977328795
2018-07-07T20:00:00.0;-0.18952138969898605
2018-07-07T21:00:00.0;-0.19330699609479002
2018-07-07T22:00:00.0;-0.18697327227653365
2018-07-07T23:00:00.0;-0.1752519211654077
2018-07-08T00:00:00.0;-0.17119922122241232
2018-07-08T01:00:00.0;-0.15882527852945308
2018-07-08T02:00:00.0;-0.15205723332072416
2018-07-08T03:00:00.0;-0.1462819697652368
2018-07-08T04:00:00.0;-0.1414728363652835
2018-07-08T05:00:00.0;-0.1404172577635334
2018-07-08T06:00:00.0;-0.14344892525997366
2018-07-08T07:00:00.0;-0.14512375086610851
2018-07-08T08:00:00.0;-0.14238574679325908
2018-07-08T09:00:00.0;-0.13725828120994427
2018-07-08T10:00:00.0;-0.13277754537663572
2018-07-08T11:00:00.0;-0.13289616579931163
2018-07-08T12:00:00.0;-0.13188597193145415
2018-07-08T13:00:00.0;-0.1319849020906944
2018-07-08T14:00:00.0;-0.13792430641414358
2018-07-08T15:00:00.0;-0.14803144507252078
2018-07-08T16:00:00.0;-0.1619385805930484
2018-07-08T17:00:00.0;-0.1668031507382896
2018-07-08T18:00:00.0;-0.17659831406351084
2018-07-08T19:00:00.0;-0.18443447141891128
2018-07-08T20:00:00.0;-0.18943972755891625
2018-07-08T21:00:00.0;-0.19322566939295935
2018-07-08T22:00:00.0;-0.1868723072152523
2018-07-08T23:00:00.0;-0.17516921317518772
2018-07-09T00:00:00.0;-0.16585346057655206
2018-07-09T01:00:00.0;-0.1573031542776132
2018-07-09T02:00:00.0;-0.1507368391116487
2018-07-09T03:00:00.0;-0.14482047418820387
2018-07-09T04:00:00.0;-0.1404680200272552
2018-07-09T05:00:00.0;-0.13949877329903884
2018-07-09T06:00:00.0;-0.14180002905364691
2018-07-09T07:00:00.0;-0.14450268166372518
2018-07-09T08:00:00.0;-0.14330600378720768
2018-07-09T09:00:00.0;-0.13931517277810782
2018-07-09T10:00:00.0;-0.13628233519802965
2018-07-09T11:00:00.0;-0.13579906026866015
2018-07-09T12:00:00.0;-0.13771342606879777
2018-07-09T13:00:00.0;-0.14169758372668173
2018-07-09T14:00:00.0;-0.14621917361796252
2018-07-09T15:00:00.0;-0.15452280694576243
2018-07-09T16:00:00.0;-0.1684600824182679
2018-07-09T17:00:00.0;-0.17889183708557566
2018-07-09T18:00:00.0;-0.18714093630156792
2018-07-09T19:00:00.0;-0.19519649568498315
2018-07-09T20:00:00.0;-0.1959164186901341
2018-07-09T21:00:00.0;-0.19151855961012212
2018-07-09T22:00:00.0;-0.1824116414901193
2018-07-09T23:00:00.0;-0.17325178003425526
2018-07-10T00:00:00.0;-0.17353516266055719
2018-07-10T01:00:00.0;-0.16300346909309169
2018-07-10T02:00:00.0;-0.15585947344127987
2018-07-10T03:00:00.0;-0.14963798231930436
2018-07-10T04:00:00.0;-0.14505751671562778
2018-07-10T05:00:00.0;-0.1446118780600948
2018-07-10T06:00:00.0;-0.1502796659234454
2018-07-10T07:00:00.0;-0.15519010441810568
2018-07-10T08:00:00.0;-0.15325320935108602
2018-07-10T09:00:00.0;-0.1480164231296712
2018-07-10T10:00:00.0;-0.14271093762652198
2018-07-10T11:00:00.0;-0.1407671900696479
2018-07-10T12:00:00.0;-0.1396187663564812
2018-07-10T13:00:00.0;-0.14033223037712333
2018-07-10T14:00:00.0;-0.14550796993251466
2018-07-10T15:00:00.0;-0.15471532576404187
2018-07-10T16:00:00.0;-0.16838894644943075
2018-07-10T17:00:00.0;-0.17715333035511682
2018-07-10T18:00:00.0;-0.1847831017123922
2018-07-10T19:00:00.0;-0.19143088702954142
2018-07-10T20:00:00.0;-0.19506256964623905
2018-07-10T21:00:00.0;-0.19518262944054626
2018-07-10T22:00:00.0;-0.18917345552103218
2018-07-10T23:00:00.0;-0.1785667729148594
2018-07-11T00:00:00.0;-0.1700569996710812
2018-07-11T01:00:00.0;-0.15975593144017755
2018-07-11T02:00:00.0;-0.15311696456227372
2018-07-11T03:00:00.0;-0.1473955764235195
2018-07-11T04:00:00.0;-0.14434613449730316
2018-07-11T05:00:00.0;-0.14538212952942786
2018-07-11T06:00:00.0;-0.15111914383744737
2018-07-11T07:00:00.0;-0.15358607397446974
2018-07-11T08:00:00.0;-0.15006737721299973
2018-07-11T09:00:00.0;-0.14368182983020383
2018-07-11T10:00:00.0;-0.13961051906166416
2018-07-11T11:00:00.0;-0.13883837867510568
2018-07-11T12:00:00.0;-0.13967138593585396
2018-07-11T13:00:00.0;-0.14165449547921743
2018-07-11T14:00:00.0;-0.14691391968364753
2018-07-11T15:00:00.0;-0.1563668850583171
2018-07-11T16:00:00.0;-0.17001339832017368
2018-07-11T17:00:00.0;-0.17612712106700848
2018-07-11T18:00:00.0;-0.1841445894756209
2018-07-11T19:00:00.0;-0.19176089331111007
2018-07-11T20:00:00.0;-0.1947532436154112
2018-07-11T21:00:00.0;-0.19237299386381893
2018-07-11T22:00:00.0;-0.18455590862911517
2018-07-11T23:00:00.0;-0.17329553350000187
2018-07-12T00:00:00.0;-0.17243524070942928
2018-07-12T01:00:00.0;-0.15968121579632052
2018-07-12T02:00:00.0;-0.15289479636248435
2018-07-12T03:00:00.0;-0.14717223271272245
2018-07-12T04:00:00.0;-0.1425672926691053
2018-07-12T05:00:00.0;-0.141873662852174
2018-07-12T06:00:00.0;-0.14524933816501984
2018-07-12T07:00:00.0;-0.14712590656924607
2018-07-12T08:00:00.0;-0.1442569144338985
2018-07-12T09:00:00.0;-0.13897521241103733
2018-07-12T10:00:00.0;-0.1344479315265724
2018-07-12T11:00:00.0;-0.13469142295977543
2018-07-12T12:00:00.0;-0.13366518760922114
2018-07-12T13:00:00.0;-0.13360012308987385
2018-07-12T14:00:00.0;-0.13947095357437064
2018-07-12T15:00:00.0;-0.1495014734264885
2018-07-12T16:00:00.0;-0.16325327536381026
2018-07-12T17:00:00.0;-0.16758115279843777
2018-07-12T18:00:00.0;-0.17739419785666047
2018-07-12T19:00:00.0;-0.18509892800815536
2018-07-12T20:00:00.0;-0.1899726466715196
2018-07-12T21:00:00.0;-0.19375639946853068
2018-07-12T22:00:00.0;-0.18753119529748982
2018-07-12T23:00:00.0;-0.17570895740324213
2018-07-13T00:00:00.0;-0.1757546524734995
2018-07-13T01:00:00.0;-0.1620609708912108
2018-07-13T02:00:00.0;-0.15523100728059605
2018-07-13T03:00:00.0;-0.14965591070505618
2018-07-13T04:00:00.0;-0.1457199252044359
2018-07-13T05:00:00.0;-0.14614891663365082
2018-07-13T06:00:00.0;-0.15066966595456968
2018-07-13T07:00:00.0;-0.1531171894595567
2018-07-13T08:00:00.0;-0.14979971014363214
2018-07-13T09:00:00.0;-0.14398029620886363
2018-07-13T10:00:00.0;-0.13932506876294107
2018-07-13T11:00:00.0;-0.1398437113207074
2018-07-13T12:00:00.0;-0.13884660330392976
2018-07-13T13:00:00.0;-0.13839748710148997
2018-07-13T14:00:00.0;-0.14406906387980042
2018-07-13T15:00:00.0;-0.15389096701525573
2018-07-13T16:00:00.0;-0.16720983773884054
2018-07-13T17:00:00.0;-0.17007322101204433
2018-07-13T18:00:00.0;-0.1798318138575913
2018-07-13T19:00:00.0;-0.18716535919665897
2018-07-13T20:00:00.0;-0.19164059103274134
2018-07-13T21:00:00.0;-0.19513795959440938
2018-07-13T22:00:00.0;-0.18920629101895056
2018-07-13T23:00:00.0;-0.17703858726119412
2018-07-14T00:00:00.0;-0.1708759370549909
2018-07-14T01:00:00.0;-0.1586014058724353
2018-07-14T02:00:00.0;-0.15183816649090265
2018-07-14T03:00:00.0;-0.14604911913562524
2018-07-14T04:00:00.0;-0.1411865784230126
2018-07-14T05:00:00.0;-0.1400363311588519
2018-07-14T06:00:00.0;-0.14297802250064306
2018-07-14T07:00:00.0;-0.1446000817441119
2018-07-14T08:00:00.0;-0.1418963379456122
2018-07-14T09:00:00.0;-0.13680921331118093
2018-07-14T10:00:00.0;-0.1323406514591637
2018-07-14T11:00:00.0;-0.13242661153861898
2018-07-14T12:00:00.0;-0.13142061336300773
2018-07-14T13:00:00.0;-0.1315624367643737
2018-07-14T14:00:00.0;-0.13751977675685195
2018-07-14T15:00:00.0;-0.1476469552667449
2018-07-14T16:00:00.0;-0.16159471869698327
2018-07-14T17:00:00.0;-0.16659966224081116
2018-07-14T18:00:00.0;-0.17639014855144958
2018-07-14T19:00:00.0;-0.1842606810397969
2018-07-14T20:00:00.0;-0.18930034115487437
2018-07-14T21:00:00.0;-0.19308685553734556
2018-07-14T22:00:00.0;-0.1866999732938801
2018-07-14T23:00:00.0;-0.1750280416441399
2018-07-15T00:00:00.0;-0.1668098343548064
2018-07-15T01:00:00.0;-0.15578565024029892
2018-07-15T02:00:00.0;-0.14908285609211996
2018-07-15T03:00:00.0;-0.14312044316192998
2018-07-15T04:00:00.0;-0.13758617262120432
2018-07-15T05:00:00.0;-0.13524523140218367
2018-07-15T06:00:00.0;-0.13705524874865052
2018-07-15T07:00:00.0;-0.13801363970478367
2018-07-15T08:00:00.0;-0.13574080409196398
2018-07-15T09:00:00.0;-0.131161067253513
2018-07-15T10:00:00.0;-0.12684562350373862
2018-07-15T11:00:00.0;-0.1265207985119127
2018-07-15T12:00:00.0;-0.12556757160471074
2018-07-15T13:00:00.0;-0.12624888423939787
2018-07-15T14:00:00.0;-0.13243180989185563
2018-07-15T15:00:00.0;-0.14281103939146872
2018-07-15T16:00:00.0;-0.15726979986401668
2018-07-15T17:00:00.0;-0.16404028812839141
2018-07-15T18:00:00.0;-0.17377194934476153
2018-07-15T19:00:00.0;-0.18207483465140278
2018-07-15T20:00:00.0;-0.1875472103462605
2018-07-15T21:00:00.0;-0.1913409259496511
2018-07-15T22:00:00.0;-0.1845324454850983
2018-07-15T23:00:00.0;-0.17325245842222992
2018-07-16T00:00:00.0;-0.17449784180854083
2018-07-16T01:00:00.0;-0.16146518910748436
2018-07-16T02:00:00.0;-0.15467355240674302
2018-07-16T03:00:00.0;-0.1490649769478699
2018-07-16T04:00:00.0;-0.1453296751842033
2018-07-16T05:00:00.0;-0.14590054231137417
2018-07-16T06:00:00.0;-0.15082059492816766
2018-07-16T07:00:00.0;-0.1531617299294452
2018-07-16T08:00:00.0;-0.14964995872127512
2018-07-16T09:00:00.0;-0.1435691761273564
2018-07-16T10:00:00.0;-0.1389512982434507
2018-07-16T11:00:00.0;-0.13913912397175354
2018-07-16T12:00:00.0;-0.13840283994540203
2018-07-16T13:00:00.0;-0.13831134841583803
2018-07-16T14:00:00.0;-0.14400154017571876
2018-07-16T15:00:00.0;-0.15389169383966725
2018-07-16T16:00:00.0;-0.16731510112507877
2018-07-16T17:00:00.0;-0.17064574396491852
2018-07-16T18:00:00.0;-0.180039150416166
2018-07-16T19:00:00.0;-0.18744460803812307
2018-07-16T20:00:00.0;-0.1919004160175637
2018-07-16T21:00:00.0;-0.19445015266457966
2018-07-16T22:00:00.0;-0.18821668732549438
2018-07-16T23:00:00.0;-0.17608379201830965
2018-07-17T00:00:00.0;-0.17557313715308165
2018-07-17T01:00:00.0;-0.16230595833047765
2018-07-17T02:00:00.0;-0.1555897015960788
2018-07-17T03:00:00.0;-0.15003634334050006
2018-07-17T04:00:00.0;-0.14580401748137828
2018-07-17T05:00:00.0;-0.1459440765128634
2018-07-17T06:00:00.0;-0.1508953593121133
2018-07-17T07:00:00.0;-0.15388480072110255
2018-07-17T08:00:00.0;-0.15105623098679552
2018-07-17T09:00:00.0;-0.1453659694912839
2018-07-17T10:00:00.0;-0.14028844646685176
2018-07-17T11:00:00.0;-0.14034537696165122
2018-07-17T12:00:00.0;-0.13963857944879365
2018-07-17T13:00:00.0;-0.13959875698649324
2018-07-17T14:00:00.0;-0.14538378600868326
2018-07-17T15:00:00.0;-0.15520827861025902
2018-07-17T16:00:00.0;-0.16806012190904496
2018-07-17T17:00:00.0;-0.17245486018616035
2018-07-17T18:00:00.0;-0.18192703249321196
2018-07-17T19:00:00.0;-0.1891033841299756
2018-07-17T20:00:00.0;-0.19319696341897627
2018-07-17T21:00:00.0;-0.19603688235314262
2018-07-17T22:00:00.0;-0.18965660745458046
2018-07-17T23:00:00.0;-0.17818007576550904
2018-07-18T00:00:00.0;-0.17406755503869822
2018-07-18T01:00:00.0;-0.16167650365214686
2018-07-18T02:00:00.0;-0.15492770159819316
2018-07-18T03:00:00.0;-0.14933807873063587
2018-07-18T04:00:00.0;-0.14628909565152848
2018-07-18T05:00:00.0;-0.14767982921099151
2018-07-18T06:00:00.0;-0.15386967279093508
2018-07-18T07:00:00.0;-0.1563237499846378
2018-07-18T08:00:00.0;-0.15225010952483767
2018-07-18T09:00:00.0;-0.14544727582949424
2018-07-18T10:00:00.0;-0.14082709174092606
2018-07-18T11:00:00.0;-0.14059332155481633
2018-07-18T12:00:00.0;-0.14031618372782573
2018-07-18T13:00:00.0;-0.14063584181479724
2018-07-18T14:00:00.0;-0.1462550942330561
2018-07-18T15:00:00.0;-0.15615400712787492
2018-07-18T16:00:00.0;-0.16953241625090126
2018-07-18T17:00:00.0;-0.17290435215021435
2018-07-18T18:00:00.0;-0.18164785445882436
2018-07-18T19:00:00.0;-0.188984566121426
2018-07-18T20:00:00.0;-0.19320203344158687
2018-07-18T21:00:00.0;-0.19399058177813872
2018-07-18T22:00:00.0;-0.18739440719029596
2018-07-18T23:00:00.0;-0.17514283201878558
2018-07-19T00:00:00.0;-0.17438238603703082
2018-07-19T01:00:00.0;-0.16170078611458905
2018-07-19T02:00:00.0;-0.15493344253148866
2018-07-19T03:00:00.0;-0.1493430543498794
2018-07-19T04:00:00.0;-0.14605795996446957
2018-07-19T05:00:00.0;-0.1471810707002984
2018-07-19T06:00:00.0;-0.15292994268971172
2018-07-19T07:00:00.0;-0.1553657258730685
2018-07-19T08:00:00.0;-0.15148980706982526
2018-07-19T09:00:00.0;-0.1449427865511917
2018-07-19T10:00:00.0;-0.14031778800493547
2018-07-19T11:00:00.0;-0.14025966608337945
2018-07-19T12:00:00.0;-0.1398059037720954
2018-07-19T13:00:00.0;-0.13994910321577966
2018-07-19T14:00:00.0;-0.14558695597785717
2018-07-19T15:00:00.0;-0.15547316746992712
2018-07-19T16:00:00.0;-0.1688496993012458
2018-07-19T17:00:00.0;-0.17214029758713367
2018-07-19T18:00:00.0;-0.18113321524840337
2018-07-19T19:00:00.0;-0.18848000685832952
2018-07-19T20:00:00.0;-0.19277205580918486
2018-07-19T21:00:00.0;-0.19423030645207248
2018-07-19T22:00:00.0;-0.18778778112437688
2018-07-19T23:00:00.0;-0.17556678322142408
2018-07-20T00:00:00.0;-0.17224736204371133
2018-07-20T01:00:00.0;-0.16051962363349515
2018-07-20T02:00:00.0;-0.15380529184830694
2018-07-20T03:00:00.0;-0.14814564875082764
2018-07-20T04:00:00.0;-0.14495002971823925
2018-07-20T05:00:00.0;-0.14600014886079063
2018-07-20T06:00:00.0;-0.15196604758151452
2018-07-20T07:00:00.0;-0.1541602928566491
2018-07-20T08:00:00.0;-0.15015598264328905
2018-07-20T09:00:00.0;-0.14342248628628027
2018-07-20T10:00:00.0;-0.1388670805352796
2018-07-20T11:00:00.0;-0.13837250725417763
2018-07-20T12:00:00.0;-0.1382112520520868
2018-07-20T13:00:00.0;-0.13884443239633015
2018-07-20T14:00:00.0;-0.14454538264001154
2018-07-20T15:00:00.0;-0.15455348247853554
2018-07-20T16:00:00.0;-0.16814048706708815
2018-07-20T17:00:00.0;-0.17227316511191607
2018-07-20T18:00:00.0;-0.18085940281098434
2018-07-20T19:00:00.0;-0.1883663671048003
2018-07-20T20:00:00.0;-0.19271974417986965
2018-07-20T21:00:00.0;-0.19315311574400645
2018-07-20T22:00:00.0;-0.1863035085142758
2018-07-20T23:00:00.0;-0.17419480990340125
2018-07-21T00:00:00.0;-0.16476964134362215
2018-07-21T01:00:00.0;-0.15438444585012082
2018-07-21T02:00:00.0;-0.14770789277967256
2018-07-21T03:00:00.0;-0.1416573926992999
2018-07-21T04:00:00.0;-0.1357947029756016
2018-07-21T05:00:00.0;-0.13286189021735878
2018-07-21T06:00:00.0;-0.13403027326359251
2018-07-21T07:00:00.0;-0.1346669307144139
2018-07-21T08:00:00.0;-0.1326428064177793
2018-07-21T09:00:00.0;-0.12836333419010998
2018-07-21T10:00:00.0;-0.12417778777106346
2018-07-21T11:00:00.0;-0.12368562283822701
2018-07-21T12:00:00.0;-0.12279432863281409
2018-07-21T13:00:00.0;-0.1237902005451822
2018-07-21T14:00:00.0;-0.13004280910392094
2018-07-21T15:00:00.0;-0.1404959172821142
2018-07-21T16:00:00.0;-0.15522343247461176
2018-07-21T17:00:00.0;-0.16289912202469287
2018-07-21T18:00:00.0;-0.17261016693548342
2018-07-21T19:00:00.0;-0.18113542287637002
2018-07-21T20:00:00.0;-0.18673592017742524
2018-07-21T21:00:00.0;-0.19044651023030504
2018-07-21T22:00:00.0;-0.1834076248861843
2018-07-21T23:00:00.0;-0.17235110750024163
2018-07-22T00:00:00.0;-0.16763580164375436
2018-07-22T01:00:00.0;-0.15635762842612047
2018-07-22T02:00:00.0;-0.14964255574264512
2018-07-22T03:00:00.0;-0.14371535940791913
2018-07-22T04:00:00.0;-0.13831754062602553
2018-07-22T05:00:00.0;-0.13621847088207062
2018-07-22T06:00:00.0;-0.1382583706911345
2018-07-22T07:00:00.0;-0.13935157582597163
2018-07-22T08:00:00.0;-0.13699120773004586
2018-07-22T09:00:00.0;-0.1323084027319362
2018-07-22T10:00:00.0;-0.1279618553546532
2018-07-22T11:00:00.0;-0.12772047513948062
2018-07-22T12:00:00.0;-0.12675652854693956
2018-07-22T13:00:00.0;-0.12732825210030746
2018-07-22T14:00:00.0;-0.1334653534365249
2018-07-22T15:00:00.0;-0.14379338258828492
2018-07-22T16:00:00.0;-0.1581483417373499
2018-07-22T17:00:00.0;-0.1645601862846635
2018-07-22T18:00:00.0;-0.17430379692956938
2018-07-22T19:00:00.0;-0.18251885629783013
2018-07-22T20:00:00.0;-0.1879033323647959
2018-07-22T21:00:00.0;-0.19169558514903054
2018-07-22T22:00:00.0;-0.18497274598903235
2018-07-22T23:00:00.0;-0.17361314130907285
2018-07-23T00:00:00.0;-0.17424235245609496
2018-07-23T01:00:00.0;-0.16174895291037644
2018-07-23T02:00:00.0;-0.15499407537941418
2018-07-23T03:00:00.0;-0.14940834620319943
2018-07-23T04:00:00.0;-0.14631596717493897
2018-07-23T05:00:00.0;-0.14766763069812075
2018-07-23T06:00:00.0;-0.15377353032287885
2018-07-23T07:00:00.0;-0.15623865913173274
2018-07-23T08:00:00.0;-0.1522044602999358
2018-07-23T09:00:00.0;-0.14545383760229144
2018-07-23T10:00:00.0;-0.14082883735300586
2018-07-23T11:00:00.0;-0.1406488078559059
2018-07-23T12:00:00.0;-0.14032612168653552
2018-07-23T13:00:00.0;-0.14058880266898044
2018-07-23T14:00:00.0;-0.14620740449806938
2018-07-23T15:00:00.0;-0.1560971913346348
2018-07-23T16:00:00.0;-0.16946308701467094
2018-07-23T17:00:00.0;-0.17277301193487826
2018-07-23T18:00:00.0;-0.18158046420256654
2018-07-23T19:00:00.0;-0.18890951517916338
2018-07-23T20:00:00.0;-0.19313549294290341
2018-07-23T21:00:00.0;-0.1940918604902142
2018-07-23T22:00:00.0;-0.1875441631658731
2018-07-23T23:00:00.0;-0.1752910211715023
2018-07-24T00:00:00.0;-0.17606303200708917
2018-07-24T01:00:00.0;-0.16243517506332314
2018-07-24T02:00:00.0;-0.15561212151191828
2018-07-24T03:00:00.0;-0.1500619390065043
2018-07-24T04:00:00.0;-0.1464158193190905
2018-07-24T05:00:00.0;-0.1472334867136661
2018-07-24T06:00:00.0;-0.15227839314990171
2018-07-24T07:00:00.0;-0.15483403187678632
2018-07-24T08:00:00.0;-0.151292247275928
2018-07-24T09:00:00.0;-0.14518964577880614
2018-07-24T10:00:00.0;-0.14051696681277834
2018-07-24T11:00:00.0;-0.14094748528351755
2018-07-24T12:00:00.0;-0.14008944986884836
2018-07-24T13:00:00.0;-0.1397111050289062
2018-07-24T14:00:00.0;-0.14533566501575115
2018-07-24T15:00:00.0;-0.15513280143642647
2018-07-24T16:00:00.0;-0.1683816649279985
2018-07-24T17:00:00.0;-0.17106523571673798
2018-07-24T18:00:00.0;-0.18062524309349795
2018-07-24T19:00:00.0;-0.18788987978740024
2018-07-24T20:00:00.0;-0.1922426651607263
2018-07-24T21:00:00.0;-0.19518368502857053
2018-07-24T22:00:00.0;-0.1891836490534281
2018-07-24T23:00:00.0;-0.17693569864574943
2018-07-25T00:00:00.0;-0.17589779611007403
2018-07-25T01:00:00.0;-0.16237289692495888
2018-07-25T02:00:00.0;-0.15555603069294616
2018-07-25T03:00:00.0;-0.15000262214699558
2018-07-25T04:00:00.0;-0.14640675723092744
2018-07-25T05:00:00.0;-0.14727288748063022
2018-07-25T06:00:00.0;-0.1524140844261632
2018-07-25T07:00:00.0;-0.15496150891925448
2018-07-25T08:00:00.0;-0.1513750352312321
2018-07-25T09:00:00.0;-0.14521362252579262
2018-07-25T10:00:00.0;-0.14054527064495953
2018-07-25T11:00:00.0;-0.14092037879317296
2018-07-25T12:00:00.0;-0.14011092903582884
2018-07-25T13:00:00.0;-0.1397907605381838
2018-07-25T14:00:00.0;-0.14541477979201461
2018-07-25T15:00:00.0;-0.15522032470751268
2018-07-25T16:00:00.0;-0.16847980946334284
2018-07-25T17:00:00.0;-0.1712202250640679
2018-07-25T18:00:00.0;-0.18071193425049947
2018-07-25T19:00:00.0;-0.18798241686702766
2018-07-25T20:00:00.0;-0.19232369380708395
2018-07-25T21:00:00.0;-0.19508459641801304
2018-07-25T22:00:00.0;-0.18903485739971515
2018-07-25T23:00:00.0;-0.1767864358292316
2018-07-26T00:00:00.0;-0.17680557125639526
2018-07-26T01:00:00.0;-0.16303011003869916
2018-07-26T02:00:00.0;-0.15626209953588197
2018-07-26T03:00:00.0;-0.15075115179354115
2018-07-26T04:00:00.0;-0.14676414986086325
2018-07-26T05:00:00.0;-0.14728949186025
2018-07-26T06:00:00.0;-0.15238278291278493
2018-07-26T07:00:00.0;-0.15540144974247638
2018-07-26T08:00:00.0;-0.15233552360184863
2018-07-26T09:00:00.0;-0.14649633809500237
2018-07-26T10:00:00.0;-0.14149607288314373
2018-07-26T11:00:00.0;-0.14182164298301334
2018-07-26T12:00:00.0;-0.14099576599379507
2018-07-26T13:00:00.0;-0.14066603780409964
2018-07-26T14:00:00.0;-0.14635742248792308
2018-07-26T15:00:00.0;-0.1561088141009963
2018-07-26T16:00:00.0;-0.16895048886081515
2018-07-26T17:00:00.0;-0.17240098209045862
2018-07-26T18:00:00.0;-0.18200154098143387
2018-07-26T19:00:00.0;-0.18910257956885926
2018-07-26T20:00:00.0;-0.193192713888485
2018-07-26T21:00:00.0;-0.19629900053617666
2018-07-26T22:00:00.0;-0.19018401808225868
2018-07-26T23:00:00.0;-0.1784031687751766
2018-07-27T00:00:00.0;-0.17487125142147145
2018-07-27T01:00:00.0;-0.16287089388365114
2018-07-27T02:00:00.0;-0.15643681729620415
2018-07-27T03:00:00.0;-0.1509359237647168
2018-07-27T04:00:00.0;-0.14624851609523248
2018-07-27T05:00:00.0;-0.14598484202890527
2018-07-27T06:00:00.0;-0.1523745424821906
2018-07-27T07:00:00.0;-0.15664690764718733
2018-07-27T08:00:00.0;-0.15476038384547616
2018-07-27T09:00:00.0;-0.1491181634945068
2018-07-27T10:00:00.0;-0.14306188438723896
2018-07-27T11:00:00.0;-0.14187639306649594
2018-07-27T12:00:00.0;-0.14201658829236113
2018-07-27T13:00:00.0;-0.14309717856681023
2018-07-27T14:00:00.0;-0.14912654075725043
2018-07-27T15:00:00.0;-0.15896775534115545
2018-07-27T16:00:00.0;-0.17073154979192612
2018-07-27T17:00:00.0;-0.1787563426285334
2018-07-27T18:00:00.0;-0.18731974229009257
2018-07-27T19:00:00.0;-0.1941177222940092
2018-07-27T20:00:00.0;-0.19724794646138696
2018-07-27T21:00:00.0;-0.19790629850375221
2018-07-27T22:00:00.0;-0.1903355809596791
2018-07-27T23:00:00.0;-0.1804346300277525
2018-07-28T00:00:00.0;-0.1571925772235291
2018-07-28T01:00:00.0;-0.14990986573693454
2018-07-28T02:00:00.0;-0.14334410891286825
2018-07-28T03:00:00.0;-0.13695564489949666
2018-07-28T04:00:00.0;-0.1306580987330987
2018-07-28T05:00:00.0;-0.12651183428115537
2018-07-28T06:00:00.0;-0.12679313324489117
2018-07-28T07:00:00.0;-0.12658395989426044
2018-07-28T08:00:00.0;-0.12502536810026837
2018-07-28T09:00:00.0;-0.12109697830873326
2018-07-28T10:00:00.0;-0.1174053909091239
2018-07-28T11:00:00.0;-0.11577167661342976
2018-07-28T12:00:00.0;-0.1155824656147518
2018-07-28T13:00:00.0;-0.11825801610883646
2018-07-28T14:00:00.0;-0.12459780248447044
2018-07-28T15:00:00.0;-0.13523613892770853
2018-07-28T16:00:00.0;-0.15090953441156008
2018-07-28T17:00:00.0;-0.16224039905496013
2018-07-28T18:00:00.0;-0.1710971701637936
2018-07-28T19:00:00.0;-0.18029261076032316
2018-07-28T20:00:00.0;-0.18585377802630287
2018-07-28T21:00:00.0;-0.18718368422657
2018-07-28T22:00:00.0;-0.17878608812477595
2018-07-28T23:00:00.0;-0.1684319119524271
2018-07-29T00:00:00.0;-0.15490721367009117
2018-07-29T01:00:00.0;-0.14781948433048012
2018-07-29T02:00:00.0;-0.14133623848105972
2018-07-29T03:00:00.0;-0.13491195951924806
2018-07-29T04:00:00.0;-0.12772940294600696
2018-07-29T05:00:00.0;-0.12247897364680552
2018-07-29T06:00:00.0;-0.12055554388459715
2018-07-29T07:00:00.0;-0.11970272994509398
2018-07-29T08:00:00.0;-0.11883506887555363
2018-07-29T09:00:00.0;-0.1158827048305444
2018-07-29T10:00:00.0;-0.11235192219531875
2018-07-29T11:00:00.0;-0.11125262647719837
2018-07-29T12:00:00.0;-0.11092182811088352
2018-07-29T13:00:00.0;-0.11381673637710035
2018-07-29T14:00:00.0;-0.12023495115004801
2018-07-29T15:00:00.0;-0.13062905235554353
2018-07-29T16:00:00.0;-0.1468329281479764
2018-07-29T17:00:00.0;-0.15904711668834673
2018-07-29T18:00:00.0;-0.16903696740856713
2018-07-29T19:00:00.0;-0.17851034276100453
2018-07-29T20:00:00.0;-0.1838207761670985
2018-07-29T21:00:00.0;-0.18607091409451249
2018-07-29T22:00:00.0;-0.17768535835625282
2018-07-29T23:00:00.0;-0.16782720712070223
2018-07-30T00:00:00.0;-0.16856968949870305
2018-07-30T01:00:00.0;-0.15851095537634013
2018-07-30T02:00:00.0;-0.15188979439433714
2018-07-30T03:00:00.0;-0.1461127561396829
2018-07-30T04:00:00.0;-0.14310983393793283
2018-07-30T05:00:00.0;-0.144082391311105
2018-07-30T06:00:00.0;-0.1504928924047364
2018-07-30T07:00:00.0;-0.15228040634791912
2018-07-30T08:00:00.0;-0.14802400023898635
2018-07-30T09:00:00.0;-0.14092978540720696
2018-07-30T10:00:00.0;-0.13649331367819278
2018-07-30T11:00:00.0;-0.13522767730644483
2018-07-30T12:00:00.0;-0.1355933765863987
2018-07-30T13:00:00.0;-0.1370886014097021
2018-07-30T14:00:00.0;-0.14289341145382242
2018-07-30T15:00:00.0;-0.1531105570523513
2018-07-30T16:00:00.0;-0.1670550647815583
2018-07-30T17:00:00.0;-0.17263085028329853
2018-07-30T18:00:00.0;-0.1804837838105009
2018-07-30T19:00:00.0;-0.18826082160289098
2018-07-30T20:00:00.0;-0.19270536932694612
2018-07-30T21:00:00.0;-0.19128361237699817
2018-07-30T22:00:00.0;-0.18371658938005964
2018-07-30T23:00:00.0;-0.17179317507446115
2018-07-31T00:00:00.0;-0.17682899940377125
2018-07-31T01:00:00.0;-0.16272387155346119
2018-07-31T02:00:00.0;-0.15587213606905717
2018-07-31T03:00:00.0;-0.15033690819466494
2018-07-31T04:00:00.0;-0.14645782752798542
2018-07-31T05:00:00.0;-0.1470508405487348
2018-07-31T06:00:00.0;-0.15164938277438422
2018-07-31T07:00:00.0;-0.15424309939710176
2018-07-31T08:00:00.0;-0.1509084754942121
2018-07-31T09:00:00.0;-0.1450784991889797
2018-07-31T10:00:00.0;-0.1403857615901627
2018-07-31T11:00:00.0;-0.14107314010923933
2018-07-31T12:00:00.0;-0.13998988105897026
2018-07-31T13:00:00.0;-0.1393418540115734
2018-07-31T14:00:00.0;-0.1449689206199613
2018-07-31T15:00:00.0;-0.15472707862852556
2018-07-31T16:00:00.0;-0.16792670619569952
2018-07-31T17:00:00.0;-0.17034676721786887
2018-07-31T18:00:00.0;-0.18022337763300572
2018-07-31T19:00:00.0;-0.18746091497249515
2018-07-31T20:00:00.0;-0.191867048830205
2018-07-31T21:00:00.0;-0.19564302011519888
2018-07-31T22:00:00.0;-0.18987338752854954
2018-07-31T23:00:00.0;-0.17762762124280546
2018-08-01T00:00:00.0;-0.17559560044065733
2018-08-01T01:00:00.0;-0.16225899804431013
2018-08-01T02:00:00.0;-0.1554534476411178
2018-08-01T03:00:00.0;-0.14989413907285284
2018-08-01T04:00:00.0;-0.14639018381166316
2018-08-01T05:00:00.0;-0.1473449465268989
2018-08-01T06:00:00.0;-0.15266224670085393
2018-08-01T07:00:00.0;-0.1551946483936654
2018-08-01T08:00:00.0;-0.15152644398698495
2018-08-01T09:00:00.0;-0.1452574729798217
2018-08-01T10:00:00.0;-0.14059703479347427
2018-08-01T11:00:00.0;-0.1408708044322551
2018-08-01T12:00:00.0;-0.14015021173021563
2018-08-01T13:00:00.0;-0.13993644044420728
2018-08-01T14:00:00.0;-0.14555947076537798
2018-08-01T15:00:00.0;-0.1553803937601412
2018-08-01T16:00:00.0;-0.16865930347217353
2018-08-01T17:00:00.0;-0.1715036810830983
2018-08-01T18:00:00.0;-0.18087048147114484
2018-08-01T19:00:00.0;-0.18815165554475466
2018-08-01T20:00:00.0;-0.1924718850080899
2018-08-01T21:00:00.0;-0.19490337581437964
2018-08-01T22:00:00.0;-0.18876273618265726
2018-08-01T23:00:00.0;-0.1765134529146746
2018-08-02T00:00:00.0;-0.1765848899581031
2018-08-02T01:00:00.0;-0.16262002010433163
2018-08-02T02:00:00.0;-0.1558123914136256
2018-08-02T03:00:00.0;-0.15029313836458932
2018-08-02T04:00:00.0;-0.14647333378727245
2018-08-02T05:00:00.0;-0.14722728082566244
2018-08-02T06:00:00.0;-0.1519490579429141
2018-08-02T07:00:00.0;-0.1545042802542191
2018-08-02T08:00:00.0;-0.1510925396861785
2018-08-02T09:00:00.0;-0.14512107232405894
2018-08-02T10:00:00.0;-0.14031546495321215
2018-08-02T11:00:00.0;-0.14097162849699885
2018-08-02T12:00:00.0;-0.1399202776430389
2018-08-02T13:00:00.0;-0.13936530967085634
2018-08-02T14:00:00.0;-0.14503829928760156
2018-08-02T15:00:00.0;-0.15475588063884063
2018-08-02T16:00:00.0;-0.16803528128252046
2018-08-02T17:00:00.0;-0.1705862350684049
2018-08-02T18:00:00.0;-0.18060844338036683
2018-08-02T19:00:00.0;-0.18780066920573618
2018-08-02T20:00:00.0;-0.19204545285634092
2018-08-02T21:00:00.0;-0.19556115166228932
2018-08-02T22:00:00.0;-0.18970831186188336
2018-08-02T23:00:00.0;-0.17747182636163308
2018-08-03T00:00:00.0;-0.17646283523526904
2018-08-03T01:00:00.0;-0.16256809437976683
2018-08-03T02:00:00.0;-0.1557825190859098
2018-08-03T03:00:00.0;-0.15027125344955147
2018-08-03T04:00:00.0;-0.14648108691691594
2018-08-03T05:00:00.0;-0.1473155009641263
2018-08-03T06:00:00.0;-0.15209889552717906
2018-08-03T07:00:00.0;-0.1546348706827778
2018-08-03T08:00:00.0;-0.1511845717821617
2018-08-03T09:00:00.0;-0.14514235889159857
2018-08-03T10:00:00.0;-0.14028031663473683
2018-08-03T11:00:00.0;-0.1409208726908786
2018-08-03T12:00:00.0;-0.13988547593507322
2018-08-03T13:00:00.0;-0.13937703750049782
2018-08-03T14:00:00.0;-0.14507298862142173
2018-08-03T15:00:00.0;-0.1547702816439982
2018-08-03T16:00:00.0;-0.16808956882593096
2018-08-03T17:00:00.0;-0.17070596899367288
2018-08-03T18:00:00.0;-0.1808009762540474
2018-08-03T19:00:00.0;-0.18797054632235674
2018-08-03T20:00:00.0;-0.19213465486940887
2018-08-03T21:00:00.0;-0.19552021743583453
2018-08-03T22:00:00.0;-0.1896257740285503
2018-08-03T23:00:00.0;-0.1773939289210469
2018-08-04T00:00:00.0;-0.16799019569147408
2018-08-04T01:00:00.0;-0.15687401225091818
2018-08-04T02:00:00.0;-0.15012104908490265
2018-08-04T03:00:00.0;-0.14420818178752953
2018-08-04T04:00:00.0;-0.13918038902089613
2018-08-04T05:00:00.0;-0.13751904913765628
2018-08-04T06:00:00.0;-0.13928131760447587
2018-08-04T07:00:00.0;-0.14060476014403311
2018-08-04T08:00:00.0;-0.13837379066625288
2018-08-04T09:00:00.0;-0.13390412258961662
2018-08-04T10:00:00.0;-0.13009995425289317
2018-08-04T11:00:00.0;-0.13019436724625383
2018-08-04T12:00:00.0;-0.12973259642684262
2018-08-04T13:00:00.0;-0.13082408401285592
2018-08-04T14:00:00.0;-0.1364539540592968
2018-08-04T15:00:00.0;-0.14619877047679306
2018-08-04T16:00:00.0;-0.16061104764702916
2018-08-04T17:00:00.0;-0.16703103800540908
2018-08-04T18:00:00.0;-0.17668666640262948
2018-08-04T19:00:00.0;-0.18488820546518236
2018-08-04T20:00:00.0;-0.18921136467347618
2018-08-04T21:00:00.0;-0.19157345182002375
2018-08-04T22:00:00.0;-0.18459538032832418
2018-08-04T23:00:00.0;-0.1734384892521317
2018-08-05T00:00:00.0;-0.17012216288634086
2018-08-05T01:00:00.0;-0.15826114601823393
2018-08-05T02:00:00.0;-0.15153974808346043
2018-08-05T03:00:00.0;-0.14574990808278934
2018-08-05T04:00:00.0;-0.1409741129618001
2018-08-05T05:00:00.0;-0.1399902262344912
2018-08-05T06:00:00.0;-0.1424704288264963
2018-08-05T07:00:00.0;-0.1440534063276248
2018-08-05T08:00:00.0;-0.14151232759329238
2018-08-05T09:00:00.0;-0.13659504548853402
2018-08-05T10:00:00.0;-0.1323587970552574
2018-08-05T11:00:00.0;-0.13264082728035453
2018-08-05T12:00:00.0;-0.13194532319247043
2018-08-05T13:00:00.0;-0.13259667054985913
2018-08-05T14:00:00.0;-0.1383277083362613
2018-08-05T15:00:00.0;-0.14803606268493014
2018-08-05T16:00:00.0;-0.16224165252565384
2018-08-05T17:00:00.0;-0.16775159053636862
2018-08-05T18:00:00.0;-0.17781829383140701
2018-08-05T19:00:00.0;-0.18570221995676442
2018-08-05T20:00:00.0;-0.1898954851669544
2018-08-05T21:00:00.0;-0.19266371359092913
2018-08-05T22:00:00.0;-0.1859751315364819
2018-08-05T23:00:00.0;-0.17454958311822882
2018-08-06T00:00:00.0;-0.17557313084587217
2018-08-06T01:00:00.0;-0.16206826605477084
2018-08-06T02:00:00.0;-0.1553681188776151
2018-08-06T03:00:00.0;-0.14986597924673595
2018-08-06T04:00:00.0;-0.14610649814878812
2018-08-06T05:00:00.0;-0.14709494862649672
2018-08-06T06:00:00.0;-0.15197172810994605
2018-08-06T07:00:00.0;-0.15436489250430152
2018-08-06T08:00:00.0;-0.15082517994278735
2018-08-06T09:00:00.0;-0.14458727081880676
2018-08-06T10:00:00.0;-0.13954100517604356
2018-08-06T11:00:00.0;-0.14007998775879263
2018-08-06T12:00:00.0;-0.1391074026506831
2018-08-06T13:00:00.0;-0.13882523061456392
2018-08-06T14:00:00.0;-0.14462829947696482
2018-08-06T15:00:00.0;-0.15428137421751137
2018-08-06T16:00:00.0;-0.16780004581579136
2018-08-06T17:00:00.0;-0.17084717631009302
2018-08-06T18:00:00.0;-0.1811953200726862
2018-08-06T19:00:00.0;-0.18833236995981542
2018-08-06T20:00:00.0;-0.19225701613841648
2018-08-06T21:00:00.0;-0.1951791251334707
2018-08-06T22:00:00.0;-0.18908915960428055
2018-08-06T23:00:00.0;-0.17691765819122415
2018-08-07T00:00:00.0;-0.17564948369828737
2018-08-07T01:00:00.0;-0.16209981202185123
2018-08-07T02:00:00.0;-0.15535362184788992
2018-08-07T03:00:00.0;-0.14982985061235304
2018-08-07T04:00:00.0;-0.14602482793705185
2018-08-07T05:00:00.0;-0.14685914094712954
2018-08-07T06:00:00.0;-0.15139236458800054
2018-08-07T07:00:00.0;-0.15382844212092286
2018-08-07T08:00:00.0;-0.15045681584600162
2018-08-07T09:00:00.0;-0.1444794825665167
2018-08-07T10:00:00.0;-0.13967991592607862
2018-08-07T11:00:00.0;-0.14034066589482835
2018-08-07T12:00:00.0;-0.13944267234197522
2018-08-07T13:00:00.0;-0.13922313243403522
2018-08-07T14:00:00.0;-0.14487330768671963
2018-08-07T15:00:00.0;-0.15442034719426037
2018-08-07T16:00:00.0;-0.1679234727189626
2018-08-07T17:00:00.0;-0.17097102497305777
2018-08-07T18:00:00.0;-0.18122195264430394
2018-08-07T19:00:00.0;-0.1884250141482311
2018-08-07T20:00:00.0;-0.19224701203346145
2018-08-07T21:00:00.0;-0.19514143337086828
2018-08-07T22:00:00.0;-0.18905437922506585
2018-08-07T23:00:00.0;-0.17696240873341038
2018-08-08T00:00:00.0;-0.1753719038302547
2018-08-08T01:00:00.0;-0.16315961025296025
2018-08-08T02:00:00.0;-0.15666520337500228
2018-08-08T03:00:00.0;-0.15115031370624593
2018-08-08T04:00:00.0;-0.1465569163690569
2018-08-08T05:00:00.0;-0.14642803135457994
2018-08-08T06:00:00.0;-0.15276163374794308
2018-08-08T07:00:00.0;-0.15703464690536267
2018-08-08T08:00:00.0;-0.15504224882186343
2018-08-08T09:00:00.0;-0.14938006966384187
2018-08-08T10:00:00.0;-0.14341341254810044
2018-08-08T11:00:00.0;-0.14235891899603886
2018-08-08T12:00:00.0;-0.14235563075779362
2018-08-08T13:00:00.0;-0.1432532709007164
2018-08-08T14:00:00.0;-0.14920397402059676
2018-08-08T15:00:00.0;-0.15898727503142643
2018-08-08T16:00:00.0;-0.17085620197912002
2018-08-08T17:00:00.0;-0.17841513068557943
2018-08-08T18:00:00.0;-0.1870428708425166
2018-08-08T19:00:00.0;-0.19381538371544527
2018-08-08T20:00:00.0;-0.19699937151372007
2018-08-08T21:00:00.0;-0.19787262326539373
2018-08-08T22:00:00.0;-0.1905238829204955
2018-08-08T23:00:00.0;-0.1804280512302557
2018-08-09T00:00:00.0;-0.16859911733576532
2018-08-09T01:00:00.0;-0.15810503806216916
2018-08-09T02:00:00.0;-0.15131451734023865
2018-08-09T03:00:00.0;-0.14545261709671753
2018-08-09T04:00:00.0;-0.14157704858056086
2018-08-09T05:00:00.0;-0.1413158912463015
2018-08-09T06:00:00.0;-0.14360236544977298
2018-08-09T07:00:00.0;-0.14544079643746824
2018-08-09T08:00:00.0;-0.14299431105543664
2018-08-09T09:00:00.0;-0.13832921342702553
2018-08-09T10:00:00.0;-0.13541238985015694
2018-08-09T11:00:00.0;-0.13580009968470133
2018-08-09T12:00:00.0;-0.13649227126675934
2018-08-09T13:00:00.0;-0.1386943498423549
2018-08-09T14:00:00.0;-0.14341348783625749
2018-08-09T15:00:00.0;-0.15217542679535181
2018-08-09T16:00:00.0;-0.16661054553888485
2018-08-09T17:00:00.0;-0.17293270746581155
2018-08-09T18:00:00.0;-0.18198853129889628
2018-08-09T19:00:00.0;-0.19008472611033625
2018-08-09T20:00:00.0;-0.192442018300355
2018-08-09T21:00:00.0;-0.1911853668487079
2018-08-09T22:00:00.0;-0.1835609988337148
2018-08-09T23:00:00.0;-0.17262603530937015
2018-08-10T00:00:00.0;-0.16218346450142856
2018-08-10T01:00:00.0;-0.15502068192791096
2018-08-10T02:00:00.0;-0.148222459955729
2018-08-10T03:00:00.0;-0.14159869773425618
2018-08-10T04:00:00.0;-0.13468470833305382
2018-08-10T05:00:00.0;-0.13070034479132572
2018-08-10T06:00:00.0;-0.13286813426390498
2018-08-10T07:00:00.0;-0.13590768206067882
2018-08-10T08:00:00.0;-0.13564395007140062
2018-08-10T09:00:00.0;-0.131955296485133
2018-08-10T10:00:00.0;-0.12654603047246113
2018-08-10T11:00:00.0;-0.12356774064767083
2018-08-10T12:00:00.0;-0.12243221107389883
2018-08-10T13:00:00.0;-0.12475464380955197
2018-08-10T14:00:00.0;-0.13085586225428572
2018-08-10T15:00:00.0;-0.14072319794225116
2018-08-10T16:00:00.0;-0.15577408540814097
2018-08-10T17:00:00.0;-0.17033951963057128
2018-08-10T18:00:00.0;-0.1787087596464027
2018-08-10T19:00:00.0;-0.18642390417673674
2018-08-10T20:00:00.0;-0.1907509782005344
2018-08-10T21:00:00.0;-0.19147750024334598
2018-08-10T22:00:00.0;-0.1839257971359144
2018-08-10T23:00:00.0;-0.17472328129308787
2018-08-11T00:00:00.0;-0.15497949154059648
2018-08-11T01:00:00.0;-0.14849590616522831
2018-08-11T02:00:00.0;-0.1423675248009852
2018-08-11T03:00:00.0;-0.13612831879878193
2018-08-11T04:00:00.0;-0.12964635092759763
2018-08-11T05:00:00.0;-0.12628487701713817
2018-08-11T06:00:00.0;-0.12692836506843966
2018-08-11T07:00:00.0;-0.12621547900032876
2018-08-11T08:00:00.0;-0.12421889517139532
2018-08-11T09:00:00.0;-0.11933084941707506
2018-08-11T10:00:00.0;-0.11407563072978573
2018-08-11T11:00:00.0;-0.11230921825457711
2018-08-11T12:00:00.0;-0.11175407854924513
2018-08-11T13:00:00.0;-0.11470792809832227
2018-08-11T14:00:00.0;-0.12184126558097877
2018-08-11T15:00:00.0;-0.13227196977886396
2018-08-11T16:00:00.0;-0.1487906660542008
2018-08-11T17:00:00.0;-0.16141675611512168
2018-08-11T18:00:00.0;-0.1724587674359461
2018-08-11T19:00:00.0;-0.1811663461238106
2018-08-11T20:00:00.0;-0.18578652504996734
2018-08-11T21:00:00.0;-0.18659227340323906
2018-08-11T22:00:00.0;-0.17798664268113734
2018-08-11T23:00:00.0;-0.16781142657065776
2018-08-12T00:00:00.0;-0.15419778400188816
2018-08-12T01:00:00.0;-0.1474922333075037
2018-08-12T02:00:00.0;-0.14093538290182517
2018-08-12T03:00:00.0;-0.1344517537454987
2018-08-12T04:00:00.0;-0.1272524108659621
2018-08-12T05:00:00.0;-0.12178892585683307
2018-08-12T06:00:00.0;-0.11837365087753868
2018-08-12T07:00:00.0;-0.1175898891795897
2018-08-12T08:00:00.0;-0.11737521130073839
2018-08-12T09:00:00.0;-0.11533482151255649
2018-08-12T10:00:00.0;-0.11275501023384325
2018-08-12T11:00:00.0;-0.11222487552767618
2018-08-12T12:00:00.0;-0.11247476681092851
2018-08-12T13:00:00.0;-0.11616041583104418
2018-08-12T14:00:00.0;-0.12188851243125523
2018-08-12T15:00:00.0;-0.1314843635022305
2018-08-12T16:00:00.0;-0.14796030667173038
2018-08-12T17:00:00.0;-0.16079023131889023
2018-08-12T18:00:00.0;-0.17085408801127652
2018-08-12T19:00:00.0;-0.180522058019154
2018-08-12T20:00:00.0;-0.18452151069063405
2018-08-12T21:00:00.0;-0.18545417532197606
2018-08-12T22:00:00.0;-0.1767087422553843
2018-08-12T23:00:00.0;-0.16736610889743506
2018-08-13T00:00:00.0;-0.16909504757087854
2018-08-13T01:00:00.0;-0.15924789555295318
2018-08-13T02:00:00.0;-0.15259420784678102
2018-08-13T03:00:00.0;-0.14684650644462718
2018-08-13T04:00:00.0;-0.1443948396280083
2018-08-13T05:00:00.0;-0.14604687466667118
2018-08-13T06:00:00.0;-0.152518851243199
2018-08-13T07:00:00.0;-0.15460039439743625
2018-08-13T08:00:00.0;-0.1503277948838701
2018-08-13T09:00:00.0;-0.14326209200651918
2018-08-13T10:00:00.0;-0.13935137113638144
2018-08-13T11:00:00.0;-0.13835720702128604
2018-08-13T12:00:00.0;-0.13931080934239123
2018-08-13T13:00:00.0;-0.14136980674748217
2018-08-13T14:00:00.0;-0.14664388700880426
2018-08-13T15:00:00.0;-0.15626994691471568
2018-08-13T16:00:00.0;-0.17022864257769782
2018-08-13T17:00:00.0;-0.1757064008601933
2018-08-13T18:00:00.0;-0.18334184537253867
2018-08-13T19:00:00.0;-0.19106324082508194
2018-08-13T20:00:00.0;-0.194381271004632
2018-08-13T21:00:00.0;-0.19118122740999505
2018-08-13T22:00:00.0;-0.18331429333151464
2018-08-13T23:00:00.0;-0.17154129626238515
2018-08-14T00:00:00.0;-0.1688127340899808
2018-08-14T01:00:00.0;-0.15861815285978167
2018-08-14T02:00:00.0;-0.15202833774460286
2018-08-14T03:00:00.0;-0.14620632762194427
2018-08-14T04:00:00.0;-0.14237905395709713
2018-08-14T05:00:00.0;-0.14269439932835773
2018-08-14T06:00:00.0;-0.14816050093062688
2018-08-14T07:00:00.0;-0.15029070686166274
2018-08-14T08:00:00.0;-0.14683016568866564
2018-08-14T09:00:00.0;-0.1403582602346901
2018-08-14T10:00:00.0;-0.13538432631081193
2018-08-14T11:00:00.0;-0.13421398986574928
2018-08-14T12:00:00.0;-0.1340578950962495
2018-08-14T13:00:00.0;-0.13541577862582263
2018-08-14T14:00:00.0;-0.14135779437536053
2018-08-14T15:00:00.0;-0.15130508774137244
2018-08-14T16:00:00.0;-0.16541177249169514
2018-08-14T17:00:00.0;-0.172217747578849
2018-08-14T18:00:00.0;-0.18101989984495734
2018-08-14T19:00:00.0;-0.18854556676675796
2018-08-14T20:00:00.0;-0.19256928104503412
2018-08-14T21:00:00.0;-0.19219019449140273
2018-08-14T22:00:00.0;-0.1848608217415406
2018-08-14T23:00:00.0;-0.17344157974830607
2018-08-15T00:00:00.0;-0.16849123396602528
2018-08-15T01:00:00.0;-0.15890738277093558
2018-08-15T02:00:00.0;-0.152317190844757
2018-08-15T03:00:00.0;-0.14653992298499752
2018-08-15T04:00:00.0;-0.14329357990134559
2018-08-15T05:00:00.0;-0.14395968084669677
2018-08-15T06:00:00.0;-0.14935226243444932
2018-08-15T07:00:00.0;-0.15181214652647151
2018-08-15T08:00:00.0;-0.14863422841955642
2018-08-15T09:00:00.0;-0.14252739024861702
2018-08-15T10:00:00.0;-0.1385708805648102
2018-08-15T11:00:00.0;-0.1375855817393666
2018-08-15T12:00:00.0;-0.13872719360092003
2018-08-15T13:00:00.0;-0.14125263748281688
2018-08-15T14:00:00.0;-0.1464584288823742
2018-08-15T15:00:00.0;-0.15581114231779422
2018-08-15T16:00:00.0;-0.16953048820415662
2018-08-15T17:00:00.0;-0.17682967351462187
2018-08-15T18:00:00.0;-0.1846707138302419
2018-08-15T19:00:00.0;-0.1924005619678133
2018-08-15T20:00:00.0;-0.1950658620311286
2018-08-15T21:00:00.0;-0.19189953396556036
2018-08-15T22:00:00.0;-0.18366813123933054
2018-08-15T23:00:00.0;-0.17284432829269072
2018-08-16T00:00:00.0;-0.16597733017840427
2018-08-16T01:00:00.0;-0.15802728645992659
2018-08-16T02:00:00.0;-0.15176888256465168
2018-08-16T03:00:00.0;-0.14592418632659507
2018-08-16T04:00:00.0;-0.14146525836349072
2018-08-16T05:00:00.0;-0.14071921933578568
2018-08-16T06:00:00.0;-0.14785377444842657
2018-08-16T07:00:00.0;-0.15127021074774413
2018-08-16T08:00:00.0;-0.1490190404345993
2018-08-16T09:00:00.0;-0.14276372739125257
2018-08-16T10:00:00.0;-0.13697679967298304
2018-08-16T11:00:00.0;-0.13389764260958117
2018-08-16T12:00:00.0;-0.1351305551634513
2018-08-16T13:00:00.0;-0.13822389292262952
2018-08-16T14:00:00.0;-0.14447403096921618
2018-08-16T15:00:00.0;-0.1547648604349057
2018-08-16T16:00:00.0;-0.16747243376757825
2018-08-16T17:00:00.0;-0.17931742281565735
2018-08-16T18:00:00.0;-0.1861597386106628
2018-08-16T19:00:00.0;-0.19358548632787
2018-08-16T20:00:00.0;-0.1969700881858983
2018-08-16T21:00:00.0;-0.1934703571113929
2018-08-16T22:00:00.0;-0.18431372789786563
2018-08-16T23:00:00.0;-0.17496498242519087
2018-08-17T00:00:00.0;-0.17349150432937593
2018-08-17T01:00:00.0;-0.16090367630017577
2018-08-17T02:00:00.0;-0.1543096162566951
2018-08-17T03:00:00.0;-0.1487810985502849
2018-08-17T04:00:00.0;-0.14502265699781441
2018-08-17T05:00:00.0;-0.1460816955548801
2018-08-17T06:00:00.0;-0.15026719495326157
2018-08-17T07:00:00.0;-0.15242076284885261
2018-08-17T08:00:00.0;-0.14909975621941074
2018-08-17T09:00:00.0;-0.14304490685189805
2018-08-17T10:00:00.0;-0.13819939281595917
2018-08-17T11:00:00.0;-0.1388423372912615
2018-08-17T12:00:00.0;-0.13827864161248804
2018-08-17T13:00:00.0;-0.13881347980389874
2018-08-17T14:00:00.0;-0.14444752720268966
2018-08-17T15:00:00.0;-0.15362761488870388
2018-08-17T16:00:00.0;-0.16764734380668628
2018-08-17T17:00:00.0;-0.1718316349643754
2018-08-17T18:00:00.0;-0.1826317149974119
2018-08-17T19:00:00.0;-0.18984271291494426
2018-08-17T20:00:00.0;-0.192716865018989
2018-08-17T21:00:00.0;-0.19419029358193637
2018-08-17T22:00:00.0;-0.18756535908691047
2018-08-17T23:00:00.0;-0.17578535019656236
2018-08-18T00:00:00.0;-0.15637227040489068
2018-08-18T01:00:00.0;-0.1495624452920759
2018-08-18T02:00:00.0;-0.14315343158335578
2018-08-18T03:00:00.0;-0.1368203414318111
2018-08-18T04:00:00.0;-0.12994819760276685
2018-08-18T05:00:00.0;-0.1252164458048157
2018-08-18T06:00:00.0;-0.12442412213116921
2018-08-18T07:00:00.0;-0.12464604291783811
2018-08-18T08:00:00.0;-0.12412178741507914
2018-08-18T09:00:00.0;-0.12109784550890437
2018-08-18T10:00:00.0;-0.11740357474621813
2018-08-18T11:00:00.0;-0.11596682537752029
2018-08-18T12:00:00.0;-0.1163875816979095
2018-08-18T13:00:00.0;-0.11994727272509417
2018-08-18T14:00:00.0;-0.1260717077060801
2018-08-18T15:00:00.0;-0.13608128828046737
2018-08-18T16:00:00.0;-0.15151079189697012
2018-08-18T17:00:00.0;-0.16481667564663183
2018-08-18T18:00:00.0;-0.1740970808109071
2018-08-18T19:00:00.0;-0.18323063752409693
2018-08-18T20:00:00.0;-0.18736675372576672
2018-08-18T21:00:00.0;-0.18757585066354415
2018-08-18T22:00:00.0;-0.1785972235677433
2018-08-18T23:00:00.0;-0.16947544210009655
2018-08-19T00:00:00.0;-0.15452963605162992
2018-08-19T01:00:00.0;-0.14782250039160844
2018-08-19T02:00:00.0;-0.14113388955775585
2018-08-19T03:00:00.0;-0.1345726789390984
2018-08-19T04:00:00.0;-0.12729469137286598
2018-08-19T05:00:00.0;-0.1215250660942489
2018-08-19T06:00:00.0;-0.1171784908709992
2018-08-19T07:00:00.0;-0.11664597066337844
2018-08-19T08:00:00.0;-0.11701154958001891
2018-08-19T09:00:00.0;-0.1157054112237039
2018-08-19T10:00:00.0;-0.11382706527374542
2018-08-19T11:00:00.0;-0.11361908763855055
2018-08-19T12:00:00.0;-0.11411212702647491
2018-08-19T13:00:00.0;-0.11811898546327847
2018-08-19T14:00:00.0;-0.12333683364403975
2018-08-19T15:00:00.0;-0.13249515346403323
2018-08-19T16:00:00.0;-0.1489900886110266
2018-08-19T17:00:00.0;-0.16210785598434257
2018-08-19T18:00:00.0;-0.17194288752587367
2018-08-19T19:00:00.0;-0.18173168916532856
2018-08-19T20:00:00.0;-0.1850996515315619
2018-08-19T21:00:00.0;-0.18563327199500063
2018-08-19T22:00:00.0;-0.1767546664207653
2018-08-19T23:00:00.0;-0.16767770780273483
2018-08-20T00:00:00.0;-0.16977622618355223
2018-08-20T01:00:00.0;-0.16068004582203768
2018-08-20T02:00:00.0;-0.1540123372368636
2018-08-20T03:00:00.0;-0.1482221485269318
2018-08-20T04:00:00.0;-0.14660457987627182
2018-08-20T05:00:00.0;-0.14942927280962753
2018-08-20T06:00:00.0;-0.15876046647393008
2018-08-20T07:00:00.0;-0.1616094525122985
2018-08-20T08:00:00.0;-0.1564530687000225
2018-08-20T09:00:00.0;-0.14801425954893133
2018-08-20T10:00:00.0;-0.1433817621074567
2018-08-20T11:00:00.0;-0.1411763482643403
2018-08-20T12:00:00.0;-0.14219041346195527
2018-08-20T13:00:00.0;-0.1442513009171056
2018-08-20T14:00:00.0;-0.149689500455819
2018-08-20T15:00:00.0;-0.15963761151148834
2018-08-20T16:00:00.0;-0.17333470147520585
2018-08-20T17:00:00.0;-0.17910257041663222
2018-08-20T18:00:00.0;-0.18549879883734718
2018-08-20T19:00:00.0;-0.1927762206662908
2018-08-20T20:00:00.0;-0.1964341744528178
2018-08-20T21:00:00.0;-0.19148458419165193
2018-08-20T22:00:00.0;-0.18360476054084884
2018-08-20T23:00:00.0;-0.1715393408082045
2018-08-21T00:00:00.0;-0.168431324062271
2018-08-21T01:00:00.0;-0.15946917086423143
2018-08-21T02:00:00.0;-0.15319631425777272
2018-08-21T03:00:00.0;-0.1476539801917531
2018-08-21T04:00:00.0;-0.14621577737581365
2018-08-21T05:00:00.0;-0.14994738975643812
2018-08-21T06:00:00.0;-0.15929581437462054
2018-08-21T07:00:00.0;-0.16127272801435608
2018-08-21T08:00:00.0;-0.15558299038054843
2018-08-21T09:00:00.0;-0.1463511345437196
2018-08-21T10:00:00.0;-0.14097640769073666
2018-08-21T11:00:00.0;-0.1392306972380198
2018-08-21T12:00:00.0;-0.14031517012955205
2018-08-21T13:00:00.0;-0.14267759114849424
2018-08-21T14:00:00.0;-0.14863050277699094
2018-08-21T15:00:00.0;-0.15841520506391066
2018-08-21T16:00:00.0;-0.17263923874572024
2018-08-21T17:00:00.0;-0.17830306342557412
2018-08-21T18:00:00.0;-0.18657269648217198
2018-08-21T19:00:00.0;-0.1936993650017557
2018-08-21T20:00:00.0;-0.19642900267646612
2018-08-21T21:00:00.0;-0.19109501931197534
2018-08-21T22:00:00.0;-0.1827254098206157
2018-08-21T23:00:00.0;-0.17053114624503496
2018-08-22T00:00:00.0;-0.17401807950101747
2018-08-22T01:00:00.0;-0.1619329436246008
2018-08-22T02:00:00.0;-0.1553070646216109
2018-08-22T03:00:00.0;-0.14973921660865858
2018-08-22T04:00:00.0;-0.1459821745821545
2018-08-22T05:00:00.0;-0.1466365669022178
2018-08-22T06:00:00.0;-0.1522993358632949
2018-08-22T07:00:00.0;-0.15546055756839944
2018-08-22T08:00:00.0;-0.15250927683641743
2018-08-22T09:00:00.0;-0.14648948998308264
2018-08-22T10:00:00.0;-0.14155944692274813
2018-08-22T11:00:00.0;-0.1411771101549835
2018-08-22T12:00:00.0;-0.14123421298410432
2018-08-22T13:00:00.0;-0.1421461894155432
2018-08-22T14:00:00.0;-0.14772559051992315
2018-08-22T15:00:00.0;-0.15729462347931078
2018-08-22T16:00:00.0;-0.170184569585965
2018-08-22T17:00:00.0;-0.17571285401285755
2018-08-22T18:00:00.0;-0.18458505028189326
2018-08-22T19:00:00.0;-0.19175649773363698
2018-08-22T20:00:00.0;-0.1950070552403012
2018-08-22T21:00:00.0;-0.19533096206864292
2018-08-22T22:00:00.0;-0.18820964033507404
2018-08-22T23:00:00.0;-0.17709793796394951
2018-08-23T00:00:00.0;-0.17141481801417588
2018-08-23T01:00:00.0;-0.16179142130594465
2018-08-23T02:00:00.0;-0.15548594755990416
2018-08-23T03:00:00.0;-0.1499157886159501
2018-08-23T04:00:00.0;-0.14622655325273243
2018-08-23T05:00:00.0;-0.14689532923373919
2018-08-23T06:00:00.0;-0.15468610870383429
2018-08-23T07:00:00.0;-0.15909719994733892
2018-08-23T08:00:00.0;-0.15679638850795538
2018-08-23T09:00:00.0;-0.15044780866757537
2018-08-23T10:00:00.0;-0.14484173379168866
2018-08-23T11:00:00.0;-0.1427309706357871
2018-08-23T12:00:00.0;-0.14431523368666815
2018-08-23T13:00:00.0;-0.14716332566858092
2018-08-23T14:00:00.0;-0.15280076069290927
2018-08-23T15:00:00.0;-0.16230362944253987
2018-08-23T16:00:00.0;-0.1742347753000324
2018-08-23T17:00:00.0;-0.18417881024346047
2018-08-23T18:00:00.0;-0.191328915517773
2018-08-23T19:00:00.0;-0.1982430463694597
2018-08-23T20:00:00.0;-0.20013323148969428
2018-08-23T21:00:00.0;-0.19602818574343006
2018-08-23T22:00:00.0;-0.187092355760274
2018-08-23T23:00:00.0;-0.17769868564141977
2018-08-24T00:00:00.0;-0.16871338482913398
2018-08-24T01:00:00.0;-0.1585490987204317
2018-08-24T02:00:00.0;-0.1521916945085598
2018-08-24T03:00:00.0;-0.14642374137942807
2018-08-24T04:00:00.0;-0.14073759454290885
2018-08-24T05:00:00.0;-0.13868153061829241
2018-08-24T06:00:00.0;-0.14326798966581297
2018-08-24T07:00:00.0;-0.14645880757198848
2018-08-24T08:00:00.0;-0.1451773949802265
2018-08-24T09:00:00.0;-0.14030574633353413
2018-08-24T10:00:00.0;-0.1345363529718024
2018-08-24T11:00:00.0;-0.13279285045200168
2018-08-24T12:00:00.0;-0.1329671207581894
2018-08-24T13:00:00.0;-0.1348085280484115
2018-08-24T14:00:00.0;-0.14116828824610067
2018-08-24T15:00:00.0;-0.151392684414104
2018-08-24T16:00:00.0;-0.16399471048033595
2018-08-24T17:00:00.0;-0.17451137473174497
2018-08-24T18:00:00.0;-0.1830348541992077
2018-08-24T19:00:00.0;-0.19051239197173547
2018-08-24T20:00:00.0;-0.19435473340300718
2018-08-24T21:00:00.0;-0.1951434211579732
2018-08-24T22:00:00.0;-0.1869953704476387
2018-08-24T23:00:00.0;-0.17760549159659705
2018-08-25T00:00:00.0;-0.1587332899707941
2018-08-25T01:00:00.0;-0.15100671231334065
2018-08-25T02:00:00.0;-0.14448733660042723
2018-08-25T03:00:00.0;-0.1382451423038443
2018-08-25T04:00:00.0;-0.1319468386087157
2018-08-25T05:00:00.0;-0.12825248802072423
2018-08-25T06:00:00.0;-0.12660603223990344
2018-08-25T07:00:00.0;-0.12686968518163957
2018-08-25T08:00:00.0;-0.12619858233847947
2018-08-25T09:00:00.0;-0.12334669287910591
2018-08-25T10:00:00.0;-0.12028262899078866
2018-08-25T11:00:00.0;-0.12004948191266242
2018-08-25T12:00:00.0;-0.12047994896168265
2018-08-25T13:00:00.0;-0.12394740261769065
2018-08-25T14:00:00.0;-0.12941638730544663
2018-08-25T15:00:00.0;-0.1384815254300397
2018-08-25T16:00:00.0;-0.1543486727407298
2018-08-25T17:00:00.0;-0.16593110130682565
2018-08-25T18:00:00.0;-0.17621317712619566
2018-08-25T19:00:00.0;-0.18517094870098288
2018-08-25T20:00:00.0;-0.18793765843681226
2018-08-25T21:00:00.0;-0.1877627803627694
2018-08-25T22:00:00.0;-0.17917675024291924
2018-08-25T23:00:00.0;-0.16968409818042782
2018-08-26T00:00:00.0;-0.15493205090345424
2018-08-26T01:00:00.0;-0.14815675754716315
2018-08-26T02:00:00.0;-0.1414282783537907
2018-08-26T03:00:00.0;-0.1348946774791746
2018-08-26T04:00:00.0;-0.12780066181187316
2018-08-26T05:00:00.0;-0.12223553791307198
2018-08-26T06:00:00.0;-0.11719187942675485
2018-08-26T07:00:00.0;-0.11678610552317174
2018-08-26T08:00:00.0;-0.11737954363501395
2018-08-26T09:00:00.0;-0.11649366532980812
2018-08-26T10:00:00.0;-0.1151783193570124
2018-08-26T11:00:00.0;-0.1154892113342632
2018-08-26T12:00:00.0;-0.11638443703110993
2018-08-26T13:00:00.0;-0.12077395245866367
2018-08-26T14:00:00.0;-0.12551353681188626
2018-08-26T15:00:00.0;-0.13409056212768167
2018-08-26T16:00:00.0;-0.1506479460422806
2018-08-26T17:00:00.0;-0.16360791203871083
2018-08-26T18:00:00.0;-0.173578512375518
2018-08-26T19:00:00.0;-0.1833981786661438
2018-08-26T20:00:00.0;-0.18581907605584325
2018-08-26T21:00:00.0;-0.18544260549100883
2018-08-26T22:00:00.0;-0.17646228643461423
2018-08-26T23:00:00.0;-0.16762436118906102
2018-08-27T00:00:00.0;-0.16973131333043676
2018-08-27T01:00:00.0;-0.16170804186703866
2018-08-27T02:00:00.0;-0.15543898648168647
2018-08-27T03:00:00.0;-0.14948322348478926
2018-08-27T04:00:00.0;-0.1431698236460875
2018-08-27T05:00:00.0;-0.14074738583307284
2018-08-27T06:00:00.0;-0.14804825877411182
2018-08-27T07:00:00.0;-0.15456109173507335
2018-08-27T08:00:00.0;-0.15502016926616238
2018-08-27T09:00:00.0;-0.15040289758901226
2018-08-27T10:00:00.0;-0.1430268033455928
2018-08-27T11:00:00.0;-0.13888788052697376
2018-08-27T12:00:00.0;-0.13976292559164552
2018-08-27T13:00:00.0;-0.14303000650005013
2018-08-27T14:00:00.0;-0.149248512387619
2018-08-27T15:00:00.0;-0.15895696404849163
2018-08-27T16:00:00.0;-0.1701526586186044
2018-08-27T17:00:00.0;-0.18691077411404655
2018-08-27T18:00:00.0;-0.1934319020457545
2018-08-27T19:00:00.0;-0.19979279605030056
2018-08-27T20:00:00.0;-0.20181048167102972
2018-08-27T21:00:00.0;-0.19873624156216624
2018-08-27T22:00:00.0;-0.18959789588115866
2018-08-27T23:00:00.0;-0.18266403060005476
2018-08-28T00:00:00.0;-0.16559268562958507
2018-08-28T01:00:00.0;-0.1584538868663276
2018-08-28T02:00:00.0;-0.15236041826770236
2018-08-28T03:00:00.0;-0.146796590342365
2018-08-28T04:00:00.0;-0.1462015532182093
2018-08-28T05:00:00.0;-0.15100217703423613
2018-08-28T06:00:00.0;-0.1620433213989606
2018-08-28T07:00:00.0;-0.16389774887408412
2018-08-28T08:00:00.0;-0.15742523861684157
2018-08-28T09:00:00.0;-0.1470386693038989
2018-08-28T10:00:00.0;-0.1414352378961081
2018-08-28T11:00:00.0;-0.13878783650873275
2018-08-28T12:00:00.0;-0.1406144758002302
2018-08-28T13:00:00.0;-0.14402391089693123
2018-08-28T14:00:00.0;-0.15005725466256825
2018-08-28T15:00:00.0;-0.15983638165686326
2018-08-28T16:00:00.0;-0.17440263509498188
2018-08-28T17:00:00.0;-0.1812801500651693
2018-08-28T18:00:00.0;-0.1888916505454689
2018-08-28T19:00:00.0;-0.195960943319747
2018-08-28T20:00:00.0;-0.19811171888347376
2018-08-28T21:00:00.0;-0.18955717799977195
2018-08-28T22:00:00.0;-0.18031176133476545
2018-08-28T23:00:00.0;-0.1681604402997495
2018-08-29T00:00:00.0;-0.1664484728276565
2018-08-29T01:00:00.0;-0.1589805272696701
2018-08-29T02:00:00.0;-0.15258157245360887
2018-08-29T03:00:00.0;-0.146828185801413
2018-08-29T04:00:00.0;-0.14522170615299065
2018-08-29T05:00:00.0;-0.14783271320782343
2018-08-29T06:00:00.0;-0.15736437335472797
2018-08-29T07:00:00.0;-0.1601271377831257
2018-08-29T08:00:00.0;-0.1553339315171322
2018-08-29T09:00:00.0;-0.14694649335778134
2018-08-29T10:00:00.0;-0.14242835272046847
2018-08-29T11:00:00.0;-0.13967321086504067
2018-08-29T12:00:00.0;-0.14189093647732082
2018-08-29T13:00:00.0;-0.14543417366423936
2018-08-29T14:00:00.0;-0.15087320832508022
2018-08-29T15:00:00.0;-0.16073237326196468
2018-08-29T16:00:00.0;-0.17419029944619813
2018-08-29T17:00:00.0;-0.18230744308849822
2018-08-29T18:00:00.0;-0.18811030368273052
2018-08-29T19:00:00.0;-0.19562090698763138
2018-08-29T20:00:00.0;-0.19832942642505033
2018-08-29T21:00:00.0;-0.1906974874939998
2018-08-29T22:00:00.0;-0.18140445515939976
2018-08-29T23:00:00.0;-0.17031321071106562
2018-08-30T00:00:00.0;-0.16739744088707864
2018-08-30T01:00:00.0;-0.15753031656751965
2018-08-30T02:00:00.0;-0.15161616791240815
2018-08-30T03:00:00.0;-0.14619007704711337
2018-08-30T04:00:00.0;-0.14263462968611126
2018-08-30T05:00:00.0;-0.14490578481875296
2018-08-30T06:00:00.0;-0.1506773559120109
2018-08-30T07:00:00.0;-0.15187202248819837
2018-08-30T08:00:00.0;-0.1476350217794105
2018-08-30T09:00:00.0;-0.13968178238396167
2018-08-30T10:00:00.0;-0.13292233470468987
2018-08-30T11:00:00.0;-0.13243409873636375
2018-08-30T12:00:00.0;-0.13208922461887582
2018-08-30T13:00:00.0;-0.13393945138135196
2018-08-30T14:00:00.0;-0.14072686795353234
2018-08-30T15:00:00.0;-0.14999915269429487
2018-08-30T16:00:00.0;-0.1652330785301389
2018-08-30T17:00:00.0;-0.17250117361174855
2018-08-30T18:00:00.0;-0.1850278685236353
2018-08-30T19:00:00.0;-0.19186451208209887
2018-08-30T20:00:00.0;-0.19359701634830875
2018-08-30T21:00:00.0;-0.19221571625710543
2018-08-30T22:00:00.0;-0.18426568639153962
2018-08-30T23:00:00.0;-0.1727760492839829
2018-08-31T00:00:00.0;-0.17235262598667975
2018-08-31T01:00:00.0;-0.1606354718424823
2018-08-31T02:00:00.0;-0.15443063161263057
2018-08-31T03:00:00.0;-0.1490894063412767
2018-08-31T04:00:00.0;-0.14597767351072086
2018-08-31T05:00:00.0;-0.14871458555131312
2018-08-31T06:00:00.0;-0.1545783864298239
2018-08-31T07:00:00.0;-0.1565089001400885
2018-08-31T08:00:00.0;-0.15226529967874033
2018-08-31T09:00:00.0;-0.1446479554065363
2018-08-31T10:00:00.0;-0.13854553990233529
2018-08-31T11:00:00.0;-0.13884745023973602
2018-08-31T12:00:00.0;-0.1383961016870101
2018-08-31T13:00:00.0;-0.13942269337788152
2018-08-31T14:00:00.0;-0.1455926720301744
2018-08-31T15:00:00.0;-0.15458409194716252
2018-08-31T16:00:00.0;-0.16912320386958782
2018-08-31T17:00:00.0;-0.1739360372793539
2018-08-31T18:00:00.0;-0.1859870657505965
2018-08-31T19:00:00.0;-0.19267134782872503
2018-08-31T20:00:00.0;-0.1944129590067448
2018-08-31T21:00:00.0;-0.1939821980143342
2018-08-31T22:00:00.0;-0.18681412586949417
2018-08-31T23:00:00.0;-0.17490253516575677
2018-09-01T00:00:00.0;-0.17077035566935234
2018-09-01T01:00:00.0;-0.1593668805516332
2018-09-01T02:00:00.0;-0.15292399987047
2018-09-01T03:00:00.0;-0.1473661779444293
2018-09-01T04:00:00.0;-0.14360438950023754
2018-09-01T05:00:00.0;-0.14477235853307657
2018-09-01T06:00:00.0;-0.14821669031121668
2018-09-01T07:00:00.0;-0.15003582588690217
2018-09-01T08:00:00.0;-0.14692696539793412
2018-09-01T09:00:00.0;-0.1410045716916756
2018-09-01T10:00:00.0;-0.13630645744666697
2018-09-01T11:00:00.0;-0.13701093892026775
2018-09-01T12:00:00.0;-0.13691782325496887
2018-09-01T13:00:00.0;-0.1384445179054416
2018-09-01T14:00:00.0;-0.14394398781707352
2018-09-01T15:00:00.0;-0.15259907093273195
2018-09-01T16:00:00.0;-0.1672560856382316
2018-09-01T17:00:00.0;-0.17289312864092304
2018-09-01T18:00:00.0;-0.18428456477407057
2018-09-01T19:00:00.0;-0.19157356598424644
2018-09-01T20:00:00.0;-0.1932214703904858
2018-09-01T21:00:00.0;-0.19293525406590975
2018-09-01T22:00:00.0;-0.1856400229563322
2018-09-01T23:00:00.0;-0.17431922695141647
2018-09-02T00:00:00.0;-0.16448970447942876
2018-09-02T01:00:00.0;-0.15542651466753776
2018-09-02T02:00:00.0;-0.14935958574831443
2018-09-02T03:00:00.0;-0.14371419334431482
2018-09-02T04:00:00.0;-0.139562785463898
2018-09-02T05:00:00.0;-0.14044046548823028
2018-09-02T06:00:00.0;-0.1436096699030502
2018-09-02T07:00:00.0;-0.14438417307927084
2018-09-02T08:00:00.0;-0.1411658761437745
2018-09-02T09:00:00.0;-0.13475494813556357
2018-09-02T10:00:00.0;-0.12933784863857262
2018-09-02T11:00:00.0;-0.12926538592035813
2018-09-02T12:00:00.0;-0.12935712382134038
2018-09-02T13:00:00.0;-0.1320138692493841
2018-09-02T14:00:00.0;-0.13818990622986158
2018-09-02T15:00:00.0;-0.1469930772846956
2018-09-02T16:00:00.0;-0.16273821469921035
2018-09-02T17:00:00.0;-0.17122079297780274
2018-09-02T18:00:00.0;-0.18350169437631442
2018-09-02T19:00:00.0;-0.19096545614282648
2018-09-02T20:00:00.0;-0.19224771214382186
2018-09-02T21:00:00.0;-0.1904393954088302
2018-09-02T22:00:00.0;-0.1821514469170817
2018-09-02T23:00:00.0;-0.1712722262730782
2018-09-03T00:00:00.0;-0.16707452723247512
2018-09-03T01:00:00.0;-0.1595998147330874
2018-09-03T02:00:00.0;-0.15320848670141987
2018-09-03T03:00:00.0;-0.14745677117934505
2018-09-03T04:00:00.0;-0.14575225687154644
2018-09-03T05:00:00.0;-0.148340008222077
2018-09-03T06:00:00.0;-0.15823702889992455
2018-09-03T07:00:00.0;-0.1614105714472318
2018-09-03T08:00:00.0;-0.15679499667361224
2018-09-03T09:00:00.0;-0.1484109760372022
2018-09-03T10:00:00.0;-0.14362102923009637
2018-09-03T11:00:00.0;-0.14065136743493556
2018-09-03T12:00:00.0;-0.14284270606701294
2018-09-03T13:00:00.0;-0.14637623847647654
2018-09-03T14:00:00.0;-0.15184735911140634
2018-09-03T15:00:00.0;-0.16169408120585307
2018-09-03T16:00:00.0;-0.17491565367777037
2018-09-03T17:00:00.0;-0.18350076508362148
2018-09-03T18:00:00.0;-0.1891650922399364
2018-09-03T19:00:00.0;-0.1965059056155268
2018-09-03T20:00:00.0;-0.19910924135633146
2018-09-03T21:00:00.0;-0.19139343408361786
2018-09-03T22:00:00.0;-0.18209854354227556
2018-09-03T23:00:00.0;-0.17122316410916952
2018-09-04T00:00:00.0;-0.1692878668077335
2018-09-04T01:00:00.0;-0.1593529278368733
2018-09-04T02:00:00.0;-0.15331236072395898
2018-09-04T03:00:00.0;-0.14793203713108696
2018-09-04T04:00:00.0;-0.14538811160375134
2018-09-04T05:00:00.0;-0.14875071854949404
2018-09-04T06:00:00.0;-0.15560935937915282
2018-09-04T07:00:00.0;-0.15740904479206952
2018-09-04T08:00:00.0;-0.15277437944969996
2018-09-04T09:00:00.0;-0.14448179357609922
2018-09-04T10:00:00.0;-0.13837371361568565
2018-09-04T11:00:00.0;-0.1379483908905689
2018-09-04T12:00:00.0;-0.13831541640157413
2018-09-04T13:00:00.0;-0.14050686703232165
2018-09-04T14:00:00.0;-0.1466523918739123
2018-09-04T15:00:00.0;-0.15553225858596784
2018-09-04T16:00:00.0;-0.17037248196949636
2018-09-04T17:00:00.0;-0.17671279982130586
2018-09-04T18:00:00.0;-0.18816509459745448
2018-09-04T19:00:00.0;-0.19490208814830434
2018-09-04T20:00:00.0;-0.1959223551477423
2018-09-04T21:00:00.0;-0.19248324558111599
2018-09-04T22:00:00.0;-0.1843671300789535
2018-09-04T23:00:00.0;-0.17274804074250255
2018-09-05T00:00:00.0;-0.16652827933432557
2018-09-05T01:00:00.0;-0.15931620774739916
2018-09-05T02:00:00.0;-0.15316516447300216
2018-09-05T03:00:00.0;-0.14754815380865505
2018-09-05T04:00:00.0;-0.14673626718628674
2018-09-05T05:00:00.0;-0.1514712276323276
2018-09-05T06:00:00.0;-0.16249250823208006
2018-09-05T07:00:00.0;-0.16489307559844685
2018-09-05T08:00:00.0;-0.1587578049288096
2018-09-05T09:00:00.0;-0.14857309260952517
2018-09-05T10:00:00.0;-0.14270199381269916
2018-09-05T11:00:00.0;-0.13996132651844337
2018-09-05T12:00:00.0;-0.14151749579923706
2018-09-05T13:00:00.0;-0.14481441904243383
2018-09-05T14:00:00.0;-0.15076929109747741
2018-09-05T15:00:00.0;-0.160314318468529
2018-09-05T16:00:00.0;-0.17488259629923497
2018-09-05T17:00:00.0;-0.18231733441662246
2018-09-05T18:00:00.0;-0.19007453792972398
2018-09-05T19:00:00.0;-0.19687842694385463
2018-09-05T20:00:00.0;-0.19872071416504092
2018-09-05T21:00:00.0;-0.19030092779228117
2018-09-05T22:00:00.0;-0.18130417059741913
2018-09-05T23:00:00.0;-0.16936977717888926
2018-09-06T00:00:00.0;-0.16851473679180687
2018-09-06T01:00:00.0;-0.1609703417938434
2018-09-06T02:00:00.0;-0.15449649814283373
2018-09-06T03:00:00.0;-0.14870431636686646
2018-09-06T04:00:00.0;-0.14726800158558542
2018-09-06T05:00:00.0;-0.15035138805348558
2018-09-06T06:00:00.0;-0.16151552966807056
2018-09-06T07:00:00.0;-0.16528647529954954
2018-09-06T08:00:00.0;-0.16035530122031444
2018-09-06T09:00:00.0;-0.15144343668908045
2018-09-06T10:00:00.0;-0.14620296885671463
2018-09-06T11:00:00.0;-0.14275107466846537
2018-09-06T12:00:00.0;-0.14463956671984432
2018-09-06T13:00:00.0;-0.14781235108718763
2018-09-06T14:00:00.0;-0.15333693602870982
2018-09-06T15:00:00.0;-0.16329514648725646
2018-09-06T16:00:00.0;-0.17636844214673342
2018-09-06T17:00:00.0;-0.1848122598870926
2018-09-06T18:00:00.0;-0.19002930607499582
2018-09-06T19:00:00.0;-0.19703076404403805
2018-09-06T20:00:00.0;-0.1999174536825433
2018-09-06T21:00:00.0;-0.19207669232850083
2018-09-06T22:00:00.0;-0.18314716852320423
2018-09-06T23:00:00.0;-0.17204829351644432
2018-09-07T00:00:00.0;-0.17077434943873404
2018-09-07T01:00:00.0;-0.15998778678116102
2018-09-07T02:00:00.0;-0.15348685985472513
2018-09-07T03:00:00.0;-0.14777483260293783
2018-09-07T04:00:00.0;-0.14262761032184937
2018-09-07T05:00:00.0;-0.14129963477965424
2018-09-07T06:00:00.0;-0.14497673942554104
2018-09-07T07:00:00.0;-0.14845087428415266
2018-09-07T08:00:00.0;-0.14733475290822792
2018-09-07T09:00:00.0;-0.14295885533947936
2018-09-07T10:00:00.0;-0.13814934526929726
2018-09-07T11:00:00.0;-0.13744624361773186
2018-09-07T12:00:00.0;-0.13803077871983482
2018-09-07T13:00:00.0;-0.1401410433494243
2018-09-07T14:00:00.0;-0.14564089801064112
2018-09-07T15:00:00.0;-0.15488298390792654
2018-09-07T16:00:00.0;-0.16762747616377138
2018-09-07T17:00:00.0;-0.17700076852090268
2018-09-07T18:00:00.0;-0.18585192051362234
2018-09-07T19:00:00.0;-0.19327596076438314
2018-09-07T20:00:00.0;-0.19562126818046205
2018-09-07T21:00:00.0;-0.19535971440014735
2018-09-07T22:00:00.0;-0.18730681536960483
2018-09-07T23:00:00.0;-0.177900366069048
2018-09-08T00:00:00.0;-0.16068935805713744
2018-09-08T01:00:00.0;-0.15362080113523946
2018-09-08T02:00:00.0;-0.14678381059921852
2018-09-08T03:00:00.0;-0.14000516997420284
2018-09-08T04:00:00.0;-0.132819034120455
2018-09-08T05:00:00.0;-0.12800183853727312
2018-09-08T06:00:00.0;-0.12833078134077747
2018-09-08T07:00:00.0;-0.13020187956417212
2018-09-08T08:00:00.0;-0.13100421726403358
2018-09-08T09:00:00.0;-0.1280314024315944
2018-09-08T10:00:00.0;-0.12391454830823198
2018-09-08T11:00:00.0;-0.1214360413516813
2018-09-08T12:00:00.0;-0.12033473693324188
2018-09-08T13:00:00.0;-0.12327130051353967
2018-09-08T14:00:00.0;-0.1292266739197331
2018-09-08T15:00:00.0;-0.13937196531491267
2018-09-08T16:00:00.0;-0.15493468445197028
2018-09-08T17:00:00.0;-0.17007492694662188
2018-09-08T18:00:00.0;-0.17872035870342584
2018-09-08T19:00:00.0;-0.18722741269363066
2018-09-08T20:00:00.0;-0.19114991089296168
2018-09-08T21:00:00.0;-0.19326499179604123
2018-09-08T22:00:00.0;-0.18393411532577167
2018-09-08T23:00:00.0;-0.17403125888829918
2018-09-09T00:00:00.0;-0.15882308165048262
2018-09-09T01:00:00.0;-0.15194197806761764
2018-09-09T02:00:00.0;-0.1453952982853728
2018-09-09T03:00:00.0;-0.1390021620013539
2018-09-09T04:00:00.0;-0.13278357291880544
2018-09-09T05:00:00.0;-0.12969865541251505
2018-09-09T06:00:00.0;-0.12936807081360235
2018-09-09T07:00:00.0;-0.13043019265517103
2018-09-09T08:00:00.0;-0.12957795941422162
2018-09-09T09:00:00.0;-0.1260487798923076
2018-09-09T10:00:00.0;-0.12198614549763973
2018-09-09T11:00:00.0;-0.1208610683284219
2018-09-09T12:00:00.0;-0.1207250033861847
2018-09-09T13:00:00.0;-0.12414284770433874
2018-09-09T14:00:00.0;-0.1297748868905524
2018-09-09T15:00:00.0;-0.13866153173805454
2018-09-09T16:00:00.0;-0.15497897300816935
2018-09-09T17:00:00.0;-0.16794143154606153
2018-09-09T18:00:00.0;-0.17829768611242627
2018-09-09T19:00:00.0;-0.1866377715095815
2018-09-09T20:00:00.0;-0.1891068498534433
2018-09-09T21:00:00.0;-0.18806026770298007
2018-09-09T22:00:00.0;-0.17981006104083136
2018-09-09T23:00:00.0;-0.17034777962083475
2018-09-10T00:00:00.0;-0.16954712382684475
2018-09-10T01:00:00.0;-0.1603344391037572
2018-09-10T02:00:00.0;-0.15396092033994505
2018-09-10T03:00:00.0;-0.14828251169806422
2018-09-10T04:00:00.0;-0.1444116358503649
2018-09-10T05:00:00.0;-0.144598981615063
2018-09-10T06:00:00.0;-0.15087581992831695
2018-09-10T07:00:00.0;-0.15474410506588057
2018-09-10T08:00:00.0;-0.1527130050283689
2018-09-10T09:00:00.0;-0.1469866217781641
2018-09-10T10:00:00.0;-0.14210160545929176
2018-09-10T11:00:00.0;-0.14038764296520004
2018-09-10T12:00:00.0;-0.14207105794378827
2018-09-10T13:00:00.0;-0.14526708922445278
2018-09-10T14:00:00.0;-0.15062009387381742
2018-09-10T15:00:00.0;-0.15983061426357506
2018-09-10T16:00:00.0;-0.17236762103132372
2018-09-10T17:00:00.0;-0.18251222352594487
2018-09-10T18:00:00.0;-0.18992904400583202
2018-09-10T19:00:00.0;-0.19719197477492126
2018-09-10T20:00:00.0;-0.198825568614554
2018-09-10T21:00:00.0;-0.19458782101639896
2018-09-10T22:00:00.0;-0.1855753016962298
2018-09-10T23:00:00.0;-0.17622957104131404
2018-09-11T00:00:00.0;-0.17186381100696954
2018-09-11T01:00:00.0;-0.1627817395791522
2018-09-11T02:00:00.0;-0.156688577386894
2018-09-11T03:00:00.0;-0.15103756697292825
2018-09-11T04:00:00.0;-0.14516721512497277
2018-09-11T05:00:00.0;-0.1435152913693485
2018-09-11T06:00:00.0;-0.1515576357492229
2018-09-11T07:00:00.0;-0.15796687371856744
2018-09-11T08:00:00.0;-0.15801619609811116
2018-09-11T09:00:00.0;-0.15290759021471387
2018-09-11T10:00:00.0;-0.14536467931138006
2018-09-11T11:00:00.0;-0.14174459194527328
2018-09-11T12:00:00.0;-0.14298802766869553
2018-09-11T13:00:00.0;-0.1460699367175717
2018-09-11T14:00:00.0;-0.1524269198402391
2018-09-11T15:00:00.0;-0.16223970278148594
2018-09-11T16:00:00.0;-0.1727471428136856
2018-09-11T17:00:00.0;-0.18800895560336894
2018-09-11T18:00:00.0;-0.19486788228187013
2018-09-11T19:00:00.0;-0.20114245923992274
2018-09-11T20:00:00.0;-0.20291174590781708
2018-09-11T21:00:00.0;-0.19998681629980847
2018-09-11T22:00:00.0;-0.19061145530665316
2018-09-11T23:00:00.0;-0.18349363588127185
2018-09-12T00:00:00.0;-0.16914998375478876
2018-09-12T01:00:00.0;-0.16146637311900222
2018-09-12T02:00:00.0;-0.15519368349072857
2018-09-12T03:00:00.0;-0.1495413469500433
2018-09-12T04:00:00.0;-0.1476004032489929
2018-09-12T05:00:00.0;-0.15025296645276215
2018-09-12T06:00:00.0;-0.16163787667329851
2018-09-12T07:00:00.0;-0.16592827288261877
2018-09-12T08:00:00.0;-0.16167741333746705
2018-09-12T09:00:00.0;-0.15304516105574506
2018-09-12T10:00:00.0;-0.14721948502904614
2018-09-12T11:00:00.0;-0.14359446968793194
2018-09-12T12:00:00.0;-0.14578994473843504
2018-09-12T13:00:00.0;-0.14923325394067213
2018-09-12T14:00:00.0;-0.15500265471449048
2018-09-12T15:00:00.0;-0.16501215738974068
2018-09-12T16:00:00.0;-0.17728773802422554
2018-09-12T17:00:00.0;-0.18703373787505928
2018-09-12T18:00:00.0;-0.1923555129287421
2018-09-12T19:00:00.0;-0.19917837570668237
2018-09-12T20:00:00.0;-0.20160845763864893
2018-09-12T21:00:00.0;-0.19379518475220078
2018-09-12T22:00:00.0;-0.18435455614355092
2018-09-12T23:00:00.0;-0.1740857750940042
2018-09-13T00:00:00.0;-0.16844276543384107
2018-09-13T01:00:00.0;-0.15865525219180948
2018-09-13T02:00:00.0;-0.15287806896051567
2018-09-13T03:00:00.0;-0.14762235600654763
2018-09-13T04:00:00.0;-0.14490968292236728
2018-09-13T05:00:00.0;-0.1488343080189709
2018-09-13T06:00:00.0;-0.15495944804706974
2018-09-13T07:00:00.0;-0.15634690875911414
2018-09-13T08:00:00.0;-0.15173794249552724
2018-09-13T09:00:00.0;-0.14324429029133975
2018-09-13T10:00:00.0;-0.13647061180221703
2018-09-13T11:00:00.0;-0.13659443607938812
2018-09-13T12:00:00.0;-0.13673472400483463
2018-09-13T13:00:00.0;-0.13919697241141646
2018-09-13T14:00:00.0;-0.1455873092328515
2018-09-13T15:00:00.0;-0.15388980100796362
2018-09-13T16:00:00.0;-0.16949421870239928
2018-09-13T17:00:00.0;-0.17639065614077773
2018-09-13T18:00:00.0;-0.1899205399242606
2018-09-13T19:00:00.0;-0.19635714104158203
2018-09-13T20:00:00.0;-0.1960210812416545
2018-09-13T21:00:00.0;-0.19239619773514685
2018-09-13T22:00:00.0;-0.18411473507692575
2018-09-13T23:00:00.0;-0.17263415591533776
2018-09-14T00:00:00.0;-0.16788020197208295
2018-09-14T01:00:00.0;-0.1587246086418185
2018-09-14T02:00:00.0;-0.15234375323785102
2018-09-14T03:00:00.0;-0.14653394209115003
2018-09-14T04:00:00.0;-0.1408693698620579
2018-09-14T05:00:00.0;-0.13867945331664813
2018-09-14T06:00:00.0;-0.14121906429660666
2018-09-14T07:00:00.0;-0.14513855293462236
2018-09-14T08:00:00.0;-0.14531089916478854
2018-09-14T09:00:00.0;-0.14201313636978183
2018-09-14T10:00:00.0;-0.1376405565670469
2018-09-14T11:00:00.0;-0.13665454985995193
2018-09-14T12:00:00.0;-0.1382904382082312
2018-09-14T13:00:00.0;-0.1420340896996124
2018-09-14T14:00:00.0;-0.14709994398748763
2018-09-14T15:00:00.0;-0.1556579130222274
2018-09-14T16:00:00.0;-0.16834644610537758
2018-09-14T17:00:00.0;-0.18103932621074484
2018-09-14T18:00:00.0;-0.1895192372116683
2018-09-14T19:00:00.0;-0.19710029506933005
2018-09-14T20:00:00.0;-0.19776962155341465
2018-09-14T21:00:00.0;-0.19496297107322236
2018-09-14T22:00:00.0;-0.1857168380674858
2018-09-14T23:00:00.0;-0.17781628835631796
2018-09-15T00:00:00.0;-0.16001230603819316
2018-09-15T01:00:00.0;-0.15336731476921467
2018-09-15T02:00:00.0;-0.1478548023573115
2018-09-15T03:00:00.0;-0.14224278038603586
2018-09-15T04:00:00.0;-0.1383115896772418
2018-09-15T05:00:00.0;-0.14053765942874472
2018-09-15T06:00:00.0;-0.14609699062483553
2018-09-15T07:00:00.0;-0.1464745423185941
2018-09-15T08:00:00.0;-0.1422504849262441
2018-09-15T09:00:00.0;-0.13370549000360962
2018-09-15T10:00:00.0;-0.12599380578600108
2018-09-15T11:00:00.0;-0.12442508228245809
2018-09-15T12:00:00.0;-0.12424573642903522
2018-09-15T13:00:00.0;-0.12768347312312778
2018-09-15T14:00:00.0;-0.13507138670698918
2018-09-15T15:00:00.0;-0.14411878694772645
2018-09-15T16:00:00.0;-0.1609374261757735
2018-09-15T17:00:00.0;-0.17232883874633176
2018-09-15T18:00:00.0;-0.18599861621394914
2018-09-15T19:00:00.0;-0.19280586919744022
2018-09-15T20:00:00.0;-0.1934165967765229
2018-09-15T21:00:00.0;-0.18934766069347994
2018-09-15T22:00:00.0;-0.1802301157932904
2018-09-15T23:00:00.0;-0.16941649448755752
2018-09-16T00:00:00.0;-0.16011935474395186
2018-09-16T01:00:00.0;-0.15289359088385257
2018-09-16T02:00:00.0;-0.14663175725748798
2018-09-16T03:00:00.0;-0.14048976142357678
2018-09-16T04:00:00.0;-0.13347802942991924
2018-09-16T05:00:00.0;-0.128968430654867
2018-09-16T06:00:00.0;-0.1302150806528592
2018-09-16T07:00:00.0;-0.13233242185066993
2018-09-16T08:00:00.0;-0.13255701064176748
2018-09-16T09:00:00.0;-0.12945329562979485
2018-09-16T10:00:00.0;-0.12470808494856148
2018-09-16T11:00:00.0;-0.1225592224850079
2018-09-16T12:00:00.0;-0.12348219972696398
2018-09-16T13:00:00.0;-0.1272511660430652
2018-09-16T14:00:00.0;-0.13344407877181258
2018-09-16T15:00:00.0;-0.1433923588672867
2018-09-16T16:00:00.0;-0.15713198214425853
2018-09-16T17:00:00.0;-0.17204906403544873
2018-09-16T18:00:00.0;-0.18048388342047617
2018-09-16T19:00:00.0;-0.18890774921697956
2018-09-16T20:00:00.0;-0.19218463146433074
2018-09-16T21:00:00.0;-0.19141481068801355
2018-09-16T22:00:00.0;-0.18196135508354752
2018-09-16T23:00:00.0;-0.17397966151061414
2018-09-17T00:00:00.0;-0.1676540215630402
2018-09-17T01:00:00.0;-0.15869858299411446
2018-09-17T02:00:00.0;-0.15301484126696244
2018-09-17T03:00:00.0;-0.14772620344654241
2018-09-17T04:00:00.0;-0.1447783351291266
2018-09-17T05:00:00.0;-0.14821041987323588
2018-09-17T06:00:00.0;-0.15560101581876623
2018-09-17T07:00:00.0;-0.1576381591050873
2018-09-17T08:00:00.0;-0.15336241336478837
2018-09-17T09:00:00.0;-0.14475157146645767
2018-09-17T10:00:00.0;-0.13748597520716002
2018-09-17T11:00:00.0;-0.13651607352141876
2018-09-17T12:00:00.0;-0.13707837197558578
2018-09-17T13:00:00.0;-0.13998008890538122
2018-09-17T14:00:00.0;-0.14662933854788646
2018-09-17T15:00:00.0;-0.1553876038876191
2018-09-17T16:00:00.0;-0.17021484193569453
2018-09-17T17:00:00.0;-0.17899703215951854
2018-09-17T18:00:00.0;-0.19127308277747956
2018-09-17T19:00:00.0;-0.1976475211480319
2018-09-17T20:00:00.0;-0.19766367677529117
2018-09-17T21:00:00.0;-0.1931254730849208
2018-09-17T22:00:00.0;-0.1842538709687056
2018-09-17T23:00:00.0;-0.17346968785411152
2018-09-18T00:00:00.0;-0.1702288502206069
2018-09-18T01:00:00.0;-0.1624387129139232
2018-09-18T02:00:00.0;-0.1554760079652073
2018-09-18T03:00:00.0;-0.14864797777958458
2018-09-18T04:00:00.0;-0.1420716011539852
2018-09-18T05:00:00.0;-0.13918039046686245
2018-09-18T06:00:00.0;-0.14485347825873038
2018-09-18T07:00:00.0;-0.1505221580186629
2018-09-18T08:00:00.0;-0.1522948169570444
2018-09-18T09:00:00.0;-0.14787430198773768
2018-09-18T10:00:00.0;-0.1416696465754146
2018-09-18T11:00:00.0;-0.13725224907137884
2018-09-18T12:00:00.0;-0.13543167379147536
2018-09-18T13:00:00.0;-0.13798256999240116
2018-09-18T14:00:00.0;-0.14395929917773104
2018-09-18T15:00:00.0;-0.1541094160745089
2018-09-18T16:00:00.0;-0.16792231719820191
2018-09-18T17:00:00.0;-0.1855142025455412
2018-09-18T18:00:00.0;-0.19271050699373038
2018-09-18T19:00:00.0;-0.1994346762241864
2018-09-18T20:00:00.0;-0.20176180020648496
2018-09-18T21:00:00.0;-0.2031387672804113
2018-09-18T22:00:00.0;-0.19288995611874268
2018-09-18T23:00:00.0;-0.18295540481076417
2018-09-19T00:00:00.0;-0.1685529319249657
2018-09-19T01:00:00.0;-0.16057931629667477
2018-09-19T02:00:00.0;-0.15460799031298153
2018-09-19T03:00:00.0;-0.1488271892850982
2018-09-19T04:00:00.0;-0.14239465461652687
2018-09-19T05:00:00.0;-0.13979186361499016
2018-09-19T06:00:00.0;-0.14717841352698285
2018-09-19T07:00:00.0;-0.15299082968328284
2018-09-19T08:00:00.0;-0.153606500441261
2018-09-19T09:00:00.0;-0.1487707191119178
2018-09-19T10:00:00.0;-0.1412610968138756
2018-09-19T11:00:00.0;-0.1371582219441233
2018-09-19T12:00:00.0;-0.138494618118702
2018-09-19T13:00:00.0;-0.14220960667318464
2018-09-19T14:00:00.0;-0.14888653708785005
2018-09-19T15:00:00.0;-0.1590781818723441
2018-09-19T16:00:00.0;-0.16989486135609863
2018-09-19T17:00:00.0;-0.1870946009267814
2018-09-19T18:00:00.0;-0.19392415663421803
2018-09-19T19:00:00.0;-0.2005773386773982
2018-09-19T20:00:00.0;-0.20250906923962073
2018-09-19T21:00:00.0;-0.19968818043276407
2018-09-19T22:00:00.0;-0.18934470278953597
2018-09-19T23:00:00.0;-0.18246529228985287
2018-09-20T00:00:00.0;-0.17179366996880857
2018-09-20T01:00:00.0;-0.16374923512460351
2018-09-20T02:00:00.0;-0.15639221149726726
2018-09-20T03:00:00.0;-0.1492502537242968
2018-09-20T04:00:00.0;-0.1431931302644713
2018-09-20T05:00:00.0;-0.14095038119079828
2018-09-20T06:00:00.0;-0.1465653432963009
2018-09-20T07:00:00.0;-0.15212084083320015
2018-09-20T08:00:00.0;-0.15372536860479694
2018-09-20T09:00:00.0;-0.14899298449073342
2018-09-20T10:00:00.0;-0.1434052370953842
2018-09-20T11:00:00.0;-0.1390752120196512
2018-09-20T12:00:00.0;-0.13618575239275288
2018-09-20T13:00:00.0;-0.13813831968878434
2018-09-20T14:00:00.0;-0.14373640717581537
2018-09-20T15:00:00.0;-0.1538087424269049
2018-09-20T16:00:00.0;-0.16872595314676103
2018-09-20T17:00:00.0;-0.1852242875526947
2018-09-20T18:00:00.0;-0.19247711510442464
2018-09-20T19:00:00.0;-0.1991690242440015
2018-09-20T20:00:00.0;-0.20162845434247598
2018-09-20T21:00:00.0;-0.20413941965420793
2018-09-20T22:00:00.0;-0.19413340226311654
2018-09-20T23:00:00.0;-0.18266777585809627
2018-09-21T00:00:00.0;-0.17102745414936743
2018-09-21T01:00:00.0;-0.16331500092616122
2018-09-21T02:00:00.0;-0.15590947319760912
2018-09-21T03:00:00.0;-0.14861449908130797
2018-09-21T04:00:00.0;-0.14197818779269675
2018-09-21T05:00:00.0;-0.13896949747105553
2018-09-21T06:00:00.0;-0.14390235506402968
2018-09-21T07:00:00.0;-0.14952726798485602
2018-09-21T08:00:00.0;-0.15182200001338025
2018-09-21T09:00:00.0;-0.14758152194665786
2018-09-21T10:00:00.0;-0.1419510315154301
2018-09-21T11:00:00.0;-0.13738636252029246
2018-09-21T12:00:00.0;-0.13415700672847639
2018-09-21T13:00:00.0;-0.13618914093357873
2018-09-21T14:00:00.0;-0.14185112460697757
2018-09-21T15:00:00.0;-0.15197945735388174
2018-09-21T16:00:00.0;-0.16711937537575156
2018-09-21T17:00:00.0;-0.18489782857736003
2018-09-21T18:00:00.0;-0.1922509194692357
2018-09-21T19:00:00.0;-0.19899771168747912
2018-09-21T20:00:00.0;-0.20148749805957897
2018-09-21T21:00:00.0;-0.20472686449031016
2018-09-21T22:00:00.0;-0.1945149426330665
2018-09-21T23:00:00.0;-0.18321962791677088
2018-09-22T00:00:00.0;-0.1638620185235536
2018-09-22T01:00:00.0;-0.1566617912160266
2018-09-22T02:00:00.0;-0.14968466269676342
2018-09-22T03:00:00.0;-0.14288802971638817
2018-09-22T04:00:00.0;-0.1362718853017284
2018-09-22T05:00:00.0;-0.13297356994577292
2018-09-22T06:00:00.0;-0.13560763565160086
2018-09-22T07:00:00.0;-0.13905430397469107
2018-09-22T08:00:00.0;-0.13889222740995724
2018-09-22T09:00:00.0;-0.13485300728808608
2018-09-22T10:00:00.0;-0.1293679686696466
2018-09-22T11:00:00.0;-0.12624107540749321
2018-09-22T12:00:00.0;-0.12441153368687521
2018-09-22T13:00:00.0;-0.1265099891368277
2018-09-22T14:00:00.0;-0.13242541801240598
2018-09-22T15:00:00.0;-0.14206578913593204
2018-09-22T16:00:00.0;-0.15769897183868153
2018-09-22T17:00:00.0;-0.17236800152844123
2018-09-22T18:00:00.0;-0.18098629568980518
2018-09-22T19:00:00.0;-0.18837411664291348
2018-09-22T20:00:00.0;-0.19217798678759257
2018-09-22T21:00:00.0;-0.19317072036887792
2018-09-22T22:00:00.0;-0.18557601533291104
2018-09-22T23:00:00.0;-0.17565823033078376
2018-09-23T00:00:00.0;-0.1576586701567091
2018-09-23T01:00:00.0;-0.15052509605186704
2018-09-23T02:00:00.0;-0.14357958538137383
2018-09-23T03:00:00.0;-0.13712508594389883
2018-09-23T04:00:00.0;-0.13087823906059598
2018-09-23T05:00:00.0;-0.12637332336648582
2018-09-23T06:00:00.0;-0.11879741619810275
2018-09-23T07:00:00.0;-0.11930605792602329
2018-09-23T08:00:00.0;-0.12101441172265331
2018-09-23T09:00:00.0;-0.12180913089430787
2018-09-23T10:00:00.0;-0.122755541363936
2018-09-23T11:00:00.0;-0.12509889575969088
2018-09-23T12:00:00.0;-0.12754953273989791
2018-09-23T13:00:00.0;-0.13350961407239134
2018-09-23T14:00:00.0;-0.1361690935318434
2018-09-23T15:00:00.0;-0.14224280119252194
2018-09-23T16:00:00.0;-0.1589967299590463
2018-09-23T17:00:00.0;-0.1715316195630935
2018-09-23T18:00:00.0;-0.1819554958745165
2018-09-23T19:00:00.0;-0.19173501023793244
2018-09-23T20:00:00.0;-0.18993513291511877
2018-09-23T21:00:00.0;-0.18570809674500582
2018-09-23T22:00:00.0;-0.17620276770100599
2018-09-23T23:00:00.0;-0.16828893009453186
2018-09-24T00:00:00.0;-0.16705016546409499
2018-09-24T01:00:00.0;-0.1589014386475793
2018-09-24T02:00:00.0;-0.1531158478300993
2018-09-24T03:00:00.0;-0.14753734274353653
2018-09-24T04:00:00.0;-0.14189895551929574
2018-09-24T05:00:00.0;-0.14071091640775185
2018-09-24T06:00:00.0;-0.1477741815834332
2018-09-24T07:00:00.0;-0.15212206300652278
2018-09-24T08:00:00.0;-0.1512085910353954
2018-09-24T09:00:00.0;-0.14535283748950636
2018-09-24T10:00:00.0;-0.13780766171747136
2018-09-24T11:00:00.0;-0.13466227794746735
2018-09-24T12:00:00.0;-0.13590167476697318
2018-09-24T13:00:00.0;-0.13941350956845344
2018-09-24T14:00:00.0;-0.14629100580792892
2018-09-24T15:00:00.0;-0.15621823922944
2018-09-24T16:00:00.0;-0.16816326858590463
2018-09-24T17:00:00.0;-0.18294651887702054
2018-09-24T18:00:00.0;-0.19153181247363102
2018-09-24T19:00:00.0;-0.19824881463219005
2018-09-24T20:00:00.0;-0.19995930455705754
2018-09-24T21:00:00.0;-0.19678792631558914
2018-09-24T22:00:00.0;-0.18694444484787753
2018-09-24T23:00:00.0;-0.1791511425106155
2018-09-25T00:00:00.0;-0.16588633720873508
2018-09-25T01:00:00.0;-0.15787001525954952
2018-09-25T02:00:00.0;-0.15246805547062295
2018-09-25T03:00:00.0;-0.1473097691990247
2018-09-25T04:00:00.0;-0.14521320409901145
2018-09-25T05:00:00.0;-0.15040277901847768
2018-09-25T06:00:00.0;-0.15831896209709845
2018-09-25T07:00:00.0;-0.15974467114044877
2018-09-25T08:00:00.0;-0.15456314787150388
2018-09-25T09:00:00.0;-0.1447941259012262
2018-09-25T10:00:00.0;-0.1371093807541596
2018-09-25T11:00:00.0;-0.13639927064030197
2018-09-25T12:00:00.0;-0.13724202247608158
2018-09-25T13:00:00.0;-0.14088449553090535
2018-09-25T14:00:00.0;-0.1476086744334255
2018-09-25T15:00:00.0;-0.15572021476156062
2018-09-25T16:00:00.0;-0.17160328770661237
2018-09-25T17:00:00.0;-0.18043816835096493
2018-09-25T18:00:00.0;-0.1942025800528902
2018-09-25T19:00:00.0;-0.2002898087525542
2018-09-25T20:00:00.0;-0.19866107247476011
2018-09-25T21:00:00.0;-0.19176609729762864
2018-09-25T22:00:00.0;-0.18239344915534836
2018-09-25T23:00:00.0;-0.17131134484773544
2018-09-26T00:00:00.0;-0.16604340787847546
2018-09-26T01:00:00.0;-0.1583128207587002
2018-09-26T02:00:00.0;-0.1523200177542093
2018-09-26T03:00:00.0;-0.14646810381323208
2018-09-26T04:00:00.0;-0.13990034163182374
2018-09-26T05:00:00.0;-0.13689583223159582
2018-09-26T06:00:00.0;-0.143002441890118
2018-09-26T07:00:00.0;-0.14770115208417178
2018-09-26T08:00:00.0;-0.1479792245581042
2018-09-26T09:00:00.0;-0.14330445266069589
2018-09-26T10:00:00.0;-0.13624209099707618
2018-09-26T11:00:00.0;-0.13251405452429701
2018-09-26T12:00:00.0;-0.13363102653188466
2018-09-26T13:00:00.0;-0.1372426871302967
2018-09-26T14:00:00.0;-0.1440095851676901
2018-09-26T15:00:00.0;-0.15432191017441596
2018-09-26T16:00:00.0;-0.1659419588423405
2018-09-26T17:00:00.0;-0.18246586428081596
2018-09-26T18:00:00.0;-0.1898309238929258
2018-09-26T19:00:00.0;-0.19691536190027673
2018-09-26T20:00:00.0;-0.19947110190039719
2018-09-26T21:00:00.0;-0.19736146653563855
2018-09-26T22:00:00.0;-0.18729545058363434
2018-09-26T23:00:00.0;-0.18001007156426208
2018-09-27T00:00:00.0;-0.16786601817800625
2018-09-27T01:00:00.0;-0.15899322359821372
2018-09-27T02:00:00.0;-0.1530607336594731
2018-09-27T03:00:00.0;-0.14756033141949162
2018-09-27T04:00:00.0;-0.14316319168189937
2018-09-27T05:00:00.0;-0.14387494265259806
2018-09-27T06:00:00.0;-0.14902390832648757
2018-09-27T07:00:00.0;-0.15229674889485625
2018-09-27T08:00:00.0;-0.15048266737434188
2018-09-27T09:00:00.0;-0.14453214397739328
2018-09-27T10:00:00.0;-0.1384084577329247
2018-09-27T11:00:00.0;-0.13733645629417518
2018-09-27T12:00:00.0;-0.13860247722298608
2018-09-27T13:00:00.0;-0.14220649599414922
2018-09-27T14:00:00.0;-0.14810111996824066
2018-09-27T15:00:00.0;-0.15658394975346995
2018-09-27T16:00:00.0;-0.1701898606682227
2018-09-27T17:00:00.0;-0.18171227965899445
2018-09-27T18:00:00.0;-0.1922880279462043
2018-09-27T19:00:00.0;-0.19909223949229823
2018-09-27T20:00:00.0;-0.1988525823349478
2018-09-27T21:00:00.0;-0.1946303859075991
2018-09-27T22:00:00.0;-0.18530429234619766
2018-09-27T23:00:00.0;-0.17634493149798589
2018-09-28T00:00:00.0;-0.16522561022480173
2018-09-28T01:00:00.0;-0.1578366869697134
2018-09-28T02:00:00.0;-0.1525231969179202
2018-09-28T03:00:00.0;-0.14727615671869687
2018-09-28T04:00:00.0;-0.143969559697568
2018-09-28T05:00:00.0;-0.14728590720979248
2018-09-28T06:00:00.0;-0.15610783521183658
2018-09-28T07:00:00.0;-0.15858526412420937
2018-09-28T08:00:00.0;-0.15460574712474656
2018-09-28T09:00:00.0;-0.14543813395317629
2018-09-28T10:00:00.0;-0.13688281751722622
2018-09-28T11:00:00.0;-0.13466054706724195
2018-09-28T12:00:00.0;-0.13565931352874158
2018-09-28T13:00:00.0;-0.13947724414912835
2018-09-28T14:00:00.0;-0.1467677522572316
2018-09-28T15:00:00.0;-0.1557890547012003
2018-09-28T16:00:00.0;-0.17026180494650592
2018-09-28T17:00:00.0;-0.18223008989030617
2018-09-28T18:00:00.0;-0.19435796235591896
2018-09-28T19:00:00.0;-0.2004267487580656
2018-09-28T20:00:00.0;-0.19994142976348842
2018-09-28T21:00:00.0;-0.19369494830162562
2018-09-28T22:00:00.0;-0.18377337824210715
2018-09-28T23:00:00.0;-0.1739875404149197
2018-09-29T00:00:00.0;-0.15947980066293022
2018-09-29T01:00:00.0;-0.15248901961808783
2018-09-29T02:00:00.0;-0.14626079906088787
2018-09-29T03:00:00.0;-0.14032647602883772
2018-09-29T04:00:00.0;-0.13570294629346255
2018-09-29T05:00:00.0;-0.13521398765545392
2018-09-29T06:00:00.0;-0.13314585631175918
2018-09-29T07:00:00.0;-0.13366581000184927
2018-09-29T08:00:00.0;-0.13268504211225435
2018-09-29T09:00:00.0;-0.12931878971345379
2018-09-29T10:00:00.0;-0.12684165382465035
2018-09-29T11:00:00.0;-0.12820983996627086
2018-09-29T12:00:00.0;-0.13012005236000704
2018-09-29T13:00:00.0;-0.1355917608841974
2018-09-29T14:00:00.0;-0.13984216988142778
2018-09-29T15:00:00.0;-0.14636503187562147
2018-09-29T16:00:00.0;-0.163321009868159
2018-09-29T17:00:00.0;-0.17492775340001882
2018-09-29T18:00:00.0;-0.18746742058027618
2018-09-29T19:00:00.0;-0.19579074694575124
2018-09-29T20:00:00.0;-0.19329309271174852
2018-09-29T21:00:00.0;-0.1873499351643408
2018-09-29T22:00:00.0;-0.17764220796123997
2018-09-29T23:00:00.0;-0.16859939969246437
2018-09-30T00:00:00.0;-0.15896279786667653
2018-09-30T01:00:00.0;-0.15183774612400738
2018-09-30T02:00:00.0;-0.14482583139463573
2018-09-30T03:00:00.0;-0.13822039510231449
2018-09-30T04:00:00.0;-0.13160752409858978
2018-09-30T05:00:00.0;-0.12694921858877853
2018-09-30T06:00:00.0;-0.12214749659930722
2018-09-30T07:00:00.0;-0.12350241552296731
2018-09-30T08:00:00.0;-0.124664267592509
2018-09-30T09:00:00.0;-0.12426806356862202
2018-09-30T10:00:00.0;-0.12333382134106224
2018-09-30T11:00:00.0;-0.12392961915769475
2018-09-30T12:00:00.0;-0.1250076412613289
2018-09-30T13:00:00.0;-0.12962126535552088
2018-09-30T14:00:00.0;-0.1332984629271543
2018-09-30T15:00:00.0;-0.14059856886421335
2018-09-30T16:00:00.0;-0.15696186493134817
2018-09-30T17:00:00.0;-0.17012442897329919
2018-09-30T18:00:00.0;-0.17971620300957525
2018-09-30T19:00:00.0;-0.18888926394788827
2018-09-30T20:00:00.0;-0.18939357675527163
2018-09-30T21:00:00.0;-0.18715055568046393
2018-09-30T22:00:00.0;-0.17859906430986588
2018-09-30T23:00:00.0;-0.17022037730354123
2018-10-01T00:00:00.0;-0.16804593155803862
2018-10-01T01:00:00.0;-0.16056677137408523
2018-10-01T02:00:00.0;-0.15412831271075014
2018-10-01T03:00:00.0;-0.1477448451394258
2018-10-01T04:00:00.0;-0.14233415816364847
2018-10-01T05:00:00.0;-0.14180191670268188
2018-10-01T06:00:00.0;-0.14822659624353643
2018-10-01T07:00:00.0;-0.15247597000547577
2018-10-01T08:00:00.0;-0.1522093793089641
2018-10-01T09:00:00.0;-0.14598883871596186
2018-10-01T10:00:00.0;-0.1389727824062679
2018-10-01T11:00:00.0;-0.13539722490269296
2018-10-01T12:00:00.0;-0.1340850497874189
2018-10-01T13:00:00.0;-0.1369916583140613
2018-10-01T14:00:00.0;-0.143446943335627
2018-10-01T15:00:00.0;-0.15311187646620567
2018-10-01T16:00:00.0;-0.16786296565066408
2018-10-01T17:00:00.0;-0.18352855573958055
2018-10-01T18:00:00.0;-0.19304175124008413
2018-10-01T19:00:00.0;-0.19951492573477372
2018-10-01T20:00:00.0;-0.20069664900550668
2018-10-01T21:00:00.0;-0.1998433915603834
2018-10-01T22:00:00.0;-0.18969490185532825
2018-10-01T23:00:00.0;-0.17932777871179725
2018-10-02T00:00:00.0;-0.17481620810520113
2018-10-02T01:00:00.0;-0.1666757000897603
2018-10-02T02:00:00.0;-0.15958749024994212
2018-10-02T03:00:00.0;-0.15269911023483143
2018-10-02T04:00:00.0;-0.14648205019372246
2018-10-02T05:00:00.0;-0.1445471710427524
2018-10-02T06:00:00.0;-0.15220145891349843
2018-10-02T07:00:00.0;-0.15963965184841586
2018-10-02T08:00:00.0;-0.16202040019864747
2018-10-02T09:00:00.0;-0.15717556806666208
2018-10-02T10:00:00.0;-0.15037251201903112
2018-10-02T11:00:00.0;-0.1453219825864026
2018-10-02T12:00:00.0;-0.14322029423694055
2018-10-02T13:00:00.0;-0.14572943037864478
2018-10-02T14:00:00.0;-0.1514439515238186
2018-10-02T15:00:00.0;-0.16130584676192267
2018-10-02T16:00:00.0;-0.1745081621911535
2018-10-02T17:00:00.0;-0.19314751227111004
2018-10-02T18:00:00.0;-0.19977523863076002
2018-10-02T19:00:00.0;-0.205713658933589
2018-10-02T20:00:00.0;-0.20687059079512757
2018-10-02T21:00:00.0;-0.20767049408692353
2018-10-02T22:00:00.0;-0.1969616683934853
2018-10-02T23:00:00.0;-0.18698039037767572
2018-10-03T00:00:00.0;-0.1658028649071727
2018-10-03T01:00:00.0;-0.15860088506418438
2018-10-03T02:00:00.0;-0.15337396627408884
2018-10-03T03:00:00.0;-0.14823821963613426
2018-10-03T04:00:00.0;-0.14575516172997624
2018-10-03T05:00:00.0;-0.15043107916860757
2018-10-03T06:00:00.0;-0.1601563821476426
2018-10-03T07:00:00.0;-0.1627110443023006
2018-10-03T08:00:00.0;-0.15811207613912515
2018-10-03T09:00:00.0;-0.14818429867832186
2018-10-03T10:00:00.0;-0.13955747393074688
2018-10-03T11:00:00.0;-0.13749028177351236
2018-10-03T12:00:00.0;-0.13884347293682353
2018-10-03T13:00:00.0;-0.14300508081427624
2018-10-03T14:00:00.0;-0.1501152175882683
2018-10-03T15:00:00.0;-0.1587073702007658
2018-10-03T16:00:00.0;-0.1733825022339651
2018-10-03T17:00:00.0;-0.1848179718473544
2018-10-03T18:00:00.0;-0.1972418095676767
2018-10-03T19:00:00.0;-0.2030522337845326
2018-10-03T20:00:00.0;-0.20154844551887285
2018-10-03T21:00:00.0;-0.19356043998781433
2018-10-03T22:00:00.0;-0.18342064231652253
2018-10-03T23:00:00.0;-0.17341494564833138
2018-10-04T00:00:00.0;-0.17026750734912222
2018-10-04T01:00:00.0;-0.1624289273758931
2018-10-04T02:00:00.0;-0.1567281798003555
2018-10-04T03:00:00.0;-0.15140258275903523
2018-10-04T04:00:00.0;-0.1483649479716057
2018-10-04T05:00:00.0;-0.15099838810372937
2018-10-04T06:00:00.0;-0.16247880032465095
2018-10-04T07:00:00.0;-0.1676707905192766
2018-10-04T08:00:00.0;-0.16462612539370147
2018-10-04T09:00:00.0;-0.15611147306847944
2018-10-04T10:00:00.0;-0.14817949662674038
2018-10-04T11:00:00.0;-0.14457471923259785
2018-10-04T12:00:00.0;-0.14671314832785584
2018-10-04T13:00:00.0;-0.15063872202745945
2018-10-04T14:00:00.0;-0.1571447806297718
2018-10-04T15:00:00.0;-0.166620381012093
2018-10-04T16:00:00.0;-0.17832112688899204
2018-10-04T17:00:00.0;-0.19110806677594122
2018-10-04T18:00:00.0;-0.19878776510657764
2018-10-04T19:00:00.0;-0.20471671062836486
2018-10-04T20:00:00.0;-0.20500288272997452
2018-10-04T21:00:00.0;-0.19725604991583529
2018-10-04T22:00:00.0;-0.1870753009605912
2018-10-04T23:00:00.0;-0.17835419522513052
2018-10-05T00:00:00.0;-0.1669931969614612
2018-10-05T01:00:00.0;-0.1585394274235335
2018-10-05T02:00:00.0;-0.1534648690081676
2018-10-05T03:00:00.0;-0.14857330826358073
2018-10-05T04:00:00.0;-0.14708261491607266
2018-10-05T05:00:00.0;-0.15416007674390533
2018-10-05T06:00:00.0;-0.1637240722500759
2018-10-05T07:00:00.0;-0.1647667532659154
2018-10-05T08:00:00.0;-0.15832489899199892
2018-10-05T09:00:00.0;-0.14679388117611708
2018-10-05T10:00:00.0;-0.1375533278368846
2018-10-05T11:00:00.0;-0.13698297407381668
2018-10-05T12:00:00.0;-0.13718537897779584
2018-10-05T13:00:00.0;-0.14028694333505176
2018-10-05T14:00:00.0;-0.147764367009808
2018-10-05T15:00:00.0;-0.15588758629599964
2018-10-05T16:00:00.0;-0.17230147793468142
2018-10-05T17:00:00.0;-0.17999554775854018
2018-10-05T18:00:00.0;-0.1957386749127897
2018-10-05T19:00:00.0;-0.201150493874086
2018-10-05T20:00:00.0;-0.19905540957217785
2018-10-05T21:00:00.0;-0.1923443278959278
2018-10-05T22:00:00.0;-0.18322206094461913
2018-10-05T23:00:00.0;-0.17135024156771664
2018-10-06T00:00:00.0;-0.16602750649068077
2018-10-06T01:00:00.0;-0.15836774109542634
2018-10-06T02:00:00.0;-0.15255219330279376
2018-10-06T03:00:00.0;-0.14695419064453588
2018-10-06T04:00:00.0;-0.1416481022980521
2018-10-06T05:00:00.0;-0.14089510331364796
2018-10-06T06:00:00.0;-0.14624126918339903
2018-10-06T07:00:00.0;-0.1503556508641433
2018-10-06T08:00:00.0;-0.14978724258375437
2018-10-06T09:00:00.0;-0.14460028386760346
2018-10-06T10:00:00.0;-0.13812449340166585
2018-10-06T11:00:00.0;-0.13592892853473446
2018-10-06T12:00:00.0;-0.13781228516531202
2018-10-06T13:00:00.0;-0.14230426797610854
2018-10-06T14:00:00.0;-0.1483616018272918
2018-10-06T15:00:00.0;-0.1571180726059751
2018-10-06T16:00:00.0;-0.1698296315789473
2018-10-06T17:00:00.0;-0.18479531232036783
2018-10-06T18:00:00.0;-0.19411773842855398
2018-10-06T19:00:00.0;-0.20098047960275278
2018-10-06T20:00:00.0;-0.2006987044454453
2018-10-06T21:00:00.0;-0.19554473043950318
2018-10-06T22:00:00.0;-0.18530147117641477
2018-10-06T23:00:00.0;-0.17780321781237002
2018-10-07T00:00:00.0;-0.15721727602506935
2018-10-07T01:00:00.0;-0.15032736458919074
2018-10-07T02:00:00.0;-0.14384350429791087
2018-10-07T03:00:00.0;-0.1376130863138949
2018-10-07T04:00:00.0;-0.13177158981980028
2018-10-07T05:00:00.0;-0.12875338824094962
2018-10-07T06:00:00.0;-0.12507549806140233
2018-10-07T07:00:00.0;-0.12513573196506744
2018-10-07T08:00:00.0;-0.12497413913823535
2018-10-07T09:00:00.0;-0.12291844733444404
2018-10-07T10:00:00.0;-0.12111015301153459
2018-10-07T11:00:00.0;-0.12202656412133701
2018-10-07T12:00:00.0;-0.12348898603489791
2018-10-07T13:00:00.0;-0.1284730881801031
2018-10-07T14:00:00.0;-0.132902701166981
2018-10-07T15:00:00.0;-0.1403763988426666
2018-10-07T16:00:00.0;-0.1571431654808218
2018-10-07T17:00:00.0;-0.1693996329568271
2018-10-07T18:00:00.0;-0.18067106344029868
2018-10-07T19:00:00.0;-0.18975676454572143
2018-10-07T20:00:00.0;-0.18960321155898804
2018-10-07T21:00:00.0;-0.18632827187814793
2018-10-07T22:00:00.0;-0.176974795953836
2018-10-07T23:00:00.0;-0.16807216329021107
2018-10-08T00:00:00.0;-0.1675886056389616
2018-10-08T01:00:00.0;-0.16005308194411677
2018-10-08T02:00:00.0;-0.15426711235249627
2018-10-08T03:00:00.0;-0.14854824345843362
2018-10-08T04:00:00.0;-0.1437710587171497
2018-10-08T05:00:00.0;-0.1445806740425614
2018-10-08T06:00:00.0;-0.1526573184833753
2018-10-08T07:00:00.0;-0.15687691761756395
2018-10-08T08:00:00.0;-0.1553980247269431
2018-10-08T09:00:00.0;-0.14814148849658418
2018-10-08T10:00:00.0;-0.1400140750345799
2018-10-08T11:00:00.0;-0.13675887618145102
2018-10-08T12:00:00.0;-0.13708929234776593
2018-10-08T13:00:00.0;-0.14068574599050612
2018-10-08T14:00:00.0;-0.14759911956656238
2018-10-08T15:00:00.0;-0.1570119874151781
2018-10-08T16:00:00.0;-0.17054132910031605
2018-10-08T17:00:00.0;-0.1855238318784847
2018-10-08T18:00:00.0;-0.1956411687819339
2018-10-08T19:00:00.0;-0.20176979799628
2018-10-08T20:00:00.0;-0.20198930560042155
2018-10-08T21:00:00.0;-0.19807331019962596
2018-10-08T22:00:00.0;-0.18779707538860593
2018-10-08T23:00:00.0;-0.17870790425109612
2018-10-09T00:00:00.0;-0.1638505138757484
2018-10-09T01:00:00.0;-0.1572024361747396
2018-10-09T02:00:00.0;-0.1526957118886114
2018-10-09T03:00:00.0;-0.14800981222897747
2018-10-09T04:00:00.0;-0.14728224364674564
2018-10-09T05:00:00.0;-0.1564315819387222
2018-10-09T06:00:00.0;-0.16758211256789043
2018-10-09T07:00:00.0;-0.16812921496717434
2018-10-09T08:00:00.0;-0.16069455503375893
2018-10-09T09:00:00.0;-0.1473419708706928
2018-10-09T10:00:00.0;-0.13664832372562485
2018-10-09T11:00:00.0;-0.13567610605845415
2018-10-09T12:00:00.0;-0.13628929944528714
2018-10-09T13:00:00.0;-0.14058891323011663
2018-10-09T14:00:00.0;-0.14865755311616952
2018-10-09T15:00:00.0;-0.1562583855102785
2018-10-09T16:00:00.0;-0.17369928164501336
2018-10-09T17:00:00.0;-0.1830784746047001
2018-10-09T18:00:00.0;-0.20069603986770554
2018-10-09T19:00:00.0;-0.20552451503981173
2018-10-09T20:00:00.0;-0.20135219621976472
2018-10-09T21:00:00.0;-0.19129034736884018
2018-10-09T22:00:00.0;-0.18109686458413177
2018-10-09T23:00:00.0;-0.16934452672714226
2018-10-10T00:00:00.0;-0.17142631537689376
2018-10-10T01:00:00.0;-0.16270310773240435
2018-10-10T02:00:00.0;-0.1567884606067271
2018-10-10T03:00:00.0;-0.15124189964289586
2018-10-10T04:00:00.0;-0.1459683426255954
2018-10-10T05:00:00.0;-0.14564340009421486
2018-10-10T06:00:00.0;-0.15437947110600828
2018-10-10T07:00:00.0;-0.1604832292377524
2018-10-10T08:00:00.0;-0.1597879026387654
2018-10-10T09:00:00.0;-0.15370929413107007
2018-10-10T10:00:00.0;-0.14564353166442875
2018-10-10T11:00:00.0;-0.14215251295521106
2018-10-10T12:00:00.0;-0.14335882848675194
2018-10-10T13:00:00.0;-0.14664795060356986
2018-10-10T14:00:00.0;-0.1531609544848501
2018-10-10T15:00:00.0;-0.16263587300969828
2018-10-10T16:00:00.0;-0.17379204053021596
2018-10-10T17:00:00.0;-0.18877374843831668
2018-10-10T18:00:00.0;-0.19671087456347647
2018-10-10T19:00:00.0;-0.20267007281312371
2018-10-10T20:00:00.0;-0.2035448813061587
2018-10-10T21:00:00.0;-0.19945966286839867
2018-10-10T22:00:00.0;-0.18996395862759058
2018-10-10T23:00:00.0;-0.18248780294829428
2018-10-11T00:00:00.0;-0.17018233563096824
2018-10-11T01:00:00.0;-0.16199693185515834
2018-10-11T02:00:00.0;-0.15624615096696423
2018-10-11T03:00:00.0;-0.15073137241387405
2018-10-11T04:00:00.0;-0.14450360588028452
2018-10-11T05:00:00.0;-0.1424193361182192
2018-10-11T06:00:00.0;-0.15119299962716992
2018-10-11T07:00:00.0;-0.15785550707719126
2018-10-11T08:00:00.0;-0.1584250430018856
2018-10-11T09:00:00.0;-0.15327864036031807
2018-10-11T10:00:00.0;-0.14512926046937505
2018-10-11T11:00:00.0;-0.1408248348152952
2018-10-11T12:00:00.0;-0.14291779159081128
2018-10-11T13:00:00.0;-0.14694007807740384
2018-10-11T14:00:00.0;-0.15369334814702584
2018-10-11T15:00:00.0;-0.16376473745649373
2018-10-11T16:00:00.0;-0.17346185925835778
2018-10-11T17:00:00.0;-0.1910309967101873
2018-10-11T18:00:00.0;-0.1974975167431679
2018-10-11T19:00:00.0;-0.20377120936360543
2018-10-11T20:00:00.0;-0.20505655380564666
2018-10-11T21:00:00.0;-0.2007945126796819
2018-10-11T22:00:00.0;-0.19021397286519837
2018-10-11T23:00:00.0;-0.18416983287332395
2018-10-12T00:00:00.0;-0.17093075645103387
2018-10-12T01:00:00.0;-0.16302579829561306
2018-10-12T02:00:00.0;-0.15622970162386335
2018-10-12T03:00:00.0;-0.14959390223870772
2018-10-12T04:00:00.0;-0.14312656832851217
2018-10-12T05:00:00.0;-0.14050702295434647
2018-10-12T06:00:00.0;-0.14696221361137
2018-10-12T07:00:00.0;-0.15305693167746381
2018-10-12T08:00:00.0;-0.15473892384302318
2018-10-12T09:00:00.0;-0.1501414145128311
2018-10-12T10:00:00.0;-0.1435457895912637
2018-10-12T11:00:00.0;-0.13904787100061128
2018-10-12T12:00:00.0;-0.1377844970869421
2018-10-12T13:00:00.0;-0.14055476864837244
2018-10-12T14:00:00.0;-0.14661015366444427
2018-10-12T15:00:00.0;-0.15670363839350973
2018-10-12T16:00:00.0;-0.16979047161184313
2018-10-12T17:00:00.0;-0.18754076706277853
2018-10-12T18:00:00.0;-0.1945371813742242
2018-10-12T19:00:00.0;-0.20107076179733369
2018-10-12T20:00:00.0;-0.20305712189462136
2018-10-12T21:00:00.0;-0.2034794161495647
2018-10-12T22:00:00.0;-0.19310858886163523
2018-10-12T23:00:00.0;-0.18376391827861221
2018-10-13T00:00:00.0;-0.16892938233537302
2018-10-13T01:00:00.0;-0.16145982620804442
2018-10-13T02:00:00.0;-0.15460390552034178
2018-10-13T03:00:00.0;-0.14787198963948472
2018-10-13T04:00:00.0;-0.1423599504806807
2018-10-13T05:00:00.0;-0.14161989237781583
2018-10-13T06:00:00.0;-0.14738208255401533
2018-10-13T07:00:00.0;-0.15205120854479814
2018-10-13T08:00:00.0;-0.15202393210852622
2018-10-13T09:00:00.0;-0.14622630730305894
2018-10-13T10:00:00.0;-0.13962501309972725
2018-10-13T11:00:00.0;-0.13596633891593507
2018-10-13T12:00:00.0;-0.1336939064569723
2018-10-13T13:00:00.0;-0.13604258930914906
2018-10-13T14:00:00.0;-0.14204505031138234
2018-10-13T15:00:00.0;-0.15140673586115286
2018-10-13T16:00:00.0;-0.16699455012583206
2018-10-13T17:00:00.0;-0.18254360284226817
2018-10-13T18:00:00.0;-0.19186226994403888
2018-10-13T19:00:00.0;-0.19821596266158387
2018-10-13T20:00:00.0;-0.19968499741198328
2018-10-13T21:00:00.0;-0.19970500538568584
2018-10-13T22:00:00.0;-0.19045955348955587
2018-10-13T23:00:00.0;-0.17953751408988672
2018-10-14T00:00:00.0;-0.16494834612667927
2018-10-14T01:00:00.0;-0.15798466382928222
2018-10-14T02:00:00.0;-0.1523620864063872
2018-10-14T03:00:00.0;-0.14678532229789057
2018-10-14T04:00:00.0;-0.14371226494310385
2018-10-14T05:00:00.0;-0.14793802535084266
2018-10-14T06:00:00.0;-0.15587672806850975
2018-10-14T07:00:00.0;-0.15826004560543167
2018-10-14T08:00:00.0;-0.15375764421964117
2018-10-14T09:00:00.0;-0.14430989049846987
2018-10-14T10:00:00.0;-0.1356295563767524
2018-10-14T11:00:00.0;-0.13369598883812617
2018-10-14T12:00:00.0;-0.1332500978411717
2018-10-14T13:00:00.0;-0.13648139846304644
2018-10-14T14:00:00.0;-0.14343947598509046
2018-10-14T15:00:00.0;-0.1515687776159168
2018-10-14T16:00:00.0;-0.1681553525147885
2018-10-14T17:00:00.0;-0.1796370941802155
2018-10-14T18:00:00.0;-0.19331014779651956
2018-10-14T19:00:00.0;-0.19891613976766667
2018-10-14T20:00:00.0;-0.19788190698556957
2018-10-14T21:00:00.0;-0.19186139676309127
2018-10-14T22:00:00.0;-0.18335128012896604
2018-10-14T23:00:00.0;-0.17259997926261045
2018-10-15T00:00:00.0;-0.16661420335809846
2018-10-15T01:00:00.0;-0.15967006102154177
2018-10-15T02:00:00.0;-0.1545884988951749
2018-10-15T03:00:00.0;-0.14952560962038738
2018-10-15T04:00:00.0;-0.14832612226924088
2018-10-15T05:00:00.0;-0.15624631296949945
2018-10-15T06:00:00.0;-0.167266645747266
2018-10-15T07:00:00.0;-0.16948690592342594
2018-10-15T08:00:00.0;-0.16309329224093097
2018-10-15T09:00:00.0;-0.1509918382606071
2018-10-15T10:00:00.0;-0.14097472256220497
2018-10-15T11:00:00.0;-0.13936619610409057
2018-10-15T12:00:00.0;-0.1395532721875089
2018-10-15T13:00:00.0;-0.14330880844276786
2018-10-15T14:00:00.0;-0.15062675714145954
2018-10-15T15:00:00.0;-0.1581641187373818
2018-10-15T16:00:00.0;-0.1749823951140931
2018-10-15T17:00:00.0;-0.1850153979928497
2018-10-15T18:00:00.0;-0.20046969674269657
2018-10-15T19:00:00.0;-0.2052060807195897
2018-10-15T20:00:00.0;-0.20188736586144246
2018-10-15T21:00:00.0;-0.1925562063102151
2018-10-15T22:00:00.0;-0.18330418937993243
2018-10-15T23:00:00.0;-0.17191554402467926
2018-10-16T00:00:00.0;-0.1664644275830461
2018-10-16T01:00:00.0;-0.15947043964335003
2018-10-16T02:00:00.0;-0.15454106073056167
2018-10-16T03:00:00.0;-0.14957989629269297
2018-10-16T04:00:00.0;-0.14830750640799284
2018-10-16T05:00:00.0;-0.1563824095311555
2018-10-16T06:00:00.0;-0.1674238705555238
2018-10-16T07:00:00.0;-0.16949982960572746
2018-10-16T08:00:00.0;-0.1631131873221269
2018-10-16T09:00:00.0;-0.15085774577100625
2018-10-16T10:00:00.0;-0.14050083588892145
2018-10-16T11:00:00.0;-0.13901193361459693
2018-10-16T12:00:00.0;-0.1392507072502639
2018-10-16T13:00:00.0;-0.14311329353799257
2018-10-16T14:00:00.0;-0.15063651663055933
2018-10-16T15:00:00.0;-0.15814520485219047
2018-10-16T16:00:00.0;-0.17494326337470534
2018-10-16T17:00:00.0;-0.18517758921327293
2018-10-16T18:00:00.0;-0.20122517767178422
2018-10-16T19:00:00.0;-0.20587891781209605
2018-10-16T20:00:00.0;-0.20221336768870993
2018-10-16T21:00:00.0;-0.1928907817990917
2018-10-16T22:00:00.0;-0.1834048883209466
2018-10-16T23:00:00.0;-0.1721334601168717
2018-10-17T00:00:00.0;-0.16779299809835488
2018-10-17T01:00:00.0;-0.16041124286750655
2018-10-17T02:00:00.0;-0.1546790916700627
2018-10-17T03:00:00.0;-0.14918716087749218
2018-10-17T04:00:00.0;-0.14625626493902472
2018-10-17T05:00:00.0;-0.15026113578600978
2018-10-17T06:00:00.0;-0.15822217858031037
2018-10-17T07:00:00.0;-0.16197485791609106
2018-10-17T08:00:00.0;-0.15853195856735597
2018-10-17T09:00:00.0;-0.15011988657498956
2018-10-17T10:00:00.0;-0.14234750740645863
2018-10-17T11:00:00.0;-0.14062297949247984
2018-10-17T12:00:00.0;-0.14139696192328388
2018-10-17T13:00:00.0;-0.14537853904650228
2018-10-17T14:00:00.0;-0.151447209364049
2018-10-17T15:00:00.0;-0.15898800997990944
2018-10-17T16:00:00.0;-0.17417561851545604
2018-10-17T17:00:00.0;-0.18625105781968845
2018-10-17T18:00:00.0;-0.19842464592389727
2018-10-17T19:00:00.0;-0.20401802357049673
2018-10-17T20:00:00.0;-0.20171118255284126
2018-10-17T21:00:00.0;-0.19393921534767772
2018-10-17T22:00:00.0;-0.18479703930190372
2018-10-17T23:00:00.0;-0.17513170128465438
2018-10-18T00:00:00.0;-0.17066825486904788
2018-10-18T01:00:00.0;-0.1632450515424628
2018-10-18T02:00:00.0;-0.1571411963557796
2018-10-18T03:00:00.0;-0.15143079306537835
2018-10-18T04:00:00.0;-0.14959163827474417
2018-10-18T05:00:00.0;-0.1551788926227642
2018-10-18T06:00:00.0;-0.16597950970405712
2018-10-18T07:00:00.0;-0.17069490713372532
2018-10-18T08:00:00.0;-0.16588691329685637
2018-10-18T09:00:00.0;-0.1559526575674283
2018-10-18T10:00:00.0;-0.14760865591044076
2018-10-18T11:00:00.0;-0.14488793214323098
2018-10-18T12:00:00.0;-0.14466194828201204
2018-10-18T13:00:00.0;-0.14754210238605384
2018-10-18T14:00:00.0;-0.15352735893550082
2018-10-18T15:00:00.0;-0.16128504025313814
2018-10-18T16:00:00.0;-0.1768341327363199
2018-10-18T17:00:00.0;-0.18741768441250917
2018-10-18T18:00:00.0;-0.19845338255020378
2018-10-18T19:00:00.0;-0.20338794372827249
2018-10-18T20:00:00.0;-0.20215002720405192
2018-10-18T21:00:00.0;-0.1940493918402834
2018-10-18T22:00:00.0;-0.18623251191065118
2018-10-18T23:00:00.0;-0.17529406220593058
2018-10-19T00:00:00.0;-0.1664997047522654
2018-10-19T01:00:00.0;-0.1594365264586606
2018-10-19T02:00:00.0;-0.1539470684894031
2018-10-19T03:00:00.0;-0.1486023711433889
2018-10-19T04:00:00.0;-0.14672346419961155
2018-10-19T05:00:00.0;-0.15283790766675484
2018-10-19T06:00:00.0;-0.1618115043267378
2018-10-19T07:00:00.0;-0.16436878520463707
2018-10-19T08:00:00.0;-0.1591773063445208
2018-10-19T09:00:00.0;-0.1489052877393302
2018-10-19T10:00:00.0;-0.14039244646259438
2018-10-19T11:00:00.0;-0.13898322577735892
2018-10-19T12:00:00.0;-0.1393191519515706
2018-10-19T13:00:00.0;-0.14313157127214157
2018-10-19T14:00:00.0;-0.14967780259074442
2018-10-19T15:00:00.0;-0.1570915698471846
2018-10-19T16:00:00.0;-0.17365081946025324
2018-10-19T17:00:00.0;-0.18408441804746464
2018-10-19T18:00:00.0;-0.19811978637385033
2018-10-19T19:00:00.0;-0.20342759352779052
2018-10-19T20:00:00.0;-0.20067613830861583
2018-10-19T21:00:00.0;-0.19214609584077535
2018-10-19T22:00:00.0;-0.18316543807839503
2018-10-19T23:00:00.0;-0.17224842536749238
2018-10-20T00:00:00.0;-0.16210489421895977
2018-10-20T01:00:00.0;-0.1550742139164067
2018-10-20T02:00:00.0;-0.14909160583885966
2018-10-20T03:00:00.0;-0.14334622788533033
2018-10-20T04:00:00.0;-0.13957562770801749
2018-10-20T05:00:00.0;-0.14133738045595348
2018-10-20T06:00:00.0;-0.1429553406951097
2018-10-20T07:00:00.0;-0.14431217766701046
2018-10-20T08:00:00.0;-0.14201076344589872
2018-10-20T09:00:00.0;-0.13635772744578872
2018-10-20T10:00:00.0;-0.13171600164591393
2018-10-20T11:00:00.0;-0.132148409510305
2018-10-20T12:00:00.0;-0.13342226821542177
2018-10-20T13:00:00.0;-0.13830900391462406
2018-10-20T14:00:00.0;-0.14332425943838287
2018-10-20T15:00:00.0;-0.1500391014250274
2018-10-20T16:00:00.0;-0.1669124304004124
2018-10-20T17:00:00.0;-0.1783226214147438
2018-10-20T18:00:00.0;-0.19153846719880593
2018-10-20T19:00:00.0;-0.19873907257100173
2018-10-20T20:00:00.0;-0.1959801187995074
2018-10-20T21:00:00.0;-0.18919590745791026
2018-10-20T22:00:00.0;-0.17980907649365158
2018-10-20T23:00:00.0;-0.1702030398262211
2018-10-21T00:00:00.0;-0.16283043390022295
2018-10-21T01:00:00.0;-0.15566931018856808
2018-10-21T02:00:00.0;-0.1490199616225751
2018-10-21T03:00:00.0;-0.14252073083825473
2018-10-21T04:00:00.0;-0.1367842831319932
2018-10-21T05:00:00.0;-0.1347677235670359
2018-10-21T06:00:00.0;-0.13568997824083828
2018-10-21T07:00:00.0;-0.13783240252182116
2018-10-21T08:00:00.0;-0.13791674303773507
2018-10-21T09:00:00.0;-0.13400257457136908
2018-10-21T10:00:00.0;-0.12990555729646275
2018-10-21T11:00:00.0;-0.12852338822474965
2018-10-21T12:00:00.0;-0.12809204708606475
2018-10-21T13:00:00.0;-0.13184616413951164
2018-10-21T14:00:00.0;-0.13713852613297317
2018-10-21T15:00:00.0;-0.14572357136347308
2018-10-21T16:00:00.0;-0.16193160260621284
2018-10-21T17:00:00.0;-0.1760235735517096
2018-10-21T18:00:00.0;-0.18635529652049093
2018-10-21T19:00:00.0;-0.19420325699413993
2018-10-21T20:00:00.0;-0.19487536635857017
2018-10-21T21:00:00.0;-0.19361946941626795
2018-10-21T22:00:00.0;-0.1838957512977937
2018-10-21T23:00:00.0;-0.17381435950055524
2018-10-22T00:00:00.0;-0.171447821750408
2018-10-22T01:00:00.0;-0.1633269330232347
2018-10-22T02:00:00.0;-0.1567626415900637
2018-10-22T03:00:00.0;-0.15051722898460668
2018-10-22T04:00:00.0;-0.14448899391520106
2018-10-22T05:00:00.0;-0.14242794825289146
2018-10-22T06:00:00.0;-0.14812101497972202
2018-10-22T07:00:00.0;-0.15461186293645665
2018-10-22T08:00:00.0;-0.15641603944554044
2018-10-22T09:00:00.0;-0.15251711997147896
2018-10-22T10:00:00.0;-0.1466145989308715
2018-10-22T11:00:00.0;-0.14324001223667296
2018-10-22T12:00:00.0;-0.14379682752467715
2018-10-22T13:00:00.0;-0.14771798328622152
2018-10-22T14:00:00.0;-0.15301290410970758
2018-10-22T15:00:00.0;-0.1619228801293684
2018-10-22T16:00:00.0;-0.17413958370224786
2018-10-22T17:00:00.0;-0.19149723016463982
2018-10-22T18:00:00.0;-0.198621523429106
2018-10-22T19:00:00.0;-0.20515408064319007
2018-10-22T20:00:00.0;-0.20502656890613785
2018-10-22T21:00:00.0;-0.2022159806182433
2018-10-22T22:00:00.0;-0.19158390239619538
2018-10-22T23:00:00.0;-0.183707094691913
2018-10-23T00:00:00.0;-0.18096564521612027
2018-10-23T01:00:00.0;-0.17256139999197279
2018-10-23T02:00:00.0;-0.16467979566081375
2018-10-23T03:00:00.0;-0.1570326983044753
2018-10-23T04:00:00.0;-0.1511154130342269
2018-10-23T05:00:00.0;-0.1500408205646768
2018-10-23T06:00:00.0;-0.15873950314921081
2018-10-23T07:00:00.0;-0.16802730578290953
2018-10-23T08:00:00.0;-0.17184129055888733
2018-10-23T09:00:00.0;-0.16680470709389458
2018-10-23T10:00:00.0;-0.16020682873380457
2018-10-23T11:00:00.0;-0.1542525533149327
2018-10-23T12:00:00.0;-0.14975464068705358
2018-10-23T13:00:00.0;-0.15144822287542764
2018-10-23T14:00:00.0;-0.15641163419790813
2018-10-23T15:00:00.0;-0.16592932527692641
2018-10-23T16:00:00.0;-0.18044163124906887
2018-10-23T17:00:00.0;-0.2004913889988248
2018-10-23T18:00:00.0;-0.20673674714624357
2018-10-23T19:00:00.0;-0.2118585866486525
2018-10-23T20:00:00.0;-0.2119909328844444
2018-10-23T21:00:00.0;-0.21493214869058075
2018-10-23T22:00:00.0;-0.20378037084289444
2018-10-23T23:00:00.0;-0.19172777954549364
2018-10-24T00:00:00.0;-0.17501714775498842
2018-10-24T01:00:00.0;-0.166705733657995
2018-10-24T02:00:00.0;-0.1600878755168655
2018-10-24T03:00:00.0;-0.15381107301081523
2018-10-24T04:00:00.0;-0.14844898764924688
2018-10-24T05:00:00.0;-0.14766640913316925
2018-10-24T06:00:00.0;-0.1566832802486342
2018-10-24T07:00:00.0;-0.16438120146893634
2018-10-24T08:00:00.0;-0.1657466287564584
2018-10-24T09:00:00.0;-0.16037457119707724
2018-10-24T10:00:00.0;-0.15333916917351664
2018-10-24T11:00:00.0;-0.14876406808476147
2018-10-24T12:00:00.0;-0.14876515339194063
2018-10-24T13:00:00.0;-0.15214942389262243
2018-10-24T14:00:00.0;-0.15777731488933716
2018-10-24T15:00:00.0;-0.16721020583015328
2018-10-24T16:00:00.0;-0.1788603931409053
2018-10-24T17:00:00.0;-0.19639454021438704
2018-10-24T18:00:00.0;-0.2026160046314742
2018-10-24T19:00:00.0;-0.20842791692884163
2018-10-24T20:00:00.0;-0.2085828971838192
2018-10-24T21:00:00.0;-0.20568549017080823
2018-10-24T22:00:00.0;-0.19485590448496254
2018-10-24T23:00:00.0;-0.18628096871062505
2018-10-25T00:00:00.0;-0.17424148618494884
2018-10-25T01:00:00.0;-0.16623444659475967
2018-10-25T02:00:00.0;-0.15880524261109497
2018-10-25T03:00:00.0;-0.1518438890065873
2018-10-25T04:00:00.0;-0.14746443874904713
2018-10-25T05:00:00.0;-0.14737952500121845
2018-10-25T06:00:00.0;-0.1534693852268133
2018-10-25T07:00:00.0;-0.1598069645220417
2018-10-25T08:00:00.0;-0.16102826011209465
2018-10-25T09:00:00.0;-0.15614939269596675
2018-10-25T10:00:00.0;-0.1518775365831708
2018-10-25T11:00:00.0;-0.14849517348590086
2018-10-25T12:00:00.0;-0.14717193055341507
2018-10-25T13:00:00.0;-0.15033403658209354
2018-10-25T14:00:00.0;-0.15454600135997026
2018-10-25T15:00:00.0;-0.16306694575932446
2018-10-25T16:00:00.0;-0.1778262640853191
2018-10-25T17:00:00.0;-0.1930973505474282
2018-10-25T18:00:00.0;-0.1998770763995618
2018-10-25T19:00:00.0;-0.20634431762512914
2018-10-25T20:00:00.0;-0.20594194751580538
2018-10-25T21:00:00.0;-0.2039194701520861
2018-10-25T22:00:00.0;-0.19340612505513718
2018-10-25T23:00:00.0;-0.18218411533277445
2018-10-26T00:00:00.0;-0.17513229508183556
2018-10-26T01:00:00.0;-0.16663310911490067
2018-10-26T02:00:00.0;-0.16034984487115136
2018-10-26T03:00:00.0;-0.15452793853065772
2018-10-26T04:00:00.0;-0.14875252473525277
2018-10-26T05:00:00.0;-0.14763166606177386
2018-10-26T06:00:00.0;-0.15767879774481874
2018-10-26T07:00:00.0;-0.16658494318487463
2018-10-26T08:00:00.0;-0.16733745263744967
2018-10-26T09:00:00.0;-0.16218891674175084
2018-10-26T10:00:00.0;-0.153839113942857
2018-10-26T11:00:00.0;-0.14903709971133217
2018-10-26T12:00:00.0;-0.15023319815332406
2018-10-26T13:00:00.0;-0.1535629080151786
2018-10-26T14:00:00.0;-0.1594549637127549
2018-10-26T15:00:00.0;-0.16862390231805738
2018-10-26T16:00:00.0;-0.17848570117412396
2018-10-26T17:00:00.0;-0.19610821593911898
2018-10-26T18:00:00.0;-0.2017239137580039
2018-10-26T19:00:00.0;-0.20702521056216108
2018-10-26T20:00:00.0;-0.20762089509947979
2018-10-26T21:00:00.0;-0.20260547425133035
2018-10-26T22:00:00.0;-0.19345052944273225
2018-10-26T23:00:00.0;-0.18723554400792505
2018-10-27T00:00:00.0;-0.16908535456650464
2018-10-27T01:00:00.0;-0.16112593815204596
2018-10-27T02:00:00.0;-0.1548348652388153
2018-10-27T03:00:00.0;-0.14893145662435536
2018-10-27T04:00:00.0;-0.14323223259953688
2018-10-27T05:00:00.0;-0.14171670073863452
2018-10-27T06:00:00.0;-0.1469546015252701
2018-10-27T07:00:00.0;-0.1528095582798071
2018-10-27T08:00:00.0;-0.15326340977582115
2018-10-27T09:00:00.0;-0.14915392678090644
2018-10-27T10:00:00.0;-0.14305355810531437
2018-10-27T11:00:00.0;-0.1404197856282573
2018-10-27T12:00:00.0;-0.1418692922947617
2018-10-27T13:00:00.0;-0.14595728736688338
2018-10-27T14:00:00.0;-0.15128269245600856
2018-10-27T15:00:00.0;-0.1596507772837637
2018-10-27T16:00:00.0;-0.171920402602664
2018-10-27T17:00:00.0;-0.18771365785199198
2018-10-27T18:00:00.0;-0.19559418598091619
2018-10-27T19:00:00.0;-0.2021402618653665
2018-10-27T20:00:00.0;-0.20195628392295417
2018-10-27T21:00:00.0;-0.19711768883550576
2018-10-27T22:00:00.0;-0.18773596442038165
2018-10-27T23:00:00.0;-0.18068998897836383
2018-10-28T00:00:00.0;-0.17417521527710497
2018-10-28T01:00:00.0;-0.16617592294866812
2018-10-28T02:00:00.0;-0.15882820907021625
2018-10-28T03:00:00.0;-0.1517348758804794
2018-10-28T04:00:00.0;-0.14557478374191932
2018-10-28T05:00:00.0;-0.14369856989702584
2018-10-28T06:00:00.0;-0.15043127153781294
2018-10-28T07:00:00.0;-0.1576668950957078
2018-10-28T08:00:00.0;-0.1596497538767606
2018-10-28T09:00:00.0;-0.15498251173079905
2018-10-28T10:00:00.0;-0.14851382598185175
2018-10-28T11:00:00.0;-0.14371946974313302
2018-10-28T12:00:00.0;-0.14095340533144204
2018-10-28T13:00:00.0;-0.14299861925691362
2018-10-28T14:00:00.0;-0.1484069052832961
2018-10-28T15:00:00.0;-0.15787977842655776
2018-10-28T16:00:00.0;-0.17212848030403105
2018-10-28T17:00:00.0;-0.18994394151941835
2018-10-28T18:00:00.0;-0.19692982536278408
2018-10-28T19:00:00.0;-0.20285013511463784
2018-10-28T20:00:00.0;-0.20433813652386992
2018-10-28T21:00:00.0;-0.20543819913240044
2018-10-28T22:00:00.0;-0.1959122841023919
2018-10-28T23:00:00.0;-0.18548143063395067
2018-10-29T00:00:00.0;-0.17818705705921353
2018-10-29T01:00:00.0;-0.16939249652458488
2018-10-29T02:00:00.0;-0.16341596601934133
2018-10-29T03:00:00.0;-0.1577885617358892
2018-10-29T04:00:00.0;-0.15218582169899753
2018-10-29T05:00:00.0;-0.15176575213558716
2018-10-29T06:00:00.0;-0.16397911746286334
2018-10-29T07:00:00.0;-0.1737237005241944
2018-10-29T08:00:00.0;-0.17536099676510186
2018-10-29T09:00:00.0;-0.16947825175690606
2018-10-29T10:00:00.0;-0.16029556713929524
2018-10-29T11:00:00.0;-0.15488576232615645
2018-10-29T12:00:00.0;-0.15646638757112966
2018-10-29T13:00:00.0;-0.16040760389709582
2018-10-29T14:00:00.0;-0.16669901890234354
2018-10-29T15:00:00.0;-0.17626793032973706
2018-10-29T16:00:00.0;-0.18492258967420805
2018-10-29T17:00:00.0;-0.20431957089761274
2018-10-29T18:00:00.0;-0.20979804998642806
2018-10-29T19:00:00.0;-0.2147032039699912
2018-10-29T20:00:00.0;-0.21395249300725913
2018-10-29T21:00:00.0;-0.20871497388283125
2018-10-29T22:00:00.0;-0.19733360601692126
2018-10-29T23:00:00.0;-0.19118624320446923
2018-10-30T00:00:00.0;-0.17941871109864213
2018-10-30T01:00:00.0;-0.1705649777557541
2018-10-30T02:00:00.0;-0.16437287663386152
2018-10-30T03:00:00.0;-0.1585888630556471
2018-10-30T04:00:00.0;-0.1530325708777273
2018-10-30T05:00:00.0;-0.15274600582273928
2018-10-30T06:00:00.0;-0.16501898787604738
2018-10-30T07:00:00.0;-0.1753260655907348
2018-10-30T08:00:00.0;-0.1770853783876615
2018-10-30T09:00:00.0;-0.17131893545276633
2018-10-30T10:00:00.0;-0.16218783165977674
2018-10-30T11:00:00.0;-0.15665774917014055
2018-10-30T12:00:00.0;-0.15778051618298242
2018-10-30T13:00:00.0;-0.1614338520762263
2018-10-30T14:00:00.0;-0.16743989354490824
2018-10-30T15:00:00.0;-0.1767410057276044
2018-10-30T16:00:00.0;-0.18566923744536185
2018-10-30T17:00:00.0;-0.2050867145901213
2018-10-30T18:00:00.0;-0.21038515546416886
2018-10-30T19:00:00.0;-0.21505508927171837
2018-10-30T20:00:00.0;-0.21421853504218064
2018-10-30T21:00:00.0;-0.20909643654773694
2018-10-30T22:00:00.0;-0.19823071416411336
2018-10-30T23:00:00.0;-0.1918996367231433
2018-10-31T00:00:00.0;-0.17705991896330672
2018-10-31T01:00:00.0;-0.16811958344510256
2018-10-31T02:00:00.0;-0.1620451127396649
2018-10-31T03:00:00.0;-0.15633432605211955
2018-10-31T04:00:00.0;-0.15109481839189076
2018-10-31T05:00:00.0;-0.1512152913907413
2018-10-31T06:00:00.0;-0.16246065949354047
2018-10-31T07:00:00.0;-0.1710048032723177
2018-10-31T08:00:00.0;-0.171876426418252
2018-10-31T09:00:00.0;-0.1656257941496343
2018-10-31T10:00:00.0;-0.15687487246197535
2018-10-31T11:00:00.0;-0.15213723709783605
2018-10-31T12:00:00.0;-0.15304994385093665
2018-10-31T13:00:00.0;-0.15655570623980358
2018-10-31T14:00:00.0;-0.1628360093045093
2018-10-31T15:00:00.0;-0.17231194767043229
2018-10-31T16:00:00.0;-0.18229555294730013
2018-10-31T17:00:00.0;-0.19995717978136515
2018-10-31T18:00:00.0;-0.20657681732200067
2018-10-31T19:00:00.0;-0.21170196850562745
2018-10-31T20:00:00.0;-0.21122085290381856
2018-10-31T21:00:00.0;-0.20691609865054805
2018-10-31T22:00:00.0;-0.19601779442247627
2018-10-31T23:00:00.0;-0.18868927535904495
2018-11-01T00:00:00.0;-0.17645211181080167
2018-11-01T01:00:00.0;-0.16765031681281675
2018-11-01T02:00:00.0;-0.16214546148394698
2018-11-01T03:00:00.0;-0.15700082704312776
2018-11-01T04:00:00.0;-0.1513856216406945
2018-11-01T05:00:00.0;-0.15089001386929057
2018-11-01T06:00:00.0;-0.16344755906247213
2018-11-01T07:00:00.0;-0.17287743127478541
2018-11-01T08:00:00.0;-0.17386533664533366
2018-11-01T09:00:00.0;-0.1678872123122735
2018-11-01T10:00:00.0;-0.1582472913109116
2018-11-01T11:00:00.0;-0.15311427344769754
2018-11-01T12:00:00.0;-0.15617150847517808
2018-11-01T13:00:00.0;-0.16064394137703553
2018-11-01T14:00:00.0;-0.16730569008154866
2018-11-01T15:00:00.0;-0.17695499737866935
2018-11-01T16:00:00.0;-0.18439625362455983
2018-11-01T17:00:00.0;-0.20339283297574723
2018-11-01T18:00:00.0;-0.20882861446800394
2018-11-01T19:00:00.0;-0.21387030229011078
2018-11-01T20:00:00.0;-0.2131929652537455
2018-11-01T21:00:00.0;-0.20619574875949248
2018-11-01T22:00:00.0;-0.19487048780333074
2018-11-01T23:00:00.0;-0.1901038208337405
2018-11-02T00:00:00.0;-0.17437552810531912
2018-11-02T01:00:00.0;-0.16612089811299635
2018-11-02T02:00:00.0;-0.16015560343653387
2018-11-02T03:00:00.0;-0.15439912145701506
2018-11-02T04:00:00.0;-0.15114792848507638
2018-11-02T05:00:00.0;-0.1552646779233188
2018-11-02T06:00:00.0;-0.16628916108112513
2018-11-02T07:00:00.0;-0.17218550351231945
2018-11-02T08:00:00.0;-0.17018767757286815
2018-11-02T09:00:00.0;-0.16113074804111296
2018-11-02T10:00:00.0;-0.15203255104342053
2018-11-02T11:00:00.0;-0.14865681217012572
2018-11-02T12:00:00.0;-0.147946447635079
2018-11-02T13:00:00.0;-0.15107199682320685
2018-11-02T14:00:00.0;-0.15756189693816014
2018-11-02T15:00:00.0;-0.1660066800238736
2018-11-02T16:00:00.0;-0.18015989213479983
2018-11-02T17:00:00.0;-0.1943984829695532
2018-11-02T18:00:00.0;-0.20548399106409274
2018-11-02T19:00:00.0;-0.21020464064272285
2018-11-02T20:00:00.0;-0.20806363076091214
2018-11-02T21:00:00.0;-0.20299011040164436
2018-11-02T22:00:00.0;-0.19271976672388905
2018-11-02T23:00:00.0;-0.1822380411110875
2018-11-03T00:00:00.0;-0.1732012796634538
2018-11-03T01:00:00.0;-0.16559112248135824
2018-11-03T02:00:00.0;-0.1592299684133834
2018-11-03T03:00:00.0;-0.15292472805233612
2018-11-03T04:00:00.0;-0.14935127906663018
2018-11-03T05:00:00.0;-0.15289113957070444
2018-11-03T06:00:00.0;-0.1626709924268979
2018-11-03T07:00:00.0;-0.16803062284069656
2018-11-03T08:00:00.0;-0.16672400483161356
2018-11-03T09:00:00.0;-0.15795246337003735
2018-11-03T10:00:00.0;-0.1495024932764031
2018-11-03T11:00:00.0;-0.14581500064644765
2018-11-03T12:00:00.0;-0.14364290774251615
2018-11-03T13:00:00.0;-0.14649816945583444
2018-11-03T14:00:00.0;-0.15284682430631524
2018-11-03T15:00:00.0;-0.16146601354728654
2018-11-03T16:00:00.0;-0.17729820262811494
2018-11-03T17:00:00.0;-0.1924732629050898
2018-11-03T18:00:00.0;-0.20384599233813339
2018-11-03T19:00:00.0;-0.20882630887124218
2018-11-03T20:00:00.0;-0.2070351525449595
2018-11-03T21:00:00.0;-0.20403351843242024
2018-11-03T22:00:00.0;-0.1934166683659778
2018-11-03T23:00:00.0;-0.18154742148604583
2018-11-04T00:00:00.0;-0.16934246659746735
2018-11-04T01:00:00.0;-0.1603220538663273
2018-11-04T02:00:00.0;-0.15379382175286396
2018-11-04T03:00:00.0;-0.14788186911836762
2018-11-04T04:00:00.0;-0.14399684142997093
2018-11-04T05:00:00.0;-0.14557213959829582
2018-11-04T06:00:00.0;-0.1493978642988886
2018-11-04T07:00:00.0;-0.1529226551196217
2018-11-04T08:00:00.0;-0.15072262737138953
2018-11-04T09:00:00.0;-0.14502617877965604
2018-11-04T10:00:00.0;-0.1397356724605935
2018-11-04T11:00:00.0;-0.139331647719926
2018-11-04T12:00:00.0;-0.13926859504817915
2018-11-04T13:00:00.0;-0.14209534135960628
2018-11-04T14:00:00.0;-0.1470137386783202
2018-11-04T15:00:00.0;-0.15434685191535158
2018-11-04T16:00:00.0;-0.1698898297492726
2018-11-04T17:00:00.0;-0.17981398480330893
2018-11-04T18:00:00.0;-0.1911228851074003
2018-11-04T19:00:00.0;-0.19760785617312474
2018-11-04T20:00:00.0;-0.19686923871776665
2018-11-04T21:00:00.0;-0.1928873799104576
2018-11-04T22:00:00.0;-0.18535292525368172
2018-11-04T23:00:00.0;-0.17523221859380164
2018-11-05T00:00:00.0;-0.17685001527126357
2018-11-05T01:00:00.0;-0.1687143278829479
2018-11-05T02:00:00.0;-0.16121454926657153
2018-11-05T03:00:00.0;-0.15446651653962615
2018-11-05T04:00:00.0;-0.15076862466341737
2018-11-05T05:00:00.0;-0.15248552948611666
2018-11-05T06:00:00.0;-0.16111161268771318
2018-11-05T07:00:00.0;-0.16956250928942573
2018-11-05T08:00:00.0;-0.16863336803299456
2018-11-05T09:00:00.0;-0.16270313438309056
2018-11-05T10:00:00.0;-0.15647844792172608
2018-11-05T11:00:00.0;-0.1526482159688744
2018-11-05T12:00:00.0;-0.15115167924958534
2018-11-05T13:00:00.0;-0.15314981385270707
2018-11-05T14:00:00.0;-0.1572009955793032
2018-11-05T15:00:00.0;-0.16460547078214097
2018-11-05T16:00:00.0;-0.1790554208730222
2018-11-05T17:00:00.0;-0.19265109059937394
2018-11-05T18:00:00.0;-0.19930778002808278
2018-11-05T19:00:00.0;-0.20427826161486162
2018-11-05T20:00:00.0;-0.20418637425953992
2018-11-05T21:00:00.0;-0.1990915422836587
2018-11-05T22:00:00.0;-0.19252336461656466
2018-11-05T23:00:00.0;-0.18251633827672703
2018-11-06T00:00:00.0;-0.1756460879589893
2018-11-06T01:00:00.0;-0.16741086107248376
2018-11-06T02:00:00.0;-0.16134605738846197
2018-11-06T03:00:00.0;-0.1556674926207433
2018-11-06T04:00:00.0;-0.1514629288778597
2018-11-06T05:00:00.0;-0.15380258790739734
2018-11-06T06:00:00.0;-0.16517440895676158
2018-11-06T07:00:00.0;-0.1733626788593791
2018-11-06T08:00:00.0;-0.17226427372948033
2018-11-06T09:00:00.0;-0.16480900458307543
2018-11-06T10:00:00.0;-0.1554467581568035
2018-11-06T11:00:00.0;-0.15129090232686668
2018-11-06T12:00:00.0;-0.1517310310313507
2018-11-06T13:00:00.0;-0.15499125948447903
2018-11-06T14:00:00.0;-0.16104653205589345
2018-11-06T15:00:00.0;-0.16924811583411117
2018-11-06T16:00:00.0;-0.18114870322058851
2018-11-06T17:00:00.0;-0.19708165084484747
2018-11-06T18:00:00.0;-0.2056352976499927
2018-11-06T19:00:00.0;-0.21008783086217495
2018-11-06T20:00:00.0;-0.20861282686854896
2018-11-06T21:00:00.0;-0.20187662214047206
2018-11-06T22:00:00.0;-0.19294142084257201
2018-11-06T23:00:00.0;-0.18516438511035538
2018-11-07T00:00:00.0;-0.17835582222947896
2018-11-07T01:00:00.0;-0.16964395320235662
2018-11-07T02:00:00.0;-0.1633726596265596
2018-11-07T03:00:00.0;-0.15742844668190867
2018-11-07T04:00:00.0;-0.15175450421997583
2018-11-07T05:00:00.0;-0.15117390113212315
2018-11-07T06:00:00.0;-0.16271225185799568
2018-11-07T07:00:00.0;-0.17227945212145973
2018-11-07T08:00:00.0;-0.17422598333074632
2018-11-07T09:00:00.0;-0.16850262607932193
2018-11-07T10:00:00.0;-0.1597654554206204
2018-11-07T11:00:00.0;-0.15430682183315175
2018-11-07T12:00:00.0;-0.15493986759148629
2018-11-07T13:00:00.0;-0.15852701432855237
2018-11-07T14:00:00.0;-0.16462331360057364
2018-11-07T15:00:00.0;-0.17420118992025166
2018-11-07T16:00:00.0;-0.1838212615597519
2018-11-07T17:00:00.0;-0.20325968449941423
2018-11-07T18:00:00.0;-0.2088935285679192
2018-11-07T19:00:00.0;-0.21387964657295486
2018-11-07T20:00:00.0;-0.21333840271851143
2018-11-07T21:00:00.0;-0.20943250610759148
2018-11-07T22:00:00.0;-0.19811483495565507
2018-11-07T23:00:00.0;-0.19103348709626503
2018-11-08T00:00:00.0;-0.17480853051344106
2018-11-08T01:00:00.0;-0.16658063143450944
2018-11-08T02:00:00.0;-0.16094318335097582
2018-11-08T03:00:00.0;-0.15551249116852445
2018-11-08T04:00:00.0;-0.15129263635906273
2018-11-08T05:00:00.0;-0.15361421921468113
2018-11-08T06:00:00.0;-0.16565599565493302
2018-11-08T07:00:00.0;-0.1730372776247
2018-11-08T08:00:00.0;-0.17229025596490274
2018-11-08T09:00:00.0;-0.16431320176838218
2018-11-08T10:00:00.0;-0.15471787173474946
2018-11-08T11:00:00.0;-0.15045138054647164
2018-11-08T12:00:00.0;-0.15155920609890866
2018-11-08T13:00:00.0;-0.15553110497010894
2018-11-08T14:00:00.0;-0.1622478499498302
2018-11-08T15:00:00.0;-0.17123730925135366
2018-11-08T16:00:00.0;-0.1824254447552518
2018-11-08T17:00:00.0;-0.19918202424935727
2018-11-08T18:00:00.0;-0.2079832371057095
2018-11-08T19:00:00.0;-0.21278484161681657
2018-11-08T20:00:00.0;-0.21097905838452985
2018-11-08T21:00:00.0;-0.2045720308819649
2018-11-08T22:00:00.0;-0.1934746860540634
2018-11-08T23:00:00.0;-0.18560032887021793
2018-11-09T00:00:00.0;-0.17862104829242112
2018-11-09T01:00:00.0;-0.16979974245562918
2018-11-09T02:00:00.0;-0.16371009253175756
2018-11-09T03:00:00.0;-0.15802316568912675
2018-11-09T04:00:00.0;-0.1524472396666866
2018-11-09T05:00:00.0;-0.15206613096028251
2018-11-09T06:00:00.0;-0.16410478933065875
2018-11-09T07:00:00.0;-0.17413417282441004
2018-11-09T08:00:00.0;-0.1757600609362747
2018-11-09T09:00:00.0;-0.17005447249260824
2018-11-09T10:00:00.0;-0.16098009108252848
2018-11-09T11:00:00.0;-0.15562821106479438
2018-11-09T12:00:00.0;-0.15709285087865946
2018-11-09T13:00:00.0;-0.16091193728595077
2018-11-09T14:00:00.0;-0.16697645284723617
2018-11-09T15:00:00.0;-0.1762846533276044
2018-11-09T16:00:00.0;-0.18507469974313814
2018-11-09T17:00:00.0;-0.2043188302565074
2018-11-09T18:00:00.0;-0.20970907675477674
2018-11-09T19:00:00.0;-0.21451039832995394
2018-11-09T20:00:00.0;-0.2136891617003818
2018-11-09T21:00:00.0;-0.20825783181903906
2018-11-09T22:00:00.0;-0.1973505327515576
2018-11-09T23:00:00.0;-0.1912644467015998
2018-11-10T00:00:00.0;-0.1757008067690418
2018-11-10T01:00:00.0;-0.16751436004685483
2018-11-10T02:00:00.0;-0.15980869974861117
2018-11-10T03:00:00.0;-0.15250320422121133
2018-11-10T04:00:00.0;-0.14677853815562394
2018-11-10T05:00:00.0;-0.14514668503030098
2018-11-10T06:00:00.0;-0.14870393154659853
2018-11-10T07:00:00.0;-0.15597139958034012
2018-11-10T08:00:00.0;-0.15959661161490676
2018-11-10T09:00:00.0;-0.15665763414856362
2018-11-10T10:00:00.0;-0.1528024379146774
2018-11-10T11:00:00.0;-0.14971439528025607
2018-11-10T12:00:00.0;-0.1475682870863987
2018-11-10T13:00:00.0;-0.15090919887401436
2018-11-10T14:00:00.0;-0.15457614901026503
2018-11-10T15:00:00.0;-0.16235602609696323
2018-11-10T16:00:00.0;-0.17752621985661085
2018-11-10T17:00:00.0;-0.19544768570797
2018-11-10T18:00:00.0;-0.2029480881609317
2018-11-10T19:00:00.0;-0.20928875639994432
2018-11-10T20:00:00.0;-0.2075159615479933
2018-11-10T21:00:00.0;-0.20728922556064258
2018-11-10T22:00:00.0;-0.19639958396673549
2018-11-10T23:00:00.0;-0.1857470149560932
2018-11-11T00:00:00.0;-0.17608201841751916
2018-11-11T01:00:00.0;-0.16783596665833253
2018-11-11T02:00:00.0;-0.1597049970936945
2018-11-11T03:00:00.0;-0.15241217455617914
2018-11-11T04:00:00.0;-0.14629281006992725
2018-11-11T05:00:00.0;-0.1441631853731937
2018-11-11T06:00:00.0;-0.14843481356892427
2018-11-11T07:00:00.0;-0.15804520992397061
2018-11-11T08:00:00.0;-0.1594880476471832
2018-11-11T09:00:00.0;-0.15712452712386576
2018-11-11T10:00:00.0;-0.15184965089701735
2018-11-11T11:00:00.0;-0.1481682673147186
2018-11-11T12:00:00.0;-0.1457479161848225
2018-11-11T13:00:00.0;-0.14711570051136147
2018-11-11T14:00:00.0;-0.15035927360171353
2018-11-11T15:00:00.0;-0.15715842215658815
2018-11-11T16:00:00.0;-0.17173029009134366
2018-11-11T17:00:00.0;-0.187484102112773
2018-11-11T18:00:00.0;-0.1933809625637679
2018-11-11T19:00:00.0;-0.19864309529285964
2018-11-11T20:00:00.0;-0.19968360230910384
2018-11-11T21:00:00.0;-0.1972969491887496
2018-11-11T22:00:00.0;-0.19285797667402269
2018-11-11T23:00:00.0;-0.18454308719733678
2018-11-12T00:00:00.0;-0.17959889773333157
2018-11-12T01:00:00.0;-0.17073943555070134
2018-11-12T02:00:00.0;-0.1645002631458146
2018-11-12T03:00:00.0;-0.15868146563683416
2018-11-12T04:00:00.0;-0.1531277020570705
2018-11-12T05:00:00.0;-0.15285013926498606
2018-11-12T06:00:00.0;-0.16509149484105104
2018-11-12T07:00:00.0;-0.17548883307466667
2018-11-12T08:00:00.0;-0.17726200742562093
2018-11-12T09:00:00.0;-0.17153249702602263
2018-11-12T10:00:00.0;-0.16242689704060753
2018-11-12T11:00:00.0;-0.15688360275259813
2018-11-12T12:00:00.0;-0.15790715931431956
2018-11-12T13:00:00.0;-0.16149463138457248
2018-11-12T14:00:00.0;-0.16744035450605885
2018-11-12T15:00:00.0;-0.17668559784846047
2018-11-12T16:00:00.0;-0.18569083724340568
2018-11-12T17:00:00.0;-0.20508848965717028
2018-11-12T18:00:00.0;-0.21035796228380355
2018-11-12T19:00:00.0;-0.2149912162419785
2018-11-12T20:00:00.0;-0.21416175389337505
2018-11-12T21:00:00.0;-0.20907841487266968
2018-11-12T22:00:00.0;-0.19834396114163624
2018-11-12T23:00:00.0;-0.19197225808901036
2018-11-13T00:00:00.0;-0.17849521222131595
2018-11-13T01:00:00.0;-0.17018312359668847
2018-11-13T02:00:00.0;-0.16283824611965872
2018-11-13T03:00:00.0;-0.15596693171066026
2018-11-13T04:00:00.0;-0.15075716665376346
2018-11-13T05:00:00.0;-0.15104157048478126
2018-11-13T06:00:00.0;-0.1601748757041451
2018-11-13T07:00:00.0;-0.16951937557048238
2018-11-13T08:00:00.0;-0.17061004763013282
2018-11-13T09:00:00.0;-0.16505886308289264
2018-11-13T10:00:00.0;-0.15739847248026828
2018-11-13T11:00:00.0;-0.15247318273488106
2018-11-13T12:00:00.0;-0.14998482677613748
2018-11-13T13:00:00.0;-0.15184447600547502
2018-11-13T14:00:00.0;-0.15678136815961377
2018-11-13T15:00:00.0;-0.16502089616537577
2018-11-13T16:00:00.0;-0.17872965908667332
2018-11-13T17:00:00.0;-0.19598442078127992
2018-11-13T18:00:00.0;-0.20300132625981204
2018-11-13T19:00:00.0;-0.20761387434794987
2018-11-13T20:00:00.0;-0.20751516330394565
2018-11-13T21:00:00.0;-0.2054242551018897
2018-11-13T22:00:00.0;-0.1973962158891871
2018-11-13T23:00:00.0;-0.18776683425909999
2018-11-14T00:00:00.0;-0.17511157146006523
2018-11-14T01:00:00.0;-0.16738608168452457
2018-11-14T02:00:00.0;-0.16104265555803676
2018-11-14T03:00:00.0;-0.15497118473988733
2018-11-14T04:00:00.0;-0.15220312489463836
2018-11-14T05:00:00.0;-0.1574843137984296
2018-11-14T06:00:00.0;-0.1685135000614977
2018-11-14T07:00:00.0;-0.1751309397902876
2018-11-14T08:00:00.0;-0.17244846867764765
2018-11-14T09:00:00.0;-0.16304937275496093
2018-11-14T10:00:00.0;-0.15373163242294005
2018-11-14T11:00:00.0;-0.15031058868141237
2018-11-14T12:00:00.0;-0.1484886888834391
2018-11-14T13:00:00.0;-0.15106878082148822
2018-11-14T14:00:00.0;-0.15698513191960042
2018-11-14T15:00:00.0;-0.16435689629383468
2018-11-14T16:00:00.0;-0.18012226127719727
2018-11-14T17:00:00.0;-0.19393707985760553
2018-11-14T18:00:00.0;-0.20568432310093643
2018-11-14T19:00:00.0;-0.2097029712287465
2018-11-14T20:00:00.0;-0.20697177654787485
2018-11-14T21:00:00.0;-0.20090224643246957
2018-11-14T22:00:00.0;-0.19244925135801824
2018-11-14T23:00:00.0;-0.1814378161432382
2018-11-15T00:00:00.0;-0.17412886327211038
2018-11-15T01:00:00.0;-0.1664688411019205
2018-11-15T02:00:00.0;-0.16017852396785429
2018-11-15T03:00:00.0;-0.15427926988749835
2018-11-15T04:00:00.0;-0.1517129258078038
2018-11-15T05:00:00.0;-0.15735364367109364
2018-11-15T06:00:00.0;-0.1681257055186387
2018-11-15T07:00:00.0;-0.1748071080276906
2018-11-15T08:00:00.0;-0.17110117445614112
2018-11-15T09:00:00.0;-0.1617182855853782
2018-11-15T10:00:00.0;-0.1521966430332728
2018-11-15T11:00:00.0;-0.14919679079910364
2018-11-15T12:00:00.0;-0.14781514560230608
2018-11-15T13:00:00.0;-0.15023874108318788
2018-11-15T14:00:00.0;-0.15597956221191966
2018-11-15T15:00:00.0;-0.1627460013246535
2018-11-15T16:00:00.0;-0.17856125127243433
2018-11-15T17:00:00.0;-0.19114540580990924
2018-11-15T18:00:00.0;-0.20314455961801506
2018-11-15T19:00:00.0;-0.20697701299501914
2018-11-15T20:00:00.0;-0.20437428711681352
2018-11-15T21:00:00.0;-0.19670491750856256
2018-11-15T22:00:00.0;-0.18990133422380248
2018-11-15T23:00:00.0;-0.17964944773853345
2018-11-16T00:00:00.0;-0.18039574183758855
2018-11-16T01:00:00.0;-0.1713184526326271
2018-11-16T02:00:00.0;-0.16430604021398315
2018-11-16T03:00:00.0;-0.15805198563135645
2018-11-16T04:00:00.0;-0.15254108429352053
2018-11-16T05:00:00.0;-0.15208304936603498
2018-11-16T06:00:00.0;-0.16204519937406947
2018-11-16T07:00:00.0;-0.17316631488285913
2018-11-16T08:00:00.0;-0.17443784778063837
2018-11-16T09:00:00.0;-0.16997301074699764
2018-11-16T10:00:00.0;-0.16199292835842855
2018-11-16T11:00:00.0;-0.1572224335513976
2018-11-16T12:00:00.0;-0.15719443735194513
2018-11-16T13:00:00.0;-0.15966136686680377
2018-11-16T14:00:00.0;-0.16428292333133893
2018-11-16T15:00:00.0;-0.17210522564420408
2018-11-16T16:00:00.0;-0.18264358787654872
2018-11-16T17:00:00.0;-0.1999584023889079
2018-11-16T18:00:00.0;-0.20509427580265013
2018-11-16T19:00:00.0;-0.20949845589291166
2018-11-16T20:00:00.0;-0.20915546755873768
2018-11-16T21:00:00.0;-0.20395881285401224
2018-11-16T22:00:00.0;-0.1967166819744865
2018-11-16T23:00:00.0;-0.19022101682644627
2018-11-17T00:00:00.0;-0.1787567415341751
2018-11-17T01:00:00.0;-0.1704625316715081
2018-11-17T02:00:00.0;-0.1625698871143948
2018-11-17T03:00:00.0;-0.15540094056590267
2018-11-17T04:00:00.0;-0.15002554390095071
2018-11-17T05:00:00.0;-0.14989825757149644
2018-11-17T06:00:00.0;-0.15767831418309827
2018-11-17T07:00:00.0;-0.16791575225486266
2018-11-17T08:00:00.0;-0.16852441946298868
2018-11-17T09:00:00.0;-0.1639721149818048
2018-11-17T10:00:00.0;-0.15678141925548603
2018-11-17T11:00:00.0;-0.15210678263266983
2018-11-17T12:00:00.0;-0.1489568621222595
2018-11-17T13:00:00.0;-0.1499049882834817
2018-11-17T14:00:00.0;-0.1539638657137161
2018-11-17T15:00:00.0;-0.16120511290201625
2018-11-17T16:00:00.0;-0.1757134837358586
2018-11-17T17:00:00.0;-0.19176210126619603
2018-11-17T18:00:00.0;-0.19829157133268147
2018-11-17T19:00:00.0;-0.20261843504199023
2018-11-17T20:00:00.0;-0.20329263496197056
2018-11-17T21:00:00.0;-0.2007565729913765
2018-11-17T22:00:00.0;-0.19580854857380783
2018-11-17T23:00:00.0;-0.18661295375553008
2018-11-18T00:00:00.0;-0.18009046386597316
2018-11-18T01:00:00.0;-0.1716931846791535
2018-11-18T02:00:00.0;-0.163825830848252
2018-11-18T03:00:00.0;-0.1562660115153016
2018-11-18T04:00:00.0;-0.15049353087699527
2018-11-18T05:00:00.0;-0.14941820794336805
2018-11-18T06:00:00.0;-0.15664346708550184
2018-11-18T07:00:00.0;-0.16557971650414569
2018-11-18T08:00:00.0;-0.16948347111781709
2018-11-18T09:00:00.0;-0.16512513621793964
2018-11-18T10:00:00.0;-0.15942174958748784
2018-11-18T11:00:00.0;-0.15436281456018613
2018-11-18T12:00:00.0;-0.15058617582915113
2018-11-18T13:00:00.0;-0.1528422759016545
2018-11-18T14:00:00.0;-0.15726244822887173
2018-11-18T15:00:00.0;-0.166085901419917
2018-11-18T16:00:00.0;-0.18077156034296704
2018-11-18T17:00:00.0;-0.20028561694718702
2018-11-18T18:00:00.0;-0.20687100797319843
2018-11-18T19:00:00.0;-0.21226585558139147
2018-11-18T20:00:00.0;-0.2114612664330049
2018-11-18T21:00:00.0;-0.21322182664572356
2018-11-18T22:00:00.0;-0.2020672615121565
2018-11-18T23:00:00.0;-0.19044382280188749
2018-11-19T00:00:00.0;-0.1863387506104615
2018-11-19T01:00:00.0;-0.1775604864821641
2018-11-19T02:00:00.0;-0.16942149026304426
2018-11-19T03:00:00.0;-0.161584016683527
2018-11-19T04:00:00.0;-0.15605547445031495
2018-11-19T05:00:00.0;-0.15602655634267368
2018-11-19T06:00:00.0;-0.1667612406945702
2018-11-19T07:00:00.0;-0.17802939290526112
2018-11-19T08:00:00.0;-0.18266476510253934
2018-11-19T09:00:00.0;-0.17719776546007734
2018-11-19T10:00:00.0;-0.17007686663639618
2018-11-19T11:00:00.0;-0.1633712973732798
2018-11-19T12:00:00.0;-0.15818753663349613
2018-11-19T13:00:00.0;-0.159698079911154
2018-11-19T14:00:00.0;-0.16428380651799102
2018-11-19T15:00:00.0;-0.17347135280328482
2018-11-19T16:00:00.0;-0.18764433890652024
2018-11-19T17:00:00.0;-0.20892208257824846
2018-11-19T18:00:00.0;-0.21456854252128058
2018-11-19T19:00:00.0;-0.21881184767630626
2018-11-19T20:00:00.0;-0.21766963859029437
2018-11-19T21:00:00.0;-0.22044965858940943
2018-11-19T22:00:00.0;-0.20878974548267729
2018-11-19T23:00:00.0;-0.19632773089530203
2018-11-20T00:00:00.0;-0.18677904950187643
2018-11-20T01:00:00.0;-0.1778127238399384
2018-11-20T02:00:00.0;-0.16994920084705784
2018-11-20T03:00:00.0;-0.16255323892091642
2018-11-20T04:00:00.0;-0.15714974923344877
2018-11-20T05:00:00.0;-0.1574051860388327
2018-11-20T06:00:00.0;-0.169062800313073
2018-11-20T07:00:00.0;-0.18131254840831795
2018-11-20T08:00:00.0;-0.1851943080527629
2018-11-20T09:00:00.0;-0.179800891534203
2018-11-20T10:00:00.0;-0.17196633562718197
2018-11-20T11:00:00.0;-0.16538218065278495
2018-11-20T12:00:00.0;-0.1615898197255127
2018-11-20T13:00:00.0;-0.16331276339616294
2018-11-20T14:00:00.0;-0.1678214690111004
2018-11-20T15:00:00.0;-0.17647813517411334
2018-11-20T16:00:00.0;-0.18917977591361637
2018-11-20T17:00:00.0;-0.20992841650626207
2018-11-20T18:00:00.0;-0.21501647630277346
2018-11-20T19:00:00.0;-0.2188531832050099
2018-11-20T20:00:00.0;-0.21751565165085285
2018-11-20T21:00:00.0;-0.21752072956001578
2018-11-20T22:00:00.0;-0.207141879299042
2018-11-20T23:00:00.0;-0.19658558849981347
2018-11-21T00:00:00.0;-0.1801259072971415
2018-11-21T01:00:00.0;-0.17181872486454236
2018-11-21T02:00:00.0;-0.1648303995360702
2018-11-21T03:00:00.0;-0.15825150285374381
2018-11-21T04:00:00.0;-0.15425129783857056
2018-11-21T05:00:00.0;-0.15716078548099113
2018-11-21T06:00:00.0;-0.16843578564047798
2018-11-21T07:00:00.0;-0.17775465477492117
2018-11-21T08:00:00.0;-0.17782149447926895
2018-11-21T09:00:00.0;-0.1703839372470047
2018-11-21T10:00:00.0;-0.16165610845039158
2018-11-21T11:00:00.0;-0.15688520455514823
2018-11-21T12:00:00.0;-0.15450408900142099
2018-11-21T13:00:00.0;-0.15670162802570245
2018-11-21T14:00:00.0;-0.16193508463871084
2018-11-21T15:00:00.0;-0.16974888217869016
2018-11-21T16:00:00.0;-0.18383128089566605
2018-11-21T17:00:00.0;-0.20054102958876383
2018-11-21T18:00:00.0;-0.20910975061816578
2018-11-21T19:00:00.0;-0.2130120595607372
2018-11-21T20:00:00.0;-0.21104074921680543
2018-11-21T21:00:00.0;-0.2071136104392984
2018-11-21T22:00:00.0;-0.19829696176326098
2018-11-21T23:00:00.0;-0.1880050940030862
2018-11-22T00:00:00.0;-0.18212698469602545
2018-11-22T01:00:00.0;-0.1735985413680012
2018-11-22T02:00:00.0;-0.1655944829323878
2018-11-22T03:00:00.0;-0.15858051341087387
2018-11-22T04:00:00.0;-0.15469600752099677
2018-11-22T05:00:00.0;-0.156654165040941
2018-11-22T06:00:00.0;-0.16712024499458608
2018-11-22T07:00:00.0;-0.17864294378054504
2018-11-22T08:00:00.0;-0.17792227583291642
2018-11-22T09:00:00.0;-0.17221014384996133
2018-11-22T10:00:00.0;-0.16484139463002806
2018-11-22T11:00:00.0;-0.15992595755923691
2018-11-22T12:00:00.0;-0.15738562742580187
2018-11-22T13:00:00.0;-0.15820424000527453
2018-11-22T14:00:00.0;-0.16171744120401968
2018-11-22T15:00:00.0;-0.1684230645327773
2018-11-22T16:00:00.0;-0.18231397317582332
2018-11-22T17:00:00.0;-0.1966196392508886
2018-11-22T18:00:00.0;-0.20195005113739226
2018-11-22T19:00:00.0;-0.20561872782463836
2018-11-22T20:00:00.0;-0.20577394141460817
2018-11-22T21:00:00.0;-0.2002457866812728
2018-11-22T22:00:00.0;-0.19617480649316557
2018-11-22T23:00:00.0;-0.18692476792682633
2018-11-23T00:00:00.0;-0.1783877923350701
2018-11-23T01:00:00.0;-0.17025087017380167
2018-11-23T02:00:00.0;-0.163296478536849
2018-11-23T03:00:00.0;-0.1569593579743288
2018-11-23T04:00:00.0;-0.1534650046249789
2018-11-23T05:00:00.0;-0.1573148584325951
2018-11-23T06:00:00.0;-0.16804811645570888
2018-11-23T07:00:00.0;-0.17735722782077543
2018-11-23T08:00:00.0;-0.17543923592802171
2018-11-23T09:00:00.0;-0.16785939040900855
2018-11-23T10:00:00.0;-0.15879920843946183
2018-11-23T11:00:00.0;-0.15485354305187296
2018-11-23T12:00:00.0;-0.15295374877876713
2018-11-23T13:00:00.0;-0.15475597960781876
2018-11-23T14:00:00.0;-0.15962352517086248
2018-11-23T15:00:00.0;-0.16623796354184242
2018-11-23T16:00:00.0;-0.1808745863730455
2018-11-23T17:00:00.0;-0.19514552590242756
2018-11-23T18:00:00.0;-0.20448274774346162
2018-11-23T19:00:00.0;-0.20799296537890655
2018-11-23T20:00:00.0;-0.2061396835059616
2018-11-23T21:00:00.0;-0.19946994636440116
2018-11-23T22:00:00.0;-0.19373745600346826
2018-11-23T23:00:00.0;-0.18443189188983378
2018-11-24T00:00:00.0;-0.1741833858355346
2018-11-24T01:00:00.0;-0.16611006637539139
2018-11-24T02:00:00.0;-0.15850159679274473
2018-11-24T03:00:00.0;-0.15166482261957312
2018-11-24T04:00:00.0;-0.14662016270963876
2018-11-24T05:00:00.0;-0.14636870218940548
2018-11-24T06:00:00.0;-0.15007820294349905
2018-11-24T07:00:00.0;-0.15815436113848627
2018-11-24T08:00:00.0;-0.15871072207096307
2018-11-24T09:00:00.0;-0.15550958459013878
2018-11-24T10:00:00.0;-0.15059309594738715
2018-11-24T11:00:00.0;-0.1483625402590927
2018-11-24T12:00:00.0;-0.14720712006585476
2018-11-24T13:00:00.0;-0.14981831039048013
2018-11-24T14:00:00.0;-0.15300949883807297
2018-11-24T15:00:00.0;-0.15901541710560133
2018-11-24T16:00:00.0;-0.17420135089574124
2018-11-24T17:00:00.0;-0.18869720415826716
2018-11-24T18:00:00.0;-0.1967261186994932
2018-11-24T19:00:00.0;-0.20217404956134896
2018-11-24T20:00:00.0;-0.20081560561602319
2018-11-24T21:00:00.0;-0.19586927762733308
2018-11-24T22:00:00.0;-0.1901007110767696
2018-11-24T23:00:00.0;-0.18162333329981184
2018-11-25T00:00:00.0;-0.17419262479238654
2018-11-25T01:00:00.0;-0.16601921283992335
2018-11-25T02:00:00.0;-0.15877113525168082
2018-11-25T03:00:00.0;-0.15198255504478556
2018-11-25T04:00:00.0;-0.146428044558093
2018-11-25T05:00:00.0;-0.14517388426719333
2018-11-25T06:00:00.0;-0.1495402780730448
2018-11-25T07:00:00.0;-0.15675946147856343
2018-11-25T08:00:00.0;-0.15914254387432908
2018-11-25T09:00:00.0;-0.1557889001229062
2018-11-25T10:00:00.0;-0.15105776027871834
2018-11-25T11:00:00.0;-0.14818967303084743
2018-11-25T12:00:00.0;-0.14738676357772545
2018-11-25T13:00:00.0;-0.15096134427403468
2018-11-25T14:00:00.0;-0.15500601860845112
2018-11-25T15:00:00.0;-0.16264535625864177
2018-11-25T16:00:00.0;-0.17673074209893797
2018-11-25T17:00:00.0;-0.19373470368257387
2018-11-25T18:00:00.0;-0.2013294356407572
2018-11-25T19:00:00.0;-0.20751242603287967
2018-11-25T20:00:00.0;-0.20595485055861604
2018-11-25T21:00:00.0;-0.2034114827586361
2018-11-25T22:00:00.0;-0.19347906949037394
2018-11-25T23:00:00.0;-0.1843181185607868
2018-11-26T00:00:00.0;-0.1832103320780883
2018-11-26T01:00:00.0;-0.17450257817185408
2018-11-26T02:00:00.0;-0.16608354918209003
2018-11-26T03:00:00.0;-0.15877455090077094
2018-11-26T04:00:00.0;-0.15420098719358452
2018-11-26T05:00:00.0;-0.1547235658603353
2018-11-26T06:00:00.0;-0.1637640443188976
2018-11-26T07:00:00.0;-0.17619459528286602
2018-11-26T08:00:00.0;-0.17669248748376043
2018-11-26T09:00:00.0;-0.1725551192109765
2018-11-26T10:00:00.0;-0.16609869102302435
2018-11-26T11:00:00.0;-0.161153914889963
2018-11-26T12:00:00.0;-0.15841352281680124
2018-11-26T13:00:00.0;-0.15908659423937152
2018-11-26T14:00:00.0;-0.16189449350533566
2018-11-26T15:00:00.0;-0.16830937105926988
2018-11-26T16:00:00.0;-0.1819678580084659
2018-11-26T17:00:00.0;-0.19705473753614342
2018-11-26T18:00:00.0;-0.20123092871191448
2018-11-26T19:00:00.0;-0.2050565594718009
2018-11-26T20:00:00.0;-0.20547819524118074
2018-11-26T21:00:00.0;-0.20070876420012526
2018-11-26T22:00:00.0;-0.1971860975666936
2018-11-26T23:00:00.0;-0.18845646855766487
2018-11-27T00:00:00.0;-0.1846622207051579
2018-11-27T01:00:00.0;-0.17575784700151473
2018-11-27T02:00:00.0;-0.1684362402761407
2018-11-27T03:00:00.0;-0.1614573389900962
2018-11-27T04:00:00.0;-0.15602196163028634
2018-11-27T05:00:00.0;-0.1561639608377444
2018-11-27T06:00:00.0;-0.1681633119364005
2018-11-27T07:00:00.0;-0.17942954352086676
2018-11-27T08:00:00.0;-0.18307988439128195
2018-11-27T09:00:00.0;-0.1773026247474572
2018-11-27T10:00:00.0;-0.1691572249888657
2018-11-27T11:00:00.0;-0.16275094810915797
2018-11-27T12:00:00.0;-0.1601621163957326
2018-11-27T13:00:00.0;-0.16262533641890328
2018-11-27T14:00:00.0;-0.16780006959850338
2018-11-27T15:00:00.0;-0.1770409177150535
2018-11-27T16:00:00.0;-0.18881021191157193
2018-11-27T17:00:00.0;-0.20969741314271773
2018-11-27T18:00:00.0;-0.2150829202564517
2018-11-27T19:00:00.0;-0.21932123484801974
2018-11-27T20:00:00.0;-0.21793522811320812
2018-11-27T21:00:00.0;-0.2173288014067839
2018-11-27T22:00:00.0;-0.20562263272358924
2018-11-27T23:00:00.0;-0.19565666680719856
2018-11-28T00:00:00.0;-0.1889134825710026
2018-11-28T01:00:00.0;-0.17995599277045696
2018-11-28T02:00:00.0;-0.1716936572397698
2018-11-28T03:00:00.0;-0.16376495750510178
2018-11-28T04:00:00.0;-0.15842269658380098
2018-11-28T05:00:00.0;-0.1588948539255191
2018-11-28T06:00:00.0;-0.17060516753413327
2018-11-28T07:00:00.0;-0.18282228109486504
2018-11-28T08:00:00.0;-0.18785125295014282
2018-11-28T09:00:00.0;-0.18217800269334686
2018-11-28T10:00:00.0;-0.1748064783179981
2018-11-28T11:00:00.0;-0.16774089745440732
2018-11-28T12:00:00.0;-0.16222848597651288
2018-11-28T13:00:00.0;-0.16365131905702107
2018-11-28T14:00:00.0;-0.1680560633757758
2018-11-28T15:00:00.0;-0.17708540797142777
2018-11-28T16:00:00.0;-0.191095795791696
2018-11-28T17:00:00.0;-0.21296197657164215
2018-11-28T18:00:00.0;-0.218321451198963
2018-11-28T19:00:00.0;-0.2221437725286904
2018-11-28T20:00:00.0;-0.22039081079934078
2018-11-28T21:00:00.0;-0.2230935875720937
2018-11-28T22:00:00.0;-0.21119018173709292
2018-11-28T23:00:00.0;-0.19853197609208506
2018-11-29T00:00:00.0;-0.1886723060027609
2018-11-29T01:00:00.0;-0.17973160437016283
2018-11-29T02:00:00.0;-0.17148082210107687
2018-11-29T03:00:00.0;-0.16356066757086912
2018-11-29T04:00:00.0;-0.15820095757594713
2018-11-29T05:00:00.0;-0.15862617890290384
2018-11-29T06:00:00.0;-0.17024510477888508
2018-11-29T07:00:00.0;-0.18237332860456698
2018-11-29T08:00:00.0;-0.18736543176196388
2018-11-29T09:00:00.0;-0.18171150111440304
2018-11-29T10:00:00.0;-0.17436345297323755
2018-11-29T11:00:00.0;-0.1673315945955833
2018-11-29T12:00:00.0;-0.16184996801428486
2018-11-29T13:00:00.0;-0.16328101695752073
2018-11-29T14:00:00.0;-0.1677027139874008
2018-11-29T15:00:00.0;-0.1767468774229097
2018-11-29T16:00:00.0;-0.19077249591436585
2018-11-29T17:00:00.0;-0.21258355746459762
2018-11-29T18:00:00.0;-0.21796991416533026
2018-11-29T19:00:00.0;-0.22183166928305062
2018-11-29T20:00:00.0;-0.22013591709194508
2018-11-29T21:00:00.0;-0.22284592928047697
2018-11-29T22:00:00.0;-0.2109653315441426
2018-11-29T23:00:00.0;-0.19832550322412418
2018-11-30T00:00:00.0;-0.18463027865822174
2018-11-30T01:00:00.0;-0.17594367466789382
2018-11-30T02:00:00.0;-0.16803812499876333
2018-11-30T03:00:00.0;-0.1605345459816176
2018-11-30T04:00:00.0;-0.15539576299617494
2018-11-30T05:00:00.0;-0.1559947850010894
2018-11-30T06:00:00.0;-0.1661855285950738
2018-11-30T07:00:00.0;-0.17707313813465198
2018-11-30T08:00:00.0;-0.18057943516482275
2018-11-30T09:00:00.0;-0.17507531998668358
2018-11-30T10:00:00.0;-0.16793543087289547
2018-11-30T11:00:00.0;-0.16207187530856015
2018-11-30T12:00:00.0;-0.15789448918785973
2018-11-30T13:00:00.0;-0.15970759298326448
2018-11-30T14:00:00.0;-0.1641126320158205
2018-11-30T15:00:00.0;-0.17254273498788822
2018-11-30T16:00:00.0;-0.1866905709788378
2018-11-30T17:00:00.0;-0.20652580567635345
2018-11-30T18:00:00.0;-0.2128452972175085
2018-11-30T19:00:00.0;-0.21705269637776395
2018-11-30T20:00:00.0;-0.21542600684149474
2018-11-30T21:00:00.0;-0.21586935540617463
2018-11-30T22:00:00.0;-0.20534382378168622
2018-11-30T23:00:00.0;-0.1938107960504034
2018-12-01T00:00:00.0;-0.18489468000774784
2018-12-01T01:00:00.0;-0.17617247054103588
2018-12-01T02:00:00.0;-0.16807984352242844
2018-12-01T03:00:00.0;-0.1603399089052307
2018-12-01T04:00:00.0;-0.15487841141493167
2018-12-01T05:00:00.0;-0.15470822535453038
2018-12-01T06:00:00.0;-0.16395471752319812
2018-12-01T07:00:00.0;-0.17466674093699244
2018-12-01T08:00:00.0;-0.17926560147814163
2018-12-01T09:00:00.0;-0.17441547323790113
2018-12-01T10:00:00.0;-0.16810211752289891
2018-12-01T11:00:00.0;-0.16223549851928448
2018-12-01T12:00:00.0;-0.15773842918537012
2018-12-01T13:00:00.0;-0.15973718807910978
2018-12-01T14:00:00.0;-0.16392601707867954
2018-12-01T15:00:00.0;-0.17258582653349627
2018-12-01T16:00:00.0;-0.18694732546022477
2018-12-01T17:00:00.0;-0.2076183861304009
2018-12-01T18:00:00.0;-0.21362564525112676
2018-12-01T19:00:00.0;-0.21821212900199358
2018-12-01T20:00:00.0;-0.21646921038511224
2018-12-01T21:00:00.0;-0.21829789046064252
2018-12-01T22:00:00.0;-0.2067040354891523
2018-12-01T23:00:00.0;-0.194650778605129
2018-12-02T00:00:00.0;-0.183081668603524
2018-12-02T01:00:00.0;-0.17435022584027224
2018-12-02T02:00:00.0;-0.16591720994667505
2018-12-02T03:00:00.0;-0.15837513857603505
2018-12-02T04:00:00.0;-0.1528006055238235
2018-12-02T05:00:00.0;-0.15208337428206675
2018-12-02T06:00:00.0;-0.1589413260136232
2018-12-02T07:00:00.0;-0.170948641329006
2018-12-02T08:00:00.0;-0.17365080877928324
2018-12-02T09:00:00.0;-0.17068639294046167
2018-12-02T10:00:00.0;-0.16485802522591572
2018-12-02T11:00:00.0;-0.16025538191011832
2018-12-02T12:00:00.0;-0.1569702886286792
2018-12-02T13:00:00.0;-0.1582707713129441
2018-12-02T14:00:00.0;-0.16104521920900347
2018-12-02T15:00:00.0;-0.1674812636155913
2018-12-02T16:00:00.0;-0.18166060730842776
2018-12-02T17:00:00.0;-0.1991953929830611
2018-12-02T18:00:00.0;-0.20444536435141952
2018-12-02T19:00:00.0;-0.20864933271638972
2018-12-02T20:00:00.0;-0.20777006370239376
2018-12-02T21:00:00.0;-0.20533151623802684
2018-12-02T22:00:00.0;-0.19969183177923502
2018-12-02T23:00:00.0;-0.1906534936507626
2018-12-03T00:00:00.0;-0.18591954212566347
2018-12-03T01:00:00.0;-0.1769478756089761
2018-12-03T02:00:00.0;-0.16921303944998428
2018-12-03T03:00:00.0;-0.16202369438788983
2018-12-03T04:00:00.0;-0.15659217162886507
2018-12-03T05:00:00.0;-0.15674260330283604
2018-12-03T06:00:00.0;-0.1682722268590433
2018-12-03T07:00:00.0;-0.18061301835566926
2018-12-03T08:00:00.0;-0.18397189410410028
2018-12-03T09:00:00.0;-0.17877582072590398
2018-12-03T10:00:00.0;-0.17078730159248118
2018-12-03T11:00:00.0;-0.16443959241383418
2018-12-03T12:00:00.0;-0.161341507421513
2018-12-03T13:00:00.0;-0.1631343374056127
2018-12-03T14:00:00.0;-0.16760873253848516
2018-12-03T15:00:00.0;-0.1760127377694808
2018-12-03T16:00:00.0;-0.18821704508284956
2018-12-03T17:00:00.0;-0.2083939482563727
2018-12-03T18:00:00.0;-0.21333664600116775
2018-12-03T19:00:00.0;-0.21715306656999236
2018-12-03T20:00:00.0;-0.21601613738639408
2018-12-03T21:00:00.0;-0.21480235708057088
2018-12-03T22:00:00.0;-0.20530170973135958
2018-12-03T23:00:00.0;-0.19567970441689866
2018-12-04T00:00:00.0;-0.17906846605244742
2018-12-04T01:00:00.0;-0.17063427259218855
2018-12-04T02:00:00.0;-0.163861516364786
2018-12-04T03:00:00.0;-0.15770351169474914
2018-12-04T04:00:00.0;-0.15342332052711655
2018-12-04T05:00:00.0;-0.1556933213420424
2018-12-04T06:00:00.0;-0.16687336402852082
2018-12-04T07:00:00.0;-0.17693216973732137
2018-12-04T08:00:00.0;-0.17623228493961773
2018-12-04T09:00:00.0;-0.1695476815076087
2018-12-04T10:00:00.0;-0.1604684789672577
2018-12-04T11:00:00.0;-0.15596616024727103
2018-12-04T12:00:00.0;-0.15516739602213336
2018-12-04T13:00:00.0;-0.15746901617749998
2018-12-04T14:00:00.0;-0.16254734119798642
2018-12-04T15:00:00.0;-0.16988110551323932
2018-12-04T16:00:00.0;-0.18239092963824813
2018-12-04T17:00:00.0;-0.19830855044061563
2018-12-04T18:00:00.0;-0.20593876844078948
2018-12-04T19:00:00.0;-0.20974475380033095
2018-12-04T20:00:00.0;-0.20839150293275002
2018-12-04T21:00:00.0;-0.20191333597420782
2018-12-04T22:00:00.0;-0.19507179973880884
2018-12-04T23:00:00.0;-0.18716337012215625
2018-12-05T00:00:00.0;-0.18642490948354248
2018-12-05T01:00:00.0;-0.17741991015764183
2018-12-05T02:00:00.0;-0.1695455304780776
2018-12-05T03:00:00.0;-0.16229651235834786
2018-12-05T04:00:00.0;-0.15686769123368888
2018-12-05T05:00:00.0;-0.1570337670454379
2018-12-05T06:00:00.0;-0.168475328266824
2018-12-05T07:00:00.0;-0.18126501121384736
2018-12-05T08:00:00.0;-0.18447954938101074
2018-12-05T09:00:00.0;-0.17948055051861136
2018-12-05T10:00:00.0;-0.1714911032942268
2018-12-05T11:00:00.0;-0.16514445196289024
2018-12-05T12:00:00.0;-0.16190178804904573
2018-12-05T13:00:00.0;-0.16344162370693413
2018-12-05T14:00:00.0;-0.1676713882853605
2018-12-05T15:00:00.0;-0.17576437260034014
2018-12-05T16:00:00.0;-0.1880565003750942
2018-12-05T17:00:00.0;-0.20796365642732983
2018-12-05T18:00:00.0;-0.21270854694234878
2018-12-05T19:00:00.0;-0.21634383599976073
2018-12-05T20:00:00.0;-0.21531751897113824
2018-12-05T21:00:00.0;-0.21378902850649756
2018-12-05T22:00:00.0;-0.2051570654661309
2018-12-05T23:00:00.0;-0.19573574155139087
2018-12-06T00:00:00.0;-0.18896105624945786
2018-12-06T01:00:00.0;-0.17994389295716526
2018-12-06T02:00:00.0;-0.17154872553838055
2018-12-06T03:00:00.0;-0.16370236918291683
2018-12-06T04:00:00.0;-0.15833705904354828
2018-12-06T05:00:00.0;-0.15872811618814656
2018-12-06T06:00:00.0;-0.17010602511176603
2018-12-06T07:00:00.0;-0.18318250229137323
2018-12-06T08:00:00.0;-0.1874697032206152
2018-12-06T09:00:00.0;-0.18235016027658207
2018-12-06T10:00:00.0;-0.17486334067799914
2018-12-06T11:00:00.0;-0.16804066484226696
2018-12-06T12:00:00.0;-0.16291521480133733
2018-12-06T13:00:00.0;-0.16395659916472927
2018-12-06T14:00:00.0;-0.16788242995157948
2018-12-06T15:00:00.0;-0.17611256267424136
2018-12-06T16:00:00.0;-0.18984258208243812
2018-12-06T17:00:00.0;-0.21067800394637506
2018-12-06T18:00:00.0;-0.21556379920123767
2018-12-06T19:00:00.0;-0.21905785989461934
2018-12-06T20:00:00.0;-0.2176855008696753
2018-12-06T21:00:00.0;-0.2187009782923048
2018-12-06T22:00:00.0;-0.2091674702633091
2018-12-06T23:00:00.0;-0.19772751784686618
2018-12-07T00:00:00.0;-0.1889134825710026
2018-12-07T01:00:00.0;-0.17995599277045696
2018-12-07T02:00:00.0;-0.1716936572397698
2018-12-07T03:00:00.0;-0.16376495750510178
2018-12-07T04:00:00.0;-0.15842269658380098
2018-12-07T05:00:00.0;-0.1588948539255191
2018-12-07T06:00:00.0;-0.17060516753413327
2018-12-07T07:00:00.0;-0.18282228109486504
2018-12-07T08:00:00.0;-0.18785125295014282
2018-12-07T09:00:00.0;-0.18217800269334686
2018-12-07T10:00:00.0;-0.1748064783179981
2018-12-07T11:00:00.0;-0.16774089745440732
2018-12-07T12:00:00.0;-0.16222848597651288
2018-12-07T13:00:00.0;-0.16365131905702107
2018-12-07T14:00:00.0;-0.1680560633757758
2018-12-07T15:00:00.0;-0.17708540797142777
2018-12-07T16:00:00.0;-0.191095795791696
2018-12-07T17:00:00.0;-0.21296197657164215
2018-12-07T18:00:00.0;-0.218321451198963
2018-12-07T19:00:00.0;-0.2221437725286904
2018-12-07T20:00:00.0;-0.22039081079934078
2018-12-07T21:00:00.0;-0.2230935875720937
2018-12-07T22:00:00.0;-0.21119018173709292
2018-12-07T23:00:00.0;-0.19853197609208506
2018-12-08T00:00:00.0;-0.18686613081267975
2018-12-08T01:00:00.0;-0.177956092940471
2018-12-08T02:00:00.0;-0.16942489911475253
2018-12-08T03:00:00.0;-0.1616611042462417
2018-12-08T04:00:00.0;-0.156088933391974
2018-12-08T05:00:00.0;-0.1559101497717243
2018-12-08T06:00:00.0;-0.16586860996584354
2018-12-08T07:00:00.0;-0.1790909689317009
2018-12-08T08:00:00.0;-0.18226149517507287
2018-12-08T09:00:00.0;-0.17801399568471366
2018-12-08T10:00:00.0;-0.17073538618935008
2018-12-08T11:00:00.0;-0.16449106563526764
2018-12-08T12:00:00.0;-0.1598252469054129
2018-12-08T13:00:00.0;-0.16039129245070757
2018-12-08T14:00:00.0;-0.16385328219956244
2018-12-08T15:00:00.0;-0.17128361474954087
2018-12-08T16:00:00.0;-0.18510392548041507
2018-12-08T17:00:00.0;-0.20423945260077003
2018-12-08T18:00:00.0;-0.20885986238278517
2018-12-08T19:00:00.0;-0.21235201170670495
2018-12-08T20:00:00.0;-0.21200875207240275
2018-12-08T21:00:00.0;-0.2114974314233352
2018-12-08T22:00:00.0;-0.20497059396038542
2018-12-08T23:00:00.0;-0.1948562484571184
2018-12-09T00:00:00.0;-0.18861368705742843
2018-12-09T01:00:00.0;-0.17967557678792656
2018-12-09T02:00:00.0;-0.1714218549261881
2018-12-09T03:00:00.0;-0.16350522414097007
2018-12-09T04:00:00.0;-0.15813999200502843
2018-12-09T05:00:00.0;-0.15854985017422096
2018-12-09T06:00:00.0;-0.1701312748530001
2018-12-09T07:00:00.0;-0.1822654596907622
2018-12-09T08:00:00.0;-0.18722439355564827
2018-12-09T09:00:00.0;-0.1815949226247393
2018-12-09T10:00:00.0;-0.17425091421472183
2018-12-09T11:00:00.0;-0.16723563230679878
2018-12-09T12:00:00.0;-0.16177065562701676
2018-12-09T13:00:00.0;-0.16318918826021514
2018-12-09T14:00:00.0;-0.16759798416153215
2018-12-09T15:00:00.0;-0.17661873194365985
2018-12-09T16:00:00.0;-0.19064304968879942
2018-12-09T17:00:00.0;-0.21240527061499268
2018-12-09T18:00:00.0;-0.21778300982948112
2018-12-09T19:00:00.0;-0.22164393408086827
2018-12-09T20:00:00.0;-0.2199765612201349
2018-12-09T21:00:00.0;-0.22263702424241294
2018-12-09T22:00:00.0;-0.21084315589086763
2018-12-09T23:00:00.0;-0.19824519763584442
2018-12-10T00:00:00.0;-0.1886739676489192
2018-12-10T01:00:00.0;-0.17967268899294128
2018-12-10T02:00:00.0;-0.1713665076943196
2018-12-10T03:00:00.0;-0.16356493868711103
2018-12-10T04:00:00.0;-0.15819835512146238
2018-12-10T05:00:00.0;-0.15858476720863496
2018-12-10T06:00:00.0;-0.17005071379848552
2018-12-10T07:00:00.0;-0.18288631059519056
2018-12-10T08:00:00.0;-0.18723802803447134
2018-12-10T09:00:00.0;-0.18199644584155175
2018-12-10T10:00:00.0;-0.17448316836478983
2018-12-10T11:00:00.0;-0.16765291745189262
2018-12-10T12:00:00.0;-0.16263753873909556
2018-12-10T13:00:00.0;-0.16382615821371743
2018-12-10T14:00:00.0;-0.16790188186057226
2018-12-10T15:00:00.0;-0.1763121658978902
2018-12-10T16:00:00.0;-0.18995442461975132
2018-12-10T17:00:00.0;-0.21094057531663218
2018-12-10T18:00:00.0;-0.21592666732905497
2018-12-10T19:00:00.0;-0.21951618070079998
2018-12-10T20:00:00.0;-0.21808852254003125
2018-12-10T21:00:00.0;-0.21923945937219294
2018-12-10T22:00:00.0;-0.2092255018512149
2018-12-10T23:00:00.0;-0.19770749844882338
2018-12-11T00:00:00.0;-0.1816351381855844
2018-12-11T01:00:00.0;-0.17323609332897644
2018-12-11T02:00:00.0;-0.16564321897156195
2018-12-11T03:00:00.0;-0.1588578525887149
2018-12-11T04:00:00.0;-0.1549486514163241
2018-12-11T05:00:00.0;-0.15802702502674437
2018-12-11T06:00:00.0;-0.1685226912574955
2018-12-11T07:00:00.0;-0.1796839709579153
2018-12-11T08:00:00.0;-0.17870112492405843
2018-12-11T09:00:00.0;-0.1722173031152985
2018-12-11T10:00:00.0;-0.16355157510115817
2018-12-11T11:00:00.0;-0.1590709420628902
2018-12-11T12:00:00.0;-0.15623246695699888
2018-12-11T13:00:00.0;-0.15728600693683648
2018-12-11T14:00:00.0;-0.161326822853897
2018-12-11T15:00:00.0;-0.16748390484960438
2018-12-11T16:00:00.0;-0.18211194596445365
2018-12-11T17:00:00.0;-0.1970366828038412
2018-12-11T18:00:00.0;-0.20493271272199487
2018-12-11T19:00:00.0;-0.20803777173580534
2018-12-11T20:00:00.0;-0.20658131902553464
2018-12-11T21:00:00.0;-0.2006591761584416
2018-12-11T22:00:00.0;-0.19633123527446103
2018-12-11T23:00:00.0;-0.18717512789302548
2018-12-12T00:00:00.0;-0.18364662157089304
2018-12-12T01:00:00.0;-0.17469219294908161
2018-12-12T02:00:00.0;-0.1674654285573738
2018-12-12T03:00:00.0;-0.1608121675339304
2018-12-12T04:00:00.0;-0.15532895954253978
2018-12-12T05:00:00.0;-0.1553020311012245
2018-12-12T06:00:00.0;-0.1670208414226668
2018-12-12T07:00:00.0;-0.17896128591245908
2018-12-12T08:00:00.0;-0.1814781101429089
2018-12-12T09:00:00.0;-0.1762628232248194
2018-12-12T10:00:00.0;-0.1678009049014311
2018-12-12T11:00:00.0;-0.16181794052885662
2018-12-12T12:00:00.0;-0.16037324524570307
2018-12-12T13:00:00.0;-0.16269226015880897
2018-12-12T14:00:00.0;-0.16755146731968465
2018-12-12T15:00:00.0;-0.17599656569965955
2018-12-12T16:00:00.0;-0.1869060815657098
2018-12-12T17:00:00.0;-0.20645307495947757
2018-12-12T18:00:00.0;-0.21134204683420837
2018-12-12T19:00:00.0;-0.2153360595152793
2018-12-12T20:00:00.0;-0.21444629014090344
2018-12-12T21:00:00.0;-0.21121801783006475
2018-12-12T22:00:00.0;-0.20207822408909332
2018-12-12T23:00:00.0;-0.1940812397388418
2018-12-13T00:00:00.0;-0.18297010701048633
2018-12-13T01:00:00.0;-0.1743161064399918
2018-12-13T02:00:00.0;-0.16670331750796397
2018-12-13T03:00:00.0;-0.1598928032708079
2018-12-13T04:00:00.0;-0.15535112934266357
2018-12-13T05:00:00.0;-0.15718420109190093
2018-12-13T06:00:00.0;-0.16799895846874838
2018-12-13T07:00:00.0;-0.179946744030007
2018-12-13T08:00:00.0;-0.1802265066529073
2018-12-13T09:00:00.0;-0.1744977118320451
2018-12-13T10:00:00.0;-0.16595771914727933
2018-12-13T11:00:00.0;-0.16089544286983842
2018-12-13T12:00:00.0;-0.15843299262942148
2018-12-13T13:00:00.0;-0.15971288982468249
2018-12-13T14:00:00.0;-0.16379132938249188
2018-12-13T15:00:00.0;-0.1705101305875234
2018-12-13T16:00:00.0;-0.1837894806646465
2018-12-13T17:00:00.0;-0.20026045760402444
2018-12-13T18:00:00.0;-0.20674408830452737
2018-12-13T19:00:00.0;-0.21002030768183694
2018-12-13T20:00:00.0;-0.20890781892063073
2018-12-13T21:00:00.0;-0.20375725432888622
2018-12-13T22:00:00.0;-0.19846020469566858
2018-12-13T23:00:00.0;-0.18996111853705222
2018-12-14T00:00:00.0;-0.18583576043170455
2018-12-14T01:00:00.0;-0.1768178369293813
2018-12-14T02:00:00.0;-0.16903183152284945
2018-12-14T03:00:00.0;-0.16194636097945614
2018-12-14T04:00:00.0;-0.15649636372450834
2018-12-14T05:00:00.0;-0.15658757075750315
2018-12-14T06:00:00.0;-0.16795616508704608
2018-12-14T07:00:00.0;-0.1809054862068544
2018-12-14T08:00:00.0;-0.18366898262027648
2018-12-14T09:00:00.0;-0.17884528860526622
2018-12-14T10:00:00.0;-0.17070603536456874
2018-12-14T11:00:00.0;-0.16453668777870684
2018-12-14T12:00:00.0;-0.16184327842096805
2018-12-14T13:00:00.0;-0.16340031820852413
2018-12-14T14:00:00.0;-0.16757531055388392
2018-12-14T15:00:00.0;-0.17542400452969698
2018-12-14T16:00:00.0;-0.18730067975432035
2018-12-14T17:00:00.0;-0.20671448864527614
2018-12-14T18:00:00.0;-0.2113004465098754
2018-12-14T19:00:00.0;-0.2148822731651625
2018-12-14T20:00:00.0;-0.21403890145592164
2018-12-14T21:00:00.0;-0.21145975629308736
2018-12-14T22:00:00.0;-0.2036696015745529
2018-12-14T23:00:00.0;-0.1950500121593572
2018-12-15T00:00:00.0;-0.1890563407438296
2018-12-15T01:00:00.0;-0.18006562923910102
2018-12-15T02:00:00.0;-0.17170660171619184
2018-12-15T03:00:00.0;-0.16379545696368458
2018-12-15T04:00:00.0;-0.1584435058196155
2018-12-15T05:00:00.0;-0.15888163719733975
2018-12-15T06:00:00.0;-0.17040708204016164
2018-12-15T07:00:00.0;-0.1831077659220956
2018-12-15T08:00:00.0;-0.18778014909168134
2018-12-15T09:00:00.0;-0.18240440993565316
2018-12-15T10:00:00.0;-0.1749929323310461
2018-12-15T11:00:00.0;-0.1680383754382355
2018-12-15T12:00:00.0;-0.1626510371582005
2018-12-15T13:00:00.0;-0.1638421303285018
2018-12-15T14:00:00.0;-0.16797074862160502
2018-12-15T15:00:00.0;-0.17656897362161958
2018-12-15T16:00:00.0;-0.19049213774313808
2018-12-15T17:00:00.0;-0.21183690532081473
2018-12-15T18:00:00.0;-0.21694360881453792
2018-12-15T19:00:00.0;-0.22057975627151843
2018-12-15T20:00:00.0;-0.21901917254107217
2018-12-15T21:00:00.0;-0.22091561043915775
2018-12-15T22:00:00.0;-0.2102678066416677
2018-12-15T23:00:00.0;-0.19818341242120596
2018-12-16T00:00:00.0;-0.17467862618435484
2018-12-16T01:00:00.0;-0.16658290681633947
2018-12-16T02:00:00.0;-0.15898463366932836
2018-12-16T03:00:00.0;-0.15206296797079882
2018-12-16T04:00:00.0;-0.14694317846135777
2018-12-16T05:00:00.0;-0.14658020736196906
2018-12-16T06:00:00.0;-0.1505593040352903
2018-12-16T07:00:00.0;-0.15847253080356805
2018-12-16T08:00:00.0;-0.15960775138738836
2018-12-16T09:00:00.0;-0.15625186339899674
2018-12-16T10:00:00.0;-0.15139632185916432
2018-12-16T11:00:00.0;-0.1489040038862265
2018-12-16T12:00:00.0;-0.14748017182774262
2018-12-16T13:00:00.0;-0.15022638215400122
2018-12-16T14:00:00.0;-0.1536074462459848
2018-12-16T15:00:00.0;-0.16004754212628866
2018-12-16T16:00:00.0;-0.17523456978272325
2018-12-16T17:00:00.0;-0.19048815188334195
2018-12-16T18:00:00.0;-0.19848948182763765
2018-12-16T19:00:00.0;-0.20405999373377978
2018-12-16T20:00:00.0;-0.2025726319876983
2018-12-16T21:00:00.0;-0.19863783723641626
2018-12-16T22:00:00.0;-0.19168069564382306
2018-12-16T23:00:00.0;-0.18264066528532596
2018-12-17T00:00:00.0;-0.18921400291075524
2018-12-17T01:00:00.0;-0.18011972021721687
2018-12-17T02:00:00.0;-0.1715154712824667
2018-12-17T03:00:00.0;-0.16372899115340642
2018-12-17T04:00:00.0;-0.1583390623990645
2018-12-17T05:00:00.0;-0.15864361203665264
2018-12-17T06:00:00.0;-0.16959224688741711
2018-12-17T07:00:00.0;-0.18378778688364628
2018-12-17T08:00:00.0;-0.18720910520317793
2018-12-17T09:00:00.0;-0.18278746031101417
2018-12-17T10:00:00.0;-0.17519151045597028
2018-12-17T11:00:00.0;-0.16864292696564998
2018-12-17T12:00:00.0;-0.16386890599289788
2018-12-17T13:00:00.0;-0.1643854407361293
2018-12-17T14:00:00.0;-0.16767670961040207
2018-12-17T15:00:00.0;-0.17489671585521835
2018-12-17T16:00:00.0;-0.18837769979380822
2018-12-17T17:00:00.0;-0.2079672849501489
2018-12-17T18:00:00.0;-0.21225891349363873
2018-12-17T19:00:00.0;-0.2153231126559721
2018-12-17T20:00:00.0;-0.2144105238584954
2018-12-17T21:00:00.0;-0.21346426718418005
2018-12-17T22:00:00.0;-0.20688857821026854
2018-12-17T23:00:00.0;-0.1968512434251864
2018-12-18T00:00:00.0;-0.1889134825710026
2018-12-18T01:00:00.0;-0.17995599277045696
2018-12-18T02:00:00.0;-0.1716936572397698
2018-12-18T03:00:00.0;-0.16376495750510178
2018-12-18T04:00:00.0;-0.15842269658380098
2018-12-18T05:00:00.0;-0.1588948539255191
2018-12-18T06:00:00.0;-0.17060516753413327
2018-12-18T07:00:00.0;-0.18282228109486504
2018-12-18T08:00:00.0;-0.18785125295014282
2018-12-18T09:00:00.0;-0.18217800269334686
2018-12-18T10:00:00.0;-0.1748064783179981
2018-12-18T11:00:00.0;-0.16774089745440732
2018-12-18T12:00:00.0;-0.16222848597651288
2018-12-18T13:00:00.0;-0.16365131905702107
2018-12-18T14:00:00.0;-0.1680560633757758
2018-12-18T15:00:00.0;-0.17708540797142777
2018-12-18T16:00:00.0;-0.191095795791696
2018-12-18T17:00:00.0;-0.21296197657164215
2018-12-18T18:00:00.0;-0.218321451198963
2018-12-18T19:00:00.0;-0.2221437725286904
2018-12-18T20:00:00.0;-0.22039081079934078
2018-12-18T21:00:00.0;-0.2230935875720937
2018-12-18T22:00:00.0;-0.21119018173709292
2018-12-18T23:00:00.0;-0.19853197609208506
2018-12-19T00:00:00.0;-0.18910259237047977
2018-12-19T01:00:00.0;-0.18010112503828857
2018-12-19T02:00:00.0;-0.17171079260761096
2018-12-19T03:00:00.0;-0.16380533143949147
2018-12-19T04:00:00.0;-0.15845024299808225
2018-12-19T05:00:00.0;-0.1588773581619497
2018-12-19T06:00:00.0;-0.17034295006835565
2018-12-19T07:00:00.0;-0.18320019421921058
2018-12-19T08:00:00.0;-0.18775712857384977
2018-12-19T09:00:00.0;-0.18247771132985985
2018-12-19T10:00:00.0;-0.17505329850561113
2018-12-19T11:00:00.0;-0.16813468662836484
2018-12-19T12:00:00.0;-0.162787841928339
2018-12-19T13:00:00.0;-0.16390390720492776
2018-12-19T14:00:00.0;-0.16794312719764606
2018-12-19T15:00:00.0;-0.1764017733259418
2018-12-19T16:00:00.0;-0.19029669798541354
2018-12-19T17:00:00.0;-0.21147265331885803
2018-12-19T18:00:00.0;-0.21649751986991456
2018-12-19T19:00:00.0;-0.22007339185028846
2018-12-19T20:00:00.0;-0.21857509223845373
2018-12-19T21:00:00.0;-0.22021047062663082
2018-12-19T22:00:00.0;-0.20996917935489223
2018-12-19T23:00:00.0;-0.19807056177745008
2018-12-20T00:00:00.0;-0.18924991386220583
2018-12-20T01:00:00.0;-0.18021418687989407
2018-12-20T02:00:00.0;-0.17172414150840093
2018-12-20T03:00:00.0;-0.16383678379287342
2018-12-20T04:00:00.0;-0.15847170237699776
2018-12-20T05:00:00.0;-0.1588637285034388
2018-12-20T06:00:00.0;-0.17013867578790176
2018-12-20T07:00:00.0;-0.18349459845090751
2018-12-20T08:00:00.0;-0.18768380321703793
2018-12-20T09:00:00.0;-0.18271119221523088
2018-12-20T10:00:00.0;-0.17524557790270104
2018-12-20T11:00:00.0;-0.16844145871893534
2018-12-20T12:00:00.0;-0.16322359487956994
2018-12-20T13:00:00.0;-0.1641006799943063
2018-12-20T14:00:00.0;-0.1678551469540103
2018-12-20T15:00:00.0;-0.17586920401410797
2018-12-20T16:00:00.0;-0.18967417984419607
2018-12-20T17:00:00.0;-0.21031243145902292
2018-12-20T18:00:00.0;-0.2150766295461758
2018-12-20T19:00:00.0;-0.21846051102218636
2018-12-20T20:00:00.0;-0.21716059987642866
2018-12-20T21:00:00.0;-0.2179644469388023
2018-12-20T22:00:00.0;-0.2090179864878691
2018-12-20T23:00:00.0;-0.19771110792934857
2018-12-21T00:00:00.0;-0.1900927627819337
2018-12-21T01:00:00.0;-0.18086103107039989
2018-12-21T02:00:00.0;-0.1718005126235626
2018-12-21T03:00:00.0;-0.1640167275455484
2018-12-21T04:00:00.0;-0.158594474785321
2018-12-21T05:00:00.0;-0.15878575113016108
2018-12-21T06:00:00.0;-0.16896999120161668
2018-12-21T07:00:00.0;-0.18517893035483982
2018-12-21T08:00:00.0;-0.1872642975695358
2018-12-21T09:00:00.0;-0.1840469722817133
2018-12-21T10:00:00.0;-0.1763456379158355
2018-12-21T11:00:00.0;-0.17019654904629133
2018-12-21T12:00:00.0;-0.16571660455460233
2018-12-21T13:00:00.0;-0.16522644739603698
2018-12-21T14:00:00.0;-0.167351798444319
2018-12-21T15:00:00.0;-0.17282229304476962
2018-12-21T16:00:00.0;-0.18611265778323394
2018-12-21T17:00:00.0;-0.20367462369757883
2018-12-21T18:00:00.0;-0.20694749739862736
2018-12-21T19:00:00.0;-0.20923297166123866
2018-12-21T20:00:00.0;-0.2090680714521772
2018-12-21T21:00:00.0;-0.20511459986767872
2018-12-21T22:00:00.0;-0.20357606575362788
2018-12-21T23:00:00.0;-0.1956546171620152
2018-12-22T00:00:00.0;-0.1828221949006918
2018-12-22T01:00:00.0;-0.17406744393001866
2018-12-22T02:00:00.0;-0.1655052601215838
2018-12-22T03:00:00.0;-0.1580129630736016
2018-12-22T04:00:00.0;-0.15240955930096264
2018-12-22T05:00:00.0;-0.15156328536722555
2018-12-22T06:00:00.0;-0.15783927675344472
2018-12-22T07:00:00.0;-0.17041387061413218
2018-12-22T08:00:00.0;-0.17251405019474733
2018-12-22T09:00:00.0;-0.17010869734784745
2018-12-22T10:00:00.0;-0.16434639593935785
2018-12-22T11:00:00.0;-0.16005985786240898
2018-12-22T12:00:00.0;-0.15709036253169872
2018-12-22T13:00:00.0;-0.1581024924989713
2018-12-22T14:00:00.0;-0.16042348034481027
2018-12-22T15:00:00.0;-0.1661479859787143
2018-12-22T16:00:00.0;-0.18023471168813993
2018-12-22T17:00:00.0;-0.19682048803477764
2018-12-22T18:00:00.0;-0.20175771040134924
2018-12-22T19:00:00.0;-0.2057655469762878
2018-12-22T20:00:00.0;-0.20518280255664265
2018-12-22T21:00:00.0;-0.2013919007090283
2018-12-22T22:00:00.0;-0.19772910566995813
2018-12-22T23:00:00.0;-0.1896502635068798
2018-12-23T00:00:00.0;-0.1718825385441931
2018-12-23T01:00:00.0;-0.1638319189976638
2018-12-23T02:00:00.0;-0.15609928939711842
2018-12-23T03:00:00.0;-0.1491675390009206
2018-12-23T04:00:00.0;-0.143392683666384
2018-12-23T05:00:00.0;-0.14123909282916286
2018-12-23T06:00:00.0;-0.14206546178122914
2018-12-23T07:00:00.0;-0.14939562592909286
2018-12-23T08:00:00.0;-0.15105826313822782
2018-12-23T09:00:00.0;-0.14968928649518543
2018-12-23T10:00:00.0;-0.14647004616522497
2018-12-23T11:00:00.0;-0.1449747517187134
2018-12-23T12:00:00.0;-0.14452235764700147
2018-12-23T13:00:00.0;-0.1477165574240406
2018-12-23T14:00:00.0;-0.1503868563104558
2018-12-23T15:00:00.0;-0.15635271607249754
2018-12-23T16:00:00.0;-0.17138273288649927
2018-12-23T17:00:00.0;-0.18615371514251491
2018-12-23T18:00:00.0;-0.1935831737647334
2018-12-23T19:00:00.0;-0.199994404679
2018-12-23T20:00:00.0;-0.1988642740137075
2018-12-23T21:00:00.0;-0.19454857917074073
2018-12-23T22:00:00.0;-0.1882896531823874
2018-12-23T23:00:00.0;-0.18039685070531922
2018-12-24T00:00:00.0;-0.1705988494981168
2018-12-24T01:00:00.0;-0.16273106156808295
2018-12-24T02:00:00.0;-0.1561247567346116
2018-12-24T03:00:00.0;-0.14995353920591623
2018-12-24T04:00:00.0;-0.14515059280462989
2018-12-24T05:00:00.0;-0.14537894640655
2018-12-24T06:00:00.0;-0.15017961391137646
2018-12-24T07:00:00.0;-0.15600594289165132
2018-12-24T08:00:00.0;-0.15610260132382486
2018-12-24T09:00:00.0;-0.15146395074501323
2018-12-24T10:00:00.0;-0.1458183066325007
2018-12-24T11:00:00.0;-0.14379608329468005
2018-12-24T12:00:00.0;-0.14420782012005368
2018-12-24T13:00:00.0;-0.14812622943749534
2018-12-24T14:00:00.0;-0.15277039349323385
2018-12-24T15:00:00.0;-0.1600662468862636
2018-12-24T16:00:00.0;-0.1742642519611493
2018-12-24T17:00:00.0;-0.18912633306774967
2018-12-24T18:00:00.0;-0.1984066150744332
2018-12-24T19:00:00.0;-0.20452801803016618
2018-12-24T20:00:00.0;-0.20273703745900695
2018-12-24T21:00:00.0;-0.19745948157352589
2018-12-24T22:00:00.0;-0.18843351491554136
2018-12-24T23:00:00.0;-0.1799551436662903
2018-12-25T00:00:00.0;-0.17927331828486143
2018-12-25T01:00:00.0;-0.17092057683418954
2018-12-25T02:00:00.0;-0.16316783727809606
2018-12-25T03:00:00.0;-0.15602874357390645
2018-12-25T04:00:00.0;-0.15106519626987228
2018-12-25T05:00:00.0;-0.1514969137059965
2018-12-25T06:00:00.0;-0.15845279656503847
2018-12-25T07:00:00.0;-0.1679386623185075
2018-12-25T08:00:00.0;-0.1696491748923666
2018-12-25T09:00:00.0;-0.16519036817199706
2018-12-25T10:00:00.0;-0.15907759081139874
2018-12-25T11:00:00.0;-0.15514664037773324
2018-12-25T12:00:00.0;-0.152498482136099
2018-12-25T13:00:00.0;-0.15464398816851105
2018-12-25T14:00:00.0;-0.15839226602172116
2018-12-25T15:00:00.0;-0.16541552065083776
2018-12-25T16:00:00.0;-0.1802279605262254
2018-12-25T17:00:00.0;-0.19702014683886018
2018-12-25T18:00:00.0;-0.20438080613704604
2018-12-25T19:00:00.0;-0.20911429205163454
2018-12-25T20:00:00.0;-0.20756264817395256
2018-12-25T21:00:00.0;-0.20489524570479387
2018-12-25T22:00:00.0;-0.19717077006020386
2018-12-25T23:00:00.0;-0.18722843560041677
2018-12-26T00:00:00.0;-0.1723449349594125
2018-12-26T01:00:00.0;-0.16453913616602805
2018-12-26T02:00:00.0;-0.15752725202930393
2018-12-26T03:00:00.0;-0.1511049799562284
2018-12-26T04:00:00.0;-0.14691277311762857
2018-12-26T05:00:00.0;-0.14853461317889394
2018-12-26T06:00:00.0;-0.15380928410567554
2018-12-26T07:00:00.0;-0.1604993096930173
2018-12-26T08:00:00.0;-0.15948893067644854
2018-12-26T09:00:00.0;-0.1542711249457924
2018-12-26T10:00:00.0;-0.1481696142503392
2018-12-26T11:00:00.0;-0.14613629263464098
2018-12-26T12:00:00.0;-0.14528745751495464
2018-12-26T13:00:00.0;-0.14819230672416406
2018-12-26T14:00:00.0;-0.15233799703888304
2018-12-26T15:00:00.0;-0.15865352053946616
2018-12-26T16:00:00.0;-0.17426187064125345
2018-12-26T17:00:00.0;-0.1877826171312402
2018-12-26T18:00:00.0;-0.19765220462366578
2018-12-26T19:00:00.0;-0.20293454260245278
2018-12-26T20:00:00.0;-0.2010332170516232
2018-12-26T21:00:00.0;-0.1950841160048971
2018-12-26T22:00:00.0;-0.1884935073141947
2018-12-26T23:00:00.0;-0.1793730812929183
2018-12-27T00:00:00.0;-0.1787360046521746
2018-12-27T01:00:00.0;-0.17049776354877827
2018-12-27T02:00:00.0;-0.16299667425816441
2018-12-27T03:00:00.0;-0.15627157264599753
2018-12-27T04:00:00.0;-0.15223156135731555
2018-12-27T05:00:00.0;-0.1545422465570603
2018-12-27T06:00:00.0;-0.1632290954767255
2018-12-27T07:00:00.0;-0.17304110688373953
2018-12-27T08:00:00.0;-0.17217090019642092
2018-12-27T09:00:00.0;-0.16633814395444613
2018-12-27T10:00:00.0;-0.15880386032648364
2018-12-27T11:00:00.0;-0.15504787077946325
2018-12-27T12:00:00.0;-0.1529046321502965
2018-12-27T13:00:00.0;-0.1545156452412683
2018-12-27T14:00:00.0;-0.15845306949968777
2018-12-27T15:00:00.0;-0.1647428282666601
2018-12-27T16:00:00.0;-0.17954662125362994
2018-12-27T17:00:00.0;-0.1939466577492879
2018-12-27T18:00:00.0;-0.20196042092145922
2018-12-27T19:00:00.0;-0.20589189281609846
2018-12-27T20:00:00.0;-0.2045946639663769
2018-12-27T21:00:00.0;-0.1987808244435013
2018-12-27T22:00:00.0;-0.19378882308215648
2018-12-27T23:00:00.0;-0.18465947578770103
2018-12-28T00:00:00.0;-0.18107240765520938
2018-12-28T01:00:00.0;-0.17242861456434277
2018-12-28T02:00:00.0;-0.16397238734094455
2018-12-28T03:00:00.0;-0.1565539864195315
2018-12-28T04:00:00.0;-0.15090485459465341
2018-12-28T05:00:00.0;-0.14980012512736166
2018-12-28T06:00:00.0;-0.1550934461103361
2018-12-28T07:00:00.0;-0.1668596601008517
2018-12-28T08:00:00.0;-0.16890610100142128
2018-12-28T09:00:00.0;-0.16674657809346757
2018-12-28T10:00:00.0;-0.16145064022731467
2018-12-28T11:00:00.0;-0.15763609899011136
2018-12-28T12:00:00.0;-0.155055008040628
2018-12-28T13:00:00.0;-0.15639616582810925
2018-12-28T14:00:00.0;-0.15872044578392044
2018-12-28T15:00:00.0;-0.16443754906750116
2018-12-28T16:00:00.0;-0.1787044211191634
2018-12-28T17:00:00.0;-0.1949683166133799
2018-12-28T18:00:00.0;-0.20027069937129946
2018-12-28T19:00:00.0;-0.20466855252189162
2018-12-28T20:00:00.0;-0.20401486651294692
2018-12-28T21:00:00.0;-0.20013391971968608
2018-12-28T22:00:00.0;-0.19615511091277688
2018-12-28T23:00:00.0;-0.18813017827784648
2018-12-29T00:00:00.0;-0.1899974399006971
2018-12-29T01:00:00.0;-0.18078787554927744
2018-12-29T02:00:00.0;-0.17179187535231497
2018-12-29T03:00:00.0;-0.16399637661839642
2018-12-29T04:00:00.0;-0.15858058971123024
2018-12-29T05:00:00.0;-0.15879457006285247
2018-12-29T06:00:00.0;-0.16910216480878879
2018-12-29T07:00:00.0;-0.18498843907427504
2018-12-29T08:00:00.0;-0.18731174200006062
2018-12-29T09:00:00.0;-0.18389590083622023
2018-12-29T10:00:00.0;-0.17622122547662986
2018-12-29T11:00:00.0;-0.16999805526772882
2018-12-29T12:00:00.0;-0.16543465501464016
2018-12-29T13:00:00.0;-0.1650991275527964
2018-12-29T14:00:00.0;-0.1674087251711462
2018-12-29T15:00:00.0;-0.17316688663167557
2018-12-29T16:00:00.0;-0.18651545185046528
2018-12-29T17:00:00.0;-0.20442533351769704
2018-12-29T18:00:00.0;-0.20786687011195756
2018-12-29T19:00:00.0;-0.2102765698886576
2018-12-29T20:00:00.0;-0.20998330442908847
2018-12-29T21:00:00.0;-0.20656786677898362
2018-12-29T22:00:00.0;-0.20419152547803107
2018-12-29T23:00:00.0;-0.19588719813897373
2018-12-30T00:00:00.0;-0.17006204583131057
2018-12-30T01:00:00.0;-0.16228905634120372
2018-12-30T02:00:00.0;-0.1550575182155478
2018-12-30T03:00:00.0;-0.14846662078985115
2018-12-30T04:00:00.0;-0.14352124184982645
2018-12-30T05:00:00.0;-0.14315857603762716
2018-12-30T06:00:00.0;-0.14519497974553777
2018-12-30T07:00:00.0;-0.1511635243867963
2018-12-30T08:00:00.0;-0.1513212766548876
2018-12-30T09:00:00.0;-0.1481206760875858
2018-12-30T10:00:00.0;-0.14392287490855327
2018-12-30T11:00:00.0;-0.1427069561744749
2018-12-30T12:00:00.0;-0.14241261677276104
2018-12-30T13:00:00.0;-0.1458270970140258
2018-12-30T14:00:00.0;-0.14929589765899992
2018-12-30T15:00:00.0;-0.15544096672739763
2018-12-30T16:00:00.0;-0.17111831797508914
2018-12-30T17:00:00.0;-0.18481876713050233
2018-12-30T18:00:00.0;-0.1940820775717701
2018-12-30T19:00:00.0;-0.20034828400788354
2018-12-30T20:00:00.0;-0.19867991778798255
2018-12-30T21:00:00.0;-0.1934747806819058
2018-12-30T22:00:00.0;-0.18660981635928706
2018-12-30T23:00:00.0;-0.17798737607168724
2018-12-31T00:00:00.0;-0.17531888980093802
2018-12-31T01:00:00.0;-0.16707340125084927
2018-12-31T02:00:00.0;-0.1590827117620827
2018-12-31T03:00:00.0;-0.15191040883893794
2018-12-31T04:00:00.0;-0.14618985769169812
2018-12-31T05:00:00.0;-0.14444469347061106
2018-12-31T06:00:00.0;-0.14694357251480744
2018-12-31T07:00:00.0;-0.15562656951193882
2018-12-31T08:00:00.0;-0.15771794595997718
2018-12-31T09:00:00.0;-0.15590543577611365
2018-12-31T10:00:00.0;-0.1520209072301094
2018-12-31T11:00:00.0;-0.14959820725829137
2018-12-31T12:00:00.0;-0.14814199744165177
2018-12-31T13:00:00.0;-0.15075033222738818
2018-12-31T14:00:00.0;-0.1534103862479938
2018-12-31T15:00:00.0;-0.15952516385275667
2018-12-31T16:00:00.0;-0.17446855424347546
2018-12-31T17:00:00.0;-0.19013261600094755
2018-12-31T18:00:00.0;-0.19694919685108478
2018-12-31T19:00:00.0;-0.2027294283952112
2018-12-31T20:00:00.0;-0.20163561370285282
2018-12-31T21:00:00.0;-0.1981426569115467
2018-12-31T22:00:00.0;-0.19195321362940282
2018-12-31T23:00:00.0;-0.1835200395089161
