timestamp;elastic demand
2022-01-01T00:00:00.0;0.03751752319287486
2022-01-01T01:00:00.0;0.035470345611661576
2022-01-01T02:00:00.0;0.033922968829569286
2022-01-01T03:00:00.0;0.032504330670252456
2022-01-01T04:00:00.0;0.031304096736609846
2022-01-01T05:00:00.0;0.030530818537547463
2022-01-01T06:00:00.0;0.029983838788217466
2022-01-01T07:00:00.0;0.030486810034506057
2022-01-01T08:00:00.0;0.031195678134852186
2022-01-01T09:00:00.0;0.030533385633446174
2022-01-01T10:00:00.0;0.028510522143733216
2022-01-01T11:00:00.0;0.027190333975385193
2022-01-01T12:00:00.0;0.027272810314148205
2022-01-01T13:00:00.0;0.026676175205465905
2022-01-01T14:00:00.0;0.02968255361858011
2022-01-01T15:00:00.0;0.030481718218631746
2022-01-01T16:00:00.0;0.03377461047197714
2022-01-01T17:00:00.0;0.03814651755813749
2022-01-01T18:00:00.0;0.03931965910996152
2022-01-01T19:00:00.0;0.039874712723715365
2022-01-01T20:00:00.0;0.04004023355514595
2022-01-01T21:00:00.0;0.041566383026551926
2022-01-01T22:00:00.0;0.04138414400670203
2022-01-01T23:00:00.0;0.03978835200876648
2022-01-02T00:00:00.0;0.037255197232944536
2022-01-02T01:00:00.0;0.035280096955428546
2022-01-02T02:00:00.0;0.03371362146325452
2022-01-02T03:00:00.0;0.03226648443613375
2022-01-02T04:00:00.0;0.031153466370583707
2022-01-02T05:00:00.0;0.030544843706460347
2022-01-02T06:00:00.0;0.030193070955001743
2022-01-02T07:00:00.0;0.03092690112257676
2022-01-02T08:00:00.0;0.031660562423583484
2022-01-02T09:00:00.0;0.0305519609837532
2022-01-02T10:00:00.0;0.027962272207545887
2022-01-02T11:00:00.0;0.026341427398336375
2022-01-02T12:00:00.0;0.02625647974076202
2022-01-02T13:00:00.0;0.02696038623338748
2022-01-02T14:00:00.0;0.02903905052849296
2022-01-02T15:00:00.0;0.03143187826647227
2022-01-02T16:00:00.0;0.03511483513037612
2022-01-02T17:00:00.0;0.039706406209745866
2022-01-02T18:00:00.0;0.040795464533510586
2022-01-02T19:00:00.0;0.041229562086322044
2022-01-02T20:00:00.0;0.04125526293852729
2022-01-02T21:00:00.0;0.0411523926059869
2022-01-02T22:00:00.0;0.0412295894630613
2022-01-02T23:00:00.0;0.03971015008487812
2022-01-03T00:00:00.0;0.037975596305192254
2022-01-03T01:00:00.0;0.03603599359665411
2022-01-03T02:00:00.0;0.03446880635323443
2022-01-03T03:00:00.0;0.03302600200556577
2022-01-03T04:00:00.0;0.031924028929953156
2022-01-03T05:00:00.0;0.03142968338838318
2022-01-03T06:00:00.0;0.031495233915078726
2022-01-03T07:00:00.0;0.03262201615273021
2022-01-03T08:00:00.0;0.03347732568953289
2022-01-03T09:00:00.0;0.03244453549253427
2022-01-03T10:00:00.0;0.030014286247845096
2022-01-03T11:00:00.0;0.028469261239850767
2022-01-03T12:00:00.0;0.028246256505387247
2022-01-03T13:00:00.0;0.028823328391247863
2022-01-03T14:00:00.0;0.03037887223439221
2022-01-03T15:00:00.0;0.032700410967272504
2022-01-03T16:00:00.0;0.036119384370535614
2022-01-03T17:00:00.0;0.040869215038313235
2022-01-03T18:00:00.0;0.04217842468477833
2022-01-03T19:00:00.0;0.04267768583506782
2022-01-03T20:00:00.0;0.04264801975351543
2022-01-03T21:00:00.0;0.042092622154744505
2022-01-03T22:00:00.0;0.04184623293971416
2022-01-03T23:00:00.0;0.04028666620750202
2022-01-04T00:00:00.0;0.037795159407619364
2022-01-04T01:00:00.0;0.035644097489505554
2022-01-04T02:00:00.0;0.0341342353184287
2022-01-04T03:00:00.0;0.03276336498482818
2022-01-04T04:00:00.0;0.031398141948504
2022-01-04T05:00:00.0;0.03031626215540382
2022-01-04T06:00:00.0;0.0294450804659334
2022-01-04T07:00:00.0;0.02947975700670633
2022-01-04T08:00:00.0;0.029982634040118087
2022-01-04T09:00:00.0;0.029968551895462974
2022-01-04T10:00:00.0;0.028923214525795233
2022-01-04T11:00:00.0;0.02815811627019598
2022-01-04T12:00:00.0;0.02851309988950501
2022-01-04T13:00:00.0;0.02569736525343345
2022-01-04T14:00:00.0;0.030339105158368525
2022-01-04T15:00:00.0;0.028492259639161247
2022-01-04T16:00:00.0;0.03123207076069499
2022-01-04T17:00:00.0;0.03490208015829347
2022-01-04T18:00:00.0;0.03626553253583962
2022-01-04T19:00:00.0;0.037026291158964414
2022-01-04T20:00:00.0;0.03741435256944319
2022-01-04T21:00:00.0;0.04202609116505615
2022-01-04T22:00:00.0;0.04132251913616653
2022-01-04T23:00:00.0;0.039613164713050424
2022-01-05T00:00:00.0;0.03865569775739783
2022-01-05T01:00:00.0;0.03675883741111306
2022-01-05T02:00:00.0;0.035196496963289525
2022-01-05T03:00:00.0;0.03376099206234043
2022-01-05T04:00:00.0;0.032649565525513485
2022-01-05T05:00:00.0;0.03223890212394941
2022-01-05T06:00:00.0;0.032732757134829295
2022-01-05T07:00:00.0;0.03420017800985809
2022-01-05T08:00:00.0;0.035069000227184906
2022-01-05T09:00:00.0;0.034089918096600336
2022-01-05T10:00:00.0;0.031901899191139955
2022-01-05T11:00:00.0;0.030501347934133248
2022-01-05T12:00:00.0;0.03014140610662762
2022-01-05T13:00:00.0;0.030433757393533656
2022-01-05T14:00:00.0;0.0315749364448873
2022-01-05T15:00:00.0;0.033687884868478304
2022-01-05T16:00:00.0;0.03685855993732694
2022-01-05T17:00:00.0;0.04152545282777737
2022-01-05T18:00:00.0;0.043111287638606055
2022-01-05T19:00:00.0;0.04369341559040458
2022-01-05T20:00:00.0;0.043609752478274914
2022-01-05T21:00:00.0;0.042971306198343474
2022-01-05T22:00:00.0;0.04229590981082018
2022-01-05T23:00:00.0;0.040696374234286396
2022-01-06T00:00:00.0;0.03762319177643254
2022-01-06T01:00:00.0;0.0355364757267101
2022-01-06T02:00:00.0;0.0340033770380291
2022-01-06T03:00:00.0;0.0326029193545102
2022-01-06T04:00:00.0;0.03133989042563219
2022-01-06T05:00:00.0;0.030449158192865474
2022-01-06T06:00:00.0;0.029778786904606527
2022-01-06T07:00:00.0;0.030103524780790127
2022-01-06T08:00:00.0;0.030733992502830085
2022-01-06T09:00:00.0;0.030318409424058806
2022-01-06T10:00:00.0;0.02866759322142633
2022-01-06T11:00:00.0;0.027558672754154516
2022-01-06T12:00:00.0;0.02774486559967667
2022-01-06T13:00:00.0;0.026303639290823456
2022-01-06T14:00:00.0;0.02993243770269995
2022-01-06T15:00:00.0;0.029724528561936525
2022-01-06T16:00:00.0;0.032806917657968705
2022-01-06T17:00:00.0;0.03691168187655529
2022-01-06T18:00:00.0;0.03815725589331323
2022-01-06T19:00:00.0;0.03879060101161727
2022-01-06T20:00:00.0;0.0390408209799839
2022-01-06T21:00:00.0;0.041741348341828396
2022-01-06T22:00:00.0;0.041360689527661476
2022-01-06T23:00:00.0;0.03972167557244361
2022-01-07T00:00:00.0;0.03766392947007704
2022-01-07T01:00:00.0;0.035635977693693324
2022-01-07T02:00:00.0;0.034086708279589324
2022-01-07T03:00:00.0;0.0326659410695835
2022-01-07T04:00:00.0;0.03147698473344502
2022-01-07T05:00:00.0;0.03075004018043759
2022-01-07T06:00:00.0;0.030336493693925697
2022-01-07T07:00:00.0;0.030962974506518203
2022-01-07T08:00:00.0;0.03169222636430987
2022-01-07T09:00:00.0;0.030989751588475577
2022-01-07T10:00:00.0;0.02894643945634133
2022-01-07T11:00:00.0;0.027616363270279994
2022-01-07T12:00:00.0;0.02764222765406507
2022-01-07T13:00:00.0;0.027158040712048664
2022-01-07T14:00:00.0;0.029926128017616193
2022-01-07T15:00:00.0;0.030891968788282965
2022-01-07T16:00:00.0;0.03416873084883598
2022-01-07T17:00:00.0;0.03857797771397491
2022-01-07T18:00:00.0;0.03980427512644599
2022-01-07T19:00:00.0;0.040362967036094224
2022-01-07T20:00:00.0;0.04049665620614992
2022-01-07T21:00:00.0;0.041747193325190377
2022-01-07T22:00:00.0;0.04150120469710063
2022-01-07T23:00:00.0;0.0399048430849693
2022-01-08T00:00:00.0;0.038197390691006375
2022-01-08T01:00:00.0;0.03620392503221761
2022-01-08T02:00:00.0;0.034658176305488515
2022-01-08T03:00:00.0;0.033242780428330655
2022-01-08T04:00:00.0;0.03204768336743451
2022-01-08T05:00:00.0;0.0313890888281849
2022-01-08T06:00:00.0;0.03131544497735842
2022-01-08T07:00:00.0;0.03221392128926865
2022-01-08T08:00:00.0;0.03295544516427814
2022-01-08T09:00:00.0;0.032290144695173335
2022-01-08T10:00:00.0;0.030429884909988752
2022-01-08T11:00:00.0;0.029209207833535738
2022-01-08T12:00:00.0;0.02912506336103313
2022-01-08T13:00:00.0;0.0284341781529425
2022-01-08T14:00:00.0;0.03086297154953709
2022-01-08T15:00:00.0;0.03168545187034846
2022-01-08T16:00:00.0;0.0347710252826637
2022-01-08T17:00:00.0;0.039120500753798325
2022-01-08T18:00:00.0;0.04056316667202587
2022-01-08T19:00:00.0;0.041185498614666485
2022-01-08T20:00:00.0;0.0412748988489436
2022-01-08T21:00:00.0;0.0424356208265596
2022-01-08T22:00:00.0;0.04185586371189888
2022-01-08T23:00:00.0;0.04022892029584354
2022-01-09T00:00:00.0;0.03694225029550844
2022-01-09T01:00:00.0;0.03496810923286989
2022-01-09T02:00:00.0;0.03343214848199425
2022-01-09T03:00:00.0;0.032005249935812684
2022-01-09T04:00:00.0;0.030772367347141713
2022-01-09T05:00:00.0;0.02994633191443958
2022-01-09T06:00:00.0;0.029465145481575743
2022-01-09T07:00:00.0;0.02978443622371762
2022-01-09T08:00:00.0;0.02999392686910788
2022-01-09T09:00:00.0;0.02889463353013314
2022-01-09T10:00:00.0;0.026792048470868003
2022-01-09T11:00:00.0;0.025542290286801057
2022-01-09T12:00:00.0;0.025551232610544896
2022-01-09T13:00:00.0;0.025210730381952005
2022-01-09T14:00:00.0;0.028195868470526894
2022-01-09T15:00:00.0;0.029534518682616
2022-01-09T16:00:00.0;0.033250747586018245
2022-01-09T17:00:00.0;0.03665827624336582
2022-01-09T18:00:00.0;0.037959157208857244
2022-01-09T19:00:00.0;0.038488291552466414
2022-01-09T20:00:00.0;0.038576884816937225
2022-01-09T21:00:00.0;0.04072492027172975
2022-01-09T22:00:00.0;0.04035145051899958
2022-01-09T23:00:00.0;0.038822195355172236
2022-01-10T00:00:00.0;0.03702874797238902
2022-01-10T01:00:00.0;0.03508763151726318
2022-01-10T02:00:00.0;0.033648296155749144
2022-01-10T03:00:00.0;0.03219085813933559
2022-01-10T04:00:00.0;0.03100843136164298
2022-01-10T05:00:00.0;0.028594091793396472
2022-01-10T06:00:00.0;0.028686605137329287
2022-01-10T07:00:00.0;0.02810929068972654
2022-01-10T08:00:00.0;0.02680385497422217
2022-01-10T09:00:00.0;0.02732731126347901
2022-01-10T10:00:00.0;0.026217911549663908
2022-01-10T11:00:00.0;0.02592667574291489
2022-01-10T12:00:00.0;0.026613511361385078
2022-01-10T13:00:00.0;0.024633193950568875
2022-01-10T14:00:00.0;0.029009243554154844
2022-01-10T15:00:00.0;0.02589997551553798
2022-01-10T16:00:00.0;0.028983281679897055
2022-01-10T17:00:00.0;0.0320058633356028
2022-01-10T18:00:00.0;0.03413736581225787
2022-01-10T19:00:00.0;0.03519493165613007
2022-01-10T20:00:00.0;0.03533809395451468
2022-01-10T21:00:00.0;0.03891174279668729
2022-01-10T22:00:00.0;0.03768020255306066
2022-01-10T23:00:00.0;0.035994833928904214
2022-01-11T00:00:00.0;0.0374604371117141
2022-01-11T01:00:00.0;0.035391642972051066
2022-01-11T02:00:00.0;0.03393393657136334
2022-01-11T03:00:00.0;0.03253081471204617
2022-01-11T04:00:00.0;0.031211981368081423
2022-01-11T05:00:00.0;0.029280223597294087
2022-01-11T06:00:00.0;0.02883835759984971
2022-01-11T07:00:00.0;0.02837211481403016
2022-01-11T08:00:00.0;0.027793665279833724
2022-01-11T09:00:00.0;0.028299774864686638
2022-01-11T10:00:00.0;0.027549601777194867
2022-01-11T11:00:00.0;0.027237543114480074
2022-01-11T12:00:00.0;0.027870439694078413
2022-01-11T13:00:00.0;0.024770628852992863
2022-01-11T14:00:00.0;0.02981749193413637
2022-01-11T15:00:00.0;0.026368475594176252
2022-01-11T16:00:00.0;0.029113159631894914
2022-01-11T17:00:00.0;0.03218332576715835
2022-01-11T18:00:00.0;0.03404086906208243
2022-01-11T19:00:00.0;0.03503731651363002
2022-01-11T20:00:00.0;0.03536373525771308
2022-01-11T21:00:00.0;0.04043957720182696
2022-01-11T22:00:00.0;0.03926412910098146
2022-01-11T23:00:00.0;0.0375297389381688
2022-01-12T00:00:00.0;0.037663765966173275
2022-01-12T01:00:00.0;0.03553483466999633
2022-01-12T02:00:00.0;0.034068475370706036
2022-01-12T03:00:00.0;0.032690936832799965
2022-01-12T04:00:00.0;0.03130785496290708
2022-01-12T05:00:00.0;0.029603396874047422
2022-01-12T06:00:00.0;0.028909834159148558
2022-01-12T07:00:00.0;0.02849590696734317
2022-01-12T08:00:00.0;0.02825987343111254
2022-01-12T09:00:00.0;0.02875781258679828
2022-01-12T10:00:00.0;0.028176837961273273
2022-01-12T11:00:00.0;0.027854971575675506
2022-01-12T12:00:00.0;0.028462462459402996
2022-01-12T13:00:00.0;0.024835361733037676
2022-01-12T14:00:00.0;0.03019818304319941
2022-01-12T15:00:00.0;0.026589142679877057
2022-01-12T16:00:00.0;0.029174333131048766
2022-01-12T17:00:00.0;0.032266911916613364
2022-01-12T18:00:00.0;0.03399541836183345
2022-01-12T19:00:00.0;0.034963078587653795
2022-01-12T20:00:00.0;0.03537581250574003
2022-01-12T21:00:00.0;0.04115919877925663
2022-01-12T22:00:00.0;0.04001017050253198
2022-01-12T23:00:00.0;0.03825269082369772
2022-01-13T00:00:00.0;0.03751508763213151
2022-01-13T01:00:00.0;0.03543012988938002
2022-01-13T02:00:00.0;0.03397009777150371
2022-01-13T03:00:00.0;0.03257385217100796
2022-01-13T04:00:00.0;0.031237750174311338
2022-01-13T05:00:00.0;0.029367085778299065
2022-01-13T06:00:00.0;0.028857568995958333
2022-01-13T07:00:00.0;0.028405387541701507
2022-01-13T08:00:00.0;0.027918972227330148
2022-01-13T09:00:00.0;0.028422885772633202
2022-01-13T10:00:00.0;0.02771818967376119
2022-01-13T11:00:00.0;0.027403494901375246
2022-01-13T12:00:00.0;0.02802956296416223
2022-01-13T13:00:00.0;0.024788027689926145
2022-01-13T14:00:00.0;0.029919813698963665
2022-01-13T15:00:00.0;0.026427786266557788
2022-01-13T16:00:00.0;0.029129601782092458
2022-01-13T17:00:00.0;0.032205791966456794
2022-01-13T18:00:00.0;0.034028652869606706
2022-01-13T19:00:00.0;0.035017362920225385
2022-01-13T20:00:00.0;0.03536698136801866
2022-01-13T21:00:00.0;0.04063299634941785
2022-01-13T22:00:00.0;0.03946464934173191
2022-01-13T23:00:00.0;0.037724053202546036
2022-01-14T00:00:00.0;0.037430816394881605
2022-01-14T01:00:00.0;0.03537078296795139
2022-01-14T02:00:00.0;0.03391433711171501
2022-01-14T03:00:00.0;0.03250748830316002
2022-01-14T04:00:00.0;0.031198014611559837
2022-01-14T05:00:00.0;0.029233144080990304
2022-01-14T06:00:00.0;0.02882794497578421
2022-01-14T07:00:00.0;0.02835408091358291
2022-01-14T08:00:00.0;0.027725748605288137
2022-01-14T09:00:00.0;0.028233048448992427
2022-01-14T10:00:00.0;0.027458226721524096
2022-01-14T11:00:00.0;0.02714759683675162
2022-01-14T12:00:00.0;0.027784194489300598
2022-01-14T13:00:00.0;0.024761198640470102
2022-01-14T14:00:00.0;0.029762033285278107
2022-01-14T15:00:00.0;0.026336329063487426
2022-01-14T16:00:00.0;0.029104247945942085
2022-01-14T17:00:00.0;0.03217114903173774
2022-01-14T18:00:00.0;0.034047490268528983
2022-01-14T19:00:00.0;0.0350481314104602
2022-01-14T20:00:00.0;0.03536197585792265
2022-01-14T21:00:00.0;0.040334743546867884
2022-01-14T22:00:00.0;0.03915544663601886
2022-01-14T23:00:00.0;0.037424420127704194
2022-01-15T00:00:00.0;0.037673383443127526
2022-01-15T01:00:00.0;0.03554160765289977
2022-01-15T02:00:00.0;0.034074839070563454
2022-01-15T03:00:00.0;0.03269851062654562
2022-01-15T04:00:00.0;0.03131238979438099
2022-01-15T05:00:00.0;0.029618683005224775
2022-01-15T06:00:00.0;0.028913215008185722
2022-01-15T07:00:00.0;0.028501762349673294
2022-01-15T08:00:00.0;0.0282819251274285
2022-01-15T09:00:00.0;0.028779477820925044
2022-01-15T10:00:00.0;0.028206506301073294
2022-01-15T11:00:00.0;0.027884176009115306
2022-01-15T12:00:00.0;0.028490465200661945
2022-01-15T13:00:00.0;0.024838423605311872
2022-01-15T14:00:00.0;0.03021618977410752
2022-01-15T15:00:00.0;0.02659958025705681
2022-01-15T16:00:00.0;0.02917722664421928
2022-01-15T17:00:00.0;0.032270865550583394
2022-01-15T18:00:00.0;0.033993268538763034
2022-01-15T19:00:00.0;0.034959567125672136
2022-01-15T20:00:00.0;0.03537638376088667
2022-01-15T21:00:00.0;0.04119323695822104
2022-01-15T22:00:00.0;0.04004545834205388
2022-01-15T23:00:00.0;0.03828688652659783
2022-01-16T00:00:00.0;0.037776402632251606
2022-01-16T01:00:00.0;0.035615421077449076
2022-01-16T02:00:00.0;0.03411364198274161
2022-01-16T03:00:00.0;0.03275034885541688
2022-01-16T04:00:00.0;0.03135166776464793
2022-01-16T05:00:00.0;0.030208196536896013
2022-01-16T06:00:00.0;0.029286746896418053
2022-01-16T07:00:00.0;0.029215618571695315
2022-01-16T08:00:00.0;0.029622101598724648
2022-01-16T09:00:00.0;0.029672145762792056
2022-01-16T10:00:00.0;0.028792507212599842
2022-01-16T11:00:00.0;0.028135281222243545
2022-01-16T12:00:00.0;0.02853034607994495
2022-01-16T13:00:00.0;0.025347406631919835
2022-01-16T14:00:00.0;0.030279708716988922
2022-01-16T15:00:00.0;0.028022894220075256
2022-01-16T16:00:00.0;0.030714000825227298
2022-01-16T17:00:00.0;0.03414335736271398
2022-01-16T18:00:00.0;0.035556131325027315
2022-01-16T19:00:00.0;0.03635066971285029
2022-01-16T20:00:00.0;0.03676945308258608
2022-01-16T21:00:00.0;0.042008262309517375
2022-01-16T22:00:00.0;0.0411884805776663
2022-01-16T23:00:00.0;0.03946669788246979
2022-01-17T00:00:00.0;0.03776794057519776
2022-01-17T01:00:00.0;0.03562040083170479
2022-01-17T02:00:00.0;0.034121957642750125
2022-01-17T03:00:00.0;0.03275033226254587
2022-01-17T04:00:00.0;0.031377639597174496
2022-01-17T05:00:00.0;0.030136585745707132
2022-01-17T06:00:00.0;0.029303149230765504
2022-01-17T07:00:00.0;0.029218558090608783
2022-01-17T08:00:00.0;0.029535499118298322
2022-01-17T09:00:00.0;0.029659659864620005
2022-01-17T10:00:00.0;0.02874694417772667
2022-01-17T11:00:00.0;0.028101403833457578
2022-01-17T12:00:00.0;0.028523685919273283
2022-01-17T13:00:00.0;0.025466720760514986
2022-01-17T14:00:00.0;0.030316584665597987
2022-01-17T15:00:00.0;0.027986236745327814
2022-01-17T16:00:00.0;0.030677655808206528
2022-01-17T17:00:00.0;0.034192303706297236
2022-01-17T18:00:00.0;0.035649263205586625
2022-01-17T19:00:00.0;0.036464838415832784
2022-01-17T20:00:00.0;0.0368631189766582
2022-01-17T21:00:00.0;0.04182099393432644
2022-01-17T22:00:00.0;0.04099794357143939
2022-01-17T23:00:00.0;0.03927461671388294
2022-01-18T00:00:00.0;0.037895769213676406
2022-01-18T01:00:00.0;0.035698219935836495
2022-01-18T02:00:00.0;0.03422198746541438
2022-01-18T03:00:00.0;0.03287364012944115
2022-01-18T04:00:00.0;0.03141724910378547
2022-01-18T05:00:00.0;0.029972145568926103
2022-01-18T06:00:00.0;0.02899139067960302
2022-01-18T07:00:00.0;0.028637156873365675
2022-01-18T08:00:00.0;0.028791828452434054
2022-01-18T09:00:00.0;0.029280444946536328
2022-01-18T10:00:00.0;0.028892529947266692
2022-01-18T11:00:00.0;0.02855947270749571
2022-01-18T12:00:00.0;0.029137975064421173
2022-01-18T13:00:00.0;0.024909223548816712
2022-01-18T14:00:00.0;0.03063256100609656
2022-01-18T15:00:00.0;0.02684092927768094
2022-01-18T16:00:00.0;0.0292441336052735
2022-01-18T17:00:00.0;0.032362285778682394
2022-01-18T18:00:00.0;0.033943557989693444
2022-01-18T19:00:00.0;0.03487837127958288
2022-01-18T20:00:00.0;0.03538959294418595
2022-01-18T21:00:00.0;0.041980304782047416
2022-01-18T22:00:00.0;0.04086142217751867
2022-01-18T23:00:00.0;0.03907759679032673
2022-01-19T00:00:00.0;0.03829513303051546
2022-01-19T01:00:00.0;0.03619947512442938
2022-01-19T02:00:00.0;0.0346861521577891
2022-01-19T03:00:00.0;0.03331179537880422
2022-01-19T04:00:00.0;0.03197147092384467
2022-01-19T05:00:00.0;0.031018858747109548
2022-01-19T06:00:00.0;0.030561182856615094
2022-01-19T07:00:00.0;0.030966325160447963
2022-01-19T08:00:00.0;0.03152094161079211
2022-01-19T09:00:00.0;0.03142255386440361
2022-01-19T10:00:00.0;0.030381622664830604
2022-01-19T11:00:00.0;0.029624674342089857
2022-01-19T12:00:00.0;0.02981407738159424
2022-01-19T13:00:00.0;0.02720467564169155
2022-01-19T14:00:00.0;0.031185124054201756
2022-01-19T15:00:00.0;0.02969110243880503
2022-01-19T16:00:00.0;0.03233766293730867
2022-01-19T17:00:00.0;0.03607874294724856
2022-01-19T18:00:00.0;0.03763025956578077
2022-01-19T19:00:00.0;0.038417964987896965
2022-01-19T20:00:00.0;0.03871798735964935
2022-01-19T21:00:00.0;0.04265208769697408
2022-01-19T22:00:00.0;0.04170156140187948
2022-01-19T23:00:00.0;0.039982045291383064
2022-01-20T00:00:00.0;0.03890869949485261
2022-01-20T01:00:00.0;0.03702773955854044
2022-01-20T02:00:00.0;0.03546720214716527
2022-01-20T03:00:00.0;0.03403441268329769
2022-01-20T04:00:00.0;0.032919469403337155
2022-01-20T05:00:00.0;0.03253993624968943
2022-01-20T06:00:00.0;0.03319312304600646
2022-01-20T07:00:00.0;0.03478726349621217
2022-01-20T08:00:00.0;0.0356611125101135
2022-01-20T09:00:00.0;0.034702010095899224
2022-01-20T10:00:00.0;0.0326041023003187
2022-01-20T11:00:00.0;0.031257296127810696
2022-01-20T12:00:00.0;0.03084641289685812
2022-01-20T13:00:00.0;0.031032846447533676
2022-01-20T14:00:00.0;0.032019879360949875
2022-01-20T15:00:00.0;0.034055230963514725
2022-01-20T16:00:00.0;0.037133537592610344
2022-01-20T17:00:00.0;0.041769577142435836
2022-01-20T18:00:00.0;0.043458318140246976
2022-01-20T19:00:00.0;0.04407127302924893
2022-01-20T20:00:00.0;0.04396752270438189
2022-01-20T21:00:00.0;0.04329818182694769
2022-01-20T22:00:00.0;0.04246319224980646
2022-01-20T23:00:00.0;0.04084878802827178
2022-01-21T00:00:00.0;0.03765406703032327
2022-01-21T01:00:00.0;0.03558774563594033
2022-01-21T02:00:00.0;0.03409391519113147
2022-01-21T03:00:00.0;0.032691953612925526
2022-01-21T04:00:00.0;0.031402780508875565
2022-01-21T05:00:00.0;0.02999187062218555
2022-01-21T06:00:00.0;0.029527205498692612
2022-01-21T07:00:00.0;0.029513503466521433
2022-01-21T08:00:00.0;0.02952060294993046
2022-01-21T09:00:00.0;0.02957719269106399
2022-01-21T10:00:00.0;0.028413193768596957
2022-01-21T11:00:00.0;0.027731381050463095
2022-01-21T12:00:00.0;0.02811828394228992
2022-01-21T13:00:00.0;0.02582278574569312
2022-01-21T14:00:00.0;0.030069629122969687
2022-01-21T15:00:00.0;0.02820607175585954
2022-01-21T16:00:00.0;0.031082930987057052
2022-01-21T17:00:00.0;0.034649738115236736
2022-01-21T18:00:00.0;0.03626097025882926
2022-01-21T19:00:00.0;0.03709411986262302
2022-01-21T20:00:00.0;0.037368491833157366
2022-01-21T21:00:00.0;0.04120603642860062
2022-01-21T22:00:00.0;0.04034617829609536
2022-01-21T23:00:00.0;0.038653075477219453
2022-01-22T00:00:00.0;0.03776206963655064
2022-01-22T01:00:00.0;0.03560640497139924
2022-01-22T02:00:00.0;0.03413055710479203
2022-01-22T03:00:00.0;0.032764007039212395
2022-01-22T04:00:00.0;0.031358171805567936
2022-01-22T05:00:00.0;0.029830173242890588
2022-01-22T06:00:00.0;0.029012827592810486
2022-01-22T07:00:00.0;0.028682238359027938
2022-01-22T08:00:00.0;0.028684189078923818
2022-01-22T09:00:00.0;0.029107266857152942
2022-01-22T10:00:00.0;0.028527813637800457
2022-01-22T11:00:00.0;0.028140068442661578
2022-01-22T12:00:00.0;0.02870223901431501
2022-01-22T13:00:00.0;0.024981429599380815
2022-01-22T14:00:00.0;0.030367531158005032
2022-01-22T15:00:00.0;0.026942188348060395
2022-01-22T16:00:00.0;0.02948632786368446
2022-01-22T17:00:00.0;0.03266851893211394
2022-01-22T18:00:00.0;0.03429522422356857
2022-01-22T19:00:00.0;0.035222616908670075
2022-01-22T20:00:00.0;0.03566582386228001
2022-01-22T21:00:00.0;0.041563350376739326
2022-01-22T22:00:00.0;0.04048704145419408
2022-01-22T23:00:00.0;0.03872722103618662
2022-01-23T00:00:00.0;0.03761374052186674
2022-01-23T01:00:00.0;0.035499604902289365
2022-01-23T02:00:00.0;0.0340353744946327
2022-01-23T03:00:00.0;0.032651541636012374
2022-01-23T04:00:00.0;0.03128426697195923
2022-01-23T05:00:00.0;0.029523885843502407
2022-01-23T06:00:00.0;0.028892248624395322
2022-01-23T07:00:00.0;0.02846545011217808
2022-01-23T08:00:00.0;0.02814517121647071
2022-01-23T09:00:00.0;0.028645120560776012
2022-01-23T10:00:00.0;0.028022517666315028
2022-01-23T11:00:00.0;0.02770306429630308
2022-01-23T12:00:00.0;0.028316805799143318
2022-01-23T13:00:00.0;0.0248194353604916
2022-01-23T14:00:00.0;0.030104520774137385
2022-01-23T15:00:00.0;0.026534851472486083
2022-01-23T16:00:00.0;0.029159282480795034
2022-01-23T17:00:00.0;0.032246347032817195
2022-01-23T18:00:00.0;0.03400660069736594
2022-01-23T19:00:00.0;0.03498134350751102
2022-01-23T20:00:00.0;0.03537284111390213
2022-01-23T21:00:00.0;0.040982148703214816
2022-01-23T22:00:00.0;0.03982662029917836
2022-01-23T23:00:00.0;0.03807482138464525
2022-01-24T00:00:00.0;0.03652571593745324
2022-01-24T01:00:00.0;0.034733377757289435
2022-01-24T02:00:00.0;0.033315449515801336
2022-01-24T03:00:00.0;0.03179471880901154
2022-01-24T04:00:00.0;0.030771241762409588
2022-01-24T05:00:00.0;0.027794566750703964
2022-01-24T06:00:00.0;0.028509773377912054
2022-01-24T07:00:00.0;0.027803031064373523
2022-01-24T08:00:00.0;0.025650464149957673
2022-01-24T09:00:00.0;0.026194133938283258
2022-01-24T10:00:00.0;0.02466614018449519
2022-01-24T11:00:00.0;0.02439916851287362
2022-01-24T12:00:00.0;0.025148857379235588
2022-01-24T13:00:00.0;0.02447304593585248
2022-01-24T14:00:00.0;0.02806742039883685
2022-01-24T15:00:00.0;0.025354048999310496
2022-01-24T16:00:00.0;0.028831939511342806
2022-01-24T17:00:00.0;0.031799072661624746
2022-01-24T18:00:00.0;0.03424981005090916
2022-01-24T19:00:00.0;0.03537859498848179
2022-01-24T20:00:00.0;0.035308215053816684
2022-01-24T21:00:00.0;0.03713141158181381
2022-01-24T22:00:00.0;0.03583450915471597
2022-01-24T23:00:00.0;0.03420626358995469
2022-01-25T00:00:00.0;0.037588525147547916
2022-01-25T01:00:00.0;0.035481847303287295
2022-01-25T02:00:00.0;0.03401868996554875
2022-01-25T03:00:00.0;0.032631684448392505
2022-01-25T04:00:00.0;0.03127237742196275
2022-01-25T05:00:00.0;0.029483808230490474
2022-01-25T06:00:00.0;0.028883384618337078
2022-01-25T07:00:00.0;0.028450098304428892
2022-01-25T08:00:00.0;0.02808735545256328
2022-01-25T09:00:00.0;0.028588318034415926
2022-01-25T10:00:00.0;0.027944732370126193
2022-01-25T11:00:00.0;0.027626495282989428
2022-01-25T12:00:00.0;0.028243387416530444
2022-01-25T13:00:00.0;0.024811407656772876
2022-01-25T14:00:00.0;0.03005731021545695
2022-01-25T15:00:00.0;0.026507485936096333
2022-01-25T16:00:00.0;0.029151696185757574
2022-01-25T17:00:00.0;0.032235981282948675
2022-01-25T18:00:00.0;0.03401223716457016
2022-01-25T19:00:00.0;0.03499054995829796
2022-01-25T20:00:00.0;0.035371343380928864
2022-01-25T21:00:00.0;0.04089290643855419
2022-01-25T22:00:00.0;0.03973410163896426
2022-01-25T23:00:00.0;0.037985166119254635
2022-01-26T00:00:00.0;0.038035535713547626
2022-01-26T01:00:00.0;0.03589622004302884
2022-01-26T02:00:00.0;0.03441787393798572
2022-01-26T03:00:00.0;0.03305681787806456
2022-01-26T04:00:00.0;0.031601584227026885
2022-01-26T05:00:00.0;0.030386985919671608
2022-01-26T06:00:00.0;0.02906027016647556
2022-01-26T07:00:00.0;0.028777639894235832
2022-01-26T08:00:00.0;0.029293431951260402
2022-01-26T09:00:00.0;0.02938532609345267
2022-01-26T10:00:00.0;0.028860927307819383
2022-01-26T11:00:00.0;0.028428603426987005
2022-01-26T12:00:00.0;0.028893723412481392
2022-01-26T13:00:00.0;0.025107253364420545
2022-01-26T14:00:00.0;0.030359004113214964
2022-01-26T15:00:00.0;0.027330695869692875
2022-01-26T16:00:00.0;0.029843982968840433
2022-01-26T17:00:00.0;0.032575630852476466
2022-01-26T18:00:00.0;0.03425977443866723
2022-01-26T19:00:00.0;0.035342696180625015
2022-01-26T20:00:00.0;0.03599815860982455
2022-01-26T21:00:00.0;0.041995094922546175
2022-01-26T22:00:00.0;0.040852378802124216
2022-01-26T23:00:00.0;0.039022316869276326
2022-01-27T00:00:00.0;0.03909512489002381
2022-01-27T01:00:00.0;0.03722958339932654
2022-01-27T02:00:00.0;0.03568445373345198
2022-01-27T03:00:00.0;0.03426450065070118
2022-01-27T04:00:00.0;0.03309261175137006
2022-01-27T05:00:00.0;0.03265375112219399
2022-01-27T06:00:00.0;0.03343285667118253
2022-01-27T07:00:00.0;0.034997751411190575
2022-01-27T08:00:00.0;0.035665207204176846
2022-01-27T09:00:00.0;0.03475664286546768
2022-01-27T10:00:00.0;0.03299073017689198
2022-01-27T11:00:00.0;0.031872427890526425
2022-01-27T12:00:00.0;0.03144788670124119
2022-01-27T13:00:00.0;0.031021144625855743
2022-01-27T14:00:00.0;0.03223931093706541
2022-01-27T15:00:00.0;0.03367576675397636
2022-01-27T16:00:00.0;0.03663811206393231
2022-01-27T17:00:00.0;0.040749579914052265
2022-01-27T18:00:00.0;0.04264950510636974
2022-01-27T19:00:00.0;0.04334341584947841
2022-01-27T20:00:00.0;0.04324853103704579
2022-01-27T21:00:00.0;0.04353362292001061
2022-01-27T22:00:00.0;0.04231522643428559
2022-01-27T23:00:00.0;0.04067534251050276
2022-01-28T00:00:00.0;0.03630862493264356
2022-01-28T01:00:00.0;0.03450901567557367
2022-01-28T02:00:00.0;0.033041799730239796
2022-01-28T03:00:00.0;0.031643285796735345
2022-01-28T04:00:00.0;0.03056327907814005
2022-01-28T05:00:00.0;0.029666333634542404
2022-01-28T06:00:00.0;0.028987212545559197
2022-01-28T07:00:00.0;0.029045412634362555
2022-01-28T08:00:00.0;0.029164410605151937
2022-01-28T09:00:00.0;0.02803194543073706
2022-01-28T10:00:00.0;0.026528810398408712
2022-01-28T11:00:00.0;0.02527573169730569
2022-01-28T12:00:00.0;0.02535765142891625
2022-01-28T13:00:00.0;0.0256815422868062
2022-01-28T14:00:00.0;0.028038905087867886
2022-01-28T15:00:00.0;0.029484005245939575
2022-01-28T16:00:00.0;0.03299845294397064
2022-01-28T17:00:00.0;0.03583937907090314
2022-01-28T18:00:00.0;0.03761189006947155
2022-01-28T19:00:00.0;0.038748551474932946
2022-01-28T20:00:00.0;0.03924120754060822
2022-01-28T21:00:00.0;0.0395642125167374
2022-01-28T22:00:00.0;0.03918777461450711
2022-01-28T23:00:00.0;0.03755369705181162
2022-01-29T00:00:00.0;0.038878287553361555
2022-01-29T01:00:00.0;0.037061333346348556
2022-01-29T02:00:00.0;0.03551412426043338
2022-01-29T03:00:00.0;0.03408311143519048
2022-01-29T04:00:00.0;0.03292772156320045
2022-01-29T05:00:00.0;0.032529777875357956
2022-01-29T06:00:00.0;0.03342038916577601
2022-01-29T07:00:00.0;0.03502345920617683
2022-01-29T08:00:00.0;0.03554246424473059
2022-01-29T09:00:00.0;0.03435970878952465
2022-01-29T10:00:00.0;0.032407108502362544
2022-01-29T11:00:00.0;0.031226357608000334
2022-01-29T12:00:00.0;0.030716622196679828
2022-01-29T13:00:00.0;0.03075988346627688
2022-01-29T14:00:00.0;0.031651194235895734
2022-01-29T15:00:00.0;0.03374423433406517
2022-01-29T16:00:00.0;0.03694541970259619
2022-01-29T17:00:00.0;0.040816732523474654
2022-01-29T18:00:00.0;0.04274942265401211
2022-01-29T19:00:00.0;0.04340283351568148
2022-01-29T20:00:00.0;0.043236062711396725
2022-01-29T21:00:00.0;0.043198954217037275
2022-01-29T22:00:00.0;0.04197248148459937
2022-01-29T23:00:00.0;0.040374802672921255
2022-01-30T00:00:00.0;0.03586214799577225
2022-01-30T01:00:00.0;0.034061702593248505
2022-01-30T02:00:00.0;0.032565122655727884
2022-01-30T03:00:00.0;0.031137853397738318
2022-01-30T04:00:00.0;0.02989884251604867
2022-01-30T05:00:00.0;0.0290588648988336
2022-01-30T06:00:00.0;0.028480779322743066
2022-01-30T07:00:00.0;0.02844112934869154
2022-01-30T08:00:00.0;0.027986964241829466
2022-01-30T09:00:00.0;0.026112022222246626
2022-01-30T10:00:00.0;0.024088580482387413
2022-01-30T11:00:00.0;0.022911908664296383
2022-01-30T12:00:00.0;0.022807561330274475
2022-01-30T13:00:00.0;0.023116739445541514
2022-01-30T14:00:00.0;0.025813737152803776
2022-01-30T15:00:00.0;0.028182642663601605
2022-01-30T16:00:00.0;0.0324858913289229
2022-01-30T17:00:00.0;0.034144847336809135
2022-01-30T18:00:00.0;0.03579067702823456
2022-01-30T19:00:00.0;0.03651249434178381
2022-01-30T20:00:00.0;0.03667053438808067
2022-01-30T21:00:00.0;0.0391219438883936
2022-01-30T22:00:00.0;0.03847719986809594
2022-01-30T23:00:00.0;0.03700331389456038
2022-01-31T00:00:00.0;0.039416442965179446
2022-01-31T01:00:00.0;0.037599166307027435
2022-01-31T02:00:00.0;0.0360592858955264
2022-01-31T03:00:00.0;0.03464487115902903
2022-01-31T04:00:00.0;0.03354637592399987
2022-01-31T05:00:00.0;0.03332216548748587
2022-01-31T06:00:00.0;0.03440370139459345
2022-01-31T07:00:00.0;0.03618579829677997
2022-01-31T08:00:00.0;0.03684300546424215
2022-01-31T09:00:00.0;0.035777144657790985
2022-01-31T10:00:00.0;0.03388984885597246
2022-01-31T11:00:00.0;0.03269744445743314
2022-01-31T12:00:00.0;0.032149660477067715
2022-01-31T13:00:00.0;0.0320452159744059
2022-01-31T14:00:00.0;0.03263459979157234
2022-01-31T15:00:00.0;0.034500644547295935
2022-01-31T16:00:00.0;0.037395556665953046
2022-01-31T17:00:00.0;0.041896348987017114
2022-01-31T18:00:00.0;0.044004857989220894
2022-01-31T19:00:00.0;0.04450489038052549
2022-01-31T20:00:00.0;0.04443996987412269
2022-01-31T21:00:00.0;0.04368164625590804
2022-01-31T22:00:00.0;0.04239491884345465
2022-01-31T23:00:00.0;0.04073789510984247
2022-02-01T00:00:00.0;0.0400335759293613
2022-02-01T01:00:00.0;0.03822331114580632
2022-02-01T02:00:00.0;0.036670790253336236
2022-02-01T03:00:00.0;0.03525007395233746
2022-02-01T04:00:00.0;0.03411949480553668
2022-02-01T05:00:00.0;0.03387837051276791
2022-02-01T06:00:00.0;0.035239965767103844
2022-02-01T07:00:00.0;0.03739751682998543
2022-02-01T08:00:00.0;0.038293715591618274
2022-02-01T09:00:00.0;0.03742344542155856
2022-02-01T10:00:00.0;0.035726182558344914
2022-02-01T11:00:00.0;0.034618333555188646
2022-02-01T12:00:00.0;0.033980958661156024
2022-02-01T13:00:00.0;0.03369646910007443
2022-02-01T14:00:00.0;0.0339981495736982
2022-02-01T15:00:00.0;0.03568849629114559
2022-02-01T16:00:00.0;0.03835612162525968
2022-02-01T17:00:00.0;0.04285498347763529
2022-02-01T18:00:00.0;0.04500125787369985
2022-02-01T19:00:00.0;0.045751273067334765
2022-02-01T20:00:00.0;0.04555821255641703
2022-02-01T21:00:00.0;0.04475151054844632
2022-02-01T22:00:00.0;0.04320695027856872
2022-02-01T23:00:00.0;0.04152643825657843
2022-02-02T00:00:00.0;0.035762929399502034
2022-02-02T01:00:00.0;0.03396603569155052
2022-02-02T02:00:00.0;0.032472010402468394
2022-02-02T03:00:00.0;0.03100956834992223
2022-02-02T04:00:00.0;0.029762241498686958
2022-02-02T05:00:00.0;0.02844754680735404
2022-02-02T06:00:00.0;0.028331055234931277
2022-02-02T07:00:00.0;0.028133014167257768
2022-02-02T08:00:00.0;0.026964741884015944
2022-02-02T09:00:00.0;0.02531636894952608
2022-02-02T10:00:00.0;0.02312372897887901
2022-02-02T11:00:00.0;0.022164861305368853
2022-02-02T12:00:00.0;0.022160693282101865
2022-02-02T13:00:00.0;0.022348685240306122
2022-02-02T14:00:00.0;0.02532907861896768
2022-02-02T15:00:00.0;0.027054729531457586
2022-02-02T16:00:00.0;0.03155334529535186
2022-02-02T17:00:00.0;0.03308867224092563
2022-02-02T18:00:00.0;0.034837788011329814
2022-02-02T19:00:00.0;0.03542057351101997
2022-02-02T20:00:00.0;0.03532311868599678
2022-02-02T21:00:00.0;0.03843698602408212
2022-02-02T22:00:00.0;0.03755373476300468
2022-02-02T23:00:00.0;0.03613718230550683
2022-02-03T00:00:00.0;0.03757006439417863
2022-02-03T01:00:00.0;0.03564916500513697
2022-02-03T02:00:00.0;0.03415216972747104
2022-02-03T03:00:00.0;0.032748808068293396
2022-02-03T04:00:00.0;0.031391042900297386
2022-02-03T05:00:00.0;0.03045801511579256
2022-02-03T06:00:00.0;0.030104179961168945
2022-02-03T07:00:00.0;0.030367363908248325
2022-02-03T08:00:00.0;0.030288739529711832
2022-02-03T09:00:00.0;0.02928901035404742
2022-02-03T10:00:00.0;0.027976442169353848
2022-02-03T11:00:00.0;0.027258606023637527
2022-02-03T12:00:00.0;0.027235030625147524
2022-02-03T13:00:00.0;0.02552130153742534
2022-02-03T14:00:00.0;0.02890643912468006
2022-02-03T15:00:00.0;0.028843386950317493
2022-02-03T16:00:00.0;0.03222021750738234
2022-02-03T17:00:00.0;0.03435422870856104
2022-02-03T18:00:00.0;0.03622988731273958
2022-02-03T19:00:00.0;0.037066077856291825
2022-02-03T20:00:00.0;0.03727305918686213
2022-02-03T21:00:00.0;0.041338427403813126
2022-02-03T22:00:00.0;0.040037155909514496
2022-02-03T23:00:00.0;0.038400157939062964
2022-02-04T00:00:00.0;0.039418548080040236
2022-02-04T01:00:00.0;0.0376320841531742
2022-02-04T02:00:00.0;0.03609239675725505
2022-02-04T03:00:00.0;0.03467203984520928
2022-02-04T04:00:00.0;0.03352930719584509
2022-02-04T05:00:00.0;0.033240282433637136
2022-02-04T06:00:00.0;0.03445135857307863
2022-02-04T07:00:00.0;0.03629122500980878
2022-02-04T08:00:00.0;0.0368162296298151
2022-02-04T09:00:00.0;0.03567099465085497
2022-02-04T10:00:00.0;0.03388364078248565
2022-02-04T11:00:00.0;0.032793322541037125
2022-02-04T12:00:00.0;0.03218696732783327
2022-02-04T13:00:00.0;0.03201092296901633
2022-02-04T14:00:00.0;0.03256521553352275
2022-02-04T15:00:00.0;0.03447462846060605
2022-02-04T16:00:00.0;0.03745105125479732
2022-02-04T17:00:00.0;0.04142075358519975
2022-02-04T18:00:00.0;0.0435971319058195
2022-02-04T19:00:00.0;0.044232274227400274
2022-02-04T20:00:00.0;0.04407220942407966
2022-02-04T21:00:00.0;0.043798498614196
2022-02-04T22:00:00.0;0.04228054049310226
2022-02-04T23:00:00.0;0.04064199311393129
2022-02-05T00:00:00.0;0.037137439702450106
2022-02-05T01:00:00.0;0.03537362291375578
2022-02-05T02:00:00.0;0.03386631880693164
2022-02-05T03:00:00.0;0.03244324063604247
2022-02-05T04:00:00.0;0.031289011406668156
2022-02-05T05:00:00.0;0.03082048628465435
2022-02-05T06:00:00.0;0.03122032085136445
2022-02-05T07:00:00.0;0.03187069127073995
2022-02-05T08:00:00.0;0.03138086028347219
2022-02-05T09:00:00.0;0.02944269646825225
2022-02-05T10:00:00.0;0.027173229133456
2022-02-05T11:00:00.0;0.025982195297739742
2022-02-05T12:00:00.0;0.025592785465094043
2022-02-05T13:00:00.0;0.02597470312751567
2022-02-05T14:00:00.0;0.02758514195184629
2022-02-05T15:00:00.0;0.03026498234758906
2022-02-05T16:00:00.0;0.03428397410057061
2022-02-05T17:00:00.0;0.037007237194601875
2022-02-05T18:00:00.0;0.03902530805857132
2022-02-05T19:00:00.0;0.03922269333032023
2022-02-05T20:00:00.0;0.03923194129949714
2022-02-05T21:00:00.0;0.04036359594024686
2022-02-05T22:00:00.0;0.039342233472524094
2022-02-05T23:00:00.0;0.037847746349352944
2022-02-06T00:00:00.0;0.03890327812444543
2022-02-06T01:00:00.0;0.03713083022712056
2022-02-06T02:00:00.0;0.03559262194976884
2022-02-06T03:00:00.0;0.034163247185868675
2022-02-06T04:00:00.0;0.03298088929652262
2022-02-06T05:00:00.0;0.03257646603707918
2022-02-06T06:00:00.0;0.03364993948884814
2022-02-06T07:00:00.0;0.035281264484290926
2022-02-06T08:00:00.0;0.03557002840671268
2022-02-06T09:00:00.0;0.03424513213558012
2022-02-06T10:00:00.0;0.03240313558517368
2022-02-06T11:00:00.0;0.03134006326806056
2022-02-06T12:00:00.0;0.03075691915458769
2022-02-06T13:00:00.0;0.03068816856760457
2022-02-06T14:00:00.0;0.03148983467636824
2022-02-06T15:00:00.0;0.033606710483899765
2022-02-06T16:00:00.0;0.03687157823846284
2022-02-06T17:00:00.0;0.04023931525955963
2022-02-06T18:00:00.0;0.04234912600862141
2022-02-06T19:00:00.0;0.04303434688730431
2022-02-06T20:00:00.0;0.04282297015741941
2022-02-06T21:00:00.0;0.04319220205261896
2022-02-06T22:00:00.0;0.04168247319883822
2022-02-06T23:00:00.0;0.04009305582166714
2022-02-07T00:00:00.0;0.03664887525265728
2022-02-07T01:00:00.0;0.03488404642522626
2022-02-07T02:00:00.0;0.03340905842210897
2022-02-07T03:00:00.0;0.032015341567045975
2022-02-07T04:00:00.0;0.0309715770151719
2022-02-07T05:00:00.0;0.030718664857967377
2022-02-07T06:00:00.0;0.03088377144715479
2022-02-07T07:00:00.0;0.03107991855855253
2022-02-07T08:00:00.0;0.030262629059458212
2022-02-07T09:00:00.0;0.028072603820735953
2022-02-07T10:00:00.0;0.025570915845323425
2022-02-07T11:00:00.0;0.024250350433352937
2022-02-07T12:00:00.0;0.023957044452321278
2022-02-07T13:00:00.0;0.024464323336510885
2022-02-07T14:00:00.0;0.026227079795399125
2022-02-07T15:00:00.0;0.02897431045065578
2022-02-07T16:00:00.0;0.03307537076917352
2022-02-07T17:00:00.0;0.036351484133741854
2022-02-07T18:00:00.0;0.038539751598301523
2022-02-07T19:00:00.0;0.038143461025053955
2022-02-07T20:00:00.0;0.03847477533708684
2022-02-07T21:00:00.0;0.03901692152490435
2022-02-07T22:00:00.0;0.038306647268271404
2022-02-07T23:00:00.0;0.03679114390499841
2022-02-08T00:00:00.0;0.038022136494176725
2022-02-08T01:00:00.0;0.03627879672838469
2022-02-08T02:00:00.0;0.034755606237311006
2022-02-08T03:00:00.0;0.033323931598270864
2022-02-08T04:00:00.0;0.03211762388100531
2022-02-08T05:00:00.0;0.03162340921156887
2022-02-08T06:00:00.0;0.03246517187071432
2022-02-08T07:00:00.0;0.03365691454798183
2022-02-08T08:00:00.0;0.03345317600695623
2022-02-08T09:00:00.0;0.031760058000593415
2022-02-08T10:00:00.0;0.029787308874567646
2022-02-08T11:00:00.0;0.028744452882470028
2022-02-08T12:00:00.0;0.02821014667625986
2022-02-08T13:00:00.0;0.02830927429485864
2022-02-08T14:00:00.0;0.029488912166437217
2022-02-08T15:00:00.0;0.031924203569340726
2022-02-08T16:00:00.0;0.03563458831438709
2022-02-08T17:00:00.0;0.03823616086437079
2022-02-08T18:00:00.0;0.04034969631282635
2022-02-08T19:00:00.0;0.040910709438824
2022-02-08T20:00:00.0;0.040726884127294284
2022-02-08T21:00:00.0;0.04188569149245512
2022-02-08T22:00:00.0;0.04043034528717887
2022-02-08T23:00:00.0;0.038904373396660245
2022-02-09T00:00:00.0;0.037109335602837704
2022-02-09T01:00:00.0;0.035348616856839564
2022-02-09T02:00:00.0;0.033840819058967034
2022-02-09T03:00:00.0;0.03240412200833797
2022-02-09T04:00:00.0;0.03112562784377883
2022-02-09T05:00:00.0;0.03030347354438583
2022-02-09T06:00:00.0;0.030750624981383683
2022-02-09T07:00:00.0;0.03135860114999046
2022-02-09T08:00:00.0;0.03068657203094579
2022-02-09T09:00:00.0;0.028947767568930437
2022-02-09T10:00:00.0;0.027051391190191447
2022-02-09T11:00:00.0;0.02614948669791173
2022-02-09T12:00:00.0;0.025800501467748576
2022-02-09T13:00:00.0;0.025612343578312897
2022-02-09T14:00:00.0;0.02770305049053018
2022-02-09T15:00:00.0;0.029696975293187582
2022-02-09T16:00:00.0;0.033739590263665964
2022-02-09T17:00:00.0;0.035449290202982035
2022-02-09T18:00:00.0;0.03746562248229313
2022-02-09T19:00:00.0;0.03809658366143779
2022-02-09T20:00:00.0;0.03793452402409556
2022-02-09T21:00:00.0;0.04064694890578921
2022-02-09T22:00:00.0;0.039232319813710594
2022-02-09T23:00:00.0;0.03775307603242279
2022-02-10T00:00:00.0;0.03815780910348659
2022-02-10T01:00:00.0;0.0362217184862592
2022-02-10T02:00:00.0;0.03474658134153988
2022-02-10T03:00:00.0;0.03332705451691611
2022-02-10T04:00:00.0;0.03195976631384748
2022-02-10T05:00:00.0;0.03099656235044264
2022-02-10T06:00:00.0;0.029324388532932063
2022-02-10T07:00:00.0;0.029211280134626236
2022-02-10T08:00:00.0;0.030099319119843673
2022-02-10T09:00:00.0;0.02933560066568042
2022-02-10T10:00:00.0;0.028288801823995322
2022-02-10T11:00:00.0;0.027637175817214633
2022-02-10T12:00:00.0;0.027857506228407228
2022-02-10T13:00:00.0;0.02572962181952181
2022-02-10T14:00:00.0;0.02945997250855697
2022-02-10T15:00:00.0;0.028376756967889938
2022-02-10T16:00:00.0;0.03131225748116971
2022-02-10T17:00:00.0;0.03326364289933049
2022-02-10T18:00:00.0;0.03532945274434611
2022-02-10T19:00:00.0;0.036746199562994644
2022-02-10T20:00:00.0;0.0375763261550936
2022-02-10T21:00:00.0;0.041278035264212594
2022-02-10T22:00:00.0;0.040041275847803606
2022-02-10T23:00:00.0;0.038145873607928246
2022-02-11T00:00:00.0;0.03525384502775053
2022-02-11T01:00:00.0;0.0334652449029276
2022-02-11T02:00:00.0;0.03199018394413556
2022-02-11T03:00:00.0;0.03055714931680401
2022-02-11T04:00:00.0;0.029147341798352464
2022-02-11T05:00:00.0;0.027892075767388325
2022-02-11T06:00:00.0;0.027510541321087746
2022-02-11T07:00:00.0;0.026961963506268012
2022-02-11T08:00:00.0;0.025379086709240262
2022-02-11T09:00:00.0;0.023316951636543213
2022-02-11T10:00:00.0;0.021491969853714602
2022-02-11T11:00:00.0;0.020796040477109583
2022-02-11T12:00:00.0;0.020749342559462727
2022-02-11T13:00:00.0;0.020062566039233686
2022-02-11T14:00:00.0;0.023847713440347366
2022-02-11T15:00:00.0;0.025331224696369548
2022-02-11T16:00:00.0;0.030084749154580242
2022-02-11T17:00:00.0;0.030077020034425375
2022-02-11T18:00:00.0;0.031933531159118365
2022-02-11T19:00:00.0;0.03251574870974482
2022-02-11T20:00:00.0;0.03246840654364449
2022-02-11T21:00:00.0;0.03813660921656278
2022-02-11T22:00:00.0;0.036849389989073146
2022-02-11T23:00:00.0;0.03546652540853565
2022-02-12T00:00:00.0;0.038183798614018265
2022-02-12T01:00:00.0;0.03645414592601555
2022-02-12T02:00:00.0;0.03494083696001865
2022-02-12T03:00:00.0;0.0334682447516789
2022-02-12T04:00:00.0;0.03227945276445218
2022-02-12T05:00:00.0;0.03175916047885441
2022-02-12T06:00:00.0;0.031099928286860177
2022-02-12T07:00:00.0;0.03186678143538717
2022-02-12T08:00:00.0;0.03268340767101822
2022-02-12T09:00:00.0;0.03095273943547713
2022-02-12T10:00:00.0;0.02888996821203139
2022-02-12T11:00:00.0;0.027731263038519714
2022-02-12T12:00:00.0;0.02741637622729065
2022-02-12T13:00:00.0;0.02788012793706731
2022-02-12T14:00:00.0;0.029133907681529875
2022-02-12T15:00:00.0;0.031441430292226576
2022-02-12T16:00:00.0;0.03504449869030195
2022-02-12T17:00:00.0;0.037346770856265546
2022-02-12T18:00:00.0;0.039500504231190295
2022-02-12T19:00:00.0;0.040673581994444465
2022-02-12T20:00:00.0;0.04107095457724259
2022-02-12T21:00:00.0;0.041233717850554324
2022-02-12T22:00:00.0;0.04010097034632357
2022-02-12T23:00:00.0;0.03836317913256188
2022-02-13T00:00:00.0;0.03713506184491106
2022-02-13T01:00:00.0;0.03542865612935465
2022-02-13T02:00:00.0;0.03392361025059886
2022-02-13T03:00:00.0;0.0324915160056318
2022-02-13T04:00:00.0;0.03126235989107048
2022-02-13T05:00:00.0;0.0306899117568673
2022-02-13T06:00:00.0;0.0313260098303476
2022-02-13T07:00:00.0;0.032067187052688406
2022-02-13T08:00:00.0;0.031318860999084916
2022-02-13T09:00:00.0;0.029223854361873577
2022-02-13T10:00:00.0;0.02713123496683788
2022-02-13T11:00:00.0;0.026123621270156158
2022-02-13T12:00:00.0;0.025628540941080705
2022-02-13T13:00:00.0;0.02587819203407536
2022-02-13T14:00:00.0;0.027420513074551553
2022-02-13T15:00:00.0;0.030176844551442504
2022-02-13T16:00:00.0;0.03434148474204434
2022-02-13T17:00:00.0;0.03612399601895089
2022-02-13T18:00:00.0;0.03828339291460265
2022-02-13T19:00:00.0;0.03869727469741483
2022-02-13T20:00:00.0;0.03854896584340217
2022-02-13T21:00:00.0;0.04052964844290663
2022-02-13T22:00:00.0;0.0390907401107687
2022-02-13T23:00:00.0;0.03762759837721955
2022-02-14T00:00:00.0;0.03758832058668242
2022-02-14T01:00:00.0;0.03587485501454394
2022-02-14T02:00:00.0;0.034376755703365916
2022-02-14T03:00:00.0;0.03296088278365877
2022-02-14T04:00:00.0;0.031792771265913324
2022-02-14T05:00:00.0;0.031388780508837935
2022-02-14T06:00:00.0;0.032156147979046826
2022-02-14T07:00:00.0;0.03302952399719416
2022-02-14T08:00:00.0;0.03242252530621815
2022-02-14T09:00:00.0;0.03044045949466886
2022-02-14T10:00:00.0;0.028377374539025845
2022-02-14T11:00:00.0;0.027334623571986225
2022-02-14T12:00:00.0;0.026821595686197474
2022-02-14T13:00:00.0;0.026962244305195414
2022-02-14T14:00:00.0;0.028255177694793344
2022-02-14T15:00:00.0;0.03080772986124534
2022-02-14T16:00:00.0;0.03469219109254545
2022-02-14T17:00:00.0;0.0371453216571387
2022-02-14T18:00:00.0;0.03944491637364763
2022-02-14T19:00:00.0;0.03968460287734608
2022-02-14T20:00:00.0;0.039651657928436904
2022-02-14T21:00:00.0;0.04089208327006001
2022-02-14T22:00:00.0;0.03945843993447607
2022-02-14T23:00:00.0;0.03793965339869117
2022-02-15T00:00:00.0;0.039187612993680586
2022-02-15T01:00:00.0;0.0374665053538654
2022-02-15T02:00:00.0;0.03595134350723228
2022-02-15T03:00:00.0;0.034485243745058416
2022-02-15T04:00:00.0;0.03333897038158683
2022-02-15T05:00:00.0;0.032828242976607636
2022-02-15T06:00:00.0;0.0328425719193758
2022-02-15T07:00:00.0;0.03411587067102291
2022-02-15T08:00:00.0;0.0350527128187812
2022-02-15T09:00:00.0;0.03374320411510426
2022-02-15T10:00:00.0;0.03191882506511997
2022-02-15T11:00:00.0;0.03086865649800305
2022-02-15T12:00:00.0;0.03046655346310898
2022-02-15T13:00:00.0;0.030637501170546425
2022-02-15T14:00:00.0;0.031362337429127043
2022-02-15T15:00:00.0;0.03310605926046762
2022-02-15T16:00:00.0;0.0362163614893301
2022-02-15T17:00:00.0;0.03922569818792805
2022-02-15T18:00:00.0;0.04159715963990118
2022-02-15T19:00:00.0;0.042816924520181335
2022-02-15T20:00:00.0;0.04310399440272727
2022-02-15T21:00:00.0;0.04251371714628214
2022-02-15T22:00:00.0;0.04105981800551884
2022-02-15T23:00:00.0;0.039268313876301544
2022-02-16T00:00:00.0;0.03928928037332371
2022-02-16T01:00:00.0;0.037521320147368614
2022-02-16T02:00:00.0;0.03600546228001851
2022-02-16T03:00:00.0;0.03460641828578897
2022-02-16T04:00:00.0;0.0335282303023975
2022-02-16T05:00:00.0;0.03340066834566671
2022-02-16T06:00:00.0;0.03460631111227626
2022-02-16T07:00:00.0;0.03624810555043108
2022-02-16T08:00:00.0;0.036524750852334704
2022-02-16T09:00:00.0;0.03520617143584709
2022-02-16T10:00:00.0;0.03335239907101733
2022-02-16T11:00:00.0;0.032237144960384864
2022-02-16T12:00:00.0;0.0316436385426978
2022-02-16T13:00:00.0;0.03145292506119361
2022-02-16T14:00:00.0;0.0319788733059406
2022-02-16T15:00:00.0;0.033879796291034
2022-02-16T16:00:00.0;0.03685335907454284
2022-02-16T17:00:00.0;0.04107336409103676
2022-02-16T18:00:00.0;0.04346525104347583
2022-02-16T19:00:00.0;0.04374279608316206
2022-02-16T20:00:00.0;0.043769602197992946
2022-02-16T21:00:00.0;0.04316032458735168
2022-02-16T22:00:00.0;0.04167999517431186
2022-02-16T23:00:00.0;0.04001842645186001
2022-02-17T00:00:00.0;0.03843601186111614
2022-02-17T01:00:00.0;0.036708990289474844
2022-02-17T02:00:00.0;0.0352233307388093
2022-02-17T03:00:00.0;0.033837240622501596
2022-02-17T04:00:00.0;0.03278154349516792
2022-02-17T05:00:00.0;0.03268812514589254
2022-02-17T06:00:00.0;0.033700310377277755
2022-02-17T07:00:00.0;0.0348243551454572
2022-02-17T08:00:00.0;0.034486117034912916
2022-02-17T09:00:00.0;0.032718292193300635
2022-02-17T10:00:00.0;0.030711682888624095
2022-02-17T11:00:00.0;0.02960396502722314
2022-02-17T12:00:00.0;0.029057206085878706
2022-02-17T13:00:00.0;0.02899497488474472
2022-02-17T14:00:00.0;0.029823626334264487
2022-02-17T15:00:00.0;0.03199649140030781
2022-02-17T16:00:00.0;0.03535872723323055
2022-02-17T17:00:00.0;0.03905661975188633
2022-02-17T18:00:00.0;0.0416129522764279
2022-02-17T19:00:00.0;0.041535563466438094
2022-02-17T20:00:00.0;0.041713675239236726
2022-02-17T21:00:00.0;0.04158134814477066
2022-02-17T22:00:00.0;0.04015671490662761
2022-02-17T23:00:00.0;0.038534692093103576
2022-02-18T00:00:00.0;0.03883071749561147
2022-02-18T01:00:00.0;0.03709793580597792
2022-02-18T02:00:00.0;0.03561893232314511
2022-02-18T03:00:00.0;0.034247577917500494
2022-02-18T04:00:00.0;0.03324696645065903
2022-02-18T05:00:00.0;0.0333051697621524
2022-02-18T06:00:00.0;0.03443241917928255
2022-02-18T07:00:00.0;0.03566781427078253
2022-02-18T08:00:00.0;0.035447754627769404
2022-02-18T09:00:00.0;0.033774962203116994
2022-02-18T10:00:00.0;0.031792708383193514
2022-02-18T11:00:00.0;0.0306535704459015
2022-02-18T12:00:00.0;0.0300913642158975
2022-02-18T13:00:00.0;0.029933135908257066
2022-02-18T14:00:00.0;0.03054227746530894
2022-02-18T15:00:00.0;0.03253612184249676
2022-02-18T16:00:00.0;0.03565242689801615
2022-02-18T17:00:00.0;0.03994468864882177
2022-02-18T18:00:00.0;0.04262911517543776
2022-02-18T19:00:00.0;0.042390457934548466
2022-02-18T20:00:00.0;0.04267419802609583
2022-02-18T21:00:00.0;0.04188438798690354
2022-02-18T22:00:00.0;0.040465259653393704
2022-02-18T23:00:00.0;0.03879386594485269
2022-02-19T00:00:00.0;0.037050974613753354
2022-02-19T01:00:00.0;0.035340500074974183
2022-02-19T02:00:00.0;0.033825746949986406
2022-02-19T03:00:00.0;0.03238218291564824
2022-02-19T04:00:00.0;0.03111497133006505
2022-02-19T05:00:00.0;0.030442937846176032
2022-02-19T06:00:00.0;0.03104424456093052
2022-02-19T07:00:00.0;0.03181320356053107
2022-02-19T08:00:00.0;0.031106518601875747
2022-02-19T09:00:00.0;0.029036592552390078
2022-02-19T10:00:00.0;0.026957410088911306
2022-02-19T11:00:00.0;0.025967716674591926
2022-02-19T12:00:00.0;0.025473444595357733
2022-02-19T13:00:00.0;0.025758241593248007
2022-02-19T14:00:00.0;0.02737927153978732
2022-02-19T15:00:00.0;0.030195132453313935
2022-02-19T16:00:00.0;0.03443874601037305
2022-02-19T17:00:00.0;0.0359528242108507
2022-02-19T18:00:00.0;0.03800287925565283
2022-02-19T19:00:00.0;0.03858191684658933
2022-02-19T20:00:00.0;0.03834052395941568
2022-02-19T21:00:00.0;0.040636846651138744
2022-02-19T22:00:00.0;0.03918419864281131
2022-02-19T23:00:00.0;0.037744064870076144
2022-02-20T00:00:00.0;0.03839258767636819
2022-02-20T01:00:00.0;0.03663752427547882
2022-02-20T02:00:00.0;0.035106249294576675
2022-02-20T03:00:00.0;0.03367343137218444
2022-02-20T04:00:00.0;0.032469160333479054
2022-02-20T05:00:00.0;0.031994742683020924
2022-02-20T06:00:00.0;0.03293861566166959
2022-02-20T07:00:00.0;0.03432928252493312
2022-02-20T08:00:00.0;0.03433983463655771
2022-02-20T09:00:00.0;0.032806978201299235
2022-02-20T10:00:00.0;0.03089853978362321
2022-02-20T11:00:00.0;0.029855066524810087
2022-02-20T12:00:00.0;0.029296564667978288
2022-02-20T13:00:00.0;0.029324461993795032
2022-02-20T14:00:00.0;0.030350233202277695
2022-02-20T15:00:00.0;0.03265861906063519
2022-02-20T16:00:00.0;0.03619183635053902
2022-02-20T17:00:00.0;0.0390564913562491
2022-02-20T18:00:00.0;0.041154445664107225
2022-02-20T19:00:00.0;0.041803028863169715
2022-02-20T20:00:00.0;0.04158734933628809
2022-02-20T21:00:00.0;0.04247800851520905
2022-02-20T22:00:00.0;0.04098472452829045
2022-02-20T23:00:00.0;0.039435762443022306
2022-02-21T00:00:00.0;0.039375909974270505
2022-02-21T01:00:00.0;0.03760800927242078
2022-02-21T02:00:00.0;0.036095684213532014
2022-02-21T03:00:00.0;0.03470195665629752
2022-02-21T04:00:00.0;0.0336424376741621
2022-02-21T05:00:00.0;0.03356497152205117
2022-02-21T06:00:00.0;0.03479843758468578
2022-02-21T07:00:00.0;0.03645179748870361
2022-02-21T08:00:00.0;0.03673767908480681
2022-02-21T09:00:00.0;0.03542862779949734
2022-02-21T10:00:00.0;0.03357554539470013
2022-02-21T11:00:00.0;0.032450589086000015
2022-02-21T12:00:00.0;0.03185431285315162
2022-02-21T13:00:00.0;0.031638856958464565
2022-02-21T14:00:00.0;0.03210864257348526
2022-02-21T15:00:00.0;0.03396492742019261
2022-02-21T16:00:00.0;0.03687786955072138
2022-02-21T17:00:00.0;0.04126377226400919
2022-02-21T18:00:00.0;0.04370428272725576
2022-02-21T19:00:00.0;0.04391373871402182
2022-02-21T20:00:00.0;0.0439813701638617
2022-02-21T21:00:00.0;0.04318390388344489
2022-02-21T22:00:00.0;0.0417079238487102
2022-02-21T23:00:00.0;0.040032397288146775
2022-02-22T00:00:00.0;0.03952269273151951
2022-02-22T01:00:00.0;0.03777946196027486
2022-02-22T02:00:00.0;0.03625230441226327
2022-02-22T03:00:00.0;0.03480157995452644
2022-02-22T04:00:00.0;0.03364419862533532
2022-02-22T05:00:00.0;0.033312544742701046
2022-02-22T06:00:00.0;0.03356569199099241
2022-02-22T07:00:00.0;0.03511597880294352
2022-02-22T08:00:00.0;0.036203041013289326
2022-02-22T09:00:00.0;0.03492095468002029
2022-02-22T10:00:00.0;0.03315151844835427
2022-02-22T11:00:00.0;0.032069458533863074
2022-02-22T12:00:00.0;0.03156757535294831
2022-02-22T13:00:00.0;0.03158014662893248
2022-02-22T14:00:00.0;0.0321414700191493
2022-02-22T15:00:00.0;0.033992866481889546
2022-02-22T16:00:00.0;0.036961837617253586
2022-02-22T17:00:00.0;0.04027530671142172
2022-02-22T18:00:00.0;0.04259519620950223
2022-02-22T19:00:00.0;0.04372278212838586
2022-02-22T20:00:00.0;0.043933770711911395
2022-02-22T21:00:00.0;0.04331538871748858
2022-02-22T22:00:00.0;0.041816232869051916
2022-02-22T23:00:00.0;0.040035976377392785
2022-02-23T00:00:00.0;0.03790242772000459
2022-02-23T01:00:00.0;0.03620979024061447
2022-02-23T02:00:00.0;0.03474788502936532
2022-02-23T03:00:00.0;0.03332852004591911
2022-02-23T04:00:00.0;0.03228450282792662
2022-02-23T05:00:00.0;0.032134030521993755
2022-02-23T06:00:00.0;0.031657678794000395
2022-02-23T07:00:00.0;0.03204861812219737
2022-02-23T08:00:00.0;0.032201492669208305
2022-02-23T09:00:00.0;0.030104690185338193
2022-02-23T10:00:00.0;0.027904433649720974
2022-02-23T11:00:00.0;0.026699223233518286
2022-02-23T12:00:00.0;0.026386046308599583
2022-02-23T13:00:00.0;0.02676818720921986
2022-02-23T14:00:00.0;0.02793886916132674
2022-02-23T15:00:00.0;0.03023161569917328
2022-02-23T16:00:00.0;0.033823823994393244
2022-02-23T17:00:00.0;0.036774870660985684
2022-02-23T18:00:00.0;0.03940068524260935
2022-02-23T19:00:00.0;0.03969371237019187
2022-02-23T20:00:00.0;0.04043682361979696
2022-02-23T21:00:00.0;0.03992980722356893
2022-02-23T22:00:00.0;0.038849348204221354
2022-02-23T23:00:00.0;0.03708463281320192
2022-02-24T00:00:00.0;0.03866269720592618
2022-02-24T01:00:00.0;0.03692082870467533
2022-02-24T02:00:00.0;0.03542093121088032
2022-02-24T03:00:00.0;0.0340251534842
2022-02-24T04:00:00.0;0.03294374655019626
2022-02-24T05:00:00.0;0.03279080797004149
2022-02-24T06:00:00.0;0.033846681847623544
2022-02-24T07:00:00.0;0.03514689283311068
2022-02-24T08:00:00.0;0.035022108524712874
2022-02-24T09:00:00.0;0.03340761870036601
2022-02-24T10:00:00.0;0.031455578509215834
2022-02-24T11:00:00.0;0.030354276183302133
2022-02-24T12:00:00.0;0.029793236529083236
2022-02-24T13:00:00.0;0.029707889981112005
2022-02-24T14:00:00.0;0.030480075374976965
2022-02-24T15:00:00.0;0.03259673345687495
2022-02-24T16:00:00.0;0.03587564183315078
2022-02-24T17:00:00.0;0.03960591397237456
2022-02-24T18:00:00.0;0.042057035756569654
2022-02-24T19:00:00.0;0.04217201409828603
2022-02-24T20:00:00.0;0.04225700746159553
2022-02-24T21:00:00.0;0.04212961295337216
2022-02-24T22:00:00.0;0.040680760451659116
2022-02-24T23:00:00.0;0.03905759660911662
2022-02-25T00:00:00.0;0.03710110614599618
2022-02-25T01:00:00.0;0.03543045179880298
2022-02-25T02:00:00.0;0.03398001599511596
2022-02-25T03:00:00.0;0.0326021115143141
2022-02-25T04:00:00.0;0.03154343327269832
2022-02-25T05:00:00.0;0.03140586155577453
2022-02-25T06:00:00.0;0.032100485174842944
2022-02-25T07:00:00.0;0.03248921660751184
2022-02-25T08:00:00.0;0.031285910158832496
2022-02-25T09:00:00.0;0.02888098612734959
2022-02-25T10:00:00.0;0.026662278510162216
2022-02-25T11:00:00.0;0.025582630689943788
2022-02-25T12:00:00.0;0.025105406312523906
2022-02-25T13:00:00.0;0.02526548994708237
2022-02-25T14:00:00.0;0.02661403276719863
2022-02-25T15:00:00.0;0.02924336049376025
2022-02-25T16:00:00.0;0.03325220552653289
2022-02-25T17:00:00.0;0.0359276326419773
2022-02-25T18:00:00.0;0.03862224779207728
2022-02-25T19:00:00.0;0.03817925281279128
2022-02-25T20:00:00.0;0.038491725700639925
2022-02-25T21:00:00.0;0.03936016770120145
2022-02-25T22:00:00.0;0.03800444551812623
2022-02-25T23:00:00.0;0.03646240280723691
2022-02-26T00:00:00.0;0.03645796168094965
2022-02-26T01:00:00.0;0.034843508031427786
2022-02-26T02:00:00.0;0.033409074089783795
2022-02-26T03:00:00.0;0.03183308305913132
2022-02-26T04:00:00.0;0.030857357180085615
2022-02-26T05:00:00.0;0.028582881725252397
2022-02-26T06:00:00.0;0.02805023054667478
2022-02-26T07:00:00.0;0.0274414120782419
2022-02-26T08:00:00.0;0.026407331902794096
2022-02-26T09:00:00.0;0.025566255627073754
2022-02-26T10:00:00.0;0.02325574130832859
2022-02-26T11:00:00.0;0.022481028024178264
2022-02-26T12:00:00.0;0.022914390922503802
2022-02-26T13:00:00.0;0.024266869603347837
2022-02-26T14:00:00.0;0.02631505181307827
2022-02-26T15:00:00.0;0.0266289372245919
2022-02-26T16:00:00.0;0.030725095392879785
2022-02-26T17:00:00.0;0.03269622635327688
2022-02-26T18:00:00.0;0.03526102517982454
2022-02-26T19:00:00.0;0.03675381264308915
2022-02-26T20:00:00.0;0.037109301928792464
2022-02-26T21:00:00.0;0.036479437900108845
2022-02-26T22:00:00.0;0.03548186135710518
2022-02-26T23:00:00.0;0.03376121925042469
2022-02-27T00:00:00.0;0.036437961515717474
2022-02-27T01:00:00.0;0.034777122360807114
2022-02-27T02:00:00.0;0.0333396894492626
2022-02-27T03:00:00.0;0.031904403131642084
2022-02-27T04:00:00.0;0.030839717598188807
2022-02-27T05:00:00.0;0.030536644248998917
2022-02-27T06:00:00.0;0.029145767864362817
2022-02-27T07:00:00.0;0.028649856407621712
2022-02-27T08:00:00.0;0.028367366282284177
2022-02-27T09:00:00.0;0.025700801804877042
2022-02-27T10:00:00.0;0.02319650469603964
2022-02-27T11:00:00.0;0.021933576928577246
2022-02-27T12:00:00.0;0.021802850518231352
2022-02-27T13:00:00.0;0.022629510633262833
2022-02-27T14:00:00.0;0.024506462747492054
2022-02-27T15:00:00.0;0.027290887769068156
2022-02-27T16:00:00.0;0.031576785515753415
2022-02-27T17:00:00.0;0.033396871155270784
2022-02-27T18:00:00.0;0.03595844189456191
2022-02-27T19:00:00.0;0.03619167177125061
2022-02-27T20:00:00.0;0.037175091564370606
2022-02-27T21:00:00.0;0.03751286568497054
2022-02-27T22:00:00.0;0.0367581908169975
2022-02-27T23:00:00.0;0.035035682137865544
2022-02-28T00:00:00.0;0.03613269922454308
2022-02-28T01:00:00.0;0.0344653483007043
2022-02-28T02:00:00.0;0.033077021584875826
2022-02-28T03:00:00.0;0.031710119216019766
2022-02-28T04:00:00.0;0.03090018023270656
2022-02-28T05:00:00.0;0.03055165095832266
2022-02-28T06:00:00.0;0.030989063796073975
2022-02-28T07:00:00.0;0.030434676745052524
2022-02-28T08:00:00.0;0.02841521611889988
2022-02-28T09:00:00.0;0.026126228761533025
2022-02-28T10:00:00.0;0.023487434176340645
2022-02-28T11:00:00.0;0.02228269387269051
2022-02-28T12:00:00.0;0.022194090016426714
2022-02-28T13:00:00.0;0.022802171807141478
2022-02-28T14:00:00.0;0.024533412452671582
2022-02-28T15:00:00.0;0.026507135266396253
2022-02-28T16:00:00.0;0.030609806002222805
2022-02-28T17:00:00.0;0.03449964624989885
2022-02-28T18:00:00.0;0.03748447690456228
2022-02-28T19:00:00.0;0.03629033053515873
2022-02-28T20:00:00.0;0.03704897583448221
2022-02-28T21:00:00.0;0.036373156153730116
2022-02-28T22:00:00.0;0.035617679501767724
2022-02-28T23:00:00.0;0.03403156472068244
2022-03-01T00:00:00.0;0.03668344120373947
2022-03-01T01:00:00.0;0.0349791315703759
2022-03-01T02:00:00.0;0.03356328170117731
2022-03-01T03:00:00.0;0.03202598990524012
2022-03-01T04:00:00.0;0.030935170447434997
2022-03-01T05:00:00.0;0.028520737538209003
2022-03-01T06:00:00.0;0.027815276533199984
2022-03-01T07:00:00.0;0.026963109801719273
2022-03-01T08:00:00.0;0.02585441313895055
2022-03-01T09:00:00.0;0.025462046665873546
2022-03-01T10:00:00.0;0.023796704056464554
2022-03-01T11:00:00.0;0.02335653143749786
2022-03-01T12:00:00.0;0.023951875344851787
2022-03-01T13:00:00.0;0.023772439518514703
2022-03-01T14:00:00.0;0.02692831059441557
2022-03-01T15:00:00.0;0.02553283536014897
2022-03-01T16:00:00.0;0.02922943502275736
2022-03-01T17:00:00.0;0.030898734880969603
2022-03-01T18:00:00.0;0.03351434185811849
2022-03-01T19:00:00.0;0.03508277048315089
2022-03-01T20:00:00.0;0.035558138832406404
2022-03-01T21:00:00.0;0.03702315039866737
2022-03-01T22:00:00.0;0.035730051911950084
2022-03-01T23:00:00.0;0.033946455285621055
2022-03-02T00:00:00.0;0.03631451317060105
2022-03-02T01:00:00.0;0.03472422331024267
2022-03-02T02:00:00.0;0.03330220435622543
2022-03-02T03:00:00.0;0.03171412861114647
2022-03-02T04:00:00.0;0.030774264061394243
2022-03-02T05:00:00.0;0.02820481616267437
2022-03-02T06:00:00.0;0.027989507630177136
2022-03-02T07:00:00.0;0.027284771662309536
2022-03-02T08:00:00.0;0.025822609652847592
2022-03-02T09:00:00.0;0.0251886269451427
2022-03-02T10:00:00.0;0.022899101267124543
2022-03-02T11:00:00.0;0.02223384357705812
2022-03-02T12:00:00.0;0.022745583080342982
2022-03-02T13:00:00.0;0.02414731143111006
2022-03-02T14:00:00.0;0.026226925470667364
2022-03-02T15:00:00.0;0.026133764744583145
2022-03-02T16:00:00.0;0.030254625959946935
2022-03-02T17:00:00.0;0.03224858231448219
2022-03-02T18:00:00.0;0.034928997464994525
2022-03-02T19:00:00.0;0.03642670738202966
2022-03-02T20:00:00.0;0.036683290631650274
2022-03-02T21:00:00.0;0.035968897219071136
2022-03-02T22:00:00.0;0.034872145017531296
2022-03-02T23:00:00.0;0.03317101881985301
2022-03-03T00:00:00.0;0.03448511202468961
2022-03-03T01:00:00.0;0.032995703487568744
2022-03-03T02:00:00.0;0.031660452585533835
2022-03-03T03:00:00.0;0.030345454074998866
2022-03-03T04:00:00.0;0.029376864050701557
2022-03-03T05:00:00.0;0.028424120131554098
2022-03-03T06:00:00.0;0.027449304033991782
2022-03-03T07:00:00.0;0.026782535175680276
2022-03-03T08:00:00.0;0.026092456232412204
2022-03-03T09:00:00.0;0.02443489269368734
2022-03-03T10:00:00.0;0.02425196527239152
2022-03-03T11:00:00.0;0.0232139884356364
2022-03-03T12:00:00.0;0.023329161781287924
2022-03-03T13:00:00.0;0.02408387526237856
2022-03-03T14:00:00.0;0.026085004826814112
2022-03-03T15:00:00.0;0.027769963987748735
2022-03-03T16:00:00.0;0.031312577707763946
2022-03-03T17:00:00.0;0.03173356442810934
2022-03-03T18:00:00.0;0.03434865337116468
2022-03-03T19:00:00.0;0.03638004998311269
2022-03-03T20:00:00.0;0.03746817045437552
2022-03-03T21:00:00.0;0.03720651878657755
2022-03-03T22:00:00.0;0.036462806563053625
2022-03-03T23:00:00.0;0.034751451058186104
2022-03-04T00:00:00.0;0.03449800796593632
2022-03-04T01:00:00.0;0.03301199761049595
2022-03-04T02:00:00.0;0.03167764020791248
2022-03-04T03:00:00.0;0.03034976470820386
2022-03-04T04:00:00.0;0.02939485544061256
2022-03-04T05:00:00.0;0.02828802441560611
2022-03-04T06:00:00.0;0.02745893304803427
2022-03-04T07:00:00.0;0.026763794343583256
2022-03-04T08:00:00.0;0.025899035389899377
2022-03-04T09:00:00.0;0.024351906789926814
2022-03-04T10:00:00.0;0.024104199440953898
2022-03-04T11:00:00.0;0.023114074866046226
2022-03-04T12:00:00.0;0.023268610670476485
2022-03-04T13:00:00.0;0.024060258957868872
2022-03-04T14:00:00.0;0.026075157610215293
2022-03-04T15:00:00.0;0.02756172602262338
2022-03-04T16:00:00.0;0.03113016502483137
2022-03-04T17:00:00.0;0.03163028313058389
2022-03-04T18:00:00.0;0.0342814251041872
2022-03-04T19:00:00.0;0.03629008532497524
2022-03-04T20:00:00.0;0.037311171369836645
2022-03-04T21:00:00.0;0.03700361094498272
2022-03-04T22:00:00.0;0.03621811978402752
2022-03-04T23:00:00.0;0.03451567727696673
2022-03-05T00:00:00.0;0.034996620244530555
2022-03-05T01:00:00.0;0.03348924290172923
2022-03-05T02:00:00.0;0.03213236775955943
2022-03-05T03:00:00.0;0.030745704071226832
2022-03-05T04:00:00.0;0.02976924859243193
2022-03-05T05:00:00.0;0.028473368948476664
2022-03-05T06:00:00.0;0.027480096157263913
2022-03-05T07:00:00.0;0.026772603808638946
2022-03-05T08:00:00.0;0.026033521986722867
2022-03-05T09:00:00.0;0.024525668671839487
2022-03-05T10:00:00.0;0.02380283780275756
2022-03-05T11:00:00.0;0.02285088047773777
2022-03-05T12:00:00.0;0.023053564477171565
2022-03-05T13:00:00.0;0.023978473315518892
2022-03-05T14:00:00.0;0.02598665769341713
2022-03-05T15:00:00.0;0.027325578603682225
2022-03-05T16:00:00.0;0.031032036097412723
2022-03-05T17:00:00.0;0.03166200563236561
2022-03-05T18:00:00.0;0.03431879191604853
2022-03-05T19:00:00.0;0.036277818352969074
2022-03-05T20:00:00.0;0.037234484025556916
2022-03-05T21:00:00.0;0.03689912014953809
2022-03-05T22:00:00.0;0.03605174571522169
2022-03-05T23:00:00.0;0.03431757797318908
2022-03-06T00:00:00.0;0.03636528469146741
2022-03-06T01:00:00.0;0.03458886347249578
2022-03-06T02:00:00.0;0.0332251522043606
2022-03-06T03:00:00.0;0.03193331629675962
2022-03-06T04:00:00.0;0.03094608836398946
2022-03-06T05:00:00.0;0.030848440091482802
2022-03-06T06:00:00.0;0.030771810204428724
2022-03-06T07:00:00.0;0.02989209975211078
2022-03-06T08:00:00.0;0.02796240231269572
2022-03-06T09:00:00.0;0.025757987576967345
2022-03-06T10:00:00.0;0.023893207833026307
2022-03-06T11:00:00.0;0.02301711536675757
2022-03-06T12:00:00.0;0.023003733333328655
2022-03-06T13:00:00.0;0.02160379984916929
2022-03-06T14:00:00.0;0.024692707928940495
2022-03-06T15:00:00.0;0.025129728387387952
2022-03-06T16:00:00.0;0.028824673951524125
2022-03-06T17:00:00.0;0.032058727898915645
2022-03-06T18:00:00.0;0.03513470583561492
2022-03-06T19:00:00.0;0.03383039564878169
2022-03-06T20:00:00.0;0.03490543028571959
2022-03-06T21:00:00.0;0.037176900239646114
2022-03-06T22:00:00.0;0.03606556999598287
2022-03-06T23:00:00.0;0.03439221305395528
2022-03-07T00:00:00.0;0.033890881073811226
2022-03-07T01:00:00.0;0.03245331539892656
2022-03-07T02:00:00.0;0.031157268015039336
2022-03-07T03:00:00.0;0.02986278301272866
2022-03-07T04:00:00.0;0.02901335621489423
2022-03-07T05:00:00.0;0.027451445862571065
2022-03-07T06:00:00.0;0.02778705119876989
2022-03-07T07:00:00.0;0.02707112560904653
2022-03-07T08:00:00.0;0.025104607540716938
2022-03-07T09:00:00.0;0.02410228057129881
2022-03-07T10:00:00.0;0.02432282192402947
2022-03-07T11:00:00.0;0.023524964215013922
2022-03-07T12:00:00.0;0.02377156047056954
2022-03-07T13:00:00.0;0.024473383095298958
2022-03-07T14:00:00.0;0.02649667741181815
2022-03-07T15:00:00.0;0.02718026024944145
2022-03-07T16:00:00.0;0.030598558272244978
2022-03-07T17:00:00.0;0.03141152787288938
2022-03-07T18:00:00.0;0.0342450503392482
2022-03-07T19:00:00.0;0.03618564841674392
2022-03-07T20:00:00.0;0.03692187285909687
2022-03-07T21:00:00.0;0.03639801871817106
2022-03-07T22:00:00.0;0.0354514138514582
2022-03-07T23:00:00.0;0.033851599454530965
2022-03-08T00:00:00.0;0.03592343313567904
2022-03-08T01:00:00.0;0.034346369637685496
2022-03-08T02:00:00.0;0.03299523863434667
2022-03-08T03:00:00.0;0.031733141828551026
2022-03-08T04:00:00.0;0.030879434184381827
2022-03-08T05:00:00.0;0.03103278788710672
2022-03-08T06:00:00.0;0.03141471911859272
2022-03-08T07:00:00.0;0.031213854253731445
2022-03-08T08:00:00.0;0.02972696945827839
2022-03-08T09:00:00.0;0.027314672936199064
2022-03-08T10:00:00.0;0.025992082693952628
2022-03-08T11:00:00.0;0.024808600049442877
2022-03-08T12:00:00.0;0.02449984962890724
2022-03-08T13:00:00.0;0.02465833152317656
2022-03-08T14:00:00.0;0.026026171245315807
2022-03-08T15:00:00.0;0.028330284453387637
2022-03-08T16:00:00.0;0.031893163314968026
2022-03-08T17:00:00.0;0.03473792484909931
2022-03-08T18:00:00.0;0.037842813984397206
2022-03-08T19:00:00.0;0.03743885341413544
2022-03-08T20:00:00.0;0.03844633386852894
2022-03-08T21:00:00.0;0.037861469920302766
2022-03-08T22:00:00.0;0.03686521261420368
2022-03-08T23:00:00.0;0.03522357645882026
2022-03-09T00:00:00.0;0.03331570400686859
2022-03-09T01:00:00.0;0.03189203284908968
2022-03-09T02:00:00.0;0.030628446856582014
2022-03-09T03:00:00.0;0.02947285579955336
2022-03-09T04:00:00.0;0.028610126794731246
2022-03-09T05:00:00.0;0.028326514809431692
2022-03-09T06:00:00.0;0.02801226436092656
2022-03-09T07:00:00.0;0.027256793775769346
2022-03-09T08:00:00.0;0.025800838818927804
2022-03-09T09:00:00.0;0.0237678671319258
2022-03-09T10:00:00.0;0.02449547578235073
2022-03-09T11:00:00.0;0.02337362044700583
2022-03-09T12:00:00.0;0.023316417165322997
2022-03-09T13:00:00.0;0.023655671370176753
2022-03-09T14:00:00.0;0.025590248910523333
2022-03-09T15:00:00.0;0.027708606620487432
2022-03-09T16:00:00.0;0.031005792554119182
2022-03-09T17:00:00.0;0.03144947043587234
2022-03-09T18:00:00.0;0.03432233885002346
2022-03-09T19:00:00.0;0.03584593750697879
2022-03-09T20:00:00.0;0.03716951184771133
2022-03-09T21:00:00.0;0.036900885059242015
2022-03-09T22:00:00.0;0.03621578252528567
2022-03-09T23:00:00.0;0.03459010155605156
2022-03-10T00:00:00.0;0.03473992071233488
2022-03-10T01:00:00.0;0.033278905022083104
2022-03-10T02:00:00.0;0.03194845654301634
2022-03-10T03:00:00.0;0.03066293710423077
2022-03-10T04:00:00.0;0.029645043355046773
2022-03-10T05:00:00.0;0.029127257924475198
2022-03-10T06:00:00.0;0.027742917508516155
2022-03-10T07:00:00.0;0.027207751552054796
2022-03-10T08:00:00.0;0.02704680710016695
2022-03-10T09:00:00.0;0.025030697753892054
2022-03-10T10:00:00.0;0.025119279276889648
2022-03-10T11:00:00.0;0.024039639580926715
2022-03-10T12:00:00.0;0.024004204475573165
2022-03-10T13:00:00.0;0.0245724502048519
2022-03-10T14:00:00.0;0.02636265413535011
2022-03-10T15:00:00.0;0.02849752619014395
2022-03-10T16:00:00.0;0.031905234019445596
2022-03-10T17:00:00.0;0.03180962511257677
2022-03-10T18:00:00.0;0.034519746803060844
2022-03-10T19:00:00.0;0.036740034886897144
2022-03-10T20:00:00.0;0.038066009433802075
2022-03-10T21:00:00.0;0.0379228303111235
2022-03-10T22:00:00.0;0.03706048937656175
2022-03-10T23:00:00.0;0.035279126806409135
2022-03-11T00:00:00.0;0.037410725276139735
2022-03-11T01:00:00.0;0.03575111466514597
2022-03-11T02:00:00.0;0.03433025806699515
2022-03-11T03:00:00.0;0.03298839199231765
2022-03-11T04:00:00.0;0.03205026640870937
2022-03-11T05:00:00.0;0.0322293460970058
2022-03-11T06:00:00.0;0.03304443247628949
2022-03-11T07:00:00.0;0.03336916704365225
2022-03-11T08:00:00.0;0.03206221980152186
2022-03-11T09:00:00.0;0.029598651298657262
2022-03-11T10:00:00.0;0.027344317589184892
2022-03-11T11:00:00.0;0.026207033466101398
2022-03-11T12:00:00.0;0.025724986910071627
2022-03-11T13:00:00.0;0.025766586526155544
2022-03-11T14:00:00.0;0.02684906866546917
2022-03-11T15:00:00.0;0.029275108854504194
2022-03-11T16:00:00.0;0.03301293053455077
2022-03-11T17:00:00.0;0.036571307793066825
2022-03-11T18:00:00.0;0.03960751663171663
2022-03-11T19:00:00.0;0.03865366310205632
2022-03-11T20:00:00.0;0.0392563970718742
2022-03-11T21:00:00.0;0.03909317264808803
2022-03-11T22:00:00.0;0.03777869660835115
2022-03-11T23:00:00.0;0.03616122370141053
2022-03-12T00:00:00.0;0.03565685328580159
2022-03-12T01:00:00.0;0.03405539461628498
2022-03-12T02:00:00.0;0.03265592009970241
2022-03-12T03:00:00.0;0.03129978799459911
2022-03-12T04:00:00.0;0.03027869301542723
2022-03-12T05:00:00.0;0.03019767324846929
2022-03-12T06:00:00.0;0.030564658831744005
2022-03-12T07:00:00.0;0.03007798988684982
2022-03-12T08:00:00.0;0.027835155496783275
2022-03-12T09:00:00.0;0.024670668379587715
2022-03-12T10:00:00.0;0.022193610303897007
2022-03-12T11:00:00.0;0.02112692532165407
2022-03-12T12:00:00.0;0.020728780551548014
2022-03-12T13:00:00.0;0.021106605690402656
2022-03-12T14:00:00.0;0.022968096403593315
2022-03-12T15:00:00.0;0.026058110874779966
2022-03-12T16:00:00.0;0.030725318571641007
2022-03-12T17:00:00.0;0.032514398264672506
2022-03-12T18:00:00.0;0.0354858439195134
2022-03-12T19:00:00.0;0.034444493938854896
2022-03-12T20:00:00.0;0.03501176795693276
2022-03-12T21:00:00.0;0.036690737820216736
2022-03-12T22:00:00.0;0.03542905608427451
2022-03-12T23:00:00.0;0.03395417944200782
2022-03-13T00:00:00.0;0.03554759419149083
2022-03-13T01:00:00.0;0.03395136518495103
2022-03-13T02:00:00.0;0.032555738025078544
2022-03-13T03:00:00.0;0.0312012450685421
2022-03-13T04:00:00.0;0.03018296817375442
2022-03-13T05:00:00.0;0.030106162386431833
2022-03-13T06:00:00.0;0.030448352030942132
2022-03-13T07:00:00.0;0.029895507384702473
2022-03-13T08:00:00.0;0.027574095506484337
2022-03-13T09:00:00.0;0.02435218999158607
2022-03-13T10:00:00.0;0.02185560523924747
2022-03-13T11:00:00.0;0.02078991162477316
2022-03-13T12:00:00.0;0.02039774693185191
2022-03-13T13:00:00.0;0.020792058448964812
2022-03-13T14:00:00.0;0.02269238464960465
2022-03-13T15:00:00.0;0.025817270928455708
2022-03-13T16:00:00.0;0.030534309757070895
2022-03-13T17:00:00.0;0.03225620105921953
2022-03-13T18:00:00.0;0.035248510876485444
2022-03-13T19:00:00.0;0.034162019634236575
2022-03-13T20:00:00.0;0.03474850222257786
2022-03-13T21:00:00.0;0.03648895688368451
2022-03-13T22:00:00.0;0.035234377400213256
2022-03-13T23:00:00.0;0.033764593857459814
2022-03-14T00:00:00.0;0.036578887278283685
2022-03-14T01:00:00.0;0.03496525072861813
2022-03-14T02:00:00.0;0.033551500614568325
2022-03-14T03:00:00.0;0.03199547112815444
2022-03-14T04:00:00.0;0.0308697899930755
2022-03-14T05:00:00.0;0.028812321997616585
2022-03-14T06:00:00.0;0.027257063613508555
2022-03-14T07:00:00.0;0.026293391837812905
2022-03-14T08:00:00.0;0.02570348052446408
2022-03-14T09:00:00.0;0.024527094830531417
2022-03-14T10:00:00.0;0.022656922474054864
2022-03-14T11:00:00.0;0.022080172343528513
2022-03-14T12:00:00.0;0.022533423436235697
2022-03-14T13:00:00.0;0.022968910707061148
2022-03-14T14:00:00.0;0.025678927450007476
2022-03-14T15:00:00.0;0.025521827657397893
2022-03-14T16:00:00.0;0.02954040214675584
2022-03-14T17:00:00.0;0.03014951619674137
2022-03-14T18:00:00.0;0.032900967060511974
2022-03-14T19:00:00.0;0.034728749590122225
2022-03-14T20:00:00.0;0.03550778035152586
2022-03-14T21:00:00.0;0.03662074826013317
2022-03-14T22:00:00.0;0.035315916714246144
2022-03-14T23:00:00.0;0.033463155305330006
2022-03-15T00:00:00.0;0.036404136990937905
2022-03-15T01:00:00.0;0.034809502974586244
2022-03-15T02:00:00.0;0.03341258350559695
2022-03-15T03:00:00.0;0.03187454784904062
2022-03-15T04:00:00.0;0.03079476339090919
2022-03-15T05:00:00.0;0.028664769023414173
2022-03-15T06:00:00.0;0.027294435935621367
2022-03-15T07:00:00.0;0.026308737076757828
2022-03-15T08:00:00.0;0.025564731839375045
2022-03-15T09:00:00.0;0.02456163953911202
2022-03-15T10:00:00.0;0.022924078970214524
2022-03-15T11:00:00.0;0.022368610750003896
2022-03-15T12:00:00.0;0.022863399875163514
2022-03-15T13:00:00.0;0.023295119904821925
2022-03-15T14:00:00.0;0.0259628872771279
2022-03-15T15:00:00.0;0.025571099039896683
2022-03-15T16:00:00.0;0.02945228180111089
2022-03-15T17:00:00.0;0.03019088314822581
2022-03-15T18:00:00.0;0.033007771841308674
2022-03-15T19:00:00.0;0.0349091657642479
2022-03-15T20:00:00.0;0.03570962699002241
2022-03-15T21:00:00.0;0.0364840710309971
2022-03-15T22:00:00.0;0.035195987212216
2022-03-15T23:00:00.0;0.0333418626037375
2022-03-16T00:00:00.0;0.03693798517988346
2022-03-16T01:00:00.0;0.035415013531571136
2022-03-16T02:00:00.0;0.03400694605735644
2022-03-16T03:00:00.0;0.032586661059057165
2022-03-16T04:00:00.0;0.03144972582895852
2022-03-16T05:00:00.0;0.030932658621232345
2022-03-16T06:00:00.0;0.029063399348437425
2022-03-16T07:00:00.0;0.028969403374632843
2022-03-16T08:00:00.0;0.029791746836214068
2022-03-16T09:00:00.0;0.02764595767572379
2022-03-16T10:00:00.0;0.026615435943501117
2022-03-16T11:00:00.0;0.02559976346696474
2022-03-16T12:00:00.0;0.025452559682314666
2022-03-16T13:00:00.0;0.02604808800447575
2022-03-16T14:00:00.0;0.027399443227167225
2022-03-16T15:00:00.0;0.029548071028748808
2022-03-16T16:00:00.0;0.03306388964476918
2022-03-16T17:00:00.0;0.03329253984199463
2022-03-16T18:00:00.0;0.03607303653245087
2022-03-16T19:00:00.0;0.03819784029825454
2022-03-16T20:00:00.0;0.039423271726086465
2022-03-16T21:00:00.0;0.03924681767831846
2022-03-16T22:00:00.0;0.03799043739501023
2022-03-16T23:00:00.0;0.03606483464094337
2022-03-17T00:00:00.0;0.03396987016307679
2022-03-17T01:00:00.0;0.032469874002732005
2022-03-17T02:00:00.0;0.031120175407176095
2022-03-17T03:00:00.0;0.02981211048496348
2022-03-17T04:00:00.0;0.02875643845008947
2022-03-17T05:00:00.0;0.028392976229643107
2022-03-17T06:00:00.0;0.028365998261997438
2022-03-17T07:00:00.0;0.02742380081755486
2022-03-17T08:00:00.0;0.024903556157236714
2022-03-17T09:00:00.0;0.02171274968589673
2022-03-17T10:00:00.0;0.020210053907933793
2022-03-17T11:00:00.0;0.01922623919476663
2022-03-17T12:00:00.0;0.018948732183680414
2022-03-17T13:00:00.0;0.019464397506997494
2022-03-17T14:00:00.0;0.021767216714327582
2022-03-17T15:00:00.0;0.024938186779020544
2022-03-17T16:00:00.0;0.029724696228340702
2022-03-17T17:00:00.0;0.02975634195500404
2022-03-17T18:00:00.0;0.032645932943040745
2022-03-17T19:00:00.0;0.03253729106052288
2022-03-17T20:00:00.0;0.03323092402398074
2022-03-17T21:00:00.0;0.035647246426755756
2022-03-17T22:00:00.0;0.03446457888260686
2022-03-17T23:00:00.0;0.033035688024213715
2022-03-18T00:00:00.0;0.036389560616810264
2022-03-18T01:00:00.0;0.03486134612957709
2022-03-18T02:00:00.0;0.03344987957821995
2022-03-18T03:00:00.0;0.03196532693218029
2022-03-18T04:00:00.0;0.03079321978513519
2022-03-18T05:00:00.0;0.030087665205368905
2022-03-18T06:00:00.0;0.026878238559416203
2022-03-18T07:00:00.0;0.0260825682159551
2022-03-18T08:00:00.0;0.02722151160684624
2022-03-18T09:00:00.0;0.0247076643592546
2022-03-18T10:00:00.0;0.02310734884911811
2022-03-18T11:00:00.0;0.021994252630787425
2022-03-18T12:00:00.0;0.02206892819846255
2022-03-18T13:00:00.0;0.023186724037702038
2022-03-18T14:00:00.0;0.02504703764056551
2022-03-18T15:00:00.0;0.027479632475340767
2022-03-18T16:00:00.0;0.031500880393251676
2022-03-18T17:00:00.0;0.03100969370568372
2022-03-18T18:00:00.0;0.03367210580166558
2022-03-18T19:00:00.0;0.0359726042490697
2022-03-18T20:00:00.0;0.037517636774852474
2022-03-18T21:00:00.0;0.03754716193274897
2022-03-18T22:00:00.0;0.03664923935600558
2022-03-18T23:00:00.0;0.03465658613596864
2022-03-19T00:00:00.0;0.03583178880031951
2022-03-19T01:00:00.0;0.0342318916437912
2022-03-19T02:00:00.0;0.03287120978281588
2022-03-19T03:00:00.0;0.03156140541716937
2022-03-19T04:00:00.0;0.0307060488582633
2022-03-19T05:00:00.0;0.031024044621749465
2022-03-19T06:00:00.0;0.03140781026631815
2022-03-19T07:00:00.0;0.030712256347791764
2022-03-19T08:00:00.0;0.028313271425986112
2022-03-19T09:00:00.0;0.025043198029365544
2022-03-19T10:00:00.0;0.02243519185283618
2022-03-19T11:00:00.0;0.021243425701234074
2022-03-19T12:00:00.0;0.020884937444223737
2022-03-19T13:00:00.0;0.021199942764147647
2022-03-19T14:00:00.0;0.022846371705896023
2022-03-19T15:00:00.0;0.025737216062197355
2022-03-19T16:00:00.0;0.030129574146287967
2022-03-19T17:00:00.0;0.03312336893871506
2022-03-19T18:00:00.0;0.03646628196125396
2022-03-19T19:00:00.0;0.03470327860587413
2022-03-19T20:00:00.0;0.03568186122280067
2022-03-19T21:00:00.0;0.036009961526545835
2022-03-19T22:00:00.0;0.034946514746423664
2022-03-19T23:00:00.0;0.033384153845635985
2022-03-20T00:00:00.0;0.0349807275298138
2022-03-20T01:00:00.0;0.033412183924816825
2022-03-20T02:00:00.0;0.03203738262515184
2022-03-20T03:00:00.0;0.030692263034432198
2022-03-20T04:00:00.0;0.029691352755274802
2022-03-20T05:00:00.0;0.029643429077768957
2022-03-20T06:00:00.0;0.02985804266765552
2022-03-20T07:00:00.0;0.028956487379404
2022-03-20T08:00:00.0;0.0262204234397364
2022-03-20T09:00:00.0;0.022695887030458967
2022-03-20T10:00:00.0;0.020096049490147302
2022-03-20T11:00:00.0;0.019034328254173317
2022-03-20T12:00:00.0;0.018673448845203125
2022-03-20T13:00:00.0;0.01915176338220837
2022-03-20T14:00:00.0;0.021250246556788168
2022-03-20T15:00:00.0;0.024553826055078616
2022-03-20T16:00:00.0;0.029526629897511807
2022-03-20T17:00:00.0;0.030914722107622063
2022-03-20T18:00:00.0;0.03402384044592709
2022-03-20T19:00:00.0;0.032689499282295184
2022-03-20T20:00:00.0;0.033383004029589124
2022-03-20T21:00:00.0;0.03542414410120021
2022-03-20T22:00:00.0;0.03420772401404492
2022-03-20T23:00:00.0;0.03276306197790873
2022-03-21T00:00:00.0;0.036454999463146676
2022-03-21T01:00:00.0;0.03493451917992446
2022-03-21T02:00:00.0;0.03352668694812651
2022-03-21T03:00:00.0;0.031927950493925474
2022-03-21T04:00:00.0;0.03090886894100587
2022-03-21T05:00:00.0;0.02867413561307761
2022-03-21T06:00:00.0;0.027226277922815855
2022-03-21T07:00:00.0;0.02625909076312901
2022-03-21T08:00:00.0;0.025537831786626608
2022-03-21T09:00:00.0;0.02425883846378395
2022-03-21T10:00:00.0;0.02204278750477411
2022-03-21T11:00:00.0;0.02137149033599328
2022-03-21T12:00:00.0;0.021826883634113097
2022-03-21T13:00:00.0;0.023269174602121273
2022-03-21T14:00:00.0;0.02527971491932916
2022-03-21T15:00:00.0;0.02571071000489996
2022-03-21T16:00:00.0;0.029933375613602983
2022-03-21T17:00:00.0;0.03061514370005515
2022-03-21T18:00:00.0;0.03352951306363638
2022-03-21T19:00:00.0;0.03547056143972629
2022-03-21T20:00:00.0;0.03622894713999238
2022-03-21T21:00:00.0;0.03575476018379722
2022-03-21T22:00:00.0;0.034520128349501404
2022-03-21T23:00:00.0;0.03266291245447467
2022-03-22T00:00:00.0;0.0363703993886677
2022-03-22T01:00:00.0;0.0348576987836572
2022-03-22T02:00:00.0;0.033455364543139195
2022-03-22T03:00:00.0;0.031851058384616146
2022-03-22T04:00:00.0;0.030856179116155128
2022-03-22T05:00:00.0;0.028444310089463017
2022-03-22T06:00:00.0;0.027247420633592215
2022-03-22T07:00:00.0;0.026248337633138004
2022-03-22T08:00:00.0;0.025252345192581932
2022-03-22T09:00:00.0;0.024126099816986855
2022-03-22T10:00:00.0;0.02191591750239068
2022-03-22T11:00:00.0;0.021302169855481966
2022-03-22T12:00:00.0;0.021802373378355902
2022-03-22T13:00:00.0;0.02326756258246935
2022-03-22T14:00:00.0;0.025299290954504835
2022-03-22T15:00:00.0;0.025481537556254263
2022-03-22T16:00:00.0;0.029710049344971557
2022-03-22T17:00:00.0;0.030494572849824795
2022-03-22T18:00:00.0;0.03345309286508595
2022-03-22T19:00:00.0;0.03536601868584248
2022-03-22T20:00:00.0;0.03603804013424432
2022-03-22T21:00:00.0;0.03550310298903252
2022-03-22T22:00:00.0;0.03422625072161579
2022-03-22T23:00:00.0;0.03239002727924604
2022-03-23T00:00:00.0;0.03616499504782872
2022-03-23T01:00:00.0;0.03466624046243419
2022-03-23T02:00:00.0;0.033275861989841365
2022-03-23T03:00:00.0;0.03165922240117971
2022-03-23T04:00:00.0;0.030725436612015305
2022-03-23T05:00:00.0;0.02788106831143485
2022-03-23T06:00:00.0;0.02734225552801969
2022-03-23T07:00:00.0;0.026284575779216512
2022-03-23T08:00:00.0;0.024604537193714505
2022-03-23T09:00:00.0;0.023872537170089025
2022-03-23T10:00:00.0;0.021671631613687223
2022-03-23T11:00:00.0;0.021192262266715552
2022-03-23T12:00:00.0;0.021800183243657238
2022-03-23T13:00:00.0;0.02331627291208935
2022-03-23T14:00:00.0;0.025401469416977056
2022-03-23T15:00:00.0;0.024973131519728544
2022-03-23T16:00:00.0;0.029209175196396094
2022-03-23T17:00:00.0;0.030311385336164346
2022-03-23T18:00:00.0;0.03335874283472318
2022-03-23T19:00:00.0;0.03517969147223354
2022-03-23T20:00:00.0;0.035620613444468326
2022-03-23T21:00:00.0;0.034929854191836585
2022-03-23T22:00:00.0;0.03356291942810269
2022-03-23T23:00:00.0;0.03178490738358743
2022-03-24T00:00:00.0;0.03619436521828572
2022-03-24T01:00:00.0;0.03469775582281492
2022-03-24T02:00:00.0;0.033306834470400774
2022-03-24T03:00:00.0;0.03169096222683881
2022-03-24T04:00:00.0;0.030746488162521336
2022-03-24T05:00:00.0;0.02796599129728007
2022-03-24T06:00:00.0;0.02729226410636115
2022-03-24T07:00:00.0;0.026227181141766878
2022-03-24T08:00:00.0;0.024659196326174002
2022-03-24T09:00:00.0;0.023851242814696996
2022-03-24T10:00:00.0;0.02165317469402648
2022-03-24T11:00:00.0;0.02115907043042159
2022-03-24T12:00:00.0;0.02175249309460704
2022-03-24T13:00:00.0;0.023265236741206414
2022-03-24T14:00:00.0;0.02534109236881807
2022-03-24T15:00:00.0;0.02500561831861401
2022-03-24T16:00:00.0;0.02924616452426735
2022-03-24T17:00:00.0;0.03024583233287815
2022-03-24T18:00:00.0;0.0332958613936261
2022-03-24T19:00:00.0;0.03514980724893983
2022-03-24T20:00:00.0;0.035641705217586125
2022-03-24T21:00:00.0;0.034980197601644586
2022-03-24T22:00:00.0;0.033615736732665595
2022-03-24T23:00:00.0;0.031823335517787585
2022-03-25T00:00:00.0;0.036735089956396835
2022-03-25T01:00:00.0;0.035213214580629454
2022-03-25T02:00:00.0;0.03379401218161255
2022-03-25T03:00:00.0;0.03220882434783213
2022-03-25T04:00:00.0;0.031096618912497143
2022-03-25T05:00:00.0;0.02947439630850324
2022-03-25T06:00:00.0;0.02693777074097236
2022-03-25T07:00:00.0;0.025984512863044564
2022-03-25T08:00:00.0;0.026274545740977834
2022-03-25T09:00:00.0;0.0243626331628011
2022-03-25T10:00:00.0;0.02215693122730663
2022-03-25T11:00:00.0;0.02131748825208842
2022-03-25T12:00:00.0;0.021626366947516667
2022-03-25T13:00:00.0;0.023013212988277867
2022-03-25T14:00:00.0;0.02494217227378364
2022-03-25T15:00:00.0;0.02624808888292133
2022-03-25T16:00:00.0;0.03048265615023505
2022-03-25T17:00:00.0;0.030475900186279607
2022-03-25T18:00:00.0;0.03333259859366003
2022-03-25T19:00:00.0;0.03548732623510397
2022-03-25T20:00:00.0;0.036644881157009986
2022-03-25T21:00:00.0;0.036417692113638565
2022-03-25T22:00:00.0;0.03526441782669481
2022-03-25T23:00:00.0;0.03330055228020548
2022-03-26T00:00:00.0;0.03710841914336405
2022-03-26T01:00:00.0;0.035530534121703795
2022-03-26T02:00:00.0;0.03410377000635626
2022-03-26T03:00:00.0;0.03257286779347778
2022-03-26T04:00:00.0;0.031294016898588
2022-03-26T05:00:00.0;0.030493411032430903
2022-03-26T06:00:00.0;0.026594100750540618
2022-03-26T07:00:00.0;0.025626376259529723
2022-03-26T08:00:00.0;0.027191386167700594
2022-03-26T09:00:00.0;0.02468241456281685
2022-03-26T10:00:00.0;0.022870661187106702
2022-03-26T11:00:00.0;0.021918147214843205
2022-03-26T12:00:00.0;0.02208087409378532
2022-03-26T13:00:00.0;0.02265756699520749
2022-03-26T14:00:00.0;0.02497751534869242
2022-03-26T15:00:00.0;0.026742162981393668
2022-03-26T16:00:00.0;0.030757202154899566
2022-03-26T17:00:00.0;0.029891315649022095
2022-03-26T18:00:00.0;0.03261922379424858
2022-03-26T19:00:00.0;0.03502501411595822
2022-03-26T20:00:00.0;0.03672282061819649
2022-03-26T21:00:00.0;0.037748651691408196
2022-03-26T22:00:00.0;0.03663808609381955
2022-03-26T23:00:00.0;0.03453325174036808
2022-03-27T00:00:00.0;0.03685777168674254
2022-03-27T01:00:00.0;0.03533659783643765
2022-03-27T02:00:00.0;0.033912833821687104
2022-03-27T03:00:00.0;0.03233186731695426
2022-03-27T04:00:00.0;0.031180415711307204
2022-03-27T05:00:00.0;0.02980682806033582
2022-03-27T06:00:00.0;0.026805738231220018
2022-03-27T07:00:00.0;0.025851833219614446
2022-03-27T08:00:00.0;0.026563620074897164
2022-03-27T09:00:00.0;0.024385475997377316
2022-03-27T10:00:00.0;0.02217804571877346
2022-03-27T11:00:00.0;0.021272092600097808
2022-03-27T12:00:00.0;0.02152208559839258
2022-03-27T13:00:00.0;0.02288988577797811
2022-03-27T14:00:00.0;0.024784663674268237
2022-03-27T15:00:00.0;0.026448727394954685
2022-03-27T16:00:00.0;0.030692550179865125
2022-03-27T17:00:00.0;0.03038359741909763
2022-03-27T18:00:00.0;0.033222761684562
2022-03-27T19:00:00.0;0.03547195177768789
2022-03-27T20:00:00.0;0.03679895694630837
2022-03-27T21:00:00.0;0.03667520437554409
2022-03-27T22:00:00.0;0.03555020420335999
2022-03-27T23:00:00.0;0.0335397861375153
2022-03-28T00:00:00.0;0.03637025264434932
2022-03-28T01:00:00.0;0.034876855928311315
2022-03-28T02:00:00.0;0.03347996813648809
2022-03-28T03:00:00.0;0.03187100982275651
2022-03-28T04:00:00.0;0.030867072358831214
2022-03-28T05:00:00.0;0.028464354743356467
2022-03-28T06:00:00.0;0.027077676219125255
2022-03-28T07:00:00.0;0.026004989774983656
2022-03-28T08:00:00.0;0.02507490229063519
2022-03-28T09:00:00.0;0.023857665978085092
2022-03-28T10:00:00.0;0.02166689888915823
2022-03-28T11:00:00.0;0.021074126692228363
2022-03-28T12:00:00.0;0.021578620368011232
2022-03-28T13:00:00.0;0.023062174054285452
2022-03-28T14:00:00.0;0.02508603703742011
2022-03-28T15:00:00.0;0.02529375485510495
2022-03-28T16:00:00.0;0.029548278967806034
2022-03-28T17:00:00.0;0.03006679643145059
2022-03-28T18:00:00.0;0.03309704151607939
2022-03-28T19:00:00.0;0.035102405596972155
2022-03-28T20:00:00.0;0.035857844840370495
2022-03-28T21:00:00.0;0.035355289768747994
2022-03-28T22:00:00.0;0.034029865592045044
2022-03-28T23:00:00.0;0.032165410535436964
2022-03-29T00:00:00.0;0.03674218732780079
2022-03-29T01:00:00.0;0.035193954259838574
2022-03-29T02:00:00.0;0.03379185062510819
2022-03-29T03:00:00.0;0.032289043586800445
2022-03-29T04:00:00.0;0.03106179634089452
2022-03-29T05:00:00.0;0.03006991337773897
2022-03-29T06:00:00.0;0.026761232705764887
2022-03-29T07:00:00.0;0.025778773872398967
2022-03-29T08:00:00.0;0.026780692131365774
2022-03-29T09:00:00.0;0.0245363988506825
2022-03-29T10:00:00.0;0.02307360056152613
2022-03-29T11:00:00.0;0.02222652831816086
2022-03-29T12:00:00.0;0.022426958174170758
2022-03-29T13:00:00.0;0.022885329140610224
2022-03-29T14:00:00.0;0.025227419746214952
2022-03-29T15:00:00.0;0.026569551548092034
2022-03-29T16:00:00.0;0.030469248210483132
2022-03-29T17:00:00.0;0.029685519756740858
2022-03-29T18:00:00.0;0.032523522823049836
2022-03-29T19:00:00.0;0.03492269224068623
2022-03-29T20:00:00.0;0.036504454008494176
2022-03-29T21:00:00.0;0.0374883962084716
2022-03-29T22:00:00.0;0.036280408865938245
2022-03-29T23:00:00.0;0.03422536815848797
2022-03-30T00:00:00.0;0.03688718320411028
2022-03-30T01:00:00.0;0.03538835609125658
2022-03-30T02:00:00.0;0.03397831936655233
2022-03-30T03:00:00.0;0.03241497139643185
2022-03-30T04:00:00.0;0.03131608977508456
2022-03-30T05:00:00.0;0.029732882841001975
2022-03-30T06:00:00.0;0.027610982682203994
2022-03-30T07:00:00.0;0.02684643657877569
2022-03-30T08:00:00.0;0.02698985251892637
2022-03-30T09:00:00.0;0.025175867518933522
2022-03-30T10:00:00.0;0.023232246627192487
2022-03-30T11:00:00.0;0.022463001168098937
2022-03-30T12:00:00.0;0.02270241820178919
2022-03-30T13:00:00.0;0.02390808684994057
2022-03-30T14:00:00.0;0.025644862512517973
2022-03-30T15:00:00.0;0.026803497102233727
2022-03-30T16:00:00.0;0.030864936428705286
2022-03-30T17:00:00.0;0.030909563811788457
2022-03-30T18:00:00.0;0.03388839659624613
2022-03-30T19:00:00.0;0.03605576809766744
2022-03-30T20:00:00.0;0.03714754532148849
2022-03-30T21:00:00.0;0.03685623893079959
2022-03-30T22:00:00.0;0.035515288480354915
2022-03-30T23:00:00.0;0.033558994247184525
2022-03-31T00:00:00.0;0.038169696686848754
2022-03-31T01:00:00.0;0.03648505499170057
2022-03-31T02:00:00.0;0.03503327091594429
2022-03-31T03:00:00.0;0.03369267457588886
2022-03-31T04:00:00.0;0.032696903724631306
2022-03-31T05:00:00.0;0.032672433616526386
2022-03-31T06:00:00.0;0.03365498731652514
2022-03-31T07:00:00.0;0.03472905696575541
2022-03-31T08:00:00.0;0.03444844103687342
2022-03-31T09:00:00.0;0.032826971246901274
2022-03-31T10:00:00.0;0.031370415467198036
2022-03-31T11:00:00.0;0.030260309240411364
2022-03-31T12:00:00.0;0.029751693487618434
2022-03-31T13:00:00.0;0.02961659933429198
2022-03-31T14:00:00.0;0.03034381451913779
2022-03-31T15:00:00.0;0.032287462627427654
2022-03-31T16:00:00.0;0.03533822710176202
2022-03-31T17:00:00.0;0.039002463679721946
2022-03-31T18:00:00.0;0.0416915030627448
2022-03-31T19:00:00.0;0.04188655341989789
2022-03-31T20:00:00.0;0.04227415577154239
2022-03-31T21:00:00.0;0.04155637992717068
2022-03-31T22:00:00.0;0.04017784582214918
2022-03-31T23:00:00.0;0.03850678263165314
2022-04-01T00:00:00.0;0.0381126773877091
2022-04-01T01:00:00.0;0.0364261488294158
2022-04-01T02:00:00.0;0.03499103118324298
2022-04-01T03:00:00.0;0.033649143105199265
2022-04-01T04:00:00.0;0.032726115171318425
2022-04-01T05:00:00.0;0.03296300054483344
2022-04-01T06:00:00.0;0.03395035842900145
2022-04-01T07:00:00.0;0.03463527729269674
2022-04-01T08:00:00.0;0.03374887298032777
2022-04-01T09:00:00.0;0.031597019055075164
2022-04-01T10:00:00.0;0.029444641360583005
2022-04-01T11:00:00.0;0.02828682565622164
2022-04-01T12:00:00.0;0.027769490970628512
2022-04-01T13:00:00.0;0.027686633663848204
2022-04-01T14:00:00.0;0.028479312521155997
2022-04-01T15:00:00.0;0.030654328253370833
2022-04-01T16:00:00.0;0.03403847034318454
2022-04-01T17:00:00.0;0.03820740323411636
2022-04-01T18:00:00.0;0.041213076885952576
2022-04-01T19:00:00.0;0.04038423675932438
2022-04-01T20:00:00.0;0.04095260049937097
2022-04-01T21:00:00.0;0.04017287403339396
2022-04-01T22:00:00.0;0.03882862164421545
2022-04-01T23:00:00.0;0.03716267106562997
2022-04-02T00:00:00.0;0.03603934033250598
2022-04-02T01:00:00.0;0.034464324691279434
2022-04-02T02:00:00.0;0.033135547695468996
2022-04-02T03:00:00.0;0.031859238435981915
2022-04-02T04:00:00.0;0.031088303555914944
2022-04-02T05:00:00.0;0.03165553774719688
2022-04-02T06:00:00.0;0.032178438949054755
2022-04-02T07:00:00.0;0.03137860930298989
2022-04-02T08:00:00.0;0.028748206138477454
2022-04-02T09:00:00.0;0.025366670382523323
2022-04-02T10:00:00.0;0.022799622968465112
2022-04-02T11:00:00.0;0.021628569238873675
2022-04-02T12:00:00.0;0.021253710162836347
2022-04-02T13:00:00.0;0.02134545459584977
2022-04-02T14:00:00.0;0.022831647818658794
2022-04-02T15:00:00.0;0.02547403959261525
2022-04-02T16:00:00.0;0.0296746729293349
2022-04-02T17:00:00.0;0.03313665106211707
2022-04-02T18:00:00.0;0.036850327947682476
2022-04-02T19:00:00.0;0.03465648832504116
2022-04-02T20:00:00.0;0.0358800516229271
2022-04-02T21:00:00.0;0.035677062299260806
2022-04-02T22:00:00.0;0.034523492820829456
2022-04-02T23:00:00.0;0.0329003024338146
2022-04-03T00:00:00.0;0.03716817342764236
2022-04-03T01:00:00.0;0.03561575523012287
2022-04-03T02:00:00.0;0.03420034920697035
2022-04-03T03:00:00.0;0.032680110696288754
2022-04-03T04:00:00.0;0.031398366213688945
2022-04-03T05:00:00.0;0.03061146059215158
2022-04-03T06:00:00.0;0.026783516690848136
2022-04-03T07:00:00.0;0.025836929330798376
2022-04-03T08:00:00.0;0.027351326573463598
2022-04-03T09:00:00.0;0.02484654084493738
2022-04-03T10:00:00.0;0.023230720539922717
2022-04-03T11:00:00.0;0.02234914482916075
2022-04-03T12:00:00.0;0.022489219909491678
2022-04-03T13:00:00.0;0.02292024465972846
2022-04-03T14:00:00.0;0.025186160068798927
2022-04-03T15:00:00.0;0.026808466861009298
2022-04-03T16:00:00.0;0.030735503253512948
2022-04-03T17:00:00.0;0.029663444450690475
2022-04-03T18:00:00.0;0.032518993613539014
2022-04-03T19:00:00.0;0.03501143170197091
2022-04-03T20:00:00.0;0.03674615335334306
2022-04-03T21:00:00.0;0.03785289500325736
2022-04-03T22:00:00.0;0.03659273222450638
2022-04-03T23:00:00.0;0.0344684059997878
2022-04-04T00:00:00.0;0.03857455210635458
2022-04-04T01:00:00.0;0.03685827151640018
2022-04-04T02:00:00.0;0.035394924585767096
2022-04-04T03:00:00.0;0.0340340824804756
2022-04-04T04:00:00.0;0.03306114943396478
2022-04-04T05:00:00.0;0.033183098710993016
2022-04-04T06:00:00.0;0.034260440931295856
2022-04-04T07:00:00.0;0.0352994501167436
2022-04-04T08:00:00.0;0.03484166776196796
2022-04-04T09:00:00.0;0.03299796709078634
2022-04-04T10:00:00.0;0.0309550204932991
2022-04-04T11:00:00.0;0.02980921914344961
2022-04-04T12:00:00.0;0.02926302112317382
2022-04-04T13:00:00.0;0.02913168190092225
2022-04-04T14:00:00.0;0.02980630156072324
2022-04-04T15:00:00.0;0.03186477997460613
2022-04-04T16:00:00.0;0.03507663760078602
2022-04-04T17:00:00.0;0.03932490099405076
2022-04-04T18:00:00.0;0.04212393448199667
2022-04-04T19:00:00.0;0.04167472573152705
2022-04-04T20:00:00.0;0.042060007125443326
2022-04-04T21:00:00.0;0.04127379446532411
2022-04-04T22:00:00.0;0.039881378602628255
2022-04-04T23:00:00.0;0.038211926765423516
2022-04-05T00:00:00.0;0.037645821086175535
2022-04-05T01:00:00.0;0.0360535968140427
2022-04-05T02:00:00.0;0.03462323268495307
2022-04-05T03:00:00.0;0.03321700474913472
2022-04-05T04:00:00.0;0.03213458060026524
2022-04-05T05:00:00.0;0.031857219996741196
2022-04-05T06:00:00.0;0.03100940265353569
2022-04-05T07:00:00.0;0.03132739191185793
2022-04-05T08:00:00.0;0.03172285585852427
2022-04-05T09:00:00.0;0.02965134440490738
2022-04-05T10:00:00.0;0.02818344669493187
2022-04-05T11:00:00.0;0.027128600778962668
2022-04-05T12:00:00.0;0.026830588740690095
2022-04-05T13:00:00.0;0.027165360389169353
2022-04-05T14:00:00.0;0.028245304416752208
2022-04-05T15:00:00.0;0.030366927551630316
2022-04-05T16:00:00.0;0.03378949021007763
2022-04-05T17:00:00.0;0.03546224173155427
2022-04-05T18:00:00.0;0.03827914885562379
2022-04-05T19:00:00.0;0.039450853372627076
2022-04-05T20:00:00.0;0.04038447983449628
2022-04-05T21:00:00.0;0.03998692371979574
2022-04-05T22:00:00.0;0.03864833449997424
2022-04-05T23:00:00.0;0.0368036127476544
2022-04-06T00:00:00.0;0.038667652547172957
2022-04-06T01:00:00.0;0.03694537481740754
2022-04-06T02:00:00.0;0.03547633768828309
2022-04-06T03:00:00.0;0.03411167500520109
2022-04-06T04:00:00.0;0.033128682546911745
2022-04-06T05:00:00.0;0.03322746406693384
2022-04-06T06:00:00.0;0.03432294449879645
2022-04-06T07:00:00.0;0.0354333279416215
2022-04-06T08:00:00.0;0.03506194324314843
2022-04-06T09:00:00.0;0.03328035725942526
2022-04-06T10:00:00.0;0.03125946877198196
2022-04-06T11:00:00.0;0.030116089164774033
2022-04-06T12:00:00.0;0.029564073140017886
2022-04-06T13:00:00.0;0.0294229613809292
2022-04-06T14:00:00.0;0.03007378375785924
2022-04-06T15:00:00.0;0.03210877165522217
2022-04-06T16:00:00.0;0.035285901770103094
2022-04-06T17:00:00.0;0.03955015587348767
2022-04-06T18:00:00.0;0.04230753674531856
2022-04-06T19:00:00.0;0.04193485058212651
2022-04-06T20:00:00.0;0.042283227927298175
2022-04-06T21:00:00.0;0.0414957078400575
2022-04-06T22:00:00.0;0.040093583629113104
2022-04-06T23:00:00.0;0.038423426040526634
2022-04-07T00:00:00.0;0.03789818496018656
2022-04-07T01:00:00.0;0.03622547310420905
2022-04-07T02:00:00.0;0.03480346500377813
2022-04-07T03:00:00.0;0.033470379086042355
2022-04-07T04:00:00.0;0.03257052684964326
2022-04-07T05:00:00.0;0.032860788000939986
2022-04-07T06:00:00.0;0.033806357586425695
2022-04-07T07:00:00.0;0.03432683858502705
2022-04-07T08:00:00.0;0.0332413842695679
2022-04-07T09:00:00.0;0.030946425435459286
2022-04-07T10:00:00.0;0.028743228458820935
2022-04-07T11:00:00.0;0.027579833345238114
2022-04-07T12:00:00.0;0.02707590265530128
2022-04-07T13:00:00.0;0.02701556011999596
2022-04-07T14:00:00.0;0.027863065108378555
2022-04-07T15:00:00.0;0.030092200218201446
2022-04-07T16:00:00.0;0.033556350395354526
2022-04-07T17:00:00.0;0.03768844257746411
2022-04-07T18:00:00.0;0.04079007894080458
2022-04-07T19:00:00.0;0.039784939804620764
2022-04-07T20:00:00.0;0.04043832611739699
2022-04-07T21:00:00.0;0.03966161180919954
2022-04-07T22:00:00.0;0.03833972630856376
2022-04-07T23:00:00.0;0.036675401697865914
2022-04-08T00:00:00.0;0.0367596267553496
2022-04-08T01:00:00.0;0.03524138039093409
2022-04-08T02:00:00.0;0.03387046137539623
2022-04-08T03:00:00.0;0.03246737766715004
2022-04-08T04:00:00.0;0.03147573420092856
2022-04-08T05:00:00.0;0.03145284773882323
2022-04-08T06:00:00.0;0.029833563893320873
2022-04-08T07:00:00.0;0.02911071622384969
2022-04-08T08:00:00.0;0.028715432686926747
2022-04-08T09:00:00.0;0.025680270105867008
2022-04-08T10:00:00.0;0.02357524711538206
2022-04-08T11:00:00.0;0.02249001581677448
2022-04-08T12:00:00.0;0.02230172487674168
2022-04-08T13:00:00.0;0.02290752906172406
2022-04-08T14:00:00.0;0.02432601338202202
2022-04-08T15:00:00.0;0.026835883294542694
2022-04-08T16:00:00.0;0.030864825735987002
2022-04-08T17:00:00.0;0.03206665767465802
2022-04-08T18:00:00.0;0.035441702014963904
2022-04-08T19:00:00.0;0.035712818495441605
2022-04-08T20:00:00.0;0.03722532806896926
2022-04-08T21:00:00.0;0.036907642865490496
2022-04-08T22:00:00.0;0.03567567616910228
2022-04-08T23:00:00.0;0.033778211843685325
2022-04-09T00:00:00.0;0.03612676359168271
2022-04-09T01:00:00.0;0.03456815926857781
2022-04-09T02:00:00.0;0.0332544185309009
2022-04-09T03:00:00.0;0.03199402671728146
2022-04-09T04:00:00.0;0.03128557483111068
2022-04-09T05:00:00.0;0.03201664871605558
2022-04-09T06:00:00.0;0.0326171026902618
2022-04-09T07:00:00.0;0.031779546244916905
2022-04-09T08:00:00.0;0.029050204390175527
2022-04-09T09:00:00.0;0.025573389877461706
2022-04-09T10:00:00.0;0.02295049341135612
2022-04-09T11:00:00.0;0.021741019819233657
2022-04-09T12:00:00.0;0.02134778825561636
2022-04-09T13:00:00.0;0.021473387703244556
2022-04-09T14:00:00.0;0.022773683409043507
2022-04-09T15:00:00.0;0.025449772395291496
2022-04-09T16:00:00.0;0.02957468266175447
2022-04-09T17:00:00.0;0.03340251972589872
2022-04-09T18:00:00.0;0.037296680094406495
2022-04-09T19:00:00.0;0.034835546281021
2022-04-09T20:00:00.0;0.036191105644277605
2022-04-09T21:00:00.0;0.035439267741823856
2022-04-09T22:00:00.0;0.034302102908342576
2022-04-09T23:00:00.0;0.03265120662373495
2022-04-10T00:00:00.0;0.03636231641576657
2022-04-10T01:00:00.0;0.034881459196083986
2022-04-10T02:00:00.0;0.03346721151591623
2022-04-10T03:00:00.0;0.03190886938446434
2022-04-10T04:00:00.0;0.03067632408610923
2022-04-10T05:00:00.0;0.029594733915257503
2022-04-10T06:00:00.0;0.02640845139836701
2022-04-10T07:00:00.0;0.0252778760370762
2022-04-10T08:00:00.0;0.025721688864073704
2022-04-10T09:00:00.0;0.022868193896748767
2022-04-10T10:00:00.0;0.020668404515940205
2022-04-10T11:00:00.0;0.019790867466177024
2022-04-10T12:00:00.0;0.019891239554882784
2022-04-10T13:00:00.0;0.021135444014695918
2022-04-10T14:00:00.0;0.023189718323847044
2022-04-10T15:00:00.0;0.025560050470850113
2022-04-10T16:00:00.0;0.030175499626708336
2022-04-10T17:00:00.0;0.028809894735074972
2022-04-10T18:00:00.0;0.03173714211091975
2022-04-10T19:00:00.0;0.03379892622859285
2022-04-10T20:00:00.0;0.03518280394164661
2022-04-10T21:00:00.0;0.036265278003484516
2022-04-10T22:00:00.0;0.03496140905801051
2022-04-10T23:00:00.0;0.033002228482717215
2022-04-11T00:00:00.0;0.036859320193754715
2022-04-11T01:00:00.0;0.0353897650034356
2022-04-11T02:00:00.0;0.03398331683518076
2022-04-11T03:00:00.0;0.032458650823838926
2022-04-11T04:00:00.0;0.031235587637011574
2022-04-11T05:00:00.0;0.03055298854982555
2022-04-11T06:00:00.0;0.026689197236389798
2022-04-11T07:00:00.0;0.02576213804877143
2022-04-11T08:00:00.0;0.027277935916843653
2022-04-11T09:00:00.0;0.02445588194375967
2022-04-11T10:00:00.0;0.02274164503115742
2022-04-11T11:00:00.0;0.021731797192558473
2022-04-11T12:00:00.0;0.02178967018181477
2022-04-11T13:00:00.0;0.022945217250827998
2022-04-11T14:00:00.0;0.02465540254507685
2022-04-11T15:00:00.0;0.027129377261661185
2022-04-11T16:00:00.0;0.031231195808364077
2022-04-11T17:00:00.0;0.029909407487519864
2022-04-11T18:00:00.0;0.032859340314228644
2022-04-11T19:00:00.0;0.03545824455387132
2022-04-11T20:00:00.0;0.03725007912293421
2022-04-11T21:00:00.0;0.03736711248959372
2022-04-11T22:00:00.0;0.036183293077924505
2022-04-11T23:00:00.0;0.034067195648654035
2022-04-12T00:00:00.0;0.03623532564376608
2022-04-12T01:00:00.0;0.03471744781980541
2022-04-12T02:00:00.0;0.03336376267570293
2022-04-12T03:00:00.0;0.03198777397453883
2022-04-12T04:00:00.0;0.03104614844859137
2022-04-12T05:00:00.0;0.031159598966858975
2022-04-12T06:00:00.0;0.02996428863749946
2022-04-12T07:00:00.0;0.029005342841016413
2022-04-12T08:00:00.0;0.02779994472410236
2022-04-12T09:00:00.0;0.024451196737147473
2022-04-12T10:00:00.0;0.02207930877323897
2022-04-12T11:00:00.0;0.020976763974819165
2022-04-12T12:00:00.0;0.02075564748318068
2022-04-12T13:00:00.0;0.021332732661365136
2022-04-12T14:00:00.0;0.02290880880561605
2022-04-12T15:00:00.0;0.025640121615129928
2022-04-12T16:00:00.0;0.029947093922170084
2022-04-12T17:00:00.0;0.03141705458684686
2022-04-12T18:00:00.0;0.03491691365724071
2022-04-12T19:00:00.0;0.03442308396211143
2022-04-12T20:00:00.0;0.03589161148441899
2022-04-12T21:00:00.0;0.03591590272588328
2022-04-12T22:00:00.0;0.03471760538915169
2022-04-12T23:00:00.0;0.03291345494044845
2022-04-13T00:00:00.0;0.03683323993149668
2022-04-13T01:00:00.0;0.03536581738579316
2022-04-13T02:00:00.0;0.03396121713531042
2022-04-13T03:00:00.0;0.03237665847184945
2022-04-13T04:00:00.0;0.031230780782506955
2022-04-13T05:00:00.0;0.029763053747485498
2022-04-13T06:00:00.0;0.026726602112364127
2022-04-13T07:00:00.0;0.025670457067739356
2022-04-13T08:00:00.0;0.026250439281826066
2022-04-13T09:00:00.0;0.02403885590754033
2022-04-13T10:00:00.0;0.021986436728631546
2022-04-13T11:00:00.0;0.021190276666642156
2022-04-13T12:00:00.0;0.021455513189670976
2022-04-13T13:00:00.0;0.022806650186421803
2022-04-13T14:00:00.0;0.02463138207796568
2022-04-13T15:00:00.0;0.02611070837716738
2022-04-13T16:00:00.0;0.030343211539013034
2022-04-13T17:00:00.0;0.029591795532711893
2022-04-13T18:00:00.0;0.03265269380386829
2022-04-13T19:00:00.0;0.035072656718737966
2022-04-13T20:00:00.0;0.036480347891995384
2022-04-13T21:00:00.0;0.03635343359479575
2022-04-13T22:00:00.0;0.03503249052122429
2022-04-13T23:00:00.0;0.03298496115765138
2022-04-14T00:00:00.0;0.03678674159101483
2022-04-14T01:00:00.0;0.03531947753346525
2022-04-14T02:00:00.0;0.03391368289911222
2022-04-14T03:00:00.0;0.03231663792614102
2022-04-14T04:00:00.0;0.03116315612350433
2022-04-14T05:00:00.0;0.029664076466752835
2022-04-14T06:00:00.0;0.026406500425420757
2022-04-14T07:00:00.0;0.025245178571186425
2022-04-14T08:00:00.0;0.025889335259150652
2022-04-14T09:00:00.0;0.023615309990158876
2022-04-14T10:00:00.0;0.021460466591924375
2022-04-14T11:00:00.0;0.020654103345779183
2022-04-14T12:00:00.0;0.020952064831268862
2022-04-14T13:00:00.0;0.02238409669367356
2022-04-14T14:00:00.0;0.024277256072388672
2022-04-14T15:00:00.0;0.025796088980395968
2022-04-14T16:00:00.0;0.03010868261962852
2022-04-14T17:00:00.0;0.029232243842089535
2022-04-14T18:00:00.0;0.032284448500556985
2022-04-14T19:00:00.0;0.034737178837202655
2022-04-14T20:00:00.0;0.036196918101339126
2022-04-14T21:00:00.0;0.03610195024628486
2022-04-14T22:00:00.0;0.03482238716090879
2022-04-14T23:00:00.0;0.03276016691329819
2022-04-15T00:00:00.0;0.03698787020007226
2022-04-15T01:00:00.0;0.03548126148302928
2022-04-15T02:00:00.0;0.03407411690143537
2022-04-15T03:00:00.0;0.032520948356310156
2022-04-15T04:00:00.0;0.031254982890061865
2022-04-15T05:00:00.0;0.030300462365570536
2022-04-15T06:00:00.0;0.02616770487083149
2022-04-15T07:00:00.0;0.024983929623040916
2022-04-15T08:00:00.0;0.02643601349162068
2022-04-15T09:00:00.0;0.023797702735510348
2022-04-15T10:00:00.0;0.02198819732983293
2022-04-15T11:00:00.0;0.021124337226877104
2022-04-15T12:00:00.0;0.021332016119925003
2022-04-15T13:00:00.0;0.022133307467641507
2022-04-15T14:00:00.0;0.02434656144303605
2022-04-15T15:00:00.0;0.026076769798933037
2022-04-15T16:00:00.0;0.030208275737023692
2022-04-15T17:00:00.0;0.028743357560882064
2022-04-15T18:00:00.0;0.0317144497137364
2022-04-15T19:00:00.0;0.03433965638988313
2022-04-15T20:00:00.0;0.03616350314965471
2022-04-15T21:00:00.0;0.03700825968791001
2022-04-15T22:00:00.0;0.035745536873845886
2022-04-15T23:00:00.0;0.03359170500839308
2022-04-16T00:00:00.0;0.03731788999247495
2022-04-16T01:00:00.0;0.03583562661966838
2022-04-16T02:00:00.0;0.034409641061579364
2022-04-16T03:00:00.0;0.0328364192082528
2022-04-16T04:00:00.0;0.031573056293374764
2022-04-16T05:00:00.0;0.030858612863105588
2022-04-16T06:00:00.0;0.026552864454705706
2022-04-16T07:00:00.0;0.02558280523452879
2022-04-16T08:00:00.0;0.027436132124496287
2022-04-16T09:00:00.0;0.024482929718277126
2022-04-16T10:00:00.0;0.022370646062995898
2022-04-16T11:00:00.0;0.021361503212685876
2022-04-16T12:00:00.0;0.02143503457623913
2022-04-16T13:00:00.0;0.02270585307945673
2022-04-16T14:00:00.0;0.024402460192447357
2022-04-16T15:00:00.0;0.026947648338431617
2022-04-16T16:00:00.0;0.031184316814932115
2022-04-16T17:00:00.0;0.02973854587985911
2022-04-16T18:00:00.0;0.032698713974825704
2022-04-16T19:00:00.0;0.03533009394409793
2022-04-16T20:00:00.0;0.03718095993109017
2022-04-16T21:00:00.0;0.03733931946665877
2022-04-16T22:00:00.0;0.036115225493921044
2022-04-16T23:00:00.0;0.03394158562414996
2022-04-17T00:00:00.0;0.03714440754905157
2022-04-17T01:00:00.0;0.035665515261675065
2022-04-17T02:00:00.0;0.03424246925927874
2022-04-17T03:00:00.0;0.0326638544550294
2022-04-17T04:00:00.0;0.03139802168787882
2022-04-17T05:00:00.0;0.030658248740979676
2022-04-17T06:00:00.0;0.026129979940370317
2022-04-17T07:00:00.0;0.02502243929169997
2022-04-17T08:00:00.0;0.026901260404470655
2022-04-17T09:00:00.0;0.02388087521535352
2022-04-17T10:00:00.0;0.02172260928546173
2022-04-17T11:00:00.0;0.020695951796579896
2022-04-17T12:00:00.0;0.020809110907993457
2022-04-17T13:00:00.0;0.022164533085282958
2022-04-17T14:00:00.0;0.023959405326770686
2022-04-17T15:00:00.0;0.026558429009415706
2022-04-17T16:00:00.0;0.030874966539587392
2022-04-17T17:00:00.0;0.02927071425751052
2022-04-17T18:00:00.0;0.03221523392655257
2022-04-17T19:00:00.0;0.034888799130863776
2022-04-17T20:00:00.0;0.03680577209125181
2022-04-17T21:00:00.0;0.03700344748910614
2022-04-17T22:00:00.0;0.03584892497691475
2022-04-17T23:00:00.0;0.03366679700388045
2022-04-18T00:00:00.0;0.03652960793479786
2022-04-18T01:00:00.0;0.03506580238979413
2022-04-18T02:00:00.0;0.033644373772194994
2022-04-18T03:00:00.0;0.0320770439638003
2022-04-18T04:00:00.0;0.030770348877016785
2022-04-18T05:00:00.0;0.029946247551110847
2022-04-18T06:00:00.0;0.025924713545721602
2022-04-18T07:00:00.0;0.024755359919840247
2022-04-18T08:00:00.0;0.025904712301925814
2022-04-18T09:00:00.0;0.02267804837683331
2022-04-18T10:00:00.0;0.020501099579526855
2022-04-18T11:00:00.0;0.01955753627005775
2022-04-18T12:00:00.0;0.019597666819075914
2022-04-18T13:00:00.0;0.02089788839625351
2022-04-18T14:00:00.0;0.022904015053330312
2022-04-18T15:00:00.0;0.025770948461195382
2022-04-18T16:00:00.0;0.030434164112619642
2022-04-18T17:00:00.0;0.028332272318585944
2022-04-18T18:00:00.0;0.03123803271492788
2022-04-18T19:00:00.0;0.033654620083403856
2022-04-18T20:00:00.0;0.03529732588180247
2022-04-18T21:00:00.0;0.03656085357048537
2022-04-18T22:00:00.0;0.035260413241312225
2022-04-18T23:00:00.0;0.0332154959033185
2022-04-19T00:00:00.0;0.03710788806184898
2022-04-19T01:00:00.0;0.03563635888233043
2022-04-19T02:00:00.0;0.03421715386295354
2022-04-19T03:00:00.0;0.03264338962785318
2022-04-19T04:00:00.0;0.031380523027141755
2022-04-19T05:00:00.0;0.03064551538644447
2022-04-19T06:00:00.0;0.02614453620046588
2022-04-19T07:00:00.0;0.025034736245040663
2022-04-19T08:00:00.0;0.026883018916598243
2022-04-19T09:00:00.0;0.023862223990417198
2022-04-19T10:00:00.0;0.021763344512221942
2022-04-19T11:00:00.0;0.020746856125007342
2022-04-19T12:00:00.0;0.020855982965578515
2022-04-19T13:00:00.0;0.022193844731607137
2022-04-19T14:00:00.0;0.023976705531154018
2022-04-19T15:00:00.0;0.02656177388958585
2022-04-19T16:00:00.0;0.03086088737432139
2022-04-19T17:00:00.0;0.029210252384721903
2022-04-19T18:00:00.0;0.03217905242338422
2022-04-19T19:00:00.0;0.034871761165560664
2022-04-19T20:00:00.0;0.03679739190164489
2022-04-19T21:00:00.0;0.03699382948898094
2022-04-19T22:00:00.0;0.03581944781445085
2022-04-19T23:00:00.0;0.03363699366604081
2022-04-20T00:00:00.0;0.03595274625073516
2022-04-20T01:00:00.0;0.034429689680314915
2022-04-20T02:00:00.0;0.033113843502504944
2022-04-20T03:00:00.0;0.03180125836830884
2022-04-20T04:00:00.0;0.03101512314229909
2022-04-20T05:00:00.0;0.031521806235989165
2022-04-20T06:00:00.0;0.030969981703630214
2022-04-20T07:00:00.0;0.02979410578811208
2022-04-20T08:00:00.0;0.027699431059086833
2022-04-20T09:00:00.0;0.024086644029414146
2022-04-20T10:00:00.0;0.021463358406501005
2022-04-20T11:00:00.0;0.02027336389454204
2022-04-20T12:00:00.0;0.020014759789337352
2022-04-20T13:00:00.0;0.02044830283196186
2022-04-20T14:00:00.0;0.02196445291958193
2022-04-20T15:00:00.0;0.02472393452591854
2022-04-20T16:00:00.0;0.029031264682448894
2022-04-20T17:00:00.0;0.03168534554948606
2022-04-20T18:00:00.0;0.03551754581006227
2022-04-20T19:00:00.0;0.033831238276138896
2022-04-20T20:00:00.0;0.03544080945996928
2022-04-20T21:00:00.0;0.03489506208740052
2022-04-20T22:00:00.0;0.03381766768082866
2022-04-20T23:00:00.0;0.0320623391004435
2022-04-21T00:00:00.0;0.03659306213940378
2022-04-21T01:00:00.0;0.03508975117846363
2022-04-21T02:00:00.0;0.03373285452168158
2022-04-21T03:00:00.0;0.03232586730608654
2022-04-21T04:00:00.0;0.03136198323041577
2022-04-21T05:00:00.0;0.031432753975879746
2022-04-21T06:00:00.0;0.029601241515474965
2022-04-21T07:00:00.0;0.02858204946284065
2022-04-21T08:00:00.0;0.02794819374212537
2022-04-21T09:00:00.0;0.02460503348005062
2022-04-21T10:00:00.0;0.022214814635053728
2022-04-21T11:00:00.0;0.021115186397083516
2022-04-21T12:00:00.0;0.0209517831774126
2022-04-21T13:00:00.0;0.021637149212946866
2022-04-21T14:00:00.0;0.02314096373578351
2022-04-21T15:00:00.0;0.025779783183631163
2022-04-21T16:00:00.0;0.030007767894552395
2022-04-21T17:00:00.0;0.031171014004219025
2022-04-21T18:00:00.0;0.03471914854416565
2022-04-21T19:00:00.0;0.03463540585809766
2022-04-21T20:00:00.0;0.03631008463828884
2022-04-21T21:00:00.0;0.03600465637772082
2022-04-21T22:00:00.0;0.03479918875537389
2022-04-21T23:00:00.0;0.03288566081054503
2022-04-22T00:00:00.0;0.036180954250216085
2022-04-22T01:00:00.0;0.0345913288048442
2022-04-22T02:00:00.0;0.03323118523828714
2022-04-22T03:00:00.0;0.03192526428347988
2022-04-22T04:00:00.0;0.03107413482190882
2022-04-22T05:00:00.0;0.03144195409889931
2022-04-22T06:00:00.0;0.03199953494218068
2022-04-22T07:00:00.0;0.03147125884717408
2022-04-22T08:00:00.0;0.02913954993471326
2022-04-22T09:00:00.0;0.025934512930854
2022-04-22T10:00:00.0;0.023421278713606844
2022-04-22T11:00:00.0;0.02227157505979505
2022-04-22T12:00:00.0;0.021862051473775526
2022-04-22T13:00:00.0;0.02205835240378742
2022-04-22T14:00:00.0;0.023510859009767657
2022-04-22T15:00:00.0;0.02628447502478602
2022-04-22T16:00:00.0;0.030527348938149512
2022-04-22T17:00:00.0;0.03362731043303482
2022-04-22T18:00:00.0;0.03707068290157351
2022-04-22T19:00:00.0;0.03533403714607991
2022-04-22T20:00:00.0;0.03630120734995119
2022-04-22T21:00:00.0;0.03646129658660127
2022-04-22T22:00:00.0;0.035253153095238104
2022-04-22T23:00:00.0;0.03366677437293866
2022-04-23T00:00:00.0;0.03499285102769975
2022-04-23T01:00:00.0;0.03343413156268922
2022-04-23T02:00:00.0;0.03207518844067792
2022-04-23T03:00:00.0;0.03074625313875511
2022-04-23T04:00:00.0;0.029796738774818986
2022-04-23T05:00:00.0;0.029880534209982032
2022-04-23T06:00:00.0;0.03011809202230163
2022-04-23T07:00:00.0;0.02912269554438962
2022-04-23T08:00:00.0;0.026264080666414405
2022-04-23T09:00:00.0;0.022656867720529668
2022-04-23T10:00:00.0;0.020022605038357323
2022-04-23T11:00:00.0;0.0189387179595308
2022-04-23T12:00:00.0;0.018582052330831995
2022-04-23T13:00:00.0;0.0190296679074242
2022-04-23T14:00:00.0;0.021061082643917282
2022-04-23T15:00:00.0;0.02431876741561646
2022-04-23T16:00:00.0;0.029233821227944556
2022-04-23T17:00:00.0;0.030907968886053447
2022-04-23T18:00:00.0;0.034175973601339546
2022-04-23T19:00:00.0;0.0325896722857213
2022-04-23T20:00:00.0;0.03341970963517953
2022-04-23T21:00:00.0;0.03510909939363223
2022-04-23T22:00:00.0;0.03391658024079712
2022-04-23T23:00:00.0;0.032446815003717405
2022-04-24T00:00:00.0;0.034837087018923726
2022-04-24T01:00:00.0;0.03326985146759969
2022-04-24T02:00:00.0;0.03189139427526878
2022-04-24T03:00:00.0;0.030539672321447987
2022-04-24T04:00:00.0;0.029514798339260483
2022-04-24T05:00:00.0;0.029401683380086408
2022-04-24T06:00:00.0;0.02957289338402681
2022-04-24T07:00:00.0;0.028638480610531324
2022-04-24T08:00:00.0;0.025869353367932432
2022-04-24T09:00:00.0;0.02231697849863638
2022-04-24T10:00:00.0;0.01971104946628347
2022-04-24T11:00:00.0;0.018662433339731277
2022-04-24T12:00:00.0;0.018306806009748218
2022-04-24T13:00:00.0;0.018822242562051502
2022-04-24T14:00:00.0;0.021005363494304163
2022-04-24T15:00:00.0;0.02437727536131878
2022-04-24T16:00:00.0;0.02944353368557379
2022-04-24T17:00:00.0;0.03059421964744152
2022-04-24T18:00:00.0;0.03364451091318402
2022-04-24T19:00:00.0;0.032388324191899666
2022-04-24T20:00:00.0;0.03303288479617232
2022-04-24T21:00:00.0;0.03533942380196045
2022-04-24T22:00:00.0;0.03411913013639151
2022-04-24T23:00:00.0;0.03269429387086775
2022-04-25T00:00:00.0;0.03731565448578454
2022-04-25T01:00:00.0;0.03576198155444474
2022-04-25T02:00:00.0;0.0343566910563289
2022-04-25T03:00:00.0;0.03293051939471406
2022-04-25T04:00:00.0;0.031876463910046234
2022-04-25T05:00:00.0;0.03170717007844759
2022-04-25T06:00:00.0;0.030188564498212028
2022-04-25T07:00:00.0;0.029899501164311303
2022-04-25T08:00:00.0;0.030039478433398967
2022-04-25T09:00:00.0;0.027387687863698686
2022-04-25T10:00:00.0;0.025432645799967162
2022-04-25T11:00:00.0;0.02436337027259553
2022-04-25T12:00:00.0;0.024141396663289433
2022-04-25T13:00:00.0;0.024689368047868688
2022-04-25T14:00:00.0;0.02596531749581967
2022-04-25T15:00:00.0;0.02832943461830265
2022-04-25T16:00:00.0;0.032143582241231795
2022-04-25T17:00:00.0;0.03341955680424043
2022-04-25T18:00:00.0;0.036537809507314514
2022-04-25T19:00:00.0;0.037297281746509606
2022-04-25T20:00:00.0;0.038586685009822284
2022-04-25T21:00:00.0;0.03826413539056048
2022-04-25T22:00:00.0;0.03697338766117515
2022-04-25T23:00:00.0;0.035070842869845305
2022-04-26T00:00:00.0;0.03560715755077146
2022-04-26T01:00:00.0;0.03408202406890642
2022-04-26T02:00:00.0;0.032800041091817
2022-04-26T03:00:00.0;0.03156097243501901
2022-04-26T04:00:00.0;0.030908663474512016
2022-04-26T05:00:00.0;0.031769039717092835
2022-04-26T06:00:00.0;0.03226826190104181
2022-04-26T07:00:00.0;0.031032356157102793
2022-04-26T08:00:00.0;0.02782081740038364
2022-04-26T09:00:00.0;0.023997332490096824
2022-04-26T10:00:00.0;0.02125132675480661
2022-04-26T11:00:00.0;0.020028337092351644
2022-04-26T12:00:00.0;0.019667576591679586
2022-04-26T13:00:00.0;0.019847717877466184
2022-04-26T14:00:00.0;0.02128082940914443
2022-04-26T15:00:00.0;0.024088022117142904
2022-04-26T16:00:00.0;0.028406751279608275
2022-04-26T17:00:00.0;0.032145342046917755
2022-04-26T18:00:00.0;0.036271971249760476
2022-04-26T19:00:00.0;0.033383754618441265
2022-04-26T20:00:00.0;0.03494528042496306
2022-04-26T21:00:00.0;0.03420073944854307
2022-04-26T22:00:00.0;0.0331177582081025
2022-04-26T23:00:00.0;0.031470800816566766
2022-04-27T00:00:00.0;0.03696120304835082
2022-04-27T01:00:00.0;0.03550681181757836
2022-04-27T02:00:00.0;0.03410081600968155
2022-04-27T03:00:00.0;0.0325087068418414
2022-04-27T04:00:00.0;0.0312869606723586
2022-04-27T05:00:00.0;0.03013458953337507
2022-04-27T06:00:00.0;0.026063814262205907
2022-04-27T07:00:00.0;0.02482448540175513
2022-04-27T08:00:00.0;0.026102462629666322
2022-04-27T09:00:00.0;0.0234066126792236
2022-04-27T10:00:00.0;0.02131013376729062
2022-04-27T11:00:00.0;0.02044826681274712
2022-04-27T12:00:00.0;0.02067693441569231
2022-04-27T13:00:00.0;0.022009599061999237
2022-04-27T14:00:00.0;0.02391157259418849
2022-04-27T15:00:00.0;0.02585305002814155
2022-04-27T16:00:00.0;0.030176088514310487
2022-04-27T17:00:00.0;0.028633119532352258
2022-04-27T18:00:00.0;0.031725768127360034
2022-04-27T19:00:00.0;0.034393944100611404
2022-04-27T20:00:00.0;0.03616776528008598
2022-04-27T21:00:00.0;0.036362884465903654
2022-04-27T22:00:00.0;0.03506472467638793
2022-04-27T23:00:00.0;0.03291070506007147
2022-04-28T00:00:00.0;0.03660667499291409
2022-04-28T01:00:00.0;0.03517809344978847
2022-04-28T02:00:00.0;0.033787490682837346
2022-04-28T03:00:00.0;0.03225211419755437
2022-04-28T04:00:00.0;0.03101769958590213
2022-04-28T05:00:00.0;0.030297647476380748
2022-04-28T06:00:00.0;0.025924483974510085
2022-04-28T07:00:00.0;0.02470933059686119
2022-04-28T08:00:00.0;0.026296125125129827
2022-04-28T09:00:00.0;0.02327182716784982
2022-04-28T10:00:00.0;0.0215795918855171
2022-04-28T11:00:00.0;0.020596944520713298
2022-04-28T12:00:00.0;0.020712822966222746
2022-04-28T13:00:00.0;0.0219892948596388
2022-04-28T14:00:00.0;0.02380057646639381
2022-04-28T15:00:00.0;0.026334210348218565
2022-04-28T16:00:00.0;0.030560782687033144
2022-04-28T17:00:00.0;0.0286105201762999
2022-04-28T18:00:00.0;0.031677980205703324
2022-04-28T19:00:00.0;0.03448301051067734
2022-04-28T20:00:00.0;0.03647977821639444
2022-04-28T21:00:00.0;0.03668560190994583
2022-04-28T22:00:00.0;0.035489733813661134
2022-04-28T23:00:00.0;0.033322151073955225
2022-04-29T00:00:00.0;0.037020006276365466
2022-04-29T01:00:00.0;0.03555944562723797
2022-04-29T02:00:00.0;0.034154328442171755
2022-04-29T03:00:00.0;0.032634704345604997
2022-04-29T04:00:00.0;0.03141208330109133
2022-04-29T05:00:00.0;0.030754332097064494
2022-04-29T06:00:00.0;0.02705112647820942
2022-04-29T07:00:00.0;0.026228511572568065
2022-04-29T08:00:00.0;0.027725560424890678
2022-04-29T09:00:00.0;0.024935754728551033
2022-04-29T10:00:00.0;0.023302136789679673
2022-04-29T11:00:00.0;0.022326859027592048
2022-04-29T12:00:00.0;0.022346205573417058
2022-04-29T13:00:00.0;0.023417220629915858
2022-04-29T14:00:00.0;0.025018419344600803
2022-04-29T15:00:00.0;0.02743285861037428
2022-04-29T16:00:00.0;0.031458002973241146
2022-04-29T17:00:00.0;0.030158720379611575
2022-04-29T18:00:00.0;0.033170552013260614
2022-04-29T19:00:00.0;0.03577645703193339
2022-04-29T20:00:00.0;0.03753965803821278
2022-04-29T21:00:00.0;0.03762850095401288
2022-04-29T22:00:00.0;0.03634005233652624
2022-04-29T23:00:00.0;0.03422001319117262
2022-04-30T00:00:00.0;0.037203480662373035
2022-04-30T01:00:00.0;0.03575291600444104
2022-04-30T02:00:00.0;0.03433912198993271
2022-04-30T03:00:00.0;0.03275403094689574
2022-04-30T04:00:00.0;0.031498711687698105
2022-04-30T05:00:00.0;0.030642230690587392
2022-04-30T06:00:00.0;0.026248959032226286
2022-04-30T07:00:00.0;0.025124622338778324
2022-04-30T08:00:00.0;0.02683936772331351
2022-04-30T09:00:00.0;0.02388114889864337
2022-04-30T10:00:00.0;0.021786619252620664
2022-04-30T11:00:00.0;0.0208473512465781
2022-04-30T12:00:00.0;0.020973568554804936
2022-04-30T13:00:00.0;0.02230803131678663
2022-04-30T14:00:00.0;0.024037192591435552
2022-04-30T15:00:00.0;0.026421498711119498
2022-04-30T16:00:00.0;0.0307161032750561
2022-04-30T17:00:00.0;0.028979612879264406
2022-04-30T18:00:00.0;0.03206309241876217
2022-04-30T19:00:00.0;0.034798537889731494
2022-04-30T20:00:00.0;0.03669974106971947
2022-04-30T21:00:00.0;0.03685847785775423
2022-04-30T22:00:00.0;0.03555557346441951
2022-04-30T23:00:00.0;0.03336157007430006
2022-05-01T00:00:00.0;0.0369495983061432
2022-05-01T01:00:00.0;0.03550815094701495
2022-05-01T02:00:00.0;0.03410326982530367
2022-05-01T03:00:00.0;0.03250712931635803
2022-05-01T04:00:00.0;0.03128781384247039
2022-05-01T05:00:00.0;0.03014972560429916
2022-05-01T06:00:00.0;0.026006770179765302
2022-05-01T07:00:00.0;0.02475131877552699
2022-05-01T08:00:00.0;0.02606471712311403
2022-05-01T09:00:00.0;0.023303673579435108
2022-05-01T10:00:00.0;0.021178568104727787
2022-05-01T11:00:00.0;0.020305565917989692
2022-05-01T12:00:00.0;0.020526174759809213
2022-05-01T13:00:00.0;0.021952877829814827
2022-05-01T14:00:00.0;0.023788539427949625
2022-05-01T15:00:00.0;0.025840993294485914
2022-05-01T16:00:00.0;0.030197318837344098
2022-05-01T17:00:00.0;0.028560183379541706
2022-05-01T18:00:00.0;0.03167890976584464
2022-05-01T19:00:00.0;0.03438135565723498
2022-05-01T20:00:00.0;0.03618406519344884
2022-05-01T21:00:00.0;0.03627474265368067
2022-05-01T22:00:00.0;0.03497389623247998
2022-05-01T23:00:00.0;0.03281148771442096
2022-05-02T00:00:00.0;0.03696207527730293
2022-05-02T01:00:00.0;0.03552153923303577
2022-05-02T02:00:00.0;0.034116427486313855
2022-05-02T03:00:00.0;0.03252061295922428
2022-05-02T04:00:00.0;0.031296756915814676
2022-05-02T05:00:00.0;0.030185802400201297
2022-05-02T06:00:00.0;0.02598553293406459
2022-05-02T07:00:00.0;0.024726936511990927
2022-05-02T08:00:00.0;0.026087937295441968
2022-05-02T09:00:00.0;0.023294627358253647
2022-05-02T10:00:00.0;0.02117072727674752
2022-05-02T11:00:00.0;0.02029146543516191
2022-05-02T12:00:00.0;0.020505915135672088
2022-05-02T13:00:00.0;0.021931196756048453
2022-05-02T14:00:00.0;0.023762890183261318
2022-05-02T15:00:00.0;0.025854794264873845
2022-05-02T16:00:00.0;0.03021303256218416
2022-05-02T17:00:00.0;0.028532335296990313
2022-05-02T18:00:00.0;0.031652196610461404
2022-05-02T19:00:00.0;0.034368660307280766
2022-05-02T20:00:00.0;0.03619302535407451
2022-05-02T21:00:00.0;0.03629612943021218
2022-05-02T22:00:00.0;0.034996333963535374
2022-05-02T23:00:00.0;0.03282781266979836
2022-05-03T00:00:00.0;0.03690131432526491
2022-05-03T01:00:00.0;0.03547082623505766
2022-05-03T02:00:00.0;0.03407230201828998
2022-05-03T03:00:00.0;0.03252093414485246
2022-05-03T04:00:00.0;0.03127113461270407
2022-05-03T05:00:00.0;0.030555119869349848
2022-05-03T06:00:00.0;0.026126989223874873
2022-05-03T07:00:00.0;0.024972374089070222
2022-05-03T08:00:00.0;0.02668028309171043
2022-05-03T09:00:00.0;0.023633149956637452
2022-05-03T10:00:00.0;0.021827546860342054
2022-05-03T11:00:00.0;0.02086446197419774
2022-05-03T12:00:00.0;0.020960487129951782
2022-05-03T13:00:00.0;0.02222636588483684
2022-05-03T14:00:00.0;0.023961486405891484
2022-05-03T15:00:00.0;0.026484990922497564
2022-05-03T16:00:00.0;0.030713372420752342
2022-05-03T17:00:00.0;0.02875992761865829
2022-05-03T18:00:00.0;0.031862383791211334
2022-05-03T19:00:00.0;0.03467377621543459
2022-05-03T20:00:00.0;0.03666632006698379
2022-05-03T21:00:00.0;0.036867204347867166
2022-05-03T22:00:00.0;0.035593020862581023
2022-05-03T23:00:00.0;0.033402600308371694
2022-05-04T00:00:00.0;0.03669348347817664
2022-05-04T01:00:00.0;0.035270134201609495
2022-05-04T02:00:00.0;0.03387866962236507
2022-05-04T03:00:00.0;0.03231553008464946
2022-05-04T04:00:00.0;0.031096930126573406
2022-05-04T05:00:00.0;0.03012506526264436
2022-05-04T06:00:00.0;0.02591416730680742
2022-05-04T07:00:00.0;0.024643543609677302
2022-05-04T08:00:00.0;0.02600006148120069
2022-05-04T09:00:00.0;0.023129521647543068
2022-05-04T10:00:00.0;0.02128014932312996
2022-05-04T11:00:00.0;0.02037675741253751
2022-05-04T12:00:00.0;0.020558013644785725
2022-05-04T13:00:00.0;0.021910121540534816
2022-05-04T14:00:00.0;0.023739557271695487
2022-05-04T15:00:00.0;0.025964205062105724
2022-05-04T16:00:00.0;0.0302518864247498
2022-05-04T17:00:00.0;0.02839319215808275
2022-05-04T18:00:00.0;0.03152625526120575
2022-05-04T19:00:00.0;0.03430588585546617
2022-05-04T20:00:00.0;0.03620835748257217
2022-05-04T21:00:00.0;0.03634782320296626
2022-05-04T22:00:00.0;0.03507398878988892
2022-05-04T23:00:00.0;0.03291069804313105
2022-05-05T00:00:00.0;0.03642673146674607
2022-05-05T01:00:00.0;0.035018797204741575
2022-05-05T02:00:00.0;0.033640496115168055
2022-05-05T03:00:00.0;0.032108023945285696
2022-05-05T04:00:00.0;0.030898800583394916
2022-05-05T05:00:00.0;0.03003257161564303
2022-05-05T06:00:00.0;0.025867043490036715
2022-05-05T07:00:00.0;0.02458805803070543
2022-05-05T08:00:00.0;0.02589427268788937
2022-05-05T09:00:00.0;0.0229817185143975
2022-05-05T10:00:00.0;0.021391489874060463
2022-05-05T11:00:00.0;0.02047127343972552
2022-05-05T12:00:00.0;0.020627013906135527
2022-05-05T13:00:00.0;0.02191111294703715
2022-05-05T14:00:00.0;0.02374224687445493
2022-05-05T15:00:00.0;0.0260545978168549
2022-05-05T16:00:00.0;0.030273525949187464
2022-05-05T17:00:00.0;0.02828819664485526
2022-05-05T18:00:00.0;0.031432679837104724
2022-05-05T19:00:00.0;0.034258644505950266
2022-05-05T20:00:00.0;0.03621422713964837
2022-05-05T21:00:00.0;0.03637614931826511
2022-05-05T22:00:00.0;0.035125914688131935
2022-05-05T23:00:00.0;0.03297349733611646
2022-05-06T00:00:00.0;0.036673986585403044
2022-05-06T01:00:00.0;0.03525454779340586
2022-05-06T02:00:00.0;0.03386471062888868
2022-05-06T03:00:00.0;0.03230694218767735
2022-05-06T04:00:00.0;0.03108198315511489
2022-05-06T05:00:00.0;0.03017355544003323
2022-05-06T06:00:00.0;0.02587177649913232
2022-05-06T07:00:00.0;0.02459501395965902
2022-05-06T08:00:00.0;0.026025766583355675
2022-05-06T09:00:00.0;0.023093327983550578
2022-05-06T10:00:00.0;0.02128648619436678
2022-05-06T11:00:00.0;0.020369630330212683
2022-05-06T12:00:00.0;0.020536133974941678
2022-05-06T13:00:00.0;0.021874896334380407
2022-05-06T14:00:00.0;0.023697483337799637
2022-05-06T15:00:00.0;0.026003809972262672
2022-05-06T16:00:00.0;0.030283787346567958
2022-05-06T17:00:00.0;0.028331253313174706
2022-05-06T18:00:00.0;0.03146788578701189
2022-05-06T19:00:00.0;0.034278587045814754
2022-05-06T20:00:00.0;0.03622635764158594
2022-05-06T21:00:00.0;0.03639061065035985
2022-05-06T22:00:00.0;0.0351222246006208
2022-05-06T23:00:00.0;0.03295016302773456
2022-05-07T00:00:00.0;0.037201527709182246
2022-05-07T01:00:00.0;0.035756601298687414
2022-05-07T02:00:00.0;0.03434441352978151
2022-05-07T03:00:00.0;0.03275969714000353
2022-05-07T04:00:00.0;0.031478824840359174
2022-05-07T05:00:00.0;0.030730512118950518
2022-05-07T06:00:00.0;0.025974836056632603
2022-05-07T07:00:00.0;0.024769830254522344
2022-05-07T08:00:00.0;0.026708915657384487
2022-05-07T09:00:00.0;0.02358529711921018
2022-05-07T10:00:00.0;0.02150612576446891
2022-05-07T11:00:00.0;0.020546851447505954
2022-05-07T12:00:00.0;0.02066525565299672
2022-05-07T13:00:00.0;0.021977853254575453
2022-05-07T14:00:00.0;0.02375656707803856
2022-05-07T15:00:00.0;0.026284427623093725
2022-05-07T16:00:00.0;0.030606098950192343
2022-05-07T17:00:00.0;0.028571340937993656
2022-05-07T18:00:00.0;0.031667438950266
2022-05-07T19:00:00.0;0.03449630172909169
2022-05-07T20:00:00.0;0.036532588413717544
2022-05-07T21:00:00.0;0.03682903734127404
2022-05-07T22:00:00.0;0.0355383346428762
2022-05-07T23:00:00.0;0.03330840053258866
2022-05-08T00:00:00.0;0.0364139529641374
2022-05-08T01:00:00.0;0.034940112091889686
2022-05-08T02:00:00.0;0.03359108230498756
2022-05-08T03:00:00.0;0.032164658861981194
2022-05-08T04:00:00.0;0.031177035205665435
2022-05-08T05:00:00.0;0.031177996292237702
2022-05-08T06:00:00.0;0.028781406597470707
2022-05-08T07:00:00.0;0.027511604416679464
2022-05-08T08:00:00.0;0.027060972103922932
2022-05-08T09:00:00.0;0.02356102174559259
2022-05-08T10:00:00.0;0.021154047545267406
2022-05-08T11:00:00.0;0.020070295812344166
2022-05-08T12:00:00.0;0.019972508954140652
2022-05-08T13:00:00.0;0.02080459989754807
2022-05-08T14:00:00.0;0.02242201524547933
2022-05-08T15:00:00.0;0.025122919509573086
2022-05-08T16:00:00.0;0.02947592887601488
2022-05-08T17:00:00.0;0.03003160230197741
2022-05-08T18:00:00.0;0.03363099258686959
2022-05-08T19:00:00.0;0.03381910930685086
2022-05-08T20:00:00.0;0.03567069398772935
2022-05-08T21:00:00.0;0.03546297250728104
2022-05-08T22:00:00.0;0.03427204663359406
2022-05-08T23:00:00.0;0.03230542585289074
2022-05-09T00:00:00.0;0.03701093749073964
2022-05-09T01:00:00.0;0.035578322711460345
2022-05-09T02:00:00.0;0.034173334553486465
2022-05-09T03:00:00.0;0.032583490510358255
2022-05-09T04:00:00.0;0.03133091534594962
2022-05-09T05:00:00.0;0.03041174433970505
2022-05-09T06:00:00.0;0.025839860634851327
2022-05-09T07:00:00.0;0.02455951913487659
2022-05-09T08:00:00.0;0.0262275917563178
2022-05-09T09:00:00.0;0.02321664683152962
2022-05-09T10:00:00.0;0.02113300051096772
2022-05-09T11:00:00.0;0.02021043590070272
2022-05-09T12:00:00.0;0.020381160536490396
2022-05-09T13:00:00.0;0.021788603644071904
2022-05-09T14:00:00.0;0.02359438817831521
2022-05-09T15:00:00.0;0.02595691321032396
2022-05-09T16:00:00.0;0.03031916772539133
2022-05-09T17:00:00.0;0.028335929342726066
2022-05-09T18:00:00.0;0.031464685631819776
2022-05-09T19:00:00.0;0.03427920080714595
2022-05-09T20:00:00.0;0.036252738097277956
2022-05-09T21:00:00.0;0.03644044166137699
2022-05-09T22:00:00.0;0.035150507411167424
2022-05-09T23:00:00.0;0.03294310454432825
2022-05-10T00:00:00.0;0.03680163732340825
2022-05-10T01:00:00.0;0.03517763164023089
2022-05-10T02:00:00.0;0.033788320197521975
2022-05-10T03:00:00.0;0.032465739430395164
2022-05-10T04:00:00.0;0.03157538477825265
2022-05-10T05:00:00.0;0.03185991599045134
2022-05-10T06:00:00.0;0.03254929233893293
2022-05-10T07:00:00.0;0.03244237920110109
2022-05-10T08:00:00.0;0.030615993711008007
2022-05-10T09:00:00.0;0.027777121868567792
2022-05-10T10:00:00.0;0.025391244503818296
2022-05-10T11:00:00.0;0.0242458116741683
2022-05-10T12:00:00.0;0.02380012642189629
2022-05-10T13:00:00.0;0.023915732798222435
2022-05-10T14:00:00.0;0.025175798949743353
2022-05-10T15:00:00.0;0.02777018243038256
2022-05-10T16:00:00.0;0.03175341985975667
2022-05-10T17:00:00.0;0.03510998183837148
2022-05-10T18:00:00.0;0.03836245222532392
2022-05-10T19:00:00.0;0.0369976204820184
2022-05-10T20:00:00.0;0.0377934126227074
2022-05-10T21:00:00.0;0.03775908236074118
2022-05-10T22:00:00.0;0.036499507271685994
2022-05-10T23:00:00.0;0.03489521257412898
2022-05-11T00:00:00.0;0.03599694473638852
2022-05-11T01:00:00.0;0.03444670279930953
2022-05-11T02:00:00.0;0.03314089644999913
2022-05-11T03:00:00.0;0.03188583203366122
2022-05-11T04:00:00.0;0.031191406948121468
2022-05-11T05:00:00.0;0.03195478585405053
2022-05-11T06:00:00.0;0.03252994798386724
2022-05-11T07:00:00.0;0.031592867580217246
2022-05-11T08:00:00.0;0.028743053204156876
2022-05-11T09:00:00.0;0.025179626237711035
2022-05-11T10:00:00.0;0.02252597203758522
2022-05-11T11:00:00.0;0.021313121577912174
2022-05-11T12:00:00.0;0.02092800261478417
2022-05-11T13:00:00.0;0.021067228845855733
2022-05-11T14:00:00.0;0.022400707380804175
2022-05-11T15:00:00.0;0.025109551442517815
2022-05-11T16:00:00.0;0.029282885601761722
2022-05-11T17:00:00.0;0.03308842528831195
2022-05-11T18:00:00.0;0.0370406658860488
2022-05-11T19:00:00.0;0.034472829305230615
2022-05-11T20:00:00.0;0.035879847515745446
2022-05-11T21:00:00.0;0.03512983268406125
2022-05-11T22:00:00.0;0.03400620512973079
2022-05-11T23:00:00.0;0.03235629294182232
2022-05-12T00:00:00.0;0.036572472569196234
2022-05-12T01:00:00.0;0.035108709697001896
2022-05-12T02:00:00.0;0.03374650651615641
2022-05-12T03:00:00.0;0.03228327150205828
2022-05-12T04:00:00.0;0.031229765030509015
2022-05-12T05:00:00.0;0.031061867756144803
2022-05-12T06:00:00.0;0.02809630735612357
2022-05-12T07:00:00.0;0.026819845184839448
2022-05-12T08:00:00.0;0.02691167728356911
2022-05-12T09:00:00.0;0.023475295171350944
2022-05-12T10:00:00.0;0.021134934072854054
2022-05-12T11:00:00.0;0.020078539884647747
2022-05-12T12:00:00.0;0.02003242223186408
2022-05-12T13:00:00.0;0.020992608601363632
2022-05-12T14:00:00.0;0.022646236064137456
2022-05-12T15:00:00.0;0.02532625671651136
2022-05-12T16:00:00.0;0.029686001476220955
2022-05-12T17:00:00.0;0.02961629355825615
2022-05-12T18:00:00.0;0.033112091651546154
2022-05-12T19:00:00.0;0.03390464803466697
2022-05-12T20:00:00.0;0.03581322364217333
2022-05-12T21:00:00.0;0.035710976750548316
2022-05-12T22:00:00.0;0.034498841856151805
2022-05-12T23:00:00.0;0.03246941343752302
2022-05-13T00:00:00.0;0.03590442819549268
2022-05-13T01:00:00.0;0.03434266691959245
2022-05-13T02:00:00.0;0.03301515703811663
2022-05-13T03:00:00.0;0.03173639497435836
2022-05-13T04:00:00.0;0.030965098593174898
2022-05-13T05:00:00.0;0.031529433588314004
2022-05-13T06:00:00.0;0.03205264840613729
2022-05-13T07:00:00.0;0.031214625111378267
2022-05-13T08:00:00.0;0.02849948125890719
2022-05-13T09:00:00.0;0.025023924461878344
2022-05-13T10:00:00.0;0.022409822769455363
2022-05-13T11:00:00.0;0.021231618349967108
2022-05-13T12:00:00.0;0.020844087247612445
2022-05-13T13:00:00.0;0.02104152408675686
2022-05-13T14:00:00.0;0.022504082672636552
2022-05-13T15:00:00.0;0.02530687013830238
2022-05-13T16:00:00.0;0.02960244193411458
2022-05-13T17:00:00.0;0.032924058300156114
2022-05-13T18:00:00.0;0.03664688067539515
2022-05-13T19:00:00.0;0.03443469530377361
2022-05-13T20:00:00.0;0.03564543823121784
2022-05-13T21:00:00.0;0.03547618247433689
2022-05-13T22:00:00.0;0.034320726209478694
2022-05-13T23:00:00.0;0.03271273794355097
2022-05-14T00:00:00.0;0.03707408502092176
2022-05-14T01:00:00.0;0.03564244214964934
2022-05-14T02:00:00.0;0.03423317900483882
2022-05-14T03:00:00.0;0.032643696425794025
2022-05-14T04:00:00.0;0.03135851519438507
2022-05-14T05:00:00.0;0.03059620994972094
2022-05-14T06:00:00.0;0.025726661830535055
2022-05-14T07:00:00.0;0.024438139477337237
2022-05-14T08:00:00.0;0.026349602805279933
2022-05-14T09:00:00.0;0.023133796662187487
2022-05-14T10:00:00.0;0.02101975320702977
2022-05-14T11:00:00.0;0.020060219662043147
2022-05-14T12:00:00.0;0.020186180646569577
2022-05-14T13:00:00.0;0.021583778770567705
2022-05-14T14:00:00.0;0.023383006597590916
2022-05-14T15:00:00.0;0.02601246052401251
2022-05-14T16:00:00.0;0.030419651661852506
2022-05-14T17:00:00.0;0.02818258276083043
2022-05-14T18:00:00.0;0.031297672863813124
2022-05-14T19:00:00.0;0.03415590042730325
2022-05-14T20:00:00.0;0.03622337615755656
2022-05-14T21:00:00.0;0.03657424095197489
2022-05-14T22:00:00.0;0.03528694324498971
2022-05-14T23:00:00.0;0.0330559894414969
2022-05-15T00:00:00.0;0.03714868300971601
2022-05-15T01:00:00.0;0.03571695083069066
2022-05-15T02:00:00.0;0.03430765354227715
2022-05-15T03:00:00.0;0.03271748496868276
2022-05-15T04:00:00.0;0.03143555728167632
2022-05-15T05:00:00.0;0.030683223824220465
2022-05-15T06:00:00.0;0.025785553129036534
2022-05-15T07:00:00.0;0.024513959633506686
2022-05-15T08:00:00.0;0.026487940193674238
2022-05-15T09:00:00.0;0.023292196141410308
2022-05-15T10:00:00.0;0.021187379378372204
2022-05-15T11:00:00.0;0.020225158103057195
2022-05-15T12:00:00.0;0.020352887807288084
2022-05-15T13:00:00.0;0.02174586328943994
2022-05-15T14:00:00.0;0.02351371453336826
2022-05-15T15:00:00.0;0.02611348883009165
2022-05-15T16:00:00.0;0.030482775859214193
2022-05-15T17:00:00.0;0.028287874460815262
2022-05-15T18:00:00.0;0.0314145314192056
2022-05-15T19:00:00.0;0.0342966408303385
2022-05-15T20:00:00.0;0.036385194544888894
2022-05-15T21:00:00.0;0.0366419118781823
2022-05-15T22:00:00.0;0.035353744643912256
2022-05-15T23:00:00.0;0.033109988194356094
2022-05-16T00:00:00.0;0.036632039092800155
2022-05-16T01:00:00.0;0.035115925386663804
2022-05-16T02:00:00.0;0.033758414246225533
2022-05-16T03:00:00.0;0.03236520093390211
2022-05-16T04:00:00.0;0.03142183717299249
2022-05-16T05:00:00.0;0.03154855460263826
2022-05-16T06:00:00.0;0.030028921652543925
2022-05-16T07:00:00.0;0.02910463574496815
2022-05-16T08:00:00.0;0.0283063992669688
2022-05-16T09:00:00.0;0.02501064658836565
2022-05-16T10:00:00.0;0.02261492367365381
2022-05-16T11:00:00.0;0.02150452342702825
2022-05-16T12:00:00.0;0.021307449357408297
2022-05-16T13:00:00.0;0.021915304939794492
2022-05-16T14:00:00.0;0.023370233501850517
2022-05-16T15:00:00.0;0.025989523119132166
2022-05-16T16:00:00.0;0.030169557891988948
2022-05-16T17:00:00.0;0.03167054485622249
2022-05-16T18:00:00.0;0.035217814432983024
2022-05-16T19:00:00.0;0.034925589596383685
2022-05-16T20:00:00.0;0.03652403438199069
2022-05-16T21:00:00.0;0.036163425808442326
2022-05-16T22:00:00.0;0.0349562671766501
2022-05-16T23:00:00.0;0.03307369440683261
2022-05-17T00:00:00.0;0.03682663234370674
2022-05-17T01:00:00.0;0.035410078795160706
2022-05-17T02:00:00.0;0.034015462009309626
2022-05-17T03:00:00.0;0.03245264192944749
2022-05-17T04:00:00.0;0.031192948526414625
2022-05-17T05:00:00.0;0.03045308083958166
2022-05-17T06:00:00.0;0.02572960120795267
2022-05-17T07:00:00.0;0.02443176127693457
2022-05-17T08:00:00.0;0.026215065605320702
2022-05-17T09:00:00.0;0.023061625700636267
2022-05-17T10:00:00.0;0.021201200682188476
2022-05-17T11:00:00.0;0.020243654470573354
2022-05-17T12:00:00.0;0.020372378209825834
2022-05-17T13:00:00.0;0.021717576745347328
2022-05-17T14:00:00.0;0.02351164471517478
2022-05-17T15:00:00.0;0.02607912773928893
2022-05-17T16:00:00.0;0.030389559752797786
2022-05-17T17:00:00.0;0.028154799896035962
2022-05-17T18:00:00.0;0.03129697905987817
2022-05-17T19:00:00.0;0.03419715551225577
2022-05-17T20:00:00.0;0.0362874035767593
2022-05-17T21:00:00.0;0.03653529458421951
2022-05-17T22:00:00.0;0.03526880843065363
2022-05-17T23:00:00.0;0.03305034221693563
2022-05-18T00:00:00.0;0.03712505571307682
2022-05-18T01:00:00.0;0.03569642371918275
2022-05-18T02:00:00.0;0.034288299433259464
2022-05-18T03:00:00.0;0.0326967430441647
2022-05-18T04:00:00.0;0.03141357581137443
2022-05-18T05:00:00.0;0.030657055546672984
2022-05-18T06:00:00.0;0.025708121412099046
2022-05-18T07:00:00.0;0.02440844319455109
2022-05-18T08:00:00.0;0.02639125079647568
2022-05-18T09:00:00.0;0.023176461094070847
2022-05-18T10:00:00.0;0.021068306461255314
2022-05-18T11:00:00.0;0.020107277878224014
2022-05-18T12:00:00.0;0.020241273795380894
2022-05-18T13:00:00.0;0.021647987729975286
2022-05-18T14:00:00.0;0.02342784692452035
2022-05-18T15:00:00.0;0.026035069440566227
2022-05-18T16:00:00.0;0.030418293092907514
2022-05-18T17:00:00.0;0.028168569718662766
2022-05-18T18:00:00.0;0.031303256018267896
2022-05-18T19:00:00.0;0.03420282729850397
2022-05-18T20:00:00.0;0.03631006745224739
2022-05-18T21:00:00.0;0.036575494198655155
2022-05-18T22:00:00.0;0.0352894268254466
2022-05-18T23:00:00.0;0.0330410573994157
2022-05-19T00:00:00.0;0.037040614121027965
2022-05-19T01:00:00.0;0.035610655382504526
2022-05-19T02:00:00.0;0.03420612397971237
2022-05-19T03:00:00.0;0.03263080499606036
2022-05-19T04:00:00.0;0.03136113592867847
2022-05-19T05:00:00.0;0.030621510847968388
2022-05-19T06:00:00.0;0.025889320056521815
2022-05-19T07:00:00.0;0.024652635878983132
2022-05-19T08:00:00.0;0.02652450244987022
2022-05-19T09:00:00.0;0.023379969697065222
2022-05-19T10:00:00.0;0.021392704428995095
2022-05-19T11:00:00.0;0.02043063192817859
2022-05-19T12:00:00.0;0.02054834508811086
2022-05-19T13:00:00.0;0.021896471084477127
2022-05-19T14:00:00.0;0.023656266610500312
2022-05-19T15:00:00.0;0.026228798639155015
2022-05-19T16:00:00.0;0.030547829348710268
2022-05-19T17:00:00.0;0.02842628344807586
2022-05-19T18:00:00.0;0.03154663374590743
2022-05-19T19:00:00.0;0.034407838995932444
2022-05-19T20:00:00.0;0.03646594057096461
2022-05-19T21:00:00.0;0.03670405891915823
2022-05-19T22:00:00.0;0.03542231608574154
2022-05-19T23:00:00.0;0.0331978560224401
2022-05-20T00:00:00.0;0.036924502787337256
2022-05-20T01:00:00.0;0.03549856900313891
2022-05-20T02:00:00.0;0.03409926054795908
2022-05-20T03:00:00.0;0.03253627488909385
2022-05-20T04:00:00.0;0.03127671385969963
2022-05-20T05:00:00.0;0.03054530019288598
2022-05-20T06:00:00.0;0.025922575858109236
2022-05-20T07:00:00.0;0.024695489362293013
2022-05-20T08:00:00.0;0.026481985416186637
2022-05-20T09:00:00.0;0.023368843678463362
2022-05-20T10:00:00.0;0.021485187216795515
2022-05-20T11:00:00.0;0.02052418112534403
2022-05-20T12:00:00.0;0.020637740019528474
2022-05-20T13:00:00.0;0.02195607631185561
2022-05-20T14:00:00.0;0.023717975975975615
2022-05-20T15:00:00.0;0.02627171256881271
2022-05-20T16:00:00.0;0.030556222925933987
2022-05-20T17:00:00.0;0.02845812114537234
2022-05-20T18:00:00.0;0.031579047073396274
2022-05-20T19:00:00.0;0.03443500861800919
2022-05-20T20:00:00.0;0.03648019602561375
2022-05-20T21:00:00.0;0.03670831433332062
2022-05-20T22:00:00.0;0.0354340173019777
2022-05-20T23:00:00.0;0.033223388426462136
2022-05-21T00:00:00.0;0.03552590026166581
2022-05-21T01:00:00.0;0.033996324199688316
2022-05-21T02:00:00.0;0.03270416133273828
2022-05-21T03:00:00.0;0.031453205580997276
2022-05-21T04:00:00.0;0.030761583827148217
2022-05-21T05:00:00.0;0.03151923797772403
2022-05-21T06:00:00.0;0.031983848552166044
2022-05-21T07:00:00.0;0.030779756129798844
2022-05-21T08:00:00.0;0.027614900318108482
2022-05-21T09:00:00.0;0.023820022744512465
2022-05-21T10:00:00.0;0.02108879780224939
2022-05-21T11:00:00.0;0.019884207909988502
2022-05-21T12:00:00.0;0.019523989057798567
2022-05-21T13:00:00.0;0.019739510459146434
2022-05-21T14:00:00.0;0.021251762443775402
2022-05-21T15:00:00.0;0.024118543911595094
2022-05-21T16:00:00.0;0.028516151813997054
2022-05-21T17:00:00.0;0.03198166872604666
2022-05-21T18:00:00.0;0.03599472352328204
2022-05-21T19:00:00.0;0.0332787175152035
2022-05-21T20:00:00.0;0.03474348581256546
2022-05-21T21:00:00.0;0.034320892603194646
2022-05-21T22:00:00.0;0.033223422254334764
2022-05-21T23:00:00.0;0.03159990292438739
2022-05-22T00:00:00.0;0.03712505571307682
2022-05-22T01:00:00.0;0.03569642371918275
2022-05-22T02:00:00.0;0.034288299433259464
2022-05-22T03:00:00.0;0.0326967430441647
2022-05-22T04:00:00.0;0.03141357581137443
2022-05-22T05:00:00.0;0.030657055546672984
2022-05-22T06:00:00.0;0.025708121412099046
2022-05-22T07:00:00.0;0.02440844319455109
2022-05-22T08:00:00.0;0.02639125079647568
2022-05-22T09:00:00.0;0.023176461094070847
2022-05-22T10:00:00.0;0.021068306461255314
2022-05-22T11:00:00.0;0.020107277878224014
2022-05-22T12:00:00.0;0.020241273795380894
2022-05-22T13:00:00.0;0.021647987729975286
2022-05-22T14:00:00.0;0.02342784692452035
2022-05-22T15:00:00.0;0.026035069440566227
2022-05-22T16:00:00.0;0.030418293092907514
2022-05-22T17:00:00.0;0.028168569718662766
2022-05-22T18:00:00.0;0.031303256018267896
2022-05-22T19:00:00.0;0.03420282729850397
2022-05-22T20:00:00.0;0.03631006745224739
2022-05-22T21:00:00.0;0.036575494198655155
2022-05-22T22:00:00.0;0.0352894268254466
2022-05-22T23:00:00.0;0.0330410573994157
2022-05-23T00:00:00.0;0.037336100963996983
2022-05-23T01:00:00.0;0.035879777298096514
2022-05-23T02:00:00.0;0.034461175444271144
2022-05-23T03:00:00.0;0.0328820153895933
2022-05-23T04:00:00.0;0.031609920106970266
2022-05-23T05:00:00.0;0.030890797509856193
2022-05-23T06:00:00.0;0.02639976194888161
2022-05-23T07:00:00.0;0.02535094388244818
2022-05-23T08:00:00.0;0.02725490601715976
2022-05-23T09:00:00.0;0.024210237089649554
2022-05-23T10:00:00.0;0.02213189719084589
2022-05-23T11:00:00.0;0.021160215165479206
2022-05-23T12:00:00.0;0.02123823961457184
2022-05-23T13:00:00.0;0.02252223806515356
2022-05-23T14:00:00.0;0.0241948390748268
2022-05-23T15:00:00.0;0.026735532129638594
2022-05-23T16:00:00.0;0.030994270184279273
2022-05-23T17:00:00.0;0.029234231170670547
2022-05-23T18:00:00.0;0.03229719727488997
2022-05-23T19:00:00.0;0.03504079453056065
2022-05-23T20:00:00.0;0.036981122476423524
2022-05-23T21:00:00.0;0.03716875444570728
2022-05-23T22:00:00.0;0.03586393055915797
2022-05-23T23:00:00.0;0.03365676545677304
2022-05-24T00:00:00.0;0.036151741724265135
2022-05-24T01:00:00.0;0.03459152841465064
2022-05-24T02:00:00.0;0.033276261040460636
2022-05-24T03:00:00.0;0.03201484419518985
2022-05-24T04:00:00.0;0.03130369344616841
2022-05-24T05:00:00.0;0.032028551600005596
2022-05-24T06:00:00.0;0.0326338719169398
2022-05-24T07:00:00.0;0.03181546463617534
2022-05-24T08:00:00.0;0.029109302608456972
2022-05-24T09:00:00.0;0.02564915298889527
2022-05-24T10:00:00.0;0.023032174544147608
2022-05-24T11:00:00.0;0.021823350686959262
2022-05-24T12:00:00.0;0.021428558197464517
2022-05-24T13:00:00.0;0.02155153574858354
2022-05-24T14:00:00.0;0.022845446826324587
2022-05-24T15:00:00.0;0.025515233487568446
2022-05-24T16:00:00.0;0.029630826629710005
2022-05-24T17:00:00.0;0.03346295387845434
2022-05-24T18:00:00.0;0.03734593917025378
2022-05-24T19:00:00.0;0.034905335778784304
2022-05-24T20:00:00.0;0.036250994069454485
2022-05-24T21:00:00.0;0.03549880539435461
2022-05-24T22:00:00.0;0.034359035885669034
2022-05-24T23:00:00.0;0.032707950253390995
2022-05-25T00:00:00.0;0.03767446803116015
2022-05-25T01:00:00.0;0.03617374654156642
2022-05-25T02:00:00.0;0.034738346091674234
2022-05-25T03:00:00.0;0.03317906097520011
2022-05-25T04:00:00.0;0.031924717256706224
2022-05-25T05:00:00.0;0.0312655540239707
2022-05-25T06:00:00.0;0.027508663376143782
2022-05-25T07:00:00.0;0.026862047269861748
2022-05-25T08:00:00.0;0.02863959713334876
2022-05-25T09:00:00.0;0.025867681406460893
2022-05-25T10:00:00.0;0.023837143218720897
2022-05-25T11:00:00.0;0.02284838061929487
2022-05-25T12:00:00.0;0.02283666648667983
2022-05-25T13:00:00.0;0.02392391623886708
2022-05-25T14:00:00.0;0.025424551107221874
2022-05-25T15:00:00.0;0.02785857803910708
2022-05-25T16:00:00.0;0.03191772938703745
2022-05-25T17:00:00.0;0.030942797170296465
2022-05-25T18:00:00.0;0.03389077489139321
2022-05-25T19:00:00.0;0.03638430031168393
2022-05-25T20:00:00.0;0.038057019325301124
2022-05-25T21:00:00.0;0.03811992358590016
2022-05-25T22:00:00.0;0.03678502754003124
2022-05-25T23:00:00.0;0.03464392498151185
2022-05-26T00:00:00.0;0.035787493112476525
2022-05-26T01:00:00.0;0.03425074317029254
2022-05-26T02:00:00.0;0.03295773827824617
2022-05-26T03:00:00.0;0.03171126916194625
2022-05-26T04:00:00.0;0.031039475119977178
2022-05-26T05:00:00.0;0.03185497541528615
2022-05-26T06:00:00.0;0.032389331316553804
2022-05-26T07:00:00.0;0.03129167751516497
2022-05-26T08:00:00.0;0.028247491025979322
2022-05-26T09:00:00.0;0.024544322270530133
2022-05-26T10:00:00.0;0.02184104309625252
2022-05-26T11:00:00.0;0.020622744349498193
2022-05-26T12:00:00.0;0.020250714373657757
2022-05-26T13:00:00.0;0.020411926254767933
2022-05-26T14:00:00.0;0.02179894244752121
2022-05-26T15:00:00.0;0.024560634023042403
2022-05-26T16:00:00.0;0.028812095993197322
2022-05-26T17:00:00.0;0.03258166076735547
2022-05-26T18:00:00.0;0.0366276088492759
2022-05-26T19:00:00.0;0.033887616475957213
2022-05-26T20:00:00.0;0.03537765913695305
2022-05-26T21:00:00.0;0.0346305856740887
2022-05-26T22:00:00.0;0.03352879936227317
2022-05-26T23:00:00.0;0.03188047493025159
2022-05-27T00:00:00.0;0.035388571503950354
2022-05-27T01:00:00.0;0.03385148726621891
2022-05-27T02:00:00.0;0.03254211989191173
2022-05-27T03:00:00.0;0.03127107437346382
2022-05-27T04:00:00.0;0.030513012093092016
2022-05-27T05:00:00.0;0.03109706092849866
2022-05-27T06:00:00.0;0.031503176204999546
2022-05-27T07:00:00.0;0.030352849838309878
2022-05-27T08:00:00.0;0.02726689046677723
2022-05-27T09:00:00.0;0.023520360678992616
2022-05-27T10:00:00.0;0.020814115993477066
2022-05-27T11:00:00.0;0.01964062260481373
2022-05-27T12:00:00.0;0.019281319164816197
2022-05-27T13:00:00.0;0.019556634676592008
2022-05-27T14:00:00.0;0.021202637863216276
2022-05-27T15:00:00.0;0.024170127223830825
2022-05-27T16:00:00.0;0.02870104402054708
2022-05-27T17:00:00.0;0.031705052879348085
2022-05-27T18:00:00.0;0.03552616142533643
2022-05-27T19:00:00.0;0.033101199718825663
2022-05-27T20:00:00.0;0.03440244313517312
2022-05-27T21:00:00.0;0.03452395725924585
2022-05-27T22:00:00.0;0.03340199961476575
2022-05-27T23:00:00.0;0.0318180917451146
2022-05-28T00:00:00.0;0.03560715755077146
2022-05-28T01:00:00.0;0.03408202406890642
2022-05-28T02:00:00.0;0.032800041091817
2022-05-28T03:00:00.0;0.03156097243501901
2022-05-28T04:00:00.0;0.030908663474512016
2022-05-28T05:00:00.0;0.031769039717092835
2022-05-28T06:00:00.0;0.03226826190104181
2022-05-28T07:00:00.0;0.031032356157102793
2022-05-28T08:00:00.0;0.02782081740038364
2022-05-28T09:00:00.0;0.023997332490096824
2022-05-28T10:00:00.0;0.02125132675480661
2022-05-28T11:00:00.0;0.020028337092351644
2022-05-28T12:00:00.0;0.019667576591679586
2022-05-28T13:00:00.0;0.019847717877466184
2022-05-28T14:00:00.0;0.02128082940914443
2022-05-28T15:00:00.0;0.024088022117142904
2022-05-28T16:00:00.0;0.028406751279608275
2022-05-28T17:00:00.0;0.032145342046917755
2022-05-28T18:00:00.0;0.036271971249760476
2022-05-28T19:00:00.0;0.033383754618441265
2022-05-28T20:00:00.0;0.03494528042496306
2022-05-28T21:00:00.0;0.03420073944854307
2022-05-28T22:00:00.0;0.0331177582081025
2022-05-28T23:00:00.0;0.031470800816566766
2022-05-29T00:00:00.0;0.03561443880194977
2022-05-29T01:00:00.0;0.034089768230964025
2022-05-29T02:00:00.0;0.03280718016285046
2022-05-29T03:00:00.0;0.03156642064708718
2022-05-29T04:00:00.0;0.03091108550363032
2022-05-29T05:00:00.0;0.03176370560690534
2022-05-29T06:00:00.0;0.03223679336655695
2022-05-29T07:00:00.0;0.03100058171052835
2022-05-29T08:00:00.0;0.027813959869504648
2022-05-29T09:00:00.0;0.023993394827499962
2022-05-29T10:00:00.0;0.021250448819276305
2022-05-29T11:00:00.0;0.020028715765772843
2022-05-29T12:00:00.0;0.019670328576986754
2022-05-29T13:00:00.0;0.019856353645866454
2022-05-29T14:00:00.0;0.02129112850179894
2022-05-29T15:00:00.0;0.02409736196679156
2022-05-29T16:00:00.0;0.028416400504807985
2022-05-29T17:00:00.0;0.03212626574857307
2022-05-29T18:00:00.0;0.03624813667077986
2022-05-29T19:00:00.0;0.033387683652723626
2022-05-29T20:00:00.0;0.03495182721274984
2022-05-29T21:00:00.0;0.03421213098076299
2022-05-29T22:00:00.0;0.0331281755503667
2022-05-29T23:00:00.0;0.031478333227421496
2022-05-30T00:00:00.0;0.036780243404522725
2022-05-30T01:00:00.0;0.03536556741090098
2022-05-30T02:00:00.0;0.03397305032186889
2022-05-30T03:00:00.0;0.03241469720752685
2022-05-30T04:00:00.0;0.031158652734748108
2022-05-30T05:00:00.0;0.030421373636816976
2022-05-30T06:00:00.0;0.02573294017214184
2022-05-30T07:00:00.0;0.02443538599676753
2022-05-30T08:00:00.0;0.026187678192147044
2022-05-30T09:00:00.0;0.023043774913368984
2022-05-30T10:00:00.0;0.021221858655274796
2022-05-30T11:00:00.0;0.020264853766935344
2022-05-30T12:00:00.0;0.02039275796333268
2022-05-30T13:00:00.0;0.021728394130757805
2022-05-30T14:00:00.0;0.02352467080834781
2022-05-30T15:00:00.0;0.026085976458088373
2022-05-30T16:00:00.0;0.030385093248818166
2022-05-30T17:00:00.0;0.02815265942203167
2022-05-30T18:00:00.0;0.0312960033271746
2022-05-30T19:00:00.0;0.034196273851587286
2022-05-30T20:00:00.0;0.03628388055125393
2022-05-30T21:00:00.0;0.03652904568530382
2022-05-30T22:00:00.0;0.035265603368449076
2022-05-30T23:00:00.0;0.03305178551152807
2022-05-31T00:00:00.0;0.03699453367245636
2022-05-31T01:00:00.0;0.035571184452956525
2022-05-31T02:00:00.0;0.03416896797002074
2022-05-31T03:00:00.0;0.03258998003938437
2022-05-31T04:00:00.0;0.03131707960362002
2022-05-31T05:00:00.0;0.030567842711027044
2022-05-31T06:00:00.0;0.025717516074430097
2022-05-31T07:00:00.0;0.0244186418720289
2022-05-31T08:00:00.0;0.02631419231836388
2022-05-31T09:00:00.0;0.02312623530271217
2022-05-31T10:00:00.0;0.021126430679005003
2022-05-31T11:00:00.0;0.020166925187896423
2022-05-31T12:00:00.0;0.02029861520179898
2022-05-31T13:00:00.0;0.021678424020237338
2022-05-31T14:00:00.0;0.023464497735945708
2022-05-31T15:00:00.0;0.026054339308967254
2022-05-31T16:00:00.0;0.030405725933060485
2022-05-31T17:00:00.0;0.02816254718312198
2022-05-31T18:00:00.0;0.03130051065211361
2022-05-31T19:00:00.0;0.0342003466177294
2022-05-31T20:00:00.0;0.036300154906580076
2022-05-31T21:00:00.0;0.03655791201090836
2022-05-31T22:00:00.0;0.03528040891586271
2022-05-31T23:00:00.0;0.03304511831908177
2022-06-01T00:00:00.0;0.03693873611460167
2022-06-01T01:00:00.0;0.035517645256283537
2022-06-01T02:00:00.0;0.0341179543313104
2022-06-01T03:00:00.0;0.032544339357491466
2022-06-01T04:00:00.0;0.031275827929118614
2022-06-01T05:00:00.0;0.030529704643811176
2022-06-01T06:00:00.0;0.025721532248345627
2022-06-01T07:00:00.0;0.024423001758634294
2022-06-01T08:00:00.0;0.02628125018176995
2022-06-01T09:00:00.0;0.02310476401337428
2022-06-01T10:00:00.0;0.021151278508438485
2022-06-01T11:00:00.0;0.020192424131956002
2022-06-01T12:00:00.0;0.020323128383073756
2022-06-01T13:00:00.0;0.02169143539102733
2022-06-01T14:00:00.0;0.023480165785274437
2022-06-01T15:00:00.0;0.026062577086984267
2022-06-01T16:00:00.0;0.0304003535313933
2022-06-01T17:00:00.0;0.02815997257753298
2022-06-01T18:00:00.0;0.0312993370210081
2022-06-01T19:00:00.0;0.03419928613837757
2022-06-01T20:00:00.0;0.036295917339976544
2022-06-01T21:00:00.0;0.03655039570842527
2022-06-01T22:00:00.0;0.03527655380197281
2022-06-01T23:00:00.0;0.03304685434311981
2022-06-02T00:00:00.0;0.03712505571307682
2022-06-02T01:00:00.0;0.03569642371918275
2022-06-02T02:00:00.0;0.034288299433259464
2022-06-02T03:00:00.0;0.0326967430441647
2022-06-02T04:00:00.0;0.03141357581137443
2022-06-02T05:00:00.0;0.030657055546672984
2022-06-02T06:00:00.0;0.025708121412099046
2022-06-02T07:00:00.0;0.02440844319455109
2022-06-02T08:00:00.0;0.02639125079647568
2022-06-02T09:00:00.0;0.023176461094070847
2022-06-02T10:00:00.0;0.021068306461255314
2022-06-02T11:00:00.0;0.020107277878224014
2022-06-02T12:00:00.0;0.020241273795380894
2022-06-02T13:00:00.0;0.021647987729975286
2022-06-02T14:00:00.0;0.02342784692452035
2022-06-02T15:00:00.0;0.026035069440566227
2022-06-02T16:00:00.0;0.030418293092907514
2022-06-02T17:00:00.0;0.028168569718662766
2022-06-02T18:00:00.0;0.031303256018267896
2022-06-02T19:00:00.0;0.03420282729850397
2022-06-02T20:00:00.0;0.03631006745224739
2022-06-02T21:00:00.0;0.036575494198655155
2022-06-02T22:00:00.0;0.0352894268254466
2022-06-02T23:00:00.0;0.0330410573994157
2022-06-03T00:00:00.0;0.036902352510115845
2022-06-03T01:00:00.0;0.03545956199689859
2022-06-03T02:00:00.0;0.034069944929839266
2022-06-03T03:00:00.0;0.032530104887029364
2022-06-03T04:00:00.0;0.031339496009826356
2022-06-03T05:00:00.0;0.030820203801637785
2022-06-03T06:00:00.0;0.02667061305682349
2022-06-03T07:00:00.0;0.025380291418317623
2022-06-03T08:00:00.0;0.02660099415702683
2022-06-03T09:00:00.0;0.023296897822735422
2022-06-03T10:00:00.0;0.021095158859257314
2022-06-03T11:00:00.0;0.020095695832540967
2022-06-03T12:00:00.0;0.020157102005753068
2022-06-03T13:00:00.0;0.021383855476373417
2022-06-03T14:00:00.0;0.023112840496973645
2022-06-03T15:00:00.0;0.025749402268676124
2022-06-03T16:00:00.0;0.03012316340908783
2022-06-03T17:00:00.0;0.028752034378507825
2022-06-03T18:00:00.0;0.0320322567010105
2022-06-03T19:00:00.0;0.03408265447410925
2022-06-03T20:00:00.0;0.036109828431024664
2022-06-03T21:00:00.0;0.03622707458643723
2022-06-03T22:00:00.0;0.03497080363394223
2022-06-03T23:00:00.0;0.03281067226610749
2022-06-04T00:00:00.0;0.03530087083776256
2022-06-04T01:00:00.0;0.033758991741136064
2022-06-04T02:00:00.0;0.03243863725253649
2022-06-04T03:00:00.0;0.031154762040198784
2022-06-04T04:00:00.0;0.03035426961966663
2022-06-04T05:00:00.0;0.030827450913217053
2022-06-04T06:00:00.0;0.031196210018413162
2022-06-04T07:00:00.0;0.030080219642084523
2022-06-04T08:00:00.0;0.02704464498586413
2022-06-04T09:00:00.0;0.023328990981818492
2022-06-04T10:00:00.0;0.02063869914692757
2022-06-04T11:00:00.0;0.01948506455642848
2022-06-04T12:00:00.0;0.019126345715465013
2022-06-04T13:00:00.0;0.019439846844047343
2022-06-04T14:00:00.0;0.02117126600408857
2022-06-04T15:00:00.0;0.024203069274152295
2022-06-04T16:00:00.0;0.028819119578479147
2022-06-04T17:00:00.0;0.031528400920667776
2022-06-04T18:00:00.0;0.035226929066260335
2022-06-04T19:00:00.0;0.03298783359463203
2022-06-04T20:00:00.0;0.034184647019462576
2022-06-04T21:00:00.0;0.03465363807709602
2022-06-04T22:00:00.0;0.03351604239601851
2022-06-04T23:00:00.0;0.03195743113222358
2022-06-05T00:00:00.0;0.03593324287402368
2022-06-05T01:00:00.0;0.03442391226938692
2022-06-05T02:00:00.0;0.03304576980958843
2022-06-05T03:00:00.0;0.03161236615157072
2022-06-05T04:00:00.0;0.030539101379123662
2022-06-05T05:00:00.0;0.030309561856534873
2022-06-05T06:00:00.0;0.028437207440448465
2022-06-05T07:00:00.0;0.027333866618824205
2022-06-05T08:00:00.0;0.0264872166216079
2022-06-05T09:00:00.0;0.023065120671300576
2022-06-05T10:00:00.0;0.02064230754140307
2022-06-05T11:00:00.0;0.01959489452643961
2022-06-05T12:00:00.0;0.019440800820068636
2022-06-05T13:00:00.0;0.020269832821161526
2022-06-05T14:00:00.0;0.02216379837264994
2022-06-05T15:00:00.0;0.025121279629559838
2022-06-05T16:00:00.0;0.029769797158715864
2022-06-05T17:00:00.0;0.029985377206264093
2022-06-05T18:00:00.0;0.03321318520338757
2022-06-05T19:00:00.0;0.0334240585078937
2022-06-05T20:00:00.0;0.034800235712112625
2022-06-05T21:00:00.0;0.03575713890608877
2022-06-05T22:00:00.0;0.03454633123222431
2022-06-05T23:00:00.0;0.03274862113248425
2022-06-06T00:00:00.0;0.036362929122759215
2022-06-06T01:00:00.0;0.0347982535634341
2022-06-06T02:00:00.0;0.03346850849892515
2022-06-06T03:00:00.0;0.03218477017831411
2022-06-06T04:00:00.0;0.03142883365148469
2022-06-06T05:00:00.0;0.03204283050234545
2022-06-06T06:00:00.0;0.03241902289425085
2022-06-06T07:00:00.0;0.031704763345459304
2022-06-06T08:00:00.0;0.029372717837781847
2022-06-06T09:00:00.0;0.026034457569449113
2022-06-06T10:00:00.0;0.02348060663163412
2022-06-06T11:00:00.0;0.022287744651879486
2022-06-06T12:00:00.0;0.021907498309152448
2022-06-06T13:00:00.0;0.022073520240841582
2022-06-06T14:00:00.0;0.02334802220941154
2022-06-06T15:00:00.0;0.025973135040662947
2022-06-06T16:00:00.0;0.030039629261578386
2022-06-06T17:00:00.0;0.03361398814351415
2022-06-06T18:00:00.0;0.037387768834823094
2022-06-06T19:00:00.0;0.035334381089974755
2022-06-06T20:00:00.0;0.03665031630132006
2022-06-06T21:00:00.0;0.035943687879498816
2022-06-06T22:00:00.0;0.03477978799342772
2022-06-06T23:00:00.0;0.033099344050009194
2022-06-07T00:00:00.0;0.036923799055953783
2022-06-07T01:00:00.0;0.03545179092254734
2022-06-07T02:00:00.0;0.034065644169850716
2022-06-07T03:00:00.0;0.0325665034519653
2022-06-07T04:00:00.0;0.031440467578402895
2022-06-07T05:00:00.0;0.031093386773288184
2022-06-07T06:00:00.0;0.027770956048034565
2022-06-07T07:00:00.0;0.026672944822111976
2022-06-07T08:00:00.0;0.027371131607600338
2022-06-07T09:00:00.0;0.024139231144780587
2022-06-07T10:00:00.0;0.02190271040544813
2022-06-07T11:00:00.0;0.020871928756021726
2022-06-07T12:00:00.0;0.020847515163947877
2022-06-07T13:00:00.0;0.021873445597431852
2022-06-07T14:00:00.0;0.02349167594267116
2022-06-07T15:00:00.0;0.026096603923306563
2022-06-07T16:00:00.0;0.030372000492573766
2022-06-07T17:00:00.0;0.029899913874601496
2022-06-07T18:00:00.0;0.03321536531376685
2022-06-07T19:00:00.0;0.03463287583631836
2022-06-07T20:00:00.0;0.036487150341875677
2022-06-07T21:00:00.0;0.036456333209128194
2022-06-07T22:00:00.0;0.03520424512848405
2022-06-07T23:00:00.0;0.03312847271409603
2022-06-08T00:00:00.0;0.03772850472951216
2022-06-08T01:00:00.0;0.03622069297600324
2022-06-08T02:00:00.0;0.03478260981624803
2022-06-08T03:00:00.0;0.03322649869672782
2022-06-08T04:00:00.0;0.03197498987562559
2022-06-08T05:00:00.0;0.031325402060833264
2022-06-08T06:00:00.0;0.027685753222473856
2022-06-08T07:00:00.0;0.02710336814842407
2022-06-08T08:00:00.0;0.028860730167315496
2022-06-08T09:00:00.0;0.026132372705568924
2022-06-08T10:00:00.0;0.024109468377303236
2022-06-08T11:00:00.0;0.02311797803656402
2022-06-08T12:00:00.0;0.023091932790962926
2022-06-08T13:00:00.0;0.02414776207970074
2022-06-08T14:00:00.0;0.025620934220718938
2022-06-08T15:00:00.0;0.028037926737413312
2022-06-08T16:00:00.0;0.032065204396346705
2022-06-08T17:00:00.0;0.031215652523243008
2022-06-08T18:00:00.0;0.03414526677704111
2022-06-08T19:00:00.0;0.03659885611121077
2022-06-08T20:00:00.0;0.03822883839140617
2022-06-08T21:00:00.0;0.0382718238294471
2022-06-08T22:00:00.0;0.0369321253061516
2022-06-08T23:00:00.0;0.034801572833919145
2022-06-09T00:00:00.0;0.03712505571307682
2022-06-09T01:00:00.0;0.03569642371918275
2022-06-09T02:00:00.0;0.034288299433259464
2022-06-09T03:00:00.0;0.0326967430441647
2022-06-09T04:00:00.0;0.03141357581137443
2022-06-09T05:00:00.0;0.030657055546672984
2022-06-09T06:00:00.0;0.025708121412099046
2022-06-09T07:00:00.0;0.02440844319455109
2022-06-09T08:00:00.0;0.02639125079647568
2022-06-09T09:00:00.0;0.023176461094070847
2022-06-09T10:00:00.0;0.021068306461255314
2022-06-09T11:00:00.0;0.020107277878224014
2022-06-09T12:00:00.0;0.020241273795380894
2022-06-09T13:00:00.0;0.021647987729975286
2022-06-09T14:00:00.0;0.02342784692452035
2022-06-09T15:00:00.0;0.026035069440566227
2022-06-09T16:00:00.0;0.030418293092907514
2022-06-09T17:00:00.0;0.028168569718662766
2022-06-09T18:00:00.0;0.031303256018267896
2022-06-09T19:00:00.0;0.03420282729850397
2022-06-09T20:00:00.0;0.03631006745224739
2022-06-09T21:00:00.0;0.036575494198655155
2022-06-09T22:00:00.0;0.0352894268254466
2022-06-09T23:00:00.0;0.0330410573994157
2022-06-10T00:00:00.0;0.03699152417789417
2022-06-10T01:00:00.0;0.03547411426954151
2022-06-10T02:00:00.0;0.034090877082593896
2022-06-10T03:00:00.0;0.03265025828382411
2022-06-10T04:00:00.0;0.03161552210387531
2022-06-10T05:00:00.0;0.03151335019689981
2022-06-10T06:00:00.0;0.02941744801081613
2022-06-10T07:00:00.0;0.02863064318263621
2022-06-10T08:00:00.0;0.028591983703575498
2022-06-10T09:00:00.0;0.02549061196167082
2022-06-10T10:00:00.0;0.023211366503025455
2022-06-10T11:00:00.0;0.02213535054627459
2022-06-10T12:00:00.0;0.021982155276073476
2022-06-10T13:00:00.0;0.022708219370949807
2022-06-10T14:00:00.0;0.024153933418988346
2022-06-10T15:00:00.0;0.026703113156273058
2022-06-10T16:00:00.0;0.030820021385868028
2022-06-10T17:00:00.0;0.03167960773392458
2022-06-10T18:00:00.0;0.03503084428252964
2022-06-10T19:00:00.0;0.03554495676883878
2022-06-10T20:00:00.0;0.0371300109605273
2022-06-10T21:00:00.0;0.0368803948977708
2022-06-10T22:00:00.0;0.035630708600145534
2022-06-10T23:00:00.0;0.03367903412793869
2022-06-11T00:00:00.0;0.0358569726323423
2022-06-11T01:00:00.0;0.03434772132735042
2022-06-11T02:00:00.0;0.03304497806334694
2022-06-11T03:00:00.0;0.03174789711443134
2022-06-11T04:00:00.0;0.030991761748000824
2022-06-11T05:00:00.0;0.03158602980039525
2022-06-11T06:00:00.0;0.031188596563762258
2022-06-11T07:00:00.0;0.02994219517124008
2022-06-11T08:00:00.0;0.02758553989189531
2022-06-11T09:00:00.0;0.023862233799124073
2022-06-11T10:00:00.0;0.021221205346995432
2022-06-11T11:00:00.0;0.020041329135791517
2022-06-11T12:00:00.0;0.019761995451454694
2022-06-11T13:00:00.0;0.02014400558056943
2022-06-11T14:00:00.0;0.021634184705999822
2022-06-11T15:00:00.0;0.024408466398585703
2022-06-11T16:00:00.0;0.02873781003878702
2022-06-11T17:00:00.0;0.03149084642379713
2022-06-11T18:00:00.0;0.03545422205440445
2022-06-11T19:00:00.0;0.033518557277449394
2022-06-11T20:00:00.0;0.035169896536250814
2022-06-11T21:00:00.0;0.03459157564977344
2022-06-11T22:00:00.0;0.03347517057360842
2022-06-11T23:00:00.0;0.03172923302636388
2022-06-12T00:00:00.0;0.03706058899655668
2022-06-12T01:00:00.0;0.035627858483919216
2022-06-12T02:00:00.0;0.034225091550814456
2022-06-12T03:00:00.0;0.03264850568298331
2022-06-12T04:00:00.0;0.03139213165833679
2022-06-12T05:00:00.0;0.030704282673017516
2022-06-12T06:00:00.0;0.025986737413972713
2022-06-12T07:00:00.0;0.024689767679826363
2022-06-12T08:00:00.0;0.02645196597967401
2022-06-12T09:00:00.0;0.023211324357563252
2022-06-12T10:00:00.0;0.021076079523819593
2022-06-12T11:00:00.0;0.020103925180796026
2022-06-12T12:00:00.0;0.020216908277378532
2022-06-12T13:00:00.0;0.021571528393556316
2022-06-12T14:00:00.0;0.023336660853567292
2022-06-12T15:00:00.0;0.025952376312023417
2022-06-12T16:00:00.0;0.030332860816179936
2022-06-12T17:00:00.0;0.028337467383023427
2022-06-12T18:00:00.0;0.031514282531279414
2022-06-12T19:00:00.0;0.03416804042835269
2022-06-12T20:00:00.0;0.036252103525165044
2022-06-12T21:00:00.0;0.036474635890053085
2022-06-12T22:00:00.0;0.03519719379650785
2022-06-12T23:00:00.0;0.03297436696622047
2022-06-13T00:00:00.0;0.03650455228897304
2022-06-13T01:00:00.0;0.03503647133519214
2022-06-13T02:00:00.0;0.03367991250734508
2022-06-13T03:00:00.0;0.03223245000430689
2022-06-13T04:00:00.0;0.031207172087016843
2022-06-13T05:00:00.0;0.031111624899498844
2022-06-13T06:00:00.0;0.028389849170309414
2022-06-13T07:00:00.0;0.027116240579315203
2022-06-13T08:00:00.0;0.02697564505607611
2022-06-13T09:00:00.0;0.02351202610405107
2022-06-13T10:00:00.0;0.021143123548230752
2022-06-13T11:00:00.0;0.020075007578969645
2022-06-13T12:00:00.0;0.02000675142218376
2022-06-13T13:00:00.0;0.0209120532413953
2022-06-13T14:00:00.0;0.02255016503980276
2022-06-13T15:00:00.0;0.02523913361227499
2022-06-13T16:00:00.0;0.029595992484160224
2022-06-13T17:00:00.0;0.029794239284541682
2022-06-13T18:00:00.0;0.03333442312229492
2022-06-13T19:00:00.0;0.033867997587796066
2022-06-13T20:00:00.0;0.03575215451405913
2022-06-13T21:00:00.0;0.03560471533453607
2022-06-13T22:00:00.0;0.03440166778696531
2022-06-13T23:00:00.0;0.03239915031330432
2022-06-14T00:00:00.0;0.03712505571307682
2022-06-14T01:00:00.0;0.03569642371918275
2022-06-14T02:00:00.0;0.034288299433259464
2022-06-14T03:00:00.0;0.0326967430441647
2022-06-14T04:00:00.0;0.03141357581137443
2022-06-14T05:00:00.0;0.030657055546672984
2022-06-14T06:00:00.0;0.025708121412099046
2022-06-14T07:00:00.0;0.02440844319455109
2022-06-14T08:00:00.0;0.02639125079647568
2022-06-14T09:00:00.0;0.023176461094070847
2022-06-14T10:00:00.0;0.021068306461255314
2022-06-14T11:00:00.0;0.020107277878224014
2022-06-14T12:00:00.0;0.020241273795380894
2022-06-14T13:00:00.0;0.021647987729975286
2022-06-14T14:00:00.0;0.02342784692452035
2022-06-14T15:00:00.0;0.026035069440566227
2022-06-14T16:00:00.0;0.030418293092907514
2022-06-14T17:00:00.0;0.028168569718662766
2022-06-14T18:00:00.0;0.031303256018267896
2022-06-14T19:00:00.0;0.03420282729850397
2022-06-14T20:00:00.0;0.03631006745224739
2022-06-14T21:00:00.0;0.036575494198655155
2022-06-14T22:00:00.0;0.0352894268254466
2022-06-14T23:00:00.0;0.0330410573994157
2022-06-15T00:00:00.0;0.03712505571307682
2022-06-15T01:00:00.0;0.03569642371918275
2022-06-15T02:00:00.0;0.034288299433259464
2022-06-15T03:00:00.0;0.0326967430441647
2022-06-15T04:00:00.0;0.03141357581137443
2022-06-15T05:00:00.0;0.030657055546672984
2022-06-15T06:00:00.0;0.025708121412099046
2022-06-15T07:00:00.0;0.02440844319455109
2022-06-15T08:00:00.0;0.02639125079647568
2022-06-15T09:00:00.0;0.023176461094070847
2022-06-15T10:00:00.0;0.021068306461255314
2022-06-15T11:00:00.0;0.020107277878224014
2022-06-15T12:00:00.0;0.020241273795380894
2022-06-15T13:00:00.0;0.021647987729975286
2022-06-15T14:00:00.0;0.02342784692452035
2022-06-15T15:00:00.0;0.026035069440566227
2022-06-15T16:00:00.0;0.030418293092907514
2022-06-15T17:00:00.0;0.028168569718662766
2022-06-15T18:00:00.0;0.031303256018267896
2022-06-15T19:00:00.0;0.03420282729850397
2022-06-15T20:00:00.0;0.03631006745224739
2022-06-15T21:00:00.0;0.036575494198655155
2022-06-15T22:00:00.0;0.0352894268254466
2022-06-15T23:00:00.0;0.0330410573994157
2022-06-16T00:00:00.0;0.037047627511254885
2022-06-16T01:00:00.0;0.035622129361422956
2022-06-16T02:00:00.0;0.0342175096986259
2022-06-16T03:00:00.0;0.03263340916245437
2022-06-16T04:00:00.0;0.031356332392458046
2022-06-16T05:00:00.0;0.030604132765120813
2022-06-16T06:00:00.0;0.02571369450770466
2022-06-16T07:00:00.0;0.024414493247510074
2022-06-16T08:00:00.0;0.026345538215160152
2022-06-16T09:00:00.0;0.02314666618210426
2022-06-16T10:00:00.0;0.021102786872695945
2022-06-16T11:00:00.0;0.020142661817285155
2022-06-16T12:00:00.0;0.02027528982798188
2022-06-16T13:00:00.0;0.021666043126703057
2022-06-16T14:00:00.0;0.023449588895535285
2022-06-16T15:00:00.0;0.02604650069962825
2022-06-16T16:00:00.0;0.03041083801034568
2022-06-16T17:00:00.0;0.028164997033964342
2022-06-16T18:00:00.0;0.03130162741390607
2022-06-16T19:00:00.0;0.034201355710634554
2022-06-16T20:00:00.0;0.03630418713821883
2022-06-16T21:00:00.0;0.036565064104436135
2022-06-16T22:00:00.0;0.03528407722686575
2022-06-16T23:00:00.0;0.03304346641559406
2022-06-17T00:00:00.0;0.03604997693377797
2022-06-17T01:00:00.0;0.03461232065712351
2022-06-17T02:00:00.0;0.03327196369458894
2022-06-17T03:00:00.0;0.03185256348023711
2022-06-17T04:00:00.0;0.030824097086407216
2022-06-17T05:00:00.0;0.03063724727001689
2022-06-17T06:00:00.0;0.02793136658778102
2022-06-17T07:00:00.0;0.02665641420565639
2022-06-17T08:00:00.0;0.026530178669889673
2022-06-17T09:00:00.0;0.023230121149908092
2022-06-17T10:00:00.0;0.021383089764915212
2022-06-17T11:00:00.0;0.020341574062972597
2022-06-17T12:00:00.0;0.02030091825836455
2022-06-17T13:00:00.0;0.021182088475153966
2022-06-17T14:00:00.0;0.022873750032951105
2022-06-17T15:00:00.0;0.025471567251826702
2022-06-17T16:00:00.0;0.02969426431503017
2022-06-17T17:00:00.0;0.029465120436792815
2022-06-17T18:00:00.0;0.03294408847783158
2022-06-17T19:00:00.0;0.03391952948217359
2022-06-17T20:00:00.0;0.035812775361168905
2022-06-17T21:00:00.0;0.03570873696945416
2022-06-17T22:00:00.0;0.03452763653466556
2022-06-17T23:00:00.0;0.032536456480004604
2022-06-18T00:00:00.0;0.03712505571307682
2022-06-18T01:00:00.0;0.03569642371918275
2022-06-18T02:00:00.0;0.034288299433259464
2022-06-18T03:00:00.0;0.0326967430441647
2022-06-18T04:00:00.0;0.03141357581137443
2022-06-18T05:00:00.0;0.030657055546672984
2022-06-18T06:00:00.0;0.025708121412099046
2022-06-18T07:00:00.0;0.02440844319455109
2022-06-18T08:00:00.0;0.02639125079647568
2022-06-18T09:00:00.0;0.023176461094070847
2022-06-18T10:00:00.0;0.021068306461255314
2022-06-18T11:00:00.0;0.020107277878224014
2022-06-18T12:00:00.0;0.020241273795380894
2022-06-18T13:00:00.0;0.021647987729975286
2022-06-18T14:00:00.0;0.02342784692452035
2022-06-18T15:00:00.0;0.026035069440566227
2022-06-18T16:00:00.0;0.030418293092907514
2022-06-18T17:00:00.0;0.028168569718662766
2022-06-18T18:00:00.0;0.031303256018267896
2022-06-18T19:00:00.0;0.03420282729850397
2022-06-18T20:00:00.0;0.03631006745224739
2022-06-18T21:00:00.0;0.036575494198655155
2022-06-18T22:00:00.0;0.0352894268254466
2022-06-18T23:00:00.0;0.0330410573994157
2022-06-19T00:00:00.0;0.03605085085975302
2022-06-19T01:00:00.0;0.03455392550514104
2022-06-19T02:00:00.0;0.03323507045316172
2022-06-19T03:00:00.0;0.03189296692076929
2022-06-19T04:00:00.0;0.031056253234517953
2022-06-19T05:00:00.0;0.031443998190354726
2022-06-19T06:00:00.0;0.0303506823735047
2022-06-19T07:00:00.0;0.0290961354449723
2022-06-19T08:00:00.0;0.027402944085395158
2022-06-19T09:00:00.0;0.023757385466643077
2022-06-19T10:00:00.0;0.021197828515153155
2022-06-19T11:00:00.0;0.020051412091298952
2022-06-19T12:00:00.0;0.01983527269737689
2022-06-19T13:00:00.0;0.020373950603584226
2022-06-19T14:00:00.0;0.02190841914440816
2022-06-19T15:00:00.0;0.024657159027066642
2022-06-19T16:00:00.0;0.028994740425034207
2022-06-19T17:00:00.0;0.03098290090481245
2022-06-19T18:00:00.0;0.0348195775667088
2022-06-19T19:00:00.0;0.03362317586338267
2022-06-19T20:00:00.0;0.035344218171400016
2022-06-19T21:00:00.0;0.03489489852934506
2022-06-19T22:00:00.0;0.033752553650095385
2022-06-19T23:00:00.0;0.031929798894630296
2022-06-20T00:00:00.0;0.03649803677271887
2022-06-20T01:00:00.0;0.03503834358916357
2022-06-20T02:00:00.0;0.033679125202994084
2022-06-20T03:00:00.0;0.032221677116692896
2022-06-20T04:00:00.0;0.03117060288591489
2022-06-20T05:00:00.0;0.030996605390772272
2022-06-20T06:00:00.0;0.028058493937254087
2022-06-20T07:00:00.0;0.026782126081381277
2022-06-20T08:00:00.0;0.026852167054746204
2022-06-20T09:00:00.0;0.02343724931187978
2022-06-20T10:00:00.0;0.021171380740083165
2022-06-20T11:00:00.0;0.020117726815446067
2022-06-20T12:00:00.0;0.02007342570779576
2022-06-20T13:00:00.0;0.021024382889665044
2022-06-20T14:00:00.0;0.02268435864239069
2022-06-20T15:00:00.0;0.025351776095028575
2022-06-20T16:00:00.0;0.029691318243008528
2022-06-20T17:00:00.0;0.029585776559950944
2022-06-20T18:00:00.0;0.033077060294764635
2022-06-20T19:00:00.0;0.03390852171786628
2022-06-20T20:00:00.0;0.03581593265498467
2022-06-20T21:00:00.0;0.03571547389788696
2022-06-20T22:00:00.0;0.03450753057763141
2022-06-20T23:00:00.0;0.0324825539976096
2022-06-21T00:00:00.0;0.036474793587125166
2022-06-21T01:00:00.0;0.035072480428672094
2022-06-21T02:00:00.0;0.03369378887696057
2022-06-21T03:00:00.0;0.032164848674972914
2022-06-21T04:00:00.0;0.03093283072876331
2022-06-21T05:00:00.0;0.030212596297541302
2022-06-21T06:00:00.0;0.025754925714812568
2022-06-21T07:00:00.0;0.024459253108854394
2022-06-21T08:00:00.0;0.026007344679459893
2022-06-21T09:00:00.0;0.02292623569373813
2022-06-21T10:00:00.0;0.021357881901721314
2022-06-21T11:00:00.0;0.020404441378047495
2022-06-21T12:00:00.0;0.02052694926187861
2022-06-21T13:00:00.0;0.021799621635772357
2022-06-21T14:00:00.0;0.02361044163758194
2022-06-21T15:00:00.0;0.02613107211975892
2022-06-21T16:00:00.0;0.030355683375495362
2022-06-21T17:00:00.0;0.028138565385710617
2022-06-21T18:00:00.0;0.03128957857633153
2022-06-21T19:00:00.0;0.03419046852180535
2022-06-21T20:00:00.0;0.036260683049516816
2022-06-21T21:00:00.0;0.03648789956154434
2022-06-21T22:00:00.0;0.03524449950872844
2022-06-21T23:00:00.0;0.03306128894224806
2022-06-22T00:00:00.0;0.0364373098054287
2022-06-22T01:00:00.0;0.03503651377282811
2022-06-22T02:00:00.0;0.03365951884489321
2022-06-22T03:00:00.0;0.032134188097300204
2022-06-22T04:00:00.0;0.030905118606206775
2022-06-22T05:00:00.0;0.030186975839571303
2022-06-22T06:00:00.0;0.02575762370719956
2022-06-22T07:00:00.0;0.02446218200115759
2022-06-22T08:00:00.0;0.025985214752915115
2022-06-22T09:00:00.0;0.022911811673167564
2022-06-22T10:00:00.0;0.021374574220344666
2022-06-22T11:00:00.0;0.02042157110360123
2022-06-22T12:00:00.0;0.020543416769972463
2022-06-22T13:00:00.0;0.021808362437359657
2022-06-22T14:00:00.0;0.023620967147357418
2022-06-22T15:00:00.0;0.02613660610878506
2022-06-22T16:00:00.0;0.030352074294040528
2022-06-22T17:00:00.0;0.02813683581263317
2022-06-22T18:00:00.0;0.03128879015236026
2022-06-22T19:00:00.0;0.03418975611111846
2022-06-22T20:00:00.0;0.036257836329559916
2022-06-22T21:00:00.0;0.03648285024662317
2022-06-22T22:00:00.0;0.035241909713529154
2022-06-22T23:00:00.0;0.03306245517153413
2022-06-23T00:00:00.0;0.036318654161404826
2022-06-23T01:00:00.0;0.034922660620360466
2022-06-23T02:00:00.0;0.03355103638817102
2022-06-23T03:00:00.0;0.03203713143905373
2022-06-23T04:00:00.0;0.03081739534029298
2022-06-23T05:00:00.0;0.030105873778812495
2022-06-23T06:00:00.0;0.025766164254864755
2022-06-23T07:00:00.0;0.024471453467023195
2022-06-23T08:00:00.0;0.025915162037646572
2022-06-23T09:00:00.0;0.02286615215396344
2022-06-23T10:00:00.0;0.021427414081395632
2022-06-23T11:00:00.0;0.020475795584844605
2022-06-23T12:00:00.0;0.020595544988895712
2022-06-23T13:00:00.0;0.021836031615726573
2022-06-23T14:00:00.0;0.023654285854397245
2022-06-23T15:00:00.0;0.026154124059274576
2022-06-23T16:00:00.0;0.030340649676113073
2022-06-23T17:00:00.0;0.028131360815231574
2022-06-23T18:00:00.0;0.031286294380860134
2022-06-23T19:00:00.0;0.03418750096115663
2022-06-23T20:00:00.0;0.036248824981863555
2022-06-23T21:00:00.0;0.03646686654149163
2022-06-23T22:00:00.0;0.03523371166617763
2022-06-23T23:00:00.0;0.03306614689314694
2022-06-24T00:00:00.0;0.035422614469016844
2022-06-24T01:00:00.0;0.03406288741231992
2022-06-24T02:00:00.0;0.03273182051394513
2022-06-24T03:00:00.0;0.03130419859869184
2022-06-24T04:00:00.0;0.030154944524309377
2022-06-24T05:00:00.0;0.029493423640665352
2022-06-24T06:00:00.0;0.025830659035249635
2022-06-24T07:00:00.0;0.024541467847633117
2022-06-24T08:00:00.0;0.02538615211185202
2022-06-24T09:00:00.0;0.02252134983226331
2022-06-24T10:00:00.0;0.02182643945630661
2022-06-24T11:00:00.0;0.02088527705446131
2022-06-24T12:00:00.0;0.020989196328728532
2022-06-24T13:00:00.0;0.022044978120349074
2022-06-24T14:00:00.0;0.023905895326937158
2022-06-24T15:00:00.0;0.026286412574473502
2022-06-24T16:00:00.0;0.030254375557274647
2022-06-24T17:00:00.0;0.028090015837266873
2022-06-24T18:00:00.0;0.03126744731845837
2022-06-24T19:00:00.0;0.03417047097581785
2022-06-24T20:00:00.0;0.03618077490903069
2022-06-24T21:00:00.0;0.03634616403005943
2022-06-24T22:00:00.0;0.0351718033103849
2022-06-24T23:00:00.0;0.03309402528970819
2022-06-25T00:00:00.0;0.0364137558461184
2022-06-25T01:00:00.0;0.03498632292228164
2022-06-25T02:00:00.0;0.03362042782349068
2022-06-25T03:00:00.0;0.032133408068873694
2022-06-25T04:00:00.0;0.030995539025798827
2022-06-25T05:00:00.0;0.030546371408303342
2022-06-25T06:00:00.0;0.026886231277332376
2022-06-25T07:00:00.0;0.025600441741382037
2022-06-25T08:00:00.0;0.02637759021237351
2022-06-25T09:00:00.0;0.02314818353105374
2022-06-25T10:00:00.0;0.02129895251117349
2022-06-25T11:00:00.0;0.02029736773555903
2022-06-25T12:00:00.0;0.02033705232579729
2022-06-25T13:00:00.0;0.021437530744892765
2022-06-25T14:00:00.0;0.023178058032942143
2022-06-25T15:00:00.0;0.025760803861541313
2022-06-25T16:00:00.0;0.030023938948075115
2022-06-25T17:00:00.0;0.028842690779149187
2022-06-25T18:00:00.0;0.0321618623286455
2022-06-25T19:00:00.0;0.03405126340750062
2022-06-25T20:00:00.0;0.03603776932013017
2022-06-25T21:00:00.0;0.03610054815709809
2022-06-25T22:00:00.0;0.03487923162714456
2022-06-25T23:00:00.0;0.03278062818608809
2022-06-26T00:00:00.0;0.03712505571307682
2022-06-26T01:00:00.0;0.03569642371918275
2022-06-26T02:00:00.0;0.034288299433259464
2022-06-26T03:00:00.0;0.0326967430441647
2022-06-26T04:00:00.0;0.03141357581137443
2022-06-26T05:00:00.0;0.030657055546672984
2022-06-26T06:00:00.0;0.025708121412099046
2022-06-26T07:00:00.0;0.02440844319455109
2022-06-26T08:00:00.0;0.02639125079647568
2022-06-26T09:00:00.0;0.023176461094070847
2022-06-26T10:00:00.0;0.021068306461255314
2022-06-26T11:00:00.0;0.020107277878224014
2022-06-26T12:00:00.0;0.020241273795380894
2022-06-26T13:00:00.0;0.021647987729975286
2022-06-26T14:00:00.0;0.02342784692452035
2022-06-26T15:00:00.0;0.026035069440566227
2022-06-26T16:00:00.0;0.030418293092907514
2022-06-26T17:00:00.0;0.028168569718662766
2022-06-26T18:00:00.0;0.031303256018267896
2022-06-26T19:00:00.0;0.03420282729850397
2022-06-26T20:00:00.0;0.03631006745224739
2022-06-26T21:00:00.0;0.036575494198655155
2022-06-26T22:00:00.0;0.0352894268254466
2022-06-26T23:00:00.0;0.0330410573994157
2022-06-27T00:00:00.0;0.035255816837602774
2022-06-27T01:00:00.0;0.03390067436289857
2022-06-27T02:00:00.0;0.032577052553750145
2022-06-27T03:00:00.0;0.03116919367809681
2022-06-27T04:00:00.0;0.030036190431956707
2022-06-27T05:00:00.0;0.029389540270120005
2022-06-27T06:00:00.0;0.025922628616542345
2022-06-27T07:00:00.0;0.02466299181607954
2022-06-27T08:00:00.0;0.025371286610097226
2022-06-27T09:00:00.0;0.02256492866347242
2022-06-27T10:00:00.0;0.022031674413326503
2022-06-27T11:00:00.0;0.02109153179600573
2022-06-27T12:00:00.0;0.021185750430638802
2022-06-27T13:00:00.0;0.022188345047399267
2022-06-27T14:00:00.0;0.02404620660903596
2022-06-27T15:00:00.0;0.02639380640818371
2022-06-27T16:00:00.0;0.030301177175955596
2022-06-27T17:00:00.0;0.028201776229204747
2022-06-27T18:00:00.0;0.031375881450508854
2022-06-27T19:00:00.0;0.034261646412251726
2022-06-27T20:00:00.0;0.03624221070130459
2022-06-27T21:00:00.0;0.0363875946875995
2022-06-27T22:00:00.0;0.0352236231724749
2022-06-27T23:00:00.0;0.033169612818420506
2022-06-28T00:00:00.0;0.03602526228807818
2022-06-28T01:00:00.0;0.03464114354663484
2022-06-28T02:00:00.0;0.03328279907453426
2022-06-28T03:00:00.0;0.03179714593296157
2022-06-28T04:00:00.0;0.030600487889050253
2022-06-28T05:00:00.0;0.029905338138620847
2022-06-28T06:00:00.0;0.025787281895743454
2022-06-28T07:00:00.0;0.024494378400440157
2022-06-28T08:00:00.0;0.025741947374885797
2022-06-28T09:00:00.0;0.022753252915290904
2022-06-28T10:00:00.0;0.021558067671012846
2022-06-28T11:00:00.0;0.020609872832185308
2022-06-28T12:00:00.0;0.020724438948630127
2022-06-28T13:00:00.0;0.021904447342102347
2022-06-28T14:00:00.0;0.02373667079238864
2022-06-28T15:00:00.0;0.02619743952355984
2022-06-28T16:00:00.0;0.03031240078763119
2022-06-28T17:00:00.0;0.028117823155414983
2022-06-28T18:00:00.0;0.03128012325363025
2022-06-28T19:00:00.0;0.03418192480270772
2022-06-28T20:00:00.0;0.03622654322524266
2022-06-28T21:00:00.0;0.03642734470306732
2022-06-28T22:00:00.0;0.035213440902912445
2022-06-28T23:00:00.0;0.03307527516621557
2022-06-29T00:00:00.0;0.03598835631278249
2022-06-29T01:00:00.0;0.03460573131094327
2022-06-29T02:00:00.0;0.03324905730943963
2022-06-29T03:00:00.0;0.031766957983108905
2022-06-29T04:00:00.0;0.030573202944357513
2022-06-29T05:00:00.0;0.0298801126158451
2022-06-29T06:00:00.0;0.025789938299016442
2022-06-29T07:00:00.0;0.02449726214434468
2022-06-29T08:00:00.0;0.025720158577560846
2022-06-29T09:00:00.0;0.022739051238652393
2022-06-29T10:00:00.0;0.02157450268025845
2022-06-29T11:00:00.0;0.02062673850580457
2022-06-29T12:00:00.0;0.020740652612763987
2022-06-29T13:00:00.0;0.02191305340565425
2022-06-29T14:00:00.0;0.02374703405314216
2022-06-29T15:00:00.0;0.026202888207044858
2022-06-29T16:00:00.0;0.030308847339580218
2022-06-29T17:00:00.0;0.028116120243425337
2022-06-29T18:00:00.0;0.03127934698308631
2022-06-29T19:00:00.0;0.03418122337371574
2022-06-29T20:00:00.0;0.03622374038701108
2022-06-29T21:00:00.0;0.036422373222514744
2022-06-29T22:00:00.0;0.0352108910289851
2022-06-29T23:00:00.0;0.033076423418266804
2022-06-30T00:00:00.0;0.03534238894345135
2022-06-30T01:00:00.0;0.033982189933666244
2022-06-30T02:00:00.0;0.03265457462188865
2022-06-30T03:00:00.0;0.03124103211029535
2022-06-30T04:00:00.0;0.030103462750958692
2022-06-30T05:00:00.0;0.02945596859520373
2022-06-30T06:00:00.0;0.025973704801007583
2022-06-30T07:00:00.0;0.024733978999230927
2022-06-30T08:00:00.0;0.02548231782785133
2022-06-30T09:00:00.0;0.02267547285767871
2022-06-30T10:00:00.0;0.022086974124624743
2022-06-30T11:00:00.0;0.02114515720299162
2022-06-30T12:00:00.0;0.021236065019830948
2022-06-30T13:00:00.0;0.02224302866389524
2022-06-30T14:00:00.0;0.024088886853303175
2022-06-30T15:00:00.0;0.02644034247062454
2022-06-30T16:00:00.0;0.030354563418273306
2022-06-30T17:00:00.0;0.02829138147712902
2022-06-30T18:00:00.0;0.03145792782565018
2022-06-30T19:00:00.0;0.03433090608855027
2022-06-30T20:00:00.0;0.03630189280217893
2022-06-30T21:00:00.0;0.036445051088770594
2022-06-30T22:00:00.0;0.03527500111832474
2022-06-30T23:00:00.0;0.033217371171829393
2022-07-01T00:00:00.0;0.03484682798813899
2022-07-01T01:00:00.0;0.033394341752837904
2022-07-01T02:00:00.0;0.03213154537453987
2022-07-01T03:00:00.0;0.03091098961495952
2022-07-01T04:00:00.0;0.030182885277426564
2022-07-01T05:00:00.0;0.030679462033401064
2022-07-01T06:00:00.0;0.030612680244843673
2022-07-01T07:00:00.0;0.029367029288674677
2022-07-01T08:00:00.0;0.02675531792229336
2022-07-01T09:00:00.0;0.023332256160141823
2022-07-01T10:00:00.0;0.02172060740069935
2022-07-01T11:00:00.0;0.020580639459670303
2022-07-01T12:00:00.0;0.02033051024721245
2022-07-01T13:00:00.0;0.020596163437296092
2022-07-01T14:00:00.0;0.02217656994448944
2022-07-01T15:00:00.0;0.0247759054556184
2022-07-01T16:00:00.0;0.028828111098665225
2022-07-01T17:00:00.0;0.03103733739954879
2022-07-01T18:00:00.0;0.03493017002286051
2022-07-01T19:00:00.0;0.03357881410253928
2022-07-01T20:00:00.0;0.035218816502240013
2022-07-01T21:00:00.0;0.034673720278356766
2022-07-01T22:00:00.0;0.033613190862926204
2022-07-01T23:00:00.0;0.03192329632798529
2022-07-02T00:00:00.0;0.03630836050733129
2022-07-02T01:00:00.0;0.0348278065172649
2022-07-02T02:00:00.0;0.033487551739803646
2022-07-02T03:00:00.0;0.03208564907597175
2022-07-02T04:00:00.0;0.0311419110218137
2022-07-02T05:00:00.0;0.031255351376656415
2022-07-02T06:00:00.0;0.029237762213692464
2022-07-02T07:00:00.0;0.027972396359614172
2022-07-02T08:00:00.0;0.027160419783367615
2022-07-02T09:00:00.0;0.02361812559457321
2022-07-02T10:00:00.0;0.021166779336451676
2022-07-02T11:00:00.0;0.02006480430327625
2022-07-02T12:00:00.0;0.019932599756866433
2022-07-02T13:00:00.0;0.020679364278083517
2022-07-02T14:00:00.0;0.02227265815428292
2022-07-02T15:00:00.0;0.024987473327804353
2022-07-02T16:00:00.0;0.02933599614053288
2022-07-02T17:00:00.0;0.030308246131403524
2022-07-02T18:00:00.0;0.033976640840153206
2022-07-02T19:00:00.0;0.03376213058539353
2022-07-02T20:00:00.0;0.03557575269403335
2022-07-02T21:00:00.0;0.03529777289468286
2022-07-02T22:00:00.0;0.034120974690581875
2022-07-02T23:00:00.0;0.03219619108700423
2022-07-03T00:00:00.0;0.03712505571307682
2022-07-03T01:00:00.0;0.03569642371918275
2022-07-03T02:00:00.0;0.034288299433259464
2022-07-03T03:00:00.0;0.0326967430441647
2022-07-03T04:00:00.0;0.03141357581137443
2022-07-03T05:00:00.0;0.030657055546672984
2022-07-03T06:00:00.0;0.025708121412099046
2022-07-03T07:00:00.0;0.02440844319455109
2022-07-03T08:00:00.0;0.02639125079647568
2022-07-03T09:00:00.0;0.023176461094070847
2022-07-03T10:00:00.0;0.021068306461255314
2022-07-03T11:00:00.0;0.020107277878224014
2022-07-03T12:00:00.0;0.020241273795380894
2022-07-03T13:00:00.0;0.021647987729975286
2022-07-03T14:00:00.0;0.02342784692452035
2022-07-03T15:00:00.0;0.026035069440566227
2022-07-03T16:00:00.0;0.030418293092907514
2022-07-03T17:00:00.0;0.028168569718662766
2022-07-03T18:00:00.0;0.031303256018267896
2022-07-03T19:00:00.0;0.03420282729850397
2022-07-03T20:00:00.0;0.03631006745224739
2022-07-03T21:00:00.0;0.036575494198655155
2022-07-03T22:00:00.0;0.0352894268254466
2022-07-03T23:00:00.0;0.0330410573994157
2022-07-04T00:00:00.0;0.03619961167110018
2022-07-04T01:00:00.0;0.034808436278903454
2022-07-04T02:00:00.0;0.03344220025223484
2022-07-04T03:00:00.0;0.03193975835247738
2022-07-04T04:00:00.0;0.030729386075180106
2022-07-04T05:00:00.0;0.030024507305595045
2022-07-04T06:00:00.0;0.025774732646794144
2022-07-04T07:00:00.0;0.024480755160124237
2022-07-04T08:00:00.0;0.025844880933475138
2022-07-04T09:00:00.0;0.02282034377361299
2022-07-04T10:00:00.0;0.021480426213255053
2022-07-04T11:00:00.0;0.02053019685109529
2022-07-04T12:00:00.0;0.020647843158500868
2022-07-04T13:00:00.0;0.021863791002349753
2022-07-04T14:00:00.0;0.023687713188531922
2022-07-04T15:00:00.0;0.026171699122546622
2022-07-04T16:00:00.0;0.03032918781115038
2022-07-04T17:00:00.0;0.02812586796800581
2022-07-04T18:00:00.0;0.03128379047253744
2022-07-04T19:00:00.0;0.03418523845885701
2022-07-04T20:00:00.0;0.0362397842549803
2022-07-04T21:00:00.0;0.03645083072559086
2022-07-04T22:00:00.0;0.03522548689119629
2022-07-04T23:00:00.0;0.03306985065067079
2022-07-05T00:00:00.0;0.03576959686135673
2022-07-05T01:00:00.0;0.03439582597199533
2022-07-05T02:00:00.0;0.03304905365249524
2022-07-05T03:00:00.0;0.031588019496955264
2022-07-05T04:00:00.0;0.03041147196487947
2022-07-05T05:00:00.0;0.029730588819762326
2022-07-05T06:00:00.0;0.0258056840777991
2022-07-05T07:00:00.0;0.02451435548030318
2022-07-05T08:00:00.0;0.025591005904806834
2022-07-05T09:00:00.0;0.022654871076337905
2022-07-05T10:00:00.0;0.0216719208782044
2022-07-05T11:00:00.0;0.02072670945845694
2022-07-05T12:00:00.0;0.02083675879186119
2022-07-05T13:00:00.0;0.021964065680129204
2022-07-05T14:00:00.0;0.023808462079884664
2022-07-05T15:00:00.0;0.026235185172526067
2022-07-05T16:00:00.0;0.03028778434530701
2022-07-05T17:00:00.0;0.02810602626569689
2022-07-05T18:00:00.0;0.03127474565452127
2022-07-05T19:00:00.0;0.03417706566699567
2022-07-05T20:00:00.0;0.03620712661785681
2022-07-05T21:00:00.0;0.0363929048681428
2022-07-05T22:00:00.0;0.03519577670082873
2022-07-05T23:00:00.0;0.033083229659988216
2022-07-06T00:00:00.0;0.03598524982473284
2022-07-06T01:00:00.0;0.03458713758757759
2022-07-06T02:00:00.0;0.03322984999197224
2022-07-06T03:00:00.0;0.031774725589871065
2022-07-06T04:00:00.0;0.0306037766405129
2022-07-06T05:00:00.0;0.02995095191466782
2022-07-06T06:00:00.0;0.026366446717658212
2022-07-06T07:00:00.0;0.02527937784625852
2022-07-06T08:00:00.0;0.026320883348153124
2022-07-06T09:00:00.0;0.023514488872264372
2022-07-06T10:00:00.0;0.022519664776916595
2022-07-06T11:00:00.0;0.021565258906656785
2022-07-06T12:00:00.0;0.02163044429681936
2022-07-06T13:00:00.0;0.02266668491874202
2022-07-06T14:00:00.0;0.02442155763418423
2022-07-06T15:00:00.0;0.026799842884256183
2022-07-06T16:00:00.0;0.0307615795514052
2022-07-06T17:00:00.0;0.028976879416426772
2022-07-06T18:00:00.0;0.03208603040845039
2022-07-06T19:00:00.0;0.03486109520714946
2022-07-06T20:00:00.0;0.03675755312210581
2022-07-06T21:00:00.0;0.03688246586790703
2022-07-06T22:00:00.0;0.03566718544098052
2022-07-06T23:00:00.0;0.03358386509773874
2022-07-07T00:00:00.0;0.036993285104856256
2022-07-07T01:00:00.0;0.03537886310121113
2022-07-07T02:00:00.0;0.034012161503589225
2022-07-07T03:00:00.0;0.032716210107016974
2022-07-07T04:00:00.0;0.031914131416941334
2022-07-07T05:00:00.0;0.03242957410098817
2022-07-07T06:00:00.0;0.03319884736744347
2022-07-07T07:00:00.0;0.03302559851248773
2022-07-07T08:00:00.0;0.031100392784448424
2022-07-07T09:00:00.0;0.028201703493201637
2022-07-07T10:00:00.0;0.025784110318090265
2022-07-07T11:00:00.0;0.024597176813639113
2022-07-07T12:00:00.0;0.024149794850714838
2022-07-07T13:00:00.0;0.024184437549554277
2022-07-07T14:00:00.0;0.025263242815764628
2022-07-07T15:00:00.0;0.027720696554518812
2022-07-07T16:00:00.0;0.0315223845529129
2022-07-07T17:00:00.0;0.035499053289688935
2022-07-07T18:00:00.0;0.0390055367833468
2022-07-07T19:00:00.0;0.037256628041473804
2022-07-07T20:00:00.0;0.038268707267801814
2022-07-07T21:00:00.0;0.03750470063963965
2022-07-07T22:00:00.0;0.0362771764851842
2022-07-07T23:00:00.0;0.03461971150176218
2022-07-08T00:00:00.0;0.035592180334070286
2022-07-08T01:00:00.0;0.03422298969646224
2022-07-08T02:00:00.0;0.032885193494971286
2022-07-08T03:00:00.0;0.03144464069762281
2022-07-08T04:00:00.0;0.030290470201808417
2022-07-08T05:00:00.0;0.029644715820700347
2022-07-08T06:00:00.0;0.025924672147493142
2022-07-08T07:00:00.0;0.02463533253254514
2022-07-08T08:00:00.0;0.02552455593924403
2022-07-08T09:00:00.0;0.022609733696341984
2022-07-08T10:00:00.0;0.02174281175587588
2022-07-08T11:00:00.0;0.020795065638864595
2022-07-08T12:00:00.0;0.020894275655647263
2022-07-08T13:00:00.0;0.021969966489655716
2022-07-08T14:00:00.0;0.023815910765946427
2022-07-08T15:00:00.0;0.02622562907301831
2022-07-08T16:00:00.0;0.030239987092916584
2022-07-08T17:00:00.0;0.028164473320230473
2022-07-08T18:00:00.0;0.03135335276876551
2022-07-08T19:00:00.0;0.03416068216617565
2022-07-08T20:00:00.0;0.036173078658472635
2022-07-08T21:00:00.0;0.036333270539017734
2022-07-08T22:00:00.0;0.0351494876622186
2022-07-08T23:00:00.0;0.0330621166908846
2022-07-09T00:00:00.0;0.037144047239048156
2022-07-09T01:00:00.0;0.03571015204224627
2022-07-09T02:00:00.0;0.03430156089498558
2022-07-09T03:00:00.0;0.03271525955812317
2022-07-09T04:00:00.0;0.031439748076526344
2022-07-09T05:00:00.0;0.03070426936348401
2022-07-09T06:00:00.0;0.025878474331638004
2022-07-09T07:00:00.0;0.024618879495608297
2022-07-09T08:00:00.0;0.026540590293904563
2022-07-09T09:00:00.0;0.02334687249408302
2022-07-09T10:00:00.0;0.02123743217236182
2022-07-09T11:00:00.0;0.020272271373588578
2022-07-09T12:00:00.0;0.020392819987997215
2022-07-09T13:00:00.0;0.02176872175281077
2022-07-09T14:00:00.0;0.023528448344425273
2022-07-09T15:00:00.0;0.026127073369670697
2022-07-09T16:00:00.0;0.030490098356892825
2022-07-09T17:00:00.0;0.028373580083173852
2022-07-09T18:00:00.0;0.031506275000658474
2022-07-09T19:00:00.0;0.034327047054350635
2022-07-09T20:00:00.0;0.03640290009245709
2022-07-09T21:00:00.0;0.03664661546546785
2022-07-09T22:00:00.0;0.035359499317887115
2022-07-09T23:00:00.0;0.033123252510755014
2022-07-10T00:00:00.0;0.036844640791787404
2022-07-10T01:00:00.0;0.03539818121378678
2022-07-10T02:00:00.0;0.03401336014152196
2022-07-10T03:00:00.0;0.032486921967971615
2022-07-10T04:00:00.0;0.03132029883356698
2022-07-10T05:00:00.0;0.03086248234101719
2022-07-10T06:00:00.0;0.026920034914952536
2022-07-10T07:00:00.0;0.0256321379575784
2022-07-10T08:00:00.0;0.026655347437915696
2022-07-10T09:00:00.0;0.02332810801849676
2022-07-10T10:00:00.0;0.021102117439148985
2022-07-10T11:00:00.0;0.020092694439883655
2022-07-10T12:00:00.0;0.02013528957310901
2022-07-10T13:00:00.0;0.021315407757532125
2022-07-10T14:00:00.0;0.023031209150964627
2022-07-10T15:00:00.0;0.025675373951433225
2022-07-10T16:00:00.0;0.03004668295906957
2022-07-10T17:00:00.0;0.02890323448544782
2022-07-10T18:00:00.0;0.03222117128106284
2022-07-10T19:00:00.0;0.034051512666986625
2022-07-10T20:00:00.0;0.03605793812214036
2022-07-10T21:00:00.0;0.03613678448619134
2022-07-10T22:00:00.0;0.034888235033057616
2022-07-10T23:00:00.0;0.03275096983819552
2022-07-11T00:00:00.0;0.034087309723834204
2022-07-11T01:00:00.0;0.032781628050451914
2022-07-11T02:00:00.0;0.03151100088566787
2022-07-11T03:00:00.0;0.03021196048920902
2022-07-11T04:00:00.0;0.0291677408038184
2022-07-11T05:00:00.0;0.028580732403208953
2022-07-11T06:00:00.0;0.02592677105686993
2022-07-11T07:00:00.0;0.02464580534010545
2022-07-11T08:00:00.0;0.024597805936829767
2022-07-11T09:00:00.0;0.02200751525526021
2022-07-11T10:00:00.0;0.022421078824510172
2022-07-11T11:00:00.0;0.02149549840301156
2022-07-11T12:00:00.0;0.021575827151550004
2022-07-11T13:00:00.0;0.02235635635669504
2022-07-11T14:00:00.0;0.024280851174841675
2022-07-11T15:00:00.0;0.02648355281678522
2022-07-11T16:00:00.0;0.030125807323913928
2022-07-11T17:00:00.0;0.028028402333161263
2022-07-11T18:00:00.0;0.03123936087086946
2022-07-11T19:00:00.0;0.03414509238999577
2022-07-11T20:00:00.0;0.0360793646858724
2022-07-11T21:00:00.0;0.03616628959186201
2022-07-11T22:00:00.0;0.03507954565488285
2022-07-11T23:00:00.0;0.03313557049750708
2022-07-12T00:00:00.0;0.03419468608323982
2022-07-12T01:00:00.0;0.032884658438255214
2022-07-12T02:00:00.0;0.031609171110590875
2022-07-12T03:00:00.0;0.030299791040417235
2022-07-12T04:00:00.0;0.029247125185458935
2022-07-12T05:00:00.0;0.02865412498470994
2022-07-12T06:00:00.0;0.025919042364963507
2022-07-12T07:00:00.0;0.02463741521033799
2022-07-12T08:00:00.0;0.02466119951236421
2022-07-12T09:00:00.0;0.022048834427092982
2022-07-12T10:00:00.0;0.022373261866810216
2022-07-12T11:00:00.0;0.02144642844570384
2022-07-12T12:00:00.0;0.021528654188002216
2022-07-12T13:00:00.0;0.02233131738223052
2022-07-12T14:00:00.0;0.024250699710143386
2022-07-12T15:00:00.0;0.02646770010481955
2022-07-12T16:00:00.0;0.030136145929302166
2022-07-12T17:00:00.0;0.028033356882888546
2022-07-12T18:00:00.0;0.031241619396873813
2022-07-12T19:00:00.0;0.034147133167700086
2022-07-12T20:00:00.0;0.036087519424038754
2022-07-12T21:00:00.0;0.03618075390227014
2022-07-12T22:00:00.0;0.03508696440420644
2022-07-12T23:00:00.0;0.03313222970718915
2022-07-13T00:00:00.0;0.034478606769363034
2022-07-13T01:00:00.0;0.03315708766344575
2022-07-13T02:00:00.0;0.03186874926886796
2022-07-13T03:00:00.0;0.030532029407406534
2022-07-13T04:00:00.0;0.029457030496344988
2022-07-13T05:00:00.0;0.028848186994368884
2022-07-13T06:00:00.0;0.02589860643734356
2022-07-13T07:00:00.0;0.024615230332647713
2022-07-13T08:00:00.0;0.02482882251207452
2022-07-13T09:00:00.0;0.02215808908688721
2022-07-13T10:00:00.0;0.022246825996627535
2022-07-13T11:00:00.0;0.02131667943927481
2022-07-13T12:00:00.0;0.021403921143865752
2022-07-13T13:00:00.0;0.022265110231521203
2022-07-13T14:00:00.0;0.024170974297658313
2022-07-13T15:00:00.0;0.026425782937175558
2022-07-13T16:00:00.0;0.030163482895759534
2022-07-13T17:00:00.0;0.028046457524089165
2022-07-13T18:00:00.0;0.031247591309651757
2022-07-13T19:00:00.0;0.03415252931829824
2022-07-13T20:00:00.0;0.03610908188777063
2022-07-13T21:00:00.0;0.03621899990872917
2022-07-13T22:00:00.0;0.03510658079285836
2022-07-13T23:00:00.0;0.03312339611025485
2022-07-14T00:00:00.0;0.03430106019465818
2022-07-14T01:00:00.0;0.03298672714325073
2022-07-14T02:00:00.0;0.031706425017332826
2022-07-14T03:00:00.0;0.030386801783674654
2022-07-14T04:00:00.0;0.029325768595463264
2022-07-14T05:00:00.0;0.02872683252187253
2022-07-14T06:00:00.0;0.0259113858124549
2022-07-14T07:00:00.0;0.02462910339381116
2022-07-14T08:00:00.0;0.0247240013740071
2022-07-14T09:00:00.0;0.0220897679269116
2022-07-14T10:00:00.0;0.02232589123127909
2022-07-14T11:00:00.0;0.021397816506028847
2022-07-14T12:00:00.0;0.021481921535599545
2022-07-14T13:00:00.0;0.022306512120865422
2022-07-14T14:00:00.0;0.02422082967838782
2022-07-14T15:00:00.0;0.026451995361631626
2022-07-14T16:00:00.0;0.030146388034431884
2022-07-14T17:00:00.0;0.028038265186984858
2022-07-14T18:00:00.0;0.031243856841858524
2022-07-14T19:00:00.0;0.0341491548968414
2022-07-14T20:00:00.0;0.036095598046103204
2022-07-14T21:00:00.0;0.03619508320320249
2022-07-14T22:00:00.0;0.03509431390712776
2022-07-14T23:00:00.0;0.033128920099716214
2022-07-15T00:00:00.0;0.035016975503378754
2022-07-15T01:00:00.0;0.033673666356873765
2022-07-15T02:00:00.0;0.03236095984484946
2022-07-15T03:00:00.0;0.030972398432056087
2022-07-15T04:00:00.0;0.029855051711452443
2022-07-15T05:00:00.0;0.029216166234935007
2022-07-15T06:00:00.0;0.025859855951665976
2022-07-15T07:00:00.0;0.02457316349814019
2022-07-15T08:00:00.0;0.025146668257582463
2022-07-15T09:00:00.0;0.022365257129772307
2022-07-15T10:00:00.0;0.022007079043723628
2022-07-15T11:00:00.0;0.021070650136919986
2022-07-15T12:00:00.0;0.02116740307968872
2022-07-15T13:00:00.0;0.022139568622007413
2022-07-15T14:00:00.0;0.02401979943972688
2022-07-15T15:00:00.0;0.026346299850591903
2022-07-15T16:00:00.0;0.030215319090664678
2022-07-15T17:00:00.0;0.02807129888283014
2022-07-15T18:00:00.0;0.03125891521551369
2022-07-15T19:00:00.0;0.03416276146730351
2022-07-15T20:00:00.0;0.036149968504593455
2022-07-15T21:00:00.0;0.036291521761080484
2022-07-15T22:00:00.0;0.03514377727356816
2022-07-15T23:00:00.0;0.03310664589573806
2022-07-16T00:00:00.0;0.03664144233140027
2022-07-16T01:00:00.0;0.03518218071521791
2022-07-16T02:00:00.0;0.033811520205259994
2022-07-16T03:00:00.0;0.03232731783186042
2022-07-16T04:00:00.0;0.03123338170156829
2022-07-16T05:00:00.0;0.030961546783432412
2022-07-16T06:00:00.0;0.02769591333431859
2022-07-16T07:00:00.0;0.026421125149442563
2022-07-16T08:00:00.0;0.026801253751358004
2022-07-16T09:00:00.0;0.02340237993280738
2022-07-16T10:00:00.0;0.021098877397110853
2022-07-16T11:00:00.0;0.020059605521617487
2022-07-16T12:00:00.0;0.020040319235988435
2022-07-16T13:00:00.0;0.021072503672556874
2022-07-16T14:00:00.0;0.022757614477389707
2022-07-16T15:00:00.0;0.025436418131483222
2022-07-16T16:00:00.0;0.029812346842023586
2022-07-16T17:00:00.0;0.029374980510388067
2022-07-16T18:00:00.0;0.032798875997277474
2022-07-16T19:00:00.0;0.03393201461162865
2022-07-16T20:00:00.0;0.03585451317403525
2022-07-16T21:00:00.0;0.03585868660443093
2022-07-16T22:00:00.0;0.034633241424101215
2022-07-16T23:00:00.0;0.032575076532805544
2022-07-17T00:00:00.0;0.03697234348383007
2022-07-17T01:00:00.0;0.03553903154988629
2022-07-17T02:00:00.0;0.03413525730105637
2022-07-17T03:00:00.0;0.032546693142105315
2022-07-17T04:00:00.0;0.03130283109223251
2022-07-17T05:00:00.0;0.030341420962396455
2022-07-17T06:00:00.0;0.02587508242536863
2022-07-17T07:00:00.0;0.024599872814955497
2022-07-17T08:00:00.0;0.026179517090045453
2022-07-17T09:00:00.0;0.023223884233165355
2022-07-17T10:00:00.0;0.021153831449270574
2022-07-17T11:00:00.0;0.0202414699927637
2022-07-17T12:00:00.0;0.02042168911602187
2022-07-17T13:00:00.0;0.02182754667885969
2022-07-17T14:00:00.0;0.023640550962634854
2022-07-17T15:00:00.0;0.025937658251875034
2022-07-17T16:00:00.0;0.030292302416426376
2022-07-17T17:00:00.0;0.028379488530635752
2022-07-17T18:00:00.0;0.03150690375813399
2022-07-17T19:00:00.0;0.03429909644683795
2022-07-17T20:00:00.0;0.03623702583781098
2022-07-17T21:00:00.0;0.03640380884981328
2022-07-17T22:00:00.0;0.035113424629010875
2022-07-17T23:00:00.0;0.032917645467166134
2022-07-18T00:00:00.0;0.03511558049098963
2022-07-18T01:00:00.0;0.03376828038708605
2022-07-18T02:00:00.0;0.03245111072969854
2022-07-18T03:00:00.0;0.03105305427158802
2022-07-18T04:00:00.0;0.029927951333040406
2022-07-18T05:00:00.0;0.029283563515208756
2022-07-18T06:00:00.0;0.025852758601989566
2022-07-18T07:00:00.0;0.024565458742211103
2022-07-18T08:00:00.0;0.025204883331783008
2022-07-18T09:00:00.0;0.02240320101657584
2022-07-18T10:00:00.0;0.02196316816289572
2022-07-18T11:00:00.0;0.021025588611653358
2022-07-18T12:00:00.0;0.021124083586348222
2022-07-18T13:00:00.0;0.02211657503402837
2022-07-18T14:00:00.0;0.023992110991175614
2022-07-18T15:00:00.0;0.026331742116695662
2022-07-18T16:00:00.0;0.030224813154924857
2022-07-18T17:00:00.0;0.028075848704757243
2022-07-18T18:00:00.0;0.0312609892467987
2022-07-18T19:00:00.0;0.03416463553773544
2022-07-18T20:00:00.0;0.03615745709761629
2022-07-18T21:00:00.0;0.03630480450931751
2022-07-18T22:00:00.0;0.03515058999928535
2022-07-18T23:00:00.0;0.03310357800826512
2022-07-19T00:00:00.0;0.035138780467533555
2022-07-19T01:00:00.0;0.03379054136327838
2022-07-19T02:00:00.0;0.0324723216082209
2022-07-19T03:00:00.0;0.03107203113706521
2022-07-19T04:00:00.0;0.029945103300216505
2022-07-19T05:00:00.0;0.029299420880635803
2022-07-19T06:00:00.0;0.025851088723517837
2022-07-19T07:00:00.0;0.024563645951994683
2022-07-19T08:00:00.0;0.02521858028960106
2022-07-19T09:00:00.0;0.022412128529322974
2022-07-19T10:00:00.0;0.021952836723990714
2022-07-19T11:00:00.0;0.02101498644684863
2022-07-19T12:00:00.0;0.021113891290261134
2022-07-19T13:00:00.0;0.022111165057163106
2022-07-19T14:00:00.0;0.02398559639822762
2022-07-19T15:00:00.0;0.026328316944266676
2022-07-19T16:00:00.0;0.030227046937144997
2022-07-19T17:00:00.0;0.02807691919586064
2022-07-19T18:00:00.0;0.03126147722898226
2022-07-19T19:00:00.0;0.034165076472733924
2022-07-19T20:00:00.0;0.03615921902859652
2022-07-19T21:00:00.0;0.03630792970059844
2022-07-19T22:00:00.0;0.03515219291086892
2022-07-19T23:00:00.0;0.03310285618963164
2022-07-20T00:00:00.0;0.03504047160445799
2022-07-20T01:00:00.0;0.0335594083971894
2022-07-20T02:00:00.0;0.032294121036543846
2022-07-20T03:00:00.0;0.031083250134640885
2022-07-20T04:00:00.0;0.030401554730989884
2022-07-20T05:00:00.0;0.031066562398117656
2022-07-20T06:00:00.0;0.03143372344920426
2022-07-20T07:00:00.0;0.03023350629237122
2022-07-20T08:00:00.0;0.02724852670687774
2022-07-20T09:00:00.0;0.023717024519653546
2022-07-20T10:00:00.0;0.02176536327022956
2022-07-20T11:00:00.0;0.02059054557690817
2022-07-20T12:00:00.0;0.020281913928961247
2022-07-20T13:00:00.0;0.020458591690258297
2022-07-20T14:00:00.0;0.021967294504748453
2022-07-20T15:00:00.0;0.024622164888654038
2022-07-20T16:00:00.0;0.02872750289414119
2022-07-20T17:00:00.0;0.03166855466785645
2022-07-20T18:00:00.0;0.03565250409290355
2022-07-20T19:00:00.0;0.03362821092819687
2022-07-20T20:00:00.0;0.03519911443060778
2022-07-20T21:00:00.0;0.034547934385134836
2022-07-20T22:00:00.0;0.03348548184758971
2022-07-20T23:00:00.0;0.031836450379587086
2022-07-21T00:00:00.0;0.03488570553460916
2022-07-21T01:00:00.0;0.03347487321289775
2022-07-21T02:00:00.0;0.032164589918329635
2022-07-21T03:00:00.0;0.030913114488677104
2022-07-21T04:00:00.0;0.029911346383065328
2022-07-21T05:00:00.0;0.029466820815718973
2022-07-21T06:00:00.0;0.028557736848586784
2022-07-21T07:00:00.0;0.028230944453089938
2022-07-21T08:00:00.0;0.027880171628652663
2022-07-21T09:00:00.0;0.02593782248329893
2022-07-21T10:00:00.0;0.026468368358780806
2022-07-21T11:00:00.0;0.025502317914661926
2022-07-21T12:00:00.0;0.02536968291855363
2022-07-21T13:00:00.0;0.025682574246487296
2022-07-21T14:00:00.0;0.027199317937620898
2022-07-21T15:00:00.0;0.029148400135030884
2022-07-21T16:00:00.0;0.03231612109217396
2022-07-21T17:00:00.0;0.032081447231634364
2022-07-21T18:00:00.0;0.03501972630149879
2022-07-21T19:00:00.0;0.03733221927110537
2022-07-21T20:00:00.0;0.03863139518986783
2022-07-21T21:00:00.0;0.038422174061551004
2022-07-21T22:00:00.0;0.03726437284115317
2022-07-21T23:00:00.0;0.035477550727958926
2022-07-22T00:00:00.0;0.03480797531809773
2022-07-22T01:00:00.0;0.03347312528563924
2022-07-22T02:00:00.0;0.032169878723161564
2022-07-22T03:00:00.0;0.030801442724696797
2022-07-22T04:00:00.0;0.02970053585188024
2022-07-22T05:00:00.0;0.02907331297359452
2022-07-22T06:00:00.0;0.02587489928196106
2022-07-22T07:00:00.0;0.024589494268578285
2022-07-22T08:00:00.0;0.025023277325857202
2022-07-22T09:00:00.0;0.022284832401121498
2022-07-22T10:00:00.0;0.02210015123460612
2022-07-22T11:00:00.0;0.021166161199371872
2022-07-22T12:00:00.0;0.021259221783324407
2022-07-22T13:00:00.0;0.02218830514400628
2022-07-22T14:00:00.0;0.02407848704790544
2022-07-22T15:00:00.0;0.02637715598835232
2022-07-22T16:00:00.0;0.03019519575575511
2022-07-22T17:00:00.0;0.02806165521622868
2022-07-22T18:00:00.0;0.03125451916077701
2022-07-22T19:00:00.0;0.0341587892436159
2022-07-22T20:00:00.0;0.03613409590659218
2022-07-22T21:00:00.0;0.03626336804482491
2022-07-22T22:00:00.0;0.035129337223712066
2022-07-22T23:00:00.0;0.0331131484983528
2022-07-23T00:00:00.0;0.03534522660482978
2022-07-23T01:00:00.0;0.03398863175956173
2022-07-23T02:00:00.0;0.032661067658515786
2022-07-23T03:00:00.0;0.031240897711923076
2022-07-23T04:00:00.0;0.030097730927396805
2022-07-23T05:00:00.0;0.02944052843020211
2022-07-23T06:00:00.0;0.025836229227449374
2022-07-23T07:00:00.0;0.024547514748706596
2022-07-23T08:00:00.0;0.025340463345340018
2022-07-23T09:00:00.0;0.022491570442499893
2022-07-23T10:00:00.0;0.02186090190454761
2022-07-23T11:00:00.0;0.020920642559613616
2022-07-23T12:00:00.0;0.021023194640056513
2022-07-23T13:00:00.0;0.022063024110788396
2022-07-23T14:00:00.0;0.023927625971075478
2022-07-23T15:00:00.0;0.026297837878212486
2022-07-23T16:00:00.0;0.030246924358574134
2022-07-23T17:00:00.0;0.02808644501382375
2022-07-23T18:00:00.0;0.0312658195625477
2022-07-23T19:00:00.0;0.03416900015459899
2022-07-23T20:00:00.0;0.036174897658459035
2022-07-23T21:00:00.0;0.03633573936958835
2022-07-23T22:00:00.0;0.03516645649877506
2022-07-23T23:00:00.0;0.033096433050865605
2022-07-24T00:00:00.0;0.036012945278960366
2022-07-24T01:00:00.0;0.03452915771438892
2022-07-24T02:00:00.0;0.03320539842402684
2022-07-24T03:00:00.0;0.031847494127621
2022-07-24T04:00:00.0;0.030965999755588485
2022-07-24T05:00:00.0;0.03121704799810696
2022-07-24T06:00:00.0;0.029792207056429765
2022-07-24T07:00:00.0;0.028538020100234162
2022-07-24T08:00:00.0;0.027170562787496452
2022-07-24T09:00:00.0;0.023608646879686127
2022-07-24T10:00:00.0;0.02122578742399828
2022-07-24T11:00:00.0;0.02010484475221541
2022-07-24T12:00:00.0;0.019925997900866285
2022-07-24T13:00:00.0;0.02053793553491668
2022-07-24T14:00:00.0;0.022118785038579416
2022-07-24T15:00:00.0;0.024840238524368972
2022-07-24T16:00:00.0;0.0291581662068046
2022-07-24T17:00:00.0;0.030632285332847856
2022-07-24T18:00:00.0;0.034376467005479534
2022-07-24T19:00:00.0;0.03367118160587242
2022-07-24T20:00:00.0;0.0354137812573694
2022-07-24T21:00:00.0;0.03508341473744211
2022-07-24T22:00:00.0;0.033932370571348194
2022-07-24T23:00:00.0;0.03207943871162513
2022-07-25T00:00:00.0;0.03567406087331703
2022-07-25T01:00:00.0;0.034247001850774034
2022-07-25T02:00:00.0;0.03291636635521899
2022-07-25T03:00:00.0;0.03154795683451716
2022-07-25T04:00:00.0;0.030524954797229394
2022-07-25T05:00:00.0;0.030248512376091583
2022-07-25T06:00:00.0;0.028061347663122686
2022-07-25T07:00:00.0;0.02706959290416039
2022-07-25T08:00:00.0;0.026896086451346005
2022-07-25T09:00:00.0;0.0240161975539048
2022-07-25T10:00:00.0;0.02292063134148602
2022-07-25T11:00:00.0;0.021904577701250507
2022-07-25T12:00:00.0;0.021840229966317508
2022-07-25T13:00:00.0;0.02255414695267171
2022-07-25T14:00:00.0;0.024198678197744655
2022-07-25T15:00:00.0;0.02659511006698193
2022-07-25T16:00:00.0;0.030492754835676282
2022-07-25T17:00:00.0;0.03020898298580165
2022-07-25T18:00:00.0;0.03351819555551253
2022-07-25T19:00:00.0;0.03494676054293952
2022-07-25T20:00:00.0;0.0366650049395611
2022-07-25T21:00:00.0;0.03653634947249539
2022-07-25T22:00:00.0;0.035363086378132534
2022-07-25T23:00:00.0;0.033431665703732655
2022-07-26T00:00:00.0;0.03465460359835104
2022-07-26T01:00:00.0;0.033205652287107174
2022-07-26T02:00:00.0;0.03194674611358846
2022-07-26T03:00:00.0;0.03075644966838472
2022-07-26T04:00:00.0;0.030029553181021223
2022-07-26T05:00:00.0;0.030468015211099864
2022-07-26T06:00:00.0;0.03073923250727823
2022-07-26T07:00:00.0;0.02969401247827581
2022-07-26T08:00:00.0;0.02707248111931123
2022-07-26T09:00:00.0;0.023926073097624092
2022-07-26T10:00:00.0;0.02277344950861743
2022-07-26T11:00:00.0;0.021648922764335936
2022-07-26T12:00:00.0;0.021380433660856082
2022-07-26T13:00:00.0;0.021537253761328822
2022-07-26T14:00:00.0;0.023078174395169876
2022-07-26T15:00:00.0;0.025547230881084144
2022-07-26T16:00:00.0;0.029389180417370552
2022-07-26T17:00:00.0;0.031592514870431306
2022-07-26T18:00:00.0;0.035369164158488724
2022-07-26T19:00:00.0;0.034302790366623793
2022-07-26T20:00:00.0;0.03582023981312485
2022-07-26T21:00:00.0;0.03525637304778753
2022-07-26T22:00:00.0;0.034197178080120245
2022-07-26T23:00:00.0;0.03254496351540786
2022-07-27T00:00:00.0;0.03433097901719664
2022-07-27T01:00:00.0;0.033003203945094005
2022-07-27T02:00:00.0;0.03172599567286923
2022-07-27T03:00:00.0;0.03041946969751648
2022-07-27T04:00:00.0;0.029395692037603845
2022-07-27T05:00:00.0;0.028913743732807303
2022-07-27T06:00:00.0;0.026408806255510956
2022-07-27T07:00:00.0;0.02513055414060792
2022-07-27T08:00:00.0;0.024921774550648566
2022-07-27T09:00:00.0;0.022210085486934032
2022-07-27T10:00:00.0;0.022274393787740272
2022-07-27T11:00:00.0;0.021324311243649696
2022-07-27T12:00:00.0;0.021372706307327086
2022-07-27T13:00:00.0;0.02213270626989828
2022-07-27T14:00:00.0;0.024013149346568424
2022-07-27T15:00:00.0;0.02627943893152264
2022-07-27T16:00:00.0;0.030004807704155364
2022-07-27T17:00:00.0;0.02835304161635271
2022-07-27T18:00:00.0;0.03163174931947419
2022-07-27T19:00:00.0;0.034088526478904924
2022-07-27T20:00:00.0;0.036001104856350254
2022-07-27T21:00:00.0;0.03603104086311777
2022-07-27T22:00:00.0;0.034936322844489914
2022-07-27T23:00:00.0;0.03300272702504263
2022-07-28T00:00:00.0;0.03389717977354753
2022-07-28T01:00:00.0;0.03255552594592824
2022-07-28T02:00:00.0;0.03130938513259433
2022-07-28T03:00:00.0;0.030085698768185294
2022-07-28T04:00:00.0;0.029197846748137458
2022-07-28T05:00:00.0;0.029045079265310032
2022-07-28T06:00:00.0;0.02772403937088792
2022-07-28T07:00:00.0;0.02645929186823939
2022-07-28T08:00:00.0;0.02512858426237999
2022-07-28T09:00:00.0;0.02232280702047242
2022-07-28T10:00:00.0;0.02236945869217476
2022-07-28T11:00:00.0;0.021368770899114188
2022-07-28T12:00:00.0;0.02131636152980549
2022-07-28T13:00:00.0;0.021805077784425333
2022-07-28T14:00:00.0;0.02362277208628798
2022-07-28T15:00:00.0;0.025911330579467054
2022-07-28T16:00:00.0;0.029591744856150064
2022-07-28T17:00:00.0;0.029138518229257993
2022-07-28T18:00:00.0;0.032617972103593
2022-07-28T19:00:00.0;0.03392299256559319
2022-07-28T20:00:00.0;0.03571945256531375
2022-07-28T21:00:00.0;0.03554062353503624
2022-07-28T22:00:00.0;0.03449496822884379
2022-07-28T23:00:00.0;0.032694273740288306
2022-07-29T00:00:00.0;0.033799629486637534
2022-07-29T01:00:00.0;0.0324684339266753
2022-07-29T02:00:00.0;0.031224341034846313
2022-07-29T03:00:00.0;0.030001543721165955
2022-07-29T04:00:00.0;0.02910028308621873
2022-07-29T05:00:00.0;0.028889803688727102
2022-07-29T06:00:00.0;0.02746516234407269
2022-07-29T07:00:00.0;0.026198772525976393
2022-07-29T08:00:00.0;0.024975128501307862
2022-07-29T09:00:00.0;0.02222735769567544
2022-07-29T10:00:00.0;0.022433218001395257
2022-07-29T11:00:00.0;0.021445196392879985
2022-07-29T12:00:00.0;0.021410351602327866
2022-07-29T13:00:00.0;0.02191662030341785
2022-07-29T14:00:00.0;0.023756230756160974
2022-07-29T15:00:00.0;0.026015224827676545
2022-07-29T16:00:00.0;0.029659241793957167
2022-07-29T17:00:00.0;0.02896721194626922
2022-07-29T18:00:00.0;0.03240979924785179
2022-07-29T19:00:00.0;0.033953710699841703
2022-07-29T20:00:00.0;0.035763547494855115
2022-07-29T21:00:00.0;0.035616939586085666
2022-07-29T22:00:00.0;0.03457341941978671
2022-07-29T23:00:00.0;0.03276397968576752
2022-07-30T00:00:00.0;0.034377883764201936
2022-07-30T01:00:00.0;0.03306044134073649
2022-07-30T02:00:00.0;0.03177666195908841
2022-07-30T03:00:00.0;0.030449641094824353
2022-07-30T04:00:00.0;0.02938256500388509
2022-07-30T05:00:00.0;0.028779342032533423
2022-07-30T06:00:00.0;0.025905856236825384
2022-07-30T07:00:00.0;0.024623100585360214
2022-07-30T08:00:00.0;0.024769356988461305
2022-07-30T09:00:00.0;0.022119330172161458
2022-07-30T10:00:00.0;0.022291680075345245
2022-07-30T11:00:00.0;0.02136270887806859
2022-07-30T12:00:00.0;0.02144817113219828
2022-07-30T13:00:00.0;0.02228859771766972
2022-07-30T14:00:00.0;0.024199257489146937
2022-07-30T15:00:00.0;0.026440653368599888
2022-07-30T16:00:00.0;0.03015378490069207
2022-07-30T17:00:00.0;0.028041809972798412
2022-07-30T18:00:00.0;0.031245472728544593
2022-07-30T19:00:00.0;0.03415061499316762
2022-07-30T20:00:00.0;0.03610143244110506
2022-07-30T21:00:00.0;0.03620543184942865
2022-07-30T22:00:00.0;0.03509962173100765
2022-07-30T23:00:00.0;0.03312652989540363
2022-07-31T00:00:00.0;0.035998826205990105
2022-07-31T01:00:00.0;0.03455803505912625
2022-07-31T02:00:00.0;0.033208120381569284
2022-07-31T03:00:00.0;0.0318138848011351
2022-07-31T04:00:00.0;0.030746375519228486
2022-07-31T05:00:00.0;0.030374518214605517
2022-07-31T06:00:00.0;0.02801619952564716
2022-07-31T07:00:00.0;0.02717183512416395
2022-07-31T08:00:00.0;0.027374160655373285
2022-07-31T09:00:00.0;0.024621621389576378
2022-07-31T10:00:00.0;0.023513756443510583
2022-07-31T11:00:00.0;0.022508498351063666
2022-07-31T12:00:00.0;0.02244634763669934
2022-07-31T13:00:00.0;0.02319013165917867
2022-07-31T14:00:00.0;0.024789448962676243
2022-07-31T15:00:00.0;0.027143510125117915
2022-07-31T16:00:00.0;0.030992081235163647
2022-07-31T17:00:00.0;0.030582434068324768
2022-07-31T18:00:00.0;0.03377642407842529
2022-07-31T19:00:00.0;0.035514866123005584
2022-07-31T20:00:00.0;0.03717502023224029
2022-07-31T21:00:00.0;0.03707505325371403
2022-07-31T22:00:00.0;0.03587025990288467
2022-07-31T23:00:00.0;0.03391275102218817
2022-08-01T00:00:00.0;0.03397859254891978
2022-08-01T01:00:00.0;0.03267731111556684
2022-08-01T02:00:00.0;0.031411604802829694
2022-08-01T03:00:00.0;0.03012303319225659
2022-08-01T04:00:00.0;0.029087365144296485
2022-08-01T05:00:00.0;0.028506423363820466
2022-08-01T06:00:00.0;0.025934596257449476
2022-08-01T07:00:00.0;0.024654300237963167
2022-08-01T08:00:00.0;0.0245336207616387
2022-08-01T09:00:00.0;0.021965680128270163
2022-08-01T10:00:00.0;0.02246949287563762
2022-08-01T11:00:00.0;0.021545181100033492
2022-08-01T12:00:00.0;0.021623589166928865
2022-08-01T13:00:00.0;0.02238170799444477
2022-08-01T14:00:00.0;0.024311379142819688
2022-08-01T15:00:00.0;0.02649960348258522
2022-08-01T16:00:00.0;0.030115339619694988
2022-08-01T17:00:00.0;0.028023385915652746
2022-08-01T18:00:00.0;0.031237074142505566
2022-08-01T19:00:00.0;0.03414302612896894
2022-08-01T20:00:00.0;0.03607110811896587
2022-08-01T21:00:00.0;0.036151644664679135
2022-08-01T22:00:00.0;0.035072034267159116
2022-08-01T23:00:00.0;0.033138953004488665
2022-08-02T00:00:00.0;0.03466767980379109
2022-08-02T01:00:00.0;0.03322187879495155
2022-08-02T02:00:00.0;0.031967396888875885
2022-08-02T03:00:00.0;0.03076483092992095
2022-08-02T04:00:00.0;0.03005265009476591
2022-08-02T05:00:00.0;0.030564711206776573
2022-08-02T06:00:00.0;0.03064867874153233
2022-08-02T07:00:00.0;0.02940432625048246
2022-08-02T08:00:00.0;0.0266578807559217
2022-08-02T09:00:00.0;0.023268350585457495
2022-08-02T10:00:00.0;0.021798620431217684
2022-08-02T11:00:00.0;0.020659741360447126
2022-08-02T12:00:00.0;0.020404771250823888
2022-08-02T13:00:00.0;0.0206302234427898
2022-08-02T14:00:00.0;0.02221765898213292
2022-08-02T15:00:00.0;0.024794578382635907
2022-08-02T16:00:00.0;0.028804181125724308
2022-08-02T17:00:00.0;0.031043564811077607
2022-08-02T18:00:00.0;0.03494431166295142
2022-08-02T19:00:00.0;0.03357257905551617
2022-08-02T20:00:00.0;0.035200735907981076
2022-08-02T21:00:00.0;0.03464181495608364
2022-08-02T22:00:00.0;0.03359341109451156
2022-08-02T23:00:00.0;0.03192307713503191
2022-08-03T00:00:00.0;0.03463906748044754
2022-08-03T01:00:00.0;0.033195060975340064
2022-08-03T02:00:00.0;0.03194065910828491
2022-08-03T03:00:00.0;0.03073825787417127
2022-08-03T04:00:00.0;0.03002209251573896
2022-08-03T05:00:00.0;0.03051882163398528
2022-08-03T06:00:00.0;0.030588983081789114
2022-08-03T07:00:00.0;0.029346277948777144
2022-08-03T08:00:00.0;0.02661557931384057
2022-08-03T09:00:00.0;0.0232390034129608
2022-08-03T10:00:00.0;0.021803047146637458
2022-08-03T11:00:00.0;0.020667466513651464
2022-08-03T12:00:00.0;0.020415344862483267
2022-08-03T13:00:00.0;0.02064429597959164
2022-08-03T14:00:00.0;0.022240434062251298
2022-08-03T15:00:00.0;0.024814916011500484
2022-08-03T16:00:00.0;0.028821248105162824
2022-08-03T17:00:00.0;0.031004811824717086
2022-08-03T18:00:00.0;0.03489285649767748
2022-08-03T19:00:00.0;0.033571395563834636
2022-08-03T20:00:00.0;0.03519566448736893
2022-08-03T21:00:00.0;0.03466071053007188
2022-08-03T22:00:00.0;0.03361229860633004
2022-08-03T23:00:00.0;0.03194262582708992
2022-08-04T00:00:00.0;0.033648546078659934
2022-08-04T01:00:00.0;0.03236062301017553
2022-08-04T02:00:00.0;0.031109855550016448
2022-08-04T03:00:00.0;0.02985306535606143
2022-08-04T04:00:00.0;0.028843358594817126
2022-08-04T05:00:00.0;0.02828083401993
2022-08-04T06:00:00.0;0.02595835220799167
2022-08-04T07:00:00.0;0.024680089273185643
2022-08-04T08:00:00.0;0.024338765711997314
2022-08-04T09:00:00.0;0.021838675945105863
2022-08-04T10:00:00.0;0.02261646953041337
2022-08-04T11:00:00.0;0.021696009143514057
2022-08-04T12:00:00.0;0.02176858635436219
2022-08-04T13:00:00.0;0.022458671165730186
2022-08-04T14:00:00.0;0.02440405675409205
2022-08-04T15:00:00.0;0.026548330517635374
2022-08-04T16:00:00.0;0.030083561486829564
2022-08-04T17:00:00.0;0.028008156942922916
2022-08-04T18:00:00.0;0.031230132032157874
2022-08-04T19:00:00.0;0.03413675331918452
2022-08-04T20:00:00.0;0.03604604261513807
2022-08-04T21:00:00.0;0.036107185208041084
2022-08-04T22:00:00.0;0.035049230997970755
2022-08-04T23:00:00.0;0.033149221708497774
2022-08-05T00:00:00.0;0.034038052098236175
2022-08-05T01:00:00.0;0.032729950595650585
2022-08-05T02:00:00.0;0.031461339773793
2022-08-05T03:00:00.0;0.030174583322415793
2022-08-05T04:00:00.0;0.029140615994027712
2022-08-05T05:00:00.0;0.028567689585501845
2022-08-05T06:00:00.0;0.026093221364533795
2022-08-05T07:00:00.0;0.024870674970692064
2022-08-05T08:00:00.0;0.024739056910470437
2022-08-05T09:00:00.0;0.022208100104624012
2022-08-05T10:00:00.0;0.022709802746256596
2022-08-05T11:00:00.0;0.021782909393833056
2022-08-05T12:00:00.0;0.021848608742843643
2022-08-05T13:00:00.0;0.022580675345234166
2022-08-05T14:00:00.0;0.024485111324303675
2022-08-05T15:00:00.0;0.026659443254089612
2022-08-05T16:00:00.0;0.03024912803036512
2022-08-05T17:00:00.0;0.028269490414230422
2022-08-05T18:00:00.0;0.031466377476945036
2022-08-05T19:00:00.0;0.03433635985667747
2022-08-05T20:00:00.0;0.036226589291741045
2022-08-05T21:00:00.0;0.036289832077048126
2022-08-05T22:00:00.0;0.035205188898221516
2022-08-05T23:00:00.0;0.03328051992672483
2022-08-06T00:00:00.0;0.03590847003358246
2022-08-06T01:00:00.0;0.0344989157174693
2022-08-06T02:00:00.0;0.03313874199576281
2022-08-06T03:00:00.0;0.03163180595938922
2022-08-06T04:00:00.0;0.03052013239706507
2022-08-06T05:00:00.0;0.0292388152499693
2022-08-06T06:00:00.0;0.026228844562550247
2022-08-06T07:00:00.0;0.02500200199703868
2022-08-06T08:00:00.0;0.025335359265882727
2022-08-06T09:00:00.0;0.023003214511867452
2022-08-06T10:00:00.0;0.02165873137794324
2022-08-06T11:00:00.0;0.02084210830373129
2022-08-06T12:00:00.0;0.021090474457367742
2022-08-06T13:00:00.0;0.02233145361461575
2022-08-06T14:00:00.0;0.024241095015998818
2022-08-06T15:00:00.0;0.02588153837449254
2022-08-06T16:00:00.0;0.029992090360598113
2022-08-06T17:00:00.0;0.02871776540774574
2022-08-06T18:00:00.0;0.03185215613061915
2022-08-06T19:00:00.0;0.03445512353526993
2022-08-06T20:00:00.0;0.03604703210839523
2022-08-06T21:00:00.0;0.035991939476420556
2022-08-06T22:00:00.0;0.03474588205924942
2022-08-06T23:00:00.0;0.03272297498965167
2022-08-07T00:00:00.0;0.036734659589047106
2022-08-07T01:00:00.0;0.03528003867559356
2022-08-07T02:00:00.0;0.03387972628162167
2022-08-07T03:00:00.0;0.03228069380949904
2022-08-07T04:00:00.0;0.031133251443207312
2022-08-07T05:00:00.0;0.02957736049202051
2022-08-07T06:00:00.0;0.026336352560006347
2022-08-07T07:00:00.0;0.025129608819897203
2022-08-07T08:00:00.0;0.02569297725142539
2022-08-07T09:00:00.0;0.023434819040924846
2022-08-07T10:00:00.0;0.021309566984278962
2022-08-07T11:00:00.0;0.020533496456018444
2022-08-07T12:00:00.0;0.02084883197618972
2022-08-07T13:00:00.0;0.02229290125463452
2022-08-07T14:00:00.0;0.02419090528374278
2022-08-07T15:00:00.0;0.025631140381069947
2022-08-07T16:00:00.0;0.029952499106034484
2022-08-07T17:00:00.0;0.028989233351121652
2022-08-07T18:00:00.0;0.03209099091756893
2022-08-07T19:00:00.0;0.03457699558407985
2022-08-07T20:00:00.0;0.03604399777010256
2022-08-07T21:00:00.0;0.0359414553407257
2022-08-07T22:00:00.0;0.034625838174642
2022-08-07T23:00:00.0;0.032560062728150846
2022-08-08T00:00:00.0;0.03463922078119933
2022-08-08T01:00:00.0;0.03329197249453721
2022-08-08T02:00:00.0;0.03199182810501957
2022-08-08T03:00:00.0;0.0306189049598088
2022-08-08T04:00:00.0;0.029579592665983794
2022-08-08T05:00:00.0;0.02858395466596875
2022-08-08T06:00:00.0;0.026163179636691448
2022-08-08T07:00:00.0;0.024920468853378567
2022-08-08T08:00:00.0;0.02470840681784115
2022-08-08T09:00:00.0;0.022407893580509076
2022-08-08T10:00:00.0;0.022206317522810607
2022-08-08T11:00:00.0;0.02135730389956399
2022-08-08T12:00:00.0;0.021533995006446194
2022-08-08T13:00:00.0;0.022482508192256757
2022-08-08T14:00:00.0;0.024426533356437036
2022-08-08T15:00:00.0;0.026189693621052855
2022-08-08T16:00:00.0;0.029981920696211195
2022-08-08T17:00:00.0;0.028439762640595237
2022-08-08T18:00:00.0;0.03161720228004269
2022-08-08T19:00:00.0;0.03433115910024839
2022-08-08T20:00:00.0;0.03601249725827985
2022-08-08T21:00:00.0;0.03597309763787601
2022-08-08T22:00:00.0;0.03482475670259343
2022-08-08T23:00:00.0;0.032891493773481634
2022-08-09T00:00:00.0;0.03463524193042876
2022-08-09T01:00:00.0;0.033286476948219616
2022-08-09T02:00:00.0;0.031985113838090475
2022-08-09T03:00:00.0;0.030639566760855642
2022-08-09T04:00:00.0;0.029560214768558375
2022-08-09T05:00:00.0;0.02895016349237562
2022-08-09T06:00:00.0;0.026066174279938178
2022-08-09T07:00:00.0;0.024863070120492953
2022-08-09T08:00:00.0;0.025131971398434122
2022-08-09T09:00:00.0;0.02251286231043552
2022-08-09T10:00:00.0;0.022457185731034578
2022-08-09T11:00:00.0;0.021497575724906567
2022-08-09T12:00:00.0;0.021578635753166504
2022-08-09T13:00:00.0;0.022448754225686627
2022-08-09T14:00:00.0;0.024353893443787723
2022-08-09T15:00:00.0;0.026625007125580937
2022-08-09T16:00:00.0;0.030370741330552405
2022-08-09T17:00:00.0;0.028519011483073276
2022-08-09T18:00:00.0;0.03163606411578576
2022-08-09T19:00:00.0;0.034445203708005113
2022-08-09T20:00:00.0;0.03632981328523911
2022-08-09T21:00:00.0;0.036419827018326405
2022-08-09T22:00:00.0;0.03535325013753509
2022-08-09T23:00:00.0;0.03338317923744276
2022-08-10T00:00:00.0;0.03539431993673872
2022-08-10T01:00:00.0;0.03399728830370831
2022-08-10T02:00:00.0;0.032661193347228425
2022-08-10T03:00:00.0;0.031254965917501945
2022-08-10T04:00:00.0;0.030142917433909063
2022-08-10T05:00:00.0;0.0295632792039279
2022-08-10T06:00:00.0;0.02639131965623354
2022-08-10T07:00:00.0;0.025226518678419733
2022-08-10T08:00:00.0;0.02578997745365998
2022-08-10T09:00:00.0;0.02301516439896464
2022-08-10T10:00:00.0;0.022236693647572373
2022-08-10T11:00:00.0;0.02124184173543708
2022-08-10T12:00:00.0;0.02131077081861083
2022-08-10T13:00:00.0;0.022284554377470542
2022-08-10T14:00:00.0;0.024138037316181107
2022-08-10T15:00:00.0;0.02652607333041969
2022-08-10T16:00:00.0;0.030455681544904713
2022-08-10T17:00:00.0;0.028968457334894355
2022-08-10T18:00:00.0;0.032069428529592214
2022-08-10T19:00:00.0;0.03456856305629
2022-08-10T20:00:00.0;0.036435366369370836
2022-08-10T21:00:00.0;0.036513989324746865
2022-08-10T22:00:00.0;0.035430263811680754
2022-08-10T23:00:00.0;0.03341874067369088
2022-08-11T00:00:00.0;0.03468595781676415
2022-08-11T01:00:00.0;0.03333047614850872
2022-08-11T02:00:00.0;0.032025493450856694
2022-08-11T03:00:00.0;0.03067645836207273
2022-08-11T04:00:00.0;0.029594894626438866
2022-08-11T05:00:00.0;0.028983693806641366
2022-08-11T06:00:00.0;0.026102422078158716
2022-08-11T07:00:00.0;0.024917128780286287
2022-08-11T08:00:00.0;0.025208912938334507
2022-08-11T09:00:00.0;0.02259807844406684
2022-08-11T10:00:00.0;0.022497091729948182
2022-08-11T11:00:00.0;0.021530724623268015
2022-08-11T12:00:00.0;0.021610684207830296
2022-08-11T13:00:00.0;0.02248604588016602
2022-08-11T14:00:00.0;0.024390272448019935
2022-08-11T15:00:00.0;0.026667123908465706
2022-08-11T16:00:00.0;0.0304184975714077
2022-08-11T17:00:00.0;0.028625162160025742
2022-08-11T18:00:00.0;0.031723060970933845
2022-08-11T19:00:00.0;0.03451079673421846
2022-08-11T20:00:00.0;0.0363802544591994
2022-08-11T21:00:00.0;0.03646675448268653
2022-08-11T22:00:00.0;0.03540936975100413
2022-08-11T23:00:00.0;0.033440644025542796
2022-08-12T00:00:00.0;0.03333509314040058
2022-08-12T01:00:00.0;0.032020307917100914
2022-08-12T02:00:00.0;0.030792087366123235
2022-08-12T03:00:00.0;0.029607777619955575
2022-08-12T04:00:00.0;0.028724223001018734
2022-08-12T05:00:00.0;0.028475974883665447
2022-08-12T06:00:00.0;0.027295909615342246
2022-08-12T07:00:00.0;0.026066145785346512
2022-08-12T08:00:00.0;0.02469284672911159
2022-08-12T09:00:00.0;0.022118160533349727
2022-08-12T10:00:00.0;0.022786288542217578
2022-08-12T11:00:00.0;0.021803628778974064
2022-08-12T12:00:00.0;0.021777070448881285
2022-08-12T13:00:00.0;0.0222171677089052
2022-08-12T14:00:00.0;0.024100226336286265
2022-08-12T15:00:00.0;0.026277740350145063
2022-08-12T16:00:00.0;0.029781643906977233
2022-08-12T17:00:00.0;0.0289757497162705
2022-08-12T18:00:00.0;0.03235260364409257
2022-08-12T19:00:00.0;0.03410835739824117
2022-08-12T20:00:00.0;0.035875861274126286
2022-08-12T21:00:00.0;0.0357292942275946
2022-08-12T22:00:00.0;0.03473669682636887
2022-08-12T23:00:00.0;0.0329669639410191
2022-08-13T00:00:00.0;0.03465838706234967
2022-08-13T01:00:00.0;0.03330057312486779
2022-08-13T02:00:00.0;0.03199585947375672
2022-08-13T03:00:00.0;0.03065051107566642
2022-08-13T04:00:00.0;0.029572430207921944
2022-08-13T05:00:00.0;0.028964010306556983
2022-08-13T06:00:00.0;0.026133903957153475
2022-08-13T07:00:00.0;0.02496217932873663
2022-08-13T08:00:00.0;0.025227383078401604
2022-08-13T09:00:00.0;0.022636042347627203
2022-08-13T10:00:00.0;0.022555570088115616
2022-08-13T11:00:00.0;0.021584966613824957
2022-08-13T12:00:00.0;0.021662963118642693
2022-08-13T13:00:00.0;0.022528788849137057
2022-08-13T14:00:00.0;0.024435438647414577
2022-08-13T15:00:00.0;0.02670786766111283
2022-08-13T16:00:00.0;0.030447539761199287
2022-08-13T17:00:00.0;0.02870063884673184
2022-08-13T18:00:00.0;0.0317860106050547
2022-08-13T19:00:00.0;0.03455805411097064
2022-08-13T20:00:00.0;0.036412605001951016
2022-08-13T21:00:00.0;0.03649268392949439
2022-08-13T22:00:00.0;0.035446364438143696
2022-08-13T23:00:00.0;0.033485153079973955
2022-08-14T00:00:00.0;0.03520332781693526
2022-08-14T01:00:00.0;0.03381508779551779
2022-08-14T02:00:00.0;0.032483332426813775
2022-08-14T03:00:00.0;0.03108801420681058
2022-08-14T04:00:00.0;0.029970258566393005
2022-08-14T05:00:00.0;0.02933444578990751
2022-08-14T06:00:00.0;0.02616628200254422
2022-08-14T07:00:00.0;0.02502372467746053
2022-08-14T08:00:00.0;0.02563345455208205
2022-08-14T09:00:00.0;0.022963645531402652
2022-08-14T10:00:00.0;0.022425042950995473
2022-08-14T11:00:00.0;0.02143701617758984
2022-08-14T12:00:00.0;0.021521057221678033
2022-08-14T13:00:00.0;0.02248986225172819
2022-08-14T14:00:00.0;0.024373261523534126
2022-08-14T15:00:00.0;0.026716434522309533
2022-08-14T16:00:00.0;0.03057694910790169
2022-08-14T17:00:00.0;0.028912082511896565
2022-08-14T18:00:00.0;0.031951683458714
2022-08-14T19:00:00.0;0.03468439500439821
2022-08-14T20:00:00.0;0.03653760060739508
2022-08-14T21:00:00.0;0.03663804706501288
2022-08-14T22:00:00.0;0.03557843926761326
2022-08-14T23:00:00.0;0.033574156801160625
2022-08-15T00:00:00.0;0.03329116923811295
2022-08-15T01:00:00.0;0.032005715011986166
2022-08-15T02:00:00.0;0.0307705439893843
2022-08-15T03:00:00.0;0.02956866239871327
2022-08-15T04:00:00.0;0.02860440126486718
2022-08-15T05:00:00.0;0.028092622512535977
2022-08-15T06:00:00.0;0.02642684433507316
2022-08-15T07:00:00.0;0.02530873955770959
2022-08-15T08:00:00.0;0.024590730902489522
2022-08-15T09:00:00.0;0.022297854636469074
2022-08-15T10:00:00.0;0.023500737512077718
2022-08-15T11:00:00.0;0.022579316663661413
2022-08-15T12:00:00.0;0.022608183279690094
2022-08-15T13:00:00.0;0.0231204782592154
2022-08-15T14:00:00.0;0.025021986011687435
2022-08-15T15:00:00.0;0.027059390137938018
2022-08-15T16:00:00.0;0.030397223211318266
2022-08-15T17:00:00.0;0.0286531122990166
2022-08-15T18:00:00.0;0.031842453262330525
2022-08-15T19:00:00.0;0.03465236302412931
2022-08-15T20:00:00.0;0.03642921976751459
2022-08-15T21:00:00.0;0.03641286234537332
2022-08-15T22:00:00.0;0.03537528276712185
2022-08-15T23:00:00.0;0.03355014217718602
2022-08-16T00:00:00.0;0.0330062654828391
2022-08-16T01:00:00.0;0.031727800621412325
2022-08-16T02:00:00.0;0.030502203284172323
2022-08-16T03:00:00.0;0.02928942555605434
2022-08-16T04:00:00.0;0.028371798616465573
2022-08-16T05:00:00.0;0.027520157243591196
2022-08-16T06:00:00.0;0.02624207301343041
2022-08-16T07:00:00.0;0.025003591969774225
2022-08-16T08:00:00.0;0.023774452914445177
2022-08-16T09:00:00.0;0.021753211958268542
2022-08-16T10:00:00.0;0.02292916646188396
2022-08-16T11:00:00.0;0.022087591952594965
2022-08-16T12:00:00.0;0.022223313339901966
2022-08-16T13:00:00.0;0.022827630731968265
2022-08-16T14:00:00.0;0.024842994954157368
2022-08-16T15:00:00.0;0.026460498569993097
2022-08-16T16:00:00.0;0.029852265916699972
2022-08-16T17:00:00.0;0.02831041204712701
2022-08-16T18:00:00.0;0.03153160366906819
2022-08-16T19:00:00.0;0.034275552732601536
2022-08-16T20:00:00.0;0.035903705133547695
2022-08-16T21:00:00.0;0.035790567592860374
2022-08-16T22:00:00.0;0.03475292611342307
2022-08-16T23:00:00.0;0.03297405339765038
2022-08-17T00:00:00.0;0.03133172202014927
2022-08-17T01:00:00.0;0.030134869217352863
2022-08-17T02:00:00.0;0.028988837387654162
2022-08-17T03:00:00.0;0.027959758285951035
2022-08-17T04:00:00.0;0.027136195302172067
2022-08-17T05:00:00.0;0.02670989048178033
2022-08-17T06:00:00.0;0.026224819136236335
2022-08-17T07:00:00.0;0.024996398227294023
2022-08-17T08:00:00.0;0.023075196952835646
2022-08-17T09:00:00.0;0.021081517199726472
2022-08-17T10:00:00.0;0.02381149063040566
2022-08-17T11:00:00.0;0.022916910396772253
2022-08-17T12:00:00.0;0.02294013536512161
2022-08-17T13:00:00.0;0.023129195107388378
2022-08-17T14:00:00.0;0.025171178532185468
2022-08-17T15:00:00.0;0.026993583630245933
2022-08-17T16:00:00.0;0.029938871294288835
2022-08-17T17:00:00.0;0.028050205692585792
2022-08-17T18:00:00.0;0.03132098243082047
2022-08-17T19:00:00.0;0.0342103602530994
2022-08-17T20:00:00.0;0.03596249043967275
2022-08-17T21:00:00.0;0.03587477018514451
2022-08-17T22:00:00.0;0.034968143278772394
2022-08-17T23:00:00.0;0.03330908453228212
2022-08-18T00:00:00.0;0.03124173171637132
2022-08-18T01:00:00.0;0.030051222519324378
2022-08-18T02:00:00.0;0.028909394400078975
2022-08-18T03:00:00.0;0.027884365418143778
2022-08-18T04:00:00.0;0.027063977444892834
2022-08-18T05:00:00.0;0.026635757578338706
2022-08-18T06:00:00.0;0.026131588912840408
2022-08-18T07:00:00.0;0.024868151943009568
2022-08-18T08:00:00.0;0.022917814499666136
2022-08-18T09:00:00.0;0.020912516995822417
2022-08-18T10:00:00.0;0.02368827473213818
2022-08-18T11:00:00.0;0.022795900019484085
2022-08-18T12:00:00.0;0.022825956587503086
2022-08-18T13:00:00.0;0.023019913544329734
2022-08-18T14:00:00.0;0.025079894328410915
2022-08-18T15:00:00.0;0.026903665109452475
2022-08-18T16:00:00.0;0.02985182422108329
2022-08-18T17:00:00.0;0.027897101944333792
2022-08-18T18:00:00.0;0.031179507734081704
2022-08-18T19:00:00.0;0.03409100979504029
2022-08-18T20:00:00.0;0.035863256189447
2022-08-18T21:00:00.0;0.03578297129146211
2022-08-18T22:00:00.0;0.034882941578949014
2022-08-18T23:00:00.0;0.03322410469170844
2022-08-19T00:00:00.0;0.03216801912952481
2022-08-19T01:00:00.0;0.030924476354907172
2022-08-19T02:00:00.0;0.029738481616722608
2022-08-19T03:00:00.0;0.02861316846507692
2022-08-19T04:00:00.0;0.027760703695112892
2022-08-19T05:00:00.0;0.02704521491424123
2022-08-19T06:00:00.0;0.026351132411258978
2022-08-19T07:00:00.0;0.0251113258719752
2022-08-19T08:00:00.0;0.02335236481086348
2022-08-19T09:00:00.0;0.021418826252116663
2022-08-19T10:00:00.0;0.023289587477219025
2022-08-19T11:00:00.0;0.022439016880205036
2022-08-19T12:00:00.0;0.022537682847277512
2022-08-19T13:00:00.0;0.022945931981069544
2022-08-19T14:00:00.0;0.02498685764740202
2022-08-19T15:00:00.0;0.02658881306679288
2022-08-19T16:00:00.0;0.029778027238182157
2022-08-19T17:00:00.0;0.02826498428828117
2022-08-19T18:00:00.0;0.031525041108721154
2022-08-19T19:00:00.0;0.03421690975445393
2022-08-19T20:00:00.0;0.03584030903579731
2022-08-19T21:00:00.0;0.0356919004390476
2022-08-19T22:00:00.0;0.0347152737309842
2022-08-19T23:00:00.0;0.03301558165686634
2022-08-20T00:00:00.0;0.03273170103240861
2022-08-20T01:00:00.0;0.03145902274432666
2022-08-20T02:00:00.0;0.03024354752511072
2022-08-20T03:00:00.0;0.029081586104239353
2022-08-20T04:00:00.0;0.028152330622501814
2022-08-20T05:00:00.0;0.02764884549254231
2022-08-20T06:00:00.0;0.0262113782724772
2022-08-20T07:00:00.0;0.02502372089539962
2022-08-20T08:00:00.0;0.024017795864606385
2022-08-20T09:00:00.0;0.02179385575841352
2022-08-20T10:00:00.0;0.023317702953535576
2022-08-20T11:00:00.0;0.02237903998148169
2022-08-20T12:00:00.0;0.02242606068794399
2022-08-20T13:00:00.0;0.022902723491724977
2022-08-20T14:00:00.0;0.024898804040215994
2022-08-20T15:00:00.0;0.02691622449834114
2022-08-20T16:00:00.0;0.03019626364856526
2022-08-20T17:00:00.0;0.028452492344176444
2022-08-20T18:00:00.0;0.03161366828007677
2022-08-20T19:00:00.0;0.03442229464769575
2022-08-20T20:00:00.0;0.036194813683875254
2022-08-20T21:00:00.0;0.03617163963586781
2022-08-20T22:00:00.0;0.035232535200670274
2022-08-20T23:00:00.0;0.0334545262755212
2022-08-21T00:00:00.0;0.0335286896127153
2022-08-21T01:00:00.0;0.0321881086872561
2022-08-21T02:00:00.0;0.03091292035462528
2022-08-21T03:00:00.0;0.029652019927876867
2022-08-21T04:00:00.0;0.028622562132791747
2022-08-21T05:00:00.0;0.02806963558433207
2022-08-21T06:00:00.0;0.026470438481270963
2022-08-21T07:00:00.0;0.025299968215146653
2022-08-21T08:00:00.0;0.02428722078656907
2022-08-21T09:00:00.0;0.021649999077911812
2022-08-21T10:00:00.0;0.0219587299060889
2022-08-21T11:00:00.0;0.021032662829956358
2022-08-21T12:00:00.0;0.02100850769010663
2022-08-21T13:00:00.0;0.02163612954723795
2022-08-21T14:00:00.0;0.023726315968007283
2022-08-21T15:00:00.0;0.02615550819998067
2022-08-21T16:00:00.0;0.03002780674761486
2022-08-21T17:00:00.0;0.028385954584114994
2022-08-21T18:00:00.0;0.03146401384570564
2022-08-21T19:00:00.0;0.03364938425416235
2022-08-21T20:00:00.0;0.035172527966537845
2022-08-21T21:00:00.0;0.036023504994750925
2022-08-21T22:00:00.0;0.03493531524638177
2022-08-21T23:00:00.0;0.03319052261901108
2022-08-22T00:00:00.0;0.0315955082081464
2022-08-22T01:00:00.0;0.03037734258537244
2022-08-22T02:00:00.0;0.029216355079228252
2022-08-22T03:00:00.0;0.028142875528501067
2022-08-22T04:00:00.0;0.027328176611558876
2022-08-22T05:00:00.0;0.026618136413358764
2022-08-22T06:00:00.0;0.026297662096575303
2022-08-22T07:00:00.0;0.025060939189426885
2022-08-22T08:00:00.0;0.022977380542076188
2022-08-22T09:00:00.0;0.021179056155390123
2022-08-22T10:00:00.0;0.023552244735045042
2022-08-22T11:00:00.0;0.022713318732679462
2022-08-22T12:00:00.0;0.022809702756457752
2022-08-22T13:00:00.0;0.02311419162709311
2022-08-22T14:00:00.0;0.0251891025962872
2022-08-22T15:00:00.0;0.02670412185427509
2022-08-22T16:00:00.0;0.029749221758434027
2022-08-22T17:00:00.0;0.02818109702794512
2022-08-22T18:00:00.0;0.03144098220961597
2022-08-22T19:00:00.0;0.03421952078226535
2022-08-22T20:00:00.0;0.03581466808545883
2022-08-22T21:00:00.0;0.035645052531067783
2022-08-22T22:00:00.0;0.034704202907549
2022-08-22T23:00:00.0;0.03305570741619342
2022-08-23T00:00:00.0;0.031591234645585504
2022-08-23T01:00:00.0;0.030371028796624306
2022-08-23T02:00:00.0;0.029209514984785155
2022-08-23T03:00:00.0;0.02813973512922201
2022-08-23T04:00:00.0;0.027322152501634778
2022-08-23T05:00:00.0;0.026651287739521044
2022-08-23T06:00:00.0;0.02630583572352203
2022-08-23T07:00:00.0;0.025081016490222482
2022-08-23T08:00:00.0;0.023037703043387765
2022-08-23T09:00:00.0;0.02121680237299379
2022-08-23T10:00:00.0;0.023606264967464794
2022-08-23T11:00:00.0;0.02275371556028445
2022-08-23T12:00:00.0;0.022839675406859716
2022-08-23T13:00:00.0;0.02313330674376467
2022-08-23T14:00:00.0;0.025205207039574306
2022-08-23T15:00:00.0;0.02676961503440164
2022-08-23T16:00:00.0;0.029806205987456612
2022-08-23T17:00:00.0;0.028234332915631277
2022-08-23T18:00:00.0;0.03148048242481261
2022-08-23T19:00:00.0;0.03425911554251664
2022-08-23T20:00:00.0;0.03586627430682272
2022-08-23T21:00:00.0;0.03570640901398316
2022-08-23T22:00:00.0;0.0347794134262494
2022-08-23T23:00:00.0;0.03313047869891506
2022-08-24T00:00:00.0;0.0312764036230342
2022-08-24T01:00:00.0;0.03008056364398534
2022-08-24T02:00:00.0;0.028936997507025063
2022-08-24T03:00:00.0;0.02791038459406457
2022-08-24T04:00:00.0;0.027086555285713788
2022-08-24T05:00:00.0;0.026653770966688067
2022-08-24T06:00:00.0;0.02614644514679683
2022-08-24T07:00:00.0;0.02488781543415694
2022-08-24T08:00:00.0;0.02294923668545165
2022-08-24T09:00:00.0;0.02095669434895126
2022-08-24T10:00:00.0;0.0237167227593099
2022-08-24T11:00:00.0;0.022827186023517
2022-08-24T12:00:00.0;0.02285998054133643
2022-08-24T13:00:00.0;0.02302977798382429
2022-08-24T14:00:00.0;0.025109426985314712
2022-08-24T15:00:00.0;0.026903970698627797
2022-08-24T16:00:00.0;0.029848884347064557
2022-08-24T17:00:00.0;0.02792021828838801
2022-08-24T18:00:00.0;0.031193541099109347
2022-08-24T19:00:00.0;0.034094833148286326
2022-08-24T20:00:00.0;0.03586086353900619
2022-08-24T21:00:00.0;0.03581677019776204
2022-08-24T22:00:00.0;0.03491569419414991
2022-08-24T23:00:00.0;0.033256151277418766
2022-08-25T00:00:00.0;0.0318252314391738
2022-08-25T01:00:00.0;0.030584114067278706
2022-08-25T02:00:00.0;0.029414917894775197
2022-08-25T03:00:00.0;0.02835935170621294
2022-08-25T04:00:00.0;0.02753310706216136
2022-08-25T05:00:00.0;0.02717061958325555
2022-08-25T06:00:00.0;0.02676862962644449
2022-08-25T07:00:00.0;0.025642225832591306
2022-08-25T08:00:00.0;0.023766204679245378
2022-08-25T09:00:00.0;0.021720724998654652
2022-08-25T10:00:00.0;0.0239825108904165
2022-08-25T11:00:00.0;0.023050243546543354
2022-08-25T12:00:00.0;0.023040700515847896
2022-08-25T13:00:00.0;0.02323626960731452
2022-08-25T14:00:00.0;0.025216786948623785
2022-08-25T15:00:00.0;0.027101748971625924
2022-08-25T16:00:00.0;0.030126787529520666
2022-08-25T17:00:00.0;0.02877652091725297
2022-08-25T18:00:00.0;0.03202092769522072
2022-08-25T19:00:00.0;0.03453123910888701
2022-08-25T20:00:00.0;0.03620234480778556
2022-08-25T21:00:00.0;0.0360611461647845
2022-08-25T22:00:00.0;0.035159185196409835
2022-08-25T23:00:00.0;0.03350347289646868
2022-08-26T00:00:00.0;0.032813671089888766
2022-08-26T01:00:00.0;0.031512352580849015
2022-08-26T02:00:00.0;0.030297094573060193
2022-08-26T03:00:00.0;0.029201318605467697
2022-08-26T04:00:00.0;0.028325469945333775
2022-08-26T05:00:00.0;0.027930701865676588
2022-08-26T06:00:00.0;0.027760122797107493
2022-08-26T07:00:00.0;0.02710834200027927
2022-08-26T08:00:00.0;0.025666951511675314
2022-08-26T09:00:00.0;0.023864591424916107
2022-08-26T10:00:00.0;0.025840594635490148
2022-08-26T11:00:00.0;0.02490969415815967
2022-08-26T12:00:00.0;0.024820417197409683
2022-08-26T13:00:00.0;0.024928830222678597
2022-08-26T14:00:00.0;0.02667443538527274
2022-08-26T15:00:00.0;0.028474350586772924
2022-08-26T16:00:00.0;0.03137235161099944
2022-08-26T17:00:00.0;0.030571499073876393
2022-08-26T18:00:00.0;0.03365077004595074
2022-08-26T19:00:00.0;0.036175808672187997
2022-08-26T20:00:00.0;0.03759666766360129
2022-08-26T21:00:00.0;0.03738650288727457
2022-08-26T22:00:00.0;0.03637123421738101
2022-08-26T23:00:00.0;0.034708521920509196
2022-08-27T00:00:00.0;0.03210070500024967
2022-08-27T01:00:00.0;0.030849644970129705
2022-08-27T02:00:00.0;0.029667691694940265
2022-08-27T03:00:00.0;0.028604003607177998
2022-08-27T04:00:00.0;0.027753309599775483
2022-08-27T05:00:00.0;0.02734336918580493
2022-08-27T06:00:00.0;0.027021487799555034
2022-08-27T07:00:00.0;0.02609228529218496
2022-08-27T08:00:00.0;0.024420057707527882
2022-08-27T09:00:00.0;0.0225256536786563
2022-08-27T10:00:00.0;0.024864392161655858
2022-08-27T11:00:00.0;0.023950965363179935
2022-08-27T12:00:00.0;0.023915813110292495
2022-08-27T13:00:00.0;0.024063025292451662
2022-08-27T14:00:00.0;0.02595121811542607
2022-08-27T15:00:00.0;0.027761953212113197
2022-08-27T16:00:00.0;0.030682703851269456
2022-08-27T17:00:00.0;0.029358504160894874
2022-08-27T18:00:00.0;0.03252990860774961
2022-08-27T19:00:00.0;0.035230230917622334
2022-08-27T20:00:00.0;0.03681046456869573
2022-08-27T21:00:00.0;0.03665920788421034
2022-08-27T22:00:00.0;0.03569620679549823
2022-08-27T23:00:00.0;0.03403525222268186
2022-08-28T00:00:00.0;0.034740865141017846
2022-08-28T01:00:00.0;0.03329014229302421
2022-08-28T02:00:00.0;0.032016990072209504
2022-08-28T03:00:00.0;0.030825626093677453
2022-08-28T04:00:00.0;0.030044080639910858
2022-08-28T05:00:00.0;0.030292807943306677
2022-08-28T06:00:00.0;0.03056999768739408
2022-08-28T07:00:00.0;0.0298260800220264
2022-08-28T08:00:00.0;0.027660991890993233
2022-08-28T09:00:00.0;0.024907318101607605
2022-08-28T10:00:00.0;0.024239644862467803
2022-08-28T11:00:00.0;0.023148832430780027
2022-08-28T12:00:00.0;0.02288331429208387
2022-08-28T13:00:00.0;0.022999591975891624
2022-08-28T14:00:00.0;0.024483818576318067
2022-08-28T15:00:00.0;0.02678339134085071
2022-08-28T16:00:00.0;0.030380683324153307
2022-08-28T17:00:00.0;0.03224857352071696
2022-08-28T18:00:00.0;0.035788435003998705
2022-08-28T19:00:00.0;0.03545811257006996
2022-08-28T20:00:00.0;0.036833695159358255
2022-08-28T21:00:00.0;0.03631133760077114
2022-08-28T22:00:00.0;0.03522385662831987
2022-08-28T23:00:00.0;0.033567801794859346
2022-08-29T00:00:00.0;0.03171976302669463
2022-08-29T01:00:00.0;0.030455756841720225
2022-08-29T02:00:00.0;0.02928996618434026
2022-08-29T03:00:00.0;0.028243099100715298
2022-08-29T04:00:00.0;0.027375264474384833
2022-08-29T05:00:00.0;0.026884113220263232
2022-08-29T06:00:00.0;0.026336415980867247
2022-08-29T07:00:00.0;0.02513925801543028
2022-08-29T08:00:00.0;0.023351040995985544
2022-08-29T09:00:00.0;0.021521602564958598
2022-08-29T10:00:00.0;0.02408049566873785
2022-08-29T11:00:00.0;0.023227248939751206
2022-08-29T12:00:00.0;0.0232950543902711
2022-08-29T13:00:00.0;0.023155917340805056
2022-08-29T14:00:00.0;0.025487069359606006
2022-08-29T15:00:00.0;0.026907878353198217
2022-08-29T16:00:00.0;0.029811291352700112
2022-08-29T17:00:00.0;0.02821581346907245
2022-08-29T18:00:00.0;0.03137298967719018
2022-08-29T19:00:00.0;0.03414372343954231
2022-08-29T20:00:00.0;0.03583026804615019
2022-08-29T21:00:00.0;0.03624896630071114
2022-08-29T22:00:00.0;0.035334511079098935
2022-08-29T23:00:00.0;0.03366593996507399
2022-08-30T00:00:00.0;0.03352380567880953
2022-08-30T01:00:00.0;0.032156621424112755
2022-08-30T02:00:00.0;0.030921725295118403
2022-08-30T03:00:00.0;0.029783296817840702
2022-08-30T04:00:00.0;0.028967489989433156
2022-08-30T05:00:00.0;0.028913718817034084
2022-08-30T06:00:00.0;0.028894438381834055
2022-08-30T07:00:00.0;0.02803690006251532
2022-08-30T08:00:00.0;0.026069648188187747
2022-08-30T09:00:00.0;0.023671030995235116
2022-08-30T10:00:00.0;0.024274949415754376
2022-08-30T11:00:00.0;0.023253848055376062
2022-08-30T12:00:00.0;0.02309770572873604
2022-08-30T13:00:00.0;0.023255312288098406
2022-08-30T14:00:00.0;0.02496161569470056
2022-08-30T15:00:00.0;0.02708278463492777
2022-08-30T16:00:00.0;0.03043038947535524
2022-08-30T17:00:00.0;0.03087590042462926
2022-08-30T18:00:00.0;0.034227770863047874
2022-08-30T19:00:00.0;0.03520707156189603
2022-08-30T20:00:00.0;0.03666427605192143
2022-08-30T21:00:00.0;0.036370520068201496
2022-08-30T22:00:00.0;0.03536405460717533
2022-08-30T23:00:00.0;0.033713315211942
2022-08-31T00:00:00.0;0.035294000282688136
2022-08-31T01:00:00.0;0.03377716345386495
2022-08-31T02:00:00.0;0.03246240964147945
2022-08-31T03:00:00.0;0.0312097246045353
2022-08-31T04:00:00.0;0.030388770545366473
2022-08-31T05:00:00.0;0.03069227095289551
2022-08-31T06:00:00.0;0.03106677259274802
2022-08-31T07:00:00.0;0.030314619800074553
2022-08-31T08:00:00.0;0.02791098986030952
2022-08-31T09:00:00.0;0.024802370816295213
2022-08-31T10:00:00.0;0.02309268326662659
2022-08-31T11:00:00.0;0.02197505888793741
2022-08-31T12:00:00.0;0.021643034792944573
2022-08-31T13:00:00.0;0.021842061884848503
2022-08-31T14:00:00.0;0.023400429582364296
2022-08-31T15:00:00.0;0.026038397841837854
2022-08-31T16:00:00.0;0.030100779367049878
2022-08-31T17:00:00.0;0.03245746663623201
2022-08-31T18:00:00.0;0.03596573435004972
2022-08-31T19:00:00.0;0.03481026019627996
2022-08-31T20:00:00.0;0.035983983355923566
2022-08-31T21:00:00.0;0.03601376082296092
2022-08-31T22:00:00.0;0.03487201798138481
2022-08-31T23:00:00.0;0.03326828188803603
2022-09-01T00:00:00.0;0.03306408243749294
2022-09-01T01:00:00.0;0.03170408955008202
2022-09-01T02:00:00.0;0.030481583379549274
2022-09-01T03:00:00.0;0.029355607954411948
2022-09-01T04:00:00.0;0.02855625605882285
2022-09-01T05:00:00.0;0.028477969266360953
2022-09-01T06:00:00.0;0.028277462019872187
2022-09-01T07:00:00.0;0.027224542514848616
2022-09-01T08:00:00.0;0.02518736002192083
2022-09-01T09:00:00.0;0.02275925444484083
2022-09-01T10:00:00.0;0.023461461742366678
2022-09-01T11:00:00.0;0.02240201895986723
2022-09-01T12:00:00.0;0.022308467527820168
2022-09-01T13:00:00.0;0.02255762375577725
2022-09-01T14:00:00.0;0.02442513746105838
2022-09-01T15:00:00.0;0.02658994715579388
2022-09-01T16:00:00.0;0.029988681043484063
2022-09-01T17:00:00.0;0.030287189767139174
2022-09-01T18:00:00.0;0.03359620822986229
2022-09-01T19:00:00.0;0.03463657998598533
2022-09-01T20:00:00.0;0.03618074235381097
2022-09-01T21:00:00.0;0.0358743160611778
2022-09-01T22:00:00.0;0.03501913743044846
2022-09-01T23:00:00.0;0.0333763073239607
2022-09-02T00:00:00.0;0.03387395883683096
2022-09-02T01:00:00.0;0.03244503840587171
2022-09-02T02:00:00.0;0.031192046557411975
2022-09-02T03:00:00.0;0.030023645498277095
2022-09-02T04:00:00.0;0.029246858674166428
2022-09-02T05:00:00.0;0.029374390814358865
2022-09-02T06:00:00.0;0.02933487585319663
2022-09-02T07:00:00.0;0.0283192993747779
2022-09-02T08:00:00.0;0.026126767363331704
2022-09-02T09:00:00.0;0.02341902240927985
2022-09-02T10:00:00.0;0.023124423576950246
2022-09-02T11:00:00.0;0.021995526891934573
2022-09-02T12:00:00.0;0.021837864165145302
2022-09-02T13:00:00.0;0.0220997009517205
2022-09-02T14:00:00.0;0.023868167429948964
2022-09-02T15:00:00.0;0.02620756927295799
2022-09-02T16:00:00.0;0.029844451317597893
2022-09-02T17:00:00.0;0.031189792561821125
2022-09-02T18:00:00.0;0.03459297445668396
2022-09-02T19:00:00.0;0.03464566211052758
2022-09-02T20:00:00.0;0.036125034468175825
2022-09-02T21:00:00.0;0.03570457919100472
2022-09-02T22:00:00.0;0.03484352276877008
2022-09-02T23:00:00.0;0.033205528168718
2022-09-03T00:00:00.0;0.034677733406372986
2022-09-03T01:00:00.0;0.03322237277022697
2022-09-03T02:00:00.0;0.03187235695184503
2022-09-03T03:00:00.0;0.03050833572323847
2022-09-03T04:00:00.0;0.0294048185187307
2022-09-03T05:00:00.0;0.02887601213174071
2022-09-03T06:00:00.0;0.027238446073420408
2022-09-03T07:00:00.0;0.02622338135172262
2022-09-03T08:00:00.0;0.02533297308182311
2022-09-03T09:00:00.0;0.022403596835650533
2022-09-03T10:00:00.0;0.02128256706407236
2022-09-03T11:00:00.0;0.020293327581664623
2022-09-03T12:00:00.0;0.020195172395464766
2022-09-03T13:00:00.0;0.02096281159517314
2022-09-03T14:00:00.0;0.023073411720863846
2022-09-03T15:00:00.0;0.025863162303824072
2022-09-03T16:00:00.0;0.030231379417643946
2022-09-03T17:00:00.0;0.029412751093866884
2022-09-03T18:00:00.0;0.032326497824231755
2022-09-03T19:00:00.0;0.033646806948746735
2022-09-03T20:00:00.0;0.034878788638544954
2022-09-03T21:00:00.0;0.036226829696301435
2022-09-03T22:00:00.0;0.03510725524018087
2022-09-03T23:00:00.0;0.03339404603002777
2022-09-04T00:00:00.0;0.036514074189756905
2022-09-04T01:00:00.0;0.035006281586080115
2022-09-04T02:00:00.0;0.03359971727183131
2022-09-04T03:00:00.0;0.03200050919838023
2022-09-04T04:00:00.0;0.030955979531888292
2022-09-04T05:00:00.0;0.028853821739392934
2022-09-04T06:00:00.0;0.02705203348728821
2022-09-04T07:00:00.0;0.026038032503818396
2022-09-04T08:00:00.0;0.02557096930176846
2022-09-04T09:00:00.0;0.024099595203659042
2022-09-04T10:00:00.0;0.021897674060953887
2022-09-04T11:00:00.0;0.021205800235086846
2022-09-04T12:00:00.0;0.02163386021898313
2022-09-04T13:00:00.0;0.023077374798276807
2022-09-04T14:00:00.0;0.02506569713772272
2022-09-04T15:00:00.0;0.025694720092709716
2022-09-04T16:00:00.0;0.02993772810822806
2022-09-04T17:00:00.0;0.030297708429823607
2022-09-04T18:00:00.0;0.03324854991599061
2022-09-04T19:00:00.0;0.03529611183494394
2022-09-04T20:00:00.0;0.03619330189938739
2022-09-04T21:00:00.0;0.035792052228551016
2022-09-04T22:00:00.0;0.034541345800136874
2022-09-04T23:00:00.0;0.032642918178630076
2022-09-05T00:00:00.0;0.03540960272100593
2022-09-05T01:00:00.0;0.033936784015084535
2022-09-05T02:00:00.0;0.032582154259270475
2022-09-05T03:00:00.0;0.031137826265734594
2022-09-05T04:00:00.0;0.030152131266750717
2022-09-05T05:00:00.0;0.028820423218272554
2022-09-05T06:00:00.0;0.02753341897556917
2022-09-05T07:00:00.0;0.026529492331375786
2022-09-05T08:00:00.0;0.025544733098885403
2022-09-05T09:00:00.0;0.023605107670494948
2022-09-05T10:00:00.0;0.02221778373455163
2022-09-05T11:00:00.0;0.02137665701736389
2022-09-05T12:00:00.0;0.021584035969720437
2022-09-05T13:00:00.0;0.022614150128668912
2022-09-05T14:00:00.0;0.024586985835427896
2022-09-05T15:00:00.0;0.02594583633604617
2022-09-05T16:00:00.0;0.030010714489344135
2022-09-05T17:00:00.0;0.03033859674762543
2022-09-05T18:00:00.0;0.03336628859330763
2022-09-05T19:00:00.0;0.03492440788722495
2022-09-05T20:00:00.0;0.03600539586355611
2022-09-05T21:00:00.0;0.035887422679249985
2022-09-05T22:00:00.0;0.0347683594087593
2022-09-05T23:00:00.0;0.03297416944624467
2022-09-06T00:00:00.0;0.03445934490257635
2022-09-06T01:00:00.0;0.03301662833798724
2022-09-06T02:00:00.0;0.03172170653244342
2022-09-06T03:00:00.0;0.030348039417167107
2022-09-06T04:00:00.0;0.029595864133881197
2022-09-06T05:00:00.0;0.027772943380061987
2022-09-06T06:00:00.0;0.028621756682827057
2022-09-06T07:00:00.0;0.027533171486786263
2022-09-06T08:00:00.0;0.02447142877656609
2022-09-06T09:00:00.0;0.02325981881068142
2022-09-06T10:00:00.0;0.02221715663001016
2022-09-06T11:00:00.0;0.021567259923632953
2022-09-06T12:00:00.0;0.021898287726166095
2022-09-06T13:00:00.0;0.02276246427588273
2022-09-06T14:00:00.0;0.024771157552996633
2022-09-06T15:00:00.0;0.024996139226042647
2022-09-06T16:00:00.0;0.028892081723184863
2022-09-06T17:00:00.0;0.030646678876336087
2022-09-06T18:00:00.0;0.03398208883900608
2022-09-06T19:00:00.0;0.03466368330934961
2022-09-06T20:00:00.0;0.03529448220800551
2022-09-06T21:00:00.0;0.03457809632350045
2022-09-06T22:00:00.0;0.03338269990118338
2022-09-06T23:00:00.0;0.03179428103304235
2022-09-07T00:00:00.0;0.033451400934635826
2022-09-07T01:00:00.0;0.03209234811709927
2022-09-07T02:00:00.0;0.03083342627608401
2022-09-07T03:00:00.0;0.02951660703003024
2022-09-07T04:00:00.0;0.028723123122120556
2022-09-07T05:00:00.0;0.026694712254978978
2022-09-07T06:00:00.0;0.027178600059434045
2022-09-07T07:00:00.0;0.02606811096589517
2022-09-07T08:00:00.0;0.02340534653311498
2022-09-07T09:00:00.0;0.022533942832278105
2022-09-07T10:00:00.0;0.022819356330300477
2022-09-07T11:00:00.0;0.022226611715989695
2022-09-07T12:00:00.0;0.022632305496156708
2022-09-07T13:00:00.0;0.023482062943622317
2022-09-07T14:00:00.0;0.025611989677149397
2022-09-07T15:00:00.0;0.02569654208105153
2022-09-07T16:00:00.0;0.02924984457771612
2022-09-07T17:00:00.0;0.029601371443652554
2022-09-07T18:00:00.0;0.03276607078421817
2022-09-07T19:00:00.0;0.03481800183494634
2022-09-07T20:00:00.0;0.03557756360425613
2022-09-07T21:00:00.0;0.03498038807338568
2022-09-07T22:00:00.0;0.03383616050582973
2022-09-07T23:00:00.0;0.03222595124366452
2022-09-08T00:00:00.0;0.033613998808121826
2022-09-08T01:00:00.0;0.032255739408186254
2022-09-08T02:00:00.0;0.030997196531777297
2022-09-08T03:00:00.0;0.02975252588995473
2022-09-08T04:00:00.0;0.02889945254775723
2022-09-08T05:00:00.0;0.027658131269358767
2022-09-08T06:00:00.0;0.02771730039197677
2022-09-08T07:00:00.0;0.026889079331127323
2022-09-08T08:00:00.0;0.02498666989300603
2022-09-08T09:00:00.0;0.023619645871638176
2022-09-08T10:00:00.0;0.02434251594612783
2022-09-08T11:00:00.0;0.023577217511714006
2022-09-08T12:00:00.0;0.02373284474705404
2022-09-08T13:00:00.0;0.024267602473694947
2022-09-08T14:00:00.0;0.026160432190939328
2022-09-08T15:00:00.0;0.02710135890331862
2022-09-08T16:00:00.0;0.03041604812915518
2022-09-08T17:00:00.0;0.03043097566683981
2022-09-08T18:00:00.0;0.03354205952947504
2022-09-08T19:00:00.0;0.035677954129804526
2022-09-08T20:00:00.0;0.0367220944980254
2022-09-08T21:00:00.0;0.03629610023502315
2022-09-08T22:00:00.0;0.03518292994638794
2022-09-08T23:00:00.0;0.03352541108505728
2022-09-09T00:00:00.0;0.03496289737244735
2022-09-09T01:00:00.0;0.03348801334355473
2022-09-09T02:00:00.0;0.03218601849424116
2022-09-09T03:00:00.0;0.030970072162128295
2022-09-09T04:00:00.0;0.030116223106515117
2022-09-09T05:00:00.0;0.030186749977264324
2022-09-09T06:00:00.0;0.03048825684674416
2022-09-09T07:00:00.0;0.030007536113225833
2022-09-09T08:00:00.0;0.028168359907113742
2022-09-09T09:00:00.0;0.025643281343542983
2022-09-09T10:00:00.0;0.025057793598467968
2022-09-09T11:00:00.0;0.023993234919169878
2022-09-09T12:00:00.0;0.023709149840471438
2022-09-09T13:00:00.0;0.02382970062000749
2022-09-09T14:00:00.0;0.02531676774101969
2022-09-09T15:00:00.0;0.027601551695929726
2022-09-09T16:00:00.0;0.03116756761274727
2022-09-09T17:00:00.0;0.03281441750264627
2022-09-09T18:00:00.0;0.03610493291430158
2022-09-09T19:00:00.0;0.03619251357453079
2022-09-09T20:00:00.0;0.03735037811602961
2022-09-09T21:00:00.0;0.03714994873641052
2022-09-09T22:00:00.0;0.03601622173254428
2022-09-09T23:00:00.0;0.034381673820950094
2022-09-10T00:00:00.0;0.03269144551648166
2022-09-10T01:00:00.0;0.03131371817845395
2022-09-10T02:00:00.0;0.03005404485169812
2022-09-10T03:00:00.0;0.028876325286632826
2022-09-10T04:00:00.0;0.02788681073411604
2022-09-10T05:00:00.0;0.027363060092127595
2022-09-10T06:00:00.0;0.027023446116378344
2022-09-10T07:00:00.0;0.025972590397374217
2022-09-10T08:00:00.0;0.023892031799405446
2022-09-10T09:00:00.0;0.021465493448279232
2022-09-10T10:00:00.0;0.02216702482852946
2022-09-10T11:00:00.0;0.021270661357554135
2022-09-10T12:00:00.0;0.021180993726484836
2022-09-10T13:00:00.0;0.021367434984449853
2022-09-10T14:00:00.0;0.023760107023154575
2022-09-10T15:00:00.0;0.026029692079614742
2022-09-10T16:00:00.0;0.02986666759670752
2022-09-10T17:00:00.0;0.028786169447313447
2022-09-10T18:00:00.0;0.03171842903009356
2022-09-10T19:00:00.0;0.033314494877242626
2022-09-10T20:00:00.0;0.034458347044816595
2022-09-10T21:00:00.0;0.03608668433711085
2022-09-10T22:00:00.0;0.035036012438792064
2022-09-10T23:00:00.0;0.033497937495898175
2022-09-11T00:00:00.0;0.03473840281025545
2022-09-11T01:00:00.0;0.033303249788153376
2022-09-11T02:00:00.0;0.031978825731655065
2022-09-11T03:00:00.0;0.030505879365230852
2022-09-11T04:00:00.0;0.029669579121544214
2022-09-11T05:00:00.0;0.02701999146023452
2022-09-11T06:00:00.0;0.027360764601242125
2022-09-11T07:00:00.0;0.026299175090948944
2022-09-11T08:00:00.0;0.023827907519731368
2022-09-11T09:00:00.0;0.023266266944823064
2022-09-11T10:00:00.0;0.022297468548789112
2022-09-11T11:00:00.0;0.021809443439709322
2022-09-11T12:00:00.0;0.022365759322540427
2022-09-11T13:00:00.0;0.02357125228252879
2022-09-11T14:00:00.0;0.02571040912803713
2022-09-11T15:00:00.0;0.02524848776709877
2022-09-11T16:00:00.0;0.029131876922657975
2022-09-11T17:00:00.0;0.030127927933598708
2022-09-11T18:00:00.0;0.03321709792282638
2022-09-11T19:00:00.0;0.035099056869518024
2022-09-11T20:00:00.0;0.035545430429111936
2022-09-11T21:00:00.0;0.034819236085304975
2022-09-11T22:00:00.0;0.03355364547254176
2022-09-11T23:00:00.0;0.03189846009368258
2022-09-12T00:00:00.0;0.03442645153332895
2022-09-12T01:00:00.0;0.03301056833582909
2022-09-12T02:00:00.0;0.03170176353691877
2022-09-12T03:00:00.0;0.03035321372865518
2022-09-12T04:00:00.0;0.029423671482230043
2022-09-12T05:00:00.0;0.027998001129240464
2022-09-12T06:00:00.0;0.027277991801020127
2022-09-12T07:00:00.0;0.026391208063847153
2022-09-12T08:00:00.0;0.0251347800726765
2022-09-12T09:00:00.0;0.02367987784933574
2022-09-12T10:00:00.0;0.023536489032974454
2022-09-12T11:00:00.0;0.02273603093493933
2022-09-12T12:00:00.0;0.02296931491966689
2022-09-12T13:00:00.0;0.023805743083949206
2022-09-12T14:00:00.0;0.025779215987309978
2022-09-12T15:00:00.0;0.026796276829343813
2022-09-12T16:00:00.0;0.030399545775913462
2022-09-12T17:00:00.0;0.030438293836137924
2022-09-12T18:00:00.0;0.03339797085914683
2022-09-12T19:00:00.0;0.03559078500356338
2022-09-12T20:00:00.0;0.03663519782614399
2022-09-12T21:00:00.0;0.036272114496162314
2022-09-12T22:00:00.0;0.03521581351091732
2022-09-12T23:00:00.0;0.03348051425510661
2022-09-13T00:00:00.0;0.03475603053837603
2022-09-13T01:00:00.0;0.033321587150391
2022-09-13T02:00:00.0;0.03199995695166726
2022-09-13T03:00:00.0;0.030572730449501803
2022-09-13T04:00:00.0;0.029714512244763562
2022-09-13T05:00:00.0;0.027461614653063463
2022-09-13T06:00:00.0;0.027713040017685767
2022-09-13T07:00:00.0;0.026825087373801997
2022-09-13T08:00:00.0;0.0246675211426781
2022-09-13T09:00:00.0;0.023903699913010258
2022-09-13T10:00:00.0;0.02323490336478175
2022-09-13T11:00:00.0;0.02266164531104878
2022-09-13T12:00:00.0;0.023086023454966187
2022-09-13T13:00:00.0;0.02410229359650027
2022-09-13T14:00:00.0;0.026114944622731517
2022-09-13T15:00:00.0;0.02605528822313944
2022-09-13T16:00:00.0;0.029781119745064977
2022-09-13T17:00:00.0;0.030668223430776933
2022-09-13T18:00:00.0;0.03372163157449077
2022-09-13T19:00:00.0;0.0356363837700665
2022-09-13T20:00:00.0;0.03619720001790348
2022-09-13T21:00:00.0;0.03554194045111264
2022-09-13T22:00:00.0;0.03429499061145746
2022-09-13T23:00:00.0;0.032630068633876706
2022-09-14T00:00:00.0;0.0334376872810764
2022-09-14T01:00:00.0;0.03205345305139196
2022-09-14T02:00:00.0;0.030790601856378157
2022-09-14T03:00:00.0;0.029502635026375325
2022-09-14T04:00:00.0;0.028670541754568957
2022-09-14T05:00:00.0;0.026886460415195875
2022-09-14T06:00:00.0;0.027144617552170378
2022-09-14T07:00:00.0;0.026112083819347827
2022-09-14T08:00:00.0;0.023787449815229865
2022-09-14T09:00:00.0;0.022832381335615094
2022-09-14T10:00:00.0;0.023331980514401184
2022-09-14T11:00:00.0;0.02267321301350915
2022-09-14T12:00:00.0;0.023025774049416522
2022-09-14T13:00:00.0;0.023654758060493403
2022-09-14T14:00:00.0;0.025881518943360438
2022-09-14T15:00:00.0;0.02614366910528162
2022-09-14T16:00:00.0;0.029583293198689832
2022-09-14T17:00:00.0;0.029837371495794476
2022-09-14T18:00:00.0;0.03287536902303055
2022-09-14T19:00:00.0;0.03501208135566863
2022-09-14T20:00:00.0;0.035860150833643786
2022-09-14T21:00:00.0;0.035549714473968305
2022-09-14T22:00:00.0;0.0344864571574524
2022-09-14T23:00:00.0;0.03286598899216833
2022-09-15T00:00:00.0;0.03487626880249786
2022-09-15T01:00:00.0;0.033422711813251224
2022-09-15T02:00:00.0;0.032127324312001174
2022-09-15T03:00:00.0;0.030934249770688153
2022-09-15T04:00:00.0;0.0300675618043031
2022-09-15T05:00:00.0;0.030020838044335457
2022-09-15T06:00:00.0;0.030307555452164944
2022-09-15T07:00:00.0;0.030033271623257442
2022-09-15T08:00:00.0;0.028579348304827754
2022-09-15T09:00:00.0;0.026437417313578227
2022-09-15T10:00:00.0;0.026524413363308765
2022-09-15T11:00:00.0;0.0254860780256178
2022-09-15T12:00:00.0;0.02522510544641558
2022-09-15T13:00:00.0;0.025278188290603427
2022-09-15T14:00:00.0;0.02667391158679679
2022-09-15T15:00:00.0;0.028709531211940087
2022-09-15T16:00:00.0;0.031925784001623145
2022-09-15T17:00:00.0;0.03327207140728749
2022-09-15T18:00:00.0;0.03644304525908935
2022-09-15T19:00:00.0;0.037258712554184316
2022-09-15T20:00:00.0;0.0384131270788623
2022-09-15T21:00:00.0;0.037955323497122155
2022-09-15T22:00:00.0;0.03682371440311403
2022-09-15T23:00:00.0;0.035161676486380786
2022-09-16T00:00:00.0;0.03697108129177328
2022-09-16T01:00:00.0;0.03535022756790467
2022-09-16T02:00:00.0;0.03397257739131328
2022-09-16T03:00:00.0;0.0326651702522197
2022-09-16T04:00:00.0;0.03182641759480496
2022-09-16T05:00:00.0;0.03224750014371203
2022-09-16T06:00:00.0;0.03299718906498438
2022-09-16T07:00:00.0;0.032883376648199965
2022-09-16T08:00:00.0;0.031036758446481696
2022-09-16T09:00:00.0;0.02819054321536373
2022-09-16T10:00:00.0;0.025795339572019828
2022-09-16T11:00:00.0;0.024624494761244085
2022-09-16T12:00:00.0;0.024174814845079492
2022-09-16T13:00:00.0;0.024233603246933726
2022-09-16T14:00:00.0;0.02536550733878742
2022-09-16T15:00:00.0;0.02786031939050189
2022-09-16T16:00:00.0;0.03170974969559829
2022-09-16T17:00:00.0;0.03547208348849464
2022-09-16T18:00:00.0;0.0388666906421026
2022-09-16T19:00:00.0;0.03729370775878851
2022-09-16T20:00:00.0;0.0382098083542381
2022-09-16T21:00:00.0;0.03770675466639371
2022-09-16T22:00:00.0;0.036462889898109425
2022-09-16T23:00:00.0;0.03482413516189907
2022-09-17T00:00:00.0;0.034484733545220456
2022-09-17T01:00:00.0;0.032886504881205515
2022-09-17T02:00:00.0;0.03144554680682561
2022-09-17T03:00:00.0;0.03002382966200981
2022-09-17T04:00:00.0;0.02877019382135631
2022-09-17T05:00:00.0;0.028062634447018252
2022-09-17T06:00:00.0;0.028060995852345554
2022-09-17T07:00:00.0;0.027378598831510937
2022-09-17T08:00:00.0;0.02495988175883836
2022-09-17T09:00:00.0;0.02163193932299238
2022-09-17T10:00:00.0;0.019131353690197656
2022-09-17T11:00:00.0;0.01818738741911034
2022-09-17T12:00:00.0;0.01782861061291406
2022-09-17T13:00:00.0;0.018530009522586217
2022-09-17T14:00:00.0;0.021127053082417767
2022-09-17T15:00:00.0;0.02480473289609657
2022-09-17T16:00:00.0;0.030271898966677424
2022-09-17T17:00:00.0;0.029924397850627685
2022-09-17T18:00:00.0;0.03230047784461525
2022-09-17T19:00:00.0;0.03208072340655311
2022-09-17T20:00:00.0;0.03214940178114405
2022-09-17T21:00:00.0;0.03624082941817047
2022-09-17T22:00:00.0;0.034929875214898876
2022-09-17T23:00:00.0;0.033634334400046394
2022-09-18T00:00:00.0;0.03672794023841731
2022-09-18T01:00:00.0;0.035076435560385415
2022-09-18T02:00:00.0;0.03364115634570648
2022-09-18T03:00:00.0;0.032270876530587814
2022-09-18T04:00:00.0;0.031228225235799524
2022-09-18T05:00:00.0;0.031121411960896607
2022-09-18T06:00:00.0;0.03173384704523703
2022-09-18T07:00:00.0;0.031884033016554236
2022-09-18T08:00:00.0;0.030396098866517868
2022-09-18T09:00:00.0;0.027784041854633332
2022-09-18T10:00:00.0;0.025494111992728954
2022-09-18T11:00:00.0;0.024415119396877252
2022-09-18T12:00:00.0;0.023958923365056367
2022-09-18T13:00:00.0;0.024171740614914467
2022-09-18T14:00:00.0;0.02564515284564644
2022-09-18T15:00:00.0;0.028388379390263965
2022-09-18T16:00:00.0;0.0325609533606578
2022-09-18T17:00:00.0;0.035041397021768214
2022-09-18T18:00:00.0;0.03782723030946373
2022-09-18T19:00:00.0;0.03719824375167878
2022-09-18T20:00:00.0;0.037593489884877644
2022-09-18T21:00:00.0;0.038629223181334174
2022-09-18T22:00:00.0;0.03730081491226909
2022-09-18T23:00:00.0;0.03577312924804538
2022-09-19T00:00:00.0;0.03617274240274861
2022-09-19T01:00:00.0;0.034568051951632074
2022-09-19T02:00:00.0;0.033182378232601714
2022-09-19T03:00:00.0;0.03183715597471188
2022-09-19T04:00:00.0;0.03091649888708757
2022-09-19T05:00:00.0;0.03088905643286831
2022-09-19T06:00:00.0;0.03147239202431647
2022-09-19T07:00:00.0;0.031081208311151954
2022-09-19T08:00:00.0;0.0289005365735465
2022-09-19T09:00:00.0;0.026017395321189036
2022-09-19T10:00:00.0;0.023568464987883397
2022-09-19T11:00:00.0;0.02248963979849715
2022-09-19T12:00:00.0;0.022134651193442923
2022-09-19T13:00:00.0;0.02243935722172691
2022-09-19T14:00:00.0;0.02401744157551705
2022-09-19T15:00:00.0;0.026619030287686547
2022-09-19T16:00:00.0;0.030923208982824208
2022-09-19T17:00:00.0;0.03363873776440512
2022-09-19T18:00:00.0;0.03681766981054454
2022-09-19T19:00:00.0;0.035600089772122014
2022-09-19T20:00:00.0;0.03629877475762874
2022-09-19T21:00:00.0;0.03686933814067625
2022-09-19T22:00:00.0;0.035625620506285885
2022-09-19T23:00:00.0;0.0340763320793682
2022-09-20T00:00:00.0;0.03557567157025966
2022-09-20T01:00:00.0;0.03402740986992011
2022-09-20T02:00:00.0;0.03266977815927583
2022-09-20T03:00:00.0;0.031167616681466503
2022-09-20T04:00:00.0;0.030323337760193792
2022-09-20T05:00:00.0;0.027766624603966925
2022-09-20T06:00:00.0;0.028402019781786813
2022-09-20T07:00:00.0;0.027418399757382226
2022-09-20T08:00:00.0;0.024772555765013613
2022-09-20T09:00:00.0;0.024233587762560353
2022-09-20T10:00:00.0;0.022509415238174242
2022-09-20T11:00:00.0;0.02202756515643198
2022-09-20T12:00:00.0;0.02257406305713515
2022-09-20T13:00:00.0;0.023375727739944282
2022-09-20T14:00:00.0;0.025737500527736445
2022-09-20T15:00:00.0;0.02491407499143885
2022-09-20T16:00:00.0;0.02886943250722211
2022-09-20T17:00:00.0;0.03102505874898809
2022-09-20T18:00:00.0;0.03409416545114559
2022-09-20T19:00:00.0;0.035068639761775204
2022-09-20T20:00:00.0;0.03536831119039837
2022-09-20T21:00:00.0;0.0350678528461281
2022-09-20T22:00:00.0;0.03377748527037652
2022-09-20T23:00:00.0;0.03214048765929824
2022-09-21T00:00:00.0;0.035677219747196474
2022-09-21T01:00:00.0;0.034162918967681956
2022-09-21T02:00:00.0;0.03278629377518218
2022-09-21T03:00:00.0;0.031178566602264368
2022-09-21T04:00:00.0;0.030371827734048708
2022-09-21T05:00:00.0;0.02686127238151931
2022-09-21T06:00:00.0;0.027884131506024923
2022-09-21T07:00:00.0;0.02690590211477631
2022-09-21T08:00:00.0;0.02392154763282571
2022-09-21T09:00:00.0;0.024029858087113436
2022-09-21T10:00:00.0;0.021945770128446805
2022-09-21T11:00:00.0;0.021624429413735196
2022-09-21T12:00:00.0;0.02238268506289287
2022-09-21T13:00:00.0;0.023897725750895774
2022-09-21T14:00:00.0;0.026090215200532164
2022-09-21T15:00:00.0;0.02465538645430887
2022-09-21T16:00:00.0;0.028800622368156517
2022-09-21T17:00:00.0;0.030997080101323033
2022-09-21T18:00:00.0;0.034020601651911564
2022-09-21T19:00:00.0;0.03549264414884873
2022-09-21T20:00:00.0;0.03538392899264665
2022-09-21T21:00:00.0;0.034373155664804644
2022-09-21T22:00:00.0;0.03299164302096838
2022-09-21T23:00:00.0;0.0313836619317909
2022-09-22T00:00:00.0;0.03489978297223984
2022-09-22T01:00:00.0;0.03342331227725417
2022-09-22T02:00:00.0;0.032082553816901366
2022-09-22T03:00:00.0;0.03058020229384872
2022-09-22T04:00:00.0;0.02978202764854809
2022-09-22T05:00:00.0;0.02678340311919978
2022-09-22T06:00:00.0;0.027749027346858447
2022-09-22T07:00:00.0;0.026791317885224968
2022-09-22T08:00:00.0;0.02389894195935487
2022-09-22T09:00:00.0;0.02374245340246442
2022-09-22T10:00:00.0;0.022484028791725216
2022-09-22T11:00:00.0;0.02204748996355542
2022-09-22T12:00:00.0;0.022678673428077945
2022-09-22T13:00:00.0;0.02394793179516952
2022-09-22T14:00:00.0;0.026126908813403283
2022-09-22T15:00:00.0;0.025212630711706284
2022-09-22T16:00:00.0;0.02912467445931667
2022-09-22T17:00:00.0;0.0308710660600647
2022-09-22T18:00:00.0;0.03387235670503279
2022-09-22T19:00:00.0;0.03550088515866026
2022-09-22T20:00:00.0;0.03562948483205758
2022-09-22T21:00:00.0;0.03474340037582585
2022-09-22T22:00:00.0;0.033490042619375535
2022-09-22T23:00:00.0;0.03190283409351309
2022-09-23T00:00:00.0;0.03509279244132695
2022-09-23T01:00:00.0;0.03355077359321155
2022-09-23T02:00:00.0;0.032213595345016305
2022-09-23T03:00:00.0;0.030806754514740603
2022-09-23T04:00:00.0;0.029826163289580456
2022-09-23T05:00:00.0;0.02781329968691853
2022-09-23T06:00:00.0;0.02740718817057653
2022-09-23T07:00:00.0;0.026442002871701988
2022-09-23T08:00:00.0;0.024863053480551105
2022-09-23T09:00:00.0;0.024104949997876025
2022-09-23T10:00:00.0;0.023590561808077087
2022-09-23T11:00:00.0;0.023041873711098365
2022-09-23T12:00:00.0;0.02350105455345914
2022-09-23T13:00:00.0;0.02363493371893033
2022-09-23T14:00:00.0;0.026361998155008236
2022-09-23T15:00:00.0;0.025834431024769136
2022-09-23T16:00:00.0;0.029379134873472487
2022-09-23T17:00:00.0;0.030159150907076285
2022-09-23T18:00:00.0;0.03300412883415658
2022-09-23T19:00:00.0;0.03491624545382743
2022-09-23T20:00:00.0;0.035659809950661175
2022-09-23T21:00:00.0;0.03638189863047913
2022-09-23T22:00:00.0;0.03518283180583619
2022-09-23T23:00:00.0;0.03345755753745577
2022-09-24T00:00:00.0;0.03522394926604343
2022-09-24T01:00:00.0;0.033587796258477236
2022-09-24T02:00:00.0;0.03227841869146323
2022-09-24T03:00:00.0;0.031066074323850328
2022-09-24T04:00:00.0;0.030111802805492673
2022-09-24T05:00:00.0;0.029949754125210136
2022-09-24T06:00:00.0;0.02975796216693572
2022-09-24T07:00:00.0;0.028929278435066853
2022-09-24T08:00:00.0;0.027256309242845795
2022-09-24T09:00:00.0;0.025281568154369768
2022-09-24T10:00:00.0;0.024849467399479342
2022-09-24T11:00:00.0;0.023969829270420913
2022-09-24T12:00:00.0;0.02396181258953406
2022-09-24T13:00:00.0;0.02283429744514298
2022-09-24T14:00:00.0;0.02561711827503293
2022-09-24T15:00:00.0;0.026253023354692238
2022-09-24T16:00:00.0;0.029547020241602173
2022-09-24T17:00:00.0;0.03151605443733781
2022-09-24T18:00:00.0;0.03458545530115229
2022-09-24T19:00:00.0;0.03458901621044434
2022-09-24T20:00:00.0;0.03585084260103529
2022-09-24T21:00:00.0;0.03741332726925389
2022-09-24T22:00:00.0;0.03635471141086989
2022-09-24T23:00:00.0;0.034661659585606505
2022-09-25T00:00:00.0;0.035934858369145437
2022-09-25T01:00:00.0;0.03438022887437649
2022-09-25T02:00:00.0;0.03296149616602449
2022-09-25T03:00:00.0;0.03138210286097728
2022-09-25T04:00:00.0;0.03035903352140701
2022-09-25T05:00:00.0;0.027986198201778435
2022-09-25T06:00:00.0;0.02749139975911776
2022-09-25T07:00:00.0;0.026650354150541608
2022-09-25T08:00:00.0;0.025100081667158127
2022-09-25T09:00:00.0;0.02392259496944162
2022-09-25T10:00:00.0;0.02164424808650157
2022-09-25T11:00:00.0;0.021002865653981892
2022-09-25T12:00:00.0;0.021400166100041234
2022-09-25T13:00:00.0;0.02275770890523368
2022-09-25T14:00:00.0;0.02496475365141315
2022-09-25T15:00:00.0;0.025483183533448805
2022-09-25T16:00:00.0;0.029923035693703852
2022-09-25T17:00:00.0;0.030896095967500523
2022-09-25T18:00:00.0;0.03361078485874513
2022-09-25T19:00:00.0;0.035104271870976485
2022-09-25T20:00:00.0;0.035408325274113785
2022-09-25T21:00:00.0;0.035700465518899965
2022-09-25T22:00:00.0;0.034458300345623215
2022-09-25T23:00:00.0;0.03278863682889299
2022-09-26T00:00:00.0;0.03771525237027829
2022-09-26T01:00:00.0;0.03605432426428121
2022-09-26T02:00:00.0;0.03464349680636893
2022-09-26T03:00:00.0;0.0333179179227999
2022-09-26T04:00:00.0;0.03243783137422594
2022-09-26T05:00:00.0;0.032773614735237745
2022-09-26T06:00:00.0;0.03368354463966752
2022-09-26T07:00:00.0;0.034063782717397205
2022-09-26T08:00:00.0;0.03280856607975673
2022-09-26T09:00:00.0;0.030391558407337194
2022-09-26T10:00:00.0;0.028145019560742588
2022-09-26T11:00:00.0;0.02697686597717168
2022-09-26T12:00:00.0;0.02648436705510119
2022-09-26T13:00:00.0;0.026443226528485325
2022-09-26T14:00:00.0;0.02733749067880202
2022-09-26T15:00:00.0;0.029612782186892277
2022-09-26T16:00:00.0;0.033145168277078044
2022-09-26T17:00:00.0;0.03724584039295615
2022-09-26T18:00:00.0;0.0404293197731008
2022-09-26T19:00:00.0;0.0392738217884076
2022-09-26T20:00:00.0;0.03999972068174316
2022-09-26T21:00:00.0;0.03922557533054895
2022-09-26T22:00:00.0;0.03792276571476641
2022-09-26T23:00:00.0;0.03625982783142406
2022-09-27T00:00:00.0;0.036399448693033104
2022-09-27T01:00:00.0;0.03479448963363006
2022-09-27T02:00:00.0;0.033394621636917816
2022-09-27T03:00:00.0;0.03196873222643761
2022-09-27T04:00:00.0;0.03107182855879353
2022-09-27T05:00:00.0;0.030010482244972953
2022-09-27T06:00:00.0;0.030982265946012336
2022-09-27T07:00:00.0;0.030690216310928692
2022-09-27T08:00:00.0;0.028420493148292366
2022-09-27T09:00:00.0;0.026616423149343902
2022-09-27T10:00:00.0;0.024291833650681275
2022-09-27T11:00:00.0;0.023434037722104367
2022-09-27T12:00:00.0;0.02336450310639473
2022-09-27T13:00:00.0;0.023939876187657357
2022-09-27T14:00:00.0;0.02557017370343456
2022-09-27T15:00:00.0;0.02689048106393602
2022-09-27T16:00:00.0;0.031006667213926423
2022-09-27T17:00:00.0;0.03391412052208579
2022-09-27T18:00:00.0;0.036954434939249166
2022-09-27T19:00:00.0;0.0365605512865848
2022-09-27T20:00:00.0;0.0368803170834032
2022-09-27T21:00:00.0;0.03687855508003914
2022-09-27T22:00:00.0;0.03555679953461197
2022-09-27T23:00:00.0;0.03400072243001066
2022-09-28T00:00:00.0;0.0356582317911118
2022-09-28T01:00:00.0;0.034122463343859884
2022-09-28T02:00:00.0;0.03274145191074901
2022-09-28T03:00:00.0;0.03111157227970095
2022-09-28T04:00:00.0;0.030362205751336635
2022-09-28T05:00:00.0;0.026415777228427795
2022-09-28T06:00:00.0;0.02820482510978894
2022-09-28T07:00:00.0;0.02727488305150964
2022-09-28T08:00:00.0;0.023661429287172287
2022-09-28T09:00:00.0;0.02423995747171605
2022-09-28T10:00:00.0;0.02199009380068518
2022-09-28T11:00:00.0;0.02176496589066508
2022-09-28T12:00:00.0;0.02262304585800165
2022-09-28T13:00:00.0;0.02419686896463382
2022-09-28T14:00:00.0;0.026443236253189072
2022-09-28T15:00:00.0;0.024412592859334805
2022-09-28T16:00:00.0;0.02857094831639733
2022-09-28T17:00:00.0;0.0314424599236107
2022-09-28T18:00:00.0;0.03444372134800951
2022-09-28T19:00:00.0;0.03569532437749516
2022-09-28T20:00:00.0;0.035256688568691484
2022-09-28T21:00:00.0;0.034061211282668424
2022-09-28T22:00:00.0;0.03265159106824561
2022-09-28T23:00:00.0;0.031121854832859668
2022-09-29T00:00:00.0;0.03553559892403954
2022-09-29T01:00:00.0;0.034009417283313
2022-09-29T02:00:00.0;0.032635047248376875
2022-09-29T03:00:00.0;0.031021962492908117
2022-09-29T04:00:00.0;0.03027062391353901
2022-09-29T05:00:00.0;0.02642188541829593
2022-09-29T06:00:00.0;0.02814725760279309
2022-09-29T07:00:00.0;0.02720805539813873
2022-09-29T08:00:00.0;0.02364078135060578
2022-09-29T09:00:00.0;0.024147564500207927
2022-09-29T10:00:00.0;0.02203724715580966
2022-09-29T11:00:00.0;0.021793591817494063
2022-09-29T12:00:00.0;0.022628680076069663
2022-09-29T13:00:00.0;0.024164188467596444
2022-09-29T14:00:00.0;0.026405380365901402
2022-09-29T15:00:00.0;0.024481762411456692
2022-09-29T16:00:00.0;0.028606514371394998
2022-09-29T17:00:00.0;0.031344016041251706
2022-09-29T18:00:00.0;0.03435308399548194
2022-09-29T19:00:00.0;0.0356507774073598
2022-09-29T20:00:00.0;0.0352735311193872
2022-09-29T21:00:00.0;0.03410901935755024
2022-09-29T22:00:00.0;0.03271354893215141
2022-09-29T23:00:00.0;0.031180227961610952
2022-09-30T00:00:00.0;0.03538638290119249
2022-09-30T01:00:00.0;0.03387197932390486
2022-09-30T02:00:00.0;0.03250370995984405
2022-09-30T03:00:00.0;0.03115910886277159
2022-09-30T04:00:00.0;0.030096982402847593
2022-09-30T05:00:00.0;0.02954513552860531
2022-09-30T06:00:00.0;0.02782912038990239
2022-09-30T07:00:00.0;0.027362973300671643
2022-09-30T08:00:00.0;0.027602086699192178
2022-09-30T09:00:00.0;0.02553701527614568
2022-09-30T10:00:00.0;0.025029978787819443
2022-09-30T11:00:00.0;0.02390365192726309
2022-09-30T12:00:00.0;0.023877483266162063
2022-09-30T13:00:00.0;0.0245752797828484
2022-09-30T14:00:00.0;0.02636253624228595
2022-09-30T15:00:00.0;0.028594248694571344
2022-09-30T16:00:00.0;0.032147708172132805
2022-09-30T17:00:00.0;0.032329246314609886
2022-09-30T18:00:00.0;0.03491748218301816
2022-09-30T19:00:00.0;0.03702468649474146
2022-09-30T20:00:00.0;0.038301515514496245
2022-09-30T21:00:00.0;0.03817013705662794
2022-09-30T22:00:00.0;0.03734883985780807
2022-09-30T23:00:00.0;0.03553358055187729
2022-10-01T00:00:00.0;0.03520769386240265
2022-10-01T01:00:00.0;0.03360019357886025
2022-10-01T02:00:00.0;0.03217342874558771
2022-10-01T03:00:00.0;0.03078071384020655
2022-10-01T04:00:00.0;0.029634331134819395
2022-10-01T05:00:00.0;0.02922073652888788
2022-10-01T06:00:00.0;0.029432336608851074
2022-10-01T07:00:00.0;0.028941456654646508
2022-10-01T08:00:00.0;0.026723065354900006
2022-10-01T09:00:00.0;0.023558243136556824
2022-10-01T10:00:00.0;0.02109777037622421
2022-10-01T11:00:00.0;0.02009354269389168
2022-10-01T12:00:00.0;0.019707071450925574
2022-10-01T13:00:00.0;0.02022908928066522
2022-10-01T14:00:00.0;0.022416354709078098
2022-10-01T15:00:00.0;0.025760966731051643
2022-10-01T16:00:00.0;0.030771256354064174
2022-10-01T17:00:00.0;0.031546672575206894
2022-10-01T18:00:00.0;0.03417718940883016
2022-10-01T19:00:00.0;0.0336304630383706
2022-10-01T20:00:00.0;0.03390965890198846
2022-10-01T21:00:00.0;0.03675441461041194
2022-10-01T22:00:00.0;0.035456578100865936
2022-10-01T23:00:00.0;0.03406759125508735
2022-10-02T00:00:00.0;0.035032695787525985
2022-10-02T01:00:00.0;0.033427551708657924
2022-10-02T02:00:00.0;0.03201587148965761
2022-10-02T03:00:00.0;0.03059806821632842
2022-10-02T04:00:00.0;0.02954218836538857
2022-10-02T05:00:00.0;0.028692674855042025
2022-10-02T06:00:00.0;0.02898920955966774
2022-10-02T07:00:00.0;0.028254944776612417
2022-10-02T08:00:00.0;0.025751421534087583
2022-10-02T09:00:00.0;0.023028199939605722
2022-10-02T10:00:00.0;0.02049108942447151
2022-10-02T11:00:00.0;0.01953255664438183
2022-10-02T12:00:00.0;0.0193683429425904
2022-10-02T13:00:00.0;0.02011560701077048
2022-10-02T14:00:00.0;0.02241482869969183
2022-10-02T15:00:00.0;0.025060904674856638
2022-10-02T16:00:00.0;0.030008111033595585
2022-10-02T17:00:00.0;0.03126996121449723
2022-10-02T18:00:00.0;0.033959991112780974
2022-10-02T19:00:00.0;0.03347211407120203
2022-10-02T20:00:00.0;0.033757334882120925
2022-10-02T21:00:00.0;0.03586053074258026
2022-10-02T22:00:00.0;0.03470777499719784
2022-10-02T23:00:00.0;0.0332979195057398
2022-10-03T00:00:00.0;0.03586115757400434
2022-10-03T01:00:00.0;0.034287450319037086
2022-10-03T02:00:00.0;0.03289453570600414
2022-10-03T03:00:00.0;0.03128357537422074
2022-10-03T04:00:00.0;0.030474648715123343
2022-10-03T05:00:00.0;0.026869976714688274
2022-10-03T06:00:00.0;0.028223501108101255
2022-10-03T07:00:00.0;0.027368141672562084
2022-10-03T08:00:00.0;0.02427483101202732
2022-10-03T09:00:00.0;0.024645557669845646
2022-10-03T10:00:00.0;0.02245529268675562
2022-10-03T11:00:00.0;0.022142969750770996
2022-10-03T12:00:00.0;0.022927139777771274
2022-10-03T13:00:00.0;0.024248656737375862
2022-10-03T14:00:00.0;0.026596839661542606
2022-10-03T15:00:00.0;0.024846489851860165
2022-10-03T16:00:00.0;0.028927779232516652
2022-10-03T17:00:00.0;0.03169372612340251
2022-10-03T18:00:00.0;0.034571667652560256
2022-10-03T19:00:00.0;0.03584061667859294
2022-10-03T20:00:00.0;0.035549725722975274
2022-10-03T21:00:00.0;0.034728652132059314
2022-10-03T22:00:00.0;0.03339462882208058
2022-10-03T23:00:00.0;0.03182898908663787
2022-10-04T00:00:00.0;0.03766485962423064
2022-10-04T01:00:00.0;0.036039741870217155
2022-10-04T02:00:00.0;0.03457493669603578
2022-10-04T03:00:00.0;0.03304186074823861
2022-10-04T04:00:00.0;0.031913362595035154
2022-10-04T05:00:00.0;0.030793231121757726
2022-10-04T06:00:00.0;0.029249940684095248
2022-10-04T07:00:00.0;0.029209732056503734
2022-10-04T08:00:00.0;0.029827868691731974
2022-10-04T09:00:00.0;0.028151076975887274
2022-10-04T10:00:00.0;0.026045200084565703
2022-10-04T11:00:00.0;0.025061832196507892
2022-10-04T12:00:00.0;0.025082449571894615
2022-10-04T13:00:00.0;0.025998595956540412
2022-10-04T14:00:00.0;0.02749819325355729
2022-10-04T15:00:00.0;0.029095264816361283
2022-10-04T16:00:00.0;0.03289265564952242
2022-10-04T17:00:00.0;0.03425667424457172
2022-10-04T18:00:00.0;0.03680991050513122
2022-10-04T19:00:00.0;0.03852296086982274
2022-10-04T20:00:00.0;0.039314853212794015
2022-10-04T21:00:00.0;0.038955777946966134
2022-10-04T22:00:00.0;0.0377937503534717
2022-10-04T23:00:00.0;0.035915777354723157
2022-10-05T00:00:00.0;0.03727447050091462
2022-10-05T01:00:00.0;0.03560244970386017
2022-10-05T02:00:00.0;0.03415675858027215
2022-10-05T03:00:00.0;0.032787156623960645
2022-10-05T04:00:00.0;0.03175845596074859
2022-10-05T05:00:00.0;0.0317022627130496
2022-10-05T06:00:00.0;0.032449683512505274
2022-10-05T07:00:00.0;0.032876007235689196
2022-10-05T08:00:00.0;0.031709927641758874
2022-10-05T09:00:00.0;0.02933678589689848
2022-10-05T10:00:00.0;0.02712468371184364
2022-10-05T11:00:00.0;0.02602876890666264
2022-10-05T12:00:00.0;0.025545305138686355
2022-10-05T13:00:00.0;0.025659995989825997
2022-10-05T14:00:00.0;0.026905106296403348
2022-10-05T15:00:00.0;0.029451104043067288
2022-10-05T16:00:00.0;0.03334609039179256
2022-10-05T17:00:00.0;0.03631373504442135
2022-10-05T18:00:00.0;0.03908263948545997
2022-10-05T19:00:00.0;0.03854007443862179
2022-10-05T20:00:00.0;0.03891444875807639
2022-10-05T21:00:00.0;0.03945553465892718
2022-10-05T22:00:00.0;0.038104991353656165
2022-10-05T23:00:00.0;0.036538519630533804
2022-10-06T00:00:00.0;0.036027786986232865
2022-10-06T01:00:00.0;0.03438056527907893
2022-10-06T02:00:00.0;0.032956624410534055
2022-10-06T03:00:00.0;0.0315876309870322
2022-10-06T04:00:00.0;0.030551109744766467
2022-10-06T05:00:00.0;0.030408306546942817
2022-10-06T06:00:00.0;0.03075856220047851
2022-10-06T07:00:00.0;0.03052822078462806
2022-10-06T08:00:00.0;0.028732765499541055
2022-10-06T09:00:00.0;0.025878837246688997
2022-10-06T10:00:00.0;0.02342618131045666
2022-10-06T11:00:00.0;0.02230250912828068
2022-10-06T12:00:00.0;0.02192010232870038
2022-10-06T13:00:00.0;0.022309902256533436
2022-10-06T14:00:00.0;0.02410595252819104
2022-10-06T15:00:00.0;0.027076858589798608
2022-10-06T16:00:00.0;0.03155529425827007
2022-10-06T17:00:00.0;0.03373930326912969
2022-10-06T18:00:00.0;0.036482788719596065
2022-10-06T19:00:00.0;0.035681325659884834
2022-10-06T20:00:00.0;0.03615169427773946
2022-10-06T21:00:00.0;0.03753221686025443
2022-10-06T22:00:00.0;0.03638517379682045
2022-10-06T23:00:00.0;0.03489739901487634
2022-10-07T00:00:00.0;0.03649768814945889
2022-10-07T01:00:00.0;0.034849550247948065
2022-10-07T02:00:00.0;0.03341039854264389
2022-10-07T03:00:00.0;0.03203153301731588
2022-10-07T04:00:00.0;0.030956780243542613
2022-10-07T05:00:00.0;0.03076160215608037
2022-10-07T06:00:00.0;0.03130692720141148
2022-10-07T07:00:00.0;0.03139209258417391
2022-10-07T08:00:00.0;0.02983513554289954
2022-10-07T09:00:00.0;0.02716758471896987
2022-10-07T10:00:00.0;0.024863423826276407
2022-10-07T11:00:00.0;0.023802746177475652
2022-10-07T12:00:00.0;0.023355564438880018
2022-10-07T13:00:00.0;0.0236243634131224
2022-10-07T14:00:00.0;0.025225787216947532
2022-10-07T15:00:00.0;0.028073419060131062
2022-10-07T16:00:00.0;0.03238942395278609
2022-10-07T17:00:00.0;0.0345233183074806
2022-10-07T18:00:00.0;0.03723453009084342
2022-10-07T19:00:00.0;0.03669945660477918
2022-10-07T20:00:00.0;0.037033172317463635
2022-10-07T21:00:00.0;0.03845223029625675
2022-10-07T22:00:00.0;0.03712062640310842
2022-10-07T23:00:00.0;0.03562172574617031
2022-10-08T00:00:00.0;0.034573356660731636
2022-10-08T01:00:00.0;0.03297835572658605
2022-10-08T02:00:00.0;0.031537995210538836
2022-10-08T03:00:00.0;0.030060250929290856
2022-10-08T04:00:00.0;0.02885794247305775
2022-10-08T05:00:00.0;0.02735739370647456
2022-10-08T06:00:00.0;0.02764057499080944
2022-10-08T07:00:00.0;0.026908763060918776
2022-10-08T08:00:00.0;0.02429018431084521
2022-10-08T09:00:00.0;0.02179099146796875
2022-10-08T10:00:00.0;0.01936232213498988
2022-10-08T11:00:00.0;0.018589431326307276
2022-10-08T12:00:00.0;0.018492195345953293
2022-10-08T13:00:00.0;0.01938771916379236
2022-10-08T14:00:00.0;0.02207404475526986
2022-10-08T15:00:00.0;0.024632166400703617
2022-10-08T16:00:00.0;0.02994136366784766
2022-10-08T17:00:00.0;0.029891548220808736
2022-10-08T18:00:00.0;0.032244726254269315
2022-10-08T19:00:00.0;0.03252815851493406
2022-10-08T20:00:00.0;0.03238530234702977
2022-10-08T21:00:00.0;0.03587795530714415
2022-10-08T22:00:00.0;0.034544941131541516
2022-10-08T23:00:00.0;0.03323154064599529
2022-10-09T00:00:00.0;0.03676868763365839
2022-10-09T01:00:00.0;0.035140743051606325
2022-10-09T02:00:00.0;0.033690366692668575
2022-10-09T03:00:00.0;0.032131202617171284
2022-10-09T04:00:00.0;0.031059469340009926
2022-10-09T05:00:00.0;0.029442987715730173
2022-10-09T06:00:00.0;0.027839826396481693
2022-10-09T07:00:00.0;0.027290651270984033
2022-10-09T08:00:00.0;0.027317537025519114
2022-10-09T09:00:00.0;0.025844084086313782
2022-10-09T10:00:00.0;0.023527187477999912
2022-10-09T11:00:00.0;0.02255742405074178
2022-10-09T12:00:00.0;0.022829497992876962
2022-10-09T13:00:00.0;0.024112202073132145
2022-10-09T14:00:00.0;0.02607638451666431
2022-10-09T15:00:00.0;0.02732414630603891
2022-10-09T16:00:00.0;0.031419162904922526
2022-10-09T17:00:00.0;0.03280475967264852
2022-10-09T18:00:00.0;0.03526341940636527
2022-10-09T19:00:00.0;0.03693181199889476
2022-10-09T20:00:00.0;0.03766984720903412
2022-10-09T21:00:00.0;0.037288512847327426
2022-10-09T22:00:00.0;0.03640808645563504
2022-10-09T23:00:00.0;0.03458823919928702
2022-10-10T00:00:00.0;0.0377780127152772
2022-10-10T01:00:00.0;0.03612547999527981
2022-10-10T02:00:00.0;0.03464802825140218
2022-10-10T03:00:00.0;0.033126807997336034
2022-10-10T04:00:00.0;0.03196791697173348
2022-10-10T05:00:00.0;0.03111221300977128
2022-10-10T06:00:00.0;0.029311256551634312
2022-10-10T07:00:00.0;0.029366053886824377
2022-10-10T08:00:00.0;0.030358977462142656
2022-10-10T09:00:00.0;0.028512516358520614
2022-10-10T10:00:00.0;0.026376953603697153
2022-10-10T11:00:00.0;0.02528550419271388
2022-10-10T12:00:00.0;0.02523731469621172
2022-10-10T13:00:00.0;0.026111844043721015
2022-10-10T14:00:00.0;0.027595244117349323
2022-10-10T15:00:00.0;0.02956269086915663
2022-10-10T16:00:00.0;0.033338173715591224
2022-10-10T17:00:00.0;0.034742915518008934
2022-10-10T18:00:00.0;0.03716772883195283
2022-10-10T19:00:00.0;0.038853529606250985
2022-10-10T20:00:00.0;0.03971826499848464
2022-10-10T21:00:00.0;0.03943107987838817
2022-10-10T22:00:00.0;0.038381259586768544
2022-10-10T23:00:00.0;0.03649284464144605
2022-10-11T00:00:00.0;0.03554317148179636
2022-10-11T01:00:00.0;0.03400207434261431
2022-10-11T02:00:00.0;0.03261420149447328
2022-10-11T03:00:00.0;0.030996024652425805
2022-10-11T04:00:00.0;0.030199715241670498
2022-10-11T05:00:00.0;0.02645684107401305
2022-10-11T06:00:00.0;0.028106028142926728
2022-10-11T07:00:00.0;0.02719778037910256
2022-10-11T08:00:00.0;0.02367712257117337
2022-10-11T09:00:00.0;0.023979488736162048
2022-10-11T10:00:00.0;0.021714343007652195
2022-10-11T11:00:00.0;0.021442948887846595
2022-10-11T12:00:00.0;0.02221444774529703
2022-10-11T13:00:00.0;0.023736925657841478
2022-10-11T14:00:00.0;0.026033526313839244
2022-10-11T15:00:00.0;0.0244311834115734
2022-10-11T16:00:00.0;0.02870916901263777
2022-10-11T17:00:00.0;0.03126842703625937
2022-10-11T18:00:00.0;0.0341946084956194
2022-10-11T19:00:00.0;0.03538570976151344
2022-10-11T20:00:00.0;0.03495772391482135
2022-10-11T21:00:00.0;0.03423593383062715
2022-10-11T22:00:00.0;0.032829851533387105
2022-10-11T23:00:00.0;0.0313238498213088
2022-10-12T00:00:00.0;0.035887080324199544
2022-10-12T01:00:00.0;0.03429272297891769
2022-10-12T02:00:00.0;0.03288625741661173
2022-10-12T03:00:00.0;0.03128047974882803
2022-10-12T04:00:00.0;0.030483355944260652
2022-10-12T05:00:00.0;0.026997681504422378
2022-10-12T06:00:00.0;0.028478073126958506
2022-10-12T07:00:00.0;0.027777556060066634
2022-10-12T08:00:00.0;0.024778077096763374
2022-10-12T09:00:00.0;0.02512102134768596
2022-10-12T10:00:00.0;0.022817515102325096
2022-10-12T11:00:00.0;0.022396082436069466
2022-10-12T12:00:00.0;0.02312474938828445
2022-10-12T13:00:00.0;0.024600966326599513
2022-10-12T14:00:00.0;0.02680539831676014
2022-10-12T15:00:00.0;0.025397221543783537
2022-10-12T16:00:00.0;0.02948915536260478
2022-10-12T17:00:00.0;0.0326007744138067
2022-10-12T18:00:00.0;0.03534315801206475
2022-10-12T19:00:00.0;0.03649082927712965
2022-10-12T20:00:00.0;0.036123168832801915
2022-10-12T21:00:00.0;0.035028795185623025
2022-10-12T22:00:00.0;0.03382777557568175
2022-10-12T23:00:00.0;0.0322962707364477
2022-10-13T00:00:00.0;0.03629747427010855
2022-10-13T01:00:00.0;0.034592546502596
2022-10-13T02:00:00.0;0.033165136624688445
2022-10-13T03:00:00.0;0.03164061295417997
2022-10-13T04:00:00.0;0.030535803782700738
2022-10-13T05:00:00.0;0.028165630750465177
2022-10-13T06:00:00.0;0.028061230767313906
2022-10-13T07:00:00.0;0.027357544511549595
2022-10-13T08:00:00.0;0.02575144392655247
2022-10-13T09:00:00.0;0.025186708250876773
2022-10-13T10:00:00.0;0.023403229830349394
2022-10-13T11:00:00.0;0.022931852024796542
2022-10-13T12:00:00.0;0.02340170573181746
2022-10-13T13:00:00.0;0.023350106498993366
2022-10-13T14:00:00.0;0.02644808123995563
2022-10-13T15:00:00.0;0.025592626649278343
2022-10-13T16:00:00.0;0.029549675582130643
2022-10-13T17:00:00.0;0.031196374747627643
2022-10-13T18:00:00.0;0.03368244476234992
2022-10-13T19:00:00.0;0.03493646345238528
2022-10-13T20:00:00.0;0.035104221087732174
2022-10-13T21:00:00.0;0.037033723369827666
2022-10-13T22:00:00.0;0.03571650023656958
2022-10-13T23:00:00.0;0.03407213347013755
2022-10-14T00:00:00.0;0.03644493747719528
2022-10-14T01:00:00.0;0.03472685020066916
2022-10-14T02:00:00.0;0.03331564660400047
2022-10-14T03:00:00.0;0.03177113881760907
2022-10-14T04:00:00.0;0.0307666412596184
2022-10-14T05:00:00.0;0.02784397125277126
2022-10-14T06:00:00.0;0.02820095385178072
2022-10-14T07:00:00.0;0.027403874870393974
2022-10-14T08:00:00.0;0.025406282421590126
2022-10-14T09:00:00.0;0.025605559272942002
2022-10-14T10:00:00.0;0.023909910208356987
2022-10-14T11:00:00.0;0.02358491534897083
2022-10-14T12:00:00.0;0.024294352898121374
2022-10-14T13:00:00.0;0.024166577081137734
2022-10-14T14:00:00.0;0.02737981265274362
2022-10-14T15:00:00.0;0.025269228575578156
2022-10-14T16:00:00.0;0.028938526619808003
2022-10-14T17:00:00.0;0.03140496033629053
2022-10-14T18:00:00.0;0.0340060390724421
2022-10-14T19:00:00.0;0.03531900507531187
2022-10-14T20:00:00.0;0.0353933670083891
2022-10-14T21:00:00.0;0.03659630491320985
2022-10-14T22:00:00.0;0.03528266546952614
2022-10-14T23:00:00.0;0.03361220037526026
2022-10-15T00:00:00.0;0.03808411041791957
2022-10-15T01:00:00.0;0.036405913618226385
2022-10-15T02:00:00.0;0.03491397976331462
2022-10-15T03:00:00.0;0.033409362412409736
2022-10-15T04:00:00.0;0.032218819973644806
2022-10-15T05:00:00.0;0.03166677583102242
2022-10-15T06:00:00.0;0.029780463656530858
2022-10-15T07:00:00.0;0.030059283167643964
2022-10-15T08:00:00.0;0.03143293386423788
2022-10-15T09:00:00.0;0.029454809360620126
2022-10-15T10:00:00.0;0.027345131730085775
2022-10-15T11:00:00.0;0.02616806889454228
2022-10-15T12:00:00.0;0.02600699655702074
2022-10-15T13:00:00.0;0.02675224449618196
2022-10-15T14:00:00.0;0.028109112490538886
2022-10-15T15:00:00.0;0.030408564144748927
2022-10-15T16:00:00.0;0.03408278609212814
2022-10-15T17:00:00.0;0.035615420768103194
2022-10-15T18:00:00.0;0.037948198555205315
2022-10-15T19:00:00.0;0.03959009605838359
2022-10-15T20:00:00.0;0.04048521566631094
2022-10-15T21:00:00.0;0.040239956327413035
2022-10-15T22:00:00.0;0.03921416575526578
2022-10-15T23:00:00.0;0.03731498830388843
2022-10-16T00:00:00.0;0.034052251128871856
2022-10-16T01:00:00.0;0.03244210624159701
2022-10-16T02:00:00.0;0.030965325034186038
2022-10-16T03:00:00.0;0.029498789765247183
2022-10-16T04:00:00.0;0.02809420718715844
2022-10-16T05:00:00.0;0.02698893527327825
2022-10-16T06:00:00.0;0.02682584378066977
2022-10-16T07:00:00.0;0.02619870481394452
2022-10-16T08:00:00.0;0.023880471898675152
2022-10-16T09:00:00.0;0.020604405343388258
2022-10-16T10:00:00.0;0.01814123884937265
2022-10-16T11:00:00.0;0.017270339702748733
2022-10-16T12:00:00.0;0.016919943967041617
2022-10-16T13:00:00.0;0.01777710474854685
2022-10-16T14:00:00.0;0.02072461578677422
2022-10-16T15:00:00.0;0.024672074756899413
2022-10-16T16:00:00.0;0.030500195392162713
2022-10-16T17:00:00.0;0.029013355975056457
2022-10-16T18:00:00.0;0.03096667156399474
2022-10-16T19:00:00.0;0.03137380734897499
2022-10-16T20:00:00.0;0.031083820829457567
2022-10-16T21:00:00.0;0.036499941327359245
2022-10-16T22:00:00.0;0.03513970240361737
2022-10-16T23:00:00.0;0.033941246222025205
2022-10-17T00:00:00.0;0.03660692795385682
2022-10-17T01:00:00.0;0.03494155166368053
2022-10-17T02:00:00.0;0.03346022908026383
2022-10-17T03:00:00.0;0.03198043896395006
2022-10-17T04:00:00.0;0.03073491613237831
2022-10-17T05:00:00.0;0.029655700716815954
2022-10-17T06:00:00.0;0.029450468177868828
2022-10-17T07:00:00.0;0.029559234448952174
2022-10-17T08:00:00.0;0.028789347199274257
2022-10-17T09:00:00.0;0.026783028518523218
2022-10-17T10:00:00.0;0.024713418646002273
2022-10-17T11:00:00.0;0.023843476650030015
2022-10-17T12:00:00.0;0.02362772723624139
2022-10-17T13:00:00.0;0.024053465012236572
2022-10-17T14:00:00.0;0.026098475573108716
2022-10-17T15:00:00.0;0.02826861869239046
2022-10-17T16:00:00.0;0.03263125430121088
2022-10-17T17:00:00.0;0.033471916154844635
2022-10-17T18:00:00.0;0.03572677087663481
2022-10-17T19:00:00.0;0.03668052782989759
2022-10-17T20:00:00.0;0.03676822708376633
2022-10-17T21:00:00.0;0.03902615562407255
2022-10-17T22:00:00.0;0.03762632054184834
2022-10-17T23:00:00.0;0.03608133293699989
2022-10-18T00:00:00.0;0.03593171639767374
2022-10-18T01:00:00.0;0.03432363498091021
2022-10-18T02:00:00.0;0.03291155741933638
2022-10-18T03:00:00.0;0.03131103344038317
2022-10-18T04:00:00.0;0.030505678128224436
2022-10-18T05:00:00.0;0.027108746041983305
2022-10-18T06:00:00.0;0.02855158158509202
2022-10-18T07:00:00.0;0.027904568926211983
2022-10-18T08:00:00.0;0.02501694080032475
2022-10-18T09:00:00.0;0.025324799269650873
2022-10-18T10:00:00.0;0.02300852006598937
2022-10-18T11:00:00.0;0.022546313629573128
2022-10-18T12:00:00.0;0.023249237555087
2022-10-18T13:00:00.0;0.024704235203652246
2022-10-18T14:00:00.0;0.02690142861582611
2022-10-18T15:00:00.0;0.02561157797872387
2022-10-18T16:00:00.0;0.02968746094059714
2022-10-18T17:00:00.0;0.03287760129483141
2022-10-18T18:00:00.0;0.03556096196780441
2022-10-18T19:00:00.0;0.036677351144642135
2022-10-18T20:00:00.0;0.03631358546985275
2022-10-18T21:00:00.0;0.035235064090912385
2022-10-18T22:00:00.0;0.034080505033625565
2022-10-18T23:00:00.0;0.032552020541327324
2022-10-19T00:00:00.0;0.03734460054605395
2022-10-19T01:00:00.0;0.03565646531138241
2022-10-19T02:00:00.0;0.034169950475505216
2022-10-19T03:00:00.0;0.032648357654628486
2022-10-19T04:00:00.0;0.03145559967773499
2022-10-19T05:00:00.0;0.03080236656634361
2022-10-19T06:00:00.0;0.02816040225284301
2022-10-19T07:00:00.0;0.027939329745173797
2022-10-19T08:00:00.0;0.029372369012365406
2022-10-19T09:00:00.0;0.027198943012540003
2022-10-19T10:00:00.0;0.02486633646893732
2022-10-19T11:00:00.0;0.02358168047929596
2022-10-19T12:00:00.0;0.02358153111747598
2022-10-19T13:00:00.0;0.024667026694916067
2022-10-19T14:00:00.0;0.026455430288088062
2022-10-19T15:00:00.0;0.02898329972990561
2022-10-19T16:00:00.0;0.0329698278762231
2022-10-19T17:00:00.0;0.03413282031264955
2022-10-19T18:00:00.0;0.03630537461011455
2022-10-19T19:00:00.0;0.038019257481361556
2022-10-19T20:00:00.0;0.03910705032159656
2022-10-19T21:00:00.0;0.038998506168910124
2022-10-19T22:00:00.0;0.03833716362858709
2022-10-19T23:00:00.0;0.036433621549077734
2022-10-20T00:00:00.0;0.03700296154842802
2022-10-20T01:00:00.0;0.035332078959879366
2022-10-20T02:00:00.0;0.033834112478185116
2022-10-20T03:00:00.0;0.03236453473120713
2022-10-20T04:00:00.0;0.031098311111772574
2022-10-20T05:00:00.0;0.030405449453678228
2022-10-20T06:00:00.0;0.030004918347140485
2022-10-20T07:00:00.0;0.030389351132322315
2022-10-20T08:00:00.0;0.030164530140808204
2022-10-20T09:00:00.0;0.027910252119229397
2022-10-20T10:00:00.0;0.025793596191733128
2022-10-20T11:00:00.0;0.02478381786359025
2022-10-20T12:00:00.0;0.024416157189337165
2022-10-20T13:00:00.0;0.024928419973647493
2022-10-20T14:00:00.0;0.026621460742226627
2022-10-20T15:00:00.0;0.029416981438087582
2022-10-20T16:00:00.0;0.03369868756603054
2022-10-20T17:00:00.0;0.034632712254053975
2022-10-20T18:00:00.0;0.03682494815144416
2022-10-20T19:00:00.0;0.03778888553808163
2022-10-20T20:00:00.0;0.0379570618542699
2022-10-20T21:00:00.0;0.03987071583267805
2022-10-20T22:00:00.0;0.038513474730031354
2022-10-20T23:00:00.0;0.036938147120646254
2022-10-21T00:00:00.0;0.0373087505923275
2022-10-21T01:00:00.0;0.03557379022586427
2022-10-21T02:00:00.0;0.0340936331473411
2022-10-21T03:00:00.0;0.03258676894816216
2022-10-21T04:00:00.0;0.031353690914909506
2022-10-21T05:00:00.0;0.030604282919660292
2022-10-21T06:00:00.0;0.02788897170665287
2022-10-21T07:00:00.0;0.027520897517879832
2022-10-21T08:00:00.0;0.028872398123669367
2022-10-21T09:00:00.0;0.026910642875872026
2022-10-21T10:00:00.0;0.02479618309881951
2022-10-21T11:00:00.0;0.023626268128714798
2022-10-21T12:00:00.0;0.023720579228666997
2022-10-21T13:00:00.0;0.0242300387573906
2022-10-21T14:00:00.0;0.02654527983805563
2022-10-21T15:00:00.0;0.028375132936325258
2022-10-21T16:00:00.0;0.03223702688986988
2022-10-21T17:00:00.0;0.03335802243759164
2022-10-21T18:00:00.0;0.035495078671164124
2022-10-21T19:00:00.0;0.037203338922110904
2022-10-21T20:00:00.0;0.038321310803998684
2022-10-21T21:00:00.0;0.03906625739115454
2022-10-21T22:00:00.0;0.038362467941848936
2022-10-21T23:00:00.0;0.036448528043767046
2022-10-22T00:00:00.0;0.035159172039616216
2022-10-22T01:00:00.0;0.03343237011571458
2022-10-22T02:00:00.0;0.03196173300897195
2022-10-22T03:00:00.0;0.030510713047012757
2022-10-22T04:00:00.0;0.029109002061685818
2022-10-22T05:00:00.0;0.027932447879189793
2022-10-22T06:00:00.0;0.027234366019516676
2022-10-22T07:00:00.0;0.026614147603498346
2022-10-22T08:00:00.0;0.02516844575155766
2022-10-22T09:00:00.0;0.02276791626818161
2022-10-22T10:00:00.0;0.02079713594486824
2022-10-22T11:00:00.0;0.020044466980209476
2022-10-22T12:00:00.0;0.01994815807524602
2022-10-22T13:00:00.0;0.019717328602565327
2022-10-22T14:00:00.0;0.02318957704990539
2022-10-22T15:00:00.0;0.02525910253136018
2022-10-22T16:00:00.0;0.03019833619415829
2022-10-22T17:00:00.0;0.029715317981736687
2022-10-22T18:00:00.0;0.03168447641293736
2022-10-22T19:00:00.0;0.03240750475637675
2022-10-22T20:00:00.0;0.03247943000746464
2022-10-22T21:00:00.0;0.03771059583831489
2022-10-22T22:00:00.0;0.03640956926622225
2022-10-22T23:00:00.0;0.03499715106541627
2022-10-23T00:00:00.0;0.036756386012032224
2022-10-23T01:00:00.0;0.03507293987467603
2022-10-23T02:00:00.0;0.033577314598216945
2022-10-23T03:00:00.0;0.03209397093492762
2022-10-23T04:00:00.0;0.03084051962820743
2022-10-23T05:00:00.0;0.030114395160355675
2022-10-23T06:00:00.0;0.029095113254397953
2022-10-23T07:00:00.0;0.029200101474800802
2022-10-23T08:00:00.0;0.029251793682204645
2022-10-23T09:00:00.0;0.026952525491315386
2022-10-23T10:00:00.0;0.024704351341407433
2022-10-23T11:00:00.0;0.02359918461594256
2022-10-23T12:00:00.0;0.02335365429067234
2022-10-23T13:00:00.0;0.02409085605402573
2022-10-23T14:00:00.0;0.025977728661187638
2022-10-23T15:00:00.0;0.028823335790014625
2022-10-23T16:00:00.0;0.033178457586869006
2022-10-23T17:00:00.0;0.03407112617602302
2022-10-23T18:00:00.0;0.036172814115222274
2022-10-23T19:00:00.0;0.03725989094400268
2022-10-23T20:00:00.0;0.0376317937747168
2022-10-23T21:00:00.0;0.0392716929139461
2022-10-23T22:00:00.0;0.03818973419123048
2022-10-23T23:00:00.0;0.0365679099522378
2022-10-24T00:00:00.0;0.03704153343571545
2022-10-24T01:00:00.0;0.03533137477471131
2022-10-24T02:00:00.0;0.03381674120047107
2022-10-24T03:00:00.0;0.032373104843520725
2022-10-24T04:00:00.0;0.031105460759241334
2022-10-24T05:00:00.0;0.030432063267910137
2022-10-24T06:00:00.0;0.031030963352108674
2022-10-24T07:00:00.0;0.03179552687826031
2022-10-24T08:00:00.0;0.031083768123620886
2022-10-24T09:00:00.0;0.029010044662566126
2022-10-24T10:00:00.0;0.026929653264147434
2022-10-24T11:00:00.0;0.02594033386158234
2022-10-24T12:00:00.0;0.02544651476248504
2022-10-24T13:00:00.0;0.0257331137899425
2022-10-24T14:00:00.0;0.027358320028231842
2022-10-24T15:00:00.0;0.030177743663954607
2022-10-24T16:00:00.0;0.03442634588152312
2022-10-24T17:00:00.0;0.03593097599595765
2022-10-24T18:00:00.0;0.037980726466353136
2022-10-24T19:00:00.0;0.03855922284181469
2022-10-24T20:00:00.0;0.0383176769624973
2022-10-24T21:00:00.0;0.04062382202253105
2022-10-24T22:00:00.0;0.03917146495487363
2022-10-24T23:00:00.0;0.0377320920796261
2022-10-25T00:00:00.0;0.03542874676664201
2022-10-25T01:00:00.0;0.03373883470114988
2022-10-25T02:00:00.0;0.0322539512791181
2022-10-25T03:00:00.0;0.03079309035353645
2022-10-25T04:00:00.0;0.02946356620951607
2022-10-25T05:00:00.0;0.02836401928401917
2022-10-25T06:00:00.0;0.028263441007557216
2022-10-25T07:00:00.0;0.028050116694086982
2022-10-25T08:00:00.0;0.026557179361358547
2022-10-25T09:00:00.0;0.024139983752749648
2022-10-25T10:00:00.0;0.021948751339671484
2022-10-25T11:00:00.0;0.021076579214505415
2022-10-25T12:00:00.0;0.020835482847913953
2022-10-25T13:00:00.0;0.02119176094839114
2022-10-25T14:00:00.0;0.02390579342218494
2022-10-25T15:00:00.0;0.026614035819509056
2022-10-25T16:00:00.0;0.03155900461771837
2022-10-25T17:00:00.0;0.031638578941555126
2022-10-25T18:00:00.0;0.03362502145870098
2022-10-25T19:00:00.0;0.034226209443085284
2022-10-25T20:00:00.0;0.03409023191681249
2022-10-25T21:00:00.0;0.03811346770365615
2022-10-25T22:00:00.0;0.036815224668033976
2022-10-25T23:00:00.0;0.03544984308368602
2022-10-26T00:00:00.0;0.036452932734505714
2022-10-26T01:00:00.0;0.034757757968551156
2022-10-26T02:00:00.0;0.03328030981000202
2022-10-26T03:00:00.0;0.03178130737565848
2022-10-26T04:00:00.0;0.03062300797241548
2022-10-26T05:00:00.0;0.0291791948732729
2022-10-26T06:00:00.0;0.02908233753082758
2022-10-26T07:00:00.0;0.02903442439443974
2022-10-26T08:00:00.0;0.028098615039420627
2022-10-26T09:00:00.0;0.026572598670234485
2022-10-26T10:00:00.0;0.02438283150441183
2022-10-26T11:00:00.0;0.02348743924834843
2022-10-26T12:00:00.0;0.023479933209818008
2022-10-26T13:00:00.0;0.024128405879765946
2022-10-26T14:00:00.0;0.026310784634395172
2022-10-26T15:00:00.0;0.027894385324800073
2022-10-26T16:00:00.0;0.032166958373943746
2022-10-26T17:00:00.0;0.03376504222235047
2022-10-26T18:00:00.0;0.03593659575557534
2022-10-26T19:00:00.0;0.0368828238839778
2022-10-26T20:00:00.0;0.03693285267705299
2022-10-26T21:00:00.0;0.03841753399352032
2022-10-26T22:00:00.0;0.037285715293222825
2022-10-26T23:00:00.0;0.0357398313136348
2022-10-27T00:00:00.0;0.03711132759814901
2022-10-27T01:00:00.0;0.0354181463805536
2022-10-27T02:00:00.0;0.03393095741128095
2022-10-27T03:00:00.0;0.03243199949140763
2022-10-27T04:00:00.0;0.031308294683590726
2022-10-27T05:00:00.0;0.03002717861366731
2022-10-27T06:00:00.0;0.030059777117066276
2022-10-27T07:00:00.0;0.030357194276183
2022-10-27T08:00:00.0;0.029828314134940873
2022-10-27T09:00:00.0;0.02841741272156431
2022-10-27T10:00:00.0;0.02623991320014729
2022-10-27T11:00:00.0;0.025280579859346508
2022-10-27T12:00:00.0;0.025191831138821036
2022-10-27T13:00:00.0;0.025920060973642432
2022-10-27T14:00:00.0;0.0276162233413776
2022-10-27T15:00:00.0;0.02927888676789026
2022-10-27T16:00:00.0;0.033276078930270334
2022-10-27T17:00:00.0;0.0354068511011407
2022-10-27T18:00:00.0;0.03763057993237959
2022-10-27T19:00:00.0;0.0386358966826141
2022-10-27T20:00:00.0;0.03870880855583398
2022-10-27T21:00:00.0;0.03928649284594452
2022-10-27T22:00:00.0;0.03812375752288402
2022-10-27T23:00:00.0;0.03652420914942426
2022-10-28T00:00:00.0;0.03740545016163774
2022-10-28T01:00:00.0;0.03569139321818901
2022-10-28T02:00:00.0;0.03418942094560719
2022-10-28T03:00:00.0;0.03270010843612754
2022-10-28T04:00:00.0;0.031497904537389675
2022-10-28T05:00:00.0;0.030831749390174593
2022-10-28T06:00:00.0;0.02958871067968686
2022-10-28T07:00:00.0;0.029859250828473096
2022-10-28T08:00:00.0;0.030520327004282803
2022-10-28T09:00:00.0;0.0285405623432355
2022-10-28T10:00:00.0;0.026312065702099364
2022-10-28T11:00:00.0;0.025122998047342145
2022-10-28T12:00:00.0;0.02493664632285062
2022-10-28T13:00:00.0;0.02568504399027574
2022-10-28T14:00:00.0;0.02734035472022777
2022-10-28T15:00:00.0;0.02985205112813601
2022-10-28T16:00:00.0;0.033820877859946065
2022-10-28T17:00:00.0;0.0354855048379314
2022-10-28T18:00:00.0;0.03757782987411417
2022-10-28T19:00:00.0;0.03882023423403486
2022-10-28T20:00:00.0;0.03935522605371885
2022-10-28T21:00:00.0;0.03991023703994099
2022-10-28T22:00:00.0;0.03897905943353983
2022-10-28T23:00:00.0;0.037252778641820944
2022-10-29T00:00:00.0;0.03660841805248296
2022-10-29T01:00:00.0;0.03491015325334824
2022-10-29T02:00:00.0;0.03344661061363122
2022-10-29T03:00:00.0;0.03190071671800809
2022-10-29T04:00:00.0;0.030894138744445854
2022-10-29T05:00:00.0;0.028963649709479473
2022-10-29T06:00:00.0;0.028541259755504655
2022-10-29T07:00:00.0;0.028230712706198192
2022-10-29T08:00:00.0;0.027521640207735114
2022-10-29T09:00:00.0;0.026653505554341265
2022-10-29T10:00:00.0;0.02429296067120473
2022-10-29T11:00:00.0;0.0233439335639607
2022-10-29T12:00:00.0;0.023667127975603112
2022-10-29T13:00:00.0;0.02483718640534577
2022-10-29T14:00:00.0;0.026929390087950426
2022-10-29T15:00:00.0;0.027645806629040266
2022-10-29T16:00:00.0;0.031650547426499975
2022-10-29T17:00:00.0;0.03422937201942756
2022-10-29T18:00:00.0;0.036459582652299406
2022-10-29T19:00:00.0;0.03769214657063439
2022-10-29T20:00:00.0;0.03794511239936796
2022-10-29T21:00:00.0;0.03751032423313197
2022-10-29T22:00:00.0;0.03674220641192287
2022-10-29T23:00:00.0;0.03507647212336215
2022-10-30T00:00:00.0;0.03606924448480783
2022-10-30T01:00:00.0;0.03441511985705861
2022-10-30T02:00:00.0;0.03298202403329248
2022-10-30T03:00:00.0;0.031402774016756195
2022-10-30T04:00:00.0;0.030550177850992472
2022-10-30T05:00:00.0;0.027547266693174106
2022-10-30T06:00:00.0;0.028738704572862022
2022-10-30T07:00:00.0;0.028272067977505363
2022-10-30T08:00:00.0;0.025857230770856547
2022-10-30T09:00:00.0;0.025923384196583483
2022-10-30T10:00:00.0;0.023562004544787258
2022-10-30T11:00:00.0;0.022941049379051264
2022-10-30T12:00:00.0;0.02352483786940236
2022-10-30T13:00:00.0;0.024892646959074297
2022-10-30T14:00:00.0;0.02707311066161513
2022-10-30T15:00:00.0;0.026356111224747812
2022-10-30T16:00:00.0;0.030413514166709926
2022-10-30T17:00:00.0;0.03371564138033738
2022-10-30T18:00:00.0;0.03618260388320724
2022-10-30T19:00:00.0;0.03719921770056694
2022-10-30T20:00:00.0;0.0368845130172225
2022-10-30T21:00:00.0;0.03600636504333305
2022-10-30T22:00:00.0;0.03501007834135538
2022-10-30T23:00:00.0;0.03348879138372657
2022-10-31T00:00:00.0;0.037213503424026545
2022-10-31T01:00:00.0;0.035450145364767774
2022-10-31T02:00:00.0;0.0339629626916588
2022-10-31T03:00:00.0;0.032458394371981385
2022-10-31T04:00:00.0;0.03127442192604612
2022-10-31T05:00:00.0;0.030337450607284825
2022-10-31T06:00:00.0;0.028280749556740134
2022-10-31T07:00:00.0;0.028049229259066086
2022-10-31T08:00:00.0;0.028993165260334956
2022-10-31T09:00:00.0;0.027351638622918926
2022-10-31T10:00:00.0;0.025168406652862095
2022-10-31T11:00:00.0;0.023993793706359325
2022-10-31T12:00:00.0;0.024115012593860174
2022-10-31T13:00:00.0;0.02468807381095953
2022-10-31T14:00:00.0;0.026983288779038436
2022-10-31T15:00:00.0;0.028601805593538723
2022-10-31T16:00:00.0;0.03243532855947766
2022-10-31T17:00:00.0;0.03423580971316563
2022-10-31T18:00:00.0;0.03626244128958084
2022-10-31T19:00:00.0;0.037743614998303025
2022-10-31T20:00:00.0;0.03859354725652608
2022-10-31T21:00:00.0;0.039100886864881314
2022-10-31T22:00:00.0;0.03847325425429785
2022-10-31T23:00:00.0;0.03664303249980762
2022-11-01T00:00:00.0;0.03722790295593584
2022-11-01T01:00:00.0;0.035511508845378244
2022-11-01T02:00:00.0;0.03399451533095135
2022-11-01T03:00:00.0;0.032552306627465215
2022-11-01T04:00:00.0;0.03129320009794689
2022-11-01T05:00:00.0;0.03064672820970833
2022-11-01T06:00:00.0;0.03129313535078683
2022-11-01T07:00:00.0;0.03214446583277037
2022-11-01T08:00:00.0;0.031532864168639804
2022-11-01T09:00:00.0;0.029534101879736412
2022-11-01T10:00:00.0;0.02747757494228061
2022-11-01T11:00:00.0;0.026480872521312194
2022-11-01T12:00:00.0;0.025978111562370402
2022-11-01T13:00:00.0;0.026229138399100155
2022-11-01T14:00:00.0;0.027771904343749324
2022-11-01T15:00:00.0;0.030520999592091973
2022-11-01T16:00:00.0;0.03467112529942554
2022-11-01T17:00:00.0;0.03636226129859058
2022-11-01T18:00:00.0;0.038418024089250546
2022-11-01T19:00:00.0;0.039007204096351576
2022-11-01T20:00:00.0;0.03876867829274017
2022-11-01T21:00:00.0;0.04088092910968898
2022-11-01T22:00:00.0;0.03942282885268948
2022-11-01T23:00:00.0;0.03796843580738079
2022-11-02T00:00:00.0;0.036572084664072614
2022-11-02T01:00:00.0;0.03486017914676382
2022-11-02T02:00:00.0;0.03334790361742412
2022-11-02T03:00:00.0;0.03190011428275169
2022-11-02T04:00:00.0;0.03062178615336947
2022-11-02T05:00:00.0;0.029884449301388654
2022-11-02T06:00:00.0;0.03029574713954417
2022-11-02T07:00:00.0;0.030835354636004668
2022-11-02T08:00:00.0;0.029965103884640333
2022-11-02T09:00:00.0;0.02776114231255947
2022-11-02T10:00:00.0;0.025579296060555357
2022-11-02T11:00:00.0;0.02456289539138818
2022-11-02T12:00:00.0;0.024119395346986306
2022-11-02T13:00:00.0;0.02453687771511642
2022-11-02T14:00:00.0;0.026399995222517902
2022-11-02T15:00:00.0;0.02938376505044281
2022-11-02T16:00:00.0;0.03385082532293259
2022-11-02T17:00:00.0;0.03508912841027532
2022-11-02T18:00:00.0;0.03705586660788369
2022-11-02T19:00:00.0;0.03759575881431293
2022-11-02T20:00:00.0;0.03736393142382219
2022-11-02T21:00:00.0;0.03999206109931049
2022-11-02T22:00:00.0;0.03866290644354716
2022-11-02T23:00:00.0;0.03725741278593281
2022-11-03T00:00:00.0;0.03762430702500795
2022-11-03T01:00:00.0;0.035894650243748834
2022-11-03T02:00:00.0;0.03437263718593496
2022-11-03T03:00:00.0;0.03293346507148854
2022-11-03T04:00:00.0;0.031692517742268674
2022-11-03T05:00:00.0;0.03110331604829536
2022-11-03T06:00:00.0;0.031850769705105565
2022-11-03T07:00:00.0;0.03288665168624032
2022-11-03T08:00:00.0;0.03248808205748326
2022-11-03T09:00:00.0;0.030648760612920073
2022-11-03T10:00:00.0;0.02864299288448468
2022-11-03T11:00:00.0;0.027630586937888002
2022-11-03T12:00:00.0;0.027108806830196785
2022-11-03T13:00:00.0;0.02728417236172172
2022-11-03T14:00:00.0;0.028651589527150873
2022-11-03T15:00:00.0;0.03125109776740448
2022-11-03T16:00:00.0;0.035191765998435084
2022-11-03T17:00:00.0;0.03727959611113139
2022-11-03T18:00:00.0;0.03934814698116499
2022-11-03T19:00:00.0;0.03996005084917065
2022-11-03T20:00:00.0;0.0397279486833802
2022-11-03T21:00:00.0;0.041427790503205254
2022-11-03T22:00:00.0;0.03995747460267155
2022-11-03T23:00:00.0;0.038471133969992556
2022-11-04T00:00:00.0;0.036842756284576963
2022-11-04T01:00:00.0;0.03504825322924573
2022-11-04T02:00:00.0;0.033586909461014676
2022-11-04T03:00:00.0;0.032076390202179214
2022-11-04T04:00:00.0;0.030997486245027468
2022-11-04T05:00:00.0;0.029031467765834203
2022-11-04T06:00:00.0;0.02864706926004375
2022-11-04T07:00:00.0;0.02829847492663507
2022-11-04T08:00:00.0;0.02759665616969242
2022-11-04T09:00:00.0;0.027135088971709413
2022-11-04T10:00:00.0;0.0251908473204395
2022-11-04T11:00:00.0;0.024412725863053278
2022-11-04T12:00:00.0;0.024829299566415795
2022-11-04T13:00:00.0;0.024904121518913643
2022-11-04T14:00:00.0;0.027752660963701145
2022-11-04T15:00:00.0;0.027322990837456262
2022-11-04T16:00:00.0;0.030983146400480686
2022-11-04T17:00:00.0;0.03375924390738056
2022-11-04T18:00:00.0;0.03589942659606969
2022-11-04T19:00:00.0;0.0370713896149617
2022-11-04T20:00:00.0;0.03733245174972637
2022-11-04T21:00:00.0;0.03824628922312421
2022-11-04T22:00:00.0;0.0373754656478906
2022-11-04T23:00:00.0;0.03569148537385404
2022-11-05T00:00:00.0;0.03766787797936291
2022-11-05T01:00:00.0;0.03591246455315226
2022-11-05T02:00:00.0;0.03440262729239276
2022-11-05T03:00:00.0;0.03290617284117843
2022-11-05T04:00:00.0;0.0317388762881416
2022-11-05T05:00:00.0;0.03114986670693287
2022-11-05T06:00:00.0;0.029406580220295162
2022-11-05T07:00:00.0;0.029657884124601377
2022-11-05T08:00:00.0;0.03091974310668027
2022-11-05T09:00:00.0;0.029100055358950945
2022-11-05T10:00:00.0;0.026785589096422157
2022-11-05T11:00:00.0;0.025450933767750764
2022-11-05T12:00:00.0;0.025356866502062512
2022-11-05T13:00:00.0;0.026233528985032506
2022-11-05T14:00:00.0;0.027870579968033944
2022-11-05T15:00:00.0;0.0302954469491312
2022-11-05T16:00:00.0;0.03406249541581891
2022-11-05T17:00:00.0;0.03628844910016146
2022-11-05T18:00:00.0;0.03825550163455324
2022-11-05T19:00:00.0;0.039620177527068125
2022-11-05T20:00:00.0;0.04036114904076536
2022-11-05T21:00:00.0;0.04010186054962937
2022-11-05T22:00:00.0;0.03948121120506552
2022-11-05T23:00:00.0;0.03767332579419985
2022-11-06T00:00:00.0;0.03832017559588776
2022-11-06T01:00:00.0;0.03656723682428802
2022-11-06T02:00:00.0;0.03503641219576716
2022-11-06T03:00:00.0;0.03360257066957722
2022-11-06T04:00:00.0;0.032393500956522076
2022-11-06T05:00:00.0;0.03190483437645576
2022-11-06T06:00:00.0;0.03282967040640658
2022-11-06T07:00:00.0;0.034189523804557045
2022-11-06T08:00:00.0;0.0341649218254106
2022-11-06T09:00:00.0;0.03260549123249935
2022-11-06T10:00:00.0;0.03068882889171223
2022-11-06T11:00:00.0;0.029648856149541793
2022-11-06T12:00:00.0;0.029093688826904496
2022-11-06T13:00:00.0;0.029136234520209754
2022-11-06T14:00:00.0;0.030195835207652264
2022-11-06T15:00:00.0;0.03253275053914798
2022-11-06T16:00:00.0;0.036105726089737104
2022-11-06T17:00:00.0;0.03888993393262573
2022-11-06T18:00:00.0;0.04098093367039891
2022-11-06T19:00:00.0;0.04163272820009629
2022-11-06T20:00:00.0;0.04141190242629843
2022-11-06T21:00:00.0;0.04238777978198908
2022-11-06T22:00:00.0;0.040896019897723276
2022-11-06T23:00:00.0;0.03935359678834703
2022-11-07T00:00:00.0;0.03835032050271647
2022-11-07T01:00:00.0;0.036593766506874084
2022-11-07T02:00:00.0;0.03506202453079034
2022-11-07T03:00:00.0;0.033628330760965414
2022-11-07T04:00:00.0;0.032422258135390916
2022-11-07T05:00:00.0;0.03193852677842075
2022-11-07T06:00:00.0;0.032860900791377254
2022-11-07T07:00:00.0;0.03423383310861253
2022-11-07T08:00:00.0;0.03423943955769289
2022-11-07T09:00:00.0;0.032700883051977714
2022-11-07T10:00:00.0;0.030781906300437204
2022-11-07T11:00:00.0;0.029733917332511517
2022-11-07T12:00:00.0;0.02918145488203147
2022-11-07T13:00:00.0;0.0292244119827513
2022-11-07T14:00:00.0;0.030275196113696647
2022-11-07T15:00:00.0;0.03259882355617851
2022-11-07T16:00:00.0;0.03615145061733945
2022-11-07T17:00:00.0;0.03899621277746678
2022-11-07T18:00:00.0;0.04107804900675112
2022-11-07T19:00:00.0;0.04172982525066363
2022-11-07T20:00:00.0;0.041512075561121416
2022-11-07T21:00:00.0;0.042431736476359845
2022-11-07T22:00:00.0;0.04095528724027637
2022-11-07T23:00:00.0;0.03940984392749273
2022-11-08T00:00:00.0;0.037839407193719705
2022-11-08T01:00:00.0;0.036085704340693005
2022-11-08T02:00:00.0;0.03455750521796515
2022-11-08T03:00:00.0;0.03311944327370495
2022-11-08T04:00:00.0;0.03189879644799628
2022-11-08T05:00:00.0;0.03134442069255966
2022-11-08T06:00:00.0;0.03208112022660877
2022-11-08T07:00:00.0;0.03321096899537323
2022-11-08T08:00:00.0;0.03301854554848513
2022-11-08T09:00:00.0;0.03132229638753606
2022-11-08T10:00:00.0;0.02930416054915614
2022-11-08T11:00:00.0;0.028239135861882925
2022-11-08T12:00:00.0;0.027733868728201657
2022-11-08T13:00:00.0;0.02790802966048506
2022-11-08T14:00:00.0;0.029209501867239814
2022-11-08T15:00:00.0;0.03171547813525978
2022-11-08T16:00:00.0;0.035513917250913185
2022-11-08T17:00:00.0;0.038013428383849406
2022-11-08T18:00:00.0;0.04002339952417958
2022-11-08T19:00:00.0;0.040636345673244305
2022-11-08T20:00:00.0;0.04042445532410105
2022-11-08T21:00:00.0;0.041739853563530514
2022-11-08T22:00:00.0;0.04036788165853358
2022-11-08T23:00:00.0;0.038860386945010206
2022-11-09T00:00:00.0;0.03749736698930536
2022-11-09T01:00:00.0;0.03574393640549959
2022-11-09T02:00:00.0;0.034217772835815195
2022-11-09T03:00:00.0;0.03277673432676125
2022-11-09T04:00:00.0;0.03154734517440091
2022-11-09T05:00:00.0;0.030946039408405717
2022-11-09T06:00:00.0;0.03155206591528582
2022-11-09T07:00:00.0;0.032518578131752816
2022-11-09T08:00:00.0;0.03220237445486586
2022-11-09T09:00:00.0;0.030406047946162067
2022-11-09T10:00:00.0;0.028317651883841267
2022-11-09T11:00:00.0;0.027236939387473617
2022-11-09T12:00:00.0;0.026765874178350635
2022-11-09T13:00:00.0;0.02703174243242263
2022-11-09T14:00:00.0;0.02850387877155253
2022-11-09T15:00:00.0;0.03113073114834718
2022-11-09T16:00:00.0;0.03509095863065308
2022-11-09T17:00:00.0;0.03737841264384166
2022-11-09T18:00:00.0;0.039333908926931775
2022-11-09T19:00:00.0;0.03991976319328277
2022-11-09T20:00:00.0;0.03971342000053789
2022-11-09T21:00:00.0;0.041278147952749825
2022-11-09T22:00:00.0;0.03998631566444307
2022-11-09T23:00:00.0;0.03850385547118944
2022-11-10T00:00:00.0;0.03791405272584136
2022-11-10T01:00:00.0;0.036147487452888434
2022-11-10T02:00:00.0;0.034619275150494705
2022-11-10T03:00:00.0;0.03317163295343402
2022-11-10T04:00:00.0;0.03197060992082424
2022-11-10T05:00:00.0;0.03142733626383547
2022-11-10T06:00:00.0;0.0317267740440972
2022-11-10T07:00:00.0;0.032750044730094005
2022-11-10T08:00:00.0;0.03291373014128757
2022-11-10T09:00:00.0;0.0312685668332154
2022-11-10T10:00:00.0;0.02919107952847896
2022-11-10T11:00:00.0;0.028051576857015658
2022-11-10T12:00:00.0;0.02762681311287937
2022-11-10T13:00:00.0;0.027923923203768245
2022-11-10T14:00:00.0;0.029252983586194922
2022-11-10T15:00:00.0;0.031698932703930496
2022-11-10T16:00:00.0;0.03542145188078887
2022-11-10T17:00:00.0;0.03808388108503454
2022-11-10T18:00:00.0;0.040054501582197574
2022-11-10T19:00:00.0;0.040797233351809535
2022-11-10T20:00:00.0;0.04076068665339488
2022-11-10T21:00:00.0;0.04160894837978391
2022-11-10T22:00:00.0;0.04042013696127628
2022-11-10T23:00:00.0;0.0388502767877927
2022-11-11T00:00:00.0;0.03561260746874363
2022-11-11T01:00:00.0;0.03387391367061235
2022-11-11T02:00:00.0;0.03236168661982196
2022-11-11T03:00:00.0;0.030904668514751325
2022-11-11T04:00:00.0;0.029618899350929095
2022-11-11T05:00:00.0;0.028756047516975927
2022-11-11T06:00:00.0;0.02869354256229684
2022-11-11T07:00:00.0;0.028764865856501072
2022-11-11T08:00:00.0;0.027695457199186417
2022-11-11T09:00:00.0;0.02530324153081104
2022-11-11T10:00:00.0;0.022859040987768833
2022-11-11T11:00:00.0;0.021726525312340154
2022-11-11T12:00:00.0;0.021422844857334568
2022-11-11T13:00:00.0;0.022162745729335943
2022-11-11T14:00:00.0;0.024552358066778912
2022-11-11T15:00:00.0;0.02785499064852687
2022-11-11T16:00:00.0;0.03272917298332457
2022-11-11T17:00:00.0;0.0336938132111173
2022-11-11T18:00:00.0;0.0354006044332545
2022-11-11T19:00:00.0;0.03584604094448612
2022-11-11T20:00:00.0;0.03565712479238831
2022-11-11T21:00:00.0;0.03872195535704244
2022-11-11T22:00:00.0;0.03778925590196899
2022-11-11T23:00:00.0;0.03644774420758183
2022-11-12T00:00:00.0;0.035762145433238995
2022-11-12T01:00:00.0;0.034167157751829894
2022-11-12T02:00:00.0;0.032756645874101986
2022-11-12T03:00:00.0;0.031159276322144675
2022-11-12T04:00:00.0;0.030326043125541716
2022-11-12T05:00:00.0;0.02697439080530081
2022-11-12T06:00:00.0;0.028378389008866287
2022-11-12T07:00:00.0;0.027680896845617666
2022-11-12T08:00:00.0;0.024696745500112024
2022-11-12T09:00:00.0;0.024826128626148854
2022-11-12T10:00:00.0;0.022512652219755985
2022-11-12T11:00:00.0;0.022067806675919524
2022-11-12T12:00:00.0;0.022732103718599888
2022-11-12T13:00:00.0;0.02417080384488613
2022-11-12T14:00:00.0;0.02642471887175608
2022-11-12T15:00:00.0;0.025332538264806168
2022-11-12T16:00:00.0;0.029534965773123978
2022-11-12T17:00:00.0;0.03236932636864296
2022-11-12T18:00:00.0;0.03506438761527192
2022-11-12T19:00:00.0;0.0361603891576468
2022-11-12T20:00:00.0;0.035787623982755055
2022-11-12T21:00:00.0;0.0351008434712188
2022-11-12T22:00:00.0;0.03388655392887466
2022-11-12T23:00:00.0;0.03237883392877639
2022-11-13T00:00:00.0;0.0361396061481934
2022-11-13T01:00:00.0;0.03447655591479302
2022-11-13T02:00:00.0;0.033040863387181554
2022-11-13T03:00:00.0;0.03146265415298514
2022-11-13T04:00:00.0;0.030614738879440478
2022-11-13T05:00:00.0;0.027635507367159886
2022-11-13T06:00:00.0;0.028815169060994468
2022-11-13T07:00:00.0;0.028383225626650365
2022-11-13T08:00:00.0;0.0260473349926647
2022-11-13T09:00:00.0;0.026149443455519877
2022-11-13T10:00:00.0;0.02378267838107103
2022-11-13T11:00:00.0;0.02314025633279401
2022-11-13T12:00:00.0;0.023725238150956278
2022-11-13T13:00:00.0;0.025089910442114897
2022-11-13T14:00:00.0;0.02724972425540923
2022-11-13T15:00:00.0;0.02652298838854571
2022-11-13T16:00:00.0;0.03053617975448177
2022-11-13T17:00:00.0;0.03396852624806439
2022-11-13T18:00:00.0;0.036410234168676864
2022-11-13T19:00:00.0;0.037423840324389
2022-11-13T20:00:00.0;0.03711698729882428
2022-11-13T21:00:00.0;0.03612737013519197
2022-11-13T22:00:00.0;0.03516669621458925
2022-11-13T23:00:00.0;0.0336391632367528
2022-11-14T00:00:00.0;0.036237148047951896
2022-11-14T01:00:00.0;0.034548306438166525
2022-11-14T02:00:00.0;0.03310153376521704
2022-11-14T03:00:00.0;0.03153379461235345
2022-11-14T04:00:00.0;0.03066591019902747
2022-11-14T05:00:00.0;0.02788266385394479
2022-11-14T06:00:00.0;0.028938844341222583
2022-11-14T07:00:00.0;0.028607811416840538
2022-11-14T08:00:00.0;0.02653079609052898
2022-11-14T09:00:00.0;0.02653636662182989
2022-11-14T10:00:00.0;0.024145913569809996
2022-11-14T11:00:00.0;0.02341893433146901
2022-11-14T12:00:00.0;0.023948577696514477
2022-11-14T13:00:00.0;0.02527086931745831
2022-11-14T14:00:00.0;0.027413144617777347
2022-11-14T15:00:00.0;0.026950622279160678
2022-11-14T16:00:00.0;0.030934398739593593
2022-11-14T17:00:00.0;0.03448038838732957
2022-11-14T18:00:00.0;0.03680871280304008
2022-11-14T19:00:00.0;0.03777409315099378
2022-11-14T20:00:00.0;0.03749394354833369
2022-11-14T21:00:00.0;0.036546040254846535
2022-11-14T22:00:00.0;0.03567633726724956
2022-11-14T23:00:00.0;0.034149250740130456
2022-11-15T00:00:00.0;0.03797110457390427
2022-11-15T01:00:00.0;0.03618195711308067
2022-11-15T02:00:00.0;0.03466433387867302
2022-11-15T03:00:00.0;0.03318074856700748
2022-11-15T04:00:00.0;0.032093914324666496
2022-11-15T05:00:00.0;0.03116194685315419
2022-11-15T06:00:00.0;0.03101722645477086
2022-11-15T07:00:00.0;0.03174532289393293
2022-11-15T08:00:00.0;0.03218044547084054
2022-11-15T09:00:00.0;0.03108754663196892
2022-11-15T10:00:00.0;0.028874693626100886
2022-11-15T11:00:00.0;0.02767288554868836
2022-11-15T12:00:00.0;0.02755723264636211
2022-11-15T13:00:00.0;0.028205716747367663
2022-11-15T14:00:00.0;0.029628496652496117
2022-11-15T15:00:00.0;0.031291261509988844
2022-11-15T16:00:00.0;0.03478906460947008
2022-11-15T17:00:00.0;0.03826556005566807
2022-11-15T18:00:00.0;0.040221103776232635
2022-11-15T19:00:00.0;0.04120464664305106
2022-11-15T20:00:00.0;0.04138621815739177
2022-11-15T21:00:00.0;0.04081037099983448
2022-11-15T22:00:00.0;0.040002924436985846
2022-11-15T23:00:00.0;0.03832664728239061
2022-11-16T00:00:00.0;0.0381062961231823
2022-11-16T01:00:00.0;0.036294433026616044
2022-11-16T02:00:00.0;0.03477221789791216
2022-11-16T03:00:00.0;0.03330616135675766
2022-11-16T04:00:00.0;0.03217446185907533
2022-11-16T05:00:00.0;0.03138890479478399
2022-11-16T06:00:00.0;0.03125241540209208
2022-11-16T07:00:00.0;0.032069582655663224
2022-11-16T08:00:00.0;0.03259773320284711
2022-11-16T09:00:00.0;0.031453977938499286
2022-11-16T10:00:00.0;0.029364817801643527
2022-11-16T11:00:00.0;0.028186909602489728
2022-11-16T12:00:00.0;0.028012385537509107
2022-11-16T13:00:00.0;0.028328225319737315
2022-11-16T14:00:00.0;0.029867912473057964
2022-11-16T15:00:00.0;0.03150145236779473
2022-11-16T16:00:00.0;0.0349307361069108
2022-11-16T17:00:00.0;0.03831838637178125
2022-11-16T18:00:00.0;0.040239388041586645
2022-11-16T19:00:00.0;0.0411771439446221
2022-11-16T20:00:00.0;0.04135410000787031
2022-11-16T21:00:00.0;0.04131291517141111
2022-11-16T22:00:00.0;0.04042638808039877
2022-11-16T23:00:00.0;0.038753310513569644
2022-11-17T00:00:00.0;0.039099318041438416
2022-11-17T01:00:00.0;0.037290133833061165
2022-11-17T02:00:00.0;0.035743242132041955
2022-11-17T03:00:00.0;0.034314406309604556
2022-11-17T04:00:00.0;0.03315973925804651
2022-11-17T05:00:00.0;0.03279035409343295
2022-11-17T06:00:00.0;0.03379633682288766
2022-11-17T07:00:00.0;0.03550786948579644
2022-11-17T08:00:00.0;0.03606416110725863
2022-11-17T09:00:00.0;0.034919406174885974
2022-11-17T10:00:00.0;0.033031030634478376
2022-11-17T11:00:00.0;0.03188121322491524
2022-11-17T12:00:00.0;0.03133672188120215
2022-11-17T13:00:00.0;0.03130192738393241
2022-11-17T14:00:00.0;0.03206918057582676
2022-11-17T15:00:00.0;0.03408993873961396
2022-11-17T16:00:00.0;0.03720004847273824
2022-11-17T17:00:00.0;0.041115764405293194
2022-11-17T18:00:00.0;0.04311455470529884
2022-11-17T19:00:00.0;0.043790796098533175
2022-11-17T20:00:00.0;0.043612552812665274
2022-11-17T21:00:00.0;0.043490089003156096
2022-11-17T22:00:00.0;0.042162325400334946
2022-11-17T23:00:00.0;0.04055026969222014
2022-11-18T00:00:00.0;0.03675643138457505
2022-11-18T01:00:00.0;0.034847489825973195
2022-11-18T02:00:00.0;0.03336090597656952
2022-11-18T03:00:00.0;0.03191481142769218
2022-11-18T04:00:00.0;0.030666562334202237
2022-11-18T05:00:00.0;0.029242652326578404
2022-11-18T06:00:00.0;0.02870004741338872
2022-11-18T07:00:00.0;0.02849066710055833
2022-11-18T08:00:00.0;0.028039762991148076
2022-11-18T09:00:00.0;0.02724911203455649
2022-11-18T10:00:00.0;0.025547212859745344
2022-11-18T11:00:00.0;0.024729161372089376
2022-11-18T12:00:00.0;0.02497335489670142
2022-11-18T13:00:00.0;0.024069220592391485
2022-11-18T14:00:00.0;0.027611153954725392
2022-11-18T15:00:00.0;0.027470924313244355
2022-11-18T16:00:00.0;0.031140288532501708
2022-11-18T17:00:00.0;0.03359803331721492
2022-11-18T18:00:00.0;0.03536634991369019
2022-11-18T19:00:00.0;0.036223367572570976
2022-11-18T20:00:00.0;0.03643474925732499
2022-11-18T21:00:00.0;0.039531777567609956
2022-11-18T22:00:00.0;0.03867546519132327
2022-11-18T23:00:00.0;0.037069116987009244
2022-11-19T00:00:00.0;0.03645294604064629
2022-11-19T01:00:00.0;0.034562257055553644
2022-11-19T02:00:00.0;0.033075647954794056
2022-11-19T03:00:00.0;0.031626555267945
2022-11-19T04:00:00.0;0.030392462521771756
2022-11-19T05:00:00.0;0.02886322589771268
2022-11-19T06:00:00.0;0.028695628900794978
2022-11-19T07:00:00.0;0.028492369055323017
2022-11-19T08:00:00.0;0.027626015976417034
2022-11-19T09:00:00.0;0.02679263666023137
2022-11-19T10:00:00.0;0.024996934882916023
2022-11-19T11:00:00.0;0.02419098486728398
2022-11-19T12:00:00.0;0.024408419924062348
2022-11-19T13:00:00.0;0.02369728590791769
2022-11-19T14:00:00.0;0.027182151420456893
2022-11-19T15:00:00.0;0.02723882495454295
2022-11-19T16:00:00.0;0.031089728900682227
2022-11-19T17:00:00.0;0.03350159642962403
2022-11-19T18:00:00.0;0.03525858992067683
2022-11-19T19:00:00.0;0.035978600838285385
2022-11-19T20:00:00.0;0.036012289391215785
2022-11-19T21:00:00.0;0.03919044757302428
2022-11-19T22:00:00.0;0.038306065657721766
2022-11-19T23:00:00.0;0.03677522374433875
2022-11-20T00:00:00.0;0.03773457029920986
2022-11-20T01:00:00.0;0.03568960696662329
2022-11-20T02:00:00.0;0.034205566690862284
2022-11-20T03:00:00.0;0.03280563114204335
2022-11-20T04:00:00.0;0.031420494946945376
2022-11-20T05:00:00.0;0.030331768845816568
2022-11-20T06:00:00.0;0.028671715519513388
2022-11-20T07:00:00.0;0.028372674015772165
2022-11-20T08:00:00.0;0.029094322024088227
2022-11-20T09:00:00.0;0.02864939066577438
2022-11-20T10:00:00.0;0.027620042957742306
2022-11-20T11:00:00.0;0.026936114550734597
2022-11-20T12:00:00.0;0.027308873178598547
2022-11-20T13:00:00.0;0.024776923357062965
2022-11-20T14:00:00.0;0.029253718220291252
2022-11-20T15:00:00.0;0.027642545516290844
2022-11-20T16:00:00.0;0.030557619413055827
2022-11-20T17:00:00.0;0.0330341604951133
2022-11-20T18:00:00.0;0.03475059749504554
2022-11-20T19:00:00.0;0.03593256581765156
2022-11-20T20:00:00.0;0.0366711299283039
2022-11-20T21:00:00.0;0.04115797580570961
2022-11-20T22:00:00.0;0.040242598863591876
2022-11-20T23:00:00.0;0.03841421420953183
2022-11-21T00:00:00.0;0.03722797733822412
2022-11-21T01:00:00.0;0.03529512912920742
2022-11-21T02:00:00.0;0.03380917223890584
2022-11-21T03:00:00.0;0.03235281381881873
2022-11-21T04:00:00.0;0.03116581604411183
2022-11-21T05:00:00.0;0.029633153489938197
2022-11-21T06:00:00.0;0.02901733065899698
2022-11-21T07:00:00.0;0.028875961856396768
2022-11-21T08:00:00.0;0.028753328801317764
2022-11-21T09:00:00.0;0.02837832559080268
2022-11-21T10:00:00.0;0.026711530289076146
2022-11-21T11:00:00.0;0.0258741129933359
2022-11-21T12:00:00.0;0.026229689770821536
2022-11-21T13:00:00.0;0.02531803730350382
2022-11-21T14:00:00.0;0.02874632313911981
2022-11-21T15:00:00.0;0.028038614122537525
2022-11-21T16:00:00.0;0.031371081858358074
2022-11-21T17:00:00.0;0.0345514281286368
2022-11-21T18:00:00.0;0.03634567028918138
2022-11-21T19:00:00.0;0.03733761876429274
2022-11-21T20:00:00.0;0.03765165516937798
2022-11-21T21:00:00.0;0.039812805668866545
2022-11-21T22:00:00.0;0.03906819169673763
2022-11-21T23:00:00.0;0.03737898990657529
2022-11-22T00:00:00.0;0.03817683053703156
2022-11-22T01:00:00.0;0.036270066849396224
2022-11-22T02:00:00.0;0.0347441300950073
2022-11-22T03:00:00.0;0.03333283129539629
2022-11-22T04:00:00.0;0.032076126269613585
2022-11-22T05:00:00.0;0.031383943376540754
2022-11-22T06:00:00.0;0.031639030789173156
2022-11-22T07:00:00.0;0.03254199208752492
2022-11-22T08:00:00.0;0.032783420814388765
2022-11-22T09:00:00.0;0.03182794180051226
2022-11-22T10:00:00.0;0.03020498619361908
2022-11-22T11:00:00.0;0.029235492012354047
2022-11-22T12:00:00.0;0.029019548988003213
2022-11-22T13:00:00.0;0.028054972345314233
2022-11-22T14:00:00.0;0.030393259284921693
2022-11-22T15:00:00.0;0.031209879468382835
2022-11-22T16:00:00.0;0.03444453611289679
2022-11-22T17:00:00.0;0.03770607807396832
2022-11-22T18:00:00.0;0.03949959363430521
2022-11-22T19:00:00.0;0.040186230658936076
2022-11-22T20:00:00.0;0.04019376571951164
2022-11-22T21:00:00.0;0.0423287585917797
2022-11-22T22:00:00.0;0.04117955348282969
2022-11-22T23:00:00.0;0.03957159463375957
2022-11-23T00:00:00.0;0.03861188188971788
2022-11-23T01:00:00.0;0.03673267734755283
2022-11-23T02:00:00.0;0.03520032561995311
2022-11-23T03:00:00.0;0.03376285540921154
2022-11-23T04:00:00.0;0.03260268368011539
2022-11-23T05:00:00.0;0.03193179081345517
2022-11-23T06:00:00.0;0.03209720411053292
2022-11-23T07:00:00.0;0.033186635872287096
2022-11-23T08:00:00.0;0.03386859337468898
2022-11-23T09:00:00.0;0.03302986257550376
2022-11-23T10:00:00.0;0.03118716938810511
2022-11-23T11:00:00.0;0.030060366399262
2022-11-23T12:00:00.0;0.0298514319093763
2022-11-23T13:00:00.0;0.029525998559759136
2022-11-23T14:00:00.0;0.031216716117691383
2022-11-23T15:00:00.0;0.03231466575429853
2022-11-23T16:00:00.0;0.03539431228558069
2022-11-23T17:00:00.0;0.039318270606671035
2022-11-23T18:00:00.0;0.04115977533622461
2022-11-23T19:00:00.0;0.041991913951072685
2022-11-23T20:00:00.0;0.04209294898651953
2022-11-23T21:00:00.0;0.04245409417157711
2022-11-23T22:00:00.0;0.041485172275307576
2022-11-23T23:00:00.0;0.03980667702925718
2022-11-24T00:00:00.0;0.03690001682490377
2022-11-24T01:00:00.0;0.03507764455338548
2022-11-24T02:00:00.0;0.03359028413968955
2022-11-24T03:00:00.0;0.0322121079476819
2022-11-24T04:00:00.0;0.03121098354033985
2022-11-24T05:00:00.0;0.030934980440416884
2022-11-24T06:00:00.0;0.03092973868695738
2022-11-24T07:00:00.0;0.03138856709015899
2022-11-24T08:00:00.0;0.031329698163610045
2022-11-24T09:00:00.0;0.029730220668325962
2022-11-24T10:00:00.0;0.027576967084765102
2022-11-24T11:00:00.0;0.026101581529813532
2022-11-24T12:00:00.0;0.025906672070106322
2022-11-24T13:00:00.0;0.026455062453559282
2022-11-24T14:00:00.0;0.028126808730342734
2022-11-24T15:00:00.0;0.030544916209462487
2022-11-24T16:00:00.0;0.03414338977975652
2022-11-24T17:00:00.0;0.03823708349409526
2022-11-24T18:00:00.0;0.0401131140419236
2022-11-24T19:00:00.0;0.040189134946162275
2022-11-24T20:00:00.0;0.040581552822502726
2022-11-24T21:00:00.0;0.04004906472445253
2022-11-24T22:00:00.0;0.03971263376080885
2022-11-24T23:00:00.0;0.03814017778607015
2022-11-25T00:00:00.0;0.03672940322342773
2022-11-25T01:00:00.0;0.03474232298388278
2022-11-25T02:00:00.0;0.033246148509782816
2022-11-25T03:00:00.0;0.03184137492001759
2022-11-25T04:00:00.0;0.030485303894677494
2022-11-25T05:00:00.0;0.029294113880742018
2022-11-25T06:00:00.0;0.028700060750539515
2022-11-25T07:00:00.0;0.028520157494183525
2022-11-25T08:00:00.0;0.02812796675437833
2022-11-25T09:00:00.0;0.027274986895407808
2022-11-25T10:00:00.0;0.02582182442161866
2022-11-25T11:00:00.0;0.025053537987152017
2022-11-25T12:00:00.0;0.02524162630419099
2022-11-25T13:00:00.0;0.023529993605218874
2022-11-25T14:00:00.0;0.027656295927408803
2022-11-25T15:00:00.0;0.0273133233903221
2022-11-25T16:00:00.0;0.030916927427532357
2022-11-25T17:00:00.0;0.03318126734615308
2022-11-25T18:00:00.0;0.034760539083903134
2022-11-25T19:00:00.0;0.03544669676688275
2022-11-25T20:00:00.0;0.035628295768916754
2022-11-25T21:00:00.0;0.04028574136149044
2022-11-25T22:00:00.0;0.03937736992022694
2022-11-25T23:00:00.0;0.037808753016810116
2022-11-26T00:00:00.0;0.03741893957097266
2022-11-26T01:00:00.0;0.035418393619605526
2022-11-26T02:00:00.0;0.033927711422070586
2022-11-26T03:00:00.0;0.032498978922618195
2022-11-26T04:00:00.0;0.031246575107297173
2022-11-26T05:00:00.0;0.029849908920484166
2022-11-26T06:00:00.0;0.02908522415300486
2022-11-26T07:00:00.0;0.028962074039761147
2022-11-26T08:00:00.0;0.029051592663377878
2022-11-26T09:00:00.0;0.028787820509093655
2022-11-26T10:00:00.0;0.02735957025241108
2022-11-26T11:00:00.0;0.0265708565766777
2022-11-26T12:00:00.0;0.026937035683198603
2022-11-26T13:00:00.0;0.025344567582983483
2022-11-26T14:00:00.0;0.02921559402452745
2022-11-26T15:00:00.0;0.028058747902075694
2022-11-26T16:00:00.0;0.031190098146190254
2022-11-26T17:00:00.0;0.034424070646737456
2022-11-26T18:00:00.0;0.03610839287449455
2022-11-26T19:00:00.0;0.03706086210290983
2022-11-26T20:00:00.0;0.03743091188319694
2022-11-26T21:00:00.0;0.04049281099127874
2022-11-26T22:00:00.0;0.03972878075789904
2022-11-26T23:00:00.0;0.038020851010225065
2022-11-27T00:00:00.0;0.03678698811186066
2022-11-27T01:00:00.0;0.034842083740030394
2022-11-27T02:00:00.0;0.0333293971490048
2022-11-27T03:00:00.0;0.031915247526263055
2022-11-27T04:00:00.0;0.030596367759528332
2022-11-27T05:00:00.0;0.02964246178783739
2022-11-27T06:00:00.0;0.029208033613478707
2022-11-27T07:00:00.0;0.029311490174688218
2022-11-27T08:00:00.0;0.029074588472145977
2022-11-27T09:00:00.0;0.02789143640069927
2022-11-27T10:00:00.0;0.026141549112355226
2022-11-27T11:00:00.0;0.025181108436681483
2022-11-27T12:00:00.0;0.025195803616919588
2022-11-27T13:00:00.0;0.024181181035183158
2022-11-27T14:00:00.0;0.02762485707312728
2022-11-27T15:00:00.0;0.028370647693033827
2022-11-27T16:00:00.0;0.032143102893950205
2022-11-27T17:00:00.0;0.034551285155399195
2022-11-27T18:00:00.0;0.03608930168732382
2022-11-27T19:00:00.0;0.036694170279126165
2022-11-27T20:00:00.0;0.0367899834994626
2022-11-27T21:00:00.0;0.04048634477446792
2022-11-27T22:00:00.0;0.0396695521620446
2022-11-27T23:00:00.0;0.03813937842691963
2022-11-28T00:00:00.0;0.03777190539200516
2022-11-28T01:00:00.0;0.035610990452415316
2022-11-28T02:00:00.0;0.03414002915264087
2022-11-28T03:00:00.0;0.03277609697520747
2022-11-28T04:00:00.0;0.031358844850812854
2022-11-28T05:00:00.0;0.0297752749514864
2022-11-28T06:00:00.0;0.028947848606746637
2022-11-28T07:00:00.0;0.028561745199783755
2022-11-28T08:00:00.0;0.02850782388522556
2022-11-28T09:00:00.0;0.029001417639363213
2022-11-28T10:00:00.0;0.028510430362546732
2022-11-28T11:00:00.0;0.0281833477889952
2022-11-28T12:00:00.0;0.028777326781497803
2022-11-28T13:00:00.0;0.024869789588833693
2022-11-28T14:00:00.0;0.03040065168968285
2022-11-28T15:00:00.0;0.026706503356555982
2022-11-28T16:00:00.0;0.02920686794806832
2022-11-28T17:00:00.0;0.032311366788665856
2022-11-28T18:00:00.0;0.03397124563611947
2022-11-28T19:00:00.0;0.034923595521114265
2022-11-28T20:00:00.0;0.03538223572919613
2022-11-28T21:00:00.0;0.04154192588607315
2022-11-28T22:00:00.0;0.04040694885956877
2022-11-28T23:00:00.0;0.03863718913808167
2022-11-29T00:00:00.0;0.03744546427532516
2022-11-29T01:00:00.0;0.035381098547004795
2022-11-29T02:00:00.0;0.03392402933298402
2022-11-29T03:00:00.0;0.032519023555681904
2022-11-29T04:00:00.0;0.031204921378228227
2022-11-29T05:00:00.0;0.029256425594738206
2022-11-29T06:00:00.0;0.028833094171641885
2022-11-29T07:00:00.0;0.028362998942784438
2022-11-29T08:00:00.0;0.027759334400476475
2022-11-29T09:00:00.0;0.02826604564366004
2022-11-29T10:00:00.0;0.027503413031448935
2022-11-29T11:00:00.0;0.027192076594954644
2022-11-29T12:00:00.0;0.027826844012455616
2022-11-29T13:00:00.0;0.024765862019360353
2022-11-29T14:00:00.0;0.029789458403401716
2022-11-29T15:00:00.0;0.02635222599605891
2022-11-29T16:00:00.0;0.029108654905811618
2022-11-29T17:00:00.0;0.03217717060662543
2022-11-29T18:00:00.0;0.03404421598448752
2022-11-29T19:00:00.0;0.035042783284799574
2022-11-29T20:00:00.0;0.03536284590701459
2022-11-29T21:00:00.0;0.04038658533222999
2022-11-29T22:00:00.0;0.039209191714576076
2022-11-29T23:00:00.0;0.037476501829604505
2022-11-30T00:00:00.0;0.037157823270531964
2022-11-30T01:00:00.0;0.03517853111512419
2022-11-30T02:00:00.0;0.03373370280245033
2022-11-30T03:00:00.0;0.032292505347896065
2022-11-30T04:00:00.0;0.03106929292931901
2022-11-30T05:00:00.0;0.028799245592938203
2022-11-30T06:00:00.0;0.02873197920991859
2022-11-30T07:00:00.0;0.02818787525235113
2022-11-30T08:00:00.0;0.027099808818466468
2022-11-30T09:00:00.0;0.02761807843324214
2022-11-30T10:00:00.0;0.02661608768497586
2022-11-30T11:00:00.0;0.02631862583245193
2022-11-30T12:00:00.0;0.02698933364762641
2022-11-30T13:00:00.0;0.024674287064547506
2022-11-30T14:00:00.0;0.02925091027938859
2022-11-30T15:00:00.0;0.02604005730546851
2022-11-30T16:00:00.0;0.029022115261400933
2022-11-30T17:00:00.0;0.032058924703553864
2022-11-30T18:00:00.0;0.03410851322908148
2022-11-30T19:00:00.0;0.035147804638892985
2022-11-30T20:00:00.0;0.03534576071875221
2022-11-30T21:00:00.0;0.03936856615264377
2022-11-30T22:00:00.0;0.03815379749160612
2022-11-30T23:00:00.0;0.03645377139951483
2022-12-01T00:00:00.0;0.03678144187984031
2022-12-01T01:00:00.0;0.03491346942207777
2022-12-01T02:00:00.0;0.033484658462269105
2022-12-01T03:00:00.0;0.03199610380346151
2022-12-01T04:00:00.0;0.030891821625272823
2022-12-01T05:00:00.0;0.028201020576315097
2022-12-01T06:00:00.0;0.02859966918012813
2022-12-01T07:00:00.0;0.027958723994185655
2022-12-01T08:00:00.0;0.02623681240412659
2022-12-01T09:00:00.0;0.02677020627414221
2022-12-01T10:00:00.0;0.025455012795317467
2022-12-01T11:00:00.0;0.02517570598718225
2022-12-01T12:00:00.0;0.02589344220454192
2022-12-01T13:00:00.0;0.024554460237806428
2022-12-01T14:00:00.0;0.02854621418775807
2022-12-01T15:00:00.0;0.02563158117050549
2022-12-01T16:00:00.0;0.028908877193217043
2022-12-01T17:00:00.0;0.03190419865024423
2022-12-01T18:00:00.0;0.0341926468746141
2022-12-01T19:00:00.0;0.03528522622568801
2022-12-01T20:00:00.0;0.035323404563644745
2022-12-01T21:00:00.0;0.03803647695750654
2022-12-01T22:00:00.0;0.036772802644731054
2022-12-01T23:00:00.0;0.035115517481730814
2022-12-02T00:00:00.0;0.03784918671684017
2022-12-02T01:00:00.0;0.03564278581999586
2022-12-02T02:00:00.0;0.034169742173646066
2022-12-02T03:00:00.0;0.03284286209724348
2022-12-02T04:00:00.0;0.0313666559414267
2022-12-02T05:00:00.0;0.03006858445116214
2022-12-02T06:00:00.0;0.028962754164233582
2022-12-02T07:00:00.0;0.028615440321802504
2022-12-02T08:00:00.0;0.028905967404347695
2022-12-02T09:00:00.0;0.029331433084771402
2022-12-02T10:00:00.0;0.029109639678026936
2022-12-02T11:00:00.0;0.028758100650731797
2022-12-02T12:00:00.0;0.029309930661318723
2022-12-02T13:00:00.0;0.0248997882422775
2022-12-02T14:00:00.0;0.030707958092929703
2022-12-02T15:00:00.0;0.026961901500782478
2022-12-02T16:00:00.0;0.029291569906986885
2022-12-02T17:00:00.0;0.03230240346405474
2022-12-02T18:00:00.0;0.03385385814771448
2022-12-02T19:00:00.0;0.03481962950349045
2022-12-02T20:00:00.0;0.03540728674209999
2022-12-02T21:00:00.0;0.04222405786374866
2022-12-02T22:00:00.0;0.04112463555879899
2022-12-02T23:00:00.0;0.039331250025783415
2022-12-03T00:00:00.0;0.037725379543058206
2022-12-03T01:00:00.0;0.03554927983002663
2022-12-03T02:00:00.0;0.03406205070582415
2022-12-03T03:00:00.0;0.03271180057812559
2022-12-03T04:00:00.0;0.03125335255543174
2022-12-03T05:00:00.0;0.03000009004303517
2022-12-03T06:00:00.0;0.028992457573112487
2022-12-03T07:00:00.0;0.028729797668698438
2022-12-03T08:00:00.0;0.028951342069390016
2022-12-03T09:00:00.0;0.029100224317303316
2022-12-03T10:00:00.0;0.028508984866603228
2022-12-03T11:00:00.0;0.02804335818054387
2022-12-03T12:00:00.0;0.02850647827620876
2022-12-03T13:00:00.0;0.024686917361681212
2022-12-03T14:00:00.0;0.030128672188531214
2022-12-03T15:00:00.0;0.027169069813524016
2022-12-03T16:00:00.0;0.029787983598323648
2022-12-03T17:00:00.0;0.032764510924395675
2022-12-03T18:00:00.0;0.03426789309297777
2022-12-03T19:00:00.0;0.035120921182723405
2022-12-03T20:00:00.0;0.03559122159236832
2022-12-03T21:00:00.0;0.041950496299725276
2022-12-03T22:00:00.0;0.040920678439863904
2022-12-03T23:00:00.0;0.03917916891811367
2022-12-04T00:00:00.0;0.03800853048694794
2022-12-04T01:00:00.0;0.03577763059412781
2022-12-04T02:00:00.0;0.034296599435066494
2022-12-04T03:00:00.0;0.03296243999143399
2022-12-04T04:00:00.0;0.0314704182845907
2022-12-04T05:00:00.0;0.030151369665136984
2022-12-04T06:00:00.0;0.029031029853575863
2022-12-04T07:00:00.0;0.02870580901260941
2022-12-04T08:00:00.0;0.029050376236454165
2022-12-04T09:00:00.0;0.029534461607816795
2022-12-04T10:00:00.0;0.029240379990226828
2022-12-04T11:00:00.0;0.02890188362415417
2022-12-04T12:00:00.0;0.029466296595574728
2022-12-04T13:00:00.0;0.024945122841102608
2022-12-04T14:00:00.0;0.030843683103328065
2022-12-04T15:00:00.0;0.026963305915364392
2022-12-04T16:00:00.0;0.029278058950859158
2022-12-04T17:00:00.0;0.032408640638967624
2022-12-04T18:00:00.0;0.03391835212875064
2022-12-04T19:00:00.0;0.034837200718324454
2022-12-04T20:00:00.0;0.035396290694334386
2022-12-04T21:00:00.0;0.04237938953349833
2022-12-04T22:00:00.0;0.04127515872551563
2022-12-04T23:00:00.0;0.0394785284502386
2022-12-05T00:00:00.0;0.03800641833890671
2022-12-05T01:00:00.0;0.03577630875760594
2022-12-05T02:00:00.0;0.03429499220201503
2022-12-05T03:00:00.0;0.03296046935939433
2022-12-05T04:00:00.0;0.03146970282529709
2022-12-05T05:00:00.0;0.030153001926413563
2022-12-05T06:00:00.0;0.029035128516771504
2022-12-05T07:00:00.0;0.028713470279285686
2022-12-05T08:00:00.0;0.029059604602829404
2022-12-05T09:00:00.0;0.029538758642605443
2022-12-05T10:00:00.0;0.029237240387537694
2022-12-05T11:00:00.0;0.02889452111389864
2022-12-05T12:00:00.0;0.02945686095620897
2022-12-05T13:00:00.0;0.024952569245473483
2022-12-05T14:00:00.0;0.0308386883152741
2022-12-05T15:00:00.0;0.026978440940331232
2022-12-05T16:00:00.0;0.02929740160137047
2022-12-05T17:00:00.0;0.03243332305334744
2022-12-05T18:00:00.0;0.033941586732591206
2022-12-05T19:00:00.0;0.03485887039868043
2022-12-05T20:00:00.0;0.03541626737275769
2022-12-05T21:00:00.0;0.04237589225327076
2022-12-05T22:00:00.0;0.04127562754349651
2022-12-05T23:00:00.0;0.03947986120685994
2022-12-06T00:00:00.0;0.03776717596575475
2022-12-06T01:00:00.0;0.03560765981556643
2022-12-06T02:00:00.0;0.03413689978208988
2022-12-06T03:00:00.0;0.03277237253696589
2022-12-06T04:00:00.0;0.03135661483236665
2022-12-06T05:00:00.0;0.02976775794568525
2022-12-06T06:00:00.0;0.0289461860629983
2022-12-06T07:00:00.0;0.028558865796065914
2022-12-06T08:00:00.0;0.028496979890286028
2022-12-06T09:00:00.0;0.028990763688489407
2022-12-06T10:00:00.0;0.028495840857864368
2022-12-06T11:00:00.0;0.028168986411807005
2022-12-06T12:00:00.0;0.028763556340432674
2022-12-06T13:00:00.0;0.02486828390296848
2022-12-06T14:00:00.0;0.030391796819923753
2022-12-06T15:00:00.0;0.02670137064329454
2022-12-06T16:00:00.0;0.02920544505335179
2022-12-06T17:00:00.0;0.032309422576023455
2022-12-06T18:00:00.0;0.03397230281875804
2022-12-06T19:00:00.0;0.03492532229421207
2022-12-06T20:00:00.0;0.03538195481257953
2022-12-06T21:00:00.0;0.04152518749846105
2022-12-06T22:00:00.0;0.04038959594722499
2022-12-06T23:00:00.0;0.038620373287550754
2022-12-07T00:00:00.0;0.03792647452738008
2022-12-07T01:00:00.0;0.035726277865968326
2022-12-07T02:00:00.0;0.03423415918575048
2022-12-07T03:00:00.0;0.03288588186207353
2022-12-07T04:00:00.0;0.03144262302700328
2022-12-07T05:00:00.0;0.030214782249246116
2022-12-07T06:00:00.0;0.029190260994054553
2022-12-07T07:00:00.0;0.02900344562536445
2022-12-07T08:00:00.0;0.029408893936626972
2022-12-07T09:00:00.0;0.029701399391531356
2022-12-07T10:00:00.0;0.02911840790006533
2022-12-07T11:00:00.0;0.02861585355805366
2022-12-07T12:00:00.0;0.029099726437052775
2022-12-07T13:00:00.0;0.025234412154188927
2022-12-07T14:00:00.0;0.03064963793291077
2022-12-07T15:00:00.0;0.027551294528140764
2022-12-07T16:00:00.0;0.030029511840198978
2022-12-07T17:00:00.0;0.03336754084712395
2022-12-07T18:00:00.0;0.034821005577327806
2022-12-07T19:00:00.0;0.03567905762439058
2022-12-07T20:00:00.0;0.03617237527032498
2022-12-07T21:00:00.0;0.04224352183892834
2022-12-07T22:00:00.0;0.04129337208392258
2022-12-07T23:00:00.0;0.03953030541913438
2022-12-08T00:00:00.0;0.037494407603561354
2022-12-08T01:00:00.0;0.03541637699243561
2022-12-08T02:00:00.0;0.033955387815897554
2022-12-08T03:00:00.0;0.03255606220912249
2022-12-08T04:00:00.0;0.03122937207274479
2022-12-08T05:00:00.0;0.02935864106773718
2022-12-08T06:00:00.0;0.028873998271826472
2022-12-08T07:00:00.0;0.028436596352372178
2022-12-08T08:00:00.0;0.02794043874222937
2022-12-08T09:00:00.0;0.02842062736993233
2022-12-08T10:00:00.0;0.027670921900292005
2022-12-08T11:00:00.0;0.02733605343555454
2022-12-08T12:00:00.0;0.027953264895094084
2022-12-08T13:00:00.0;0.024821188171861443
2022-12-08T14:00:00.0;0.02987600238476527
2022-12-08T15:00:00.0;0.02649065486436012
2022-12-08T16:00:00.0;0.029221179168635765
2022-12-08T17:00:00.0;0.032322369380291135
2022-12-08T18:00:00.0;0.03414470502911486
2022-12-08T19:00:00.0;0.035127218273359385
2022-12-08T20:00:00.0;0.035464159337436914
2022-12-08T21:00:00.0;0.040579279323636024
2022-12-08T22:00:00.0;0.039429004028100206
2022-12-08T23:00:00.0;0.037693811371450885
2022-12-09T00:00:00.0;0.03661126147596243
2022-12-09T01:00:00.0;0.03475832086162198
2022-12-09T02:00:00.0;0.03333863419224412
2022-12-09T03:00:00.0;0.031871299288875665
2022-12-09T04:00:00.0;0.030766917598197843
2022-12-09T05:00:00.0;0.028196478888208837
2022-12-09T06:00:00.0;0.028520717755260695
2022-12-09T07:00:00.0;0.027865478382010797
2022-12-09T08:00:00.0;0.02619128665707445
2022-12-09T09:00:00.0;0.02663008363495333
2022-12-09T10:00:00.0;0.02549289615766448
2022-12-09T11:00:00.0;0.02518946132329
2022-12-09T12:00:00.0;0.02587777266743821
2022-12-09T13:00:00.0;0.024508696798896484
2022-12-09T14:00:00.0;0.028481263110992125
2022-12-09T15:00:00.0;0.025714471038046662
2022-12-09T16:00:00.0;0.02895354042991405
2022-12-09T17:00:00.0;0.03177069631984479
2022-12-09T18:00:00.0;0.03407451225208504
2022-12-09T19:00:00.0;0.03522919184620099
2022-12-09T20:00:00.0;0.035345214915653816
2022-12-09T21:00:00.0;0.03807161807406174
2022-12-09T22:00:00.0;0.036825631493138035
2022-12-09T23:00:00.0;0.035164505695805516
2022-12-10T00:00:00.0;0.03759432407674816
2022-12-10T01:00:00.0;0.03548593112366122
2022-12-10T02:00:00.0;0.03402252700566855
2022-12-10T03:00:00.0;0.03263625112361483
2022-12-10T04:00:00.0;0.03127511173229979
2022-12-10T05:00:00.0;0.029493025116880196
2022-12-10T06:00:00.0;0.02888542312638825
2022-12-10T07:00:00.0;0.028453628850718136
2022-12-10T08:00:00.0;0.028100651686730496
2022-12-10T09:00:00.0;0.028601381248334237
2022-12-10T10:00:00.0;0.027962621116083938
2022-12-10T11:00:00.0;0.027644104313159834
2022-12-10T12:00:00.0;0.028260271877470235
2022-12-10T13:00:00.0;0.024813253835414398
2022-12-10T14:00:00.0;0.030068167507672015
2022-12-10T15:00:00.0;0.026513779350821984
2022-12-10T16:00:00.0;0.029153440851026394
2022-12-10T17:00:00.0;0.03223836515593168
2022-12-10T18:00:00.0;0.0340109409127738
2022-12-10T19:00:00.0;0.03498843269620127
2022-12-10T20:00:00.0;0.03537168782346472
2022-12-10T21:00:00.0;0.040913430011509835
2022-12-10T22:00:00.0;0.03975537870403968
2022-12-10T23:00:00.0;0.03800578467243792
2022-12-11T00:00:00.0;0.03728585427927835
2022-12-11T01:00:00.0;0.03526869528577672
2022-12-11T02:00:00.0;0.033818418462906834
2022-12-11T03:00:00.0;0.03239333017522934
2022-12-11T04:00:00.0;0.031129662093795536
2022-12-11T05:00:00.0;0.029002739586609972
2022-12-11T06:00:00.0;0.028776986181570954
2022-12-11T07:00:00.0;0.02826582402310336
2022-12-11T08:00:00.0;0.027393368235071536
2022-12-11T09:00:00.0;0.027906493138384853
2022-12-11T10:00:00.0;0.027011042358690965
2022-12-11T11:00:00.0;0.02670740483249026
2022-12-11T12:00:00.0;0.027362115327073427
2022-12-11T13:00:00.0;0.024715047712873785
2022-12-11T14:00:00.0;0.02949062178931551
2022-12-11T15:00:00.0;0.026179005757494888
2022-12-11T16:00:00.0;0.029060634658099674
2022-12-11T17:00:00.0;0.03211155677616557
2022-12-11T18:00:00.0;0.034079894079002734
2022-12-11T19:00:00.0;0.03510105890486887
2022-12-11T20:00:00.0;0.035353365454695286
2022-12-11T21:00:00.0;0.039821693559076304
2022-12-11T22:00:00.0;0.03862356078939844
2022-12-11T23:00:00.0;0.036908995816263564
2022-12-12T00:00:00.0;0.0364655311521253
2022-12-12T01:00:00.0;0.03469099340596605
2022-12-12T02:00:00.0;0.033275626398820445
2022-12-12T03:00:00.0;0.03174732309879887
2022-12-12T04:00:00.0;0.030742863440313854
2022-12-12T05:00:00.0;0.027698908343849412
2022-12-12T06:00:00.0;0.02848861651166785
2022-12-12T07:00:00.0;0.027766388925252426
2022-12-12T08:00:00.0;0.025512467811083475
2022-12-12T09:00:00.0;0.02605855602411701
2022-12-12T10:00:00.0;0.024480479987918146
2022-12-12T11:00:00.0;0.02421641137547054
2022-12-12T12:00:00.0;0.024973620258389725
2022-12-12T13:00:00.0;0.024453885180240505
2022-12-12T14:00:00.0;0.027954736870784938
2022-12-12T15:00:00.0;0.0252887321449114
2022-12-12T16:00:00.0;0.028813832322748617
2022-12-12T17:00:00.0;0.03177433138978352
2022-12-12T18:00:00.0;0.034263263333989734
2022-12-12T19:00:00.0;0.03540056921171712
2022-12-12T20:00:00.0;0.03530464022140154
2022-12-12T21:00:00.0;0.03691840556124601
2022-12-12T22:00:00.0;0.03561368293840004
2022-12-12T23:00:00.0;0.03399227180728952
2022-12-13T00:00:00.0;0.03682614473410169
2022-12-13T01:00:00.0;0.03491278253173312
2022-12-13T02:00:00.0;0.03348378422207713
2022-12-13T03:00:00.0;0.032039702890166694
2022-12-13T04:00:00.0;0.03087220288753397
2022-12-13T05:00:00.0;0.028514414624262276
2022-12-13T06:00:00.0;0.028597953602336693
2022-12-13T07:00:00.0;0.027995385304846476
2022-12-13T08:00:00.0;0.026653398039410997
2022-12-13T09:00:00.0;0.027092562533344387
2022-12-13T10:00:00.0;0.02610582257791418
2022-12-13T11:00:00.0;0.025794892531018312
2022-12-13T12:00:00.0;0.026460853021568097
2022-12-13T13:00:00.0;0.02457636128302116
2022-12-13T14:00:00.0;0.02886107402086541
2022-12-13T15:00:00.0;0.025923930281383446
2022-12-13T16:00:00.0;0.029009682418753194
2022-12-13T17:00:00.0;0.031864671713927435
2022-12-13T18:00:00.0;0.034040339120485874
2022-12-13T19:00:00.0;0.03516122262752267
2022-12-13T20:00:00.0;0.03535514573173019
2022-12-13T21:00:00.0;0.03877556077981047
2022-12-13T22:00:00.0;0.03755396313496803
2022-12-13T23:00:00.0;0.03587049167278243
2022-12-14T00:00:00.0;0.03633494941683455
2022-12-14T01:00:00.0;0.03459423583183058
2022-12-14T02:00:00.0;0.033184681637810895
2022-12-14T03:00:00.0;0.031645741534745336
2022-12-14T04:00:00.0;0.030675222625880266
2022-12-14T05:00:00.0;0.02752749949671525
2022-12-14T06:00:00.0;0.028440113626867238
2022-12-14T07:00:00.0;0.027688295684550317
2022-12-14T08:00:00.0;0.025259898094676745
2022-12-14T09:00:00.0;0.025797449461222186
2022-12-14T10:00:00.0;0.024154144119685264
2022-12-14T11:00:00.0;0.02389197996483453
2022-12-14T12:00:00.0;0.02465861678433714
2022-12-14T13:00:00.0;0.024413456136198268
2022-12-14T14:00:00.0;0.02774472177209956
2022-12-14T15:00:00.0;0.025183377190343022
2022-12-14T16:00:00.0;0.028787572442639468
2022-12-14T17:00:00.0;0.03171201586055214
2022-12-14T18:00:00.0;0.03427122994313068
2022-12-14T19:00:00.0;0.03543218819729144
2022-12-14T20:00:00.0;0.03530122140869031
2022-12-14T21:00:00.0;0.03654287291228085
2022-12-14T22:00:00.0;0.03522659144162385
2022-12-14T23:00:00.0;0.033616860829703346
2022-12-15T00:00:00.0;0.03741428567817895
2022-12-15T01:00:00.0;0.03533081819849518
2022-12-15T02:00:00.0;0.0338765858617484
2022-12-15T03:00:00.0;0.032501862252576126
2022-12-15T04:00:00.0;0.031154387530482785
2022-12-15T05:00:00.0;0.029420245611702412
2022-12-15T06:00:00.0;0.028806787258897685
2022-12-15T07:00:00.0;0.028352332598755605
2022-12-15T08:00:00.0;0.027964390389947053
2022-12-15T09:00:00.0;0.028390969920957958
2022-12-15T10:00:00.0;0.027858833149909935
2022-12-15T11:00:00.0;0.027523055851140732
2022-12-15T12:00:00.0;0.0281210499329012
2022-12-15T13:00:00.0;0.02476268833577828
2022-12-15T14:00:00.0;0.029934615115914887
2022-12-15T15:00:00.0;0.026533077659072438
2022-12-15T16:00:00.0;0.029176188818992595
2022-12-15T17:00:00.0;0.03211337089840591
2022-12-15T18:00:00.0;0.033925881125240295
2022-12-15T19:00:00.0;0.034959356158229794
2022-12-15T20:00:00.0;0.03538660326685172
2022-12-15T21:00:00.0;0.040787678105753455
2022-12-15T22:00:00.0;0.03963816627255861
2022-12-15T23:00:00.0;0.03789043026235604
2022-12-16T00:00:00.0;0.03732272903980658
2022-12-16T01:00:00.0;0.035294663855684846
2022-12-16T02:00:00.0;0.033842817784000306
2022-12-16T03:00:00.0;0.03242236916663946
2022-12-16T04:00:00.0;0.031147049276050512
2022-12-16T05:00:00.0;0.029061348765425737
2022-12-16T06:00:00.0;0.0287899488327133
2022-12-16T07:00:00.0;0.028288274383239567
2022-12-16T08:00:00.0;0.027477917543040846
2022-12-16T09:00:00.0;0.02798956069591715
2022-12-16T10:00:00.0;0.027124794949999528
2022-12-16T11:00:00.0;0.02681937874150802
2022-12-16T12:00:00.0;0.027469481779103425
2022-12-16T13:00:00.0;0.024726787362203462
2022-12-16T14:00:00.0;0.029559662130487278
2022-12-16T15:00:00.0;0.026219024897736067
2022-12-16T16:00:00.0;0.02907172879492532
2022-12-16T17:00:00.0;0.03212671556537347
2022-12-16T18:00:00.0;0.03407165135471268
2022-12-16T19:00:00.0;0.03508759546531049
2022-12-16T20:00:00.0;0.03535555572734507
2022-12-16T21:00:00.0;0.03995220072889856
2022-12-16T22:00:00.0;0.03875885933371717
2022-12-16T23:00:00.0;0.03704010695503047
2022-12-17T00:00:00.0;0.03799496912210071
2022-12-17T01:00:00.0;0.03576914354350847
2022-12-17T02:00:00.0;0.034286279953013206
2022-12-17T03:00:00.0;0.03294978725140455
2022-12-17T04:00:00.0;0.03146582457036018
2022-12-17T05:00:00.0;0.030161849844681992
2022-12-17T06:00:00.0;0.029057345938384858
2022-12-17T07:00:00.0;0.02875499933003084
2022-12-17T08:00:00.0;0.029109628353690215
2022-12-17T09:00:00.0;0.02956205136733777
2022-12-17T10:00:00.0;0.02922022169795202
2022-12-17T11:00:00.0;0.028854611517361527
2022-12-17T12:00:00.0;0.029405713650862347
2022-12-17T13:00:00.0;0.024992933602707584
2022-12-17T14:00:00.0;0.03081161331379993
2022-12-17T15:00:00.0;0.027060482624355033
2022-12-17T16:00:00.0;0.02940225135384252
2022-12-17T17:00:00.0;0.03256711780069203
2022-12-17T18:00:00.0;0.03406753340468998
2022-12-17T19:00:00.0;0.03497633416716161
2022-12-17T20:00:00.0;0.035524553969089066
2022-12-17T21:00:00.0;0.04235693471867783
2022-12-17T22:00:00.0;0.04127816884202333
2022-12-17T23:00:00.0;0.03948708561500247
2022-12-18T00:00:00.0;0.037698408401013905
2022-12-18T01:00:00.0;0.03558354822327881
2022-12-18T02:00:00.0;0.03406061291481738
2022-12-18T03:00:00.0;0.03267309639107261
2022-12-18T04:00:00.0;0.0313653689584055
2022-12-18T05:00:00.0;0.030391031025042564
2022-12-18T06:00:00.0;0.02963282762293919
2022-12-18T07:00:00.0;0.02983069607363508
2022-12-18T08:00:00.0;0.030405357125196455
2022-12-18T09:00:00.0;0.030165385845122784
2022-12-18T10:00:00.0;0.028779398981341856
2022-12-18T11:00:00.0;0.027820862316182287
2022-12-18T12:00:00.0;0.028080882266125814
2022-12-18T13:00:00.0;0.02603846213888459
2022-12-18T14:00:00.0;0.03011030927731769
2022-12-18T15:00:00.0;0.029185548590484913
2022-12-18T16:00:00.0;0.03211809809914904
2022-12-18T17:00:00.0;0.03603270565901143
2022-12-18T18:00:00.0;0.037329838287983086
2022-12-18T19:00:00.0;0.03801891257864682
2022-12-18T20:00:00.0;0.03832942277681746
2022-12-18T21:00:00.0;0.041865891512477146
2022-12-18T22:00:00.0;0.04134399424618679
2022-12-18T23:00:00.0;0.03967421419545278
2022-12-19T00:00:00.0;0.03908691545948471
2022-12-19T01:00:00.0;0.03721715586879
2022-12-19T02:00:00.0;0.03565788852726947
2022-12-19T03:00:00.0;0.03422701183381899
2022-12-19T04:00:00.0;0.03310959133857835
2022-12-19T05:00:00.0;0.03275198652114468
2022-12-19T06:00:00.0;0.03351740759744689
2022-12-19T07:00:00.0;0.035200810088123605
2022-12-19T08:00:00.0;0.03607820000814499
2022-12-19T09:00:00.0;0.0351331714278175
2022-12-19T10:00:00.0;0.03309873844680886
2022-12-19T11:00:00.0;0.03178979063912684
2022-12-19T12:00:00.0;0.03134302397335542
2022-12-19T13:00:00.0;0.03145484842559609
2022-12-19T14:00:00.0;0.03233329986070625
2022-12-19T15:00:00.0;0.034313991789979216
2022-12-19T16:00:00.0;0.037327233527593255
2022-12-19T17:00:00.0;0.04194153979638711
2022-12-19T18:00:00.0;0.04370276853900264
2022-12-19T19:00:00.0;0.04433743811030532
2022-12-19T20:00:00.0;0.04421953823045587
2022-12-19T21:00:00.0;0.043528435010394044
2022-12-19T22:00:00.0;0.04258102701857075
2022-12-19T23:00:00.0;0.040956149232948075
2022-12-20T00:00:00.0;0.03853099333894205
2022-12-20T01:00:00.0;0.03662629568925063
2022-12-20T02:00:00.0;0.035063066525744715
2022-12-20T03:00:00.0;0.033626223187338586
2022-12-20T04:00:00.0;0.032516530051284874
2022-12-20T05:00:00.0;0.03209052256749493
2022-12-20T06:00:00.0;0.03250584302819999
2022-12-20T07:00:00.0;0.033910803893711164
2022-12-20T08:00:00.0;0.034777148405746985
2022-12-20T09:00:00.0;0.033788218283856364
2022-12-20T10:00:00.0;0.03155578366146448
2022-12-20T11:00:00.0;0.030128741481609995
2022-12-20T12:00:00.0;0.02979390864409029
2022-12-20T13:00:00.0;0.03013846672543834
2022-12-20T14:00:00.0;0.03135562432414141
2022-12-20T15:00:00.0;0.03350682017851068
2022-12-20T16:00:00.0;0.03672302360095462
2022-12-20T17:00:00.0;0.041405124086177955
2022-12-20T18:00:00.0;0.042940236493547085
2022-12-20T19:00:00.0;0.04350716986480478
2022-12-20T20:00:00.0;0.043433407728881886
2022-12-20T21:00:00.0;0.04281018937921593
2022-12-20T22:00:00.0;0.04221345638784566
2022-12-20T23:00:00.0;0.04062124955832648
2022-12-21T00:00:00.0;0.03790444020363955
2022-12-21T01:00:00.0;0.03578610293820798
2022-12-21T02:00:00.0;0.03426944665689092
2022-12-21T03:00:00.0;0.032890204669008084
2022-12-21T04:00:00.0;0.03155780024323316
2022-12-21T05:00:00.0;0.030562411309984817
2022-12-21T06:00:00.0;0.02986640053958843
2022-12-21T07:00:00.0;0.03008524196634992
2022-12-21T08:00:00.0;0.030635363560102827
2022-12-21T09:00:00.0;0.030496446774936063
2022-12-21T10:00:00.0;0.029302788788871107
2022-12-21T11:00:00.0;0.028455181048679445
2022-12-21T12:00:00.0;0.02871817558586807
2022-12-21T13:00:00.0;0.026304823345888816
2022-12-21T14:00:00.0;0.03049543002375606
2022-12-21T15:00:00.0;0.02916079958781268
2022-12-21T16:00:00.0;0.03195697699536909
2022-12-21T17:00:00.0;0.035756022510155534
2022-12-21T18:00:00.0;0.037147432773641034
2022-12-21T19:00:00.0;0.0378848789222111
2022-12-21T20:00:00.0;0.03821214188281745
2022-12-21T21:00:00.0;0.042145756132232114
2022-12-21T22:00:00.0;0.041447027006716146
2022-12-21T23:00:00.0;0.03975197389936996
2022-12-22T00:00:00.0;0.03773632590701379
2022-12-22T01:00:00.0;0.0356007770792689
2022-12-22T02:00:00.0;0.03409769607210767
2022-12-22T03:00:00.0;0.032720536101548334
2022-12-22T04:00:00.0;0.03136720411282682
2022-12-22T05:00:00.0;0.030165883372447706
2022-12-22T06:00:00.0;0.029369219485634493
2022-12-22T07:00:00.0;0.029341957932886256
2022-12-22T08:00:00.0;0.029687352643657242
2022-12-22T09:00:00.0;0.029732809016377842
2022-12-22T10:00:00.0;0.028703243064875143
2022-12-22T11:00:00.0;0.027990276362261705
2022-12-22T12:00:00.0;0.0283792485883613
2022-12-22T13:00:00.0;0.02558609667075738
2022-12-22T14:00:00.0;0.030240808095638227
2022-12-22T15:00:00.0;0.028229774236180442
2022-12-22T16:00:00.0;0.030986660841346936
2022-12-22T17:00:00.0;0.034586669149419234
2022-12-22T18:00:00.0;0.03601923854369955
2022-12-22T19:00:00.0;0.03680957210093195
2022-12-22T20:00:00.0;0.0371817351062821
2022-12-22T21:00:00.0;0.041772526213274756
2022-12-22T22:00:00.0;0.041012976120376146
2022-12-22T23:00:00.0;0.03930318936140785
2022-12-23T00:00:00.0;0.037671133070057865
2022-12-23T01:00:00.0;0.0355664786202491
2022-12-23T02:00:00.0;0.03403985782921432
2022-12-23T03:00:00.0;0.032647648534187154
2022-12-23T04:00:00.0;0.03135612983849638
2022-12-23T05:00:00.0;0.030412109313901325
2022-12-23T06:00:00.0;0.029685755918189605
2022-12-23T07:00:00.0;0.029929630229792434
2022-12-23T08:00:00.0;0.03052452810287205
2022-12-23T09:00:00.0;0.030220875822010038
2022-12-23T10:00:00.0;0.028738855562630103
2022-12-23T11:00:00.0;0.027725786166231024
2022-12-23T12:00:00.0;0.027959034658164753
2022-12-23T13:00:00.0;0.02613462165975338
2022-12-23T14:00:00.0;0.030045808828216548
2022-12-23T15:00:00.0;0.029380995503741642
2022-12-23T16:00:00.0;0.03236788039847935
2022-12-23T17:00:00.0;0.036351443270137014
2022-12-23T18:00:00.0;0.037629879524210305
2022-12-23T19:00:00.0;0.03829874509601067
2022-12-23T20:00:00.0;0.038587392627776475
2022-12-23T21:00:00.0;0.04182072920671475
2022-12-23T22:00:00.0;0.04135004835098291
2022-12-23T23:00:00.0;0.0396914248157413
2022-12-24T00:00:00.0;0.036820804245501035
2022-12-24T01:00:00.0;0.034876969906670496
2022-12-24T02:00:00.0;0.03333408670489516
2022-12-24T03:00:00.0;0.03189594759895378
2022-12-24T04:00:00.0;0.03069537863099962
2022-12-24T05:00:00.0;0.029930668153038565
2022-12-24T06:00:00.0;0.02952680728882884
2022-12-24T07:00:00.0;0.029928128997670573
2022-12-24T08:00:00.0;0.030129155668140405
2022-12-24T09:00:00.0;0.028842749572489498
2022-12-24T10:00:00.0;0.02651964228231468
2022-12-24T11:00:00.0;0.025156973497419747
2022-12-24T12:00:00.0;0.025098979682883566
2022-12-24T13:00:00.0;0.025267087313704258
2022-12-24T14:00:00.0;0.027895234128863244
2022-12-24T15:00:00.0;0.02986525226913219
2022-12-24T16:00:00.0;0.03374650497994746
2022-12-24T17:00:00.0;0.037203650576085746
2022-12-24T18:00:00.0;0.03847684531580739
2022-12-24T19:00:00.0;0.03895860116847455
2022-12-24T20:00:00.0;0.03899073555239227
2022-12-24T21:00:00.0;0.04053565133767302
2022-12-24T22:00:00.0;0.040254913706216075
2022-12-24T23:00:00.0;0.03875737284047889
2022-12-25T00:00:00.0;0.03716288603022013
2022-12-25T01:00:00.0;0.03508723329019879
2022-12-25T02:00:00.0;0.033592967357529195
2022-12-25T03:00:00.0;0.032216120872230636
2022-12-25T04:00:00.0;0.03080220502595765
2022-12-25T05:00:00.0;0.029638666041021593
2022-12-25T06:00:00.0;0.028819071330527402
2022-12-25T07:00:00.0;0.028612397888616733
2022-12-25T08:00:00.0;0.028534738894028695
2022-12-25T09:00:00.0;0.028071347266832972
2022-12-25T10:00:00.0;0.027004938313647153
2022-12-25T11:00:00.0;0.02635899579511661
2022-12-25T12:00:00.0;0.026649956483498143
2022-12-25T13:00:00.0;0.023967229565088462
2022-12-25T14:00:00.0;0.02870079369349924
2022-12-25T15:00:00.0;0.027277821223083802
2022-12-25T16:00:00.0;0.030458198051664644
2022-12-25T17:00:00.0;0.032985547919640396
2022-12-25T18:00:00.0;0.03450725269704365
2022-12-25T19:00:00.0;0.03525321536311603
2022-12-25T20:00:00.0;0.03556986691127559
2022-12-25T21:00:00.0;0.04110505156491474
2022-12-25T22:00:00.0;0.040147814236259835
2022-12-25T23:00:00.0;0.0385058171147691
2022-12-26T00:00:00.0;0.03730965854524079
2022-12-26T01:00:00.0;0.035327874252125656
2022-12-26T02:00:00.0;0.03376017358617309
2022-12-26T03:00:00.0;0.032313671618451376
2022-12-26T04:00:00.0;0.03120435109990491
2022-12-26T05:00:00.0;0.030601844289628432
2022-12-26T06:00:00.0;0.030244824484025712
2022-12-26T07:00:00.0;0.03099791317127404
2022-12-26T08:00:00.0;0.031780351115471686
2022-12-26T09:00:00.0;0.030711652868133748
2022-12-26T10:00:00.0;0.02812635937478315
2022-12-26T11:00:00.0;0.026496869641799325
2022-12-26T12:00:00.0;0.026418087909456302
2022-12-26T13:00:00.0;0.027104779842089314
2022-12-26T14:00:00.0;0.02918000017215406
2022-12-26T15:00:00.0;0.03152976217665723
2022-12-26T16:00:00.0;0.03517381226943503
2022-12-26T17:00:00.0;0.03986059963389356
2022-12-26T18:00:00.0;0.04093671909600263
2022-12-26T19:00:00.0;0.04137262196093705
2022-12-26T20:00:00.0;0.04140498322126812
2022-12-26T21:00:00.0;0.041231874290680294
2022-12-26T22:00:00.0;0.04132923470814632
2022-12-26T23:00:00.0;0.039803769656294306
2022-12-27T00:00:00.0;0.037337242902823614
2022-12-27T01:00:00.0;0.03535752157333379
2022-12-27T02:00:00.0;0.03378578505502381
2022-12-27T03:00:00.0;0.03233612933741066
2022-12-27T04:00:00.0;0.03124302942198725
2022-12-27T05:00:00.0;0.03067013857130637
2022-12-27T06:00:00.0;0.030333676098555803
2022-12-27T07:00:00.0;0.031140729812701204
2022-12-27T08:00:00.0;0.031983356145314695
2022-12-27T09:00:00.0;0.030900154753311457
2022-12-27T10:00:00.0;0.028242544486671593
2022-12-27T11:00:00.0;0.026561914253608532
2022-12-27T12:00:00.0;0.026467440724262156
2022-12-27T13:00:00.0;0.02731175562581943
2022-12-27T14:00:00.0;0.029256228464488724
2022-12-27T15:00:00.0;0.0317735531837158
2022-12-27T16:00:00.0;0.0354255831200328
2022-12-27T17:00:00.0;0.040253260426969924
2022-12-27T18:00:00.0;0.0413028255538128
2022-12-27T19:00:00.0;0.04172430668390804
2022-12-27T20:00:00.0;0.041745323023448896
2022-12-27T21:00:00.0;0.04126787615983536
2022-12-27T22:00:00.0;0.04142415949801498
2022-12-27T23:00:00.0;0.039902108121311536
2022-12-28T00:00:00.0;0.037452710872372126
2022-12-28T01:00:00.0;0.035480246362827476
2022-12-28T02:00:00.0;0.033909332735932426
2022-12-28T03:00:00.0;0.03246091632208609
2022-12-28T04:00:00.0;0.03136621139322228
2022-12-28T05:00:00.0;0.030807528138720796
2022-12-28T06:00:00.0;0.030543783418559792
2022-12-28T07:00:00.0;0.031408670933353866
2022-12-28T08:00:00.0;0.03225359145572128
2022-12-28T09:00:00.0;0.031179508646478154
2022-12-28T10:00:00.0;0.02856302436970802
2022-12-28T11:00:00.0;0.02690692296337441
2022-12-28T12:00:00.0;0.026789200184907668
2022-12-28T13:00:00.0;0.027585175078745063
2022-12-28T14:00:00.0;0.029459296852870527
2022-12-28T15:00:00.0;0.03194120700357548
2022-12-28T16:00:00.0;0.03555108072272203
2022-12-28T17:00:00.0;0.040364676811752945
2022-12-28T18:00:00.0;0.041461207499324304
2022-12-28T19:00:00.0;0.041896757797015335
2022-12-28T20:00:00.0;0.04190860649331387
2022-12-28T21:00:00.0;0.041417059582485045
2022-12-28T22:00:00.0;0.04150050586529761
2022-12-28T23:00:00.0;0.039971668557930363
2022-12-29T00:00:00.0;0.037449911655506644
2022-12-29T01:00:00.0;0.035477271223471454
2022-12-29T02:00:00.0;0.03390633764774093
2022-12-29T03:00:00.0;0.03245789119023817
2022-12-29T04:00:00.0;0.03136322517069882
2022-12-29T05:00:00.0;0.03080419749044014
2022-12-29T06:00:00.0;0.030538689919851744
2022-12-29T07:00:00.0;0.03140217540644004
2022-12-29T08:00:00.0;0.03224704031221805
2022-12-29T09:00:00.0;0.031172736446947426
2022-12-29T10:00:00.0;0.028555255178847983
2022-12-29T11:00:00.0;0.02689855913570089
2022-12-29T12:00:00.0;0.02678139997405795
2022-12-29T13:00:00.0;0.027578546744091104
2022-12-29T14:00:00.0;0.02945437399452438
2022-12-29T15:00:00.0;0.03193714267818768
2022-12-29T16:00:00.0;0.035548038363811596
2022-12-29T17:00:00.0;0.04036197581489126
2022-12-29T18:00:00.0;0.0414573679461149
2022-12-29T19:00:00.0;0.041892577173885226
2022-12-29T20:00:00.0;0.04190464811555346
2022-12-29T21:00:00.0;0.0414134430232404
2022-12-29T22:00:00.0;0.04149865504866204
2022-12-29T23:00:00.0;0.039969982248314675
2022-12-30T00:00:00.0;0.0378433468976443
2022-12-30T01:00:00.0;0.03589543270547842
2022-12-30T02:00:00.0;0.03432730297642808
2022-12-30T03:00:00.0;0.032883079211846016
2022-12-30T04:00:00.0;0.03178294441292112
2022-12-30T05:00:00.0;0.031272326426406
2022-12-30T06:00:00.0;0.03125459082850966
2022-12-30T07:00:00.0;0.03231513403985853
2022-12-30T08:00:00.0;0.03316781596281346
2022-12-30T09:00:00.0;0.0321245819416754
2022-12-30T10:00:00.0;0.029647229696765805
2022-12-30T11:00:00.0;0.028074110986115234
2022-12-30T12:00:00.0;0.027877734410388072
2022-12-30T13:00:00.0;0.02851017175739618
2022-12-30T14:00:00.0;0.03014629107651597
2022-12-30T15:00:00.0;0.032508391323761945
2022-12-30T16:00:00.0;0.03597564768174447
2022-12-30T17:00:00.0;0.04074160604911646
2022-12-30T18:00:00.0;0.041997024435496313
2022-12-30T19:00:00.0;0.042480171687823344
2022-12-30T20:00:00.0;0.04246100562105557
2022-12-30T21:00:00.0;0.04192175728772952
2022-12-30T22:00:00.0;0.04175879083883505
2022-12-30T23:00:00.0;0.040206996264680765
2022-12-31T00:00:00.0;0.037503108237486385
2022-12-31T01:00:00.0;0.035533811053094985
2022-12-31T02:00:00.0;0.033963256586919996
2022-12-31T03:00:00.0;0.03251538108190464
2022-12-31T04:00:00.0;0.03141997562588438
2022-12-31T05:00:00.0;0.030867493445281127
2022-12-31T06:00:00.0;0.03063548725089376
2022-12-31T07:00:00.0;0.03152561701406748
2022-12-31T08:00:00.0;0.03237153886276913
2022-12-31T09:00:00.0;0.03130143596714605
2022-12-31T10:00:00.0;0.02870290161653514
2022-12-31T11:00:00.0;0.02705750610761483
2022-12-31T12:00:00.0;0.02692963591856199
2022-12-31T13:00:00.0;0.027704512242569056
2022-12-31T14:00:00.0;0.02954792845999464
2022-12-31T15:00:00.0;0.032014381502142544
2022-12-31T16:00:00.0;0.03560585564020281
2022-12-31T17:00:00.0;0.04041330581463207
2022-12-31T18:00:00.0;0.04153033517833919
2022-12-31T19:00:00.0;0.04197202613113095
2022-12-31T20:00:00.0;0.04197987350077997
2022-12-31T21:00:00.0;0.04148217245707416
2022-12-31T22:00:00.0;0.04153382814300056
2022-12-31T23:00:00.0;0.0400020290356931
