timestamp;elastic demand
2018-01-01T00:00:00.0;0.037272791537696505
2018-01-01T01:00:00.0;0.035493927019825136
2018-01-01T02:00:00.0;0.033808187655290874
2018-01-01T03:00:00.0;0.032254817407182064
2018-01-01T04:00:00.0;0.031172293847060543
2018-01-01T05:00:00.0;0.03119076088593692
2018-01-01T06:00:00.0;0.03330100610523082
2018-01-01T07:00:00.0;0.03520385731625696
2018-01-01T08:00:00.0;0.035467970437989285
2018-01-01T09:00:00.0;0.03457532786131012
2018-01-01T10:00:00.0;0.03316312121368347
2018-01-01T11:00:00.0;0.03190964311389905
2018-01-01T12:00:00.0;0.030962165487288067
2018-01-01T13:00:00.0;0.03110828369859188
2018-01-01T14:00:00.0;0.03181042153501962
2018-01-01T15:00:00.0;0.03330683772286721
2018-01-01T16:00:00.0;0.03595751449216684
2018-01-01T17:00:00.0;0.03978664545986237
2018-01-01T18:00:00.0;0.040696275371855606
2018-01-01T19:00:00.0;0.041364071647592836
2018-01-01T20:00:00.0;0.04120393255272089
2018-01-01T21:00:00.0;0.042135043085624276
2018-01-01T22:00:00.0;0.04106297308042863
2018-01-01T23:00:00.0;0.03892065676084903
2018-01-02T00:00:00.0;0.036168533204027006
2018-01-02T01:00:00.0;0.03446155350223485
2018-01-02T02:00:00.0;0.03285967896389721
2018-01-02T03:00:00.0;0.031350994556522564
2018-01-02T04:00:00.0;0.0302544003605687
2018-01-02T05:00:00.0;0.03013058698746271
2018-01-02T06:00:00.0;0.0314544086559956
2018-01-02T07:00:00.0;0.03265242336065914
2018-01-02T08:00:00.0;0.033287053979088314
2018-01-02T09:00:00.0;0.03251279882199071
2018-01-02T10:00:00.0;0.03142928401788482
2018-01-02T11:00:00.0;0.030474716551484864
2018-01-02T12:00:00.0;0.02976182094235573
2018-01-02T13:00:00.0;0.030358186894668415
2018-01-02T14:00:00.0;0.031087803240941073
2018-01-02T15:00:00.0;0.03263290199394712
2018-01-02T16:00:00.0;0.03543814876134554
2018-01-02T17:00:00.0;0.03917944276104258
2018-01-02T18:00:00.0;0.04038253030586176
2018-01-02T19:00:00.0;0.04133771053743304
2018-01-02T20:00:00.0;0.04103063186395333
2018-01-02T21:00:00.0;0.04212912394591847
2018-01-02T22:00:00.0;0.04024118123016345
2018-01-02T23:00:00.0;0.03805657739757303
2018-01-03T00:00:00.0;0.037504676363725634
2018-01-03T01:00:00.0;0.035715787931538984
2018-01-03T02:00:00.0;0.034042249225784554
2018-01-03T03:00:00.0;0.03247491497282596
2018-01-03T04:00:00.0;0.0314150980482954
2018-01-03T05:00:00.0;0.031493362969389344
2018-01-03T06:00:00.0;0.03375216507987378
2018-01-03T07:00:00.0;0.035395234605605
2018-01-03T08:00:00.0;0.03597805476052237
2018-01-03T09:00:00.0;0.03499153882115421
2018-01-03T10:00:00.0;0.03356509915745901
2018-01-03T11:00:00.0;0.032248486347997166
2018-01-03T12:00:00.0;0.031234330465052144
2018-01-03T13:00:00.0;0.031428472428300214
2018-01-03T14:00:00.0;0.03217910595524306
2018-01-03T15:00:00.0;0.03376358334981155
2018-01-03T16:00:00.0;0.036419361935698724
2018-01-03T17:00:00.0;0.04043361708403001
2018-01-03T18:00:00.0;0.04137515366084584
2018-01-03T19:00:00.0;0.04204465120547265
2018-01-03T20:00:00.0;0.041773894009887874
2018-01-03T21:00:00.0;0.04318265314683415
2018-01-03T22:00:00.0;0.041550771300246175
2018-01-03T23:00:00.0;0.03924065713624311
2018-01-04T00:00:00.0;0.03750763995620337
2018-01-04T01:00:00.0;0.035704187567136635
2018-01-04T02:00:00.0;0.03397865284098103
2018-01-04T03:00:00.0;0.0324246915623711
2018-01-04T04:00:00.0;0.031355542476893775
2018-01-04T05:00:00.0;0.03140444466431693
2018-01-04T06:00:00.0;0.033504446262792684
2018-01-04T07:00:00.0;0.03582758068997249
2018-01-04T08:00:00.0;0.035787384668106895
2018-01-04T09:00:00.0;0.03497842210370737
2018-01-04T10:00:00.0;0.033548908106847145
2018-01-04T11:00:00.0;0.03231437060155961
2018-01-04T12:00:00.0;0.031386715411511557
2018-01-04T13:00:00.0;0.031474308330244116
2018-01-04T14:00:00.0;0.03206999767370174
2018-01-04T15:00:00.0;0.03341219445123931
2018-01-04T16:00:00.0;0.036027785412744824
2018-01-04T17:00:00.0;0.03973642466752269
2018-01-04T18:00:00.0;0.04055183527940044
2018-01-04T19:00:00.0;0.04113364206225057
2018-01-04T20:00:00.0;0.0409679855110111
2018-01-04T21:00:00.0;0.04138885992360634
2018-01-04T22:00:00.0;0.04094128625111558
2018-01-04T23:00:00.0;0.03896887112890581
2018-01-05T00:00:00.0;0.03694112216303991
2018-01-05T01:00:00.0;0.03518439033853624
2018-01-05T02:00:00.0;0.0335175416556365
2018-01-05T03:00:00.0;0.032022570778547366
2018-01-05T04:00:00.0;0.031085054728129793
2018-01-05T05:00:00.0;0.031144947497093095
2018-01-05T06:00:00.0;0.03325901418761049
2018-01-05T07:00:00.0;0.03541924661588303
2018-01-05T08:00:00.0;0.03513739574651268
2018-01-05T09:00:00.0;0.0341794495025654
2018-01-05T10:00:00.0;0.032785974720763035
2018-01-05T11:00:00.0;0.0316566268571363
2018-01-05T12:00:00.0;0.030899737612962434
2018-01-05T13:00:00.0;0.031029691311455308
2018-01-05T14:00:00.0;0.03168359192431737
2018-01-05T15:00:00.0;0.03305543949331656
2018-01-05T16:00:00.0;0.03567859520097385
2018-01-05T17:00:00.0;0.039034541719111006
2018-01-05T18:00:00.0;0.03989621715556608
2018-01-05T19:00:00.0;0.04056085093806497
2018-01-05T20:00:00.0;0.04049703929062242
2018-01-05T21:00:00.0;0.04053638428684865
2018-01-05T22:00:00.0;0.04006453000917591
2018-01-05T23:00:00.0;0.038075930921289566
2018-01-06T00:00:00.0;0.033881474547699665
2018-01-06T01:00:00.0;0.03229558038175913
2018-01-06T02:00:00.0;0.03074747195524212
2018-01-06T03:00:00.0;0.029357125638397458
2018-01-06T04:00:00.0;0.028185067777928282
2018-01-06T05:00:00.0;0.02767573570281903
2018-01-06T06:00:00.0;0.027185333643984285
2018-01-06T07:00:00.0;0.028524166600872043
2018-01-06T08:00:00.0;0.028419536140206994
2018-01-06T09:00:00.0;0.028245230132158024
2018-01-06T10:00:00.0;0.027745619959865325
2018-01-06T11:00:00.0;0.027520920487373424
2018-01-06T12:00:00.0;0.027439550779838097
2018-01-06T13:00:00.0;0.02858396179457333
2018-01-06T14:00:00.0;0.029071593516036217
2018-01-06T15:00:00.0;0.030227139095406665
2018-01-06T16:00:00.0;0.033235252874958876
2018-01-06T17:00:00.0;0.036102301341894974
2018-01-06T18:00:00.0;0.03758620992764214
2018-01-06T19:00:00.0;0.038914675374892925
2018-01-06T20:00:00.0;0.038685015704151456
2018-01-06T21:00:00.0;0.03793844202312493
2018-01-06T22:00:00.0;0.03718560041471862
2018-01-06T23:00:00.0;0.035665061884418904
2018-01-07T00:00:00.0;0.03483600194537569
2018-01-07T01:00:00.0;0.033223445200863407
2018-01-07T02:00:00.0;0.03166035556405897
2018-01-07T03:00:00.0;0.030196972705671232
2018-01-07T04:00:00.0;0.02896006695777404
2018-01-07T05:00:00.0;0.02852887098086313
2018-01-07T06:00:00.0;0.029562225413162124
2018-01-07T07:00:00.0;0.030862136164764624
2018-01-07T08:00:00.0;0.030894826281319013
2018-01-07T09:00:00.0;0.0302171385080621
2018-01-07T10:00:00.0;0.02910990045263729
2018-01-07T11:00:00.0;0.028246379239923552
2018-01-07T12:00:00.0;0.027665991553390022
2018-01-07T13:00:00.0;0.028039439289053673
2018-01-07T14:00:00.0;0.028887963015046494
2018-01-07T15:00:00.0;0.030521029825576824
2018-01-07T16:00:00.0;0.03335046193077985
2018-01-07T17:00:00.0;0.036690695235362496
2018-01-07T18:00:00.0;0.03793013328283291
2018-01-07T19:00:00.0;0.03903368121794093
2018-01-07T20:00:00.0;0.03930904798157895
2018-01-07T21:00:00.0;0.03985452511627546
2018-01-07T22:00:00.0;0.038800813973313454
2018-01-07T23:00:00.0;0.03683393043908762
2018-01-08T00:00:00.0;0.03746653498742928
2018-01-08T01:00:00.0;0.035687042192247824
2018-01-08T02:00:00.0;0.03404098599438074
2018-01-08T03:00:00.0;0.03246869991146837
2018-01-08T04:00:00.0;0.03141245252880395
2018-01-08T05:00:00.0;0.03149957737681317
2018-01-08T06:00:00.0;0.03381063174190763
2018-01-08T07:00:00.0;0.03510776884664138
2018-01-08T08:00:00.0;0.03599772973820847
2018-01-08T09:00:00.0;0.03492991533112484
2018-01-08T10:00:00.0;0.033514400114927186
2018-01-08T11:00:00.0;0.03216745326390509
2018-01-08T12:00:00.0;0.031119122767207373
2018-01-08T13:00:00.0;0.031376593106661514
2018-01-08T14:00:00.0;0.03220268168881458
2018-01-08T15:00:00.0;0.03390496654383591
2018-01-08T16:00:00.0;0.03658456948174174
2018-01-08T17:00:00.0;0.040741297542309284
2018-01-08T18:00:00.0;0.041751906493024564
2018-01-08T19:00:00.0;0.04247227859970741
2018-01-08T20:00:00.0;0.04214895052772799
2018-01-08T21:00:00.0;0.04403395207135665
2018-01-08T22:00:00.0;0.0418138915975105
2018-01-08T23:00:00.0;0.039341512480948686
2018-01-09T00:00:00.0;0.0372854830461455
2018-01-09T01:00:00.0;0.03551159791007017
2018-01-09T02:00:00.0;0.03385202886401544
2018-01-09T03:00:00.0;0.032321346905079575
2018-01-09T04:00:00.0;0.03130435917217884
2018-01-09T05:00:00.0;0.03146201551979232
2018-01-09T06:00:00.0;0.03361591049818774
2018-01-09T07:00:00.0;0.035499600422613374
2018-01-09T08:00:00.0;0.035698843196052904
2018-01-09T09:00:00.0;0.034707853484451566
2018-01-09T10:00:00.0;0.03323996863395817
2018-01-09T11:00:00.0;0.032051796730927694
2018-01-09T12:00:00.0;0.03112628458227889
2018-01-09T13:00:00.0;0.03129540628874993
2018-01-09T14:00:00.0;0.03201952107289548
2018-01-09T15:00:00.0;0.03344117136918677
2018-01-09T16:00:00.0;0.03610966098942571
2018-01-09T17:00:00.0;0.03988125154885857
2018-01-09T18:00:00.0;0.04088194538867778
2018-01-09T19:00:00.0;0.041517555735287225
2018-01-09T20:00:00.0;0.04126849512433653
2018-01-09T21:00:00.0;0.042071208781302064
2018-01-09T22:00:00.0;0.040963973737222666
2018-01-09T23:00:00.0;0.03880596698609129
2018-01-10T00:00:00.0;0.037432627079541654
2018-01-10T01:00:00.0;0.03562189704952332
2018-01-10T02:00:00.0;0.03385454490932408
2018-01-10T03:00:00.0;0.03232262518246054
2018-01-10T04:00:00.0;0.03127057374695859
2018-01-10T05:00:00.0;0.031289720776632717
2018-01-10T06:00:00.0;0.033263589948718426
2018-01-10T07:00:00.0;0.036220178531210984
2018-01-10T08:00:00.0;0.03553454382245251
2018-01-10T09:00:00.0;0.03486598905578199
2018-01-10T10:00:00.0;0.03343772607130775
2018-01-10T11:00:00.0;0.032289537789258804
2018-01-10T12:00:00.0;0.03147232173659597
2018-01-10T13:00:00.0;0.03145601701854906
2018-01-10T14:00:00.0;0.03191222995246682
2018-01-10T15:00:00.0;0.033033705743956726
2018-01-10T16:00:00.0;0.035606263075864515
2018-01-10T17:00:00.0;0.03895722461849231
2018-01-10T18:00:00.0;0.0396454288115224
2018-01-10T19:00:00.0;0.04015468659223845
2018-01-10T20:00:00.0;0.040116119976508276
2018-01-10T21:00:00.0;0.03952232077253418
2018-01-10T22:00:00.0;0.040215150561451495
2018-01-10T23:00:00.0;0.03856126355474795
2018-01-11T00:00:00.0;0.03690004831781771
2018-01-11T01:00:00.0;0.035133190617741485
2018-01-11T02:00:00.0;0.033419001794826715
2018-01-11T03:00:00.0;0.03193959965959152
2018-01-11T04:00:00.0;0.03102088379496449
2018-01-11T05:00:00.0;0.031015153877693484
2018-01-11T06:00:00.0;0.033051012120069126
2018-01-11T07:00:00.0;0.03581037374999379
2018-01-11T08:00:00.0;0.03493186307122893
2018-01-11T09:00:00.0;0.03411232322497948
2018-01-11T10:00:00.0;0.03273853405834328
2018-01-11T11:00:00.0;0.03165737697444968
2018-01-11T12:00:00.0;0.031004722973290554
2018-01-11T13:00:00.0;0.031026335893770244
2018-01-11T14:00:00.0;0.03154127382276576
2018-01-11T15:00:00.0;0.03274024639384555
2018-01-11T16:00:00.0;0.03530681172395537
2018-01-11T17:00:00.0;0.038320653481947124
2018-01-11T18:00:00.0;0.039011509545621846
2018-01-11T19:00:00.0;0.03961537435548953
2018-01-11T20:00:00.0;0.03970181696832749
2018-01-11T21:00:00.0;0.0388110069276804
2018-01-11T22:00:00.0;0.039403826105153646
2018-01-11T23:00:00.0;0.0377053799584947
2018-01-12T00:00:00.0;0.03740340791158
2018-01-12T01:00:00.0;0.035595751008365185
2018-01-12T02:00:00.0;0.033831115557318756
2018-01-12T03:00:00.0;0.03230796052201178
2018-01-12T04:00:00.0;0.03128673240527109
2018-01-12T05:00:00.0;0.031311211181751286
2018-01-12T06:00:00.0;0.03334664063529624
2018-01-12T07:00:00.0;0.03634463745345499
2018-01-12T08:00:00.0;0.03556250156462827
2018-01-12T09:00:00.0;0.03486156159042637
2018-01-12T10:00:00.0;0.033422611752271326
2018-01-12T11:00:00.0;0.03227219561682446
2018-01-12T12:00:00.0;0.03147842665417742
2018-01-12T13:00:00.0;0.031435490228668095
2018-01-12T14:00:00.0;0.03189326951632558
2018-01-12T15:00:00.0;0.03301448259364734
2018-01-12T16:00:00.0;0.03557269885904696
2018-01-12T17:00:00.0;0.03884269235103462
2018-01-12T18:00:00.0;0.03950411804666182
2018-01-12T19:00:00.0;0.04000829343899791
2018-01-12T20:00:00.0;0.04000804711313438
2018-01-12T21:00:00.0;0.03928874981821474
2018-01-12T22:00:00.0;0.04007314324042575
2018-01-12T23:00:00.0;0.03842890882368006
2018-01-13T00:00:00.0;0.034063251079353866
2018-01-13T01:00:00.0;0.032478826983988754
2018-01-13T02:00:00.0;0.03095687590161686
2018-01-13T03:00:00.0;0.029570618555329452
2018-01-13T04:00:00.0;0.028496576109563476
2018-01-13T05:00:00.0;0.028060408402443327
2018-01-13T06:00:00.0;0.02802457349667803
2018-01-13T07:00:00.0;0.029135802700208328
2018-01-13T08:00:00.0;0.029148802559648832
2018-01-13T09:00:00.0;0.028731242051787096
2018-01-13T10:00:00.0;0.0281363764799616
2018-01-13T11:00:00.0;0.02778214470718395
2018-01-13T12:00:00.0;0.02765114062772133
2018-01-13T13:00:00.0;0.028710041240121238
2018-01-13T14:00:00.0;0.029304008226571827
2018-01-13T15:00:00.0;0.030619648423813015
2018-01-13T16:00:00.0;0.0335841257378267
2018-01-13T17:00:00.0;0.03647527138186543
2018-01-13T18:00:00.0;0.03791343466230314
2018-01-13T19:00:00.0;0.03922683402712634
2018-01-13T20:00:00.0;0.039043457068533155
2018-01-13T21:00:00.0;0.03863671960467947
2018-01-13T22:00:00.0;0.037438488836571006
2018-01-13T23:00:00.0;0.03570641059331791
2018-01-14T00:00:00.0;0.03367621582251573
2018-01-14T01:00:00.0;0.03215721030854584
2018-01-14T02:00:00.0;0.03079943605394796
2018-01-14T03:00:00.0;0.02950336122275109
2018-01-14T04:00:00.0;0.028589880292289142
2018-01-14T05:00:00.0;0.028684545195962557
2018-01-14T06:00:00.0;0.0288059383427897
2018-01-14T07:00:00.0;0.02936508446217806
2018-01-14T08:00:00.0;0.02942185829837264
2018-01-14T09:00:00.0;0.028512792345542205
2018-01-14T10:00:00.0;0.027606340785921096
2018-01-14T11:00:00.0;0.027497540444123527
2018-01-14T12:00:00.0;0.027366187525083675
2018-01-14T13:00:00.0;0.028481293652432776
2018-01-14T14:00:00.0;0.029359949860087557
2018-01-14T15:00:00.0;0.03055092896150259
2018-01-14T16:00:00.0;0.033655295293767734
2018-01-14T17:00:00.0;0.03653128122000789
2018-01-14T18:00:00.0;0.038541740020043236
2018-01-14T19:00:00.0;0.039811456230514276
2018-01-14T20:00:00.0;0.03936654760331607
2018-01-14T21:00:00.0;0.03913658830971884
2018-01-14T22:00:00.0;0.03719981316914112
2018-01-14T23:00:00.0;0.0352270447349085
2018-01-15T00:00:00.0;0.03745735482774913
2018-01-15T01:00:00.0;0.03568012344671629
2018-01-15T02:00:00.0;0.034040681950134676
2018-01-15T03:00:00.0;0.03246720402271907
2018-01-15T04:00:00.0;0.031411815784833846
2018-01-15T05:00:00.0;0.031501073108168666
2018-01-15T06:00:00.0;0.03382470394762108
2018-01-15T07:00:00.0;0.03503857937772032
2018-01-15T08:00:00.0;0.03600246526310036
2018-01-15T09:00:00.0;0.034915083315779555
2018-01-15T10:00:00.0;0.0335021974795934
2018-01-15T11:00:00.0;0.03214794959823868
2018-01-15T12:00:00.0;0.031091393692766523
2018-01-15T13:00:00.0;0.03136410639267823
2018-01-15T14:00:00.0;0.0322083560776222
2018-01-15T15:00:00.0;0.03393899573793602
2018-01-15T16:00:00.0;0.03662433290404873
2018-01-15T17:00:00.0;0.040815352440473435
2018-01-15T18:00:00.0;0.04184258626117132
2018-01-15T19:00:00.0;0.04257520324857644
2018-01-15T20:00:00.0;0.04223922201389836
2018-01-15T21:00:00.0;0.04423884924134703
2018-01-15T22:00:00.0;0.04187722141354043
2018-01-15T23:00:00.0;0.03936578712069426
2018-01-16T00:00:00.0;0.03745735482774913
2018-01-16T01:00:00.0;0.03568012344671629
2018-01-16T02:00:00.0;0.034040681950134676
2018-01-16T03:00:00.0;0.03246720402271907
2018-01-16T04:00:00.0;0.031411815784833846
2018-01-16T05:00:00.0;0.031501073108168666
2018-01-16T06:00:00.0;0.03382470394762108
2018-01-16T07:00:00.0;0.03503857937772032
2018-01-16T08:00:00.0;0.03600246526310036
2018-01-16T09:00:00.0;0.034915083315779555
2018-01-16T10:00:00.0;0.0335021974795934
2018-01-16T11:00:00.0;0.03214794959823868
2018-01-16T12:00:00.0;0.031091393692766523
2018-01-16T13:00:00.0;0.03136410639267823
2018-01-16T14:00:00.0;0.0322083560776222
2018-01-16T15:00:00.0;0.03393899573793602
2018-01-16T16:00:00.0;0.03662433290404873
2018-01-16T17:00:00.0;0.040815352440473435
2018-01-16T18:00:00.0;0.04184258626117132
2018-01-16T19:00:00.0;0.04257520324857644
2018-01-16T20:00:00.0;0.04223922201389836
2018-01-16T21:00:00.0;0.04423884924134703
2018-01-16T22:00:00.0;0.04187722141354043
2018-01-16T23:00:00.0;0.03936578712069426
2018-01-17T00:00:00.0;0.03736008821207461
2018-01-17T01:00:00.0;0.03558579936631712
2018-01-17T02:00:00.0;0.03396386457186095
2018-01-17T03:00:00.0;0.032408479023619
2018-01-17T04:00:00.0;0.03135717840155437
2018-01-17T05:00:00.0;0.03143924239068292
2018-01-17T06:00:00.0;0.03376631084524007
2018-01-17T07:00:00.0;0.03496192748242586
2018-01-17T08:00:00.0;0.03589099565644368
2018-01-17T09:00:00.0;0.03479725589004461
2018-01-17T10:00:00.0;0.03337562381556628
2018-01-17T11:00:00.0;0.03203644420903701
2018-01-17T12:00:00.0;0.031063318062294346
2018-01-17T13:00:00.0;0.031355342258237835
2018-01-17T14:00:00.0;0.032214346621920055
2018-01-17T15:00:00.0;0.03395163529229882
2018-01-17T16:00:00.0;0.03656910106585728
2018-01-17T17:00:00.0;0.040726606945710744
2018-01-17T18:00:00.0;0.04175420535012283
2018-01-17T19:00:00.0;0.042497771178475745
2018-01-17T20:00:00.0;0.042173801755955254
2018-01-17T21:00:00.0;0.0440582497678595
2018-01-17T22:00:00.0;0.04170571290984266
2018-01-17T23:00:00.0;0.039274972317798446
2018-01-18T00:00:00.0;0.03726967995794282
2018-01-18T01:00:00.0;0.035503710110912266
2018-01-18T02:00:00.0;0.033868251809649565
2018-01-18T03:00:00.0;0.032316267177420865
2018-01-18T04:00:00.0;0.03130173068946656
2018-01-18T05:00:00.0;0.03137273883746877
2018-01-18T06:00:00.0;0.03366380818629464
2018-01-18T07:00:00.0;0.03499414358593492
2018-01-18T08:00:00.0;0.035725063662720206
2018-01-18T09:00:00.0;0.034638773564618905
2018-01-18T10:00:00.0;0.033246431029092686
2018-01-18T11:00:00.0;0.031940302031036455
2018-01-18T12:00:00.0;0.030964474376110787
2018-01-18T13:00:00.0;0.03122463665972891
2018-01-18T14:00:00.0;0.03204563074741374
2018-01-18T15:00:00.0;0.03373513547374103
2018-01-18T16:00:00.0;0.03640905341193472
2018-01-18T17:00:00.0;0.04040313120916962
2018-01-18T18:00:00.0;0.041399453991928674
2018-01-18T19:00:00.0;0.042142094480724215
2018-01-18T20:00:00.0;0.041875492141450456
2018-01-18T21:00:00.0;0.04350461061321404
2018-01-18T22:00:00.0;0.041431017241802974
2018-01-18T23:00:00.0;0.03899847305004116
2018-01-19T00:00:00.0;0.036852513064501165
2018-01-19T01:00:00.0;0.03511590985177738
2018-01-19T02:00:00.0;0.03350557250319818
2018-01-19T03:00:00.0;0.031995679591526674
2018-01-19T04:00:00.0;0.031069062676337102
2018-01-19T05:00:00.0;0.031107171525800094
2018-01-19T06:00:00.0;0.03336176549040311
2018-01-19T07:00:00.0;0.03472556202779579
2018-01-19T08:00:00.0;0.035154832200577094
2018-01-19T09:00:00.0;0.03402125232938086
2018-01-19T10:00:00.0;0.03267869004837873
2018-01-19T11:00:00.0;0.03145505666150974
2018-01-19T12:00:00.0;0.030627825279413143
2018-01-19T13:00:00.0;0.030900267859417546
2018-01-19T14:00:00.0;0.03171846911941149
2018-01-19T15:00:00.0;0.03339348399214688
2018-01-19T16:00:00.0;0.03605796416229226
2018-01-19T17:00:00.0;0.03972557616612728
2018-01-19T18:00:00.0;0.040699145726085136
2018-01-19T19:00:00.0;0.0414938510922432
2018-01-19T20:00:00.0;0.041340804862406946
2018-01-19T21:00:00.0;0.04248271819239631
2018-01-19T22:00:00.0;0.04065496046906487
2018-01-19T23:00:00.0;0.03828903616546023
2018-01-20T00:00:00.0;0.0346147289616606
2018-01-20T01:00:00.0;0.03302763360483709
2018-01-20T02:00:00.0;0.03155771802054466
2018-01-20T03:00:00.0;0.03022847076460036
2018-01-20T04:00:00.0;0.029491058137497795
2018-01-20T05:00:00.0;0.029439296398153587
2018-01-20T06:00:00.0;0.03067320331198951
2018-01-20T07:00:00.0;0.03195398653325955
2018-01-20T08:00:00.0;0.03141906462839931
2018-01-20T09:00:00.0;0.03034363757499418
2018-01-20T10:00:00.0;0.02931442803498103
2018-01-20T11:00:00.0;0.028744410992955837
2018-01-20T12:00:00.0;0.02855895742666371
2018-01-20T13:00:00.0;0.02918622462689773
2018-01-20T14:00:00.0;0.029972339321125002
2018-01-20T15:00:00.0;0.03136827032912685
2018-01-20T16:00:00.0;0.03417884941486278
2018-01-20T17:00:00.0;0.03672236627574456
2018-01-20T18:00:00.0;0.03801695360563198
2018-01-20T19:00:00.0;0.03911124396856052
2018-01-20T20:00:00.0;0.03912793259568505
2018-01-20T21:00:00.0;0.0383863184112906
2018-01-20T22:00:00.0;0.037360255557013874
2018-01-20T23:00:00.0;0.03539519754534968
2018-01-21T00:00:00.0;0.03349688059490399
2018-01-21T01:00:00.0;0.03198226035040129
2018-01-21T02:00:00.0;0.030610764272241117
2018-01-21T03:00:00.0;0.029324798249028058
2018-01-21T04:00:00.0;0.028395396516606837
2018-01-21T05:00:00.0;0.028434026700568712
2018-01-21T06:00:00.0;0.028351699923834756
2018-01-21T07:00:00.0;0.029109182384886103
2018-01-21T08:00:00.0;0.02895071965305971
2018-01-21T09:00:00.0;0.028154713298823766
2018-01-21T10:00:00.0;0.02730686110035038
2018-01-21T11:00:00.0;0.027273866976009007
2018-01-21T12:00:00.0;0.027216220016403454
2018-01-21T13:00:00.0;0.028351034557623535
2018-01-21T14:00:00.0;0.02916121547175269
2018-01-21T15:00:00.0;0.03026098656733195
2018-01-21T16:00:00.0;0.03336934920627251
2018-01-21T17:00:00.0;0.03610018405119976
2018-01-21T18:00:00.0;0.03808770287962299
2018-01-21T19:00:00.0;0.03936832274650587
2018-01-21T20:00:00.0;0.038961352222456204
2018-01-21T21:00:00.0;0.03832778253345224
2018-01-21T22:00:00.0;0.03680372155379393
2018-01-21T23:00:00.0;0.03497966223965584
2018-01-22T00:00:00.0;0.03690660614183928
2018-01-22T01:00:00.0;0.035163034020934604
2018-01-22T02:00:00.0;0.0335375757625743
2018-01-22T03:00:00.0;0.03202637020614803
2018-01-22T04:00:00.0;0.031090458003470933
2018-01-22T05:00:00.0;0.031127242550278728
2018-01-22T06:00:00.0;0.03336038228454508
2018-01-22T07:00:00.0;0.03488422984700074
2018-01-22T08:00:00.0;0.03519494680824056
2018-01-22T09:00:00.0;0.03410375726818
2018-01-22T10:00:00.0;0.032751738114150594
2018-01-22T11:00:00.0;0.031535249177211226
2018-01-22T12:00:00.0;0.03071124696367993
2018-01-22T13:00:00.0;0.030952795724070416
2018-01-22T14:00:00.0;0.03173569632727178
2018-01-22T15:00:00.0;0.03335647374073392
2018-01-22T16:00:00.0;0.036010548950883875
2018-01-22T17:00:00.0;0.03963932231120481
2018-01-22T18:00:00.0;0.04058232630779292
2018-01-22T19:00:00.0;0.04134855876045386
2018-01-22T20:00:00.0;0.041210441612787
2018-01-22T21:00:00.0;0.04217021688805922
2018-01-22T22:00:00.0;0.04059822663463728
2018-01-22T23:00:00.0;0.038302966657175995
2018-01-23T00:00:00.0;0.0365854917214822
2018-01-23T01:00:00.0;0.034851133322222214
2018-01-23T02:00:00.0;0.033285957823074086
2018-01-23T03:00:00.0;0.03179135857156375
2018-01-23T04:00:00.0;0.03072847141217223
2018-01-23T05:00:00.0;0.030702578491111052
2018-01-23T06:00:00.0;0.03259246524653928
2018-01-23T07:00:00.0;0.03364767150767677
2018-01-23T08:00:00.0;0.03445424847406524
2018-01-23T09:00:00.0;0.03346991076220874
2018-01-23T10:00:00.0;0.032185990537983225
2018-01-23T11:00:00.0;0.031047979239992262
2018-01-23T12:00:00.0;0.03037309961971261
2018-01-23T13:00:00.0;0.030866965233570683
2018-01-23T14:00:00.0;0.03172198833440816
2018-01-23T15:00:00.0;0.03342027245092575
2018-01-23T16:00:00.0;0.035975876069477025
2018-01-23T17:00:00.0;0.039910998685248424
2018-01-23T18:00:00.0;0.04104012479884924
2018-01-23T19:00:00.0;0.041919764884787714
2018-01-23T20:00:00.0;0.0416143902822617
2018-01-23T21:00:00.0;0.04301818305597689
2018-01-23T22:00:00.0;0.04072749119289865
2018-01-23T23:00:00.0;0.03854656464907994
2018-01-24T00:00:00.0;0.03695036934024773
2018-01-24T01:00:00.0;0.03520718053125047
2018-01-24T02:00:00.0;0.03358740160353312
2018-01-24T03:00:00.0;0.03203434519627075
2018-01-24T04:00:00.0;0.030946046843330036
2018-01-24T05:00:00.0;0.030935954105894958
2018-01-24T06:00:00.0;0.033060152058471584
2018-01-24T07:00:00.0;0.03423965717656631
2018-01-24T08:00:00.0;0.03505816052603918
2018-01-24T09:00:00.0;0.034021237999136665
2018-01-24T10:00:00.0;0.03265342829749986
2018-01-24T11:00:00.0;0.03137475547687235
2018-01-24T12:00:00.0;0.030397569543935004
2018-01-24T13:00:00.0;0.03067653310977718
2018-01-24T14:00:00.0;0.031543665889225976
2018-01-24T15:00:00.0;0.033286629112983475
2018-01-24T16:00:00.0;0.03599778766085892
2018-01-24T17:00:00.0;0.0400436825870542
2018-01-24T18:00:00.0;0.041114169341176204
2018-01-24T19:00:00.0;0.04192225678563348
2018-01-24T20:00:00.0;0.0417181651826408
2018-01-24T21:00:00.0;0.04352221733949385
2018-01-24T22:00:00.0;0.041330196253940084
2018-01-24T23:00:00.0;0.03889033147595437
2018-01-25T00:00:00.0;0.0367677269542628
2018-01-25T01:00:00.0;0.035042482902939424
2018-01-25T02:00:00.0;0.03345748264462443
2018-01-25T03:00:00.0;0.03194907540430594
2018-01-25T04:00:00.0;0.031036737669253914
2018-01-25T05:00:00.0;0.03107769334405233
2018-01-25T06:00:00.0;0.03336952660697897
2018-01-25T07:00:00.0;0.034459782129371286
2018-01-25T08:00:00.0;0.03509662191164842
2018-01-25T09:00:00.0;0.033891597630890294
2018-01-25T10:00:00.0;0.03256427224107406
2018-01-25T11:00:00.0;0.03132697958917789
2018-01-25T12:00:00.0;0.030491583593205872
2018-01-25T13:00:00.0;0.030816491213236832
2018-01-25T14:00:00.0;0.03169494229449406
2018-01-25T15:00:00.0;0.03346271001838047
2018-01-25T16:00:00.0;0.036145103057781736
2018-01-25T17:00:00.0;0.03988478752289607
2018-01-25T18:00:00.0;0.04091088893405659
2018-01-25T19:00:00.0;0.04175321927679766
2018-01-25T20:00:00.0;0.041572682741274056
2018-01-25T21:00:00.0;0.043033918703675435
2018-01-25T22:00:00.0;0.04076559172800747
2018-01-25T23:00:00.0;0.03827796867845631
2018-01-26T00:00:00.0;0.03639618837698683
2018-01-26T01:00:00.0;0.034671272529275224
2018-01-26T02:00:00.0;0.033011716738392954
2018-01-26T03:00:00.0;0.03157466572468767
2018-01-26T04:00:00.0;0.030757830081038683
2018-01-26T05:00:00.0;0.03072381051111041
2018-01-26T06:00:00.0;0.03276922707332081
2018-01-26T07:00:00.0;0.035232401254464446
2018-01-26T08:00:00.0;0.034312391258559026
2018-01-26T09:00:00.0;0.03336149205087936
2018-01-26T10:00:00.0;0.03205397497690801
2018-01-26T11:00:00.0;0.031035925303951536
2018-01-26T12:00:00.0;0.030516682775769303
2018-01-26T13:00:00.0;0.030613125254494264
2018-01-26T14:00:00.0;0.031197712590502934
2018-01-26T15:00:00.0;0.03249408708754079
2018-01-26T16:00:00.0;0.03507306417704937
2018-01-26T17:00:00.0;0.03785880001478872
2018-01-26T18:00:00.0;0.03859080113509207
2018-01-26T19:00:00.0;0.039302027823983954
2018-01-26T20:00:00.0;0.03946490670716001
2018-01-26T21:00:00.0;0.038487942545420144
2018-01-26T22:00:00.0;0.038788708895819486
2018-01-26T23:00:00.0;0.03700834796346883
2018-01-27T00:00:00.0;0.0341870846302611
2018-01-27T01:00:00.0;0.03259711462141886
2018-01-27T02:00:00.0;0.03108544838854174
2018-01-27T03:00:00.0;0.029667924700165667
2018-01-27T04:00:00.0;0.028513873451312816
2018-01-27T05:00:00.0;0.02808114589965138
2018-01-27T06:00:00.0;0.02796856483712963
2018-01-27T07:00:00.0;0.028717060376483836
2018-01-27T08:00:00.0;0.02923545588919426
2018-01-27T09:00:00.0;0.028831153781345556
2018-01-27T10:00:00.0;0.028255466130504083
2018-01-27T11:00:00.0;0.027863485997773302
2018-01-27T12:00:00.0;0.027624365677489184
2018-01-27T13:00:00.0;0.028784465913972986
2018-01-27T14:00:00.0;0.029434875253419288
2018-01-27T15:00:00.0;0.03084645514541986
2018-01-27T16:00:00.0;0.033861004055101535
2018-01-27T17:00:00.0;0.037102594051769605
2018-01-27T18:00:00.0;0.03865463866860229
2018-01-27T19:00:00.0;0.0400064919441246
2018-01-27T20:00:00.0;0.03967810086128142
2018-01-27T21:00:00.0;0.04001007110474075
2018-01-27T22:00:00.0;0.038109299882942926
2018-01-27T23:00:00.0;0.03621557899171118
2018-01-28T00:00:00.0;0.03618533234888935
2018-01-28T01:00:00.0;0.034496689323447904
2018-01-28T02:00:00.0;0.03291822769053113
2018-01-28T03:00:00.0;0.031389909820250264
2018-01-28T04:00:00.0;0.0302416448860713
2018-01-28T05:00:00.0;0.03008396742488701
2018-01-28T06:00:00.0;0.031925303559472255
2018-01-28T07:00:00.0;0.032878440397008005
2018-01-28T08:00:00.0;0.03365360896101596
2018-01-28T09:00:00.0;0.032661578558602085
2018-01-28T10:00:00.0;0.031363998601214325
2018-01-28T11:00:00.0;0.03017946709418051
2018-01-28T12:00:00.0;0.029292879702093474
2018-01-28T13:00:00.0;0.029611097909016514
2018-01-28T14:00:00.0;0.03055119942665512
2018-01-28T15:00:00.0;0.03237257876270015
2018-01-28T16:00:00.0;0.0351369055233371
2018-01-28T17:00:00.0;0.03906245081288778
2018-01-28T18:00:00.0;0.040237017294775704
2018-01-28T19:00:00.0;0.041182179859297424
2018-01-28T20:00:00.0;0.04114606203065243
2018-01-28T21:00:00.0;0.04293194489731765
2018-01-28T22:00:00.0;0.0406906418314055
2018-01-28T23:00:00.0;0.038276151680581724
2018-01-29T00:00:00.0;0.037042601624441444
2018-01-29T01:00:00.0;0.03529425519227384
2018-01-29T02:00:00.0;0.0336746966727721
2018-01-29T03:00:00.0;0.03211594354674128
2018-01-29T04:00:00.0;0.031030272111868068
2018-01-29T05:00:00.0;0.031039014354227908
2018-01-29T06:00:00.0;0.03320538910968305
2018-01-29T07:00:00.0;0.03433424861570162
2018-01-29T08:00:00.0;0.03523660169418592
2018-01-29T09:00:00.0;0.034180309888232695
2018-01-29T10:00:00.0;0.0328050204651498
2018-01-29T11:00:00.0;0.03150610997843488
2018-01-29T12:00:00.0;0.030504973679580927
2018-01-29T13:00:00.0;0.03079252381759987
2018-01-29T14:00:00.0;0.031668026766785394
2018-01-29T15:00:00.0;0.03342825283127217
2018-01-29T16:00:00.0;0.03613934519267534
2018-01-29T17:00:00.0;0.04024380470668174
2018-01-29T18:00:00.0;0.041319077531560736
2018-01-29T19:00:00.0;0.04212099672110698
2018-01-29T20:00:00.0;0.041882788371950905
2018-01-29T21:00:00.0;0.043812722524161345
2018-01-29T22:00:00.0;0.0414903275568288
2018-01-29T23:00:00.0;0.03901050268450304
2018-01-30T00:00:00.0;0.03617155934019408
2018-01-30T01:00:00.0;0.034499601471991055
2018-01-30T02:00:00.0;0.032997848094246246
2018-01-30T03:00:00.0;0.03156341934093734
2018-01-30T04:00:00.0;0.03076169950514201
2018-01-30T05:00:00.0;0.030975519480509327
2018-01-30T06:00:00.0;0.03314035659116551
2018-01-30T07:00:00.0;0.03410176977715054
2018-01-30T08:00:00.0;0.03445406533909701
2018-01-30T09:00:00.0;0.03308337601690612
2018-01-30T10:00:00.0;0.031700101834917026
2018-01-30T11:00:00.0;0.030686428731266167
2018-01-30T12:00:00.0;0.029998274804524865
2018-01-30T13:00:00.0;0.030389210672249537
2018-01-30T14:00:00.0;0.031349861998916796
2018-01-30T15:00:00.0;0.03299501821271898
2018-01-30T16:00:00.0;0.0357450310551838
2018-01-30T17:00:00.0;0.03918540024015045
2018-01-30T18:00:00.0;0.0404541545789118
2018-01-30T19:00:00.0;0.0413290589824212
2018-01-30T20:00:00.0;0.04111852040121679
2018-01-30T21:00:00.0;0.04211180120511919
2018-01-30T22:00:00.0;0.03989636545994721
2018-01-30T23:00:00.0;0.03743822847326164
2018-01-31T00:00:00.0;0.03710946577914606
2018-01-31T01:00:00.0;0.03535034591044714
2018-01-31T02:00:00.0;0.03375225906762865
2018-01-31T03:00:00.0;0.032221211405649715
2018-01-31T04:00:00.0;0.0311829657545024
2018-01-31T05:00:00.0;0.031235107231135456
2018-01-31T06:00:00.0;0.0335238699684328
2018-01-31T07:00:00.0;0.03467146044447673
2018-01-31T08:00:00.0;0.03552158932776738
2018-01-31T09:00:00.0;0.034416407106699846
2018-01-31T10:00:00.0;0.03300760761117838
2018-01-31T11:00:00.0;0.0317063772721053
2018-01-31T12:00:00.0;0.030833047212315442
2018-01-31T13:00:00.0;0.03114876421364384
2018-01-31T14:00:00.0;0.03202986757309436
2018-01-31T15:00:00.0;0.03378337275232348
2018-01-31T16:00:00.0;0.03635760963752682
2018-01-31T17:00:00.0;0.040416269175080094
2018-01-31T18:00:00.0;0.0414552831669851
2018-01-31T19:00:00.0;0.04223623838030181
2018-01-31T20:00:00.0;0.04196262174735092
2018-01-31T21:00:00.0;0.0436828339150891
2018-01-31T22:00:00.0;0.04135730463663425
2018-01-31T23:00:00.0;0.03899502948197252
2018-02-01T00:00:00.0;0.03649249865221223
2018-02-01T01:00:00.0;0.0347739183030073
2018-02-01T02:00:00.0;0.03324087524635196
2018-02-01T03:00:00.0;0.031784944848601886
2018-02-01T04:00:00.0;0.03087037631271897
2018-02-01T05:00:00.0;0.030887162882488252
2018-02-01T06:00:00.0;0.033181525024086264
2018-02-01T07:00:00.0;0.03421907121733352
2018-02-01T08:00:00.0;0.03477091193024069
2018-02-01T09:00:00.0;0.033558668540560034
2018-02-01T10:00:00.0;0.03219852757087875
2018-02-01T11:00:00.0;0.03100231320357839
2018-02-01T12:00:00.0;0.030415191393244858
2018-02-01T13:00:00.0;0.030797619678587445
2018-02-01T14:00:00.0;0.03172196144787328
2018-02-01T15:00:00.0;0.03350954309371801
2018-02-01T16:00:00.0;0.03597892859709554
2018-02-01T17:00:00.0;0.03964726589474802
2018-02-01T18:00:00.0;0.040678065773373254
2018-02-01T19:00:00.0;0.041550076771540906
2018-02-01T20:00:00.0;0.041400466933787246
2018-02-01T21:00:00.0;0.042540645384297325
2018-02-01T22:00:00.0;0.040295450973785514
2018-02-01T23:00:00.0;0.03806368465000622
2018-02-02T00:00:00.0;0.03608985654053677
2018-02-02T01:00:00.0;0.03439108522849098
2018-02-02T02:00:00.0;0.032914736620234517
2018-02-02T03:00:00.0;0.03152030416485749
2018-02-02T04:00:00.0;0.03065831739440916
2018-02-02T05:00:00.0;0.030649658731622544
2018-02-02T06:00:00.0;0.03295468323548052
2018-02-02T07:00:00.0;0.033918808245823176
2018-02-02T08:00:00.0;0.034297627281132434
2018-02-02T09:00:00.0;0.033034385608445085
2018-02-02T10:00:00.0;0.031674390998275306
2018-02-02T11:00:00.0;0.030544051848258192
2018-02-02T12:00:00.0;0.03021910702166551
2018-02-02T13:00:00.0;0.03066236108020412
2018-02-02T14:00:00.0;0.03163014491883709
2018-02-02T15:00:00.0;0.0334423315510929
2018-02-02T16:00:00.0;0.03574338502490727
2018-02-02T17:00:00.0;0.039208542397093565
2018-02-02T18:00:00.0;0.04023647216441825
2018-02-02T19:00:00.0;0.041161256921093396
2018-02-02T20:00:00.0;0.04107790363817646
2018-02-02T21:00:00.0;0.04178976253824163
2018-02-02T22:00:00.0;0.03959032108298854
2018-02-02T23:00:00.0;0.03755997350505705
2018-02-03T00:00:00.0;0.03399788463680677
2018-02-03T01:00:00.0;0.03241597104569964
2018-02-03T02:00:00.0;0.030885693806920717
2018-02-03T03:00:00.0;0.029519821669722886
2018-02-03T04:00:00.0;0.028500109236614796
2018-02-03T05:00:00.0;0.02806411139450975
2018-02-03T06:00:00.0;0.028091310080774295
2018-02-03T07:00:00.0;0.02945856182858377
2018-02-03T08:00:00.0;0.02912519490477705
2018-02-03T09:00:00.0;0.02869729579072909
2018-02-03T10:00:00.0;0.028084850604646137
2018-02-03T11:00:00.0;0.027751839163961973
2018-02-03T12:00:00.0;0.02769032694255943
2018-02-03T13:00:00.0;0.02867472846860344
2018-02-03T14:00:00.0;0.029229672456623102
2018-02-03T15:00:00.0;0.03047920509984879
2018-02-03T16:00:00.0;0.033407594148930034
2018-02-03T17:00:00.0;0.03606378017658255
2018-02-03T18:00:00.0;0.03742063838830123
2018-02-03T19:00:00.0;0.0387035463612826
2018-02-03T20:00:00.0;0.03861923629477161
2018-02-03T21:00:00.0;0.03771081222748012
2018-02-03T22:00:00.0;0.03699916588327204
2018-02-03T23:00:00.0;0.03537708826208793
2018-02-04T00:00:00.0;0.03522598117079524
2018-02-04T01:00:00.0;0.03358225867776023
2018-02-04T02:00:00.0;0.03206163492153578
2018-02-04T03:00:00.0;0.030611664135466732
2018-02-04T04:00:00.0;0.029428851035563787
2018-02-04T05:00:00.0;0.02912208460847497
2018-02-04T06:00:00.0;0.030391347973537663
2018-02-04T07:00:00.0;0.03135455031770692
2018-02-04T08:00:00.0;0.031818634536492765
2018-02-04T09:00:00.0;0.031014575862675097
2018-02-04T10:00:00.0;0.029869097286634096
2018-02-04T11:00:00.0;0.02894426504932536
2018-02-04T12:00:00.0;0.028450126525830472
2018-02-04T13:00:00.0;0.028974608521574168
2018-02-04T14:00:00.0;0.029879180053102042
2018-02-04T15:00:00.0;0.031597068964437966
2018-02-04T16:00:00.0;0.03425598777297015
2018-02-04T17:00:00.0;0.0378507477210936
2018-02-04T18:00:00.0;0.03911757296836663
2018-02-04T19:00:00.0;0.04020461062474467
2018-02-04T20:00:00.0;0.04023434331467104
2018-02-04T21:00:00.0;0.0411850096948413
2018-02-04T22:00:00.0;0.03934469420223141
2018-02-04T23:00:00.0;0.03734795218328713
2018-02-05T00:00:00.0;0.035448754358864416
2018-02-05T01:00:00.0;0.033787450039275316
2018-02-05T02:00:00.0;0.032348994927438916
2018-02-05T03:00:00.0;0.03106198178675886
2018-02-05T04:00:00.0;0.030315793655858753
2018-02-05T05:00:00.0;0.030458089115965602
2018-02-05T06:00:00.0;0.032506234099835656
2018-02-05T07:00:00.0;0.034150278723199576
2018-02-05T08:00:00.0;0.03344801281950109
2018-02-05T09:00:00.0;0.03219810646156479
2018-02-05T10:00:00.0;0.03074892293230298
2018-02-05T11:00:00.0;0.029942778216653525
2018-02-05T12:00:00.0;0.02993519102798398
2018-02-05T13:00:00.0;0.030313333372345277
2018-02-05T14:00:00.0;0.031198958969834607
2018-02-05T15:00:00.0;0.03260600445822594
2018-02-05T16:00:00.0;0.034860753718426465
2018-02-05T17:00:00.0;0.03762334223319557
2018-02-05T18:00:00.0;0.038738107703933586
2018-02-05T19:00:00.0;0.03958778203807014
2018-02-05T20:00:00.0;0.039616342349311655
2018-02-05T21:00:00.0;0.03856937062219792
2018-02-05T22:00:00.0;0.03785631430629788
2018-02-05T23:00:00.0;0.03631977749497167
2018-02-06T00:00:00.0;0.03517896815301517
2018-02-06T01:00:00.0;0.03356903348690906
2018-02-06T02:00:00.0;0.032101023038234186
2018-02-06T03:00:00.0;0.03079727798176344
2018-02-06T04:00:00.0;0.030204692238966546
2018-02-06T05:00:00.0;0.030467429168758813
2018-02-06T06:00:00.0;0.03236141627364918
2018-02-06T07:00:00.0;0.03410153126491235
2018-02-06T08:00:00.0;0.03304943153609332
2018-02-06T09:00:00.0;0.03167868422073136
2018-02-06T10:00:00.0;0.030309101493572025
2018-02-06T11:00:00.0;0.029655752809788674
2018-02-06T12:00:00.0;0.029387937822308564
2018-02-06T13:00:00.0;0.029695478242667335
2018-02-06T14:00:00.0;0.030531612775049146
2018-02-06T15:00:00.0;0.031789150300324934
2018-02-06T16:00:00.0;0.03451568589688465
2018-02-06T17:00:00.0;0.0368905601358349
2018-02-06T18:00:00.0;0.038131459721658746
2018-02-06T19:00:00.0;0.03899186544758697
2018-02-06T20:00:00.0;0.03906438778367623
2018-02-06T21:00:00.0;0.03783027859681932
2018-02-06T22:00:00.0;0.03743055789230792
2018-02-06T23:00:00.0;0.035481944285175496
2018-02-07T00:00:00.0;0.035013597792387566
2018-02-07T01:00:00.0;0.03341322985028631
2018-02-07T02:00:00.0;0.03194483933999088
2018-02-07T03:00:00.0;0.030645465868424156
2018-02-07T04:00:00.0;0.030093041647243798
2018-02-07T05:00:00.0;0.030234254950763678
2018-02-07T06:00:00.0;0.032185030316623946
2018-02-07T07:00:00.0;0.03383025008749772
2018-02-07T08:00:00.0;0.032774317053870426
2018-02-07T09:00:00.0;0.031391970782329345
2018-02-07T10:00:00.0;0.030112437169019318
2018-02-07T11:00:00.0;0.029414551776151796
2018-02-07T12:00:00.0;0.029212309243161347
2018-02-07T13:00:00.0;0.029535086601623527
2018-02-07T14:00:00.0;0.030368475864875052
2018-02-07T15:00:00.0;0.03174225756044509
2018-02-07T16:00:00.0;0.03443672202373657
2018-02-07T17:00:00.0;0.03669363159700775
2018-02-07T18:00:00.0;0.037822146353532114
2018-02-07T19:00:00.0;0.038751662079026576
2018-02-07T20:00:00.0;0.038933815254335584
2018-02-07T21:00:00.0;0.03768649780697017
2018-02-07T22:00:00.0;0.037189370388724184
2018-02-07T23:00:00.0;0.03520476096215066
2018-02-08T00:00:00.0;0.03572493809329153
2018-02-08T01:00:00.0;0.03406217832491226
2018-02-08T02:00:00.0;0.03259560218929645
2018-02-08T03:00:00.0;0.031218336121750564
2018-02-08T04:00:00.0;0.030463205214386755
2018-02-08T05:00:00.0;0.030429725069583066
2018-02-08T06:00:00.0;0.03270257965643107
2018-02-08T07:00:00.0;0.033602885180604065
2018-02-08T08:00:00.0;0.03378674247360902
2018-02-08T09:00:00.0;0.03244142743916866
2018-02-08T10:00:00.0;0.031167019702583818
2018-02-08T11:00:00.0;0.030101332211550258
2018-02-08T12:00:00.0;0.02979224227522888
2018-02-08T13:00:00.0;0.030239971005408792
2018-02-08T14:00:00.0;0.031206618541072505
2018-02-08T15:00:00.0;0.0330357160746427
2018-02-08T16:00:00.0;0.03546586081717769
2018-02-08T17:00:00.0;0.038633810806520695
2018-02-08T18:00:00.0;0.03966012588893481
2018-02-08T19:00:00.0;0.040651730505094734
2018-02-08T20:00:00.0;0.04066982964394703
2018-02-08T21:00:00.0;0.04117280391308472
2018-02-08T22:00:00.0;0.0390306125097627
2018-02-08T23:00:00.0;0.03686308157366558
2018-02-09T00:00:00.0;0.03545506068966578
2018-02-09T01:00:00.0;0.03375839565224208
2018-02-09T02:00:00.0;0.03243458087846562
2018-02-09T03:00:00.0;0.03119294658461407
2018-02-09T04:00:00.0;0.03029497513278588
2018-02-09T05:00:00.0;0.030237887254766727
2018-02-09T06:00:00.0;0.03259620317577744
2018-02-09T07:00:00.0;0.03343795883300291
2018-02-09T08:00:00.0;0.03363359407983218
2018-02-09T09:00:00.0;0.03236872137560465
2018-02-09T10:00:00.0;0.030870579582939588
2018-02-09T11:00:00.0;0.029833022002655356
2018-02-09T12:00:00.0;0.03025602189592539
2018-02-09T13:00:00.0;0.030871851819728596
2018-02-09T14:00:00.0;0.03197460862343134
2018-02-09T15:00:00.0;0.03383569000137212
2018-02-09T16:00:00.0;0.03543106185918275
2018-02-09T17:00:00.0;0.03879490127405447
2018-02-09T18:00:00.0;0.03982725249831511
2018-02-09T19:00:00.0;0.040805867730298526
2018-02-09T20:00:00.0;0.04076230057268593
2018-02-09T21:00:00.0;0.04056961418157363
2018-02-09T22:00:00.0;0.03841365795495525
2018-02-09T23:00:00.0;0.03721115237116665
2018-02-10T00:00:00.0;0.03373262016246247
2018-02-10T01:00:00.0;0.03210059185130838
2018-02-10T02:00:00.0;0.030589545306291283
2018-02-10T03:00:00.0;0.029210800899241416
2018-02-10T04:00:00.0;0.02804934517580119
2018-02-10T05:00:00.0;0.02754174341980172
2018-02-10T06:00:00.0;0.02702696284440103
2018-02-10T07:00:00.0;0.028008991575950555
2018-02-10T08:00:00.0;0.028147282683522384
2018-02-10T09:00:00.0;0.027904178973174227
2018-02-10T10:00:00.0;0.0274410262450806
2018-02-10T11:00:00.0;0.027267646165539196
2018-02-10T12:00:00.0;0.0271884125003786
2018-02-10T13:00:00.0;0.028394854200650122
2018-02-10T14:00:00.0;0.028959314030987282
2018-02-10T15:00:00.0;0.030228528989122743
2018-02-10T16:00:00.0;0.03326213025477936
2018-02-10T17:00:00.0;0.036118541474407836
2018-02-10T18:00:00.0;0.03769972845275836
2018-02-10T19:00:00.0;0.0391036098830693
2018-02-10T20:00:00.0;0.038856358264364795
2018-02-10T21:00:00.0;0.038505915376193404
2018-02-10T22:00:00.0;0.03723233883216497
2018-02-10T23:00:00.0;0.03557008447201779
2018-02-11T00:00:00.0;0.03483458023159331
2018-02-11T01:00:00.0;0.03323806018495129
2018-02-11T02:00:00.0;0.031716935848926736
2018-02-11T03:00:00.0;0.03023839624489551
2018-02-11T04:00:00.0;0.0289896690481158
2018-02-11T05:00:00.0;0.0285650710677592
2018-02-11T06:00:00.0;0.029874974151338503
2018-02-11T07:00:00.0;0.030648986258660325
2018-02-11T08:00:00.0;0.0311333240812617
2018-02-11T09:00:00.0;0.030266877544537923
2018-02-11T10:00:00.0;0.029089581342506384
2018-02-11T11:00:00.0;0.028095511604425236
2018-02-11T12:00:00.0;0.02740076625541194
2018-02-11T13:00:00.0;0.027749392139232762
2018-02-11T14:00:00.0;0.028770294274017782
2018-02-11T15:00:00.0;0.030654756888367062
2018-02-11T16:00:00.0;0.033496759087606916
2018-02-11T17:00:00.0;0.037096907508708775
2018-02-11T18:00:00.0;0.03840923332446702
2018-02-11T19:00:00.0;0.039567230852046574
2018-02-11T20:00:00.0;0.0398673341460569
2018-02-11T21:00:00.0;0.041286704473150186
2018-02-11T22:00:00.0;0.039344264216519965
2018-02-11T23:00:00.0;0.0370804710365109
2018-02-12T00:00:00.0;0.03532170573369586
2018-02-12T01:00:00.0;0.03369281230945694
2018-02-12T02:00:00.0;0.03222086968394877
2018-02-12T03:00:00.0;0.03082728536878486
2018-02-12T04:00:00.0;0.029994419571713987
2018-02-12T05:00:00.0;0.02985005530826938
2018-02-12T06:00:00.0;0.03186759176671251
2018-02-12T07:00:00.0;0.03267972498510288
2018-02-12T08:00:00.0;0.03287219172677757
2018-02-12T09:00:00.0;0.0316058109814319
2018-02-12T10:00:00.0;0.03039371710891151
2018-02-12T11:00:00.0;0.029374521411639497
2018-02-12T12:00:00.0;0.028982075193461666
2018-02-12T13:00:00.0;0.029413607271053504
2018-02-12T14:00:00.0;0.030400977394510115
2018-02-12T15:00:00.0;0.03226117098930264
2018-02-12T16:00:00.0;0.03484664029828839
2018-02-12T17:00:00.0;0.037999569934831494
2018-02-12T18:00:00.0;0.03910318241464613
2018-02-12T19:00:00.0;0.040171855370652584
2018-02-12T20:00:00.0;0.04030431214269636
2018-02-12T21:00:00.0;0.04096910149349829
2018-02-12T22:00:00.0;0.038860936313665544
2018-02-12T23:00:00.0;0.03660631998898671
2018-02-13T00:00:00.0;0.03498866973239047
2018-02-13T01:00:00.0;0.0333448813187111
2018-02-13T02:00:00.0;0.03196773117030876
2018-02-13T03:00:00.0;0.030665708201572172
2018-02-13T04:00:00.0;0.029719984055305567
2018-02-13T05:00:00.0;0.029530767207789896
2018-02-13T06:00:00.0;0.03139900515356146
2018-02-13T07:00:00.0;0.032146948727670654
2018-02-13T08:00:00.0;0.032365550298999055
2018-02-13T09:00:00.0;0.031223647493037895
2018-02-13T10:00:00.0;0.029933164941548778
2018-02-13T11:00:00.0;0.02900097420769941
2018-02-13T12:00:00.0;0.02912056152693795
2018-02-13T13:00:00.0;0.029740653978735723
2018-02-13T14:00:00.0;0.030788742056511758
2018-02-13T15:00:00.0;0.032631877994291826
2018-02-13T16:00:00.0;0.03470987380441593
2018-02-13T17:00:00.0;0.037971614524670565
2018-02-13T18:00:00.0;0.03912414078513287
2018-02-13T19:00:00.0;0.04022058061185942
2018-02-13T20:00:00.0;0.04027443010776512
2018-02-13T21:00:00.0;0.04042358649782417
2018-02-13T22:00:00.0;0.03831236199023253
2018-02-13T23:00:00.0;0.03672377449657259
2018-02-14T00:00:00.0;0.03499676644494385
2018-02-14T01:00:00.0;0.033326753965593266
2018-02-14T02:00:00.0;0.03203727210568131
2018-02-14T03:00:00.0;0.030823525364802696
2018-02-14T04:00:00.0;0.02987620191487366
2018-02-14T05:00:00.0;0.029731312156182615
2018-02-14T06:00:00.0;0.031929872415260734
2018-02-14T07:00:00.0;0.03267702344341265
2018-02-14T08:00:00.0;0.03281414601393152
2018-02-14T09:00:00.0;0.031592854112378665
2018-02-14T10:00:00.0;0.030111375048481836
2018-02-14T11:00:00.0;0.029133702702503293
2018-02-14T12:00:00.0;0.029683940111842444
2018-02-14T13:00:00.0;0.030331225530955543
2018-02-14T14:00:00.0;0.03148025892298584
2018-02-14T15:00:00.0;0.03337552113270977
2018-02-14T16:00:00.0;0.03491642293201894
2018-02-14T17:00:00.0;0.03821543225676122
2018-02-14T18:00:00.0;0.039299961434291916
2018-02-14T19:00:00.0;0.040349544272469895
2018-02-14T20:00:00.0;0.04040182048899777
2018-02-14T21:00:00.0;0.04007634408167943
2018-02-14T22:00:00.0;0.037959324618621795
2018-02-14T23:00:00.0;0.036885275106361304
2018-02-15T00:00:00.0;0.03668268625529673
2018-02-15T01:00:00.0;0.03495752308361502
2018-02-15T02:00:00.0;0.03337688282174754
2018-02-15T03:00:00.0;0.03188737014362076
2018-02-15T04:00:00.0;0.030981417935430685
2018-02-15T05:00:00.0;0.031011230197625222
2018-02-15T06:00:00.0;0.033282744267385124
2018-02-15T07:00:00.0;0.03450051028405844
2018-02-15T08:00:00.0;0.03496866397869495
2018-02-15T09:00:00.0;0.0337890948518065
2018-02-15T10:00:00.0;0.03245276498915277
2018-02-15T11:00:00.0;0.031244299170192304
2018-02-15T12:00:00.0;0.030498308263784805
2018-02-15T13:00:00.0;0.030813811250908728
2018-02-15T14:00:00.0;0.031673445980223223
2018-02-15T15:00:00.0;0.03339798184523064
2018-02-15T16:00:00.0;0.03601497744299029
2018-02-15T17:00:00.0;0.039652715147534726
2018-02-15T18:00:00.0;0.04064986207693365
2018-02-15T19:00:00.0;0.04148308784251804
2018-02-15T20:00:00.0;0.041339525849432686
2018-02-15T21:00:00.0;0.04248841177330248
2018-02-15T22:00:00.0;0.04047923928594562
2018-02-15T23:00:00.0;0.03812666872747331
2018-02-16T00:00:00.0;0.03489739900817982
2018-02-16T01:00:00.0;0.03331718669041309
2018-02-16T02:00:00.0;0.03190169892678464
2018-02-16T03:00:00.0;0.030603704252916124
2018-02-16T04:00:00.0;0.030058134083909845
2018-02-16T05:00:00.0;0.030258278282337316
2018-02-16T06:00:00.0;0.032248059277538356
2018-02-16T07:00:00.0;0.03337404994993546
2018-02-16T08:00:00.0;0.03274354667858063
2018-02-16T09:00:00.0;0.031223529300051105
2018-02-16T10:00:00.0;0.029933961068576417
2018-02-16T11:00:00.0;0.02923204451390156
2018-02-16T12:00:00.0;0.028983582774369795
2018-02-16T13:00:00.0;0.029407026154921186
2018-02-16T14:00:00.0;0.030366837253668538
2018-02-16T15:00:00.0;0.03187663869913414
2018-02-16T16:00:00.0;0.03462480764675503
2018-02-16T17:00:00.0;0.03708365298405101
2018-02-16T18:00:00.0;0.03837653611150198
2018-02-16T19:00:00.0;0.03937420403813205
2018-02-16T20:00:00.0;0.03945289427100531
2018-02-16T21:00:00.0;0.03886548877112425
2018-02-16T22:00:00.0;0.037514790805959757
2018-02-16T23:00:00.0;0.03530012609440518
2018-02-17T00:00:00.0;0.032908595701286535
2018-02-17T01:00:00.0;0.031478826867069515
2018-02-17T02:00:00.0;0.030218516629205907
2018-02-17T03:00:00.0;0.02908558359609955
2018-02-17T04:00:00.0;0.02896619348300231
2018-02-17T05:00:00.0;0.028865628848245537
2018-02-17T06:00:00.0;0.030915414025373903
2018-02-17T07:00:00.0;0.03132578573811976
2018-02-17T08:00:00.0;0.03010725577235909
2018-02-17T09:00:00.0;0.028210824103046685
2018-02-17T10:00:00.0;0.027283364819333134
2018-02-17T11:00:00.0;0.026777278173422115
2018-02-17T12:00:00.0;0.027156385078876015
2018-02-17T13:00:00.0;0.02778151625161026
2018-02-17T14:00:00.0;0.028877689102183704
2018-02-17T15:00:00.0;0.030751191934507573
2018-02-17T16:00:00.0;0.03345770915706524
2018-02-17T17:00:00.0;0.03471419089040527
2018-02-17T18:00:00.0;0.03587597797394549
2018-02-17T19:00:00.0;0.037291324106978836
2018-02-17T20:00:00.0;0.037885903924324914
2018-02-17T21:00:00.0;0.03629524802809565
2018-02-17T22:00:00.0;0.03457628620562864
2018-02-17T23:00:00.0;0.032239424788756244
2018-02-18T00:00:00.0;0.0329425796838794
2018-02-18T01:00:00.0;0.0315066606961699
2018-02-18T02:00:00.0;0.030260730248600883
2018-02-18T03:00:00.0;0.029116875426204714
2018-02-18T04:00:00.0;0.028777894321433527
2018-02-18T05:00:00.0;0.028939588270290858
2018-02-18T06:00:00.0;0.030250499151021997
2018-02-18T07:00:00.0;0.030761843917777146
2018-02-18T08:00:00.0;0.029736508366814678
2018-02-18T09:00:00.0;0.02807640893588743
2018-02-18T10:00:00.0;0.02704681848116469
2018-02-18T11:00:00.0;0.026839084702827636
2018-02-18T12:00:00.0;0.02709447190047723
2018-02-18T13:00:00.0;0.027891337266005473
2018-02-18T14:00:00.0;0.028958132715399335
2018-02-18T15:00:00.0;0.03043039392471965
2018-02-18T16:00:00.0;0.03332534133640878
2018-02-18T17:00:00.0;0.03499373682164536
2018-02-18T18:00:00.0;0.0366488928893318
2018-02-18T19:00:00.0;0.03797281733240753
2018-02-18T20:00:00.0;0.03813860760460384
2018-02-18T21:00:00.0;0.036642808138291946
2018-02-18T22:00:00.0;0.035053971403459366
2018-02-18T23:00:00.0;0.03290337827706279
2018-02-19T00:00:00.0;0.03494712216528371
2018-02-19T01:00:00.0;0.03334282817335528
2018-02-19T02:00:00.0;0.03184039318995502
2018-02-19T03:00:00.0;0.030525141061740677
2018-02-19T04:00:00.0;0.03000130586106532
2018-02-19T05:00:00.0;0.029885927213971958
2018-02-19T06:00:00.0;0.03195883284048534
2018-02-19T07:00:00.0;0.033570192480367
2018-02-19T08:00:00.0;0.03253083332926186
2018-02-19T09:00:00.0;0.031202153717119967
2018-02-19T10:00:00.0;0.03008523058102174
2018-02-19T11:00:00.0;0.029248673440982767
2018-02-19T12:00:00.0;0.029113113047612778
2018-02-19T13:00:00.0;0.029424760141158048
2018-02-19T14:00:00.0;0.030209654336651286
2018-02-19T15:00:00.0;0.03178615001107011
2018-02-19T16:00:00.0;0.034400822458981004
2018-02-19T17:00:00.0;0.036530541505264094
2018-02-19T18:00:00.0;0.037380872952127726
2018-02-19T19:00:00.0;0.03840086495199547
2018-02-19T20:00:00.0;0.03878356924243233
2018-02-19T21:00:00.0;0.03755883180927769
2018-02-19T22:00:00.0;0.03701967450341792
2018-02-19T23:00:00.0;0.03500373233396989
2018-02-20T00:00:00.0;0.03480781722628182
2018-02-20T01:00:00.0;0.03321821570002847
2018-02-20T02:00:00.0;0.0317443893084027
2018-02-20T03:00:00.0;0.03044787314159501
2018-02-20T04:00:00.0;0.029947246757448115
2018-02-20T05:00:00.0;0.029906819918300513
2018-02-20T06:00:00.0;0.03194280183925528
2018-02-20T07:00:00.0;0.033470565223822864
2018-02-20T08:00:00.0;0.03241251482097149
2018-02-20T09:00:00.0;0.031024276717739305
2018-02-20T10:00:00.0;0.02987530806308749
2018-02-20T11:00:00.0;0.029104318040454675
2018-02-20T12:00:00.0;0.02898957613050332
2018-02-20T13:00:00.0;0.029328786977556538
2018-02-20T14:00:00.0;0.030151820331580148
2018-02-20T15:00:00.0;0.03169309373982433
2018-02-20T16:00:00.0;0.03433785356675982
2018-02-20T17:00:00.0;0.03643629109794332
2018-02-20T18:00:00.0;0.03739083799290718
2018-02-20T19:00:00.0;0.03841553239866792
2018-02-20T20:00:00.0;0.03875702047814887
2018-02-20T21:00:00.0;0.037497351184397974
2018-02-20T22:00:00.0;0.03687859366804067
2018-02-20T23:00:00.0;0.03484672305626428
2018-02-21T00:00:00.0;0.034209806728620874
2018-02-21T01:00:00.0;0.032673526749384695
2018-02-21T02:00:00.0;0.031279153036926986
2018-02-21T03:00:00.0;0.030036006545470437
2018-02-21T04:00:00.0;0.02965191383050731
2018-02-21T05:00:00.0;0.029638207730098943
2018-02-21T06:00:00.0;0.03166929075814389
2018-02-21T07:00:00.0;0.03277266655729843
2018-02-21T08:00:00.0;0.03172904789201114
2018-02-21T09:00:00.0;0.030152853277971868
2018-02-21T10:00:00.0;0.0290486408313509
2018-02-21T11:00:00.0;0.028378409056531904
2018-02-21T12:00:00.0;0.028400969886707005
2018-02-21T13:00:00.0;0.028846571881089654
2018-02-21T14:00:00.0;0.029781014799170388
2018-02-21T15:00:00.0;0.031418908126516806
2018-02-21T16:00:00.0;0.03410210098481407
2018-02-21T17:00:00.0;0.03598741079944434
2018-02-21T18:00:00.0;0.03707029776104345
2018-02-21T19:00:00.0;0.03821442281693441
2018-02-21T20:00:00.0;0.038590120442534855
2018-02-21T21:00:00.0;0.03732736814487624
2018-02-21T22:00:00.0;0.036237395018909636
2018-02-21T23:00:00.0;0.03407842992432371
2018-02-22T00:00:00.0;0.03444551994172588
2018-02-22T01:00:00.0;0.03290322723594607
2018-02-22T02:00:00.0;0.03154002298251186
2018-02-22T03:00:00.0;0.03029252776217634
2018-02-22T04:00:00.0;0.029843010211359655
2018-02-22T05:00:00.0;0.03009881866024372
2018-02-22T06:00:00.0;0.032042231156370816
2018-02-22T07:00:00.0;0.033055120196687875
2018-02-22T08:00:00.0;0.032223993095639565
2018-02-22T09:00:00.0;0.030590042677163195
2018-02-22T10:00:00.0;0.029307601244399916
2018-02-22T11:00:00.0;0.02872810433724086
2018-02-22T12:00:00.0;0.02860934268483402
2018-02-22T13:00:00.0;0.029080504564502594
2018-02-22T14:00:00.0;0.030087668541145474
2018-02-22T15:00:00.0;0.03156971819107953
2018-02-22T16:00:00.0;0.03434302321427079
2018-02-22T17:00:00.0;0.036541093485116985
2018-02-22T18:00:00.0;0.037929292283567013
2018-02-22T19:00:00.0;0.03897773335527401
2018-02-22T20:00:00.0;0.03908997379928201
2018-02-22T21:00:00.0;0.03816828588993442
2018-02-22T22:00:00.0;0.03682657585941935
2018-02-22T23:00:00.0;0.03461809746986729
2018-02-23T00:00:00.0;0.03426490157720326
2018-02-23T01:00:00.0;0.03252399468159142
2018-02-23T02:00:00.0;0.031196390767182728
2018-02-23T03:00:00.0;0.029970352266187876
2018-02-23T04:00:00.0;0.029097321027745822
2018-02-23T05:00:00.0;0.028857211834719194
2018-02-23T06:00:00.0;0.030142463316372572
2018-02-23T07:00:00.0;0.030758286326250522
2018-02-23T08:00:00.0;0.03077453299898723
2018-02-23T09:00:00.0;0.02974619663198047
2018-02-23T10:00:00.0;0.028702547115782566
2018-02-23T11:00:00.0;0.028151953663086753
2018-02-23T12:00:00.0;0.028554140457238857
2018-02-23T13:00:00.0;0.02941408137419152
2018-02-23T14:00:00.0;0.030396673658504552
2018-02-23T15:00:00.0;0.03213970170194501
2018-02-23T16:00:00.0;0.03426423311207438
2018-02-23T17:00:00.0;0.036964737032441616
2018-02-23T18:00:00.0;0.03826268734063633
2018-02-23T19:00:00.0;0.039519158706052326
2018-02-23T20:00:00.0;0.03954588454708047
2018-02-23T21:00:00.0;0.03911160359349249
2018-02-23T22:00:00.0;0.037120949233535365
2018-02-23T23:00:00.0;0.0356817908171191
2018-02-24T00:00:00.0;0.03379973903012539
2018-02-24T01:00:00.0;0.032277237557000356
2018-02-24T02:00:00.0;0.030813139591200824
2018-02-24T03:00:00.0;0.029369516396026814
2018-02-24T04:00:00.0;0.028047067412564526
2018-02-24T05:00:00.0;0.027426280232873333
2018-02-24T06:00:00.0;0.028363104816186535
2018-02-24T07:00:00.0;0.028827243813903503
2018-02-24T08:00:00.0;0.029248485628595028
2018-02-24T09:00:00.0;0.028435280688973046
2018-02-24T10:00:00.0;0.027353949216692423
2018-02-24T11:00:00.0;0.02648770945009051
2018-02-24T12:00:00.0;0.02591988666843337
2018-02-24T13:00:00.0;0.02632344741866625
2018-02-24T14:00:00.0;0.0274433126554748
2018-02-24T15:00:00.0;0.02943486820127145
2018-02-24T16:00:00.0;0.032347334678053806
2018-02-24T17:00:00.0;0.035775000723981175
2018-02-24T18:00:00.0;0.037225879785255045
2018-02-24T19:00:00.0;0.03856965740346411
2018-02-24T20:00:00.0;0.039095913392784634
2018-02-24T21:00:00.0;0.04048093296695086
2018-02-24T22:00:00.0;0.03846529096664705
2018-02-24T23:00:00.0;0.03623261308828343
2018-02-25T00:00:00.0;0.03361478984809992
2018-02-25T01:00:00.0;0.03210968101216978
2018-02-25T02:00:00.0;0.030682460319474407
2018-02-25T03:00:00.0;0.02927380690916929
2018-02-25T04:00:00.0;0.028017474966918844
2018-02-25T05:00:00.0;0.02752069566477549
2018-02-25T06:00:00.0;0.028373581274035532
2018-02-25T07:00:00.0;0.0287988756127779
2018-02-25T08:00:00.0;0.02910535365102974
2018-02-25T09:00:00.0;0.028219066954796233
2018-02-25T10:00:00.0;0.027117125833160807
2018-02-25T11:00:00.0;0.02637745323774045
2018-02-25T12:00:00.0;0.02588043599302363
2018-02-25T13:00:00.0;0.026350143677874836
2018-02-25T14:00:00.0;0.027486641848747974
2018-02-25T15:00:00.0;0.02937710235499864
2018-02-25T16:00:00.0;0.032327096769346156
2018-02-25T17:00:00.0;0.0356290655850699
2018-02-25T18:00:00.0;0.03721052368846511
2018-02-25T19:00:00.0;0.03855249787426183
2018-02-25T20:00:00.0;0.03899212567359063
2018-02-25T21:00:00.0;0.04012568992511922
2018-02-25T22:00:00.0;0.03812104922003713
2018-02-25T23:00:00.0;0.03590972558282372
2018-02-26T00:00:00.0;0.0349016019746781
2018-02-26T01:00:00.0;0.033238416384338214
2018-02-26T02:00:00.0;0.03197674757004219
2018-02-26T03:00:00.0;0.03080407455146907
2018-02-26T04:00:00.0;0.029990698524992726
2018-02-26T05:00:00.0;0.029894131349970782
2018-02-26T06:00:00.0;0.03224180407528794
2018-02-26T07:00:00.0;0.032982803294815816
2018-02-26T08:00:00.0;0.032937204611915454
2018-02-26T09:00:00.0;0.03159713604886737
2018-02-26T10:00:00.0;0.03012857849962598
2018-02-26T11:00:00.0;0.029182202862644634
2018-02-26T12:00:00.0;0.029880778713430298
2018-02-26T13:00:00.0;0.03056093556810635
2018-02-26T14:00:00.0;0.0317097876499902
2018-02-26T15:00:00.0;0.033603318067959374
2018-02-26T16:00:00.0;0.035069665288069325
2018-02-26T17:00:00.0;0.038127887567147196
2018-02-26T18:00:00.0;0.03916031445562049
2018-02-26T19:00:00.0;0.040218482553320736
2018-02-26T20:00:00.0;0.04028105454071088
2018-02-26T21:00:00.0;0.03958259701737381
2018-02-26T22:00:00.0;0.037493879927847466
2018-02-26T23:00:00.0;0.03645569584593646
2018-02-27T00:00:00.0;0.03418915920959621
2018-02-27T01:00:00.0;0.032580533695760076
2018-02-27T02:00:00.0;0.03140925128816581
2018-02-27T03:00:00.0;0.03032485336877697
2018-02-27T04:00:00.0;0.029633717280761036
2018-02-27T05:00:00.0;0.029627881774910853
2018-02-27T06:00:00.0;0.031885672069568646
2018-02-27T07:00:00.0;0.03248365251056092
2018-02-27T08:00:00.0;0.03211092126352332
2018-02-27T09:00:00.0;0.030618080159150636
2018-02-27T10:00:00.0;0.029130589082023307
2018-02-27T11:00:00.0;0.02838404004309453
2018-02-27T12:00:00.0;0.02933731393364821
2018-02-27T13:00:00.0;0.030097735663224837
2018-02-27T14:00:00.0;0.03132698291717663
2018-02-27T15:00:00.0;0.03315869653133238
2018-02-27T16:00:00.0;0.034596956874388234
2018-02-27T17:00:00.0;0.03728041060380987
2018-02-27T18:00:00.0;0.03847231810088764
2018-02-27T19:00:00.0;0.03959813601836205
2018-02-27T20:00:00.0;0.03970282053738946
2018-02-27T21:00:00.0;0.03840510501510822
2018-02-27T22:00:00.0;0.03639023878140561
2018-02-27T23:00:00.0;0.035464076573771416
2018-02-28T00:00:00.0;0.03581972245695873
2018-02-28T01:00:00.0;0.034047618563672236
2018-02-28T02:00:00.0;0.03270996858739948
2018-02-28T03:00:00.0;0.03143917278105626
2018-02-28T04:00:00.0;0.03035438231221143
2018-02-28T05:00:00.0;0.03032442982684559
2018-02-28T06:00:00.0;0.03257714203899492
2018-02-28T07:00:00.0;0.03346696070926241
2018-02-28T08:00:00.0;0.033938115487772015
2018-02-28T09:00:00.0;0.03281850899408529
2018-02-28T10:00:00.0;0.031215648008272156
2018-02-28T11:00:00.0;0.030159142127563533
2018-02-28T12:00:00.0;0.030488822463772
2018-02-28T13:00:00.0;0.031077523592514582
2018-02-28T14:00:00.0;0.032196467963678754
2018-02-28T15:00:00.0;0.034021820615356566
2018-02-28T16:00:00.0;0.03554084827671595
2018-02-28T17:00:00.0;0.03927486897577636
2018-02-28T18:00:00.0;0.040396709958363156
2018-02-28T19:00:00.0;0.04130735619908781
2018-02-28T20:00:00.0;0.0411540040669673
2018-02-28T21:00:00.0;0.04136930579005294
2018-02-28T22:00:00.0;0.03915811255455483
2018-02-28T23:00:00.0;0.038080522075849055
2018-03-01T00:00:00.0;0.03705278753493507
2018-03-01T01:00:00.0;0.035306037622173506
2018-03-01T02:00:00.0;0.03370264145320838
2018-03-01T03:00:00.0;0.032171887845753526
2018-03-01T04:00:00.0;0.031150674607951557
2018-03-01T05:00:00.0;0.03129499672968791
2018-03-01T06:00:00.0;0.033476896821687266
2018-03-01T07:00:00.0;0.03474773087675266
2018-03-01T08:00:00.0;0.035431690443775296
2018-03-01T09:00:00.0;0.03431414231239859
2018-03-01T10:00:00.0;0.032876115358059656
2018-03-01T11:00:00.0;0.031661762608337606
2018-03-01T12:00:00.0;0.030710300813738076
2018-03-01T13:00:00.0;0.030993649346015964
2018-03-01T14:00:00.0;0.031858120010705
2018-03-01T15:00:00.0;0.03348661625346428
2018-03-01T16:00:00.0;0.036197154273098914
2018-03-01T17:00:00.0;0.04016969736470708
2018-03-01T18:00:00.0;0.04130688385981898
2018-03-01T19:00:00.0;0.042054274478436716
2018-03-01T20:00:00.0;0.04175365475794787
2018-03-01T21:00:00.0;0.043309919952694266
2018-03-01T22:00:00.0;0.041235280857250305
2018-03-01T23:00:00.0;0.038827777582756004
2018-03-02T00:00:00.0;0.03702533488653323
2018-03-02T01:00:00.0;0.03526838976764546
2018-03-02T02:00:00.0;0.03366401246918949
2018-03-02T03:00:00.0;0.032132679369722944
2018-03-02T04:00:00.0;0.03105017766255691
2018-03-02T05:00:00.0;0.031065915462810265
2018-03-02T06:00:00.0;0.03326293949031582
2018-03-02T07:00:00.0;0.034501238907269784
2018-03-02T08:00:00.0;0.035276595762375206
2018-03-02T09:00:00.0;0.034236230907903516
2018-03-02T10:00:00.0;0.032824905040732655
2018-03-02T11:00:00.0;0.03154201405580256
2018-03-02T12:00:00.0;0.03068015117524277
2018-03-02T13:00:00.0;0.030975949081955844
2018-03-02T14:00:00.0;0.03184436634720661
2018-03-02T15:00:00.0;0.033568364341270786
2018-03-02T16:00:00.0;0.03613645597142119
2018-03-02T17:00:00.0;0.04018619205397339
2018-03-02T18:00:00.0;0.04122766737858629
2018-03-02T19:00:00.0;0.0420081819540241
2018-03-02T20:00:00.0;0.04177406843252532
2018-03-02T21:00:00.0;0.04338678602040143
2018-03-02T22:00:00.0;0.04125819951116347
2018-03-02T23:00:00.0;0.038975489246427505
2018-03-03T00:00:00.0;0.03366095705183881
2018-03-03T01:00:00.0;0.03210993545513906
2018-03-03T02:00:00.0;0.03075794057722204
2018-03-03T03:00:00.0;0.029445278037326644
2018-03-03T04:00:00.0;0.028163971181667163
2018-03-03T05:00:00.0;0.027597145155547315
2018-03-03T06:00:00.0;0.0287743017435655
2018-03-03T07:00:00.0;0.029316259497460563
2018-03-03T08:00:00.0;0.029499028421114033
2018-03-03T09:00:00.0;0.028638056161950975
2018-03-03T10:00:00.0;0.02739961019685068
2018-03-03T11:00:00.0;0.026574685367878503
2018-03-03T12:00:00.0;0.026651408752487577
2018-03-03T13:00:00.0;0.027181054748701194
2018-03-03T14:00:00.0;0.02836382200660743
2018-03-03T15:00:00.0;0.030333257526594895
2018-03-03T16:00:00.0;0.0325798695670901
2018-03-03T17:00:00.0;0.03589385239046605
2018-03-03T18:00:00.0;0.0372631423272665
2018-03-03T19:00:00.0;0.03857016661962063
2018-03-03T20:00:00.0;0.039047868626157604
2018-03-03T21:00:00.0;0.03947282489761341
2018-03-03T22:00:00.0;0.037629019434802416
2018-03-03T23:00:00.0;0.036135364457451004
2018-03-04T00:00:00.0;0.03241143599466089
2018-03-04T01:00:00.0;0.030963367848518282
2018-03-04T02:00:00.0;0.029583303740199643
2018-03-04T03:00:00.0;0.02827016143498096
2018-03-04T04:00:00.0;0.027079473318682483
2018-03-04T05:00:00.0;0.026544258986104123
2018-03-04T06:00:00.0;0.02610367955150299
2018-03-04T07:00:00.0;0.02660269938079556
2018-03-04T08:00:00.0;0.02651404941704086
2018-03-04T09:00:00.0;0.025982714258423457
2018-03-04T10:00:00.0;0.025312251159006052
2018-03-04T11:00:00.0;0.02518224023019467
2018-03-04T12:00:00.0;0.02515601195543883
2018-03-04T13:00:00.0;0.0261912843049537
2018-03-04T14:00:00.0;0.0270902393585556
2018-03-04T15:00:00.0;0.028546158601713847
2018-03-04T16:00:00.0;0.03166342140478414
2018-03-04T17:00:00.0;0.03438480516823758
2018-03-04T18:00:00.0;0.03625494063997378
2018-03-04T19:00:00.0;0.037795035722771084
2018-03-04T20:00:00.0;0.03794294725320736
2018-03-04T21:00:00.0;0.03769249172280342
2018-03-04T22:00:00.0;0.03622177505520832
2018-03-04T23:00:00.0;0.03444199479847052
2018-03-05T00:00:00.0;0.0339620196151383
2018-03-05T01:00:00.0;0.03243785897766206
2018-03-05T02:00:00.0;0.031087277716744202
2018-03-05T03:00:00.0;0.02987298988952997
2018-03-05T04:00:00.0;0.029423043343545164
2018-03-05T05:00:00.0;0.02943258898476523
2018-03-05T06:00:00.0;0.031338342054982
2018-03-05T07:00:00.0;0.03235674305990696
2018-03-05T08:00:00.0;0.031334112516761395
2018-03-05T09:00:00.0;0.029778582438000037
2018-03-05T10:00:00.0;0.028609901466524538
2018-03-05T11:00:00.0;0.028009662885577644
2018-03-05T12:00:00.0;0.028137227838002488
2018-03-05T13:00:00.0;0.028624287250278078
2018-03-05T14:00:00.0;0.02962130070093874
2018-03-05T15:00:00.0;0.0312330875897155
2018-03-05T16:00:00.0;0.03383343556096874
2018-03-05T17:00:00.0;0.03578786800746554
2018-03-05T18:00:00.0;0.036997499038546586
2018-03-05T19:00:00.0;0.038155664901555794
2018-03-05T20:00:00.0;0.038508416182653
2018-03-05T21:00:00.0;0.03719085404434426
2018-03-05T22:00:00.0;0.03606353303523952
2018-03-05T23:00:00.0;0.03406367958984021
2018-03-06T00:00:00.0;0.03419274088253463
2018-03-06T01:00:00.0;0.032649641956613656
2018-03-06T02:00:00.0;0.031228886020372937
2018-03-06T03:00:00.0;0.029976366054013895
2018-03-06T04:00:00.0;0.029591057911837616
2018-03-06T05:00:00.0;0.029429060092414805
2018-03-06T06:00:00.0;0.031484813717226175
2018-03-06T07:00:00.0;0.03265350581729754
2018-03-06T08:00:00.0;0.03157070096502377
2018-03-06T09:00:00.0;0.030064844783434307
2018-03-06T10:00:00.0;0.029049773847048065
2018-03-06T11:00:00.0;0.02831324574805699
2018-03-06T12:00:00.0;0.028383039498740038
2018-03-06T13:00:00.0;0.02881816902589043
2018-03-06T14:00:00.0;0.02970410587763049
2018-03-06T15:00:00.0;0.031419813191797825
2018-03-06T16:00:00.0;0.03404637911496579
2018-03-06T17:00:00.0;0.0358573836297537
2018-03-06T18:00:00.0;0.036777222281452346
2018-03-06T19:00:00.0;0.03795870743247398
2018-03-06T20:00:00.0;0.038443463292610794
2018-03-06T21:00:00.0;0.03709691831633604
2018-03-06T22:00:00.0;0.03611863294198319
2018-03-06T23:00:00.0;0.03400034642298867
2018-03-07T00:00:00.0;0.03416410711970911
2018-03-07T01:00:00.0;0.032624992156275415
2018-03-07T02:00:00.0;0.031207458715149513
2018-03-07T03:00:00.0;0.029958021633275617
2018-03-07T04:00:00.0;0.02959251167223077
2018-03-07T05:00:00.0;0.029433169967411115
2018-03-07T06:00:00.0;0.03152092953970294
2018-03-07T07:00:00.0;0.03267200406875904
2018-03-07T08:00:00.0;0.03156815360356262
2018-03-07T09:00:00.0;0.030035337190611938
2018-03-07T10:00:00.0;0.02902140308272006
2018-03-07T11:00:00.0;0.028282916950607515
2018-03-07T12:00:00.0;0.02835468240739524
2018-03-07T13:00:00.0;0.028782617114246557
2018-03-07T14:00:00.0;0.02967574879636497
2018-03-07T15:00:00.0;0.0314036102915461
2018-03-07T16:00:00.0;0.034037571024878636
2018-03-07T17:00:00.0;0.03581280591183813
2018-03-07T18:00:00.0;0.03672707814021756
2018-03-07T19:00:00.0;0.037913914057977414
2018-03-07T20:00:00.0;0.03841540284555776
2018-03-07T21:00:00.0;0.03705677905314491
2018-03-07T22:00:00.0;0.03606376197561058
2018-03-07T23:00:00.0;0.033920521514605874
2018-03-08T00:00:00.0;0.034706894610449186
2018-03-08T01:00:00.0;0.03305645934579526
2018-03-08T02:00:00.0;0.03179708802077387
2018-03-08T03:00:00.0;0.030627764544307826
2018-03-08T04:00:00.0;0.029807932551700847
2018-03-08T05:00:00.0;0.029677745893648372
2018-03-08T06:00:00.0;0.03185456845758421
2018-03-08T07:00:00.0;0.032561027342552194
2018-03-08T08:00:00.0;0.03250308659484483
2018-03-08T09:00:00.0;0.03120978636895121
2018-03-08T10:00:00.0;0.029805360866321164
2018-03-08T11:00:00.0;0.02892020870350362
2018-03-08T12:00:00.0;0.02963956799636061
2018-03-08T13:00:00.0;0.03037506146675138
2018-03-08T14:00:00.0;0.03150592320727964
2018-03-08T15:00:00.0;0.033377604028676816
2018-03-08T16:00:00.0;0.0348991220661813
2018-03-08T17:00:00.0;0.03790315946313089
2018-03-08T18:00:00.0;0.03897375356711112
2018-03-08T19:00:00.0;0.040073033020244564
2018-03-08T20:00:00.0;0.04013166591611636
2018-03-08T21:00:00.0;0.03937392054223251
2018-03-08T22:00:00.0;0.03729993170237551
2018-03-08T23:00:00.0;0.03626357085714071
2018-03-09T00:00:00.0;0.03402324423824139
2018-03-09T01:00:00.0;0.032498449469200025
2018-03-09T02:00:00.0;0.031107504555410916
2018-03-09T03:00:00.0;0.02987579531791478
2018-03-09T04:00:00.0;0.029534612976175503
2018-03-09T05:00:00.0;0.029436718015238804
2018-03-09T06:00:00.0;0.03149399716786916
2018-03-09T07:00:00.0;0.032560836441098626
2018-03-09T08:00:00.0;0.03143933640271522
2018-03-09T09:00:00.0;0.029850322689889196
2018-03-09T10:00:00.0;0.0288127126854244
2018-03-09T11:00:00.0;0.028132188602469563
2018-03-09T12:00:00.0;0.028227789447100523
2018-03-09T13:00:00.0;0.028682404805006646
2018-03-09T14:00:00.0;0.029610830087687404
2018-03-09T15:00:00.0;0.03131384528712107
2018-03-09T16:00:00.0;0.033973610848647556
2018-03-09T17:00:00.0;0.03571170667540689
2018-03-09T18:00:00.0;0.036715272171418775
2018-03-09T19:00:00.0;0.03791119181955596
2018-03-09T20:00:00.0;0.038381807547953325
2018-03-09T21:00:00.0;0.03698978682535627
2018-03-09T22:00:00.0;0.0359160808603678
2018-03-09T23:00:00.0;0.03375556952240051
2018-03-10T00:00:00.0;0.03256831730060687
2018-03-10T01:00:00.0;0.031104279119531536
2018-03-10T02:00:00.0;0.02972796638101165
2018-03-10T03:00:00.0;0.02841415679637352
2018-03-10T04:00:00.0;0.027282120869178503
2018-03-10T05:00:00.0;0.02659240483070743
2018-03-10T06:00:00.0;0.026609219735912595
2018-03-10T07:00:00.0;0.026906675454736035
2018-03-10T08:00:00.0;0.02698881136892516
2018-03-10T09:00:00.0;0.02634928255750479
2018-03-10T10:00:00.0;0.025705197118744964
2018-03-10T11:00:00.0;0.02534915082967134
2018-03-10T12:00:00.0;0.025416600062121666
2018-03-10T13:00:00.0;0.026406142660412284
2018-03-10T14:00:00.0;0.027356200875617576
2018-03-10T15:00:00.0;0.02910221980253004
2018-03-10T16:00:00.0;0.03199930478187865
2018-03-10T17:00:00.0;0.03473380814609116
2018-03-10T18:00:00.0;0.03633767632254784
2018-03-10T19:00:00.0;0.03792582907448258
2018-03-10T20:00:00.0;0.03823190791538988
2018-03-10T21:00:00.0;0.03824828673691951
2018-03-10T22:00:00.0;0.03636250037479837
2018-03-10T23:00:00.0;0.034529282382613935
2018-03-11T00:00:00.0;0.03219195480765318
2018-03-11T01:00:00.0;0.030744008794322437
2018-03-11T02:00:00.0;0.02935221097381272
2018-03-11T03:00:00.0;0.028057638888939522
2018-03-11T04:00:00.0;0.02700269659435512
2018-03-11T05:00:00.0;0.026292242467961417
2018-03-11T06:00:00.0;0.02566004583350288
2018-03-11T07:00:00.0;0.02604511953338689
2018-03-11T08:00:00.0;0.02597565313965929
2018-03-11T09:00:00.0;0.025531281307949457
2018-03-11T10:00:00.0;0.025184943743596234
2018-03-11T11:00:00.0;0.025111462710900218
2018-03-11T12:00:00.0;0.02531501449661178
2018-03-11T13:00:00.0;0.026606586818916724
2018-03-11T14:00:00.0;0.027365402798815774
2018-03-11T15:00:00.0;0.028878242952307034
2018-03-11T16:00:00.0;0.0319636506385247
2018-03-11T17:00:00.0;0.034390591327663464
2018-03-11T18:00:00.0;0.03607570818835531
2018-03-11T19:00:00.0;0.03775473090154231
2018-03-11T20:00:00.0;0.037862108567593596
2018-03-11T21:00:00.0;0.03727034945244383
2018-03-11T22:00:00.0;0.03562654446772109
2018-03-11T23:00:00.0;0.03387078719912697
2018-03-12T00:00:00.0;0.03352538739686942
2018-03-12T01:00:00.0;0.03204551355535649
2018-03-12T02:00:00.0;0.030729514121713132
2018-03-12T03:00:00.0;0.029547451618880352
2018-03-12T04:00:00.0;0.029262560752707997
2018-03-12T05:00:00.0;0.029291838046325527
2018-03-12T06:00:00.0;0.031175175842002523
2018-03-12T07:00:00.0;0.03196152698762769
2018-03-12T08:00:00.0;0.03082342048894453
2018-03-12T09:00:00.0;0.029114550035913647
2018-03-12T10:00:00.0;0.028058842077752985
2018-03-12T11:00:00.0;0.027557773241384382
2018-03-12T12:00:00.0;0.027743662538193693
2018-03-12T13:00:00.0;0.028312713971566903
2018-03-12T14:00:00.0;0.02933038454357975
2018-03-12T15:00:00.0;0.030977714469544664
2018-03-12T16:00:00.0;0.03371846210389579
2018-03-12T17:00:00.0;0.035343514589406745
2018-03-12T18:00:00.0;0.03659805484709873
2018-03-12T19:00:00.0;0.03785224330502328
2018-03-12T20:00:00.0;0.03824104399419283
2018-03-12T21:00:00.0;0.03676513795257059
2018-03-12T22:00:00.0;0.03542401669650321
2018-03-12T23:00:00.0;0.033223564392416596
2018-03-13T00:00:00.0;0.03373550544188213
2018-03-13T01:00:00.0;0.03217446571825703
2018-03-13T02:00:00.0;0.030972970679972057
2018-03-13T03:00:00.0;0.02988140818947254
2018-03-13T04:00:00.0;0.029362106232486584
2018-03-13T05:00:00.0;0.029185100614028084
2018-03-13T06:00:00.0;0.03145330738406829
2018-03-13T07:00:00.0;0.03198794710447112
2018-03-13T08:00:00.0;0.03135265719077062
2018-03-13T09:00:00.0;0.029780466409233295
2018-03-13T10:00:00.0;0.02852410091586852
2018-03-13T11:00:00.0;0.027780115793698646
2018-03-13T12:00:00.0;0.02868320325722086
2018-03-13T13:00:00.0;0.02941285333367627
2018-03-13T14:00:00.0;0.030587322527333476
2018-03-13T15:00:00.0;0.03253905145619306
2018-03-13T16:00:00.0;0.034219238814009345
2018-03-13T17:00:00.0;0.036416513770518605
2018-03-13T18:00:00.0;0.03744532509946198
2018-03-13T19:00:00.0;0.0387036879377556
2018-03-13T20:00:00.0;0.039061257041313364
2018-03-13T21:00:00.0;0.037579729962316025
2018-03-13T22:00:00.0;0.03566197320569987
2018-03-13T23:00:00.0;0.0344131866976449
2018-03-14T00:00:00.0;0.03369401060829776
2018-03-14T01:00:00.0;0.03173178295145607
2018-03-14T02:00:00.0;0.03039129973078865
2018-03-14T03:00:00.0;0.029182558206012454
2018-03-14T04:00:00.0;0.02851561820574379
2018-03-14T05:00:00.0;0.02831799637328961
2018-03-14T06:00:00.0;0.029245068442720734
2018-03-14T07:00:00.0;0.029721123036091746
2018-03-14T08:00:00.0;0.029340312085506352
2018-03-14T09:00:00.0;0.028191689798042763
2018-03-14T10:00:00.0;0.027398316885952956
2018-03-14T11:00:00.0;0.027269268285064877
2018-03-14T12:00:00.0;0.027402280256870068
2018-03-14T13:00:00.0;0.02815004442020838
2018-03-14T14:00:00.0;0.02910349536747287
2018-03-14T15:00:00.0;0.030819352483338475
2018-03-14T16:00:00.0;0.033534648355344934
2018-03-14T17:00:00.0;0.035230539395916104
2018-03-14T18:00:00.0;0.03672272204612937
2018-03-14T19:00:00.0;0.03812991193737752
2018-03-14T20:00:00.0;0.03838775056560599
2018-03-14T21:00:00.0;0.03794678824287473
2018-03-14T22:00:00.0;0.03617856724653128
2018-03-14T23:00:00.0;0.03412848932676497
2018-03-15T00:00:00.0;0.03517798970959065
2018-03-15T01:00:00.0;0.033552303113386604
2018-03-15T02:00:00.0;0.03210327584421493
2018-03-15T03:00:00.0;0.030692909561030792
2018-03-15T04:00:00.0;0.029575063467878582
2018-03-15T05:00:00.0;0.02944540180176899
2018-03-15T06:00:00.0;0.03107191606885041
2018-03-15T07:00:00.0;0.03181620776775305
2018-03-15T08:00:00.0;0.032281606713476435
2018-03-15T09:00:00.0;0.031207496295868886
2018-03-15T10:00:00.0;0.029853880355875984
2018-03-15T11:00:00.0;0.028905376129672953
2018-03-15T12:00:00.0;0.028435275262181328
2018-03-15T13:00:00.0;0.028873613992073117
2018-03-15T14:00:00.0;0.029947396290879526
2018-03-15T15:00:00.0;0.03172826945020152
2018-03-15T16:00:00.0;0.03430880008665618
2018-03-15T17:00:00.0;0.03792447931131562
2018-03-15T18:00:00.0;0.03931329228837098
2018-03-15T19:00:00.0;0.040361791722431435
2018-03-15T20:00:00.0;0.040405927412742265
2018-03-15T21:00:00.0;0.04149414091890276
2018-03-15T22:00:00.0;0.03933882316031896
2018-03-15T23:00:00.0;0.037272379889834936
2018-03-16T00:00:00.0;0.03612690950946891
2018-03-16T01:00:00.0;0.03438617234217273
2018-03-16T02:00:00.0;0.03297800859315124
2018-03-16T03:00:00.0;0.03164156125767744
2018-03-16T04:00:00.0;0.03059036911302561
2018-03-16T05:00:00.0;0.030562002081540935
2018-03-16T06:00:00.0;0.03278166500481432
2018-03-16T07:00:00.0;0.03374577685759643
2018-03-16T08:00:00.0;0.03431467450017758
2018-03-16T09:00:00.0;0.0332211077534766
2018-03-16T10:00:00.0;0.03171764658609075
2018-03-16T11:00:00.0;0.030595793530752594
2018-03-16T12:00:00.0;0.030663465342276673
2018-03-16T13:00:00.0;0.031244278988146166
2018-03-16T14:00:00.0;0.0322683033631953
2018-03-16T15:00:00.0;0.03405965790742081
2018-03-16T16:00:00.0;0.035840624521006614
2018-03-16T17:00:00.0;0.03965626995683406
2018-03-16T18:00:00.0;0.04072544062432098
2018-03-16T19:00:00.0;0.04161551503019368
2018-03-16T20:00:00.0;0.041393877350644134
2018-03-16T21:00:00.0;0.041889386107595204
2018-03-16T22:00:00.0;0.03963925112886288
2018-03-16T23:00:00.0;0.03826064407303585
2018-03-17T00:00:00.0;0.03445173332760568
2018-03-17T01:00:00.0;0.03287669478524871
2018-03-17T02:00:00.0;0.03135420037238981
2018-03-17T03:00:00.0;0.029894100989433105
2018-03-17T04:00:00.0;0.02861253478022592
2018-03-17T05:00:00.0;0.02810111125816423
2018-03-17T06:00:00.0;0.02921456443482545
2018-03-17T07:00:00.0;0.030170051727868123
2018-03-17T08:00:00.0;0.03035710208664046
2018-03-17T09:00:00.0;0.029584056494656855
2018-03-17T10:00:00.0;0.028435723635138188
2018-03-17T11:00:00.0;0.02751996836240471
2018-03-17T12:00:00.0;0.026906571910270877
2018-03-17T13:00:00.0;0.02722125435919931
2018-03-17T14:00:00.0;0.028215203376590278
2018-03-17T15:00:00.0;0.03003849476484904
2018-03-17T16:00:00.0;0.032887775030495704
2018-03-17T17:00:00.0;0.036292365479174575
2018-03-17T18:00:00.0;0.037599326581517455
2018-03-17T19:00:00.0;0.03878708115982284
2018-03-17T20:00:00.0;0.0392247664647135
2018-03-17T21:00:00.0;0.04020873012001404
2018-03-17T22:00:00.0;0.03875748542962954
2018-03-17T23:00:00.0;0.03664985837165744
2018-03-18T00:00:00.0;0.03231635857830475
2018-03-18T01:00:00.0;0.030897165212644136
2018-03-18T02:00:00.0;0.02950417946319175
2018-03-18T03:00:00.0;0.028113220074727215
2018-03-18T04:00:00.0;0.026682462096729465
2018-03-18T05:00:00.0;0.025773709697619714
2018-03-18T06:00:00.0;0.026148101974030703
2018-03-18T07:00:00.0;0.026308178317453537
2018-03-18T08:00:00.0;0.026509345730870153
2018-03-18T09:00:00.0;0.025807335852747883
2018-03-18T10:00:00.0;0.02486046936786502
2018-03-18T11:00:00.0;0.02419214587727669
2018-03-18T12:00:00.0;0.023822533405870133
2018-03-18T13:00:00.0;0.024279160812292377
2018-03-18T14:00:00.0;0.025510804525702892
2018-03-18T15:00:00.0;0.027608176960289825
2018-03-18T16:00:00.0;0.03061275786300553
2018-03-18T17:00:00.0;0.033730838728781264
2018-03-18T18:00:00.0;0.03535353109772553
2018-03-18T19:00:00.0;0.03694517065191102
2018-03-18T20:00:00.0;0.03782111504856579
2018-03-18T21:00:00.0;0.03895687471440298
2018-03-18T22:00:00.0;0.037081550517149474
2018-03-18T23:00:00.0;0.03496192492173249
2018-03-19T00:00:00.0;0.03465793379817998
2018-03-19T01:00:00.0;0.03231101478744137
2018-03-19T02:00:00.0;0.030970279827064486
2018-03-19T03:00:00.0;0.029753897473004623
2018-03-19T04:00:00.0;0.029064201942572813
2018-03-19T05:00:00.0;0.029231584565683894
2018-03-19T06:00:00.0;0.03068141242565702
2018-03-19T07:00:00.0;0.03125438477557255
2018-03-19T08:00:00.0;0.030883419578448566
2018-03-19T09:00:00.0;0.029487846917350843
2018-03-19T10:00:00.0;0.02831927861771955
2018-03-19T11:00:00.0;0.028271649681174967
2018-03-19T12:00:00.0;0.027993604119890898
2018-03-19T13:00:00.0;0.028283382460559704
2018-03-19T14:00:00.0;0.02939744210519942
2018-03-19T15:00:00.0;0.03112101051057029
2018-03-19T16:00:00.0;0.03389276133973156
2018-03-19T17:00:00.0;0.03544722967300717
2018-03-19T18:00:00.0;0.0371306324923704
2018-03-19T19:00:00.0;0.03832951311190698
2018-03-19T20:00:00.0;0.03864644035998246
2018-03-19T21:00:00.0;0.03895754936787322
2018-03-19T22:00:00.0;0.03724297835588239
2018-03-19T23:00:00.0;0.03488752911060766
2018-03-20T00:00:00.0;0.03392778884696685
2018-03-20T01:00:00.0;0.03182496271022165
2018-03-20T02:00:00.0;0.030501419315901394
2018-03-20T03:00:00.0;0.02930489056924601
2018-03-20T04:00:00.0;0.02870149533697988
2018-03-20T05:00:00.0;0.028670302320420404
2018-03-20T06:00:00.0;0.030130833800269246
2018-03-20T07:00:00.0;0.030650819444551378
2018-03-20T08:00:00.0;0.030025844444844924
2018-03-20T09:00:00.0;0.02858805528156955
2018-03-20T10:00:00.0;0.027535030639662925
2018-03-20T11:00:00.0;0.027381270092099785
2018-03-20T12:00:00.0;0.027298600816075866
2018-03-20T13:00:00.0;0.02766311420504655
2018-03-20T14:00:00.0;0.02877474801205921
2018-03-20T15:00:00.0;0.03058406650288266
2018-03-20T16:00:00.0;0.03334521475175178
2018-03-20T17:00:00.0;0.03477684163202224
2018-03-20T18:00:00.0;0.03630754642610183
2018-03-20T19:00:00.0;0.03762104739659219
2018-03-20T20:00:00.0;0.03812960933777846
2018-03-20T21:00:00.0;0.037933655305178206
2018-03-20T22:00:00.0;0.0363280070013972
2018-03-20T23:00:00.0;0.034025060145958796
2018-03-21T00:00:00.0;0.033351383548823964
2018-03-21T01:00:00.0;0.03167939753367084
2018-03-21T02:00:00.0;0.030424558247493474
2018-03-21T03:00:00.0;0.029294646656966173
2018-03-21T04:00:00.0;0.028781719069756566
2018-03-21T05:00:00.0;0.028530746698596923
2018-03-21T06:00:00.0;0.030141863365794223
2018-03-21T07:00:00.0;0.03059333639143828
2018-03-21T08:00:00.0;0.029933112198024234
2018-03-21T09:00:00.0;0.028516675636059575
2018-03-21T10:00:00.0;0.027558519734322273
2018-03-21T11:00:00.0;0.027114287521798106
2018-03-21T12:00:00.0;0.02773734585864737
2018-03-21T13:00:00.0;0.028518903392291725
2018-03-21T14:00:00.0;0.02958382610562689
2018-03-21T15:00:00.0;0.03145307302302244
2018-03-21T16:00:00.0;0.03366155034345887
2018-03-21T17:00:00.0;0.035449744391209806
2018-03-21T18:00:00.0;0.03665530886020316
2018-03-21T19:00:00.0;0.0380493895466414
2018-03-21T20:00:00.0;0.03844127479595523
2018-03-21T21:00:00.0;0.03719938076149693
2018-03-21T22:00:00.0;0.0353833344699069
2018-03-21T23:00:00.0;0.033726229689933704
2018-03-22T00:00:00.0;0.0352145715612831
2018-03-22T01:00:00.0;0.03357013346108447
2018-03-22T02:00:00.0;0.03208572681672286
2018-03-22T03:00:00.0;0.030779753247445373
2018-03-22T04:00:00.0;0.030107187839917105
2018-03-22T05:00:00.0;0.029998038986813944
2018-03-22T06:00:00.0;0.03208763431894694
2018-03-22T07:00:00.0;0.03375831813114776
2018-03-22T08:00:00.0;0.03290573555515071
2018-03-22T09:00:00.0;0.0316914645026515
2018-03-22T10:00:00.0;0.03044735013958376
2018-03-22T11:00:00.0;0.029558066429787096
2018-03-22T12:00:00.0;0.029551833470957363
2018-03-22T13:00:00.0;0.029889098518575984
2018-03-22T14:00:00.0;0.030702534648265858
2018-03-22T15:00:00.0;0.032266409410679917
2018-03-22T16:00:00.0;0.034591787719976966
2018-03-22T17:00:00.0;0.03705663881008405
2018-03-22T18:00:00.0;0.037915922665266735
2018-03-22T19:00:00.0;0.038871996162483366
2018-03-22T20:00:00.0;0.03915504917648867
2018-03-22T21:00:00.0;0.03799277536619622
2018-03-22T22:00:00.0;0.0374262255245332
2018-03-22T23:00:00.0;0.03575061958957851
2018-03-23T00:00:00.0;0.03428134431625012
2018-03-23T01:00:00.0;0.032419201301710866
2018-03-23T02:00:00.0;0.03124631436378821
2018-03-23T03:00:00.0;0.03017877863484689
2018-03-23T04:00:00.0;0.02932031897646721
2018-03-23T05:00:00.0;0.029164198838521737
2018-03-23T06:00:00.0;0.031126077869906565
2018-03-23T07:00:00.0;0.0317245959827652
2018-03-23T08:00:00.0;0.031526591434376354
2018-03-23T09:00:00.0;0.030299233825229373
2018-03-23T10:00:00.0;0.02889276297943905
2018-03-23T11:00:00.0;0.028286442866786325
2018-03-23T12:00:00.0;0.02937761205214137
2018-03-23T13:00:00.0;0.030173408757463216
2018-03-23T14:00:00.0;0.03137088719383008
2018-03-23T15:00:00.0;0.033258869494102436
2018-03-23T16:00:00.0;0.03447939874804628
2018-03-23T17:00:00.0;0.037082257941727384
2018-03-23T18:00:00.0;0.03826404652441515
2018-03-23T19:00:00.0;0.03944200500018586
2018-03-23T20:00:00.0;0.03957933021960156
2018-03-23T21:00:00.0;0.03841541127269991
2018-03-23T22:00:00.0;0.03646202728432204
2018-03-23T23:00:00.0;0.03582293733122399
2018-03-24T00:00:00.0;0.03255017032936395
2018-03-24T01:00:00.0;0.03113579056755039
2018-03-24T02:00:00.0;0.029891895478580535
2018-03-24T03:00:00.0;0.028755647739952792
2018-03-24T04:00:00.0;0.028460211782675635
2018-03-24T05:00:00.0;0.028388336353255713
2018-03-24T06:00:00.0;0.02965688111757133
2018-03-24T07:00:00.0;0.02996315487369838
2018-03-24T08:00:00.0;0.028976345309751694
2018-03-24T09:00:00.0;0.027347247378392888
2018-03-24T10:00:00.0;0.02651293378912386
2018-03-24T11:00:00.0;0.026268566881166897
2018-03-24T12:00:00.0;0.026653132444171664
2018-03-24T13:00:00.0;0.027528857644067335
2018-03-24T14:00:00.0;0.02858096587338588
2018-03-24T15:00:00.0;0.03023894139535461
2018-03-24T16:00:00.0;0.033101356736367465
2018-03-24T17:00:00.0;0.034583795889030926
2018-03-24T18:00:00.0;0.03608392740363011
2018-03-24T19:00:00.0;0.037553927816899854
2018-03-24T20:00:00.0;0.037882639866952054
2018-03-24T21:00:00.0;0.0363786327759049
2018-03-24T22:00:00.0;0.034585684541393595
2018-03-24T23:00:00.0;0.03239337209542481
2018-03-25T00:00:00.0;0.0321540085970755
2018-03-25T01:00:00.0;0.030729260660891468
2018-03-25T02:00:00.0;0.02940740856962367
2018-03-25T03:00:00.0;0.028204992492229488
2018-03-25T04:00:00.0;0.027602795727420894
2018-03-25T05:00:00.0;0.027080638977286693
2018-03-25T06:00:00.0;0.02727688894878967
2018-03-25T07:00:00.0;0.027539850070306137
2018-03-25T08:00:00.0;0.027003671180671387
2018-03-25T09:00:00.0;0.026020464207367467
2018-03-25T10:00:00.0;0.02562587879859915
2018-03-25T11:00:00.0;0.02549881920998501
2018-03-25T12:00:00.0;0.025937044359490444
2018-03-25T13:00:00.0;0.027160736729602755
2018-03-25T14:00:00.0;0.02799402647903105
2018-03-25T15:00:00.0;0.029633164563653253
2018-03-25T16:00:00.0;0.032588112451884144
2018-03-25T17:00:00.0;0.03434742329834817
2018-03-25T18:00:00.0;0.03582698039899264
2018-03-25T19:00:00.0;0.03749883883400413
2018-03-25T20:00:00.0;0.037733942990217074
2018-03-25T21:00:00.0;0.03647914335900195
2018-03-25T22:00:00.0;0.03467419025176594
2018-03-25T23:00:00.0;0.032716731542459646
2018-03-26T00:00:00.0;0.032740798216065604
2018-03-26T01:00:00.0;0.03134478406733503
2018-03-26T02:00:00.0;0.03018895764421525
2018-03-26T03:00:00.0;0.029115030427244098
2018-03-26T04:00:00.0;0.02899788368507005
2018-03-26T05:00:00.0;0.02941681750137738
2018-03-26T06:00:00.0;0.03121695744038313
2018-03-26T07:00:00.0;0.03151777957703916
2018-03-26T08:00:00.0;0.030239308299414035
2018-03-26T09:00:00.0;0.028150622146619866
2018-03-26T10:00:00.0;0.02692338143898587
2018-03-26T11:00:00.0;0.026745793757549423
2018-03-26T12:00:00.0;0.027066665043479352
2018-03-26T13:00:00.0;0.027760648768883577
2018-03-26T14:00:00.0;0.029000677384789612
2018-03-26T15:00:00.0;0.03050947011946399
2018-03-26T16:00:00.0;0.03339045113605157
2018-03-26T17:00:00.0;0.034774068611668374
2018-03-26T18:00:00.0;0.03654280327826647
2018-03-26T19:00:00.0;0.03783427830228452
2018-03-26T20:00:00.0;0.03805590422433584
2018-03-26T21:00:00.0;0.03636554914260944
2018-03-26T22:00:00.0;0.03455664481037921
2018-03-26T23:00:00.0;0.032235438052139125
2018-03-27T00:00:00.0;0.03329332083873105
2018-03-27T01:00:00.0;0.03180054621091276
2018-03-27T02:00:00.0;0.03055439501363702
2018-03-27T03:00:00.0;0.029433456315743057
2018-03-27T04:00:00.0;0.029134879258318203
2018-03-27T05:00:00.0;0.02892955152199114
2018-03-27T06:00:00.0;0.031112042473238892
2018-03-27T07:00:00.0;0.03158580050520458
2018-03-27T08:00:00.0;0.03063892623595009
2018-03-27T09:00:00.0;0.02891193599037251
2018-03-27T10:00:00.0;0.027876911445487672
2018-03-27T11:00:00.0;0.027220628190599203
2018-03-27T12:00:00.0;0.027848777158369156
2018-03-27T13:00:00.0;0.02851408835765059
2018-03-27T14:00:00.0;0.029628394795115774
2018-03-27T15:00:00.0;0.0315885937591952
2018-03-27T16:00:00.0;0.03380630656638224
2018-03-27T17:00:00.0;0.03546695090516886
2018-03-27T18:00:00.0;0.03648843335736825
2018-03-27T19:00:00.0;0.03785182884926517
2018-03-27T20:00:00.0;0.0383905821914663
2018-03-27T21:00:00.0;0.036860543433551926
2018-03-27T22:00:00.0;0.035055823233263804
2018-03-27T23:00:00.0;0.03320862373380955
2018-03-28T00:00:00.0;0.033282273808256935
2018-03-28T01:00:00.0;0.03179429060325447
2018-03-28T02:00:00.0;0.030538364767409745
2018-03-28T03:00:00.0;0.029410215288183463
2018-03-28T04:00:00.0;0.029129727292313553
2018-03-28T05:00:00.0;0.028923468467492087
2018-03-28T06:00:00.0;0.031095302347729628
2018-03-28T07:00:00.0;0.031583361857022665
2018-03-28T08:00:00.0;0.03060543261741846
2018-03-28T09:00:00.0;0.02887004951374826
2018-03-28T10:00:00.0;0.02785629372106741
2018-03-28T11:00:00.0;0.027204948347499827
2018-03-28T12:00:00.0;0.027788110645130655
2018-03-28T13:00:00.0;0.0284399116738625
2018-03-28T14:00:00.0;0.02954177811811015
2018-03-28T15:00:00.0;0.031495916897984595
2018-03-28T16:00:00.0;0.033777892076485884
2018-03-28T17:00:00.0;0.035394434269089434
2018-03-28T18:00:00.0;0.036412233419883436
2018-03-28T19:00:00.0;0.03777972820998881
2018-03-28T20:00:00.0;0.038333375628697645
2018-03-28T21:00:00.0;0.03680965686085687
2018-03-28T22:00:00.0;0.03503746860614569
2018-03-28T23:00:00.0;0.03312313635607656
2018-03-29T00:00:00.0;0.033307467823750006
2018-03-29T01:00:00.0;0.031661198449687455
2018-03-29T02:00:00.0;0.030387551868469784
2018-03-29T03:00:00.0;0.029249751083071075
2018-03-29T04:00:00.0;0.029028620998651212
2018-03-29T05:00:00.0;0.029050158539475106
2018-03-29T06:00:00.0;0.03095544475077815
2018-03-29T07:00:00.0;0.03150125689686614
2018-03-29T08:00:00.0;0.03034070715718102
2018-03-29T09:00:00.0;0.028540398584135235
2018-03-29T10:00:00.0;0.027530132319378807
2018-03-29T11:00:00.0;0.02717930949664387
2018-03-29T12:00:00.0;0.02743294823698893
2018-03-29T13:00:00.0;0.027970699433243255
2018-03-29T14:00:00.0;0.029058919983298015
2018-03-29T15:00:00.0;0.030825681313269154
2018-03-29T16:00:00.0;0.03354881627122065
2018-03-29T17:00:00.0;0.0347840005547063
2018-03-29T18:00:00.0;0.036091180039154215
2018-03-29T19:00:00.0;0.03742924822359776
2018-03-29T20:00:00.0;0.03794152922185826
2018-03-29T21:00:00.0;0.036567176341565956
2018-03-29T22:00:00.0;0.03502839896100988
2018-03-29T23:00:00.0;0.032734165934627676
2018-03-30T00:00:00.0;0.03249629039852891
2018-03-30T01:00:00.0;0.031014104963009055
2018-03-30T02:00:00.0;0.029783463236067995
2018-03-30T03:00:00.0;0.028612186889335
2018-03-30T04:00:00.0;0.027564898425060054
2018-03-30T05:00:00.0;0.026948343865146104
2018-03-30T06:00:00.0;0.027837926238919574
2018-03-30T07:00:00.0;0.02809333266453849
2018-03-30T08:00:00.0;0.027877248914532537
2018-03-30T09:00:00.0;0.026916652893206536
2018-03-30T10:00:00.0;0.02589595377511142
2018-03-30T11:00:00.0;0.02537534612655545
2018-03-30T12:00:00.0;0.026043237999816907
2018-03-30T13:00:00.0;0.026897284054163424
2018-03-30T14:00:00.0;0.028087894819736656
2018-03-30T15:00:00.0;0.03003621534726069
2018-03-30T16:00:00.0;0.032131669753780165
2018-03-30T17:00:00.0;0.03475626592111568
2018-03-30T18:00:00.0;0.03618263624655498
2018-03-30T19:00:00.0;0.037696001961742144
2018-03-30T20:00:00.0;0.0382074183800531
2018-03-30T21:00:00.0;0.037528394107880565
2018-03-30T22:00:00.0;0.03565019836160684
2018-03-30T23:00:00.0;0.03443300405954408
2018-03-31T00:00:00.0;0.03182348948891397
2018-03-31T01:00:00.0;0.03048517800312784
2018-03-31T02:00:00.0;0.029337544678682288
2018-03-31T03:00:00.0;0.0282145107512545
2018-03-31T04:00:00.0;0.027614891026853796
2018-03-31T05:00:00.0;0.027731369333270823
2018-03-31T06:00:00.0;0.028667612365400642
2018-03-31T07:00:00.0;0.028736687994564223
2018-03-31T08:00:00.0;0.02780034498136661
2018-03-31T09:00:00.0;0.026123874087304527
2018-03-31T10:00:00.0;0.024895640898236322
2018-03-31T11:00:00.0;0.024820364247095404
2018-03-31T12:00:00.0;0.02497713887673063
2018-03-31T13:00:00.0;0.02565094918784655
2018-03-31T14:00:00.0;0.027012142424990816
2018-03-31T15:00:00.0;0.028570334698759577
2018-03-31T16:00:00.0;0.03162470166237901
2018-03-31T17:00:00.0;0.03349620727032932
2018-03-31T18:00:00.0;0.03560948112037793
2018-03-31T19:00:00.0;0.03704918603384575
2018-03-31T20:00:00.0;0.037457886742881294
2018-03-31T21:00:00.0;0.036512712033721285
2018-03-31T22:00:00.0;0.0347233020576335
2018-03-31T23:00:00.0;0.03253564265410373
2018-04-01T00:00:00.0;0.03202851285611014
2018-04-01T01:00:00.0;0.030617853502008442
2018-04-01T02:00:00.0;0.02930324228109807
2018-04-01T03:00:00.0;0.02809640653251184
2018-04-01T04:00:00.0;0.027448229246489566
2018-04-01T05:00:00.0;0.026877133322546844
2018-04-01T06:00:00.0;0.0271817483226112
2018-04-01T07:00:00.0;0.027405025504405812
2018-04-01T08:00:00.0;0.026845844321338023
2018-04-01T09:00:00.0;0.02582501833817576
2018-04-01T10:00:00.0;0.025359064715110798
2018-04-01T11:00:00.0;0.025170337542825865
2018-04-01T12:00:00.0;0.025560370025303474
2018-04-01T13:00:00.0;0.026668368996673013
2018-04-01T14:00:00.0;0.02757421975601802
2018-04-01T15:00:00.0;0.02929937517985486
2018-04-01T16:00:00.0;0.032245898970101536
2018-04-01T17:00:00.0;0.03403558202910754
2018-04-01T18:00:00.0;0.03551104661602486
2018-04-01T19:00:00.0;0.0371911188082627
2018-04-01T20:00:00.0;0.037573269660163285
2018-04-01T21:00:00.0;0.03647227351269046
2018-04-01T22:00:00.0;0.03468584112509527
2018-04-01T23:00:00.0;0.03269420860520979
2018-04-02T00:00:00.0;0.031144028039967457
2018-04-02T01:00:00.0;0.029766779608663772
2018-04-02T02:00:00.0;0.028426628565811563
2018-04-02T03:00:00.0;0.027156350659747745
2018-04-02T04:00:00.0;0.025974969418838156
2018-04-02T05:00:00.0;0.025050072294652663
2018-04-02T06:00:00.0;0.02385437356551369
2018-04-02T07:00:00.0;0.0238856136885039
2018-04-02T08:00:00.0;0.023883467348361224
2018-04-02T09:00:00.0;0.023580780873506995
2018-04-02T10:00:00.0;0.023377928390043448
2018-04-02T11:00:00.0;0.023471239565688393
2018-04-02T12:00:00.0;0.023789972450390297
2018-04-02T13:00:00.0;0.025213177106939964
2018-04-02T14:00:00.0;0.026046734676550175
2018-04-02T15:00:00.0;0.02763638871853726
2018-04-02T16:00:00.0;0.030824701515040822
2018-04-02T17:00:00.0;0.0331806117974844
2018-04-02T18:00:00.0;0.03505856518510083
2018-04-02T19:00:00.0;0.03694186970143045
2018-04-02T20:00:00.0;0.037195995551787445
2018-04-02T21:00:00.0;0.03668229100603247
2018-04-02T22:00:00.0;0.034874974470206335
2018-04-02T23:00:00.0;0.0331703608756657
2018-04-03T00:00:00.0;0.033016757717316936
2018-04-03T01:00:00.0;0.031488142710065926
2018-04-03T02:00:00.0;0.030268675365012578
2018-04-03T03:00:00.0;0.029090675528647636
2018-04-03T04:00:00.0;0.027910682624489792
2018-04-03T05:00:00.0;0.027333633475693772
2018-04-03T06:00:00.0;0.02864152130230689
2018-04-03T07:00:00.0;0.028973877615432693
2018-04-03T08:00:00.0;0.028929266130735338
2018-04-03T09:00:00.0;0.02793856633636029
2018-04-03T10:00:00.0;0.026650763679642916
2018-04-03T11:00:00.0;0.02592506057745735
2018-04-03T12:00:00.0;0.026598821304005434
2018-04-03T13:00:00.0;0.02728579580798807
2018-04-03T14:00:00.0;0.028581077367754715
2018-04-03T15:00:00.0;0.030622546029541998
2018-04-03T16:00:00.0;0.03240036799713466
2018-04-03T17:00:00.0;0.03542020153326603
2018-04-03T18:00:00.0;0.03677908774109169
2018-04-03T19:00:00.0;0.03816854216922139
2018-04-03T20:00:00.0;0.03870455387797564
2018-04-03T21:00:00.0;0.03833603174184642
2018-04-03T22:00:00.0;0.036395788114041545
2018-04-03T23:00:00.0;0.0353878079803637
2018-04-04T00:00:00.0;0.033372904827960896
2018-04-04T01:00:00.0;0.03189960596627327
2018-04-04T02:00:00.0;0.030561151342403343
2018-04-04T03:00:00.0;0.029332345620695463
2018-04-04T04:00:00.0;0.028930158661478574
2018-04-04T05:00:00.0;0.028647483756630236
2018-04-04T06:00:00.0;0.03055235053411709
2018-04-04T07:00:00.0;0.03101626569311887
2018-04-04T08:00:00.0;0.030268634581633987
2018-04-04T09:00:00.0;0.02865439012037266
2018-04-04T10:00:00.0;0.027725128662894543
2018-04-04T11:00:00.0;0.027038544278276597
2018-04-04T12:00:00.0;0.02716241207096018
2018-04-04T13:00:00.0;0.027716644011789613
2018-04-04T14:00:00.0;0.028781281240461927
2018-04-04T15:00:00.0;0.030743925142709707
2018-04-04T16:00:00.0;0.033457744633327076
2018-04-04T17:00:00.0;0.03528407057044422
2018-04-04T18:00:00.0;0.03638587379725998
2018-04-04T19:00:00.0;0.03777382523427169
2018-04-04T20:00:00.0;0.038365644268006815
2018-04-04T21:00:00.0;0.03760045283581749
2018-04-04T22:00:00.0;0.03576325740370757
2018-04-04T23:00:00.0;0.033421691631444726
2018-04-05T00:00:00.0;0.03318233280890159
2018-04-05T01:00:00.0;0.03171329132003701
2018-04-05T02:00:00.0;0.030335288575173723
2018-04-05T03:00:00.0;0.029020832591675916
2018-04-05T04:00:00.0;0.028164354868614613
2018-04-05T05:00:00.0;0.027649833936467843
2018-04-05T06:00:00.0;0.02895947027424738
2018-04-05T07:00:00.0;0.029343929132570543
2018-04-05T08:00:00.0;0.029079736854898293
2018-04-05T09:00:00.0;0.02786535517489716
2018-04-05T10:00:00.0;0.026900890439246806
2018-04-05T11:00:00.0;0.02618293708559202
2018-04-05T12:00:00.0;0.02603851304083367
2018-04-05T13:00:00.0;0.0265368907756372
2018-04-05T14:00:00.0;0.027656338294934295
2018-04-05T15:00:00.0;0.029660051849703734
2018-04-05T16:00:00.0;0.032489919091127674
2018-04-05T17:00:00.0;0.034976433884062
2018-04-05T18:00:00.0;0.036284765835741674
2018-04-05T19:00:00.0;0.03771712568323047
2018-04-05T20:00:00.0;0.038370096480903504
2018-04-05T21:00:00.0;0.03853492791231999
2018-04-05T22:00:00.0;0.036651852018028765
2018-04-05T23:00:00.0;0.03439026676621532
2018-04-06T00:00:00.0;0.03276813225241477
2018-04-06T01:00:00.0;0.030481666233105022
2018-04-06T02:00:00.0;0.0291831813496032
2018-04-06T03:00:00.0;0.0280045391473279
2018-04-06T04:00:00.0;0.02687187914071723
2018-04-06T05:00:00.0;0.026324992932685785
2018-04-06T06:00:00.0;0.026171962082636627
2018-04-06T07:00:00.0;0.026395939459566094
2018-04-06T08:00:00.0;0.02625854844307972
2018-04-06T09:00:00.0;0.02564392441300993
2018-04-06T10:00:00.0;0.024979322867878215
2018-04-06T11:00:00.0;0.025278237765552634
2018-04-06T12:00:00.0;0.025520330188165626
2018-04-06T13:00:00.0;0.026291362116840935
2018-04-06T14:00:00.0;0.027328188034872043
2018-04-06T15:00:00.0;0.029124106133019002
2018-04-06T16:00:00.0;0.03178117851192614
2018-04-06T17:00:00.0;0.03334444192317267
2018-04-06T18:00:00.0;0.035181765009187106
2018-04-06T19:00:00.0;0.03681408243197613
2018-04-06T20:00:00.0;0.03732014539528264
2018-04-06T21:00:00.0;0.03734317372661067
2018-04-06T22:00:00.0;0.03574903467231181
2018-04-06T23:00:00.0;0.03408577855418495
2018-04-07T00:00:00.0;0.030898137774861067
2018-04-07T01:00:00.0;0.029615731525653135
2018-04-07T02:00:00.0;0.02846619784269485
2018-04-07T03:00:00.0;0.027287380432041645
2018-04-07T04:00:00.0;0.026196265720519776
2018-04-07T05:00:00.0;0.025949076448927758
2018-04-07T06:00:00.0;0.026029672770588982
2018-04-07T07:00:00.0;0.02586985171748859
2018-04-07T08:00:00.0;0.025288552910492406
2018-04-07T09:00:00.0;0.024051413149278757
2018-04-07T10:00:00.0;0.022854479105879476
2018-04-07T11:00:00.0;0.02284998713213381
2018-04-07T12:00:00.0;0.022847055368720205
2018-04-07T13:00:00.0;0.023494003973142028
2018-04-07T14:00:00.0;0.024964692262283816
2018-04-07T15:00:00.0;0.026612843540928466
2018-04-07T16:00:00.0;0.029826072815862296
2018-04-07T17:00:00.0;0.032179404263240424
2018-04-07T18:00:00.0;0.03458125328121043
2018-04-07T19:00:00.0;0.03618666661993682
2018-04-07T20:00:00.0;0.03682647803013054
2018-04-07T21:00:00.0;0.03665143137033145
2018-04-07T22:00:00.0;0.03488761683753752
2018-04-07T23:00:00.0;0.03283360490142839
2018-04-08T00:00:00.0;0.03248371982557905
2018-04-08T01:00:00.0;0.031064820366625234
2018-04-08T02:00:00.0;0.029773761302792575
2018-04-08T03:00:00.0;0.028603965807762203
2018-04-08T04:00:00.0;0.02825863217709359
2018-04-08T05:00:00.0;0.02787082996588333
2018-04-08T06:00:00.0;0.029255327239723475
2018-04-08T07:00:00.0;0.029565523953665514
2018-04-08T08:00:00.0;0.028621912259871356
2018-04-08T09:00:00.0;0.027097842182645746
2018-04-08T10:00:00.0;0.02639235238093748
2018-04-08T11:00:00.0;0.02596106172480987
2018-04-08T12:00:00.0;0.026351313438414754
2018-04-08T13:00:00.0;0.027143416224225357
2018-04-08T14:00:00.0;0.028165810172753276
2018-04-08T15:00:00.0;0.030061521372455952
2018-04-08T16:00:00.0;0.03284267234130444
2018-04-08T17:00:00.0;0.034293075318885924
2018-04-08T18:00:00.0;0.0355027686715231
2018-04-08T19:00:00.0;0.03705849065851353
2018-04-08T20:00:00.0;0.03766479717239188
2018-04-08T21:00:00.0;0.0363290594856113
2018-04-08T22:00:00.0;0.03457395604922956
2018-04-08T23:00:00.0;0.03236285780231674
2018-04-09T00:00:00.0;0.0326520332863487
2018-04-09T01:00:00.0;0.031195032608827274
2018-04-09T02:00:00.0;0.02991936267308695
2018-04-09T03:00:00.0;0.02875620460249927
2018-04-09T04:00:00.0;0.028229752424289302
2018-04-09T05:00:00.0;0.027824694276683444
2018-04-09T06:00:00.0;0.028989162003437253
2018-04-09T07:00:00.0;0.02932785040718702
2018-04-09T08:00:00.0;0.028642489855665802
2018-04-09T09:00:00.0;0.027325869837913255
2018-04-09T10:00:00.0;0.026568103607149503
2018-04-09T11:00:00.0;0.026154518340794655
2018-04-09T12:00:00.0;0.026695042311812016
2018-04-09T13:00:00.0;0.02761140447933256
2018-04-09T14:00:00.0;0.028624246674949887
2018-04-09T15:00:00.0;0.030458464902295267
2018-04-09T16:00:00.0;0.03299321216309863
2018-04-09T17:00:00.0;0.03480723940535659
2018-04-09T18:00:00.0;0.03608086281426911
2018-04-09T19:00:00.0;0.03760448538554114
2018-04-09T20:00:00.0;0.03803531894323111
2018-04-09T21:00:00.0;0.036754313577450855
2018-04-09T22:00:00.0;0.0349377032564745
2018-04-09T23:00:00.0;0.03310264435312926
2018-04-10T00:00:00.0;0.03233695042998325
2018-04-10T01:00:00.0;0.030876574426995266
2018-04-10T02:00:00.0;0.029655648038859752
2018-04-10T03:00:00.0;0.02847982059155084
2018-04-10T04:00:00.0;0.027402072925698073
2018-04-10T05:00:00.0;0.026730743889276865
2018-04-10T06:00:00.0;0.027842859052319365
2018-04-10T07:00:00.0;0.028046941744141005
2018-04-10T08:00:00.0;0.02775733729952626
2018-04-10T09:00:00.0;0.026701485923257804
2018-04-10T10:00:00.0;0.025576175025361803
2018-04-10T11:00:00.0;0.02495792513274699
2018-04-10T12:00:00.0;0.025548024571607583
2018-04-10T13:00:00.0;0.02621856301153769
2018-04-10T14:00:00.0;0.027514094503118338
2018-04-10T15:00:00.0;0.02959279147011012
2018-04-10T16:00:00.0;0.03168902808594953
2018-04-10T17:00:00.0;0.03430555067720161
2018-04-10T18:00:00.0;0.03570677940276795
2018-04-10T19:00:00.0;0.03722732336435348
2018-04-10T20:00:00.0;0.03796400903381371
2018-04-10T21:00:00.0;0.03747529418420372
2018-04-10T22:00:00.0;0.03562899020273334
2018-04-10T23:00:00.0;0.03432198114654716
2018-04-11T00:00:00.0;0.03294019700250892
2018-04-11T01:00:00.0;0.03144968094294706
2018-04-11T02:00:00.0;0.030117650295824982
2018-04-11T03:00:00.0;0.028858587456965425
2018-04-11T04:00:00.0;0.027900927775090945
2018-04-11T05:00:00.0;0.02735829150085001
2018-04-11T06:00:00.0;0.028075026085401054
2018-04-11T07:00:00.0;0.028433883681609554
2018-04-11T08:00:00.0;0.028320754245384522
2018-04-11T09:00:00.0;0.027391451231887853
2018-04-11T10:00:00.0;0.02655541454666699
2018-04-11T11:00:00.0;0.02606018382570304
2018-04-11T12:00:00.0;0.026314697918919487
2018-04-11T13:00:00.0;0.02718968854358381
2018-04-11T14:00:00.0;0.028216668821578507
2018-04-11T15:00:00.0;0.030043972086581806
2018-04-11T16:00:00.0;0.03262059816965548
2018-04-11T17:00:00.0;0.0352173355093295
2018-04-11T18:00:00.0;0.036649231106944104
2018-04-11T19:00:00.0;0.0381367024398304
2018-04-11T20:00:00.0;0.03848547514466819
2018-04-11T21:00:00.0;0.03816758007367299
2018-04-11T22:00:00.0;0.036254425451245714
2018-04-11T23:00:00.0;0.034529321525565704
2018-04-12T00:00:00.0;0.03327505583522621
2018-04-12T01:00:00.0;0.03172595166927157
2018-04-12T02:00:00.0;0.03052128065969505
2018-04-12T03:00:00.0;0.029373885944147665
2018-04-12T04:00:00.0;0.028331239223400532
2018-04-12T05:00:00.0;0.027864932608640914
2018-04-12T06:00:00.0;0.02944425402415527
2018-04-12T07:00:00.0;0.029841215774530794
2018-04-12T08:00:00.0;0.029688286519188888
2018-04-12T09:00:00.0;0.02856980937836755
2018-04-12T10:00:00.0;0.027249788791333208
2018-04-12T11:00:00.0;0.026505689798567073
2018-04-12T12:00:00.0;0.027300361203926937
2018-04-12T13:00:00.0;0.02801223144029858
2018-04-12T14:00:00.0;0.029287420240735655
2018-04-12T15:00:00.0;0.031303566496743804
2018-04-12T16:00:00.0;0.032950859833037326
2018-04-12T17:00:00.0;0.03584181645887539
2018-04-12T18:00:00.0;0.03711361713918733
2018-04-12T19:00:00.0;0.0384504844991893
2018-04-12T20:00:00.0;0.038908495805630945
2018-04-12T21:00:00.0;0.038234288427338343
2018-04-12T22:00:00.0;0.03628470323082717
2018-04-12T23:00:00.0;0.03533034019123751
2018-04-13T00:00:00.0;0.0328729714401924
2018-04-13T01:00:00.0;0.03144133202237102
2018-04-13T02:00:00.0;0.030163795138266537
2018-04-13T03:00:00.0;0.029022882349839442
2018-04-13T04:00:00.0;0.02891843935935962
2018-04-13T05:00:00.0;0.028686605723852447
2018-04-13T06:00:00.0;0.030798858387923976
2018-04-13T07:00:00.0;0.031190955764885786
2018-04-13T08:00:00.0;0.029980763745829368
2018-04-13T09:00:00.0;0.028111340381944287
2018-04-13T10:00:00.0;0.0272672277987696
2018-04-13T11:00:00.0;0.02669045372848218
2018-04-13T12:00:00.0;0.02710408464997286
2018-04-13T13:00:00.0;0.027723769295058247
2018-04-13T14:00:00.0;0.02879537683358939
2018-04-13T15:00:00.0;0.030772829716509607
2018-04-13T16:00:00.0;0.033438595449816706
2018-04-13T17:00:00.0;0.0346293113693401
2018-04-13T18:00:00.0;0.03564901736282767
2018-04-13T19:00:00.0;0.03711096694094225
2018-04-13T20:00:00.0;0.03780832284921484
2018-04-13T21:00:00.0;0.03622893004806346
2018-04-13T22:00:00.0;0.03448753074209274
2018-04-13T23:00:00.0;0.03213438452372197
2018-04-14T00:00:00.0;0.03181722833733855
2018-04-14T01:00:00.0;0.030438256700954763
2018-04-14T02:00:00.0;0.02914645720993316
2018-04-14T03:00:00.0;0.02793701550495383
2018-04-14T04:00:00.0;0.027236261172528427
2018-04-14T05:00:00.0;0.026594425514427776
2018-04-14T06:00:00.0;0.027338053028084723
2018-04-14T07:00:00.0;0.027483587395369977
2018-04-14T08:00:00.0;0.02680146921327513
2018-04-14T09:00:00.0;0.025600363671577087
2018-04-14T10:00:00.0;0.02492059890358509
2018-04-14T11:00:00.0;0.024551813075509486
2018-04-14T12:00:00.0;0.02482889788843973
2018-04-14T13:00:00.0;0.025613739978039844
2018-04-14T14:00:00.0;0.02671095407263915
2018-04-14T15:00:00.0;0.02865863805179848
2018-04-14T16:00:00.0;0.03155938243588464
2018-04-14T17:00:00.0;0.03336172279875268
2018-04-14T18:00:00.0;0.03479158358214447
2018-04-14T19:00:00.0;0.036465890751194004
2018-04-14T20:00:00.0;0.0372213397436059
2018-04-14T21:00:00.0;0.036432860769274676
2018-04-14T22:00:00.0;0.03469388389928518
2018-04-14T23:00:00.0;0.03258442078023551
2018-04-15T00:00:00.0;0.032935645139889023
2018-04-15T01:00:00.0;0.031206169336570912
2018-04-15T02:00:00.0;0.029921577061845485
2018-04-15T03:00:00.0;0.028776944979577727
2018-04-15T04:00:00.0;0.02847241228111025
2018-04-15T05:00:00.0;0.028199064680203945
2018-04-15T06:00:00.0;0.02989880701119404
2018-04-15T07:00:00.0;0.030253589665229445
2018-04-15T08:00:00.0;0.029216690831547217
2018-04-15T09:00:00.0;0.02757004166366064
2018-04-15T10:00:00.0;0.026746620157750763
2018-04-15T11:00:00.0;0.02641215337501546
2018-04-15T12:00:00.0;0.026716394734428276
2018-04-15T13:00:00.0;0.02726459083597625
2018-04-15T14:00:00.0;0.02835179844412831
2018-04-15T15:00:00.0;0.030326065393407275
2018-04-15T16:00:00.0;0.033029766992962735
2018-04-15T17:00:00.0;0.03410853717820851
2018-04-15T18:00:00.0;0.03531589071639628
2018-04-15T19:00:00.0;0.03681074857160332
2018-04-15T20:00:00.0;0.037550442123233274
2018-04-15T21:00:00.0;0.0364279258440281
2018-04-15T22:00:00.0;0.034768992201846906
2018-04-15T23:00:00.0;0.032461282652290986
2018-04-16T00:00:00.0;0.033148400850931986
2018-04-16T01:00:00.0;0.030936961381386
2018-04-16T02:00:00.0;0.02965714652972404
2018-04-16T03:00:00.0;0.028515334532380813
2018-04-16T04:00:00.0;0.02784716524992207
2018-04-16T05:00:00.0;0.027513731293062373
2018-04-16T06:00:00.0;0.028731239627844456
2018-04-16T07:00:00.0;0.02903965807765369
2018-04-16T08:00:00.0;0.028311498962716505
2018-04-16T09:00:00.0;0.02699514333574373
2018-04-16T10:00:00.0;0.026094812005774817
2018-04-16T11:00:00.0;0.02607037001579313
2018-04-16T12:00:00.0;0.026252411508090465
2018-04-16T13:00:00.0;0.02662759751161859
2018-04-16T14:00:00.0;0.02779399923499664
2018-04-16T15:00:00.0;0.029810179968173426
2018-04-16T16:00:00.0;0.032415239269905055
2018-04-16T17:00:00.0;0.03344079326058225
2018-04-16T18:00:00.0;0.03491812108049559
2018-04-16T19:00:00.0;0.036427610029616066
2018-04-16T20:00:00.0;0.03726596303659186
2018-04-16T21:00:00.0;0.03691595192405481
2018-04-16T22:00:00.0;0.035372180161254436
2018-04-16T23:00:00.0;0.03325792943731323
2018-04-17T00:00:00.0;0.03304771708345576
2018-04-17T01:00:00.0;0.030622071057877696
2018-04-17T02:00:00.0;0.02936213751070215
2018-04-17T03:00:00.0;0.028208779841069367
2018-04-17T04:00:00.0;0.027054365779356566
2018-04-17T05:00:00.0;0.026544408788871897
2018-04-17T06:00:00.0;0.02718826705924763
2018-04-17T07:00:00.0;0.027412349408052643
2018-04-17T08:00:00.0;0.02713330142797702
2018-04-17T09:00:00.0;0.026243978833832574
2018-04-17T10:00:00.0;0.02522687668745276
2018-04-17T11:00:00.0;0.025329394913290598
2018-04-17T12:00:00.0;0.025518542300253598
2018-04-17T13:00:00.0;0.02584917348023395
2018-04-17T14:00:00.0;0.027118478563409706
2018-04-17T15:00:00.0;0.02917912555367
2018-04-17T16:00:00.0;0.03155943295794435
2018-04-17T17:00:00.0;0.033045309873750706
2018-04-17T18:00:00.0;0.034772618065066485
2018-04-17T19:00:00.0;0.0363117911246496
2018-04-17T20:00:00.0;0.037195632378284715
2018-04-17T21:00:00.0;0.03754075184975449
2018-04-17T22:00:00.0;0.03600989636183509
2018-04-17T23:00:00.0;0.03433192872739041
2018-04-18T00:00:00.0;0.03260458573728819
2018-04-18T01:00:00.0;0.03091050621427493
2018-04-18T02:00:00.0;0.029634699144902365
2018-04-18T03:00:00.0;0.028475683429341574
2018-04-18T04:00:00.0;0.02801356642741136
2018-04-18T05:00:00.0;0.027654847702306203
2018-04-18T06:00:00.0;0.029113156888441478
2018-04-18T07:00:00.0;0.029382546413161712
2018-04-18T08:00:00.0;0.028439487033387133
2018-04-18T09:00:00.0;0.026898260446386043
2018-04-18T10:00:00.0;0.026042888916260876
2018-04-18T11:00:00.0;0.025728793060906224
2018-04-18T12:00:00.0;0.025969974274623497
2018-04-18T13:00:00.0;0.026487952273936795
2018-04-18T14:00:00.0;0.027637068553235365
2018-04-18T15:00:00.0;0.02963331200879911
2018-04-18T16:00:00.0;0.032395763589447
2018-04-18T17:00:00.0;0.03364875228494118
2018-04-18T18:00:00.0;0.034982128622066004
2018-04-18T19:00:00.0;0.036519274058231244
2018-04-18T20:00:00.0;0.037338125553694354
2018-04-18T21:00:00.0;0.03646946105052714
2018-04-18T22:00:00.0;0.03481577299036019
2018-04-18T23:00:00.0;0.032541199035331834
2018-04-19T00:00:00.0;0.03290557955358814
2018-04-19T01:00:00.0;0.03091315205851871
2018-04-19T02:00:00.0;0.029622431669834946
2018-04-19T03:00:00.0;0.028463655960132218
2018-04-19T04:00:00.0;0.027905898720102778
2018-04-19T05:00:00.0;0.027548679096472354
2018-04-19T06:00:00.0;0.02886215337126861
2018-04-19T07:00:00.0;0.02915353232199948
2018-04-19T08:00:00.0;0.02831272447480694
2018-04-19T09:00:00.0;0.026890928062013188
2018-04-19T10:00:00.0;0.026044962289632375
2018-04-19T11:00:00.0;0.02589916644621088
2018-04-19T12:00:00.0;0.026051373901955124
2018-04-19T13:00:00.0;0.026471020080442782
2018-04-19T14:00:00.0;0.027615816694677955
2018-04-19T15:00:00.0;0.029632450898728183
2018-04-19T16:00:00.0;0.03237999722344774
2018-04-19T17:00:00.0;0.033442071395487646
2018-04-19T18:00:00.0;0.03484419666305429
2018-04-19T19:00:00.0;0.03637740479912227
2018-04-19T20:00:00.0;0.037234156864418375
2018-04-19T21:00:00.0;0.03670126289568443
2018-04-19T22:00:00.0;0.035121757569215005
2018-04-19T23:00:00.0;0.032847028913985964
2018-04-20T00:00:00.0;0.03329745660792765
2018-04-20T01:00:00.0;0.03105627580298058
2018-04-20T02:00:00.0;0.02976587746272445
2018-04-20T03:00:00.0;0.028632815509251647
2018-04-20T04:00:00.0;0.028142701902708293
2018-04-20T05:00:00.0;0.027901953796768245
2018-04-20T06:00:00.0;0.029303159392221483
2018-04-20T07:00:00.0;0.029652403318222265
2018-04-20T08:00:00.0;0.028758074552591745
2018-04-20T09:00:00.0;0.027295141661980594
2018-04-20T10:00:00.0;0.026443701545654747
2018-04-20T11:00:00.0;0.026447542293636283
2018-04-20T12:00:00.0;0.026593211748699896
2018-04-20T13:00:00.0;0.026949672658045532
2018-04-20T14:00:00.0;0.02807381726674635
2018-04-20T15:00:00.0;0.030068976912163998
2018-04-20T16:00:00.0;0.03277166972108767
2018-04-20T17:00:00.0;0.03350422058439051
2018-04-20T18:00:00.0;0.034918030059672575
2018-04-20T19:00:00.0;0.03641186447884022
2018-04-20T20:00:00.0;0.03723941304499037
2018-04-20T21:00:00.0;0.036706226175968866
2018-04-20T22:00:00.0;0.03518936639010808
2018-04-20T23:00:00.0;0.032884132760581254
2018-04-21T00:00:00.0;0.03321752722846233
2018-04-21T01:00:00.0;0.030361344102176686
2018-04-21T02:00:00.0;0.029048408979426038
2018-04-21T03:00:00.0;0.027891742944017053
2018-04-21T04:00:00.0;0.026852368470506666
2018-04-21T05:00:00.0;0.02644051153176331
2018-04-21T06:00:00.0;0.02657238173874097
2018-04-21T07:00:00.0;0.02679999699679684
2018-04-21T08:00:00.0;0.026416218828615216
2018-04-21T09:00:00.0;0.025611433290219865
2018-04-21T10:00:00.0;0.024883159398341508
2018-04-21T11:00:00.0;0.025475990170832945
2018-04-21T12:00:00.0;0.02538248461868713
2018-04-21T13:00:00.0;0.025690418302788273
2018-04-21T14:00:00.0;0.026816700222514252
2018-04-21T15:00:00.0;0.028756168088220305
2018-04-21T16:00:00.0;0.031602425375744675
2018-04-21T17:00:00.0;0.032244236010194
2018-04-21T18:00:00.0;0.03415522655758242
2018-04-21T19:00:00.0;0.03576942795535908
2018-04-21T20:00:00.0;0.03662850397283195
2018-04-21T21:00:00.0;0.037177327781763844
2018-04-21T22:00:00.0;0.03582414554429575
2018-04-21T23:00:00.0;0.03369402654066995
2018-04-22T00:00:00.0;0.030416225997735677
2018-04-22T01:00:00.0;0.02911496674577541
2018-04-22T02:00:00.0;0.027803453520973496
2018-04-22T03:00:00.0;0.02649413477645834
2018-04-22T04:00:00.0;0.02497544789682741
2018-04-22T05:00:00.0;0.023739125518082854
2018-04-22T06:00:00.0;0.022963300602573723
2018-04-22T07:00:00.0;0.022796652782644145
2018-04-22T08:00:00.0;0.022740655153400437
2018-04-22T09:00:00.0;0.022336426285272347
2018-04-22T10:00:00.0;0.021757325636591555
2018-04-22T11:00:00.0;0.021531268649595276
2018-04-22T12:00:00.0;0.02155163620214675
2018-04-22T13:00:00.0;0.022356502198638994
2018-04-22T14:00:00.0;0.023574755960725453
2018-04-22T15:00:00.0;0.025612043722110393
2018-04-22T16:00:00.0;0.028780881665336128
2018-04-22T17:00:00.0;0.031411017932147615
2018-04-22T18:00:00.0;0.03330867884579493
2018-04-22T19:00:00.0;0.035245585659267116
2018-04-22T20:00:00.0;0.036291762870449225
2018-04-22T21:00:00.0;0.036720516389479915
2018-04-22T22:00:00.0;0.03505995547840292
2018-04-22T23:00:00.0;0.03321271113685965
2018-04-23T00:00:00.0;0.03199488755505508
2018-04-23T01:00:00.0;0.030275239315948464
2018-04-23T02:00:00.0;0.029033707839401776
2018-04-23T03:00:00.0;0.027830960143685864
2018-04-23T04:00:00.0;0.026511943108648555
2018-04-23T05:00:00.0;0.02569422125523213
2018-04-23T06:00:00.0;0.02620043423240208
2018-04-23T07:00:00.0;0.026278206333988603
2018-04-23T08:00:00.0;0.026123307863759073
2018-04-23T09:00:00.0;0.025321164430936873
2018-04-23T10:00:00.0;0.024285614099219713
2018-04-23T11:00:00.0;0.023943272036650486
2018-04-23T12:00:00.0;0.02427954699840396
2018-04-23T13:00:00.0;0.024819734277376385
2018-04-23T14:00:00.0;0.02615410293885005
2018-04-23T15:00:00.0;0.02827780069602523
2018-04-23T16:00:00.0;0.030637280254327624
2018-04-23T17:00:00.0;0.033058152746758974
2018-04-23T18:00:00.0;0.0347085260065902
2018-04-23T19:00:00.0;0.03634088849596194
2018-04-23T20:00:00.0;0.03727713878377773
2018-04-23T21:00:00.0;0.037440843275303975
2018-04-23T22:00:00.0;0.03572283053189227
2018-04-23T23:00:00.0;0.034266291525445206
2018-04-24T00:00:00.0;0.03358169749323838
2018-04-24T01:00:00.0;0.032075736507959605
2018-04-24T02:00:00.0;0.0306441534280977
2018-04-24T03:00:00.0;0.029325646708551763
2018-04-24T04:00:00.0;0.02849662436713487
2018-04-24T05:00:00.0;0.02804041304684344
2018-04-24T06:00:00.0;0.02941823797814665
2018-04-24T07:00:00.0;0.030349272924468283
2018-04-24T08:00:00.0;0.029706850708024042
2018-04-24T09:00:00.0;0.02857189674945502
2018-04-24T10:00:00.0;0.02756181808989516
2018-04-24T11:00:00.0;0.026840104514521294
2018-04-24T12:00:00.0;0.02670089872672951
2018-04-24T13:00:00.0;0.02710094109445115
2018-04-24T14:00:00.0;0.02809003105657531
2018-04-24T15:00:00.0;0.029906858619252588
2018-04-24T16:00:00.0;0.03268081686114441
2018-04-24T17:00:00.0;0.03503305266210254
2018-04-24T18:00:00.0;0.03620344847409927
2018-04-24T19:00:00.0;0.03750779780872616
2018-04-24T20:00:00.0;0.03815086060818482
2018-04-24T21:00:00.0;0.0377050169567825
2018-04-24T22:00:00.0;0.036597425119842944
2018-04-24T23:00:00.0;0.03453106292804014
2018-04-25T00:00:00.0;0.032684934525542345
2018-04-25T01:00:00.0;0.031238449290133818
2018-04-25T02:00:00.0;0.029873467388502155
2018-04-25T03:00:00.0;0.028587557748929595
2018-04-25T04:00:00.0;0.027637228258878016
2018-04-25T05:00:00.0;0.026998939396582645
2018-04-25T06:00:00.0;0.02804040018294548
2018-04-25T07:00:00.0;0.028593834427233896
2018-04-25T08:00:00.0;0.02805236680770707
2018-04-25T09:00:00.0;0.02698428290909938
2018-04-25T10:00:00.0;0.026026841388683355
2018-04-25T11:00:00.0;0.025398175304671478
2018-04-25T12:00:00.0;0.025403024255876545
2018-04-25T13:00:00.0;0.025880781018398313
2018-04-25T14:00:00.0;0.026995040858598125
2018-04-25T15:00:00.0;0.028944508985710014
2018-04-25T16:00:00.0;0.03170308996408249
2018-04-25T17:00:00.0;0.03405298143919919
2018-04-25T18:00:00.0;0.035379833757622894
2018-04-25T19:00:00.0;0.03685383185069612
2018-04-25T20:00:00.0;0.037661712693007596
2018-04-25T21:00:00.0;0.0373636443276048
2018-04-25T22:00:00.0;0.03599870737342264
2018-04-25T23:00:00.0;0.034019220445868685
2018-04-26T00:00:00.0;0.03239297327831429
2018-04-26T01:00:00.0;0.030950469772533337
2018-04-26T02:00:00.0;0.029607801539827117
2018-04-26T03:00:00.0;0.028272728296455888
2018-04-26T04:00:00.0;0.026863011205670147
2018-04-26T05:00:00.0;0.026006317064948648
2018-04-26T06:00:00.0;0.026549852226212204
2018-04-26T07:00:00.0;0.02672998916784376
2018-04-26T08:00:00.0;0.02689130786327405
2018-04-26T09:00:00.0;0.026152679655455605
2018-04-26T10:00:00.0;0.025115589179732296
2018-04-26T11:00:00.0;0.024441952878011767
2018-04-26T12:00:00.0;0.024356049737699913
2018-04-26T13:00:00.0;0.02487627604796495
2018-04-26T14:00:00.0;0.026138804418959362
2018-04-26T15:00:00.0;0.028231588429568067
2018-04-26T16:00:00.0;0.030906750701497263
2018-04-26T17:00:00.0;0.03403686122565783
2018-04-26T18:00:00.0;0.0356162162907765
2018-04-26T19:00:00.0;0.037172161059850946
2018-04-26T20:00:00.0;0.03798215442257809
2018-04-26T21:00:00.0;0.03876195211191691
2018-04-26T22:00:00.0;0.03687381324896714
2018-04-26T23:00:00.0;0.03508363700886407
2018-04-27T00:00:00.0;0.03180635279503575
2018-04-27T01:00:00.0;0.03043898661057534
2018-04-27T02:00:00.0;0.02915852373438949
2018-04-27T03:00:00.0;0.027952859441291913
2018-04-27T04:00:00.0;0.02728154167883139
2018-04-27T05:00:00.0;0.02662628472465364
2018-04-27T06:00:00.0;0.02775341014206499
2018-04-27T07:00:00.0;0.027882020017874543
2018-04-27T08:00:00.0;0.02708179179653278
2018-04-27T09:00:00.0;0.025720469633313814
2018-04-27T10:00:00.0;0.02491477153598129
2018-04-27T11:00:00.0;0.02441724231519378
2018-04-27T12:00:00.0;0.02464720736054124
2018-04-27T13:00:00.0;0.025235458372147693
2018-04-27T14:00:00.0;0.026432355569866405
2018-04-27T15:00:00.0;0.028516404242960203
2018-04-27T16:00:00.0;0.03136412380789465
2018-04-27T17:00:00.0;0.033109474357318085
2018-04-27T18:00:00.0;0.0344575423480794
2018-04-27T19:00:00.0;0.03611166852574834
2018-04-27T20:00:00.0;0.03707848475402743
2018-04-27T21:00:00.0;0.036388122385109786
2018-04-27T22:00:00.0;0.03467665508073164
2018-04-27T23:00:00.0;0.03247748186649098
2018-04-28T00:00:00.0;0.03172013418845048
2018-04-28T01:00:00.0;0.030105403319022787
2018-04-28T02:00:00.0;0.028819234943237366
2018-04-28T03:00:00.0;0.027602175862621703
2018-04-28T04:00:00.0;0.026686120573590606
2018-04-28T05:00:00.0;0.02593955370114116
2018-04-28T06:00:00.0;0.02660430254716763
2018-04-28T07:00:00.0;0.02666528779927092
2018-04-28T08:00:00.0;0.02606107612357082
2018-04-28T09:00:00.0;0.024948673966963434
2018-04-28T10:00:00.0;0.02415829449203869
2018-04-28T11:00:00.0;0.02387276661789477
2018-04-28T12:00:00.0;0.023981755601242685
2018-04-28T13:00:00.0;0.024493180248326276
2018-04-28T14:00:00.0;0.02572572722450936
2018-04-28T15:00:00.0;0.027828349409548942
2018-04-28T16:00:00.0;0.03072968225526988
2018-04-28T17:00:00.0;0.032448064937389234
2018-04-28T18:00:00.0;0.03399662014509049
2018-04-28T19:00:00.0;0.03570290900395793
2018-04-28T20:00:00.0;0.03675306709125686
2018-04-28T21:00:00.0;0.036577850604466555
2018-04-28T22:00:00.0;0.03494281846587716
2018-04-28T23:00:00.0;0.032797806456049496
2018-04-29T00:00:00.0;0.03090461661470732
2018-04-29T01:00:00.0;0.029537932072989985
2018-04-29T02:00:00.0;0.028192634828368358
2018-04-29T03:00:00.0;0.026905929605317565
2018-04-29T04:00:00.0;0.025585047019867663
2018-04-29T05:00:00.0;0.024564588293310187
2018-04-29T06:00:00.0;0.02301502856180549
2018-04-29T07:00:00.0;0.02299226574882608
2018-04-29T08:00:00.0;0.02312430283844606
2018-04-29T09:00:00.0;0.022993312919892914
2018-04-29T10:00:00.0;0.022843998943490415
2018-04-29T11:00:00.0;0.022997115156780913
2018-04-29T12:00:00.0;0.02329035646754942
2018-04-29T13:00:00.0;0.024772792421302925
2018-04-29T14:00:00.0;0.025600250344230448
2018-04-29T15:00:00.0;0.027170342493960612
2018-04-29T16:00:00.0;0.03041715330468838
2018-04-29T17:00:00.0;0.03291820328650458
2018-04-29T18:00:00.0;0.03489514909382671
2018-04-29T19:00:00.0;0.03683011060550177
2018-04-29T20:00:00.0;0.037076450838136425
2018-04-29T21:00:00.0;0.0367331750205239
2018-04-29T22:00:00.0;0.03492369946880853
2018-04-29T23:00:00.0;0.03328459538550886
2018-04-30T00:00:00.0;0.03316241498850144
2018-04-30T01:00:00.0;0.031699758986831444
2018-04-30T02:00:00.0;0.03034970446760227
2018-04-30T03:00:00.0;0.029087196706835607
2018-04-30T04:00:00.0;0.028473436037477623
2018-04-30T05:00:00.0;0.028063085609399543
2018-04-30T06:00:00.0;0.029655138593266055
2018-04-30T07:00:00.0;0.0300579110081164
2018-04-30T08:00:00.0;0.029507039370453295
2018-04-30T09:00:00.0;0.028080363157992585
2018-04-30T10:00:00.0;0.027146801029477346
2018-04-30T11:00:00.0;0.02646299607588848
2018-04-30T12:00:00.0;0.02648410978852904
2018-04-30T13:00:00.0;0.027017949103584
2018-04-30T14:00:00.0;0.02811646959323223
2018-04-30T15:00:00.0;0.030106370058518392
2018-04-30T16:00:00.0;0.03287969174088674
2018-04-30T17:00:00.0;0.03497394824317023
2018-04-30T18:00:00.0;0.03618231375821882
2018-04-30T19:00:00.0;0.03761103479733188
2018-04-30T20:00:00.0;0.03825970385101068
2018-04-30T21:00:00.0;0.03788777170738764
2018-04-30T22:00:00.0;0.03604201399882761
2018-04-30T23:00:00.0;0.0337456536494044
2018-05-01T00:00:00.0;0.03300081122314493
2018-05-01T01:00:00.0;0.030830572364981046
2018-05-01T02:00:00.0;0.029583544843812978
2018-05-01T03:00:00.0;0.02843297179191659
2018-05-01T04:00:00.0;0.02735834646032405
2018-05-01T05:00:00.0;0.026856294488267346
2018-05-01T06:00:00.0;0.027751906455796692
2018-05-01T07:00:00.0;0.028005646257157058
2018-05-01T08:00:00.0;0.027687762644885212
2018-05-01T09:00:00.0;0.026698186649332725
2018-05-01T10:00:00.0;0.02563687356088747
2018-05-01T11:00:00.0;0.025527091640247673
2018-05-01T12:00:00.0;0.025860545631489696
2018-05-01T13:00:00.0;0.026291312941144483
2018-05-01T14:00:00.0;0.027555153426183213
2018-05-01T15:00:00.0;0.02960730282496568
2018-05-01T16:00:00.0;0.031864037112299994
2018-05-01T17:00:00.0;0.033618543009716464
2018-05-01T18:00:00.0;0.03521649262451306
2018-05-01T19:00:00.0;0.03672252268106962
2018-05-01T20:00:00.0;0.03752522903621006
2018-05-01T21:00:00.0;0.03753536049568149
2018-05-01T22:00:00.0;0.03590972895059741
2018-05-01T23:00:00.0;0.03434154698093484
2018-05-02T00:00:00.0;0.03252880488908975
2018-05-02T01:00:00.0;0.03063722795695981
2018-05-02T02:00:00.0;0.029405321234808966
2018-05-02T03:00:00.0;0.02822883047852076
2018-05-02T04:00:00.0;0.02694044266410283
2018-05-02T05:00:00.0;0.02625368977038166
2018-05-02T06:00:00.0;0.02695528924328037
2018-05-02T07:00:00.0;0.027128436101349847
2018-05-02T08:00:00.0;0.027007516692996378
2018-05-02T09:00:00.0;0.02617545453093526
2018-05-02T10:00:00.0;0.025058876950678113
2018-05-02T11:00:00.0;0.02475768363563089
2018-05-02T12:00:00.0;0.02517687422541752
2018-05-02T13:00:00.0;0.025699898926498974
2018-05-02T14:00:00.0;0.027022300036675682
2018-05-02T15:00:00.0;0.029112961463847405
2018-05-02T16:00:00.0;0.03126688481065465
2018-05-02T17:00:00.0;0.03362744062439766
2018-05-02T18:00:00.0;0.035248297286048114
2018-05-02T19:00:00.0;0.03679461645186775
2018-05-02T20:00:00.0;0.037615259450107484
2018-05-02T21:00:00.0;0.037721344025353994
2018-05-02T22:00:00.0;0.03600018206394414
2018-05-02T23:00:00.0;0.03468453135694008
2018-05-03T00:00:00.0;0.03395456936080968
2018-05-03T01:00:00.0;0.03085991002717115
2018-05-03T02:00:00.0;0.029556753096801898
2018-05-03T03:00:00.0;0.028444980319084344
2018-05-03T04:00:00.0;0.027669501795277898
2018-05-03T05:00:00.0;0.027505415781942467
2018-05-03T06:00:00.0;0.028368329849449696
2018-05-03T07:00:00.0;0.0287265490767135
2018-05-03T08:00:00.0;0.028076952513858906
2018-05-03T09:00:00.0;0.026932924708604894
2018-05-03T10:00:00.0;0.026066082731126337
2018-05-03T11:00:00.0;0.026656617411181267
2018-05-03T12:00:00.0;0.02656136649701435
2018-05-03T13:00:00.0;0.026650936152687005
2018-05-03T14:00:00.0;0.027804200354559612
2018-05-03T15:00:00.0;0.029796113186817796
2018-05-03T16:00:00.0;0.0325002221313903
2018-05-03T17:00:00.0;0.032644581605617076
2018-05-03T18:00:00.0;0.03440090729649183
2018-05-03T19:00:00.0;0.03588884888344625
2018-05-03T20:00:00.0;0.03679688263876413
2018-05-03T21:00:00.0;0.037169436211223886
2018-05-03T22:00:00.0;0.03587961180875136
2018-05-03T23:00:00.0;0.03359287666743969
2018-05-04T00:00:00.0;0.034470681146340144
2018-05-04T01:00:00.0;0.03090511492098703
2018-05-04T02:00:00.0;0.029595505202018233
2018-05-04T03:00:00.0;0.02850501179847407
2018-05-04T04:00:00.0;0.027660904616043914
2018-05-04T05:00:00.0;0.027602166739577872
2018-05-04T06:00:00.0;0.0283229160447472
2018-05-04T07:00:00.0;0.02872576228880867
2018-05-04T08:00:00.0;0.02814652500898247
2018-05-04T09:00:00.0;0.02709812299770442
2018-05-04T10:00:00.0;0.02621715896388767
2018-05-04T11:00:00.0;0.027112769122390638
2018-05-04T12:00:00.0;0.02691505609919598
2018-05-04T13:00:00.0;0.026865147986233007
2018-05-04T14:00:00.0;0.028015233742671834
2018-05-04T15:00:00.0;0.029989300010023916
2018-05-04T16:00:00.0;0.032666705865855405
2018-05-04T17:00:00.0;0.03240948815569248
2018-05-04T18:00:00.0;0.034301332672924706
2018-05-04T19:00:00.0;0.03575707827793
2018-05-04T20:00:00.0;0.03666792613302093
2018-05-04T21:00:00.0;0.03739571414529864
2018-05-04T22:00:00.0;0.036224056828296554
2018-05-04T23:00:00.0;0.03392407366202969
2018-05-05T00:00:00.0;0.03212144355167117
2018-05-05T01:00:00.0;0.029784863812806726
2018-05-05T02:00:00.0;0.02848826474266655
2018-05-05T03:00:00.0;0.02728001006094288
2018-05-05T04:00:00.0;0.026035242419729796
2018-05-05T05:00:00.0;0.02529001520343785
2018-05-05T06:00:00.0;0.025371109437829657
2018-05-05T07:00:00.0;0.025398514576081253
2018-05-05T08:00:00.0;0.02505778719390277
2018-05-05T09:00:00.0;0.024284161698829732
2018-05-05T10:00:00.0;0.02347676418306679
2018-05-05T11:00:00.0;0.02369780359915115
2018-05-05T12:00:00.0;0.02356863840217311
2018-05-05T13:00:00.0;0.023831963737333386
2018-05-05T14:00:00.0;0.025115964899281605
2018-05-05T15:00:00.0;0.027241405261999415
2018-05-05T16:00:00.0;0.030167902398415956
2018-05-05T17:00:00.0;0.03146161649662785
2018-05-05T18:00:00.0;0.0333487622304783
2018-05-05T19:00:00.0;0.035077465675191766
2018-05-05T20:00:00.0;0.03625246560970609
2018-05-05T21:00:00.0;0.036996407672794863
2018-05-05T22:00:00.0;0.0355626968592712
2018-05-05T23:00:00.0;0.03345038513133379
2018-05-06T00:00:00.0;0.030547292755389394
2018-05-06T01:00:00.0;0.02903421850644041
2018-05-06T02:00:00.0;0.02774633746603898
2018-05-06T03:00:00.0;0.026459174626946264
2018-05-06T04:00:00.0;0.02494593691626767
2018-05-06T05:00:00.0;0.02374071461758042
2018-05-06T06:00:00.0;0.023393195951644463
2018-05-06T07:00:00.0;0.02316902972180257
2018-05-06T08:00:00.0;0.02298812037852966
2018-05-06T09:00:00.0;0.022398614051634923
2018-05-06T10:00:00.0;0.021640511163727793
2018-05-06T11:00:00.0;0.021409541777579328
2018-05-06T12:00:00.0;0.02132630833968225
2018-05-06T13:00:00.0;0.021799521632920593
2018-05-06T14:00:00.0;0.023173255328817432
2018-05-06T15:00:00.0;0.02540012674869912
2018-05-06T16:00:00.0;0.02849353217849969
2018-05-06T17:00:00.0;0.030826477279430123
2018-05-06T18:00:00.0;0.032710474505177875
2018-05-06T19:00:00.0;0.034622078479707066
2018-05-06T20:00:00.0;0.03597407847888382
2018-05-06T21:00:00.0;0.03672884486727929
2018-05-06T22:00:00.0;0.03511954018400233
2018-05-06T23:00:00.0;0.03313298122996741
2018-05-07T00:00:00.0;0.03301290921203954
2018-05-07T01:00:00.0;0.03066971248821371
2018-05-07T02:00:00.0;0.029376401623314792
2018-05-07T03:00:00.0;0.028223341959407098
2018-05-07T04:00:00.0;0.027489086873835618
2018-05-07T05:00:00.0;0.027108411234808266
2018-05-07T06:00:00.0;0.028079137787696586
2018-05-07T07:00:00.0;0.028335637184640626
2018-05-07T08:00:00.0;0.027623487363106457
2018-05-07T09:00:00.0;0.026388625915843757
2018-05-07T10:00:00.0;0.025548643811497525
2018-05-07T11:00:00.0;0.025666672349390556
2018-05-07T12:00:00.0;0.025711503810617483
2018-05-07T13:00:00.0;0.026017667470364506
2018-05-07T14:00:00.0;0.027190800909601423
2018-05-07T15:00:00.0;0.029223537283820253
2018-05-07T16:00:00.0;0.03199139052210789
2018-05-07T17:00:00.0;0.03283581389572813
2018-05-07T18:00:00.0;0.03441698925717251
2018-05-07T19:00:00.0;0.03597856326101664
2018-05-07T20:00:00.0;0.03691408663849593
2018-05-07T21:00:00.0;0.03683087369089655
2018-05-07T22:00:00.0;0.03535793971221323
2018-05-07T23:00:00.0;0.033110379107060064
2018-05-08T00:00:00.0;0.03320833814106041
2018-05-08T01:00:00.0;0.030303157437513533
2018-05-08T02:00:00.0;0.029000538880945774
2018-05-08T03:00:00.0;0.02784676744790811
2018-05-08T04:00:00.0;0.026787368747589548
2018-05-08T05:00:00.0;0.02635975161502151
2018-05-08T06:00:00.0;0.026736787663507032
2018-05-08T07:00:00.0;0.026937893796270665
2018-05-08T08:00:00.0;0.026486817798074217
2018-05-08T09:00:00.0;0.025586064629992637
2018-05-08T10:00:00.0;0.024744630944106106
2018-05-08T11:00:00.0;0.025277766204288503
2018-05-08T12:00:00.0;0.025116886777298866
2018-05-08T13:00:00.0;0.02523529201550791
2018-05-08T14:00:00.0;0.026457336085498162
2018-05-08T15:00:00.0;0.028512741946128975
2018-05-08T16:00:00.0;0.03132399490045584
2018-05-08T17:00:00.0;0.031900157315151535
2018-05-08T18:00:00.0;0.0337894769807686
2018-05-08T19:00:00.0;0.03539189417849563
2018-05-08T20:00:00.0;0.03644468192529734
2018-05-08T21:00:00.0;0.03718115018051623
2018-05-08T22:00:00.0;0.03586868062762376
2018-05-08T23:00:00.0;0.03366954112570296
2018-05-09T00:00:00.0;0.033717355333125046
2018-05-09T01:00:00.0;0.031020133762721835
2018-05-09T02:00:00.0;0.02972318094221645
2018-05-09T03:00:00.0;0.02860576480194572
2018-05-09T04:00:00.0;0.028002959118382877
2018-05-09T05:00:00.0;0.027831417112271887
2018-05-09T06:00:00.0;0.02901435576987867
2018-05-09T07:00:00.0;0.029386167813432226
2018-05-09T08:00:00.0;0.02859363761821156
2018-05-09T09:00:00.0;0.02726512207341389
2018-05-09T10:00:00.0;0.026402932952275117
2018-05-09T11:00:00.0;0.02671191633432145
2018-05-09T12:00:00.0;0.026742501457484788
2018-05-09T13:00:00.0;0.026959838694509512
2018-05-09T14:00:00.0;0.028090921968398005
2018-05-09T15:00:00.0;0.030077154856520766
2018-05-09T16:00:00.0;0.03276829272398767
2018-05-09T17:00:00.0;0.03315204307820031
2018-05-09T18:00:00.0;0.034724920491297835
2018-05-09T19:00:00.0;0.036202640473330876
2018-05-09T20:00:00.0;0.0370545630226381
2018-05-09T21:00:00.0;0.03694060992548143
2018-05-09T22:00:00.0;0.035541882065917296
2018-05-09T23:00:00.0;0.033236026317813284
2018-05-10T00:00:00.0;0.03203490836554427
2018-05-10T01:00:00.0;0.030224438413412644
2018-05-10T02:00:00.0;0.02893692132707825
2018-05-10T03:00:00.0;0.027735319082890203
2018-05-10T04:00:00.0;0.026850713252856324
2018-05-10T05:00:00.0;0.026189021924755883
2018-05-10T06:00:00.0;0.02692313576985353
2018-05-10T07:00:00.0;0.027027311222336384
2018-05-10T08:00:00.0;0.026401566282423856
2018-05-10T09:00:00.0;0.025264718543192947
2018-05-10T10:00:00.0;0.024455148417920916
2018-05-10T11:00:00.0;0.024275879195700022
2018-05-10T12:00:00.0;0.02435842371622917
2018-05-10T13:00:00.0;0.02480240692732022
2018-05-10T14:00:00.0;0.026028535026218366
2018-05-10T15:00:00.0;0.02812267149856785
2018-05-10T16:00:00.0;0.030991281017581744
2018-05-10T17:00:00.0;0.03248775432569696
2018-05-10T18:00:00.0;0.034052854103555824
2018-05-10T19:00:00.0;0.0357251463729563
2018-05-10T20:00:00.0;0.03676424960080717
2018-05-10T21:00:00.0;0.03665009377645156
2018-05-10T22:00:00.0;0.03506170363938824
2018-05-10T23:00:00.0;0.03288933392691372
2018-05-11T00:00:00.0;0.03276180800861675
2018-05-11T01:00:00.0;0.03010807518544252
2018-05-11T02:00:00.0;0.028808248957160686
2018-05-11T03:00:00.0;0.027632502069855774
2018-05-11T04:00:00.0;0.02651086518916758
2018-05-11T05:00:00.0;0.02595680348917343
2018-05-11T06:00:00.0;0.026237372332936555
2018-05-11T07:00:00.0;0.026370479782629217
2018-05-11T08:00:00.0;0.025953832371781067
2018-05-11T09:00:00.0;0.02509144858040802
2018-05-11T10:00:00.0;0.024263816774268438
2018-05-11T11:00:00.0;0.024654796141926522
2018-05-11T12:00:00.0;0.02451471090587893
2018-05-11T13:00:00.0;0.024698931606950178
2018-05-11T14:00:00.0;0.02594409820594651
2018-05-11T15:00:00.0;0.028026907430534705
2018-05-11T16:00:00.0;0.030883016884249614
2018-05-11T17:00:00.0;0.03175937769460632
2018-05-11T18:00:00.0;0.03363585622663857
2018-05-11T19:00:00.0;0.035287688519964354
2018-05-11T20:00:00.0;0.036385279126425675
2018-05-11T21:00:00.0;0.03709294292322322
2018-05-11T22:00:00.0;0.035725280261477574
2018-05-11T23:00:00.0;0.033559326331161404
2018-05-12T00:00:00.0;0.03070601335223704
2018-05-12T01:00:00.0;0.029398307010734037
2018-05-12T02:00:00.0;0.028107102177492915
2018-05-12T03:00:00.0;0.02683138211466578
2018-05-12T04:00:00.0;0.025554173647819103
2018-05-12T05:00:00.0;0.02446121116384453
2018-05-12T06:00:00.0;0.02434370225207278
2018-05-12T07:00:00.0;0.0242093355406858
2018-05-12T08:00:00.0;0.023904568733984943
2018-05-12T09:00:00.0;0.023166588417104023
2018-05-12T10:00:00.0;0.022477791156081936
2018-05-12T11:00:00.0;0.022134298047165487
2018-05-12T12:00:00.0;0.022201858446358892
2018-05-12T13:00:00.0;0.022871719435954514
2018-05-12T14:00:00.0;0.024138993127607478
2018-05-12T15:00:00.0;0.026258192116001784
2018-05-12T16:00:00.0;0.029323994297213742
2018-05-12T17:00:00.0;0.031677034980112644
2018-05-12T18:00:00.0;0.033407351988921155
2018-05-12T19:00:00.0;0.035274390191404485
2018-05-12T20:00:00.0;0.036401739555311806
2018-05-12T21:00:00.0;0.03657841441419268
2018-05-12T22:00:00.0;0.03488255288118867
2018-05-12T23:00:00.0;0.03289546395205283
2018-05-13T00:00:00.0;0.030620212193051066
2018-05-13T01:00:00.0;0.02932432149990751
2018-05-13T02:00:00.0;0.028040604754098662
2018-05-13T03:00:00.0;0.0267629331047843
2018-05-13T04:00:00.0;0.025461218352415205
2018-05-13T05:00:00.0;0.024335090583834512
2018-05-13T06:00:00.0;0.024366698469566676
2018-05-13T07:00:00.0;0.024202295257098293
2018-05-13T08:00:00.0;0.02385797009728774
2018-05-13T09:00:00.0;0.023061685369673256
2018-05-13T10:00:00.0;0.022298706365588034
2018-05-13T11:00:00.0;0.0218893019248396
2018-05-13T12:00:00.0;0.021915020069120966
2018-05-13T13:00:00.0;0.022468315092374343
2018-05-13T14:00:00.0;0.023804541517503455
2018-05-13T15:00:00.0;0.026007130772369057
2018-05-13T16:00:00.0;0.029057193347487964
2018-05-13T17:00:00.0;0.03141932915261502
2018-05-13T18:00:00.0;0.03313255436136024
2018-05-13T19:00:00.0;0.035000391848612845
2018-05-13T20:00:00.0;0.03626686327946582
2018-05-13T21:00:00.0;0.036565153318661246
2018-05-13T22:00:00.0;0.0348869721025667
2018-05-13T23:00:00.0;0.032859025626802436
2018-05-14T00:00:00.0;0.033417156777395075
2018-05-14T01:00:00.0;0.03049755465148663
2018-05-14T02:00:00.0;0.029199499526473407
2018-05-14T03:00:00.0;0.028058296304938564
2018-05-14T04:00:00.0;0.027064871200888692
2018-05-14T05:00:00.0;0.026705258530271146
2018-05-14T06:00:00.0;0.027244069916903774
2018-05-14T07:00:00.0;0.027493415663125947
2018-05-14T08:00:00.0;0.027009252753414145
2018-05-14T09:00:00.0;0.026045187296400568
2018-05-14T10:00:00.0;0.025175776692855988
2018-05-14T11:00:00.0;0.025686064421264625
2018-05-14T12:00:00.0;0.02558042318928535
2018-05-14T13:00:00.0;0.025710327462567482
2018-05-14T14:00:00.0;0.026918485366527276
2018-05-14T15:00:00.0;0.02895608666243494
2018-05-14T16:00:00.0;0.03168645218424088
2018-05-14T17:00:00.0;0.03223272646636083
2018-05-14T18:00:00.0;0.03407093447064706
2018-05-14T19:00:00.0;0.03563282584033503
2018-05-14T20:00:00.0;0.036625626093476395
2018-05-14T21:00:00.0;0.03722769686591414
2018-05-14T22:00:00.0;0.03590051421380046
2018-05-14T23:00:00.0;0.033736779483370824
2018-05-15T00:00:00.0;0.033676995553522535
2018-05-15T01:00:00.0;0.030872749384360732
2018-05-15T02:00:00.0;0.029573727551617364
2018-05-15T03:00:00.0;0.028451359502838582
2018-05-15T04:00:00.0;0.027741758295316964
2018-05-15T05:00:00.0;0.02752942228298781
2018-05-15T06:00:00.0;0.02852107004418712
2018-05-15T07:00:00.0;0.028862288151369167
2018-05-15T08:00:00.0;0.028152150903730425
2018-05-15T09:00:00.0;0.026927848068053088
2018-05-15T10:00:00.0;0.026068223939613014
2018-05-15T11:00:00.0;0.02646567439212865
2018-05-15T12:00:00.0;0.02644169170141684
2018-05-15T13:00:00.0;0.02661934168359828
2018-05-15T14:00:00.0;0.027769462707222935
2018-05-15T15:00:00.0;0.029768124266791558
2018-05-15T16:00:00.0;0.03248141307257174
2018-05-15T17:00:00.0;0.032852999548254005
2018-05-15T18:00:00.0;0.034511571867396985
2018-05-15T19:00:00.0;0.03601169363814031
2018-05-15T20:00:00.0;0.03690696228640239
2018-05-15T21:00:00.0;0.037022119069679185
2018-05-15T22:00:00.0;0.03565753712621698
2018-05-15T23:00:00.0;0.033372752593899886
2018-05-16T00:00:00.0;0.03310187036505703
2018-05-16T01:00:00.0;0.03117364618288793
2018-05-16T02:00:00.0;0.02987607082460056
2018-05-16T03:00:00.0;0.028713800892696532
2018-05-16T04:00:00.0;0.028164674903419357
2018-05-16T05:00:00.0;0.027835002381826464
2018-05-16T06:00:00.0;0.029281230593421276
2018-05-16T07:00:00.0;0.029691765181996333
2018-05-16T08:00:00.0;0.02883850142938295
2018-05-16T09:00:00.0;0.027411122779960884
2018-05-16T10:00:00.0;0.026514654944168593
2018-05-16T11:00:00.0;0.026272206059343023
2018-05-16T12:00:00.0;0.026476216232387186
2018-05-16T13:00:00.0;0.026914098635096993
2018-05-16T14:00:00.0;0.02803467643432005
2018-05-16T15:00:00.0;0.03001509278071347
2018-05-16T16:00:00.0;0.0326596217440612
2018-05-16T17:00:00.0;0.033876621535132316
2018-05-16T18:00:00.0;0.035203533528795315
2018-05-16T19:00:00.0;0.036679857119989404
2018-05-16T20:00:00.0;0.03746875332525944
2018-05-16T21:00:00.0;0.03678043902759896
2018-05-16T22:00:00.0;0.03526349027012299
2018-05-16T23:00:00.0;0.03310057736115108
2018-05-17T00:00:00.0;0.03255978826338345
2018-05-17T01:00:00.0;0.030900366038847927
2018-05-17T02:00:00.0;0.029516586159577737
2018-05-17T03:00:00.0;0.028159143437379335
2018-05-17T04:00:00.0;0.026794179404139737
2018-05-17T05:00:00.0;0.02598097715607399
2018-05-17T06:00:00.0;0.026395048995885594
2018-05-17T07:00:00.0;0.026582786668384685
2018-05-17T08:00:00.0;0.026697040270761908
2018-05-17T09:00:00.0;0.0259561027546855
2018-05-17T10:00:00.0;0.02501638173033301
2018-05-17T11:00:00.0;0.024522641042486967
2018-05-17T12:00:00.0;0.024171922228382436
2018-05-17T13:00:00.0;0.024571808521219804
2018-05-17T14:00:00.0;0.025794143348667288
2018-05-17T15:00:00.0;0.027877547657097098
2018-05-17T16:00:00.0;0.03084538217106639
2018-05-17T17:00:00.0;0.033586479616689494
2018-05-17T18:00:00.0;0.035238986849469946
2018-05-17T19:00:00.0;0.03681501249322897
2018-05-17T20:00:00.0;0.03769427483090306
2018-05-17T21:00:00.0;0.03878482343369638
2018-05-17T22:00:00.0;0.0369879640923628
2018-05-17T23:00:00.0;0.03484797747664723
2018-05-18T00:00:00.0;0.033195242286093433
2018-05-18T01:00:00.0;0.030674467651786795
2018-05-18T02:00:00.0;0.029378676485134352
2018-05-18T03:00:00.0;0.028232878112167487
2018-05-18T04:00:00.0;0.027465633249152743
2018-05-18T05:00:00.0;0.02711963707833472
2018-05-18T06:00:00.0;0.02802435902962484
2018-05-18T07:00:00.0;0.02829451123805189
2018-05-18T08:00:00.0;0.027614070647431363
2018-05-18T09:00:00.0;0.026421699812251356
2018-05-18T10:00:00.0;0.025576842514406214
2018-05-18T11:00:00.0;0.025811405867190548
2018-05-18T12:00:00.0;0.02581516035087807
2018-05-18T13:00:00.0;0.026068104521225398
2018-05-18T14:00:00.0;0.027241579933203735
2018-05-18T15:00:00.0;0.029268871605720455
2018-05-18T16:00:00.0;0.03202885527166649
2018-05-18T17:00:00.0;0.03272801198207065
2018-05-18T18:00:00.0;0.03436457096407779
2018-05-18T19:00:00.0;0.0359163209231732
2018-05-18T20:00:00.0;0.03685623501722208
2018-05-18T21:00:00.0;0.03691854787756866
2018-05-18T22:00:00.0;0.0354907427612899
2018-05-18T23:00:00.0;0.033240063870312184
2018-05-19T00:00:00.0;0.03314570977344922
2018-05-19T01:00:00.0;0.031409555338215434
2018-05-19T02:00:00.0;0.030127612581359108
2018-05-19T03:00:00.0;0.02899667253913985
2018-05-19T04:00:00.0;0.02881255963267883
2018-05-19T05:00:00.0;0.02862379896399079
2018-05-19T06:00:00.0;0.030582599411422762
2018-05-19T07:00:00.0;0.030987791423227797
2018-05-19T08:00:00.0;0.029848793215108797
2018-05-19T09:00:00.0;0.028073123841715994
2018-05-19T10:00:00.0;0.027222113709548305
2018-05-19T11:00:00.0;0.026850021985940074
2018-05-19T12:00:00.0;0.027185290400864683
2018-05-19T13:00:00.0;0.027711689861131573
2018-05-19T14:00:00.0;0.028788888576943634
2018-05-19T15:00:00.0;0.030761179924282882
2018-05-19T16:00:00.0;0.03342059811056657
2018-05-19T17:00:00.0;0.03438224222164957
2018-05-19T18:00:00.0;0.035510825000171435
2018-05-19T19:00:00.0;0.036963455173682734
2018-05-19T20:00:00.0;0.03767915690549807
2018-05-19T21:00:00.0;0.03638689500395939
2018-05-19T22:00:00.0;0.03472473009125787
2018-05-19T23:00:00.0;0.032372335972421985
2018-05-20T00:00:00.0;0.030484090458639992
2018-05-20T01:00:00.0;0.029004080029543175
2018-05-20T02:00:00.0;0.027716549018823727
2018-05-20T03:00:00.0;0.02642621801008058
2018-05-20T04:00:00.0;0.024902201201847433
2018-05-20T05:00:00.0;0.023678510059025628
2018-05-20T06:00:00.0;0.023313782546401585
2018-05-20T07:00:00.0;0.023079515703392613
2018-05-20T08:00:00.0;0.02290502306882682
2018-05-20T09:00:00.0;0.022322909143175942
2018-05-20T10:00:00.0;0.021566785439032694
2018-05-20T11:00:00.0;0.021317667858620024
2018-05-20T12:00:00.0;0.021236278585001565
2018-05-20T13:00:00.0;0.021717918898727342
2018-05-20T14:00:00.0;0.02309525536397264
2018-05-20T15:00:00.0;0.025326199249967245
2018-05-20T16:00:00.0;0.028426306062833088
2018-05-20T17:00:00.0;0.030800976382452952
2018-05-20T18:00:00.0;0.0326848471953158
2018-05-20T19:00:00.0;0.034603794642648456
2018-05-20T20:00:00.0;0.03596290121041945
2018-05-20T21:00:00.0;0.03671810219645433
2018-05-20T22:00:00.0;0.035101747403435836
2018-05-20T23:00:00.0;0.03312023743463919
2018-05-21T00:00:00.0;0.030068603316971535
2018-05-21T01:00:00.0;0.028805951950908223
2018-05-21T02:00:00.0;0.027520722008971824
2018-05-21T03:00:00.0;0.0262095636914111
2018-05-21T04:00:00.0;0.024614685907184273
2018-05-21T05:00:00.0;0.023269581973149957
2018-05-21T06:00:00.0;0.022791724797687984
2018-05-21T07:00:00.0;0.022491057283979814
2018-05-21T08:00:00.0;0.022358747609476537
2018-05-21T09:00:00.0;0.021825230773185506
2018-05-21T10:00:00.0;0.02108211807413516
2018-05-21T11:00:00.0;0.020713695630622784
2018-05-21T12:00:00.0;0.020644429754163876
2018-05-21T13:00:00.0;0.021181468666282177
2018-05-21T14:00:00.0;0.02258248946604806
2018-05-21T15:00:00.0;0.024840205437739262
2018-05-21T16:00:00.0;0.027984366638471057
2018-05-21T17:00:00.0;0.03063333540514738
2018-05-21T18:00:00.0;0.03251637518921985
2018-05-21T19:00:00.0;0.03448359807402792
2018-05-21T20:00:00.0;0.03588942268883446
2018-05-21T21:00:00.0;0.03664748068703919
2018-05-21T22:00:00.0;0.03498477900323321
2018-05-21T23:00:00.0;0.03303646068336184
2018-05-22T00:00:00.0;0.032940822975157276
2018-05-22T01:00:00.0;0.03083404491471567
2018-05-22T02:00:00.0;0.029544688365493142
2018-05-22T03:00:00.0;0.028392556921023864
2018-05-22T04:00:00.0;0.027800943671482448
2018-05-22T05:00:00.0;0.027444174331357155
2018-05-22T06:00:00.0;0.028674870913702986
2018-05-22T07:00:00.0;0.02895729037086815
2018-05-22T08:00:00.0;0.028131044846335707
2018-05-22T09:00:00.0;0.026750330333772877
2018-05-22T10:00:00.0;0.02591058793259752
2018-05-22T11:00:00.0;0.025852757973384478
2018-05-22T12:00:00.0;0.025986138556802027
2018-05-22T13:00:00.0;0.026371802639080056
2018-05-22T14:00:00.0;0.027523090685619766
2018-05-22T15:00:00.0;0.029545231354507036
2018-05-22T16:00:00.0;0.032293014113271366
2018-05-22T17:00:00.0;0.0332452094356034
2018-05-22T18:00:00.0;0.03469322642437747
2018-05-22T19:00:00.0;0.036235709130406954
2018-05-22T20:00:00.0;0.0371191575979083
2018-05-22T21:00:00.0;0.03668158488221477
2018-05-22T22:00:00.0;0.03514067751521743
2018-05-22T23:00:00.0;0.03287119980939853
2018-05-23T00:00:00.0;0.03296597485388289
2018-05-23T01:00:00.0;0.03137584072799304
2018-05-23T02:00:00.0;0.030128371378552593
2018-05-23T03:00:00.0;0.02898133501218187
2018-05-23T04:00:00.0;0.028219329914385388
2018-05-23T05:00:00.0;0.02780866058438503
2018-05-23T06:00:00.0;0.02890773219777791
2018-05-23T07:00:00.0;0.02928033568509548
2018-05-23T08:00:00.0;0.028872701834841023
2018-05-23T09:00:00.0;0.02774096899396106
2018-05-23T10:00:00.0;0.026821624519047817
2018-05-23T11:00:00.0;0.02640736222409857
2018-05-23T12:00:00.0;0.02709553922077006
2018-05-23T13:00:00.0;0.028018415718185606
2018-05-23T14:00:00.0;0.029087251248286067
2018-05-23T15:00:00.0;0.03092365932789089
2018-05-23T16:00:00.0;0.03309114614231968
2018-05-23T17:00:00.0;0.03527683119094998
2018-05-23T18:00:00.0;0.03661443137169014
2018-05-23T19:00:00.0;0.03807384288009111
2018-05-23T20:00:00.0;0.038409708141759584
2018-05-23T21:00:00.0;0.037336274652698516
2018-05-23T22:00:00.0;0.03547833672666411
2018-05-23T23:00:00.0;0.034081991024676524
2018-05-24T00:00:00.0;0.03330939261963835
2018-05-24T01:00:00.0;0.03143773932434871
2018-05-24T02:00:00.0;0.030169922266342925
2018-05-24T03:00:00.0;0.02896336647666401
2018-05-24T04:00:00.0;0.02774621113371201
2018-05-24T05:00:00.0;0.027211166318440106
2018-05-24T06:00:00.0;0.028274812887818038
2018-05-24T07:00:00.0;0.028618569032260746
2018-05-24T08:00:00.0;0.028616333603258864
2018-05-24T09:00:00.0;0.027704343966093076
2018-05-24T10:00:00.0;0.026502299038985676
2018-05-24T11:00:00.0;0.026031177371923522
2018-05-24T12:00:00.0;0.02637721447042083
2018-05-24T13:00:00.0;0.02689926749943194
2018-05-24T14:00:00.0;0.028160781595254515
2018-05-24T15:00:00.0;0.030192893338695674
2018-05-24T16:00:00.0;0.032266523442393925
2018-05-24T17:00:00.0;0.03488822419385122
2018-05-24T18:00:00.0;0.03638351048866036
2018-05-24T19:00:00.0;0.037787824624321134
2018-05-24T20:00:00.0;0.038398103511494835
2018-05-24T21:00:00.0;0.038564575806278846
2018-05-24T22:00:00.0;0.036738910158212665
2018-05-24T23:00:00.0;0.03539342154217028
2018-05-25T00:00:00.0;0.03266612123222376
2018-05-25T01:00:00.0;0.03111390163199648
2018-05-25T02:00:00.0;0.029869025239762127
2018-05-25T03:00:00.0;0.028711924968287793
2018-05-25T04:00:00.0;0.02800817754324799
2018-05-25T05:00:00.0;0.027536006541818626
2018-05-25T06:00:00.0;0.02901775598642087
2018-05-25T07:00:00.0;0.029307148522825784
2018-05-25T08:00:00.0;0.028665311355887433
2018-05-25T09:00:00.0;0.02730513085559188
2018-05-25T10:00:00.0;0.026288613491726863
2018-05-25T11:00:00.0;0.02575349103274177
2018-05-25T12:00:00.0;0.02625133813320025
2018-05-25T13:00:00.0;0.026871159131088444
2018-05-25T14:00:00.0;0.02807650514685734
2018-05-25T15:00:00.0;0.030110706774654893
2018-05-25T16:00:00.0;0.03242744385825109
2018-05-25T17:00:00.0;0.03438682290462106
2018-05-25T18:00:00.0;0.035664967884802626
2018-05-25T19:00:00.0;0.03715464333864632
2018-05-25T20:00:00.0;0.03787560489962439
2018-05-25T21:00:00.0;0.03702810220034436
2018-05-25T22:00:00.0;0.035249377443314245
2018-05-25T23:00:00.0;0.03352247203884889
2018-05-26T00:00:00.0;0.03178118738942243
2018-05-26T01:00:00.0;0.029641273573830597
2018-05-26T02:00:00.0;0.02834689283306303
2018-05-26T03:00:00.0;0.027122008556004044
2018-05-26T04:00:00.0;0.025833762746482913
2018-05-26T05:00:00.0;0.024993330457335927
2018-05-26T06:00:00.0;0.025008040035873633
2018-05-26T07:00:00.0;0.02498458402862091
2018-05-26T08:00:00.0;0.024666997935147664
2018-05-26T09:00:00.0;0.023918679168027746
2018-05-26T10:00:00.0;0.023121747285770385
2018-05-26T11:00:00.0;0.023230510806757074
2018-05-26T12:00:00.0;0.023119393196677992
2018-05-26T13:00:00.0;0.023434650523990602
2018-05-26T14:00:00.0;0.024735609810816094
2018-05-26T15:00:00.0;0.02688154325957064
2018-05-26T16:00:00.0;0.02984151499508328
2018-05-26T17:00:00.0;0.03136551367303045
2018-05-26T18:00:00.0;0.03323948561472572
2018-05-26T19:00:00.0;0.035005143599657694
2018-05-26T20:00:00.0;0.03621275009918696
2018-05-26T21:00:00.0;0.036925702392752564
2018-05-26T22:00:00.0;0.03544840749240598
2018-05-26T23:00:00.0;0.033360678080580235
2018-05-27T00:00:00.0;0.030761771893594768
2018-05-27T01:00:00.0;0.029246915320099764
2018-05-27T02:00:00.0;0.02795982198894535
2018-05-27T03:00:00.0;0.0266859342564696
2018-05-27T04:00:00.0;0.025295373164880484
2018-05-27T05:00:00.0;0.0241778158327245
2018-05-27T06:00:00.0;0.024044067402969587
2018-05-27T07:00:00.0;0.023874983461767495
2018-05-27T08:00:00.0;0.023604829302163247
2018-05-27T09:00:00.0;0.02290450126835975
2018-05-27T10:00:00.0;0.022138560735220934
2018-05-27T11:00:00.0;0.02188295641920537
2018-05-27T12:00:00.0;0.021841502310621277
2018-05-27T13:00:00.0;0.022324955200655913
2018-05-27T14:00:00.0;0.023672039916009604
2018-05-27T15:00:00.0;0.025876622134517347
2018-05-27T16:00:00.0;0.028931885723015166
2018-05-27T17:00:00.0;0.03115667760978791
2018-05-27T18:00:00.0;0.03296718834688047
2018-05-27T19:00:00.0;0.03483860869347467
2018-05-27T20:00:00.0;0.0361330502920505
2018-05-27T21:00:00.0;0.03668915004515671
2018-05-27T22:00:00.0;0.03507046600502445
2018-05-27T23:00:00.0;0.033051393818461554
2018-05-28T00:00:00.0;0.034314850062520275
2018-05-28T01:00:00.0;0.031223499629279557
2018-05-28T02:00:00.0;0.02991916774179495
2018-05-28T03:00:00.0;0.028828772314662725
2018-05-28T04:00:00.0;0.02825881622204037
2018-05-28T05:00:00.0;0.028243624515085778
2018-05-28T06:00:00.0;0.029399302713459446
2018-05-28T07:00:00.0;0.02985470171432206
2018-05-28T08:00:00.0;0.029074851376553933
2018-05-28T09:00:00.0;0.02777205161965484
2018-05-28T10:00:00.0;0.02691848695465439
2018-05-28T11:00:00.0;0.02748575520852184
2018-05-28T12:00:00.0;0.027473712818257074
2018-05-28T13:00:00.0;0.02762265514340842
2018-05-28T14:00:00.0;0.028709819753690816
2018-05-28T15:00:00.0;0.030637946180223627
2018-05-28T16:00:00.0;0.033287216683220266
2018-05-28T17:00:00.0;0.0332646965561137
2018-05-28T18:00:00.0;0.03490677081410806
2018-05-28T19:00:00.0;0.036331058809357164
2018-05-28T20:00:00.0;0.03709948315908125
2018-05-28T21:00:00.0;0.03710578661418271
2018-05-28T22:00:00.0;0.03579237408831897
2018-05-28T23:00:00.0;0.03346810811529151
2018-05-29T00:00:00.0;0.034052189426865324
2018-05-29T01:00:00.0;0.03205662809281388
2018-05-29T02:00:00.0;0.030872727375469443
2018-05-29T03:00:00.0;0.02979049472596085
2018-05-29T04:00:00.0;0.028853944507397478
2018-05-29T05:00:00.0;0.02862171676279719
2018-05-29T06:00:00.0;0.030426716669118056
2018-05-29T07:00:00.0;0.03094330535544937
2018-05-29T08:00:00.0;0.030716641988330712
2018-05-29T09:00:00.0;0.02952471457474632
2018-05-29T10:00:00.0;0.028138224158118057
2018-05-29T11:00:00.0;0.027642453780675046
2018-05-29T12:00:00.0;0.028539909271156766
2018-05-29T13:00:00.0;0.02916875056035031
2018-05-29T14:00:00.0;0.030422743745413913
2018-05-29T15:00:00.0;0.032392240368514666
2018-05-29T16:00:00.0;0.03380302069550811
2018-05-29T17:00:00.0;0.03618565889124349
2018-05-29T18:00:00.0;0.037466783008463775
2018-05-29T19:00:00.0;0.03870656172138618
2018-05-29T20:00:00.0;0.03906317109897212
2018-05-29T21:00:00.0;0.03827796702110127
2018-05-29T22:00:00.0;0.03642013824895348
2018-05-29T23:00:00.0;0.03557553781258644
2018-05-30T00:00:00.0;0.03453970128919711
2018-05-30T01:00:00.0;0.031247141688536883
2018-05-30T02:00:00.0;0.029942680097741106
2018-05-30T03:00:00.0;0.028862711708228014
2018-05-30T04:00:00.0;0.028271398297122302
2018-05-30T05:00:00.0;0.02830278765130405
2018-05-30T06:00:00.0;0.029477279250346843
2018-05-30T07:00:00.0;0.029949399184073605
2018-05-30T08:00:00.0;0.029174279302977536
2018-05-30T09:00:00.0;0.027877795476233487
2018-05-30T10:00:00.0;0.0269915313162917
2018-05-30T11:00:00.0;0.027665590499624294
2018-05-30T12:00:00.0;0.027600340703553692
2018-05-30T13:00:00.0;0.027649950727480124
2018-05-30T14:00:00.0;0.028755726481215552
2018-05-30T15:00:00.0;0.030701636730151156
2018-05-30T16:00:00.0;0.03332861200094589
2018-05-30T17:00:00.0;0.03311944835042887
2018-05-30T18:00:00.0;0.034804510714300435
2018-05-30T19:00:00.0;0.03620950852607631
2018-05-30T20:00:00.0;0.03701897750381784
2018-05-30T21:00:00.0;0.03719426889113888
2018-05-30T22:00:00.0;0.03593707848515146
2018-05-30T23:00:00.0;0.03358852841844458
2018-05-31T00:00:00.0;0.03416991252364315
2018-05-31T01:00:00.0;0.03129022569754645
2018-05-31T02:00:00.0;0.02999173775272349
2018-05-31T03:00:00.0;0.028898247943374245
2018-05-31T04:00:00.0;0.02841495396441316
2018-05-31T05:00:00.0;0.028387943389847837
2018-05-31T06:00:00.0;0.029770491205576625
2018-05-31T07:00:00.0;0.030224856946864668
2018-05-31T08:00:00.0;0.029353209851763675
2018-05-31T09:00:00.0;0.027929610881372947
2018-05-31T10:00:00.0;0.027052698674627514
2018-05-31T11:00:00.0;0.027449241927561315
2018-05-31T12:00:00.0;0.0274902389293748
2018-05-31T13:00:00.0;0.027666328472797385
2018-05-31T14:00:00.0;0.02876452350064066
2018-05-31T15:00:00.0;0.03071743195128871
2018-05-31T16:00:00.0;0.033353013462174654
2018-05-31T17:00:00.0;0.03345443388047872
2018-05-31T18:00:00.0;0.03499187705399098
2018-05-31T19:00:00.0;0.0364095104607813
2018-05-31T20:00:00.0;0.037194105489342565
2018-05-31T21:00:00.0;0.036980094134902705
2018-05-31T22:00:00.0;0.03561547479464499
2018-05-31T23:00:00.0;0.0332659050034452
2018-06-01T00:00:00.0;0.033778905638947955
2018-06-01T01:00:00.0;0.031335781825023105
2018-06-01T02:00:00.0;0.030043610288159706
2018-06-01T03:00:00.0;0.02893582321307588
2018-06-01T04:00:00.0;0.02856674671604976
2018-06-01T05:00:00.0;0.028477985281715607
2018-06-01T06:00:00.0;0.030080527377167824
2018-06-01T07:00:00.0;0.0305161202077501
2018-06-01T08:00:00.0;0.02954240726113565
2018-06-01T09:00:00.0;0.027984399403983822
2018-06-01T10:00:00.0;0.027117375756399036
2018-06-01T11:00:00.0;0.02722047948518729
2018-06-01T12:00:00.0;0.027373819622648135
2018-06-01T13:00:00.0;0.027683645957186722
2018-06-01T14:00:00.0;0.028773825284470846
2018-06-01T15:00:00.0;0.03073413348682837
2018-06-01T16:00:00.0;0.03337881505547826
2018-06-01T17:00:00.0;0.033808640553919835
2018-06-01T18:00:00.0;0.03518999429173182
2018-06-01T19:00:00.0;0.03662098831166967
2018-06-01T20:00:00.0;0.03737928214807742
2018-06-01T21:00:00.0;0.03675363023979002
2018-06-01T22:00:00.0;0.035275417797664466
2018-06-01T23:00:00.0;0.03292476977117372
2018-06-02T00:00:00.0;0.03270077904501887
2018-06-02T01:00:00.0;0.03073924270630506
2018-06-02T02:00:00.0;0.029451567397421174
2018-06-02T03:00:00.0;0.028287852622132494
2018-06-02T04:00:00.0;0.02767063288911723
2018-06-02T05:00:00.0;0.027248168853609377
2018-06-02T06:00:00.0;0.02844117539095526
2018-06-02T07:00:00.0;0.028688937648937023
2018-06-02T08:00:00.0;0.027875047524071772
2018-06-02T09:00:00.0;0.026507141211401342
2018-06-02T10:00:00.0;0.025674716126426942
2018-06-02T11:00:00.0;0.025532603967910454
2018-06-02T12:00:00.0;0.025681543587405785
2018-06-02T13:00:00.0;0.02610613005850949
2018-06-02T14:00:00.0;0.027268532994371045
2018-06-02T15:00:00.0;0.029304632749855616
2018-06-02T16:00:00.0;0.032075124912248704
2018-06-02T17:00:00.0;0.03319174938321982
2018-06-02T18:00:00.0;0.03462612288634582
2018-06-02T19:00:00.0;0.03619377809672352
2018-06-02T20:00:00.0;0.03709826191217109
2018-06-02T21:00:00.0;0.036627222561332634
2018-06-02T22:00:00.0;0.035053607671797014
2018-06-02T23:00:00.0;0.03280056728552001
2018-06-03T00:00:00.0;0.034175758001482856
2018-06-03T01:00:00.0;0.03109798098023563
2018-06-03T02:00:00.0;0.029795971328592886
2018-06-03T03:00:00.0;0.02869831681906588
2018-06-03T04:00:00.0;0.028063949248433747
2018-06-03T05:00:00.0;0.027994507381636016
2018-06-03T06:00:00.0;0.029104220175453298
2018-06-03T07:00:00.0;0.029522772117131668
2018-06-03T08:00:00.0;0.02876970035461959
2018-06-03T09:00:00.0;0.02749684874255952
2018-06-03T10:00:00.0;0.026621733848934116
2018-06-03T11:00:00.0;0.027172245248862314
2018-06-03T12:00:00.0;0.027128224768657512
2018-06-03T13:00:00.0;0.027234938638085692
2018-06-03T14:00:00.0;0.02835827500078659
2018-06-03T15:00:00.0;0.030325765531725894
2018-06-03T16:00:00.0;0.032987928506999206
2018-06-03T17:00:00.0;0.03302642120568133
2018-06-03T18:00:00.0;0.03469443015885967
2018-06-03T19:00:00.0;0.036138343371922045
2018-06-03T20:00:00.0;0.0369813484897039
2018-06-03T21:00:00.0;0.03711558932849122
2018-06-03T22:00:00.0;0.03581044588134614
2018-06-03T23:00:00.0;0.03348757304213125
2018-06-04T00:00:00.0;0.034123356601158554
2018-06-04T01:00:00.0;0.03116810671255097
2018-06-04T02:00:00.0;0.029861407422650883
2018-06-04T03:00:00.0;0.02876057175086288
2018-06-04T04:00:00.0;0.0281774478945789
2018-06-04T05:00:00.0;0.028114753754641415
2018-06-04T06:00:00.0;0.02915160295065576
2018-06-04T07:00:00.0;0.029588569772283163
2018-06-04T08:00:00.0;0.02884286636062702
2018-06-04T09:00:00.0;0.02758489933446678
2018-06-04T10:00:00.0;0.02677829304826607
2018-06-04T11:00:00.0;0.027298441547294747
2018-06-04T12:00:00.0;0.027323650822616865
2018-06-04T13:00:00.0;0.02757305403317359
2018-06-04T14:00:00.0;0.02863446325666416
2018-06-04T15:00:00.0;0.0305318528939353
2018-06-04T16:00:00.0;0.033212181447344266
2018-06-04T17:00:00.0;0.033347053282936474
2018-06-04T18:00:00.0;0.03498560533478107
2018-06-04T19:00:00.0;0.03643453299624901
2018-06-04T20:00:00.0;0.037149665150297786
2018-06-04T21:00:00.0;0.037059964751126356
2018-06-04T22:00:00.0;0.0357051088789245
2018-06-04T23:00:00.0;0.033419142455568436
2018-06-05T00:00:00.0;0.03449842852731426
2018-06-05T01:00:00.0;0.03116034149829467
2018-06-05T02:00:00.0;0.029854907656259214
2018-06-05T03:00:00.0;0.028771336275520285
2018-06-05T04:00:00.0;0.028120649809875525
2018-06-05T05:00:00.0;0.028124788238715632
2018-06-05T06:00:00.0;0.029193599981292
2018-06-05T07:00:00.0;0.02964647738319149
2018-06-05T08:00:00.0;0.028916558899780922
2018-06-05T09:00:00.0;0.027677016458927284
2018-06-05T10:00:00.0;0.026792726286794254
2018-06-05T11:00:00.0;0.027507343649989975
2018-06-05T12:00:00.0;0.027414098662587195
2018-06-05T13:00:00.0;0.027445604820540512
2018-06-05T14:00:00.0;0.028562500167009595
2018-06-05T15:00:00.0;0.030516217788801335
2018-06-05T16:00:00.0;0.03315693036567676
2018-06-05T17:00:00.0;0.03295468632326788
2018-06-05T18:00:00.0;0.034684595421096545
2018-06-05T19:00:00.0;0.03610366646411203
2018-06-05T20:00:00.0;0.036938103842215055
2018-06-05T21:00:00.0;0.03723354144576392
2018-06-05T22:00:00.0;0.03599199094968604
2018-06-05T23:00:00.0;0.033656086279523025
2018-06-06T00:00:00.0;0.03436177051615227
2018-06-06T01:00:00.0;0.030858492329161265
2018-06-06T02:00:00.0;0.029548472236163956
2018-06-06T03:00:00.0;0.028452188153636832
2018-06-06T04:00:00.0;0.027591328651161286
2018-06-06T05:00:00.0;0.0275020560509617
2018-06-06T06:00:00.0;0.028168698283315325
2018-06-06T07:00:00.0;0.028556611380837815
2018-06-06T08:00:00.0;0.027995167957200213
2018-06-06T09:00:00.0;0.0269690857462005
2018-06-06T10:00:00.0;0.026102733125477284
2018-06-06T11:00:00.0;0.026972703518042644
2018-06-06T12:00:00.0;0.026784846781416377
2018-06-06T13:00:00.0;0.02676829360228818
2018-06-06T14:00:00.0;0.027915184632091288
2018-06-06T15:00:00.0;0.029884880304336184
2018-06-06T16:00:00.0;0.032577386263600176
2018-06-06T17:00:00.0;0.03239915025221978
2018-06-06T18:00:00.0;0.03429291472237625
2018-06-06T19:00:00.0;0.035762583537963445
2018-06-06T20:00:00.0;0.03666665400455766
2018-06-06T21:00:00.0;0.03737667070094684
2018-06-06T22:00:00.0;0.036188743751164765
2018-06-06T23:00:00.0;0.03390434801927084
2018-06-07T00:00:00.0;0.03476840313777783
2018-06-07T01:00:00.0;0.031220495685676315
2018-06-07T02:00:00.0;0.029912339596821078
2018-06-07T03:00:00.0;0.028840733748304412
2018-06-07T04:00:00.0;0.028182613970658316
2018-06-07T05:00:00.0;0.028250121706212276
2018-06-07T06:00:00.0;0.029295937569815897
2018-06-07T07:00:00.0;0.029779037871279657
2018-06-07T08:00:00.0;0.029063616808367543
2018-06-07T09:00:00.0;0.027845749400083494
2018-06-07T10:00:00.0;0.02695370137328831
2018-06-07T11:00:00.0;0.027799394776491602
2018-06-07T12:00:00.0;0.02766843492823628
2018-06-07T13:00:00.0;0.027639821645748745
2018-06-07T14:00:00.0;0.028750285822136824
2018-06-07T15:00:00.0;0.03069186791992922
2018-06-07T16:00:00.0;0.033313520522212814
2018-06-07T17:00:00.0;0.03291227112627652
2018-06-07T18:00:00.0;0.03468863096823828
2018-06-07T19:00:00.0;0.03608581409171936
2018-06-07T20:00:00.0;0.03691066676601671
2018-06-07T21:00:00.0;0.03732672873641612
2018-06-07T22:00:00.0;0.03613597949399911
2018-06-07T23:00:00.0;0.033788060092413225
2018-06-08T00:00:00.0;0.03338597163863702
2018-06-08T01:00:00.0;0.03137261717214614
2018-06-08T02:00:00.0;0.03008616452026253
2018-06-08T03:00:00.0;0.028963613901865894
2018-06-08T04:00:00.0;0.028701362390813254
2018-06-08T05:00:00.0;0.02854855873598439
2018-06-08T06:00:00.0;0.030346096494278153
2018-06-08T07:00:00.0;0.030761760376847965
2018-06-08T08:00:00.0;0.029695163994438747
2018-06-08T09:00:00.0;0.02801482390746299
2018-06-08T10:00:00.0;0.027162585920129607
2018-06-08T11:00:00.0;0.026981923453997084
2018-06-08T12:00:00.0;0.027246114984935642
2018-06-08T13:00:00.0;0.027694362326800392
2018-06-08T14:00:00.0;0.028773973393671742
2018-06-08T15:00:00.0;0.030737762183758226
2018-06-08T16:00:00.0;0.03339465102465225
2018-06-08T17:00:00.0;0.03415410386420782
2018-06-08T18:00:00.0;0.035386993660317036
2018-06-08T19:00:00.0;0.03683349740918448
2018-06-08T20:00:00.0;0.03756070824730063
2018-06-08T21:00:00.0;0.03653354311848161
2018-06-08T22:00:00.0;0.034942811079848105
2018-06-08T23:00:00.0;0.03259554936286349
2018-06-09T00:00:00.0;0.032670107025008645
2018-06-09T01:00:00.0;0.030471820725129772
2018-06-09T02:00:00.0;0.029179792499436235
2018-06-09T03:00:00.0;0.02800876223077427
2018-06-09T04:00:00.0;0.027189201408704903
2018-06-09T05:00:00.0;0.026700562019129705
2018-06-09T06:00:00.0;0.027529512204970363
2018-06-09T07:00:00.0;0.02772474082455583
2018-06-09T08:00:00.0;0.02706842833064279
2018-06-09T09:00:00.0;0.025900390689866545
2018-06-09T10:00:00.0;0.02507149299989706
2018-06-09T11:00:00.0;0.025117967554726815
2018-06-09T12:00:00.0;0.025157825702812792
2018-06-09T13:00:00.0;0.025497589035432235
2018-06-09T14:00:00.0;0.026694759862424106
2018-06-09T15:00:00.0;0.028752225119889757
2018-06-09T16:00:00.0;0.031561227052920096
2018-06-09T17:00:00.0;0.03262153747354749
2018-06-09T18:00:00.0;0.034225070555805745
2018-06-09T19:00:00.0;0.035831233115179384
2018-06-09T20:00:00.0;0.036815727375009294
2018-06-09T21:00:00.0;0.03679634677330078
2018-06-09T22:00:00.0;0.03529555645429355
2018-06-09T23:00:00.0;0.033080175532252454
2018-06-10T00:00:00.0;0.03239906635462903
2018-06-10T01:00:00.0;0.03007374812997388
2018-06-10T02:00:00.0;0.028778411430416623
2018-06-10T03:00:00.0;0.02758765023650601
2018-06-10T04:00:00.0;0.026512255470118838
2018-06-10T05:00:00.0;0.02588357301871499
2018-06-10T06:00:00.0;0.02626046455751846
2018-06-10T07:00:00.0;0.02636172505922258
2018-06-10T08:00:00.0;0.02589718808741872
2018-06-10T09:00:00.0;0.02496957925951824
2018-06-10T10:00:00.0;0.024151898883245607
2018-06-10T11:00:00.0;0.02433045580293376
2018-06-10T12:00:00.0;0.024261272842095553
2018-06-10T13:00:00.0;0.02454262466362144
2018-06-10T14:00:00.0;0.02579035897286302
2018-06-10T15:00:00.0;0.02788590739603937
2018-06-10T16:00:00.0;0.03076114113771928
2018-06-10T17:00:00.0;0.03191897066502257
2018-06-10T18:00:00.0;0.03370191237809046
2018-06-10T19:00:00.0;0.03537672638496894
2018-06-10T20:00:00.0;0.036473113086126274
2018-06-10T21:00:00.0;0.036935669110298754
2018-06-10T22:00:00.0;0.03548572518593207
2018-06-10T23:00:00.0;0.03332943835864587
2018-06-11T00:00:00.0;0.03277042514807985
2018-06-11T01:00:00.0;0.030868543827108925
2018-06-11T02:00:00.0;0.029570572398233786
2018-06-11T03:00:00.0;0.028407796208679715
2018-06-11T04:00:00.0;0.027853042494285815
2018-06-11T05:00:00.0;0.027473607274785063
2018-06-11T06:00:00.0;0.028485851871629542
2018-06-11T07:00:00.0;0.028778285055869768
2018-06-11T08:00:00.0;0.028003330820842172
2018-06-11T09:00:00.0;0.02669644975142943
2018-06-11T10:00:00.0;0.025978935554590982
2018-06-11T11:00:00.0;0.025884401122602974
2018-06-11T12:00:00.0;0.02611892705464306
2018-06-11T13:00:00.0;0.026745993888685673
2018-06-11T14:00:00.0;0.02780051295670901
2018-06-11T15:00:00.0;0.029709561413309764
2018-06-11T16:00:00.0;0.03250430397984754
2018-06-11T17:00:00.0;0.033661451012681164
2018-06-11T18:00:00.0;0.03509137164438854
2018-06-11T19:00:00.0;0.03665866660869827
2018-06-11T20:00:00.0;0.037343531154483425
2018-06-11T21:00:00.0;0.03660564840055908
2018-06-11T22:00:00.0;0.03498439945112972
2018-06-11T23:00:00.0;0.03279242099806456
2018-06-12T00:00:00.0;0.03289173328046086
2018-06-12T01:00:00.0;0.03116388851396693
2018-06-12T02:00:00.0;0.02989185818083766
2018-06-12T03:00:00.0;0.02874044193151459
2018-06-12T04:00:00.0;0.028156078065970216
2018-06-12T05:00:00.0;0.02778720878501851
2018-06-12T06:00:00.0;0.029026885663650442
2018-06-12T07:00:00.0;0.029366485169063396
2018-06-12T08:00:00.0;0.028679437313403902
2018-06-12T09:00:00.0;0.027356118366933843
2018-06-12T10:00:00.0;0.02651595570927776
2018-06-12T11:00:00.0;0.026218613349824543
2018-06-12T12:00:00.0;0.026659893616366143
2018-06-12T13:00:00.0;0.02737889421358174
2018-06-12T14:00:00.0;0.02845603660770981
2018-06-12T15:00:00.0;0.03036007214285273
2018-06-12T16:00:00.0;0.032859671770742005
2018-06-12T17:00:00.0;0.03443637463134631
2018-06-12T18:00:00.0;0.03576973009073046
2018-06-12T19:00:00.0;0.037272026078286405
2018-06-12T20:00:00.0;0.0378371915143286
2018-06-12T21:00:00.0;0.036876043863316256
2018-06-12T22:00:00.0;0.03514680024904791
2018-06-12T23:00:00.0;0.03326296299236145
2018-06-13T00:00:00.0;0.03302206269408709
2018-06-13T01:00:00.0;0.03074555991128132
2018-06-13T02:00:00.0;0.02945347725048257
2018-06-13T03:00:00.0;0.028302510255001256
2018-06-13T04:00:00.0;0.027625552653434457
2018-06-13T05:00:00.0;0.02726372966283106
2018-06-13T06:00:00.0;0.028337530446484925
2018-06-13T07:00:00.0;0.02860896144393513
2018-06-13T08:00:00.0;0.027852204963800038
2018-06-13T09:00:00.0;0.02656077089595471
2018-06-13T10:00:00.0;0.025719776313376595
2018-06-13T11:00:00.0;0.02578461654812795
2018-06-13T12:00:00.0;0.025860278721021535
2018-06-13T13:00:00.0;0.026190363578041942
2018-06-13T14:00:00.0;0.02735363839067098
2018-06-13T15:00:00.0;0.0293803023323102
2018-06-13T16:00:00.0;0.032137215307280934
2018-06-13T17:00:00.0;0.03299724531473072
2018-06-13T18:00:00.0;0.03453058875180636
2018-06-13T19:00:00.0;0.03608121829635651
2018-06-13T20:00:00.0;0.03699406327556074
2018-06-13T21:00:00.0;0.03678313246495853
2018-06-13T22:00:00.0;0.035289659631535256
2018-06-13T23:00:00.0;0.0330314117627816
2018-06-14T00:00:00.0;0.03336671182297499
2018-06-14T01:00:00.0;0.03178601289135091
2018-06-14T02:00:00.0;0.030623360323594372
2018-06-14T03:00:00.0;0.029507780183604965
2018-06-14T04:00:00.0;0.028320089393118388
2018-06-14T05:00:00.0;0.027841118383462784
2018-06-14T06:00:00.0;0.02942213784003235
2018-06-14T07:00:00.0;0.029827521713947563
2018-06-14T08:00:00.0;0.029824302140339126
2018-06-14T09:00:00.0;0.028810840025878814
2018-06-14T10:00:00.0;0.02736155644125724
2018-06-14T11:00:00.0;0.026589184486163066
2018-06-14T12:00:00.0;0.02761319207516285
2018-06-14T13:00:00.0;0.028377708144355272
2018-06-14T14:00:00.0;0.029705945899631273
2018-06-14T15:00:00.0;0.03172724525886501
2018-06-14T16:00:00.0;0.03301679932058848
2018-06-14T17:00:00.0;0.036192951085626784
2018-06-14T18:00:00.0;0.03748386014636204
2018-06-14T19:00:00.0;0.03878260693762046
2018-06-14T20:00:00.0;0.03916741230301058
2018-06-14T21:00:00.0;0.03843511113278694
2018-06-14T22:00:00.0;0.03644539818919798
2018-06-14T23:00:00.0;0.035914595641286184
2018-06-15T00:00:00.0;0.03463067688795735
2018-06-15T01:00:00.0;0.031236542141222984
2018-06-15T02:00:00.0;0.02993061091135274
2018-06-15T03:00:00.0;0.02885396906764165
2018-06-15T04:00:00.0;0.028236080667156865
2018-06-15T05:00:00.0;0.028281837598129002
2018-06-15T06:00:00.0;0.02940514311297466
2018-06-15T07:00:00.0;0.029881630941126763
2018-06-15T08:00:00.0;0.02913025872872366
2018-06-15T09:00:00.0;0.02786504782690859
2018-06-15T10:00:00.0;0.026976482895226646
2018-06-15T11:00:00.0;0.027718816672828522
2018-06-15T12:00:00.0;0.027627427991658522
2018-06-15T13:00:00.0;0.02764592146719595
2018-06-15T14:00:00.0;0.028753562234531894
2018-06-15T15:00:00.0;0.030697750782728208
2018-06-15T16:00:00.0;0.033322608742456995
2018-06-15T17:00:00.0;0.03303703505935268
2018-06-15T18:00:00.0;0.034758414762966365
2018-06-15T19:00:00.0;0.036160303959962094
2018-06-15T20:00:00.0;0.0369758924378913
2018-06-15T21:00:00.0;0.037246960261193694
2018-06-15T22:00:00.0;0.03601619957003217
2018-06-15T23:00:00.0;0.03366790037640461
2018-06-16T00:00:00.0;0.03130435401548076
2018-06-16T01:00:00.0;0.029916929279018418
2018-06-16T02:00:00.0;0.02863014170088197
2018-06-16T03:00:00.0;0.027391199784217994
2018-06-16T04:00:00.0;0.02640538911563524
2018-06-16T05:00:00.0;0.025539788018942806
2018-06-16T06:00:00.0;0.02601591097491364
2018-06-16T07:00:00.0;0.026016404692416964
2018-06-16T08:00:00.0;0.025476309884368418
2018-06-16T09:00:00.0;0.024443225320978472
2018-06-16T10:00:00.0;0.023697209648446686
2018-06-16T11:00:00.0;0.023311971968585244
2018-06-16T12:00:00.0;0.02344955490731849
2018-06-16T13:00:00.0;0.024067257818784365
2018-06-16T14:00:00.0;0.025297895390284174
2018-06-16T15:00:00.0;0.027395879669056357
2018-06-16T16:00:00.0;0.030351925953548117
2018-06-16T17:00:00.0;0.032363053048041004
2018-06-16T18:00:00.0;0.03392012770221714
2018-06-16T19:00:00.0;0.03567896867019933
2018-06-16T20:00:00.0;0.03672425963082045
2018-06-16T21:00:00.0;0.036509174916682735
2018-06-16T22:00:00.0;0.03481777294802177
2018-06-16T23:00:00.0;0.0327259194621709
2018-06-17T00:00:00.0;0.030339895450630944
2018-06-17T01:00:00.0;0.02906089632738669
2018-06-17T02:00:00.0;0.027776410605175335
2018-06-17T03:00:00.0;0.026481721692063406
2018-06-17T04:00:00.0;0.02503102727375341
2018-06-17T05:00:00.0;0.02379362014033748
2018-06-17T06:00:00.0;0.023566327938482554
2018-06-17T07:00:00.0;0.023332677897893544
2018-06-17T08:00:00.0;0.023096094822667192
2018-06-17T09:00:00.0;0.02243334355055456
2018-06-17T10:00:00.0;0.021680460210540015
2018-06-17T11:00:00.0;0.021291882011828748
2018-06-17T12:00:00.0;0.021269331151693223
2018-06-17T13:00:00.0;0.021814365140152905
2018-06-17T14:00:00.0;0.023183518787473253
2018-06-17T15:00:00.0;0.025414122351663786
2018-06-17T16:00:00.0;0.02851200399087297
2018-06-17T17:00:00.0;0.031019902645161676
2018-06-17T18:00:00.0;0.032819424269058
2018-06-17T19:00:00.0;0.034737767453544635
2018-06-17T20:00:00.0;0.036075055421740825
2018-06-17T21:00:00.0;0.03660699046218176
2018-06-17T22:00:00.0;0.03493667563884027
2018-06-17T23:00:00.0;0.03294919462009233
2018-06-18T00:00:00.0;0.03301028293189864
2018-06-18T01:00:00.0;0.03150631251577011
2018-06-18T02:00:00.0;0.03025794071628556
2018-06-18T03:00:00.0;0.029071155247133124
2018-06-18T04:00:00.0;0.028126938200996186
2018-06-18T05:00:00.0;0.027621042804166614
2018-06-18T06:00:00.0;0.029078183983826535
2018-06-18T07:00:00.0;0.02942777193970164
2018-06-18T08:00:00.0;0.029142888254216525
2018-06-18T09:00:00.0;0.027964185682587052
2018-06-18T10:00:00.0;0.0267952077766102
2018-06-18T11:00:00.0;0.02609775039553507
2018-06-18T12:00:00.0;0.02662978007525667
2018-06-18T13:00:00.0;0.02728272492853943
2018-06-18T14:00:00.0;0.028516496465191474
2018-06-18T15:00:00.0;0.030541739400155973
2018-06-18T16:00:00.0;0.03260378581066549
2018-06-18T17:00:00.0;0.035224966199221205
2018-06-18T18:00:00.0;0.036515273593844766
2018-06-18T19:00:00.0;0.03792283097518146
2018-06-18T20:00:00.0;0.03850174497752395
2018-06-18T21:00:00.0;0.03797066278459224
2018-06-18T22:00:00.0;0.036073580557322606
2018-06-18T23:00:00.0;0.034673702718952516
2018-06-19T00:00:00.0;0.03274338587175539
2018-06-19T01:00:00.0;0.03131759557583534
2018-06-19T02:00:00.0;0.030041567874343807
2018-06-19T03:00:00.0;0.028892712074367007
2018-06-19T04:00:00.0;0.02869729669927672
2018-06-19T05:00:00.0;0.028406742189470494
2018-06-19T06:00:00.0;0.030383094765660486
2018-06-19T07:00:00.0;0.03074139548307435
2018-06-19T08:00:00.0;0.029603951558566703
2018-06-19T09:00:00.0;0.027814180153637385
2018-06-19T10:00:00.0;0.02696508707477837
2018-06-19T11:00:00.0;0.026395330517404995
2018-06-19T12:00:00.0;0.026795276226374422
2018-06-19T13:00:00.0;0.027413281729137037
2018-06-19T14:00:00.0;0.028505278532587965
2018-06-19T15:00:00.0;0.030497212539353613
2018-06-19T16:00:00.0;0.03316386404060918
2018-06-19T17:00:00.0;0.03445879015912093
2018-06-19T18:00:00.0;0.03552534036462975
2018-06-19T19:00:00.0;0.0370094184366466
2018-06-19T20:00:00.0;0.037736426813560466
2018-06-19T21:00:00.0;0.03628571629998121
2018-06-19T22:00:00.0;0.0345441026436186
2018-06-19T23:00:00.0;0.03224076456481926
2018-06-20T00:00:00.0;0.0331656511428985
2018-06-20T01:00:00.0;0.031341093814723636
2018-06-20T02:00:00.0;0.030118909048441514
2018-06-20T03:00:00.0;0.028986172683445645
2018-06-20T04:00:00.0;0.02808119129747358
2018-06-20T05:00:00.0;0.027660196955268126
2018-06-20T06:00:00.0;0.02908072095586298
2018-06-20T07:00:00.0;0.029428750097558052
2018-06-20T08:00:00.0;0.02903656446174516
2018-06-20T09:00:00.0;0.027847987595305136
2018-06-20T10:00:00.0;0.026685383617186705
2018-06-20T11:00:00.0;0.026246385219629985
2018-06-20T12:00:00.0;0.026852906304918284
2018-06-20T13:00:00.0;0.027440454451878083
2018-06-20T14:00:00.0;0.028685093701355264
2018-06-20T15:00:00.0;0.030706593021036187
2018-06-20T16:00:00.0;0.032681638478362265
2018-06-20T17:00:00.0;0.03481324535896897
2018-06-20T18:00:00.0;0.03617591596189118
2018-06-20T19:00:00.0;0.03758894751885581
2018-06-20T20:00:00.0;0.03820740263578105
2018-06-20T21:00:00.0;0.03760804450324636
2018-06-20T22:00:00.0;0.03582837689445053
2018-06-20T23:00:00.0;0.03447943163532224
2018-06-21T00:00:00.0;0.0324857081051525
2018-06-21T01:00:00.0;0.03051057384703895
2018-06-21T02:00:00.0;0.02927029117296945
2018-06-21T03:00:00.0;0.028092111116978898
2018-06-21T04:00:00.0;0.026815089256274082
2018-06-21T05:00:00.0;0.026126894109525418
2018-06-21T06:00:00.0;0.026740613685228055
2018-06-21T07:00:00.0;0.026894128077826797
2018-06-21T08:00:00.0;0.026733757117413003
2018-06-21T09:00:00.0;0.025907258534853376
2018-06-21T10:00:00.0;0.024836253967485716
2018-06-21T11:00:00.0;0.024625250674350167
2018-06-21T12:00:00.0;0.02496744679018794
2018-06-21T13:00:00.0;0.025448515724426284
2018-06-21T14:00:00.0;0.02676493547306895
2018-06-21T15:00:00.0;0.028859774304857973
2018-06-21T16:00:00.0;0.031122409066188877
2018-06-21T17:00:00.0;0.03329732763115422
2018-06-21T18:00:00.0;0.034959531413906356
2018-06-21T19:00:00.0;0.036531594052849496
2018-06-21T20:00:00.0;0.037404630420038845
2018-06-21T21:00:00.0;0.03759832188823978
2018-06-21T22:00:00.0;0.035925450310700456
2018-06-21T23:00:00.0;0.034493528139689346
2018-06-22T00:00:00.0;0.0337769201129467
2018-06-22T01:00:00.0;0.03225600783371001
2018-06-22T02:00:00.0;0.030793003790762986
2018-06-22T03:00:00.0;0.02935019072561472
2018-06-22T04:00:00.0;0.02802607561936311
2018-06-22T05:00:00.0;0.027400858656008397
2018-06-22T06:00:00.0;0.028329031314446855
2018-06-22T07:00:00.0;0.02878849290083825
2018-06-22T08:00:00.0;0.02920634929978584
2018-06-22T09:00:00.0;0.02839485487946855
2018-06-22T10:00:00.0;0.027315591888950042
2018-06-22T11:00:00.0;0.026452396678520566
2018-06-22T12:00:00.0;0.02588762297617954
2018-06-22T13:00:00.0;0.026292000053492266
2018-06-22T14:00:00.0;0.027413584784309792
2018-06-22T15:00:00.0;0.029406768116705933
2018-06-22T16:00:00.0;0.032320651594402484
2018-06-22T17:00:00.0;0.035743555275707245
2018-06-22T18:00:00.0;0.037197077349859636
2018-06-22T19:00:00.0;0.038544667840876796
2018-06-22T20:00:00.0;0.039076303104809924
2018-06-22T21:00:00.0;0.04045748830108803
2018-06-22T22:00:00.0;0.03844400481670815
2018-06-22T23:00:00.0;0.03621306602738151
2018-06-23T00:00:00.0;0.030699006729794736
2018-06-23T01:00:00.0;0.029398367966972587
2018-06-23T02:00:00.0;0.02811486737357361
2018-06-23T03:00:00.0;0.02684197912537185
2018-06-23T04:00:00.0;0.025582141228665013
2018-06-23T05:00:00.0;0.024487293097274813
2018-06-23T06:00:00.0;0.024591675489046817
2018-06-23T07:00:00.0;0.024446736942497518
2018-06-23T08:00:00.0;0.024072126443433536
2018-06-23T09:00:00.0;0.023238306652179217
2018-06-23T10:00:00.0;0.022472489846945547
2018-06-23T11:00:00.0;0.02205723133526556
2018-06-23T12:00:00.0;0.022096517466279615
2018-06-23T13:00:00.0;0.022652134592750846
2018-06-23T14:00:00.0;0.023979105469330075
2018-06-23T15:00:00.0;0.026173820151644663
2018-06-23T16:00:00.0;0.029210441214244626
2018-06-23T17:00:00.0;0.031531604382222106
2018-06-23T18:00:00.0;0.03322057243816309
2018-06-23T19:00:00.0;0.03507421322427643
2018-06-23T20:00:00.0;0.03632077875794476
2018-06-23T21:00:00.0;0.0365533932706744
2018-06-23T22:00:00.0;0.03487300088172064
2018-06-23T23:00:00.0;0.0328336799268147
2018-06-24T00:00:00.0;0.030556269700027446
2018-06-24T01:00:00.0;0.029202518173199896
2018-06-24T02:00:00.0;0.02791752188973961
2018-06-24T03:00:00.0;0.02663455791246583
2018-06-24T04:00:00.0;0.02525074010136224
2018-06-24T05:00:00.0;0.024085261595638556
2018-06-24T06:00:00.0;0.023970975611361117
2018-06-24T07:00:00.0;0.02377914849489787
2018-06-24T08:00:00.0;0.0234971086932781
2018-06-24T09:00:00.0;0.02277920127505637
2018-06-24T10:00:00.0;0.022019151818571767
2018-06-24T11:00:00.0;0.021662686949735128
2018-06-24T12:00:00.0;0.02165054647888722
2018-06-24T13:00:00.0;0.022180251209032203
2018-06-24T14:00:00.0;0.023532049496256657
2018-06-24T15:00:00.0;0.025745762424879564
2018-06-24T16:00:00.0;0.028815340194119316
2018-06-24T17:00:00.0;0.031192034616946276
2018-06-24T18:00:00.0;0.03296625589496387
2018-06-24T19:00:00.0;0.03485414475676707
2018-06-24T20:00:00.0;0.03615546066384996
2018-06-24T21:00:00.0;0.0366172569882349
2018-06-24T22:00:00.0;0.03495948375816362
2018-06-24T23:00:00.0;0.032949363244400814
2018-06-25T00:00:00.0;0.03369697234118225
2018-06-25T01:00:00.0;0.030816761832811294
2018-06-25T02:00:00.0;0.029513925632557923
2018-06-25T03:00:00.0;0.0283881384867696
2018-06-25T04:00:00.0;0.02756810427171531
2018-06-25T05:00:00.0;0.02733133900811186
2018-06-25T06:00:00.0;0.0280037710542117
2018-06-25T07:00:00.0;0.028341785443842752
2018-06-25T08:00:00.0;0.027783379628797237
2018-06-25T09:00:00.0;0.026732268019150986
2018-06-25T10:00:00.0;0.025920900723825187
2018-06-25T11:00:00.0;0.02642712282281567
2018-06-25T12:00:00.0;0.026423739226168055
2018-06-25T13:00:00.0;0.026689093903777068
2018-06-25T14:00:00.0;0.02780330848236529
2018-06-25T15:00:00.0;0.029739817766255984
2018-06-25T16:00:00.0;0.03243684115305172
2018-06-25T17:00:00.0;0.03289742592085324
2018-06-25T18:00:00.0;0.03464893246561417
2018-06-25T19:00:00.0;0.03616491016604212
2018-06-25T20:00:00.0;0.03695954563897293
2018-06-25T21:00:00.0;0.037174893080066836
2018-06-25T22:00:00.0;0.035806048602079574
2018-06-25T23:00:00.0;0.033648960139253094
2018-06-26T00:00:00.0;0.03395434272927209
2018-06-26T01:00:00.0;0.030860052715540227
2018-06-26T02:00:00.0;0.029556901526661718
2018-06-26T03:00:00.0;0.028445123119920004
2018-06-26T04:00:00.0;0.027669801466376875
2018-06-26T05:00:00.0;0.027505705978778074
2018-06-26T06:00:00.0;0.0283689111779438
2018-06-26T07:00:00.0;0.02872714143440644
2018-06-26T08:00:00.0;0.028077414661417235
2018-06-26T09:00:00.0;0.02693321866402359
2018-06-26T10:00:00.0;0.026066381237305595
2018-06-26T11:00:00.0;0.026656655037548643
2018-06-26T12:00:00.0;0.026561519826676656
2018-06-26T13:00:00.0;0.026651207896538482
2018-06-26T14:00:00.0;0.027804452263799333
2018-06-26T15:00:00.0;0.02979636046621613
2018-06-26T16:00:00.0;0.03250045846712777
2018-06-26T17:00:00.0;0.03264504350660035
2018-06-26T18:00:00.0;0.0344012008865043
2018-06-26T19:00:00.0;0.0358891341437082
2018-06-26T20:00:00.0;0.03679711743699334
2018-06-26T21:00:00.0;0.03716922475687733
2018-06-26T22:00:00.0;0.03587929944229591
2018-06-26T23:00:00.0;0.03359254748014511
2018-06-27T00:00:00.0;0.03436289821749544
2018-06-27T01:00:00.0;0.031002238573969335
2018-06-27T02:00:00.0;0.029693534690637187
2018-06-27T03:00:00.0;0.02860007413416522
2018-06-27T04:00:00.0;0.02784847540536756
2018-06-27T05:00:00.0;0.02779204225259115
2018-06-27T06:00:00.0;0.028624794552312986
2018-06-27T07:00:00.0;0.029041516614448322
2018-06-27T08:00:00.0;0.028403618275998653
2018-06-27T09:00:00.0;0.02728153788346899
2018-06-27T10:00:00.0;0.02642628167188976
2018-06-27T11:00:00.0;0.027195690577987697
2018-06-27T12:00:00.0;0.027074986327975552
2018-06-27T13:00:00.0;0.027127623158115687
2018-06-27T14:00:00.0;0.028246005248081296
2018-06-27T15:00:00.0;0.030192364823449648
2018-06-27T16:00:00.0;0.032869578696134355
2018-06-27T17:00:00.0;0.0327400899058932
2018-06-27T18:00:00.0;0.03454436036548964
2018-06-27T19:00:00.0;0.03599634276684483
2018-06-27T20:00:00.0;0.036837440203934896
2018-06-27T21:00:00.0;0.037281602665299486
2018-06-27T22:00:00.0;0.036047791788423295
2018-06-27T23:00:00.0;0.033751888874928714
2018-06-28T00:00:00.0;0.034414352193605495
2018-06-28T01:00:00.0;0.03091088523364337
2018-06-28T02:00:00.0;0.02960503579960699
2018-06-28T03:00:00.0;0.028512417195592415
2018-06-28T04:00:00.0;0.027653124059980307
2018-06-28T05:00:00.0;0.027575004897819035
2018-06-28T06:00:00.0;0.028306039212788302
2018-06-28T07:00:00.0;0.028703896800808745
2018-06-28T08:00:00.0;0.028143226095880918
2018-06-28T09:00:00.0;0.027100805619549344
2018-06-28T10:00:00.0;0.02620669706818311
2018-06-28T11:00:00.0;0.02705440998022905
2018-06-28T12:00:00.0;0.026886832749325365
2018-06-28T13:00:00.0;0.02686017790283869
2018-06-28T14:00:00.0;0.02801661846458206
2018-06-28T15:00:00.0;0.029993892831475764
2018-06-28T16:00:00.0;0.03264031112993338
2018-06-28T17:00:00.0;0.032486587918991304
2018-06-28T18:00:00.0;0.03436497956717592
2018-06-28T19:00:00.0;0.03582051234347863
2018-06-28T20:00:00.0;0.03672226496042857
2018-06-28T21:00:00.0;0.03741806106522032
2018-06-28T22:00:00.0;0.03622358071804935
2018-06-28T23:00:00.0;0.033970037935274616
2018-06-29T00:00:00.0;0.03425911038333842
2018-06-29T01:00:00.0;0.030804225857126874
2018-06-29T02:00:00.0;0.0294957878684701
2018-06-29T03:00:00.0;0.028394688963152497
2018-06-29T04:00:00.0;0.027514498568380733
2018-06-29T05:00:00.0;0.02739393592214721
2018-06-29T06:00:00.0;0.028057078320424946
2018-06-29T07:00:00.0;0.02842611259016817
2018-06-29T08:00:00.0;0.027868355351842795
2018-06-29T09:00:00.0;0.02684469952942209
2018-06-29T10:00:00.0;0.025970360846907115
2018-06-29T11:00:00.0;0.02680521961653566
2018-06-29T12:00:00.0;0.026613679964620128
2018-06-29T13:00:00.0;0.02659198144602406
2018-06-29T14:00:00.0;0.027754127534114995
2018-06-29T15:00:00.0;0.029741826451024488
2018-06-29T16:00:00.0;0.03244166530061108
2018-06-29T17:00:00.0;0.03232412346946785
2018-06-29T18:00:00.0;0.034215544817418474
2018-06-29T19:00:00.0;0.03569587282249492
2018-06-29T20:00:00.0;0.03663051003678857
2018-06-29T21:00:00.0;0.03735975287205371
2018-06-29T22:00:00.0;0.0361644951928183
2018-06-29T23:00:00.0;0.033881413590484806
2018-06-30T00:00:00.0;0.03173348814847366
2018-06-30T01:00:00.0;0.02959986444478079
2018-06-30T02:00:00.0;0.02830541396596386
2018-06-30T03:00:00.0;0.027077712071126945
2018-06-30T04:00:00.0;0.025766778968325316
2018-06-30T05:00:00.0;0.024908184228362152
2018-06-30T06:00:00.0;0.024883645196261905
2018-06-30T07:00:00.0;0.024849049621638856
2018-06-30T08:00:00.0;0.024547709998160683
2018-06-30T09:00:00.0;0.0238194613667882
2018-06-30T10:00:00.0;0.023024212698054686
2018-06-30T11:00:00.0;0.02313385283934703
2018-06-30T12:00:00.0;0.023016007697700357
2018-06-30T13:00:00.0;0.023331060712060626
2018-06-30T14:00:00.0;0.024637176795571765
2018-06-30T15:00:00.0;0.026787615225038777
2018-06-30T16:00:00.0;0.029755247540124194
2018-06-30T17:00:00.0;0.031305084040095396
2018-06-30T18:00:00.0;0.033191453812244254
2018-06-30T19:00:00.0;0.03496523378263576
2018-06-30T20:00:00.0;0.03618385605092795
2018-06-30T21:00:00.0;0.03693046580982999
2018-06-30T22:00:00.0;0.03545347922456956
2018-06-30T23:00:00.0;0.03337215974224025
2018-07-01T00:00:00.0;0.030068603316971535
2018-07-01T01:00:00.0;0.028805951950908223
2018-07-01T02:00:00.0;0.027520722008971824
2018-07-01T03:00:00.0;0.0262095636914111
2018-07-01T04:00:00.0;0.024614685907184273
2018-07-01T05:00:00.0;0.023269581973149957
2018-07-01T06:00:00.0;0.022791724797687984
2018-07-01T07:00:00.0;0.022491057283979814
2018-07-01T08:00:00.0;0.022358747609476537
2018-07-01T09:00:00.0;0.021825230773185506
2018-07-01T10:00:00.0;0.02108211807413516
2018-07-01T11:00:00.0;0.020713695630622784
2018-07-01T12:00:00.0;0.020644429754163876
2018-07-01T13:00:00.0;0.021181468666282177
2018-07-01T14:00:00.0;0.02258248946604806
2018-07-01T15:00:00.0;0.024840205437739262
2018-07-01T16:00:00.0;0.027984366638471057
2018-07-01T17:00:00.0;0.03063333540514738
2018-07-01T18:00:00.0;0.03251637518921985
2018-07-01T19:00:00.0;0.03448359807402792
2018-07-01T20:00:00.0;0.03588942268883446
2018-07-01T21:00:00.0;0.03664748068703919
2018-07-01T22:00:00.0;0.03498477900323321
2018-07-01T23:00:00.0;0.03303646068336184
2018-07-02T00:00:00.0;0.03350575042883049
2018-07-02T01:00:00.0;0.03044498065953115
2018-07-02T02:00:00.0;0.029140714961421694
2018-07-02T03:00:00.0;0.02800185204646393
2018-07-02T04:00:00.0;0.02699317675698131
2018-07-02T05:00:00.0;0.026652468826594746
2018-07-02T06:00:00.0;0.027110484882558173
2018-07-02T07:00:00.0;0.027359121668864568
2018-07-02T08:00:00.0;0.02687785043861659
2018-07-02T09:00:00.0;0.025942310702971354
2018-07-02T10:00:00.0;0.02509156353321784
2018-07-02T11:00:00.0;0.025710099107195978
2018-07-02T12:00:00.0;0.025540541560180076
2018-07-02T13:00:00.0;0.02561929160275295
2018-07-02T14:00:00.0;0.026824382050337964
2018-07-02T15:00:00.0;0.02886062402728412
2018-07-02T16:00:00.0;0.03164034215184729
2018-07-02T17:00:00.0;0.0320201573863553
2018-07-02T18:00:00.0;0.03391007191556491
2018-07-02T19:00:00.0;0.03547793278925021
2018-07-02T20:00:00.0;0.03649727901679529
2018-07-02T21:00:00.0;0.03723170217737608
2018-07-02T22:00:00.0;0.03595240846420943
2018-07-02T23:00:00.0;0.0337295098533976
2018-07-03T00:00:00.0;0.034210831918932524
2018-07-03T01:00:00.0;0.03078120391870112
2018-07-03T02:00:00.0;0.029473033307915272
2018-07-03T03:00:00.0;0.02836951432653134
2018-07-03T04:00:00.0;0.02748109008102345
2018-07-03T05:00:00.0;0.027346419602004936
2018-07-03T06:00:00.0;0.027996416644258802
2018-07-03T07:00:00.0;0.02835773533848745
2018-07-03T08:00:00.0;0.027804879644233296
2018-07-03T09:00:00.0;0.026786870670086806
2018-07-03T10:00:00.0;0.025914043830618863
2018-07-03T11:00:00.0;0.026735039702918073
2018-07-03T12:00:00.0;0.026544908756446214
2018-07-03T13:00:00.0;0.02652964740278837
2018-07-03T14:00:00.0;0.0276945455454833
2018-07-03T15:00:00.0;0.02968535530520055
2018-07-03T16:00:00.0;0.0323903131536278
2018-07-03T17:00:00.0;0.03230464404846022
2018-07-03T18:00:00.0;0.03419596883314846
2018-07-03T19:00:00.0;0.03568190631143383
2018-07-03T20:00:00.0;0.03662197203444584
2018-07-03T21:00:00.0;0.03735154684667613
2018-07-03T22:00:00.0;0.03615090378605871
2018-07-03T23:00:00.0;0.03387167896214386
2018-07-04T00:00:00.0;0.03434546838406925
2018-07-04T01:00:00.0;0.03126977172225883
2018-07-04T02:00:00.0;0.02996844781091572
2018-07-04T03:00:00.0;0.02888137724605045
2018-07-04T04:00:00.0;0.02834680143778749
2018-07-04T05:00:00.0;0.028347516015241474
2018-07-04T06:00:00.0;0.029631289905043677
2018-07-04T07:00:00.0;0.030094084384087127
2018-07-04T08:00:00.0;0.02926826322986831
2018-07-04T09:00:00.0;0.027905011707790812
2018-07-04T10:00:00.0;0.027023659695559157
2018-07-04T11:00:00.0;0.027551952618794937
2018-07-04T12:00:00.0;0.027542509342921465
2018-07-04T13:00:00.0;0.02765855319826544
2018-07-04T14:00:00.0;0.028760347147927384
2018-07-04T15:00:00.0;0.030709933227974957
2018-07-04T16:00:00.0;0.0333414289579368
2018-07-04T17:00:00.0;0.033295400728484234
2018-07-04T18:00:00.0;0.03490292557129792
2018-07-04T19:00:00.0;0.036314560275690036
2018-07-04T20:00:00.0;0.03711096412041151
2018-07-04T21:00:00.0;0.03708177281504396
2018-07-04T22:00:00.0;0.035768154967387646
2018-07-04T23:00:00.0;0.033419069286651525
2018-07-05T00:00:00.0;0.034578353848332494
2018-07-05T01:00:00.0;0.031242638287240908
2018-07-05T02:00:00.0;0.029937552294825275
2018-07-05T03:00:00.0;0.028858997245923078
2018-07-05T04:00:00.0;0.028256392990211838
2018-07-05T05:00:00.0;0.028293886658287536
2018-07-05T06:00:00.0;0.029446630962744746
2018-07-05T07:00:00.0;0.029920606672084675
2018-07-05T08:00:00.0;0.029155576399421984
2018-07-05T09:00:00.0;0.02787237941658582
2018-07-05T10:00:00.0;0.026985137733913152
2018-07-05T11:00:00.0;0.027688204561365715
2018-07-05T12:00:00.0;0.027611849207147588
2018-07-05T13:00:00.0;0.02764823882644811
2018-07-05T14:00:00.0;0.028754806963519997
2018-07-05T15:00:00.0;0.03069998571807089
2018-07-05T16:00:00.0;0.033326061412580335
2018-07-05T17:00:00.0;0.033084433636040904
2018-07-05T18:00:00.0;0.034784926050839875
2018-07-05T19:00:00.0;0.03618860311377479
2018-07-05T20:00:00.0;0.0370006720671813
2018-07-05T21:00:00.0;0.03721665573249769
2018-07-05T22:00:00.0;0.03597069444870524
2018-07-05T23:00:00.0;0.03362225096977207
2018-07-06T00:00:00.0;0.03414060009689628
2018-07-06T01:00:00.0;0.03129289217573913
2018-07-06T02:00:00.0;0.030000746413873684
2018-07-06T03:00:00.0;0.028906070337142684
2018-07-06T04:00:00.0;0.028367053191844144
2018-07-06T05:00:00.0;0.02831408133992619
2018-07-06T06:00:00.0;0.02967039890340145
2018-07-06T07:00:00.0;0.030118832439666284
2018-07-06T08:00:00.0;0.029307314887095405
2018-07-06T09:00:00.0;0.027925000720727615
2018-07-06T10:00:00.0;0.02701890443508479
2018-07-06T11:00:00.0;0.027381214983755613
2018-07-06T12:00:00.0;0.027459664569559467
2018-07-06T13:00:00.0;0.027654275909323626
2018-07-06T14:00:00.0;0.028767175540453285
2018-07-06T15:00:00.0;0.030724969923914082
2018-07-06T16:00:00.0;0.033294788562875495
2018-07-06T17:00:00.0;0.03353646408471016
2018-07-06T18:00:00.0;0.035080167283101614
2018-07-06T19:00:00.0;0.03649429147350589
2018-07-06T20:00:00.0;0.03726575267094502
2018-07-06T21:00:00.0;0.03707539081101874
2018-07-06T22:00:00.0;0.03568872838616888
2018-07-06T23:00:00.0;0.033434636055900614
2018-07-07T00:00:00.0;0.03398182325893716
2018-07-07T01:00:00.0;0.030671999466275843
2018-07-07T02:00:00.0;0.0293650971611142
2018-07-07T03:00:00.0;0.028250098560735397
2018-07-07T04:00:00.0;0.027322617084495623
2018-07-07T05:00:00.0;0.027121026169599785
2018-07-07T06:00:00.0;0.027708668279789562
2018-07-07T07:00:00.0;0.028033388179267177
2018-07-07T08:00:00.0;0.027503782935363333
2018-07-07T09:00:00.0;0.026512559758412112
2018-07-07T10:00:00.0;0.025646904339050106
2018-07-07T11:00:00.0;0.02640214162560902
2018-07-07T12:00:00.0;0.026218692866525565
2018-07-07T13:00:00.0;0.026233966173296795
2018-07-07T14:00:00.0;0.027411918673557786
2018-07-07T15:00:00.0;0.029417484700932413
2018-07-07T16:00:00.0;0.03214672449534621
2018-07-07T17:00:00.0;0.03221224351009724
2018-07-07T18:00:00.0;0.034103110247422234
2018-07-07T19:00:00.0;0.03561565623446323
2018-07-07T20:00:00.0;0.03658147206205428
2018-07-07T21:00:00.0;0.03731262160539654
2018-07-07T22:00:00.0;0.036086433014509346
2018-07-07T23:00:00.0;0.0338255028001771
2018-07-08T00:00:00.0;0.033944264806728866
2018-07-08T01:00:00.0;0.030654089443976115
2018-07-08T02:00:00.0;0.02934739514665214
2018-07-08T03:00:00.0;0.028230513837028202
2018-07-08T04:00:00.0;0.02729662679894696
2018-07-08T05:00:00.0;0.02708406063100739
2018-07-08T06:00:00.0;0.027661476251352072
2018-07-08T07:00:00.0;0.027980193783567392
2018-07-08T08:00:00.0;0.02745440171829322
2018-07-08T09:00:00.0;0.026467571532785377
2018-07-08T10:00:00.0;0.02560309225863692
2018-07-08T11:00:00.0;0.026347544840810148
2018-07-08T12:00:00.0;0.026165191990569964
2018-07-08T13:00:00.0;0.02618547311924821
2018-07-08T14:00:00.0;0.027365566592976166
2018-07-08T15:00:00.0;0.029373552714741957
2018-07-08T16:00:00.0;0.032106774857717936
2018-07-08T17:00:00.0;0.032197089405426274
2018-07-08T18:00:00.0;0.03408788102091963
2018-07-08T19:00:00.0;0.035604790923300995
2018-07-08T20:00:00.0;0.036574829884079285
2018-07-08T21:00:00.0;0.03730623769042003
2018-07-08T22:00:00.0;0.03607585951745418
2018-07-08T23:00:00.0;0.03381792970153347
2018-07-09T00:00:00.0;0.032870304593926196
2018-07-09T01:00:00.0;0.03100265763591499
2018-07-09T02:00:00.0;0.029707003908427006
2018-07-09T03:00:00.0;0.028538857543135086
2018-07-09T04:00:00.0;0.02767919013207644
2018-07-09T05:00:00.0;0.02724165386803273
2018-07-09T06:00:00.0;0.027351938998154454
2018-07-09T07:00:00.0;0.027692533858404637
2018-07-09T08:00:00.0;0.02746327308961193
2018-07-09T09:00:00.0;0.026698362628083283
2018-07-09T10:00:00.0;0.026117066295873247
2018-07-09T11:00:00.0;0.026173621773671652
2018-07-09T12:00:00.0;0.02670865211687345
2018-07-09T13:00:00.0;0.027842160296604287
2018-07-09T14:00:00.0;0.028730140452760965
2018-07-09T15:00:00.0;0.030360687309260295
2018-07-09T16:00:00.0;0.03290183086679049
2018-07-09T17:00:00.0;0.034760238371012706
2018-07-09T18:00:00.0;0.036371611711470034
2018-07-09T19:00:00.0;0.03794398486204269
2018-07-09T20:00:00.0;0.03807674906497923
2018-07-09T21:00:00.0;0.03722155524561958
2018-07-09T22:00:00.0;0.035448469301787786
2018-07-09T23:00:00.0;0.033928605907110415
2018-07-10T00:00:00.0;0.0344040683448801
2018-07-10T01:00:00.0;0.031849487158085665
2018-07-10T02:00:00.0;0.030452012391269396
2018-07-10T03:00:00.0;0.029233683506287984
2018-07-10T04:00:00.0;0.028336124359033998
2018-07-10T05:00:00.0;0.02811248827781588
2018-07-10T06:00:00.0;0.029213639189633153
2018-07-10T07:00:00.0;0.030135599770927026
2018-07-10T08:00:00.0;0.029506617647230747
2018-07-10T09:00:00.0;0.028499569522141072
2018-07-10T10:00:00.0;0.027478035832958887
2018-07-10T11:00:00.0;0.02750709040801699
2018-07-10T12:00:00.0;0.02733641666519793
2018-07-10T13:00:00.0;0.027476270418722998
2018-07-10T14:00:00.0;0.0284964470095461
2018-07-10T15:00:00.0;0.030308229715414657
2018-07-10T16:00:00.0;0.03292310985196742
2018-07-10T17:00:00.0;0.03413875839080994
2018-07-10T18:00:00.0;0.03561207547176567
2018-07-10T19:00:00.0;0.03689848253429619
2018-07-10T20:00:00.0;0.03760330124462952
2018-07-10T21:00:00.0;0.03763102588436387
2018-07-10T22:00:00.0;0.03675227010096081
2018-07-10T23:00:00.0;0.034743335714600164
2018-07-11T00:00:00.0;0.0337127763106121
2018-07-11T01:00:00.0;0.031201353640971274
2018-07-11T02:00:00.0;0.0299043423950351
2018-07-11T03:00:00.0;0.028785368427025344
2018-07-11T04:00:00.0;0.028191646313924772
2018-07-11T05:00:00.0;0.02802621567827096
2018-07-11T06:00:00.0;0.029018898443172975
2018-07-11T07:00:00.0;0.02943468064543053
2018-07-11T08:00:00.0;0.02876040712872996
2018-07-11T09:00:00.0;0.02753651082077315
2018-07-11T10:00:00.0;0.026756176175501023
2018-07-11T11:00:00.0;0.027015157339099927
2018-07-11T12:00:00.0;0.02722606417956252
2018-07-11T13:00:00.0;0.02772387585727641
2018-07-11T14:00:00.0;0.028753397056782818
2018-07-11T15:00:00.0;0.030602960444519257
2018-07-11T16:00:00.0;0.03320942285180912
2018-07-11T17:00:00.0;0.033908724169389455
2018-07-11T18:00:00.0;0.03545518958201684
2018-07-11T19:00:00.0;0.03692414822846729
2018-07-11T20:00:00.0;0.03749599817338077
2018-07-11T21:00:00.0;0.03703582448104346
2018-07-11T22:00:00.0;0.035528639022928715
2018-07-11T23:00:00.0;0.033446242633666814
2018-07-12T00:00:00.0;0.03418936758023556
2018-07-12T01:00:00.0;0.030770968491996644
2018-07-12T02:00:00.0;0.02946291675593584
2018-07-12T03:00:00.0;0.028358321822095685
2018-07-12T04:00:00.0;0.027466236852015147
2018-07-12T05:00:00.0;0.02732529410843926
2018-07-12T06:00:00.0;0.027969446797989277
2018-07-12T07:00:00.0;0.02832733518994703
2018-07-12T08:00:00.0;0.027776658695122216
2018-07-12T09:00:00.0;0.02676116027853839
2018-07-12T10:00:00.0;0.025889005596141258
2018-07-12T11:00:00.0;0.02670383810083423
2018-07-12T12:00:00.0;0.026514333457024218
2018-07-12T13:00:00.0;0.026501934031353983
2018-07-12T14:00:00.0;0.027668055722329905
2018-07-12T15:00:00.0;0.029660248545582427
2018-07-12T16:00:00.0;0.0323674822726288
2018-07-12T17:00:00.0;0.03229598360543923
2018-07-12T18:00:00.0;0.0341872654586342
2018-07-12T19:00:00.0;0.03567569687773457
2018-07-12T20:00:00.0;0.03661817608574832
2018-07-12T21:00:00.0;0.03734789849310425
2018-07-12T22:00:00.0;0.036144861121660696
2018-07-12T23:00:00.0;0.03386735100013491
2018-07-13T00:00:00.0;0.03484756720330265
2018-07-13T01:00:00.0;0.031115089088944073
2018-07-13T02:00:00.0;0.029803933347082204
2018-07-13T03:00:00.0;0.028733023757868993
2018-07-13T04:00:00.0;0.027976783278362876
2018-07-13T05:00:00.0;0.0280350251540071
2018-07-13T06:00:00.0;0.028900962672237504
2018-07-13T07:00:00.0;0.029369740923036007
2018-07-13T08:00:00.0;0.028733754308398387
2018-07-13T09:00:00.0;0.027617780234205844
2018-07-13T10:00:00.0;0.026724706797391282
2018-07-13T11:00:00.0;0.027704914630197416
2018-07-13T12:00:00.0;0.02750936595507263
2018-07-13T13:00:00.0;0.027419846705298838
2018-07-13T14:00:00.0;0.02854449693470324
2018-07-13T15:00:00.0;0.03049195800116979
2018-07-13T16:00:00.0;0.033125182921518254
2018-07-13T17:00:00.0;0.032628313324338167
2018-07-13T18:00:00.0;0.03450066017500179
2018-07-13T19:00:00.0;0.03590843353524741
2018-07-13T20:00:00.0;0.03676774121028879
2018-07-13T21:00:00.0;0.03743891069293995
2018-07-13T22:00:00.0;0.03630016965463531
2018-07-13T23:00:00.0;0.03396586487464371
2018-07-14T00:00:00.0;0.033880157527759476
2018-07-14T01:00:00.0;0.030623519419696387
2018-07-14T02:00:00.0;0.029317180164065905
2018-07-14T03:00:00.0;0.02819708532034513
2018-07-14T04:00:00.0;0.02725226484076717
2018-07-14T05:00:00.0;0.02702096537666479
2018-07-14T06:00:00.0;0.027580925739967965
2018-07-14T07:00:00.0;0.02788939803016888
2018-07-14T08:00:00.0;0.027370114553289582
2018-07-14T09:00:00.0;0.026390782619477762
2018-07-14T10:00:00.0;0.0255283108686664
2018-07-14T11:00:00.0;0.026254355395874496
2018-07-14T12:00:00.0;0.026073873116166636
2018-07-14T13:00:00.0;0.026102701930309714
2018-07-14T14:00:00.0;0.027286449760786754
2018-07-14T15:00:00.0;0.029298566661568843
2018-07-14T16:00:00.0;0.03203858614349834
2018-07-14T17:00:00.0;0.03217122336573207
2018-07-14T18:00:00.0;0.03406188675825736
2018-07-14T19:00:00.0;0.03558624528329688
2018-07-14T20:00:00.0;0.036563492570335726
2018-07-14T21:00:00.0;0.037295341197240636
2018-07-14T22:00:00.0;0.036057811965291
2018-07-14T23:00:00.0;0.03380500343011212
2018-07-15T00:00:00.0;0.0330738490029776
2018-07-15T01:00:00.0;0.03023902530957663
2018-07-15T02:00:00.0;0.02893715158654586
2018-07-15T03:00:00.0;0.027776638556643824
2018-07-15T04:00:00.0;0.026694302849064752
2018-07-15T05:00:00.0;0.026227385579368934
2018-07-15T06:00:00.0;0.02656780265864743
2018-07-15T07:00:00.0;0.02674741554150062
2018-07-15T08:00:00.0;0.026309993756327008
2018-07-15T09:00:00.0;0.02542497099240449
2018-07-15T10:00:00.0;0.024587748842050703
2018-07-15T11:00:00.0;0.02508226628088986
2018-07-15T12:00:00.0;0.024925311079396287
2018-07-15T13:00:00.0;0.025061648303945243
2018-07-15T14:00:00.0;0.02629135876217304
2018-07-15T15:00:00.0;0.028355430486001337
2018-07-15T16:00:00.0;0.03118094341629056
2018-07-15T17:00:00.0;0.031845893564762896
2018-07-15T18:00:00.0;0.03373494423446039
2018-07-15T19:00:00.0;0.03535298772076658
2018-07-15T20:00:00.0;0.036420897644041654
2018-07-15T21:00:00.0;0.03715829068625316
2018-07-15T22:00:00.0;0.03583081909654723
2018-07-15T23:00:00.0;0.03364242340787077
2018-07-16T00:00:00.0;0.03459820600969936
2018-07-16T01:00:00.0;0.03109862421036687
2018-07-16T02:00:00.0;0.029790682338383504
2018-07-16T03:00:00.0;0.02870961442208279
2018-07-16T04:00:00.0;0.02799072390949881
2018-07-16T05:00:00.0;0.02799928316339822
2018-07-16T06:00:00.0;0.028941472592453193
2018-07-16T07:00:00.0;0.029389702096611754
2018-07-16T08:00:00.0;0.028716436287347318
2018-07-16T09:00:00.0;0.027550086113624087
2018-07-16T10:00:00.0;0.026663781208808718
2018-07-16T11:00:00.0;0.027492392936277504
2018-07-16T12:00:00.0;0.02734868797138527
2018-07-16T13:00:00.0;0.027328448730027818
2018-07-16T14:00:00.0;0.028453932435580465
2018-07-16T15:00:00.0;0.030409603797075403
2018-07-16T16:00:00.0;0.033054980609766325
2018-07-16T17:00:00.0;0.03275376263216853
2018-07-16T18:00:00.0;0.0345570343965186
2018-07-16T19:00:00.0;0.03597962023763744
2018-07-16T20:00:00.0;0.036835940090794564
2018-07-16T21:00:00.0;0.03732587621698409
2018-07-16T22:00:00.0;0.03612842087562766
2018-07-16T23:00:00.0;0.03379976815665972
2018-07-17T00:00:00.0;0.03481046426747929
2018-07-17T01:00:00.0;0.031248422084079158
2018-07-17T02:00:00.0;0.029956087349108814
2018-07-17T03:00:00.0;0.028886506437097288
2018-07-17T04:00:00.0;0.028069354882641187
2018-07-17T05:00:00.0;0.02809368066376877
2018-07-17T06:00:00.0;0.029049289151562574
2018-07-17T07:00:00.0;0.029528734079453278
2018-07-17T08:00:00.0;0.028986373803852144
2018-07-17T09:00:00.0;0.027894857613070877
2018-07-17T10:00:00.0;0.026920430865039896
2018-07-17T11:00:00.0;0.027737375810443273
2018-07-17T12:00:00.0;0.027688033652844262
2018-07-17T13:00:00.0;0.027680277756831524
2018-07-17T14:00:00.0;0.028828459878108927
2018-07-17T15:00:00.0;0.030778290593099486
2018-07-17T16:00:00.0;0.03321434077688446
2018-07-17T17:00:00.0;0.03310116459834238
2018-07-17T18:00:00.0;0.034919578634864425
2018-07-17T19:00:00.0;0.03629830322948185
2018-07-17T20:00:00.0;0.037085231381931115
2018-07-17T21:00:00.0;0.03763080348973486
2018-07-17T22:00:00.0;0.03640516423968876
2018-07-17T23:00:00.0;0.03431103304240249
2018-07-18T00:00:00.0;0.034512628706488385
2018-07-18T01:00:00.0;0.03124784734271993
2018-07-18T02:00:00.0;0.029943779280693163
2018-07-18T03:00:00.0;0.028862765010102757
2018-07-18T04:00:00.0;0.02827745060615763
2018-07-18T05:00:00.0;0.028304010290109215
2018-07-18T06:00:00.0;0.02949028854145325
2018-07-18T07:00:00.0;0.029960647314840032
2018-07-18T08:00:00.0;0.02917995671197869
2018-07-18T09:00:00.0;0.027876067834848466
2018-07-18T10:00:00.0;0.026990513203024497
2018-07-18T11:00:00.0;0.027646167132369157
2018-07-18T12:00:00.0;0.02758763053821304
2018-07-18T13:00:00.0;0.027645639042256174
2018-07-18T14:00:00.0;0.028751179628745186
2018-07-18T15:00:00.0;0.03069779002474357
2018-07-18T16:00:00.0;0.033325736869626824
2018-07-18T17:00:00.0;0.03313856978273797
2018-07-18T18:00:00.0;0.03481446387188924
2018-07-18T19:00:00.0;0.036220725208959664
2018-07-18T20:00:00.0;0.0370291147133863
2018-07-18T21:00:00.0;0.03718027758097337
2018-07-18T22:00:00.0;0.03591596071633467
2018-07-18T23:00:00.0;0.0335676770290199
2018-07-19T00:00:00.0;0.03457515535534811
2018-07-19T01:00:00.0;0.031205374221358044
2018-07-19T02:00:00.0;0.02989966653708036
2018-07-19T03:00:00.0;0.0288201342972844
2018-07-19T04:00:00.0;0.028189118243960577
2018-07-19T05:00:00.0;0.02821758888384921
2018-07-19T06:00:00.0;0.0293191747473692
2018-07-19T07:00:00.0;0.029785905375417757
2018-07-19T08:00:00.0;0.029043037025887522
2018-07-19T09:00:00.0;0.02778796327032919
2018-07-19T10:00:00.0;0.026901184642298823
2018-07-19T11:00:00.0;0.027631239489633717
2018-07-19T12:00:00.0;0.027539429615952068
2018-07-19T13:00:00.0;0.027563675719628207
2018-07-19T14:00:00.0;0.0286750942888333
2018-07-19T15:00:00.0;0.03062322026623381
2018-07-19T16:00:00.0;0.03325461961857183
2018-07-19T17:00:00.0;0.0330042793585404
2018-07-19T18:00:00.0;0.0347286888735935
2018-07-19T19:00:00.0;0.03613767769334346
2018-07-19T20:00:00.0;0.036960930141129986
2018-07-19T21:00:00.0;0.03724075894258513
2018-07-19T22:00:00.0;0.036005220098113
2018-07-19T23:00:00.0;0.03366200981133632
2018-07-20T00:00:00.0;0.03415163313741449
2018-07-20T01:00:00.0;0.031114358458391004
2018-07-20T02:00:00.0;0.029812981247524375
2018-07-20T03:00:00.0;0.028714754691052426
2018-07-20T04:00:00.0;0.028098012489784645
2018-07-20T05:00:00.0;0.028027831034183777
2018-07-20T06:00:00.0;0.029170206807500237
2018-07-20T07:00:00.0;0.0295901567116949
2018-07-20T08:00:00.0;0.02882249801501171
2018-07-20T09:00:00.0;0.02753081971928951
2018-07-20T10:00:00.0;0.026656177186395652
2018-07-20T11:00:00.0;0.027177990094386085
2018-07-20T12:00:00.0;0.027146803174309956
2018-07-20T13:00:00.0;0.027266540161790115
2018-07-20T14:00:00.0;0.02838760991786542
2018-07-20T15:00:00.0;0.030354516459135762
2018-07-20T16:00:00.0;0.03301534874606646
2018-07-20T17:00:00.0;0.03307821271048104
2018-07-20T18:00:00.0;0.034727509534964465
2018-07-20T19:00:00.0;0.03617037178588976
2018-07-20T20:00:00.0;0.037007645333873844
2018-07-20T21:00:00.0;0.0370922605469401
2018-07-20T22:00:00.0;0.03577601661724496
2018-07-20T23:00:00.0;0.03345118769321203
2018-07-21T00:00:00.0;0.032668993682984156
2018-07-21T01:00:00.0;0.030050885910558798
2018-07-21T02:00:00.0;0.02875031588963115
2018-07-21T03:00:00.0;0.02756920176299252
2018-07-21T04:00:00.0;0.026419505664458907
2018-07-21T05:00:00.0;0.025835477723185403
2018-07-21T06:00:00.0;0.026043018267429666
2018-07-21T07:00:00.0;0.02616021879647755
2018-07-21T08:00:00.0;0.025770138196811364
2018-07-21T09:00:00.0;0.02494134057126063
2018-07-21T10:00:00.0;0.024127167832669796
2018-07-21T11:00:00.0;0.024510649404954406
2018-07-21T12:00:00.0;0.024371691189787825
2018-07-21T13:00:00.0;0.024579448074220165
2018-07-21T14:00:00.0;0.025823530151302742
2018-07-21T15:00:00.0;0.02790314400635753
2018-07-21T16:00:00.0;0.03077487318385392
2018-07-21T17:00:00.0;0.03171365894763488
2018-07-21T18:00:00.0;0.03360387931918667
2018-07-21T19:00:00.0;0.035270137847149
2018-07-21T20:00:00.0;0.03636595574517527
2018-07-21T21:00:00.0;0.03708898406666189
2018-07-21T22:00:00.0;0.03571253589823314
2018-07-21T23:00:00.0;0.033562859467404206
2018-07-22T00:00:00.0;0.03323763838936951
2018-07-22T01:00:00.0;0.03031712947495781
2018-07-22T02:00:00.0;0.029014348646492903
2018-07-22T03:00:00.0;0.027862045960039106
2018-07-22T04:00:00.0;0.026807644391963197
2018-07-22T05:00:00.0;0.026388589317215147
2018-07-22T06:00:00.0;0.026773603295412198
2018-07-22T07:00:00.0;0.02697939201866844
2018-07-22T08:00:00.0;0.02652534126847538
2018-07-22T09:00:00.0;0.025621161022531355
2018-07-22T10:00:00.0;0.02477880979758828
2018-07-22T11:00:00.0;0.02532035846401778
2018-07-22T12:00:00.0;0.025158624092286173
2018-07-22T13:00:00.0;0.025273122608659358
2018-07-22T14:00:00.0;0.026493496453959375
2018-07-22T15:00:00.0;0.02854701434098043
2018-07-22T16:00:00.0;0.03135516056979374
2018-07-22T17:00:00.0;0.031911979395233506
2018-07-22T18:00:00.0;0.03380135766519103
2018-07-22T19:00:00.0;0.035400370468020116
2018-07-22T20:00:00.0;0.03644986364745408
2018-07-22T21:00:00.0;0.037186130425520963
2018-07-22T22:00:00.0;0.03587692926597269
2018-07-22T23:00:00.0;0.033675449081374216
2018-07-23T00:00:00.0;0.03454731503876846
2018-07-23T01:00:00.0;0.031246254612222822
2018-07-23T02:00:00.0;0.029941670027305262
2018-07-23T03:00:00.0;0.028861980036472903
2018-07-23T04:00:00.0;0.028268442564006225
2018-07-23T05:00:00.0;0.02830103434095979
2018-07-23T06:00:00.0;0.029471242175653396
2018-07-23T07:00:00.0;0.029943727658546766
2018-07-23T08:00:00.0;0.029170595220290273
2018-07-23T09:00:00.0;0.02787672862522172
2018-07-23T10:00:00.0;0.02699027191364973
2018-07-23T11:00:00.0;0.027670044999060856
2018-07-23T12:00:00.0;0.027602607639204656
2018-07-23T13:00:00.0;0.027649613518611157
2018-07-23T14:00:00.0;0.02875554535536989
2018-07-23T15:00:00.0;0.03070131151513824
2018-07-23T16:00:00.0;0.033328109588130046
2018-07-23T17:00:00.0;0.033112551180548636
2018-07-23T18:00:00.0;0.03480065294326629
2018-07-23T19:00:00.0;0.03620539059501275
2018-07-23T20:00:00.0;0.03701537171384009
2018-07-23T21:00:00.0;0.03719867863288981
2018-07-23T22:00:00.0;0.03594370013023327
2018-07-23T23:00:00.0;0.033595171059099115
2018-07-24T00:00:00.0;0.034908639589008805
2018-07-24T01:00:00.0;0.031204156767106805
2018-07-24T02:00:00.0;0.02989373526894179
2018-07-24T03:00:00.0;0.02882725720176966
2018-07-24T04:00:00.0;0.02812817278906967
2018-07-24T05:00:00.0;0.028217827759808994
2018-07-24T06:00:00.0;0.029184741644222207
2018-07-24T07:00:00.0;0.02967457493806973
2018-07-24T08:00:00.0;0.02899576027102523
2018-07-24T09:00:00.0;0.027826099239741366
2018-07-24T10:00:00.0;0.026930504634871073
2018-07-24T11:00:00.0;0.02788144149829926
2018-07-24T12:00:00.0;0.027710189258068212
2018-07-24T13:00:00.0;0.027633610648832664
2018-07-24T14:00:00.0;0.02874694969378328
2018-07-24T15:00:00.0;0.03068587783595406
2018-07-24T16:00:00.0;0.03330426665988294
2018-07-24T17:00:00.0;0.0327852332432366
2018-07-24T18:00:00.0;0.03461757529265825
2018-07-24T19:00:00.0;0.03600996656963377
2018-07-24T20:00:00.0;0.036844252289729346
2018-07-24T21:00:00.0;0.037407951073478815
2018-07-24T22:00:00.0;0.036257942529279136
2018-07-24T23:00:00.0;0.03391040984183234
2018-07-25T00:00:00.0;0.03487584755477085
2018-07-25T01:00:00.0;0.031207977359915876
2018-07-25T02:00:00.0;0.029898085591211335
2018-07-25T03:00:00.0;0.028830408475004954
2018-07-25T04:00:00.0;0.028140902982075406
2018-07-25T05:00:00.0;0.028225379178764904
2018-07-25T06:00:00.0;0.029210743019522156
2018-07-25T07:00:00.0;0.029699001911601564
2018-07-25T08:00:00.0;0.029011627428788184
2018-07-25T09:00:00.0;0.027830694113078962
2018-07-25T10:00:00.0;0.026935928818339137
2018-07-25T11:00:00.0;0.027862256194571073
2018-07-25T12:00:00.0;0.027700425680899702
2018-07-25T13:00:00.0;0.027635062990372515
2018-07-25T14:00:00.0;0.028747729793637714
2018-07-25T15:00:00.0;0.030687278520562643
2018-07-25T16:00:00.0;0.033306430526464634
2018-07-25T17:00:00.0;0.032814939004995373
2018-07-25T18:00:00.0;0.03463419051734462
2018-07-25T19:00:00.0;0.03602770229040581
2018-07-25T20:00:00.0;0.03685978224475312
2018-07-25T21:00:00.0;0.037388958538838446
2018-07-25T22:00:00.0;0.03622942343888886
2018-07-25T23:00:00.0;0.033881800324572456
2018-07-26T00:00:00.0;0.03505518476602091
2018-07-26T01:00:00.0;0.0313132337380149
2018-07-26T02:00:00.0;0.03001406068974035
2018-07-26T03:00:00.0;0.02895563646118466
2018-07-26T04:00:00.0;0.02818909280446893
2018-07-26T05:00:00.0;0.028289574758208785
2018-07-26T06:00:00.0;0.029271075469631612
2018-07-26T07:00:00.0;0.02978324851193525
2018-07-26T08:00:00.0;0.0291956141881867
2018-07-26T09:00:00.0;0.028076439528343405
2018-07-26T10:00:00.0;0.02711805449177466
2018-07-26T11:00:00.0;0.028055710153823077
2018-07-26T12:00:00.0;0.027953923458730233
2018-07-26T13:00:00.0;0.027888506357574006
2018-07-26T14:00:00.0;0.029017739631306966
2018-07-26T15:00:00.0;0.03095247185234497
2018-07-26T16:00:00.0;0.03342134252002217
2018-07-26T17:00:00.0;0.03304117434551683
2018-07-26T18:00:00.0;0.03488128940007095
2018-07-26T19:00:00.0;0.03624232496622497
2018-07-26T20:00:00.0;0.03702626910903586
2018-07-26T21:00:00.0;0.037621642948444334
2018-07-26T22:00:00.0;0.036449600639979485
2018-07-26T23:00:00.0;0.03426923235543214
2018-07-27T00:00:00.0;0.034668608495327005
2018-07-27T01:00:00.0;0.03160250548459253
2018-07-27T02:00:00.0;0.03035552279738627
2018-07-27T03:00:00.0;0.0292878575382474
2018-07-27T04:00:00.0;0.028374407833767483
2018-07-27T05:00:00.0;0.028319530119482177
2018-07-27T06:00:00.0;0.029567659625659486
2018-07-27T07:00:00.0;0.030076304850759593
2018-07-27T08:00:00.0;0.029714391430062218
2018-07-27T09:00:00.0;0.02863162323645718
2018-07-27T10:00:00.0;0.02746896041031105
2018-07-27T11:00:00.0;0.027835185288393193
2018-07-27T12:00:00.0;0.0281582178394125
2018-07-27T13:00:00.0;0.028372836180056798
2018-07-27T14:00:00.0;0.029569735917577313
2018-07-27T15:00:00.0;0.03152325992506412
2018-07-27T16:00:00.0;0.03349667481899324
2018-07-27T17:00:00.0;0.03433410681211208
2018-07-27T18:00:00.0;0.03597982712998741
2018-07-27T19:00:00.0;0.037287696978440275
2018-07-27T20:00:00.0;0.03789117040356068
2018-07-27T21:00:00.0;0.038019245729133976
2018-07-27T22:00:00.0;0.03656402304184991
2018-07-27T23:00:00.0;0.03502326670844959
2018-07-28T00:00:00.0;0.031164754658593467
2018-07-28T01:00:00.0;0.029625517012844455
2018-07-28T02:00:00.0;0.02832685962939628
2018-07-28T03:00:00.0;0.02706261237562899
2018-07-28T04:00:00.0;0.025815418481547104
2018-07-28T05:00:00.0;0.024832613420223568
2018-07-28T06:00:00.0;0.02482432451859665
2018-07-28T07:00:00.0;0.02475784455383271
2018-07-28T08:00:00.0;0.024456161470404858
2018-07-28T09:00:00.0;0.023691061001026043
2018-07-28T10:00:00.0;0.022966556680767254
2018-07-28T11:00:00.0;0.022727294445197922
2018-07-28T12:00:00.0;0.02274099134724307
2018-07-28T13:00:00.0;0.023323251487431213
2018-07-28T14:00:00.0;0.02457953123820208
2018-07-28T15:00:00.0;0.026685994744011846
2018-07-28T16:00:00.0;0.02971026278223905
2018-07-28T17:00:00.0;0.03184973276626547
2018-07-28T18:00:00.0;0.03359187693441261
2018-07-28T19:00:00.0;0.03540341748785255
2018-07-28T20:00:00.0;0.03650047141440165
2018-07-28T21:00:00.0;0.03679639781397736
2018-07-28T22:00:00.0;0.035143466994338644
2018-07-28T23:00:00.0;0.03311745328626259
2018-07-29T00:00:00.0;0.030709064251927414
2018-07-29T01:00:00.0;0.02921695227068716
2018-07-29T02:00:00.0;0.027934218382447362
2018-07-29T03:00:00.0;0.026662502185263035
2018-07-29T04:00:00.0;0.025239370657140565
2018-07-29T05:00:00.0;0.02419721935766288
2018-07-29T06:00:00.0;0.02367509174722117
2018-07-29T07:00:00.0;0.02350388979145939
2018-07-29T08:00:00.0;0.023334177875061472
2018-07-29T09:00:00.0;0.022754551198811795
2018-07-29T10:00:00.0;0.022058642927227975
2018-07-29T11:00:00.0;0.02194866229552584
2018-07-29T12:00:00.0;0.021942085307928193
2018-07-29T13:00:00.0;0.02261905859779594
2018-07-29T14:00:00.0;0.0238981822238783
2018-07-29T15:00:00.0;0.025927892254224375
2018-07-29T16:00:00.0;0.02906042911124392
2018-07-29T17:00:00.0;0.03139148206526891
2018-07-29T18:00:00.0;0.03336014521037798
2018-07-29T19:00:00.0;0.0352346651229082
2018-07-29T20:00:00.0;0.036287136470095904
2018-07-29T21:00:00.0;0.036734359458877576
2018-07-29T22:00:00.0;0.035076434902081205
2018-07-29T23:00:00.0;0.033145013937842215
2018-07-30T00:00:00.0;0.033422084723823776
2018-07-30T01:00:00.0;0.03096725126495479
2018-07-30T02:00:00.0;0.029673506697347064
2018-07-30T03:00:00.0;0.028543298911481094
2018-07-30T04:00:00.0;0.027958687651541927
2018-07-30T05:00:00.0;0.02772076010325036
2018-07-30T06:00:00.0;0.02894701193769308
2018-07-30T07:00:00.0;0.02928820139243162
2018-07-30T08:00:00.0;0.028471928340569188
2018-07-30T09:00:00.0;0.027109684557390663
2018-07-30T10:00:00.0;0.02625584911567985
2018-07-30T11:00:00.0;0.026411395805388944
2018-07-30T12:00:00.0;0.026488845088517964
2018-07-30T13:00:00.0;0.0267764747907697
2018-07-30T14:00:00.0;0.027912905814457028
2018-07-30T15:00:00.0;0.02991142126908203
2018-07-30T16:00:00.0;0.03262160469991275
2018-07-30T17:00:00.0;0.0332269161449441
2018-07-30T18:00:00.0;0.03474034990197006
2018-07-30T19:00:00.0;0.03624022439876805
2018-07-30T20:00:00.0;0.03709872040549783
2018-07-30T21:00:00.0;0.03682978935285969
2018-07-30T22:00:00.0;0.03537160708559666
2018-07-30T23:00:00.0;0.03307709400594662
2018-07-31T00:00:00.0;0.03506065031761494
2018-07-31T01:00:00.0;0.031186446030029635
2018-07-31T02:00:00.0;0.02987356891838647
2018-07-31T03:00:00.0;0.028812649161992124
2018-07-31T04:00:00.0;0.028069160716196844
2018-07-31T05:00:00.0;0.02818282240792481
2018-07-31T06:00:00.0;0.029064209688948392
2018-07-31T07:00:00.0;0.02956134127841715
2018-07-31T08:00:00.0;0.028922206486744817
2018-07-31T09:00:00.0;0.027804799248443705
2018-07-31T10:00:00.0;0.026905360294172644
2018-07-31T11:00:00.0;0.02797037687745531
2018-07-31T12:00:00.0;0.02775544928885549
2018-07-31T13:00:00.0;0.02762687817551138
2018-07-31T14:00:00.0;0.02874333346350011
2018-07-31T15:00:00.0;0.03067938482346349
2018-07-31T16:00:00.0;0.03329423584162679
2018-07-31T17:00:00.0;0.03264752923695315
2018-07-31T18:00:00.0;0.03454055376992497
2018-07-31T19:00:00.0;0.03592775087611047
2018-07-31T20:00:00.0;0.03677226164220641
2018-07-31T21:00:00.0;0.03749599285240017
2018-07-31T22:00:00.0;0.03639014560268261
2018-07-31T23:00:00.0;0.03404303209796278
2018-08-01T00:00:00.0;0.034815875049297854
2018-08-01T01:00:00.0;0.031214964743543537
2018-08-01T02:00:00.0;0.029906041783383686
2018-08-01T03:00:00.0;0.028836171757330754
2018-08-01T04:00:00.0;0.02816418490365943
2018-08-01T05:00:00.0;0.02823918977408741
2018-08-01T06:00:00.0;0.02925829626404386
2018-08-01T07:00:00.0;0.02974367577334482
2018-08-01T08:00:00.0;0.029040646464291567
2018-08-01T09:00:00.0;0.027839097558390927
2018-08-01T10:00:00.0;0.026945848967554777
2018-08-01T11:00:00.0;0.02782716868751097
2018-08-01T12:00:00.0;0.027682569326489805
2018-08-01T13:00:00.0;0.027637719140348307
2018-08-01T14:00:00.0;0.028749156498137047
2018-08-01T15:00:00.0;0.03068984019650945
2018-08-01T16:00:00.0;0.03331038796623406
2018-08-01T17:00:00.0;0.03286926710634857
2018-08-01T18:00:00.0;0.03466457767314616
2018-08-01T19:00:00.0;0.03606013869259271
2018-08-01T20:00:00.0;0.03688818457886574
2018-08-01T21:00:00.0;0.03735422358219013
2018-08-01T22:00:00.0;0.03617726561018862
2018-08-01T23:00:00.0;0.033829477116503165
2018-08-02T00:00:00.0;0.03501167952465575
2018-08-02T01:00:00.0;0.031185525527366583
2018-08-02T02:00:00.0;0.029880517067446793
2018-08-02T03:00:00.0;0.028822057562540804
2018-08-02T04:00:00.0;0.028089836855537
2018-08-02T05:00:00.0;0.02823551860972074
2018-08-02T06:00:00.0;0.02912158326016548
2018-08-02T07:00:00.0;0.029611336775731252
2018-08-02T08:00:00.0;0.02895741970083595
2018-08-02T09:00:00.0;0.02781288996876185
2018-08-02T10:00:00.0;0.026891814587346664
2018-08-02T11:00:00.0;0.027949578620064332
2018-08-02T12:00:00.0;0.027740983079631843
2018-08-02T13:00:00.0;0.027630883445696863
2018-08-02T14:00:00.0;0.028756463911778555
2018-08-02T15:00:00.0;0.030665554362862536
2018-08-02T16:00:00.0;0.03329410144577985
2018-08-02T17:00:00.0;0.032693372201876306
2018-08-02T18:00:00.0;0.034614305091410884
2018-08-02T19:00:00.0;0.035992817947120816
2018-08-02T20:00:00.0;0.03680640283125937
2018-08-02T21:00:00.0;0.037480247325520036
2018-08-02T22:00:00.0;0.0363584505498917
2018-08-02T23:00:00.0;0.03401311404841043
2018-08-03T00:00:00.0;0.03498719412817616
2018-08-03T01:00:00.0;0.03118506527603506
2018-08-03T02:00:00.0;0.02988399114197696
2018-08-03T03:00:00.0;0.028826761762815144
2018-08-03T04:00:00.0;0.028100174925207073
2018-08-03T05:00:00.0;0.028261866710618703
2018-08-03T06:00:00.0;0.029150270045774026
2018-08-03T07:00:00.0;0.029636334524388304
2018-08-03T08:00:00.0;0.028975026307881516
2018-08-03T09:00:00.0;0.027816935328920923
2018-08-03T10:00:00.0;0.026885041733933673
2018-08-03T11:00:00.0;0.027939179491368843
2018-08-03T12:00:00.0;0.027733749975020018
2018-08-03T13:00:00.0;0.027632886080789607
2018-08-03T14:00:00.0;0.02876302913591778
2018-08-03T15:00:00.0;0.03065863913256206
2018-08-03T16:00:00.0;0.03329403424785639
2018-08-03T17:00:00.0;0.032716293684337885
2018-08-03T18:00:00.0;0.03465118075215384
2018-08-03T19:00:00.0;0.036025351482625985
2018-08-03T20:00:00.0;0.036823473425785846
2018-08-03T21:00:00.0;0.03747237456207997
2018-08-03T22:00:00.0;0.03634260302349625
2018-08-03T23:00:00.0;0.03399815502363427
2018-08-04T00:00:00.0;0.03330482973052209
2018-08-04T01:00:00.0;0.030456445363955226
2018-08-04T02:00:00.0;0.029144358515269343
2018-08-04T03:00:00.0;0.02799344405229025
2018-08-04T04:00:00.0;0.027011435899898864
2018-08-04T05:00:00.0;0.026637161679256362
2018-08-04T06:00:00.0;0.02687884403562702
2018-08-04T07:00:00.0;0.027129988469004933
2018-08-04T08:00:00.0;0.026701297277305698
2018-08-04T09:00:00.0;0.025840145936313126
2018-08-04T10:00:00.0;0.025104786722807165
2018-08-04T11:00:00.0;0.025677623988638095
2018-08-04T12:00:00.0;0.025603354997626476
2018-08-04T13:00:00.0;0.02591271401034745
2018-08-04T14:00:00.0;0.027029982286478703
2018-08-04T15:00:00.0;0.02896343945516295
2018-08-04T16:00:00.0;0.0317915296958355
2018-08-04T17:00:00.0;0.03239004735661964
2018-08-04T18:00:00.0;0.034263492828966464
2018-08-04T19:00:00.0;0.03585948156226653
2018-08-04T20:00:00.0;0.03669844001760666
2018-08-04T21:00:00.0;0.03715423178243604
2018-08-04T22:00:00.0;0.035795512993277476
2018-08-04T23:00:00.0;0.033648391569678276
2018-08-05T00:00:00.0;0.03372777138508318
2018-08-05T01:00:00.0;0.030620078684213077
2018-08-05T02:00:00.0;0.029319088109451403
2018-08-05T03:00:00.0;0.028196453550880365
2018-08-05T04:00:00.0;0.02726717425628129
2018-08-05T05:00:00.0;0.027069130531813132
2018-08-05T06:00:00.0;0.0274497913536836
2018-08-05T07:00:00.0;0.027751227341233246
2018-08-05T08:00:00.0;0.027263320499031983
2018-08-05T09:00:00.0;0.026317343344302684
2018-08-05T10:00:00.0;0.025500518365400144
2018-08-05T11:00:00.0;0.02623089619081462
2018-08-05T12:00:00.0;0.026107145803787455
2018-08-05T13:00:00.0;0.026300929114444482
2018-08-05T14:00:00.0;0.027439487504995246
2018-08-05T15:00:00.0;0.02933982034516285
2018-08-05T16:00:00.0;0.0321326002432944
2018-08-05T17:00:00.0;0.03243387444832185
2018-08-05T18:00:00.0;0.034380395182411226
2018-08-05T19:00:00.0;0.035909568049026834
2018-08-05T20:00:00.0;0.03672151146047416
2018-08-05T21:00:00.0;0.03725479161660618
2018-08-05T22:00:00.0;0.03595687447209601
2018-08-05T23:00:00.0;0.033759433380875566
2018-08-06T00:00:00.0;0.03480975987536344
2018-08-06T01:00:00.0;0.03114046653133101
2018-08-06T02:00:00.0;0.02985392691884121
2018-08-06T03:00:00.0;0.028796570347483886
2018-08-06T04:00:00.0;0.028074718608319407
2018-08-06T05:00:00.0;0.028267201909186662
2018-08-06T06:00:00.0;0.029139420430668344
2018-08-06T07:00:00.0;0.029597927802278514
2018-08-06T08:00:00.0;0.028919397682030428
2018-08-06T09:00:00.0;0.027723463756011375
2018-08-06T10:00:00.0;0.026755797386315804
2018-08-06T11:00:00.0;0.027771131603488975
2018-08-06T12:00:00.0;0.027579625321083663
2018-08-06T13:00:00.0;0.02752372087547345
2018-08-06T14:00:00.0;0.028675275944018634
2018-08-06T15:00:00.0;0.030528599267132292
2018-08-06T16:00:00.0;0.03319797616270536
2018-08-06T17:00:00.0;0.03276171875995675
2018-08-06T18:00:00.0;0.03474620686739379
2018-08-06T19:00:00.0;0.036115353921899046
2018-08-06T20:00:00.0;0.03686844126559782
2018-08-06T21:00:00.0;0.037428976970659146
2018-08-06T22:00:00.0;0.03626070702056253
2018-08-06T23:00:00.0;0.03392662512219769
2018-08-07T00:00:00.0;0.03482456855300525
2018-08-07T01:00:00.0;0.031142770011334944
2018-08-07T02:00:00.0;0.029847239651880148
2018-08-07T03:00:00.0;0.02878570371980396
2018-08-07T04:00:00.0;0.02805488951828903
2018-08-07T05:00:00.0;0.028216757289181677
2018-08-07T06:00:00.0;0.029014684033660195
2018-08-07T07:00:00.0;0.029481601539769583
2018-08-07T08:00:00.0;0.028835371346980256
2018-08-07T09:00:00.0;0.02768971256491171
2018-08-07T10:00:00.0;0.026769790871675494
2018-08-07T11:00:00.0;0.02779836411558332
2018-08-07T12:00:00.0;0.02761969910514743
2018-08-07T13:00:00.0;0.027600809721676334
2018-08-07T14:00:00.0;0.028721891530624242
2018-08-07T15:00:00.0;0.0305696071352722
2018-08-07T16:00:00.0;0.03323960115432464
2018-08-07T17:00:00.0;0.032800656568775184
2018-08-07T18:00:00.0;0.034767573155384535
2018-08-07T19:00:00.0;0.03615017171715846
2018-08-07T20:00:00.0;0.03688235253793185
2018-08-07T21:00:00.0;0.0374362490482507
2018-08-07T22:00:00.0;0.036267607723156604
2018-08-07T23:00:00.0;0.033951974395578934
2018-08-08T00:00:00.0;0.03476812369929123
2018-08-08T01:00:00.0;0.03162511431517818
2018-08-08T02:00:00.0;0.030367669324110905
2018-08-08T03:00:00.0;0.02929843315887021
2018-08-08T04:00:00.0;0.0284044900281462
2018-08-08T05:00:00.0;0.028376228650109577
2018-08-08T06:00:00.0;0.029612218408265965
2018-08-08T07:00:00.0;0.030150193989646926
2018-08-08T08:00:00.0;0.029757420200558347
2018-08-08T09:00:00.0;0.02867109817575339
2018-08-08T10:00:00.0;0.02752599135011618
2018-08-08T11:00:00.0;0.02794776319786376
2018-08-08T12:00:00.0;0.028215132341178794
2018-08-08T13:00:00.0;0.02839343714398735
2018-08-08T14:00:00.0;0.029574486863772793
2018-08-08T15:00:00.0;0.031516008913119134
2018-08-08T16:00:00.0;0.033542705360712424
2018-08-08T17:00:00.0;0.03425350935942824
2018-08-08T18:00:00.0;0.03591067143212629
2018-08-08T19:00:00.0;0.03721266337626788
2018-08-08T20:00:00.0;0.0378257298774294
2018-08-08T21:00:00.0;0.03799461110102877
2018-08-08T22:00:00.0;0.03659450344845383
2018-08-08T23:00:00.0;0.03498407244096074
2018-08-09T00:00:00.0;0.03342027593350539
2018-08-09T01:00:00.0;0.030823740464258478
2018-08-09T02:00:00.0;0.029498568250501563
2018-08-09T03:00:00.0;0.028353214147925482
2018-08-09T04:00:00.0;0.027596624591372288
2018-08-09T05:00:00.0;0.02732819452148603
2018-08-09T06:00:00.0;0.027521330632975398
2018-08-09T07:00:00.0;0.027873691320494425
2018-08-09T08:00:00.0;0.027404866444645966
2018-08-09T09:00:00.0;0.026510712397632974
2018-08-09T10:00:00.0;0.025951638777909024
2018-08-09T11:00:00.0;0.026472916242241053
2018-08-09T12:00:00.0;0.02660215726252028
2018-08-09T13:00:00.0;0.02728189901180528
2018-08-09T14:00:00.0;0.028210138153624123
2018-08-09T15:00:00.0;0.02993359263183074
2018-08-09T16:00:00.0;0.03277572556007449
2018-08-09T17:00:00.0;0.03348159702731471
2018-08-09T18:00:00.0;0.03523887362533578
2018-08-09T19:00:00.0;0.036810871702922625
2018-08-09T20:00:00.0;0.037259016179759734
2018-08-09T21:00:00.0;0.03700946330759123
2018-08-09T22:00:00.0;0.035528478437082525
2018-08-09T23:00:00.0;0.03345270451545668
2018-08-10T00:00:00.0;0.032151433315322824
2018-08-10T01:00:00.0;0.030730233687354676
2018-08-10T02:00:00.0;0.029381184434810324
2018-08-10T03:00:00.0;0.028066888554280845
2018-08-10T04:00:00.0;0.026695061651725797
2018-08-10T05:00:00.0;0.02590439827670991
2018-08-10T06:00:00.0;0.02627752635646101
2018-08-10T07:00:00.0;0.02675918442684524
2018-08-10T08:00:00.0;0.026484326527212814
2018-08-10T09:00:00.0;0.02576532205098459
2018-08-10T10:00:00.0;0.024711800219446252
2018-08-10T11:00:00.0;0.024178194769060045
2018-08-10T12:00:00.0;0.02409759733364059
2018-08-10T13:00:00.0;0.024560732732450054
2018-08-10T14:00:00.0;0.025773023152314656
2018-08-10T15:00:00.0;0.027677776559633643
2018-08-10T16:00:00.0;0.030468843985857638
2018-08-10T17:00:00.0;0.03331992867394172
2018-08-10T18:00:00.0;0.03496348265117713
2018-08-10T19:00:00.0;0.036486374864683375
2018-08-10T20:00:00.0;0.037347262424570496
2018-08-10T21:00:00.0;0.03753390509472534
2018-08-10T22:00:00.0;0.03629160299001982
2018-08-10T23:00:00.0;0.03457902341693076
2018-08-11T00:00:00.0;0.030721468668290865
2018-08-11T01:00:00.0;0.029434974517850675
2018-08-11T02:00:00.0;0.02821893065110965
2018-08-11T03:00:00.0;0.02698095921184666
2018-08-11T04:00:00.0;0.02569479667431989
2018-08-11T05:00:00.0;0.025027912891734554
2018-08-11T06:00:00.0;0.02493344119095401
2018-08-11T07:00:00.0;0.024791230700788605
2018-08-11T08:00:00.0;0.024379072329051257
2018-08-11T09:00:00.0;0.02342808571464367
2018-08-11T10:00:00.0;0.022401180356319945
2018-08-11T11:00:00.0;0.02223043101990164
2018-08-11T12:00:00.0;0.02218346673536394
2018-08-11T13:00:00.0;0.022771940381649054
2018-08-11T14:00:00.0;0.024192863250401538
2018-08-11T15:00:00.0;0.026064589656200992
2018-08-11T16:00:00.0;0.02923678908812389
2018-08-11T17:00:00.0;0.03172644095458006
2018-08-11T18:00:00.0;0.033889123103415325
2018-08-11T19:00:00.0;0.03560988128224496
2018-08-11T20:00:00.0;0.03653240563703631
2018-08-11T21:00:00.0;0.036706771103758744
2018-08-11T22:00:00.0;0.035042233174931
2018-08-11T23:00:00.0;0.0330395241529835
2018-08-12T00:00:00.0;0.030563931437407578
2018-08-12T01:00:00.0;0.029219338562719643
2018-08-12T02:00:00.0;0.02791879569407338
2018-08-12T03:00:00.0;0.026632706838559714
2018-08-12T04:00:00.0;0.025204409578844535
2018-08-12T05:00:00.0;0.024120198497393306
2018-08-12T06:00:00.0;0.02317843134648227
2018-08-12T07:00:00.0;0.023021521318205986
2018-08-12T08:00:00.0;0.02297743387788667
2018-08-12T09:00:00.0;0.02257448008626476
2018-08-12T10:00:00.0;0.02206345854169883
2018-08-12T11:00:00.0;0.02199480532376718
2018-08-12T12:00:00.0;0.02209218452898426
2018-08-12T13:00:00.0;0.023070514174048144
2018-08-12T14:00:00.0;0.024211985442160463
2018-08-12T15:00:00.0;0.026090070492401626
2018-08-12T16:00:00.0;0.02928857892020391
2018-08-12T17:00:00.0;0.03181764856504488
2018-08-12T18:00:00.0;0.0338069181286626
2018-08-12T19:00:00.0;0.035723630676021655
2018-08-12T20:00:00.0;0.03651773273189634
2018-08-12T21:00:00.0;0.03670468528077603
2018-08-12T22:00:00.0;0.03497215102989872
2018-08-12T23:00:00.0;0.03315815894121039
2018-08-13T00:00:00.0;0.03352316161322614
2018-08-13T01:00:00.0;0.03116077605731967
2018-08-13T02:00:00.0;0.02985834285677627
2018-08-13T03:00:00.0;0.028732142335333624
2018-08-13T04:00:00.0;0.0282556323432639
2018-08-13T05:00:00.0;0.028080989178893418
2018-08-13T06:00:00.0;0.029230255465592745
2018-08-13T07:00:00.0;0.029629220498249006
2018-08-13T08:00:00.0;0.02881049795221618
2018-08-13T09:00:00.0;0.027456239157672927
2018-08-13T10:00:00.0;0.026706686368298465
2018-08-13T11:00:00.0;0.02687244367905435
2018-08-13T12:00:00.0;0.02705243338406635
2018-08-13T13:00:00.0;0.027541886375934386
2018-08-13T14:00:00.0;0.0285692866548781
2018-08-13T15:00:00.0;0.030443870697652132
2018-08-13T16:00:00.0;0.033164616990126315
2018-08-13T17:00:00.0;0.033800167220568056
2018-08-13T18:00:00.0;0.035271626775180004
2018-08-13T19:00:00.0;0.03675905581027791
2018-08-13T20:00:00.0;0.03739363553022267
2018-08-13T21:00:00.0;0.03677705822722273
2018-08-13T22:00:00.0;0.035261944190373574
2018-08-13T23:00:00.0;0.03301292815823171
2018-08-14T00:00:00.0;0.03346825070419295
2018-08-14T01:00:00.0;0.0309667720649138
2018-08-14T02:00:00.0;0.029680006815461835
2018-08-14T03:00:00.0;0.02854149179170027
2018-08-14T04:00:00.0;0.027793758153038507
2018-08-14T05:00:00.0;0.027615138009667875
2018-08-14T06:00:00.0;0.02860887648862983
2018-08-14T07:00:00.0;0.028993565270500066
2018-08-14T08:00:00.0;0.028289573436293854
2018-08-14T09:00:00.0;0.02704544750427951
2018-08-14T10:00:00.0;0.026086986701528533
2018-08-14T11:00:00.0;0.026323492561864947
2018-08-14T12:00:00.0;0.02632980602979303
2018-08-14T13:00:00.0;0.026594674389234133
2018-08-14T14:00:00.0;0.027765590773080096
2018-08-14T15:00:00.0;0.02966878278273519
2018-08-14T16:00:00.0;0.03238473597572789
2018-08-14T17:00:00.0;0.033212039766504255
2018-08-14T18:00:00.0;0.034911188032923895
2018-08-14T19:00:00.0;0.036367109740761946
2018-08-14T20:00:00.0;0.03714796207449815
2018-08-14T21:00:00.0;0.03708049868467414
2018-08-14T22:00:00.0;0.03570828816998407
2018-08-14T23:00:00.0;0.033533864708148835
2018-08-15T00:00:00.0;0.033400858822164266
2018-08-15T01:00:00.0;0.03114670207348921
2018-08-15T02:00:00.0;0.029854362858160444
2018-08-15T03:00:00.0;0.028720291509223443
2018-08-15T04:00:00.0;0.02808467627890528
2018-08-15T05:00:00.0;0.027831678326692692
2018-08-15T06:00:00.0;0.028728486205124432
2018-08-15T07:00:00.0;0.029113387530134024
2018-08-15T08:00:00.0;0.028504321817332708
2018-08-15T09:00:00.0;0.02733338231662218
2018-08-15T10:00:00.0;0.026574406875656528
2018-08-15T11:00:00.0;0.026692489661503244
2018-08-15T12:00:00.0;0.026993172847105437
2018-08-15T13:00:00.0;0.02763043928629851
2018-08-15T14:00:00.0;0.028648971351988985
2018-08-15T15:00:00.0;0.030477955122891438
2018-08-15T16:00:00.0;0.03306222735867014
2018-08-15T17:00:00.0;0.03411305310399709
2018-08-15T18:00:00.0;0.035630010445903734
2018-08-15T19:00:00.0;0.037125045377783224
2018-08-15T20:00:00.0;0.03763494216171543
2018-08-15T21:00:00.0;0.03702362604899102
2018-08-15T22:00:00.0;0.03543305299710684
2018-08-15T23:00:00.0;0.033469485346117635
2018-08-16T00:00:00.0;0.03290419491730809
2018-08-16T01:00:00.0;0.03125257427226324
2018-08-16T02:00:00.0;0.030014041808302177
2018-08-16T03:00:00.0;0.028857028677855678
2018-08-16T04:00:00.0;0.027974070272800217
2018-08-16T05:00:00.0;0.02748937981374278
2018-08-16T06:00:00.0;0.028877493304865567
2018-08-16T07:00:00.0;0.029226411765091338
2018-08-16T08:00:00.0;0.028772488341647383
2018-08-16T09:00:00.0;0.02756831241044477
2018-08-16T10:00:00.0;0.026451844691195898
2018-08-16T11:00:00.0;0.025923597028122608
2018-08-16T12:00:00.0;0.026472029741816252
2018-08-16T13:00:00.0;0.027079274579270347
2018-08-16T14:00:00.0;0.02830852934584591
2018-08-16T15:00:00.0;0.030329467784016902
2018-08-16T16:00:00.0;0.03244233126309027
2018-08-16T17:00:00.0;0.0346604849424799
2018-08-16T18:00:00.0;0.03598912953219045
2018-08-16T19:00:00.0;0.037431652412016354
2018-08-16T20:00:00.0;0.03809411625216621
2018-08-16T21:00:00.0;0.03743074163192675
2018-08-16T22:00:00.0;0.03568291127768364
2018-08-16T23:00:00.0;0.034227495535129576
2018-08-17T00:00:00.0;0.034392998850607294
2018-08-17T01:00:00.0;0.031044903424745782
2018-08-17T02:00:00.0;0.02977330892349247
2018-08-17T03:00:00.0;0.02870580938214594
2018-08-17T04:00:00.0;0.027980722487518345
2018-08-17T05:00:00.0;0.02818773739454536
2018-08-17T06:00:00.0;0.02880156980832954
2018-08-17T07:00:00.0;0.0292142992266475
2018-08-17T08:00:00.0;0.028577748927859758
2018-08-17T09:00:00.0;0.027417149272807525
2018-08-17T10:00:00.0;0.02648831049282028
2018-08-17T11:00:00.0;0.027447179395769614
2018-08-17T12:00:00.0;0.02733414030208448
2018-08-17T13:00:00.0;0.027515662221687515
2018-08-17T14:00:00.0;0.028633638544365736
2018-08-17T15:00:00.0;0.03034154425666494
2018-08-17T16:00:00.0;0.03310642298406181
2018-08-17T17:00:00.0;0.033038596902330575
2018-08-17T18:00:00.0;0.03511541922358882
2018-08-17T19:00:00.0;0.03650393615181743
2018-08-17T20:00:00.0;0.037053874156304255
2018-08-17T21:00:00.0;0.037333725936692035
2018-08-17T22:00:00.0;0.036057748222378755
2018-08-17T23:00:00.0;0.033805767302556834
2018-08-18T00:00:00.0;0.030996854669919437
2018-08-18T01:00:00.0;0.029645790996829284
2018-08-18T02:00:00.0;0.028374023126777476
2018-08-18T03:00:00.0;0.027117384044895488
2018-08-18T04:00:00.0;0.025753703359440484
2018-08-18T05:00:00.0;0.024764858435230165
2018-08-18T06:00:00.0;0.02443193443002788
2018-08-18T07:00:00.0;0.02435861798907024
2018-08-18T08:00:00.0;0.024255306014759087
2018-08-18T09:00:00.0;0.023664213810487444
2018-08-18T10:00:00.0;0.02294011076785519
2018-08-18T11:00:00.0;0.022680786443860002
2018-08-18T12:00:00.0;0.022913751130482628
2018-08-18T13:00:00.0;0.023773764646812353
2018-08-18T14:00:00.0;0.024991812774723548
2018-08-18T15:00:00.0;0.026954033830318025
2018-08-18T16:00:00.0;0.029819039824924398
2018-08-18T17:00:00.0;0.03244224324980239
2018-08-18T18:00:00.0;0.03427209092116701
2018-08-18T19:00:00.0;0.03607746924893425
2018-08-18T20:00:00.0;0.036898149524403595
2018-08-18T21:00:00.0;0.03694912526057064
2018-08-18T22:00:00.0;0.035180366871819406
2018-08-18T23:00:00.0;0.03353045240482573
2018-08-19T00:00:00.0;0.030627950584990862
2018-08-19T01:00:00.0;0.029296975925212885
2018-08-19T02:00:00.0;0.027969636660143297
2018-08-19T03:00:00.0;0.02666761339417377
2018-08-19T04:00:00.0;0.025223374623765404
2018-08-19T05:00:00.0;0.024078370087685614
2018-08-19T06:00:00.0;0.022908490345646317
2018-08-19T07:00:00.0;0.02278737851358915
2018-08-19T08:00:00.0;0.022854832618824386
2018-08-19T09:00:00.0;0.022593909954921495
2018-08-19T10:00:00.0;0.02221914480773506
2018-08-19T11:00:00.0;0.022171903182295182
2018-08-19T12:00:00.0;0.02231046256026753
2018-08-19T13:00:00.0;0.02343863924784269
2018-08-19T14:00:00.0;0.024478002289202275
2018-08-19T15:00:00.0;0.026301592909733367
2018-08-19T16:00:00.0;0.02951419819537037
2018-08-19T17:00:00.0;0.03211552044310546
2018-08-19T18:00:00.0;0.03406419405065253
2018-08-19T19:00:00.0;0.03600635113977854
2018-08-19T20:00:00.0;0.03667472449969406
2018-08-19T21:00:00.0;0.03679751018503778
2018-08-19T22:00:00.0;0.03503569810305804
2018-08-19T23:00:00.0;0.03328339104549176
2018-08-20T00:00:00.0;0.033660297044529074
2018-08-20T01:00:00.0;0.03158179195625664
2018-08-20T02:00:00.0;0.030270800908975645
2018-08-20T03:00:00.0;0.02913157205751662
2018-08-20T04:00:00.0;0.02881734697118162
2018-08-20T05:00:00.0;0.028686982003342062
2018-08-20T06:00:00.0;0.030478427239460367
2018-08-20T07:00:00.0;0.03102963232737767
2018-08-20T08:00:00.0;0.0299848086007615
2018-08-20T09:00:00.0;0.028367367584965872
2018-08-20T10:00:00.0;0.027479470082906684
2018-08-20T11:00:00.0;0.027296774069824056
2018-08-20T12:00:00.0;0.02748925731244815
2018-08-20T13:00:00.0;0.02788313824149294
2018-08-20T14:00:00.0;0.02893521663581127
2018-08-20T15:00:00.0;0.03085858217800853
2018-08-20T16:00:00.0;0.03350571856848876
2018-08-20T17:00:00.0;0.03432563254945989
2018-08-20T18:00:00.0;0.03555158175218941
2018-08-20T19:00:00.0;0.036946425036006945
2018-08-20T20:00:00.0;0.03764753550496082
2018-08-20T21:00:00.0;0.036698866148111714
2018-08-20T22:00:00.0;0.0352511650837087
2018-08-20T23:00:00.0;0.03293610325977128
2018-08-21T00:00:00.0;0.03339010574768576
2018-08-21T01:00:00.0;0.03133097218251614
2018-08-21T02:00:00.0;0.030098604338940543
2018-08-21T03:00:00.0;0.02900874728522838
2018-08-21T04:00:00.0;0.028730275429247734
2018-08-21T05:00:00.0;0.028880744104244287
2018-08-21T06:00:00.0;0.030529047842803397
2018-08-21T07:00:00.0;0.030907958603194372
2018-08-21T08:00:00.0;0.029817636743947898
2018-08-21T09:00:00.0;0.02804817167709863
2018-08-21T10:00:00.0;0.02701799312124297
2018-08-21T11:00:00.0;0.027052392179019072
2018-08-21T12:00:00.0;0.027258923088119193
2018-08-21T13:00:00.0;0.027714753017723154
2018-08-21T14:00:00.0;0.028873561440910436
2018-08-21T15:00:00.0;0.030630331677225425
2018-08-21T16:00:00.0;0.03337901725683333
2018-08-21T17:00:00.0;0.034172048773754835
2018-08-21T18:00:00.0;0.03575708313499483
2018-08-21T19:00:00.0;0.03712303492910967
2018-08-21T20:00:00.0;0.03764621472738899
2018-08-21T21:00:00.0;0.0366238619319221
2018-08-21T22:00:00.0;0.035019669091735095
2018-08-21T23:00:00.0;0.032682408437457094
2018-08-22T00:00:00.0;0.034499567669694746
2018-08-22T01:00:00.0;0.03136936155466067
2018-08-22T02:00:00.0;0.030086395006315277
2018-08-22T03:00:00.0;0.02900707075308956
2018-08-22T04:00:00.0;0.02827939486380071
2018-08-22T05:00:00.0;0.028276256959674236
2018-08-22T06:00:00.0;0.029311560255517125
2018-08-22T07:00:00.0;0.0297941785837493
2018-08-22T08:00:00.0;0.029228567547543736
2018-08-22T09:00:00.0;0.028074773107031225
2018-08-22T10:00:00.0;0.027129843239276506
2018-08-22T11:00:00.0;0.027700581131165206
2018-08-22T12:00:00.0;0.027824210712083002
2018-08-22T13:00:00.0;0.02805318427494769
2018-08-22T14:00:00.0;0.02915528345865562
2018-08-22T15:00:00.0;0.031035262603851813
2018-08-22T16:00:00.0;0.033436997543401084
2018-08-22T17:00:00.0;0.033745247030104855
2018-08-22T18:00:00.0;0.03545018412899812
2018-08-22T19:00:00.0;0.036828861926930426
2018-08-22T20:00:00.0;0.037451124205557906
2018-08-22T21:00:00.0;0.037511414580479116
2018-08-22T22:00:00.0;0.03614245738660518
2018-08-22T23:00:00.0;0.034160979419515666
2018-08-23T00:00:00.0;0.03397949083382543
2018-08-23T01:00:00.0;0.03177458144739617
2018-08-23T02:00:00.0;0.03053623566197478
2018-08-23T03:00:00.0;0.029441293027361655
2018-08-23T04:00:00.0;0.028716383199578047
2018-08-23T05:00:00.0;0.02855317921322314
2018-08-23T06:00:00.0;0.029988898310596486
2018-08-23T07:00:00.0;0.030490651474471706
2018-08-23T08:00:00.0;0.030049777544540118
2018-08-23T09:00:00.0;0.02883295714696308
2018-08-23T10:00:00.0;0.027758445058444575
2018-08-23T11:00:00.0;0.02761124539858536
2018-08-23T12:00:00.0;0.02824079796978339
2018-08-23T13:00:00.0;0.02888504682259657
2018-08-23T14:00:00.0;0.029992463378155976
2018-08-23T15:00:00.0;0.031857259234190846
2018-08-23T16:00:00.0;0.03380635889653881
2018-08-23T17:00:00.0;0.035415042877436
2018-08-23T18:00:00.0;0.036792933656627516
2018-08-23T19:00:00.0;0.038125126571897656
2018-08-23T20:00:00.0;0.038486130044454135
2018-08-23T21:00:00.0;0.03769631035214563
2018-08-23T22:00:00.0;0.03597681019833699
2018-08-23T23:00:00.0;0.03458514628859578
2018-08-24T00:00:00.0;0.033447649188627186
2018-08-24T01:00:00.0;0.030997207745018147
2018-08-24T02:00:00.0;0.029754548627795953
2018-08-24T03:00:00.0;0.028625185922714055
2018-08-24T04:00:00.0;0.027507447782989088
2018-08-24T05:00:00.0;0.027097849356466138
2018-08-24T06:00:00.0;0.027995415386117915
2018-08-24T07:00:00.0;0.028306096142798363
2018-08-24T08:00:00.0;0.028059057517408094
2018-08-24T09:00:00.0;0.027119526936398908
2018-08-24T10:00:00.0;0.026005640693453264
2018-08-24T11:00:00.0;0.026043705734035354
2018-08-24T12:00:00.0;0.026382216779053776
2018-08-24T13:00:00.0;0.02674849853533738
2018-08-24T14:00:00.0;0.028012774465199602
2018-08-24T15:00:00.0;0.030045269529775553
2018-08-24T16:00:00.0;0.032174279084362455
2018-08-24T17:00:00.0;0.033770882891232
2018-08-24T18:00:00.0;0.03542359434160434
2018-08-24T19:00:00.0;0.0368781059522184
2018-08-24T20:00:00.0;0.037629776242838926
2018-08-24T21:00:00.0;0.03778914346415415
2018-08-24T22:00:00.0;0.03620942043341021
2018-08-24T23:00:00.0;0.03473654455596706
2018-08-25T00:00:00.0;0.031461079071696034
2018-08-25T01:00:00.0;0.02978871616987133
2018-08-25T02:00:00.0;0.028500995805277835
2018-08-25T03:00:00.0;0.02726711056773013
2018-08-25T04:00:00.0;0.026020624002559407
2018-08-25T05:00:00.0;0.02528700651509898
2018-08-25T06:00:00.0;0.024633350176175704
2018-08-25T07:00:00.0;0.02464739990720969
2018-08-25T08:00:00.0;0.024509345134997897
2018-08-25T09:00:00.0;0.023954750374135435
2018-08-25T10:00:00.0;0.02335634809826486
2018-08-25T11:00:00.0;0.02348996452163648
2018-08-25T12:00:00.0;0.023636192296300925
2018-08-25T13:00:00.0;0.024588678320054548
2018-08-25T14:00:00.0;0.025677094730905594
2018-08-25T15:00:00.0;0.02740757186242103
2018-08-25T16:00:00.0;0.03046465949830759
2018-08-25T17:00:00.0;0.032607996567359014
2018-08-25T18:00:00.0;0.034627832144307515
2018-08-25T19:00:00.0;0.03639552806127429
2018-08-25T20:00:00.0;0.0369428232453785
2018-08-25T21:00:00.0;0.036911328250506595
2018-08-25T22:00:00.0;0.03522826313532164
2018-08-25T23:00:00.0;0.03343907038401067
2018-08-26T00:00:00.0;0.030704734039312738
2018-08-26T01:00:00.0;0.029360172026699143
2018-08-26T02:00:00.0;0.02802486060295143
2018-08-26T03:00:00.0;0.026728245992023454
2018-08-26T04:00:00.0;0.02532041970888667
2018-08-26T05:00:00.0;0.024215997253780104
2018-08-26T06:00:00.0;0.022821566081576487
2018-08-26T07:00:00.0;0.022734402565464763
2018-08-26T08:00:00.0;0.02284601299204884
2018-08-26T09:00:00.0;0.022667580476733562
2018-08-26T10:00:00.0;0.022403428403551577
2018-08-26T11:00:00.0;0.022456994784157604
2018-08-26T12:00:00.0;0.022664573843881226
2018-08-26T13:00:00.0;0.02396147367193146
2018-08-26T14:00:00.0;0.02490540608898504
2018-08-26T15:00:00.0;0.02661291169833422
2018-08-26T16:00:00.0;0.029849697666626922
2018-08-26T17:00:00.0;0.032420923621926244
2018-08-26T18:00:00.0;0.03439729587654168
2018-08-26T19:00:00.0;0.036345813190397
2018-08-26T20:00:00.0;0.036826174605414284
2018-08-26T21:00:00.0;0.03675725322259802
2018-08-26T22:00:00.0;0.03497521561634836
2018-08-26T23:00:00.0;0.033284012165067975
2018-08-27T00:00:00.0;0.03364459209682215
2018-08-27T01:00:00.0;0.032052615912901185
2018-08-27T02:00:00.0;0.03080855169013027
2018-08-27T03:00:00.0;0.02962681952925486
2018-08-27T04:00:00.0;0.028373985391982708
2018-08-27T05:00:00.0;0.027877832827089177
2018-08-27T06:00:00.0;0.029325447289162608
2018-08-27T07:00:00.0;0.030013742450122703
2018-08-27T08:00:00.0;0.029954067834732406
2018-08-27T09:00:00.0;0.029063055344298393
2018-08-27T10:00:00.0;0.02764088511350816
2018-08-27T11:00:00.0;0.026843382492008485
2018-08-27T12:00:00.0;0.027579803786541793
2018-08-27T13:00:00.0;0.028229047321602547
2018-08-27T14:00:00.0;0.02946314661736264
2018-08-27T15:00:00.0;0.031387997638828165
2018-08-27T16:00:00.0;0.03291778606058648
2018-08-27T17:00:00.0;0.03615956856158932
2018-08-27T18:00:00.0;0.03742923702771768
2018-08-27T19:00:00.0;0.0386705564099882
2018-08-27T20:00:00.0;0.039073091827079326
2018-08-27T21:00:00.0;0.03849237683266501
2018-08-27T22:00:00.0;0.036883321020492486
2018-08-27T23:00:00.0;0.03619216366815024
2018-08-28T00:00:00.0;0.032825406181111114
2018-08-28T01:00:00.0;0.03141224531231178
2018-08-28T02:00:00.0;0.0302031828017601
2018-08-28T03:00:00.0;0.029099215746732816
2018-08-28T04:00:00.0;0.028981140735741134
2018-08-28T05:00:00.0;0.029134742607025876
2018-08-28T06:00:00.0;0.031062379336145845
2018-08-28T07:00:00.0;0.03141850916536239
2018-08-28T08:00:00.0;0.030170557234708878
2018-08-28T09:00:00.0;0.02817976190414785
2018-08-28T10:00:00.0;0.027105739983653954
2018-08-28T11:00:00.0;0.02676054537827521
2018-08-28T12:00:00.0;0.027111438038309402
2018-08-28T13:00:00.0;0.027770423146011653
2018-08-28T14:00:00.0;0.028937143189214025
2018-08-28T15:00:00.0;0.030632375640725823
2018-08-28T16:00:00.0;0.033424296637842764
2018-08-28T17:00:00.0;0.034742508313280886
2018-08-28T18:00:00.0;0.0362014049367269
2018-08-28T19:00:00.0;0.03755636124831668
2018-08-28T20:00:00.0;0.03796859170931888
2018-08-28T21:00:00.0;0.036328962318512986
2018-08-28T22:00:00.0;0.034565362535229696
2018-08-28T23:00:00.0;0.03223598734797118
2018-08-29T00:00:00.0;0.03299712282555527
2018-08-29T01:00:00.0;0.031508283900994756
2018-08-29T02:00:00.0;0.03023905370544132
2018-08-29T03:00:00.0;0.029097855187199217
2018-08-29T04:00:00.0;0.028779288952064375
2018-08-29T05:00:00.0;0.028509535828861423
2018-08-29T06:00:00.0;0.030276562238527586
2018-08-29T07:00:00.0;0.030693640783753647
2018-08-29T08:00:00.0;0.029769897869907306
2018-08-29T09:00:00.0;0.028162299634729743
2018-08-29T10:00:00.0;0.02729631768084587
2018-08-29T11:00:00.0;0.026777220665269462
2018-08-29T12:00:00.0;0.027309965483936764
2018-08-29T13:00:00.0;0.028065244052927436
2018-08-29T14:00:00.0;0.02911442010719175
2018-08-29T15:00:00.0;0.031014880494237493
2018-08-29T16:00:00.0;0.0334823024345091
2018-08-29T17:00:00.0;0.035034713843891875
2018-08-29T18:00:00.0;0.036152983461813074
2018-08-29T19:00:00.0;0.03759819016583655
2018-08-29T20:00:00.0;0.03811628255672184
2018-08-29T21:00:00.0;0.03665104409526219
2018-08-29T22:00:00.0;0.03487025102890971
2018-08-29T23:00:00.0;0.032881879349684534
2018-08-30T00:00:00.0;0.033179344999619116
2018-08-30T01:00:00.0;0.030754536126665823
2018-08-30T02:00:00.0;0.029601193211214807
2018-08-30T03:00:00.0;0.028540673433192096
2018-08-30T04:00:00.0;0.02784655340378138
2018-08-30T05:00:00.0;0.028295681961166465
2018-08-30T06:00:00.0;0.0290369339103694
2018-08-30T07:00:00.0;0.02924627246300519
2018-08-30T08:00:00.0;0.028433300148002813
2018-08-30T09:00:00.0;0.026905434778073577
2018-08-30T10:00:00.0;0.02560503053459353
2018-08-30T11:00:00.0;0.026226464400895714
2018-08-30T12:00:00.0;0.026189421167805312
2018-08-30T13:00:00.0;0.026557217830569965
2018-08-30T14:00:00.0;0.02790555672433795
2018-08-30T15:00:00.0;0.029384793680653127
2018-08-30T16:00:00.0;0.03232435062540021
2018-08-30T17:00:00.0;0.03325235100546326
2018-08-30T18:00:00.0;0.03566463376716195
2018-08-30T19:00:00.0;0.036987636276220225
2018-08-30T20:00:00.0;0.03732871640907509
2018-08-30T21:00:00.0;0.03706945608872496
2018-08-30T22:00:00.0;0.03553496470833373
2018-08-30T23:00:00.0;0.03334032323229078
2018-08-31T00:00:00.0;0.034163459184487245
2018-08-31T01:00:00.0;0.031110521993368497
2018-08-31T02:00:00.0;0.02991081956455393
2018-08-31T03:00:00.0;0.02887619462974191
2018-08-31T04:00:00.0;0.028276458364653843
2018-08-31T05:00:00.0;0.02881697374368387
2018-08-31T06:00:00.0;0.029624494920400236
2018-08-31T07:00:00.0;0.029994512759102115
2018-08-31T08:00:00.0;0.029181134941020193
2018-08-31T09:00:00.0;0.027721099276355975
2018-08-31T10:00:00.0;0.02655142746710463
2018-08-31T11:00:00.0;0.02748134324681371
2018-08-31T12:00:00.0;0.027391059189956896
2018-08-31T13:00:00.0;0.027631958938033947
2018-08-31T14:00:00.0;0.028856346336014145
2018-08-31T15:00:00.0;0.030361121600013467
2018-08-31T16:00:00.0;0.033210515532160235
2018-08-31T17:00:00.0;0.03338525286826881
2018-08-31T18:00:00.0;0.03569829694563575
2018-08-31T19:00:00.0;0.03698248283837455
2018-08-31T20:00:00.0;0.03731573098188794
2018-08-31T21:00:00.0;0.03723184810911211
2018-08-31T22:00:00.0;0.03585500779518418
2018-08-31T23:00:00.0;0.03357493882177135
2018-09-01T00:00:00.0;0.033848674190163984
2018-09-01T01:00:00.0;0.030913498524623596
2018-09-01T02:00:00.0;0.02966410917235956
2018-09-01T03:00:00.0;0.02858453219922206
2018-09-01T04:00:00.0;0.02785439246400812
2018-09-01T05:00:00.0;0.028083699824357933
2018-09-01T06:00:00.0;0.028404979030415826
2018-09-01T07:00:00.0;0.028753649719331337
2018-09-01T08:00:00.0;0.02815777485135366
2018-09-01T09:00:00.0;0.02702262268715712
2018-09-01T10:00:00.0;0.0261221257638562
2018-09-01T11:00:00.0;0.026998215097054256
2018-09-01T12:00:00.0;0.026976573070486728
2018-09-01T13:00:00.0;0.027436699355182146
2018-09-01T14:00:00.0;0.02852802160659769
2018-09-01T15:00:00.0;0.03006229129804568
2018-09-01T16:00:00.0;0.032946714711921954
2018-09-01T17:00:00.0;0.0333493512729293
2018-09-01T18:00:00.0;0.035546398979399006
2018-09-01T19:00:00.0;0.0369562677908163
2018-09-01T20:00:00.0;0.03726975799924659
2018-09-01T21:00:00.0;0.03720935733911461
2018-09-01T22:00:00.0;0.035798648724298734
2018-09-01T23:00:00.0;0.03364160002761856
2018-09-02T00:00:00.0;0.032600151078377625
2018-09-02T01:00:00.0;0.030456507195665096
2018-09-02T02:00:00.0;0.029267506346317806
2018-09-02T03:00:00.0;0.02815917606701106
2018-09-02T04:00:00.0;0.0273437648764389
2018-09-02T05:00:00.0;0.02751677253231234
2018-09-02T06:00:00.0;0.02767666342089263
2018-09-02T07:00:00.0;0.027823009375432695
2018-09-02T08:00:00.0;0.027205222071134346
2018-09-02T09:00:00.0;0.02597267740257919
2018-09-02T10:00:00.0;0.02492914974327107
2018-09-02T11:00:00.0;0.025479292583083596
2018-09-02T12:00:00.0;0.025511368283987385
2018-09-02T13:00:00.0;0.02617403915707998
2018-09-02T14:00:00.0;0.027401212409837908
2018-09-02T15:00:00.0;0.028840146251866535
2018-09-02T16:00:00.0;0.03190579538073128
2018-09-02T17:00:00.0;0.03320783805278927
2018-09-02T18:00:00.0;0.03558571122262397
2018-09-02T19:00:00.0;0.03704099839283286
2018-09-02T20:00:00.0;0.03729454881675749
2018-09-02T21:00:00.0;0.03694847883143759
2018-09-02T22:00:00.0;0.035337653643799205
2018-09-02T23:00:00.0;0.0332498095956251
2018-09-03T00:00:00.0;0.03312112990528251
2018-09-03T01:00:00.0;0.03164121125714926
2018-09-03T02:00:00.0;0.030373038032069612
2018-09-03T03:00:00.0;0.02923181412175423
2018-09-03T04:00:00.0;0.02889354259359923
2018-09-03T05:00:00.0;0.028637283767158916
2018-09-03T06:00:00.0;0.030489347919762367
2018-09-03T07:00:00.0;0.030954321959844485
2018-09-03T08:00:00.0;0.030049910476651162
2018-09-03T09:00:00.0;0.028442965925900725
2018-09-03T10:00:00.0;0.027524885485870055
2018-09-03T11:00:00.0;0.026955700439414188
2018-09-03T12:00:00.0;0.02751414882807635
2018-09-03T13:00:00.0;0.028256214402928626
2018-09-03T14:00:00.0;0.02931227463661944
2018-09-03T15:00:00.0;0.031211097234237546
2018-09-03T16:00:00.0;0.033595832796102364
2018-09-03T17:00:00.0;0.035247387945187315
2018-09-03T18:00:00.0;0.036338086268879306
2018-09-03T19:00:00.0;0.03774979496471347
2018-09-03T20:00:00.0;0.03824790290713898
2018-09-03T21:00:00.0;0.036767001982210744
2018-09-03T22:00:00.0;0.03500299694597415
2018-09-03T23:00:00.0;0.033092004673295705
2018-09-04T00:00:00.0;0.03355325960517706
2018-09-04T01:00:00.0;0.031134056573109574
2018-09-04T02:00:00.0;0.029954814027652807
2018-09-04T03:00:00.0;0.028902705658849392
2018-09-04T04:00:00.0;0.02840880467241906
2018-09-04T05:00:00.0;0.02890167570113113
2018-09-04T06:00:00.0;0.029838710813849284
2018-09-04T07:00:00.0;0.030166700310849427
2018-09-04T08:00:00.0;0.029278431578439245
2018-09-04T09:00:00.0;0.02768896694342645
2018-09-04T10:00:00.0;0.02651820330973054
2018-09-04T11:00:00.0;0.02709375561420878
2018-09-04T12:00:00.0;0.027178532310459542
2018-09-04T13:00:00.0;0.027677550007450237
2018-09-04T14:00:00.0;0.028890549292868804
2018-09-04T15:00:00.0;0.030329111171498637
2018-09-04T16:00:00.0;0.03320007907563606
2018-09-04T17:00:00.0;0.03395933533035167
2018-09-04T18:00:00.0;0.036160301871695576
2018-09-04T19:00:00.0;0.037457100683003654
2018-09-04T20:00:00.0;0.03765162908479397
2018-09-04T21:00:00.0;0.03699005920745817
2018-09-04T22:00:00.0;0.03542906815807053
2018-09-04T23:00:00.0;0.033227384216999806
2018-09-05T00:00:00.0;0.033009948022208566
2018-09-05T01:00:00.0;0.031581986046788996
2018-09-05T02:00:00.0;0.030361459372712056
2018-09-05T03:00:00.0;0.02924691518247998
2018-09-05T04:00:00.0;0.029085803923584543
2018-09-05T05:00:00.0;0.029287167622749917
2018-09-05T06:00:00.0;0.03119596902135469
2018-09-05T07:00:00.0;0.031654523924784864
2018-09-05T08:00:00.0;0.030425825116808195
2018-09-05T09:00:00.0;0.028473715220192822
2018-09-05T10:00:00.0;0.027348385457620812
2018-09-05T11:00:00.0;0.02700090767125055
2018-09-05T12:00:00.0;0.027306105973815994
2018-09-05T13:00:00.0;0.02794423545155954
2018-09-05T14:00:00.0;0.029097177603801296
2018-09-05T15:00:00.0;0.030730767864958992
2018-09-05T16:00:00.0;0.03351617277454449
2018-09-05T17:00:00.0;0.034941189745978235
2018-09-05T18:00:00.0;0.03642801522098638
2018-09-05T19:00:00.0;0.03773210316714519
2018-09-05T20:00:00.0;0.03808520627710625
2018-09-05T21:00:00.0;0.03647140323580208
2018-09-05T22:00:00.0;0.03480547807760489
2018-09-05T23:00:00.0;0.03252311481348101
2018-09-06T00:00:00.0;0.033408167986223855
2018-09-06T01:00:00.0;0.031914642704531204
2018-09-06T02:00:00.0;0.03063010629274162
2018-09-06T03:00:00.0;0.02948087934109357
2018-09-06T04:00:00.0;0.029195854162666526
2018-09-06T05:00:00.0;0.0289959957912653
2018-09-06T06:00:00.0;0.03114995489537464
2018-09-06T07:00:00.0;0.03174696700743314
2018-09-06T08:00:00.0;0.030732493992507465
2018-09-06T09:00:00.0;0.029024378026426437
2018-09-06T10:00:00.0;0.02801994539742303
2018-09-06T11:00:00.0;0.027358328520418012
2018-09-06T12:00:00.0;0.02784628616773875
2018-09-06T13:00:00.0;0.02845813308772998
2018-09-06T14:00:00.0;0.029522598567767917
2018-09-06T15:00:00.0;0.03143903035693169
2018-09-06T16:00:00.0;0.03380139378577682
2018-09-06T17:00:00.0;0.03541981209402436
2018-09-06T18:00:00.0;0.03641975179659174
2018-09-06T19:00:00.0;0.0377617037506939
2018-09-06T20:00:00.0;0.03831498866147669
2018-09-06T21:00:00.0;0.036812175642031646
2018-09-06T22:00:00.0;0.035177455484589636
2018-09-06T23:00:00.0;0.03320147773379328
2018-09-07T00:00:00.0;0.0338521384374342
2018-09-07T01:00:00.0;0.031198888030144138
2018-09-07T02:00:00.0;0.029931095888258204
2018-09-07T03:00:00.0;0.028815466827751806
2018-09-07T04:00:00.0;0.027806512632516923
2018-09-07T05:00:00.0;0.027541045111411495
2018-09-07T06:00:00.0;0.028122684969552707
2018-09-07T07:00:00.0;0.02852660386974588
2018-09-07T08:00:00.0;0.02831222287050953
2018-09-07T09:00:00.0;0.027471638332285057
2018-09-07T10:00:00.0;0.026547203948005752
2018-09-07T11:00:00.0;0.026856190926032614
2018-09-07T12:00:00.0;0.027221437411628236
2018-09-07T13:00:00.0;0.027784141596490154
2018-09-07T14:00:00.0;0.028876234420424342
2018-09-07T15:00:00.0;0.030711329577071986
2018-09-07T16:00:00.0;0.03293223228873433
2018-09-07T17:00:00.0;0.034223494527919736
2018-09-07T18:00:00.0;0.035938605182001974
2018-09-07T19:00:00.0;0.03738013148304616
2018-09-07T20:00:00.0;0.03783240312097001
2018-09-07T21:00:00.0;0.037779854351960115
2018-09-07T22:00:00.0;0.03621918891374916
2018-09-07T23:00:00.0;0.03472620211080334
2018-09-08T00:00:00.0;0.031856328292349224
2018-09-08T01:00:00.0;0.030453789970343693
2018-09-08T02:00:00.0;0.029097141970338348
2018-09-08T03:00:00.0;0.02775208214085823
2018-09-08T04:00:00.0;0.02632703372070727
2018-09-08T05:00:00.0;0.02537028709623253
2018-09-08T06:00:00.0;0.025340730559803744
2018-09-08T07:00:00.0;0.025428058968616152
2018-09-08T08:00:00.0;0.02557896700062225
2018-09-08T09:00:00.0;0.02499757570055372
2018-09-08T10:00:00.0;0.02419233848883687
2018-09-08T11:00:00.0;0.02370919105703321
2018-09-08T12:00:00.0;0.02359164323538474
2018-09-08T13:00:00.0;0.024276556314528228
2018-09-08T14:00:00.0;0.02545722818526278
2018-09-08T15:00:00.0;0.02746614467139127
2018-09-08T16:00:00.0;0.030416853151067756
2018-09-08T17:00:00.0;0.033386834114583236
2018-09-08T18:00:00.0;0.03509090318073264
2018-09-08T19:00:00.0;0.03677244750748374
2018-09-08T20:00:00.0;0.03755321634956474
2018-09-08T21:00:00.0;0.0382569599509678
2018-09-08T22:00:00.0;0.03640894385286854
2018-09-08T23:00:00.0;0.03451597638256266
2018-09-09T00:00:00.0;0.0314777784617571
2018-09-09T01:00:00.0;0.0301123033641409
2018-09-09T02:00:00.0;0.02881308248456999
2018-09-09T03:00:00.0;0.027544400482482606
2018-09-09T04:00:00.0;0.026310366922168083
2018-09-09T05:00:00.0;0.025698264934504403
2018-09-09T06:00:00.0;0.025282403432854483
2018-09-09T07:00:00.0;0.025491797514524385
2018-09-09T08:00:00.0;0.025205093407559737
2018-09-09T09:00:00.0;0.024519485626804165
2018-09-09T10:00:00.0;0.023728024709757323
2018-09-09T11:00:00.0;0.02363887182055002
2018-09-09T12:00:00.0;0.023651544893159952
2018-09-09T13:00:00.0;0.024530166130982255
2018-09-09T14:00:00.0;0.025650108552825176
2018-09-09T15:00:00.0;0.02726147869996653
2018-09-09T16:00:00.0;0.030420835578979948
2018-09-09T17:00:00.0;0.03297142114169475
2018-09-09T18:00:00.0;0.03500375923903666
2018-09-09T19:00:00.0;0.03665216060985373
2018-09-09T20:00:00.0;0.03714648437556437
2018-09-09T21:00:00.0;0.036951856437370735
2018-09-09T22:00:00.0;0.03545988162016425
2018-09-09T23:00:00.0;0.03362372043861431
2018-09-10T00:00:00.0;0.033607502578423334
2018-09-10T01:00:00.0;0.03153393106325215
2018-09-10T02:00:00.0;0.030279883875714533
2018-09-10T03:00:00.0;0.029161683872172273
2018-09-10T04:00:00.0;0.028399485984441704
2018-09-10T05:00:00.0;0.028144613983313128
2018-09-10T06:00:00.0;0.029217332378764598
2018-09-10T07:00:00.0;0.02966482128562008
2018-09-10T08:00:00.0;0.02927558952253458
2018-09-10T09:00:00.0;0.02817781263406709
2018-09-10T10:00:00.0;0.02724120984405495
2018-09-10T11:00:00.0;0.02712662396214861
2018-09-10T12:00:00.0;0.02772880844638071
2018-09-10T13:00:00.0;0.028511584087656527
2018-09-10T14:00:00.0;0.029562805040299813
2018-09-10T15:00:00.0;0.03137003332653246
2018-09-10T16:00:00.0;0.03349530474454456
2018-09-10T17:00:00.0;0.03520226382107587
2018-09-10T18:00:00.0;0.036638006571767336
2018-09-10T19:00:00.0;0.03804348904078751
2018-09-10T20:00:00.0;0.038354832361700494
2018-09-10T21:00:00.0;0.03753743720497172
2018-09-10T22:00:00.0;0.035797085751269185
2018-09-10T23:00:00.0;0.03436115386948953
2018-09-11T00:00:00.0;0.034067676390402805
2018-09-11T01:00:00.0;0.03210673374773589
2018-09-11T02:00:00.0;0.030904497605529272
2018-09-11T03:00:00.0;0.029788764248274056
2018-09-11T04:00:00.0;0.028627707944541964
2018-09-11T05:00:00.0;0.02829932032457861
2018-09-11T06:00:00.0;0.029890638185577863
2018-09-11T07:00:00.0;0.03049586323294898
2018-09-11T08:00:00.0;0.030442822454442877
2018-09-11T09:00:00.0;0.029459738240524613
2018-09-11T10:00:00.0;0.028008523669169234
2018-09-11T11:00:00.0;0.02744972462695411
2018-09-11T12:00:00.0;0.028301054131219677
2018-09-11T13:00:00.0;0.028913333772989908
2018-09-11T14:00:00.0;0.03017564786412326
2018-09-11T15:00:00.0;0.03212348516205924
2018-09-11T16:00:00.0;0.033471403183614204
2018-09-11T17:00:00.0;0.036252037326364034
2018-09-11T18:00:00.0;0.03757954690428384
2018-09-11T19:00:00.0;0.03879659308980728
2018-09-11T20:00:00.0;0.03914599857082093
2018-09-11T21:00:00.0;0.03859092592110653
2018-09-11T22:00:00.0;0.03684962309878485
2018-09-11T23:00:00.0;0.03620091628820038
2018-09-12T00:00:00.0;0.03353293082671465
2018-09-12T01:00:00.0;0.03201132928551711
2018-09-12T02:00:00.0;0.030766701123497033
2018-09-12T03:00:00.0;0.029645225652778023
2018-09-12T04:00:00.0;0.029260050007182323
2018-09-12T05:00:00.0;0.02907415531909328
2018-09-12T06:00:00.0;0.03127684950257593
2018-09-12T07:00:00.0;0.031833980114286495
2018-09-12T08:00:00.0;0.03098572352594289
2018-09-12T09:00:00.0;0.029331196353197815
2018-09-12T10:00:00.0;0.028214593491530982
2018-09-12T11:00:00.0;0.02752187424978981
2018-09-12T12:00:00.0;0.02819861414830203
2018-09-12T13:00:00.0;0.02886622834349527
2018-09-12T14:00:00.0;0.029983508347733986
2018-09-12T15:00:00.0;0.03191585228505644
2018-09-12T16:00:00.0;0.033977461906819266
2018-09-12T17:00:00.0;0.03584547179808985
2018-09-12T18:00:00.0;0.036865485805148084
2018-09-12T19:00:00.0;0.03817320813264053
2018-09-12T20:00:00.0;0.03863897625307823
2018-09-12T21:00:00.0;0.037141429806655954
2018-09-12T22:00:00.0;0.03536920130012738
2018-09-12T23:00:00.0;0.03371313088037347
2018-09-13T00:00:00.0;0.03338050383222609
2018-09-13T01:00:00.0;0.030994113442983938
2018-09-13T02:00:00.0;0.029866862851132655
2018-09-13T03:00:00.0;0.02883923789432497
2018-09-13T04:00:00.0;0.028311721517309905
2018-09-13T05:00:00.0;0.029089057125602377
2018-09-13T06:00:00.0;0.029696623737065414
2018-09-13T07:00:00.0;0.02996255662205469
2018-09-13T08:00:00.0;0.02907913630579419
2018-09-13T09:00:00.0;0.027451108775542184
2018-09-13T10:00:00.0;0.02615274896643888
2018-09-13T11:00:00.0;0.02696287448999329
2018-09-13T12:00:00.0;0.026988695704343826
2018-09-13T13:00:00.0;0.02757839482879296
2018-09-13T14:00:00.0;0.028846658635654717
2018-09-13T15:00:00.0;0.030028290684869702
2018-09-13T16:00:00.0;0.03306845307936857
2018-09-13T17:00:00.0;0.03394229152374771
2018-09-13T18:00:00.0;0.03654435677591111
2018-09-13T19:00:00.0;0.0377862795015378
2018-09-13T20:00:00.0;0.037720345557494366
2018-09-13T21:00:00.0;0.03702199462016659
2018-09-13T22:00:00.0;0.03542668281089082
2018-09-13T23:00:00.0;0.03323440816983097
2018-09-14T00:00:00.0;0.033272220972323095
2018-09-14T01:00:00.0;0.031223834561331237
2018-09-14T02:00:00.0;0.0299675597324044
2018-09-14T03:00:00.0;0.028822658961719295
2018-09-14T04:00:00.0;0.027704091370504714
2018-09-14T05:00:00.0;0.027268592607234226
2018-09-14T06:00:00.0;0.027500971429156414
2018-09-14T07:00:00.0;0.027876495780590406
2018-09-14T08:00:00.0;0.027909162245277293
2018-09-14T09:00:00.0;0.027275569909247926
2018-09-14T10:00:00.0;0.02643536839230288
2018-09-14T11:00:00.0;0.026446230553472505
2018-09-14T12:00:00.0;0.027122151178594397
2018-09-14T13:00:00.0;0.028150964297194575
2018-09-14T14:00:00.0;0.02915687806732249
2018-09-14T15:00:00.0;0.030856153197200618
2018-09-14T16:00:00.0;0.03294017829096968
2018-09-14T17:00:00.0;0.035171367898255194
2018-09-14T18:00:00.0;0.03682651822429428
2018-09-14T19:00:00.0;0.0383084199715059
2018-09-14T20:00:00.0;0.03843640492648563
2018-09-14T21:00:00.0;0.03789053990377156
2018-09-14T22:00:00.0;0.03609101321492086
2018-09-14T23:00:00.0;0.03503273400419724
2018-09-15T00:00:00.0;0.031709037430392474
2018-09-15T01:00:00.0;0.030390348132314084
2018-09-15T02:00:00.0;0.029296374415190164
2018-09-15T03:00:00.0;0.02818268346136882
2018-09-15T04:00:00.0;0.027402644639027425
2018-09-15T05:00:00.0;0.027844656600508326
2018-09-15T06:00:00.0;0.028356904696572486
2018-09-15T07:00:00.0;0.028423804651453156
2018-09-15T08:00:00.0;0.0275644277619549
2018-09-15T09:00:00.0;0.02591908380291915
2018-09-15T10:00:00.0;0.024430526018989138
2018-09-15T11:00:00.0;0.024597202890520663
2018-09-15T12:00:00.0;0.02459615324118456
2018-09-15T13:00:00.0;0.025279730419489024
2018-09-15T14:00:00.0;0.02674829326772503
2018-09-15T15:00:00.0;0.027997737141376322
2018-09-15T16:00:00.0;0.031224633867086574
2018-09-15T17:00:00.0;0.033444926648510516
2018-09-15T18:00:00.0;0.036089548478306144
2018-09-15T19:00:00.0;0.03742173156433109
2018-09-15T20:00:00.0;0.0375583767289149
2018-09-15T21:00:00.0;0.036796394136952806
2018-09-15T22:00:00.0;0.035078029862269565
2018-09-15T23:00:00.0;0.032975647940311104
2018-09-16T00:00:00.0;0.0317387877889094
2018-09-16T01:00:00.0;0.030304955987532533
2018-09-16T02:00:00.0;0.029062374395751003
2018-09-16T03:00:00.0;0.027843662174267002
2018-09-16T04:00:00.0;0.02645225467608524
2018-09-16T05:00:00.0;0.025557382060027063
2018-09-16T06:00:00.0;0.025679818498629343
2018-09-16T07:00:00.0;0.025758289988688263
2018-09-16T08:00:00.0;0.025798934143357585
2018-09-16T09:00:00.0;0.025194341938257456
2018-09-16T10:00:00.0;0.02427130030986385
2018-09-16T11:00:00.0;0.023852660226657964
2018-09-16T12:00:00.0;0.02437705447361886
2018-09-16T13:00:00.0;0.02526120273359598
2018-09-16T14:00:00.0;0.026494028701562054
2018-09-16T15:00:00.0;0.02847444221768827
2018-09-16T16:00:00.0;0.030781515865795365
2018-09-16T17:00:00.0;0.03370277673587916
2018-09-16T18:00:00.0;0.035363081904354
2018-09-16T19:00:00.0;0.03702436265190717
2018-09-16T20:00:00.0;0.03767592103931782
2018-09-16T21:00:00.0;0.03753737168179422
2018-09-16T22:00:00.0;0.0356846058672971
2018-09-16T23:00:00.0;0.03450670122929141
2018-09-17T00:00:00.0;0.03322554375356747
2018-09-17T01:00:00.0;0.031157814081122746
2018-09-17T02:00:00.0;0.030042495834523345
2018-09-17T03:00:00.0;0.02900307674734859
2018-09-17T04:00:00.0;0.02842516992814041
2018-09-17T05:00:00.0;0.029032102886415157
2018-09-17T06:00:00.0;0.029986772825875984
2018-09-17T07:00:00.0;0.030260268657285525
2018-09-17T08:00:00.0;0.029440443038574744
2018-09-17T09:00:00.0;0.02778873524285063
2018-09-17T10:00:00.0;0.026394388412556535
2018-09-17T11:00:00.0;0.026818873807864477
2018-09-17T12:00:00.0;0.027042428116126234
2018-09-17T13:00:00.0;0.027670052846799076
2018-09-17T14:00:00.0;0.028987381573977213
2018-09-17T15:00:00.0;0.03030409094542341
2018-09-17T16:00:00.0;0.033050780127112565
2018-09-17T17:00:00.0;0.03444531346235234
2018-09-17T18:00:00.0;0.03680691480976572
2018-09-17T19:00:00.0;0.03803752386325474
2018-09-17T20:00:00.0;0.038043028536655574
2018-09-17T21:00:00.0;0.03717304184596929
2018-09-17T22:00:00.0;0.035464605939754715
2018-09-17T23:00:00.0;0.03353339338685727
2018-09-18T00:00:00.0;0.033749501820667265
2018-09-18T01:00:00.0;0.03220382312989152
2018-09-18T02:00:00.0;0.030822260920409718
2018-09-18T03:00:00.0;0.0294673990174798
2018-09-18T04:00:00.0;0.028164206748062116
2018-09-18T05:00:00.0;0.027588853938507366
2018-09-18T06:00:00.0;0.02871454506568334
2018-09-18T07:00:00.0;0.02917485145252744
2018-09-18T08:00:00.0;0.029512631183431542
2018-09-18T09:00:00.0;0.02865736992298617
2018-09-18T10:00:00.0;0.02745699742691072
2018-09-18T11:00:00.0;0.026604746369160444
2018-09-18T12:00:00.0;0.026479884209614023
2018-09-18T13:00:00.0;0.02698369732400077
2018-09-18T14:00:00.0;0.028161752288471203
2018-09-18T15:00:00.0;0.030158192890456043
2018-09-18T16:00:00.0;0.032591947672078354
2018-09-18T17:00:00.0;0.036003252000042944
2018-09-18T18:00:00.0;0.03740880253229343
2018-09-18T19:00:00.0;0.03872699873540568
2018-09-18T20:00:00.0;0.03919402358353056
2018-09-18T21:00:00.0;0.040023210026983204
2018-09-18T22:00:00.0;0.0380040574723126
2018-09-18T23:00:00.0;0.03627281167945799
2018-09-19T00:00:00.0;0.033411491903035884
2018-09-19T01:00:00.0;0.03182927849939624
2018-09-19T02:00:00.0;0.03064436959022774
2018-09-19T03:00:00.0;0.029497384379333455
2018-09-19T04:00:00.0;0.028221139618179313
2018-09-19T05:00:00.0;0.027704452054063168
2018-09-19T06:00:00.0;0.02917021391240492
2018-09-19T07:00:00.0;0.029575794528838743
2018-09-19T08:00:00.0;0.02969225280319023
2018-09-19T09:00:00.0;0.028759136154683857
2018-09-19T10:00:00.0;0.02731106404294029
2018-09-19T11:00:00.0;0.02652031924819751
2018-09-19T12:00:00.0;0.027423065485982372
2018-09-19T13:00:00.0;0.028160694599810708
2018-09-19T14:00:00.0;0.02948673971454246
2018-09-19T15:00:00.0;0.031510223003103154
2018-09-19T16:00:00.0;0.03287986890898135
2018-09-19T17:00:00.0;0.03620739435155199
2018-09-19T18:00:00.0;0.03753690985566322
2018-09-19T19:00:00.0;0.038835070772329706
2018-09-19T20:00:00.0;0.039221716609570426
2018-09-19T21:00:00.0;0.03876136349155285
2018-09-19T22:00:00.0;0.03675557665087534
2018-09-19T23:00:00.0;0.036170709139327344
2018-09-20T00:00:00.0;0.034062204593032976
2018-09-20T01:00:00.0;0.0324150604484471
2018-09-20T02:00:00.0;0.03095751168637691
2018-09-20T03:00:00.0;0.02954211220224945
2018-09-20T04:00:00.0;0.028343749052833236
2018-09-20T05:00:00.0;0.027833424881235094
2018-09-20T06:00:00.0;0.02894131249264248
2018-09-20T07:00:00.0;0.0294559845087246
2018-09-20T08:00:00.0;0.02976171702304735
2018-09-20T09:00:00.0;0.02884730927614586
2018-09-20T10:00:00.0;0.027766054879581205
2018-09-20T11:00:00.0;0.026975521959631894
2018-09-20T12:00:00.0;0.026451998930229197
2018-09-20T13:00:00.0;0.02683455393566251
2018-09-20T14:00:00.0;0.02793150969108925
2018-09-20T15:00:00.0;0.02990088947153869
2018-09-20T16:00:00.0;0.03276726051833409
2018-09-20T17:00:00.0;0.035912873253000265
2018-09-20T18:00:00.0;0.037327206172936014
2018-09-20T19:00:00.0;0.038636923365670726
2018-09-20T20:00:00.0;0.039127668851680675
2018-09-20T21:00:00.0;0.04033667061391608
2018-09-20T22:00:00.0;0.038357164006635726
2018-09-20T23:00:00.0;0.03609146609798416
2018-09-21T00:00:00.0;0.033910385587151884
2018-09-21T01:00:00.0;0.032380178278083115
2018-09-21T02:00:00.0;0.03091077599410164
2018-09-21T03:00:00.0;0.029463224562658128
2018-09-21T04:00:00.0;0.028148854435382495
2018-09-21T05:00:00.0;0.027549546816132406
2018-09-21T06:00:00.0;0.028528323683664276
2018-09-21T07:00:00.0;0.02901514296261097
2018-09-21T08:00:00.0;0.029452800306279472
2018-09-21T09:00:00.0;0.028631301236383497
2018-09-21T10:00:00.0;0.027539939911088492
2018-09-21T11:00:00.0;0.026658937408134263
2018-09-21T12:00:00.0;0.026076329957871396
2018-09-21T13:00:00.0;0.026475932422963706
2018-09-21T14:00:00.0;0.027587460012090233
2018-09-21T15:00:00.0;0.02957112258989912
2018-09-21T16:00:00.0;0.03247671817656729
2018-09-21T17:00:00.0;0.0359274764334296
2018-09-21T18:00:00.0;0.03736553980003677
2018-09-21T19:00:00.0;0.03869082919440546
2018-09-21T20:00:00.0;0.03919100164038677
2018-09-21T21:00:00.0;0.04059461371429066
2018-09-21T22:00:00.0;0.03856850529468223
2018-09-21T23:00:00.0;0.03632739475438305
2018-09-22T00:00:00.0;0.032484257667162536
2018-09-22T01:00:00.0;0.031055637289345676
2018-09-22T02:00:00.0;0.029671080682822426
2018-09-22T03:00:00.0;0.028322440310064357
2018-09-22T04:00:00.0;0.02701010174146135
2018-09-22T05:00:00.0;0.02635523101594393
2018-09-22T06:00:00.0;0.026781903639831305
2018-09-22T07:00:00.0;0.027342318195682752
2018-09-22T08:00:00.0;0.02707688815773937
2018-09-22T09:00:00.0;0.026291424056366183
2018-09-22T10:00:00.0;0.025224403451278993
2018-09-22T11:00:00.0;0.024693995349322907
2018-09-22T12:00:00.0;0.024390560063046074
2018-09-22T13:00:00.0;0.024808400378577587
2018-09-22T14:00:00.0;0.025980995143511366
2018-09-22T15:00:00.0;0.027798749679155882
2018-09-22T16:00:00.0;0.03080000314956134
2018-09-22T17:00:00.0;0.03366729611251935
2018-09-22T18:00:00.0;0.035356166815587495
2018-09-22T19:00:00.0;0.03681361101837813
2018-09-22T20:00:00.0;0.03757228094192784
2018-09-22T21:00:00.0;0.03792938512949664
2018-09-22T22:00:00.0;0.03668590124120764
2018-09-22T23:00:00.0;0.03472503138556113
2018-09-23T00:00:00.0;0.03123277754076172
2018-09-23T01:00:00.0;0.029816859889715677
2018-09-23T02:00:00.0;0.028438225246335942
2018-09-23T03:00:00.0;0.0271570029546786
2018-09-23T04:00:00.0;0.025917017687030072
2018-09-23T05:00:00.0;0.025022860252687112
2018-09-23T06:00:00.0;0.02276407210744558
2018-09-23T07:00:00.0;0.022861566640318076
2018-09-23T08:00:00.0;0.02318902324051563
2018-09-23T09:00:00.0;0.023341354869009703
2018-09-23T10:00:00.0;0.023522763613047414
2018-09-23T11:00:00.0;0.02397193818028397
2018-09-23T12:00:00.0;0.024441676733952308
2018-09-23T13:00:00.0;0.026439304335732453
2018-09-23T14:00:00.0;0.026967229558056968
2018-09-23T15:00:00.0;0.028172873614459977
2018-09-23T16:00:00.0;0.031498360237199895
2018-09-23T17:00:00.0;0.033986230716717164
2018-09-23T18:00:00.0;0.03605501036933202
2018-09-23T19:00:00.0;0.03799583201964741
2018-09-23T20:00:00.0;0.0376386375975546
2018-09-23T21:00:00.0;0.03679975001475114
2018-09-23T22:00:00.0;0.03491336330349388
2018-09-23T23:00:00.0;0.03346291218913551
2018-09-24T00:00:00.0;0.033111342824832
2018-09-24T01:00:00.0;0.03141542287365423
2018-09-24T02:00:00.0;0.030270771219188107
2018-09-24T03:00:00.0;0.029166632701162265
2018-09-24T04:00:00.0;0.02804968087677472
2018-09-24T05:00:00.0;0.027813713924625668
2018-09-24T06:00:00.0;0.029076684647585248
2018-09-24T07:00:00.0;0.02938930787520771
2018-09-24T08:00:00.0;0.029212789561644477
2018-09-24T09:00:00.0;0.028084644033120484
2018-09-24T10:00:00.0;0.026630417564218405
2018-09-24T11:00:00.0;0.02620106650859997
2018-09-24T12:00:00.0;0.02695626067983179
2018-09-24T13:00:00.0;0.027654018506287913
2018-09-24T14:00:00.0;0.0290211500336721
2018-09-24T15:00:00.0;0.030868106988592093
2018-09-24T16:00:00.0;0.03260451946913132
2018-09-24T17:00:00.0;0.035384995250264034
2018-09-24T18:00:00.0;0.03704945323646861
2018-09-24T19:00:00.0;0.03835807053131099
2018-09-24T20:00:00.0;0.038701039798784774
2018-09-24T21:00:00.0;0.03810133260675327
2018-09-24T22:00:00.0;0.036196742350980145
2018-09-24T23:00:00.0;0.03528701601879341
2018-09-25T00:00:00.0;0.032869368424726715
2018-09-25T01:00:00.0;0.031113106793895628
2018-09-25T02:00:00.0;0.030048203567325907
2018-09-25T03:00:00.0;0.029030207961472647
2018-09-25T04:00:00.0;0.028618144687451802
2018-09-25T05:00:00.0;0.029550243455302334
2018-09-25T06:00:00.0;0.030390608598274974
2018-09-25T07:00:00.0;0.03061328447347508
2018-09-25T08:00:00.0;0.029620150961509557
2018-09-25T09:00:00.0;0.02774765417384342
2018-09-25T10:00:00.0;0.026274651667209326
2018-09-25T11:00:00.0;0.026783346077988466
2018-09-25T12:00:00.0;0.026994443712102526
2018-09-25T13:00:00.0;0.02781441752522313
2018-09-25T14:00:00.0;0.02914531246605279
2018-09-25T15:00:00.0;0.030166153506783595
2018-09-25T16:00:00.0;0.033182598762798256
2018-09-25T17:00:00.0;0.03471520946982983
2018-09-25T18:00:00.0;0.03736208231870508
2018-09-25T19:00:00.0;0.03853689894688718
2018-09-25T20:00:00.0;0.03822322644889626
2018-09-25T21:00:00.0;0.03689816322679114
2018-09-25T22:00:00.0;0.03509383770228098
2018-09-25T23:00:00.0;0.033036920780376365
2018-09-26T00:00:00.0;0.03291449052001474
2018-09-26T01:00:00.0;0.03138051404169958
2018-09-26T02:00:00.0;0.030191354905638797
2018-09-26T03:00:00.0;0.029030266417512468
2018-09-26T04:00:00.0;0.02772713000394868
2018-09-26T05:00:00.0;0.027130815223507996
2018-09-26T06:00:00.0;0.028325910276283676
2018-09-26T07:00:00.0;0.028625427955981726
2018-09-26T08:00:00.0;0.0286767947864255
2018-09-26T09:00:00.0;0.02777299125684217
2018-09-26T10:00:00.0;0.026408489145751543
2018-09-26T11:00:00.0;0.025701844235828216
2018-09-26T12:00:00.0;0.026483631422410222
2018-09-26T13:00:00.0;0.027201171081372
2018-09-26T14:00:00.0;0.02854618272132509
2018-09-26T15:00:00.0;0.030580126967078132
2018-09-26T16:00:00.0;0.03220160915180625
2018-09-26T17:00:00.0;0.03540724922429264
2018-09-26T18:00:00.0;0.03684449013338495
2018-09-26T19:00:00.0;0.03823100176249647
2018-09-26T20:00:00.0;0.03874131559330169
2018-09-26T21:00:00.0;0.03839484768450723
2018-09-26T22:00:00.0;0.036438767174944715
2018-09-26T23:00:00.0;0.035667209690612045
2018-09-27T00:00:00.0;0.03326669188345633
2018-09-27T01:00:00.0;0.031283524260737286
2018-09-27T02:00:00.0;0.030115820696937485
2018-09-27T03:00:00.0;0.029031976049165104
2018-09-27T04:00:00.0;0.028164733233529835
2018-09-27T05:00:00.0;0.028305208744657025
2018-09-27T06:00:00.0;0.02889623045312167
2018-09-27T07:00:00.0;0.029230293546382416
2018-09-27T08:00:00.0;0.02888231433668477
2018-09-27T09:00:00.0;0.027740674987227393
2018-09-27T10:00:00.0;0.02656542074735578
2018-09-27T11:00:00.0;0.02675500169036065
2018-09-27T12:00:00.0;0.027280793863099277
2018-09-27T13:00:00.0;0.02818027988139108
2018-09-27T14:00:00.0;0.029350565387881774
2018-09-27T15:00:00.0;0.03079900321927255
2018-09-27T16:00:00.0;0.03313301058937106
2018-09-27T17:00:00.0;0.035136490474168273
2018-09-27T18:00:00.0;0.03718309002222661
2018-09-27T19:00:00.0;0.03850620515066446
2018-09-27T20:00:00.0;0.03846033439446118
2018-09-27T21:00:00.0;0.03764610242738985
2018-09-27T22:00:00.0;0.035840645725108644
2018-09-27T23:00:00.0;0.034476587713386034
2018-09-28T00:00:00.0;0.03274209271307719
2018-09-28T01:00:00.0;0.03124227282566375
2018-09-28T02:00:00.0;0.03018926704839084
2018-09-28T03:00:00.0;0.029149193159594997
2018-09-28T04:00:00.0;0.028493850055042954
2018-09-28T05:00:00.0;0.029082898615898113
2018-09-28T06:00:00.0;0.030309706719581612
2018-09-28T07:00:00.0;0.030526270052416093
2018-09-28T08:00:00.0;0.029762700748180833
2018-09-28T09:00:00.0;0.028002194028234798
2018-09-28T10:00:00.0;0.026357750753367395
2018-09-28T11:00:00.0;0.026372728847530617
2018-09-28T12:00:00.0;0.02682327768484906
2018-09-28T13:00:00.0;0.02757998624621665
2018-09-28T14:00:00.0;0.029025584905237316
2018-09-28T15:00:00.0;0.03033211291633385
2018-09-28T16:00:00.0;0.03283297753857396
2018-09-28T17:00:00.0;0.03510835663481827
2018-09-28T18:00:00.0;0.037443740578456224
2018-09-28T19:00:00.0;0.038619047488107336
2018-09-28T20:00:00.0;0.03853466462197141
2018-09-28T21:00:00.0;0.03734341584894052
2018-09-28T22:00:00.0;0.03543143277891405
2018-09-28T23:00:00.0;0.03384226636552483
2018-09-29T00:00:00.0;0.03159285370299923
2018-09-29T01:00:00.0;0.030205285208101684
2018-09-29T02:00:00.0;0.028969035128014464
2018-09-29T03:00:00.0;0.027791079279351337
2018-09-29T04:00:00.0;0.026873318992479373
2018-09-29T05:00:00.0;0.026776284827026868
2018-09-29T06:00:00.0;0.02551421890775978
2018-09-29T07:00:00.0;0.025613880929090126
2018-09-29T08:00:00.0;0.02542589161247719
2018-09-29T09:00:00.0;0.02478064928411312
2018-09-29T10:00:00.0;0.024305827319651054
2018-09-29T11:00:00.0;0.024822721909755922
2018-09-29T12:00:00.0;0.025190103919848657
2018-09-29T13:00:00.0;0.02685122219017903
2018-09-29T14:00:00.0;0.027694937226613262
2018-09-29T15:00:00.0;0.028693812355927804
2018-09-29T16:00:00.0;0.0320244573624475
2018-09-29T17:00:00.0;0.03430935311545005
2018-09-29T18:00:00.0;0.0367628501714149
2018-09-29T19:00:00.0;0.038405043235036
2018-09-29T20:00:00.0;0.03791769561607164
2018-09-29T21:00:00.0;0.03675831050253758
2018-09-29T22:00:00.0;0.03485208741890595
2018-09-29T23:00:00.0;0.03316569952461097
2018-09-30T00:00:00.0;0.03149898796562769
2018-09-30T01:00:00.0;0.03008494777519376
2018-09-30T02:00:00.0;0.028693246718971697
2018-09-30T03:00:00.0;0.027382245059873744
2018-09-30T04:00:00.0;0.026069779936993765
2018-09-30T05:00:00.0;0.02514527291800808
2018-09-30T06:00:00.0;0.023685490463386295
2018-09-30T07:00:00.0;0.023952078409894627
2018-09-30T08:00:00.0;0.024070108536492593
2018-09-30T09:00:00.0;0.023989740994382613
2018-09-30T10:00:00.0;0.023804501900703982
2018-09-30T11:00:00.0;0.023915617423921905
2018-09-30T12:00:00.0;0.02414071008195915
2018-09-30T13:00:00.0;0.025604058512433366
2018-09-30T14:00:00.0;0.026334416735357274
2018-09-30T15:00:00.0;0.027782981261220595
2018-09-30T16:00:00.0;0.030997913428293583
2018-09-30T17:00:00.0;0.033599954678156504
2018-09-30T18:00:00.0;0.03550051308459852
2018-09-30T19:00:00.0;0.03731956954889196
2018-09-30T20:00:00.0;0.03741968445730105
2018-09-30T21:00:00.0;0.036976790332769925
2018-09-30T22:00:00.0;0.03539487380310991
2018-09-30T23:00:00.0;0.03381276064672474
2018-10-01T00:00:00.0;0.03331099523550995
2018-10-01T01:00:00.0;0.03182692767033412
2018-10-01T02:00:00.0;0.030549330824455153
2018-10-01T03:00:00.0;0.029282622377421793
2018-10-01T04:00:00.0;0.02821030623187679
2018-10-01T05:00:00.0;0.028103563129424577
2018-10-01T06:00:00.0;0.029149586189047283
2018-10-01T07:00:00.0;0.029500319605451002
2018-10-01T08:00:00.0;0.02944751861386237
2018-10-01T09:00:00.0;0.028248400324530555
2018-10-01T10:00:00.0;0.02689412724059465
2018-10-01T11:00:00.0;0.026387046761658692
2018-10-01T12:00:00.0;0.026298819645956175
2018-10-01T13:00:00.0;0.02687397699302656
2018-10-01T14:00:00.0;0.02814932809386634
2018-10-01T15:00:00.0;0.029841713126365618
2018-10-01T16:00:00.0;0.032519422923236486
2018-10-01T17:00:00.0;0.03555568431283803
2018-10-01T18:00:00.0;0.03740144350527163
2018-10-01T19:00:00.0;0.038667186119110894
2018-10-01T20:00:00.0;0.03891156396023442
2018-10-01T21:00:00.0;0.03917722789814792
2018-10-01T22:00:00.0;0.03718823254801683
2018-10-01T23:00:00.0;0.0353165232489716
2018-10-02T00:00:00.0;0.03465863301256305
2018-10-02T01:00:00.0;0.0330434247088704
2018-10-02T02:00:00.0;0.031636945654295735
2018-10-02T03:00:00.0;0.030270069362545043
2018-10-02T04:00:00.0;0.029038597784175123
2018-10-02T05:00:00.0;0.028652588679471153
2018-10-02T06:00:00.0;0.030171417316483682
2018-10-02T07:00:00.0;0.03081958307033016
2018-10-02T08:00:00.0;0.03127453472877722
2018-10-02T09:00:00.0;0.030340449866575202
2018-10-02T10:00:00.0;0.029028874409382788
2018-10-02T11:00:00.0;0.02805702213916533
2018-10-02T12:00:00.0;0.027912308367925843
2018-10-02T13:00:00.0;0.02840653394643422
2018-10-02T14:00:00.0;0.029528756190250513
2018-10-02T15:00:00.0;0.03146064712033107
2018-10-02T16:00:00.0;0.03372570089206199
2018-10-02T17:00:00.0;0.03732537404474129
2018-10-02T18:00:00.0;0.03861370885582737
2018-10-02T19:00:00.0;0.039772081057781246
2018-10-02T20:00:00.0;0.0400082323962903
2018-10-02T21:00:00.0;0.04086266590882221
2018-10-02T22:00:00.0;0.03875559081878381
2018-10-02T23:00:00.0;0.0370709780992807
2018-10-03T00:00:00.0;0.03285383037014606
2018-10-03T01:00:00.0;0.031425110432241395
2018-10-03T02:00:00.0;0.030387781824945212
2018-10-03T03:00:00.0;0.029368566795987573
2018-10-03T04:00:00.0;0.028875782364796453
2018-10-03T05:00:00.0;0.029667319744038714
2018-10-03T06:00:00.0;0.030973646461847075
2018-10-03T07:00:00.0;0.031229877102278713
2018-10-03T08:00:00.0;0.030348126807866006
2018-10-03T09:00:00.0;0.028444032092447724
2018-10-03T10:00:00.0;0.026788830023447906
2018-10-03T11:00:00.0;0.026855002261284473
2018-10-03T12:00:00.0;0.027343540274428275
2018-10-03T13:00:00.0;0.028203311443318956
2018-10-03T14:00:00.0;0.029609764558209656
2018-10-03T15:00:00.0;0.030767817821939682
2018-10-03T16:00:00.0;0.033333614971540255
2018-10-03T17:00:00.0;0.03553510043064497
2018-10-03T18:00:00.0;0.03792343784818003
2018-10-03T19:00:00.0;0.0390444142769813
2018-10-03T20:00:00.0;0.03875870365497077
2018-10-03T21:00:00.0;0.0372280019129848
2018-10-03T22:00:00.0;0.035277946249239855
2018-10-03T23:00:00.0;0.0336309618065986
2018-10-04T00:00:00.0;0.03374735650422091
2018-10-04T01:00:00.0;0.032193287104809704
2018-10-04T02:00:00.0;0.03106204136904627
2018-10-04T03:00:00.0;0.03000531312565145
2018-10-04T04:00:00.0;0.029402481982934017
2018-10-04T05:00:00.0;0.029589998456366992
2018-10-04T06:00:00.0;0.03164392246185215
2018-10-04T07:00:00.0;0.03216246868202014
2018-10-04T08:00:00.0;0.03156327126172272
2018-10-04T09:00:00.0;0.029930920912710345
2018-10-04T10:00:00.0;0.02841011665554716
2018-10-04T11:00:00.0;0.027878000840363914
2018-10-04T12:00:00.0;0.02874586210042541
2018-10-04T13:00:00.0;0.02951753706422507
2018-10-04T14:00:00.0;0.030795849772613293
2018-10-04T15:00:00.0;0.032467433734538226
2018-10-04T16:00:00.0;0.0341915220646232
2018-10-04T17:00:00.0;0.03664402144325009
2018-10-04T18:00:00.0;0.03811706842111269
2018-10-04T19:00:00.0;0.039254666041141036
2018-10-04T20:00:00.0;0.03931037296804249
2018-10-04T21:00:00.0;0.03782600997885751
2018-10-04T22:00:00.0;0.03589091938542804
2018-10-04T23:00:00.0;0.03477608019060716
2018-10-05T00:00:00.0;0.03308749010797428
2018-10-05T01:00:00.0;0.031149356591247006
2018-10-05T02:00:00.0;0.030153527857746824
2018-10-05T03:00:00.0;0.029191738012248086
2018-10-05T04:00:00.0;0.02890225597501736
2018-10-05T05:00:00.0;0.030306088998065174
2018-10-05T06:00:00.0;0.031375939619580705
2018-10-05T07:00:00.0;0.03157578948315841
2018-10-05T08:00:00.0;0.030341038175994657
2018-10-05T09:00:00.0;0.028130795346003323
2018-10-05T10:00:00.0;0.02635956864765478
2018-10-05T11:00:00.0;0.0271323611657648
2018-10-05T12:00:00.0;0.027172568214247975
2018-10-05T13:00:00.0;0.02778826089531838
2018-10-05T14:00:00.0;0.029272393266541696
2018-10-05T15:00:00.0;0.030122119709101492
2018-10-05T16:00:00.0;0.03328882068452016
2018-10-05T17:00:00.0;0.034494661145838296
2018-10-05T18:00:00.0;0.037512185719722216
2018-10-05T19:00:00.0;0.03854947185952368
2018-10-05T20:00:00.0;0.03814789866334405
2018-10-05T21:00:00.0;0.036861564752663285
2018-10-05T22:00:00.0;0.03511306975337784
2018-10-05T23:00:00.0;0.032837556316185464
2018-10-06T00:00:00.0;0.03290176990466937
2018-10-06T01:00:00.0;0.03138166489778126
2018-10-06T02:00:00.0;0.030227518303114077
2018-10-06T03:00:00.0;0.029116615368555438
2018-10-06T04:00:00.0;0.028063571359021225
2018-10-06T05:00:00.0;0.027914190751714394
2018-10-06T06:00:00.0;0.028617488956103707
2018-10-06T07:00:00.0;0.028934350994784287
2018-10-06T08:00:00.0;0.028824669980466778
2018-10-06T09:00:00.0;0.027827525270375242
2018-10-06T10:00:00.0;0.026582192948088505
2018-10-06T11:00:00.0;0.02630862272767829
2018-10-06T12:00:00.0;0.02713102078732154
2018-10-06T13:00:00.0;0.02820721033601728
2018-10-06T14:00:00.0;0.029410540801407117
2018-10-06T15:00:00.0;0.030976729155769312
2018-10-06T16:00:00.0;0.03292994276843983
2018-10-06T17:00:00.0;0.035832242690376104
2018-10-06T18:00:00.0;0.0376447509940145
2018-10-06T19:00:00.0;0.03898594890806448
2018-10-06T20:00:00.0;0.03893689071856495
2018-10-06T21:00:00.0;0.03794669450382028
2018-10-06T22:00:00.0;0.03595964464796954
2018-10-06T23:00:00.0;0.03507633606012707
2018-10-07T00:00:00.0;0.031150646302966788
2018-10-07T01:00:00.0;0.029783208542814906
2018-10-07T02:00:00.0;0.02849632614004579
2018-10-07T03:00:00.0;0.027259735074138862
2018-10-07T04:00:00.0;0.026100352659135854
2018-10-07T05:00:00.0;0.02550138257248634
2018-10-07T06:00:00.0;0.02413772910831863
2018-10-07T07:00:00.0;0.024146977437610566
2018-10-07T08:00:00.0;0.024114994984848395
2018-10-07T09:00:00.0;0.023716885821008428
2018-10-07T10:00:00.0;0.023364589710347824
2018-10-07T11:00:00.0;0.02366401638737077
2018-10-07T12:00:00.0;0.023961939658065024
2018-10-07T13:00:00.0;0.025464575531658578
2018-10-07T14:00:00.0;0.026345391531283312
2018-10-07T15:00:00.0;0.02768424655653399
2018-10-07T16:00:00.0;0.03097161941094531
2018-10-07T17:00:00.0;0.03339470582180304
2018-10-07T18:00:00.0;0.03561310920546084
2018-10-07T19:00:00.0;0.03741136686412614
2018-10-07T20:00:00.0;0.03738497334846231
2018-10-07T21:00:00.0;0.03674498487424871
2018-10-07T22:00:00.0;0.03489891658881195
2018-10-07T23:00:00.0;0.0332194589460524
2018-10-08T00:00:00.0;0.033215177452705434
2018-10-08T01:00:00.0;0.031719824643803476
2018-10-08T02:00:00.0;0.030571641655551752
2018-10-08T03:00:00.0;0.029436810458703097
2018-10-08T04:00:00.0;0.028489374508048698
2018-10-08T05:00:00.0;0.028649679951187227
2018-10-08T06:00:00.0;0.029931536964723872
2018-10-08T07:00:00.0;0.03026209347824123
2018-10-08T08:00:00.0;0.029977419410063932
2018-10-08T09:00:00.0;0.028581697457523023
2018-10-08T10:00:00.0;0.027017155348115284
2018-10-08T11:00:00.0;0.026646440609494722
2018-10-08T12:00:00.0;0.02706018783435991
2018-10-08T13:00:00.0;0.027773543878668025
2018-10-08T14:00:00.0;0.02914405584785741
2018-10-08T15:00:00.0;0.03070992680365005
2018-10-08T16:00:00.0;0.032930692879317394
2018-10-08T17:00:00.0;0.03582624556397149
2018-10-08T18:00:00.0;0.03778129610801139
2018-10-08T19:00:00.0;0.03897371163512644
2018-10-08T20:00:00.0;0.039028454017556065
2018-10-08T21:00:00.0;0.03845618231909046
2018-10-08T22:00:00.0;0.03646226575022524
2018-10-08T23:00:00.0;0.03509598350359724
2018-10-09T00:00:00.0;0.032457036491951585
2018-10-09T01:00:00.0;0.031137505971777533
2018-10-09T02:00:00.0;0.03024297884342718
2018-10-09T03:00:00.0;0.029312862457830376
2018-10-09T04:00:00.0;0.029168442124448385
2018-10-09T05:00:00.0;0.030984503803408302
2018-10-09T06:00:00.0;0.032114571225323685
2018-10-09T07:00:00.0;0.03221943521895036
2018-10-09T08:00:00.0;0.03079437570259016
2018-10-09T09:00:00.0;0.028234955878691737
2018-10-09T10:00:00.0;0.026185180214591437
2018-10-09T11:00:00.0;0.0268646028595017
2018-10-09T12:00:00.0;0.02698632916513172
2018-10-09T13:00:00.0;0.027839825040372992
2018-10-09T14:00:00.0;0.029441435630304227
2018-10-09T15:00:00.0;0.029944065334846292
2018-10-09T16:00:00.0;0.033287090462431494
2018-10-09T17:00:00.0;0.035084846872034156
2018-10-09T18:00:00.0;0.03846166569559272
2018-10-09T19:00:00.0;0.03938715015149393
2018-10-09T20:00:00.0;0.03858743486018884
2018-10-09T21:00:00.0;0.036658855673273136
2018-10-09T22:00:00.0;0.034705025295966
2018-10-09T23:00:00.0;0.032452389130096855
2018-10-10T00:00:00.0;0.03397795839903927
2018-10-10T01:00:00.0;0.032129507321423785
2018-10-10T02:00:00.0;0.03096086422019315
2018-10-10T03:00:00.0;0.02986437150066633
2018-10-10T04:00:00.0;0.028820726285259595
2018-10-10T05:00:00.0;0.028755870655194686
2018-10-10T06:00:00.0;0.03035982872303694
2018-10-10T07:00:00.0;0.03095855182717966
2018-10-10T08:00:00.0;0.030753852756134677
2018-10-10T09:00:00.0;0.02958552500679529
2018-10-10T10:00:00.0;0.028035046283541476
2018-10-10T11:00:00.0;0.02756654324613595
2018-10-10T12:00:00.0;0.028360147473569432
2018-10-10T13:00:00.0;0.02901350160627557
2018-10-10T14:00:00.0;0.030306452321596865
2018-10-10T15:00:00.0;0.032069286631514975
2018-10-10T16:00:00.0;0.03359319026340719
2018-10-10T17:00:00.0;0.036359391870851715
2018-10-10T18:00:00.0;0.037891291819043736
2018-10-10T19:00:00.0;0.03904534324638867
2018-10-10T20:00:00.0;0.03922148368837009
2018-10-10T21:00:00.0;0.03844303451763747
2018-10-10T22:00:00.0;0.036690841766448025
2018-10-10T23:00:00.0;0.03591613601761378
2018-10-11T00:00:00.0;0.03373276333112393
2018-10-11T01:00:00.0;0.0321084866228506
2018-10-11T02:00:00.0;0.03096731605512863
2018-10-11T03:00:00.0;0.029873120790128875
2018-10-11T04:00:00.0;0.028637253814356393
2018-10-11T05:00:00.0;0.028223665807997407
2018-10-11T06:00:00.0;0.029964695459627013
2018-10-11T07:00:00.0;0.030440901781012056
2018-10-11T08:00:00.0;0.03054892380895785
2018-10-11T09:00:00.0;0.0295579043992732
2018-10-11T10:00:00.0;0.027989487740432344
2018-10-11T11:00:00.0;0.027161255671386605
2018-10-11T12:00:00.0;0.0283430560979282
2018-10-11T13:00:00.0;0.02914185908605732
2018-10-11T14:00:00.0;0.030483849380350383
2018-10-11T15:00:00.0;0.0324853753017962
2018-10-11T16:00:00.0;0.03347944443495433
2018-10-11T17:00:00.0;0.036869682303045825
2018-10-11T18:00:00.0;0.03812423596266411
2018-10-11T19:00:00.0;0.039343638266022614
2018-10-11T20:00:00.0;0.03960209064059326
2018-10-11T21:00:00.0;0.03879170760012288
2018-10-11T22:00:00.0;0.03674943220386289
2018-10-11T23:00:00.0;0.03650734727161548
2018-10-12T00:00:00.0;0.03388745271778661
2018-10-12T01:00:00.0;0.03231896389853268
2018-10-12T02:00:00.0;0.030970445891820457
2018-10-12T03:00:00.0;0.029653734281352883
2018-10-12T04:00:00.0;0.028371960659053265
2018-10-12T05:00:00.0;0.02785070154852773
2018-10-12T06:00:00.0;0.029131600590857357
2018-10-12T07:00:00.0;0.029623383808164577
2018-10-12T08:00:00.0;0.02994401085451367
2018-10-12T09:00:00.0;0.029055729962609203
2018-10-12T10:00:00.0;0.027781681697558593
2018-10-12T11:00:00.0;0.026914630920399286
2018-10-12T12:00:00.0;0.02698724788000531
2018-10-12T13:00:00.0;0.027534854347735803
2018-10-12T14:00:00.0;0.02872944043222672
2018-10-12T15:00:00.0;0.030716684407617132
2018-10-12T16:00:00.0;0.03290339994732994
2018-10-12T17:00:00.0;0.03634058622213139
2018-10-12T18:00:00.0;0.03770484419215742
2018-10-12T19:00:00.0;0.03898317422967683
2018-10-12T20:00:00.0;0.03938250224743233
2018-10-12T21:00:00.0;0.03996394873815363
2018-10-12T22:00:00.0;0.03792765752022925
2018-10-12T23:00:00.0;0.0364321770194078
2018-10-13T00:00:00.0;0.033487157386668104
2018-10-13T01:00:00.0;0.032005042673500086
2018-10-13T02:00:00.0;0.030644569413337625
2018-10-13T03:00:00.0;0.029308688880706632
2018-10-13T04:00:00.0;0.02821639619923783
2018-10-13T05:00:00.0;0.02806829791199576
2018-10-13T06:00:00.0;0.028994379073255392
2018-10-13T07:00:00.0;0.0295458608245663
2018-10-13T08:00:00.0;0.029434422592087867
2018-10-13T09:00:00.0;0.028315818488741287
2018-10-13T10:00:00.0;0.027040280285623358
2018-10-13T11:00:00.0;0.026507674635723663
2018-10-13T12:00:00.0;0.026103563892180475
2018-10-13T13:00:00.0;0.026568139061215353
2018-10-13T14:00:00.0;0.02775182404071754
2018-10-13T15:00:00.0;0.02939030141780057
2018-10-13T16:00:00.0;0.032381188191616436
2018-10-13T17:00:00.0;0.03539782456788449
2018-10-13T18:00:00.0;0.03720810157176456
2018-10-13T19:00:00.0;0.03845296238090645
2018-10-13T20:00:00.0;0.03875385133487776
2018-10-13T21:00:00.0;0.03922627699417326
2018-10-13T22:00:00.0;0.03752166031038759
2018-10-13T23:00:00.0;0.035370467678688
2018-10-14T00:00:00.0;0.0326840699712159
2018-10-14T01:00:00.0;0.031302110819324255
2018-10-14T02:00:00.0;0.03018618372476497
2018-10-14T03:00:00.0;0.02907940383944385
2018-10-14T04:00:00.0;0.02846958868847709
2018-10-14T05:00:00.0;0.029308462397730817
2018-10-14T06:00:00.0;0.030205513636225458
2018-10-14T07:00:00.0;0.030676182643563588
2018-10-14T08:00:00.0;0.029633607951399108
2018-10-14T09:00:00.0;0.027818555982927682
2018-10-14T10:00:00.0;0.02614897416809002
2018-10-14T11:00:00.0;0.02631792464715346
2018-10-14T12:00:00.0;0.02625223480787569
2018-10-14T13:00:00.0;0.026894756608675904
2018-10-14T14:00:00.0;0.028275334844415998
2018-10-14T15:00:00.0;0.029255608438057704
2018-10-14T16:00:00.0;0.03243660895622113
2018-10-14T17:00:00.0;0.034657720184620336
2018-10-14T18:00:00.0;0.03729201052943459
2018-10-14T19:00:00.0;0.03838167424101137
2018-10-14T20:00:00.0;0.03819426326680367
2018-10-14T21:00:00.0;0.03704613232412432
2018-10-14T22:00:00.0;0.035599037359282576
2018-10-14T23:00:00.0;0.0335154000772435
2018-10-15T00:00:00.0;0.03300844341581522
2018-10-15T01:00:00.0;0.031630486658607904
2018-10-15T02:00:00.0;0.030621874014174228
2018-10-15T03:00:00.0;0.02961697876819006
2018-10-15T04:00:00.0;0.02937891145853896
2018-10-15T05:00:00.0;0.030894632164995123
2018-10-15T06:00:00.0;0.03216637803387517
2018-10-15T07:00:00.0;0.03260309038194
2018-10-15T08:00:00.0;0.03125449671432332
2018-10-15T09:00:00.0;0.028934902451832716
2018-10-15T10:00:00.0;0.02701481595507046
2018-10-15T11:00:00.0;0.027434111869041527
2018-10-15T12:00:00.0;0.027473492541373035
2018-10-15T13:00:00.0;0.028219153259121044
2018-10-15T14:00:00.0;0.029668110647114884
2018-10-15T15:00:00.0;0.03031088842394816
2018-10-15T16:00:00.0;0.03353470980905685
2018-10-15T17:00:00.0;0.0354578891514076
2018-10-15T18:00:00.0;0.03842015882605894
2018-10-15T19:00:00.0;0.039328077950622056
2018-10-15T20:00:00.0;0.0386919576613819
2018-10-15T21:00:00.0;0.03690339758213292
2018-10-15T22:00:00.0;0.03526567943889844
2018-10-15T23:00:00.0;0.03307741416622797
2018-10-16T00:00:00.0;0.03297757219286438
2018-10-16T01:00:00.0;0.031578110310635454
2018-10-16T02:00:00.0;0.030600182384611284
2018-10-16T03:00:00.0;0.029615854960903108
2018-10-16T04:00:00.0;0.029363604036140988
2018-10-16T05:00:00.0;0.03096634849508544
2018-10-16T06:00:00.0;0.03220273427581805
2018-10-16T07:00:00.0;0.032579626391511095
2018-10-16T08:00:00.0;0.03125816580166949
2018-10-16T09:00:00.0;0.02890904992271906
2018-10-16T10:00:00.0;0.026923829377257496
2018-10-16T11:00:00.0;0.027411484485044695
2018-10-16T12:00:00.0;0.027487262892712694
2018-10-16T13:00:00.0;0.028254246076093503
2018-10-16T14:00:00.0;0.02974635879098104
2018-10-16T15:00:00.0;0.03034677854012822
2018-10-16T16:00:00.0;0.03353744021674969
2018-10-16T17:00:00.0;0.035487374654888965
2018-10-16T18:00:00.0;0.03856326862787073
2018-10-16T19:00:00.0;0.03945526026679043
2018-10-16T20:00:00.0;0.03875267844428357
2018-10-16T21:00:00.0;0.03696863136899862
2018-10-16T22:00:00.0;0.0352575435502923
2018-10-16T23:00:00.0;0.03312497316680413
2018-10-17T00:00:00.0;0.033245632713040714
2018-10-17T01:00:00.0;0.03178089645720573
2018-10-17T02:00:00.0;0.030643174606486204
2018-10-17T03:00:00.0;0.02955317140643068
2018-10-17T04:00:00.0;0.02897146030772552
2018-10-17T05:00:00.0;0.029705625713204797
2018-10-17T06:00:00.0;0.030604161785793657
2018-10-17T07:00:00.0;0.03118417159633933
2018-10-17T08:00:00.0;0.030380532236280462
2018-10-17T09:00:00.0;0.028768125184383053
2018-10-17T10:00:00.0;0.027278328092197063
2018-10-17T11:00:00.0;0.027383491840004444
2018-10-17T12:00:00.0;0.027679241000972417
2018-10-17T13:00:00.0;0.02861072235005334
2018-10-17T14:00:00.0;0.029811240809737034
2018-10-17T15:00:00.0;0.030792904792512364
2018-10-17T16:00:00.0;0.03355858901124054
2018-10-17T17:00:00.0;0.03588800118432102
2018-10-17T18:00:00.0;0.038233702759683984
2018-10-17T19:00:00.0;0.039317373284747825
2018-10-17T20:00:00.0;0.03887308694439257
2018-10-17T21:00:00.0;0.037378418407640036
2018-10-17T22:00:00.0;0.035773348786472016
2018-10-17T23:00:00.0;0.0341040363598167
2018-10-18T00:00:00.0;0.033820271487843744
2018-10-18T01:00:00.0;0.032348231406581635
2018-10-18T02:00:00.0;0.031136782554895777
2018-10-18T03:00:00.0;0.03000348915466336
2018-10-18T04:00:00.0;0.02963849314073747
2018-10-18T05:00:00.0;0.0304996377290317
2018-10-18T06:00:00.0;0.03207596554708427
2018-10-18T07:00:00.0;0.03300641349299019
2018-10-18T08:00:00.0;0.03179084025423099
2018-10-18T09:00:00.0;0.02988668092143932
2018-10-18T10:00:00.0;0.028287321690437038
2018-10-18T11:00:00.0;0.028201530185065396
2018-10-18T12:00:00.0;0.028160321291679283
2018-10-18T13:00:00.0;0.028730975383477398
2018-10-18T14:00:00.0;0.029905974330162656
2018-10-18T15:00:00.0;0.030912769721978817
2018-10-18T16:00:00.0;0.033893643095498666
2018-10-18T17:00:00.0;0.035922598586534786
2018-10-18T18:00:00.0;0.03803815516081667
2018-10-18T19:00:00.0;0.03898426035836803
2018-10-18T20:00:00.0;0.038746929420241466
2018-10-18T21:00:00.0;0.03719414841945591
2018-10-18T22:00:00.0;0.03601986188604425
2018-10-18T23:00:00.0;0.033910567347148854
2018-10-19T00:00:00.0;0.03298730343920757
2018-10-19T01:00:00.0;0.03158587136584391
2018-10-19T02:00:00.0;0.030496304668531544
2018-10-19T03:00:00.0;0.02943548638681418
2018-10-19T04:00:00.0;0.029062561824690716
2018-10-19T05:00:00.0;0.03019003563639933
2018-10-19T06:00:00.0;0.031141790643965862
2018-10-19T07:00:00.0;0.031645179645133865
2018-10-19T08:00:00.0;0.030504068769450915
2018-10-19T09:00:00.0;0.0285351443343698
2018-10-19T10:00:00.0;0.026903402752385938
2018-10-19T11:00:00.0;0.02722488331577118
2018-10-19T12:00:00.0;0.02729213709182114
2018-10-19T13:00:00.0;0.02813654957764519
2018-10-19T14:00:00.0;0.029430901599480776
2018-10-19T15:00:00.0;0.03020437996541173
2018-10-19T16:00:00.0;0.033390886848619225
2018-10-19T17:00:00.0;0.035400064118636596
2018-10-19T18:00:00.0;0.038098015958529186
2018-10-19T19:00:00.0;0.03912263443469886
2018-10-19T20:00:00.0;0.0385939213938465
2018-10-19T21:00:00.0;0.03695581428313152
2018-10-19T22:00:00.0;0.035388451041739946
2018-10-19T23:00:00.0;0.03329675885670603
2018-10-20T00:00:00.0;0.03211361125319749
2018-10-20T01:00:00.0;0.030718165934831485
2018-10-20T02:00:00.0;0.029530665971345838
2018-10-20T03:00:00.0;0.02839023613815812
2018-10-20T04:00:00.0;0.027641793761633202
2018-10-20T05:00:00.0;0.027991499678523404
2018-10-20T06:00:00.0;0.027452925661382833
2018-10-20T07:00:00.0;0.027718817221406428
2018-10-20T08:00:00.0;0.027213406693901113
2018-10-20T09:00:00.0;0.026129835445478828
2018-10-20T10:00:00.0;0.025240105080064634
2018-10-20T11:00:00.0;0.02570457752351758
2018-10-20T12:00:00.0;0.025950598853246753
2018-10-20T13:00:00.0;0.027333219710018224
2018-10-20T14:00:00.0;0.028327982851338345
2018-10-20T15:00:00.0;0.02921546021332234
2018-10-20T16:00:00.0;0.03250748129112382
2018-10-20T17:00:00.0;0.03473768651444642
2018-10-20T18:00:00.0;0.03730665896344112
2018-10-20T19:00:00.0;0.038720413856905694
2018-10-20T20:00:00.0;0.03818541929784842
2018-10-20T21:00:00.0;0.0368705520422245
2018-10-20T22:00:00.0;0.03510957994922408
2018-10-20T23:00:00.0;0.033299138372185524
2018-10-21T00:00:00.0;0.03227142849216261
2018-10-21T01:00:00.0;0.030850345789382144
2018-10-21T02:00:00.0;0.02953077646783146
2018-10-21T03:00:00.0;0.028240962130564016
2018-10-21T04:00:00.0;0.027103472951951674
2018-10-21T05:00:00.0;0.026702485717813185
2018-10-21T06:00:00.0;0.026465685129591035
2018-10-21T07:00:00.0;0.026653659854422782
2018-10-21T08:00:00.0;0.026668369084209026
2018-10-21T09:00:00.0;0.025912280925891543
2018-10-21T10:00:00.0;0.025118846424893947
2018-10-21T11:00:00.0;0.024992559293696575
2018-10-21T12:00:00.0;0.024934913172304625
2018-10-21T13:00:00.0;0.02593928112095919
2018-10-21T14:00:00.0;0.026986153174351067
2018-10-21T15:00:00.0;0.02851596996552972
2018-10-21T16:00:00.0;0.03166158440189644
2018-10-21T17:00:00.0;0.03441874266235694
2018-10-21T18:00:00.0;0.03644086563805069
2018-10-21T19:00:00.0;0.037987792284094116
2018-10-21T20:00:00.0;0.03812807121830584
2018-10-21T21:00:00.0;0.038174657446590106
2018-10-21T22:00:00.0;0.03625655933938082
2018-10-21T23:00:00.0;0.03430758748605659
2018-10-22T00:00:00.0;0.03398199919350895
2018-10-22T01:00:00.0;0.03237049430263402
2018-10-22T02:00:00.0;0.03106782727721268
2018-10-22T03:00:00.0;0.02982846002810358
2018-10-22T04:00:00.0;0.028633135642227293
2018-10-22T05:00:00.0;0.028223145585514385
2018-10-22T06:00:00.0;0.029177518370603662
2018-10-22T07:00:00.0;0.029730473719618417
2018-10-22T08:00:00.0;0.03007567446643982
2018-10-22T09:00:00.0;0.029325925055654768
2018-10-22T10:00:00.0;0.02819118204011883
2018-10-22T11:00:00.0;0.027542682612885408
2018-10-22T12:00:00.0;0.028085667695747756
2018-10-22T13:00:00.0;0.029051151527365208
2018-10-22T14:00:00.0;0.030096481158825777
2018-10-22T15:00:00.0;0.031853054105394206
2018-10-22T16:00:00.0;0.03373731995046928
2018-10-22T17:00:00.0;0.03709612969334998
2018-10-22T18:00:00.0;0.03848610529151634
2018-10-22T19:00:00.0;0.03976259145324501
2018-10-22T20:00:00.0;0.039741739540287604
2018-10-22T21:00:00.0;0.0395192637568435
2018-10-22T22:00:00.0;0.03744157899736285
2018-10-22T23:00:00.0;0.03644209783126809
2018-10-23T00:00:00.0;0.035881223225892926
2018-10-23T01:00:00.0;0.034213759485860605
2018-10-23T02:00:00.0;0.032649876630573754
2018-10-23T03:00:00.0;0.03113235541333791
2018-10-23T04:00:00.0;0.029961885957520293
2018-10-23T05:00:00.0;0.029745172495003122
2018-10-23T06:00:00.0;0.03147120389074881
2018-10-23T07:00:00.0;0.03236200457775766
2018-10-23T08:00:00.0;0.03309205549640125
2018-10-23T09:00:00.0;0.03212282129073697
2018-10-23T10:00:00.0;0.030852808117946558
2018-10-23T11:00:00.0;0.02970885159964968
2018-10-23T12:00:00.0;0.02886289947651551
2018-10-23T13:00:00.0;0.02919199692500755
2018-10-23T14:00:00.0;0.03015501424583581
2018-10-23T15:00:00.0;0.03199808719474242
2018-10-23T16:00:00.0;0.03478129841435381
2018-10-23T17:00:00.0;0.03864337537552451
2018-10-23T18:00:00.0;0.03985316545379367
2018-10-23T19:00:00.0;0.04084914241045699
2018-10-23T20:00:00.0;0.04088471450784946
2018-10-23T21:00:00.0;0.042619496382839156
2018-10-23T22:00:00.0;0.04040695999237702
2018-10-23T23:00:00.0;0.038015646788895
2018-10-24T00:00:00.0;0.03469362093172649
2018-10-24T01:00:00.0;0.033044787505477444
2018-10-24T02:00:00.0;0.03173157315311273
2018-10-24T03:00:00.0;0.030486043139255535
2018-10-24T04:00:00.0;0.029423331323147953
2018-10-24T05:00:00.0;0.029173247897312335
2018-10-24T06:00:00.0;0.03089722617913266
2018-10-24T07:00:00.0;0.03158278805164288
2018-10-24T08:00:00.0;0.031844051737927107
2018-10-24T09:00:00.0;0.030812450536408586
2018-10-24T10:00:00.0;0.02946126935396625
2018-10-24T11:00:00.0;0.028583016503051277
2018-10-24T12:00:00.0;0.02902771038357658
2018-10-24T13:00:00.0;0.029757415069476677
2018-10-24T14:00:00.0;0.030862687709582632
2018-10-24T15:00:00.0;0.032711237588198494
2018-10-24T16:00:00.0;0.03445723860073467
2018-10-24T17:00:00.0;0.03783415963677204
2018-10-24T18:00:00.0;0.03903845342608438
2018-10-24T19:00:00.0;0.04016467000307984
2018-10-24T20:00:00.0;0.04019853580745271
2018-10-24T21:00:00.0;0.040079049850937305
2018-10-24T22:00:00.0;0.03796880671112453
2018-10-24T23:00:00.0;0.03683303640190468
2018-10-25T00:00:00.0;0.03453982070609723
2018-10-25T01:00:00.0;0.03295204879657325
2018-10-25T02:00:00.0;0.031477810159159014
2018-10-25T03:00:00.0;0.03009629120528404
2018-10-25T04:00:00.0;0.029229332742399357
2018-10-25T05:00:00.0;0.028959646821349192
2018-10-25T06:00:00.0;0.02993572701148727
2018-10-25T07:00:00.0;0.030626450917747707
2018-10-25T08:00:00.0;0.030860633392371606
2018-10-25T09:00:00.0;0.029925514855011603
2018-10-25T10:00:00.0;0.029106741222742587
2018-10-25T11:00:00.0;0.02845845827439427
2018-10-25T12:00:00.0;0.028204841398054722
2018-10-25T13:00:00.0;0.029052444616996784
2018-10-25T14:00:00.0;0.0298648786399047
2018-10-25T15:00:00.0;0.03150969537167859
2018-10-25T16:00:00.0;0.0343708602310888
2018-10-25T17:00:00.0;0.03732192404857551
2018-10-25T18:00:00.0;0.038641386852846765
2018-10-25T19:00:00.0;0.03989970058267428
2018-10-25T20:00:00.0;0.03981913147152682
2018-10-25T21:00:00.0;0.04011177729224064
2018-10-25T22:00:00.0;0.038041256775029376
2018-10-25T23:00:00.0;0.03586948694617951
2018-10-26T00:00:00.0;0.03471322101086076
2018-10-26T01:00:00.0;0.033026829036873415
2018-10-26T02:00:00.0;0.03177987897165872
2018-10-26T03:00:00.0;0.030624669772534863
2018-10-26T04:00:00.0;0.02947854592509456
2018-10-26T05:00:00.0;0.029229079940983834
2018-10-26T06:00:00.0;0.031220796813198178
2018-10-26T07:00:00.0;0.03223922142867157
2018-10-26T08:00:00.0;0.032171362186996906
2018-10-26T09:00:00.0;0.031182035327250893
2018-10-26T10:00:00.0;0.02957813084503145
2018-10-26T11:00:00.0;0.02865598891262111
2018-10-26T12:00:00.0;0.029569525968204814
2018-10-26T13:00:00.0;0.03023055867458854
2018-10-26T14:00:00.0;0.03139727075035824
2018-10-26T15:00:00.0;0.03321000236271963
2018-10-26T16:00:00.0;0.03433443593825175
2018-10-26T17:00:00.0;0.03772451105790535
2018-10-26T18:00:00.0;0.03880908045666251
2018-10-26T19:00:00.0;0.039834370864395195
2018-10-26T20:00:00.0;0.03995511362074238
2018-10-26T21:00:00.0;0.0389973541105544
2018-10-26T22:00:00.0;0.03746804587925302
2018-10-26T23:00:00.0;0.037084170132166305
2018-10-27T00:00:00.0;0.033509048371365695
2018-10-27T01:00:00.0;0.03192952592295539
2018-10-27T02:00:00.0;0.03068095937923869
2018-10-27T03:00:00.0;0.029509437215237973
2018-10-27T04:00:00.0;0.028378361355083197
2018-10-27T05:00:00.0;0.028077609478050998
2018-10-27T06:00:00.0;0.0288466210069387
2018-10-27T07:00:00.0;0.02950630826764643
2018-10-27T08:00:00.0;0.02946506402951705
2018-10-27T09:00:00.0;0.028675087498117355
2018-10-27T10:00:00.0;0.027502609557981353
2018-10-27T11:00:00.0;0.02706014035630995
2018-10-27T12:00:00.0;0.027798909799740684
2018-10-27T13:00:00.0;0.028816242210463718
2018-10-27T14:00:00.0;0.029872522020671893
2018-10-27T15:00:00.0;0.03145649307309226
2018-10-27T16:00:00.0;0.033324726161054134
2018-10-27T17:00:00.0;0.0363847037244466
2018-10-27T18:00:00.0;0.037920578696433435
2018-10-27T19:00:00.0;0.03920045637038717
2018-10-27T20:00:00.0;0.039168155414155116
2018-10-27T21:00:00.0;0.038236766660220564
2018-10-27T22:00:00.0;0.03655592800117645
2018-10-27T23:00:00.0;0.03576088786649148
2018-10-28T00:00:00.0;0.03453107774176972
2018-10-28T01:00:00.0;0.032943915518512445
2018-10-28T02:00:00.0;0.03148588062259272
2018-10-28T03:00:00.0;0.030078303901316293
2018-10-28T04:00:00.0;0.028857957591358025
2018-10-28T05:00:00.0;0.02848379140110369
2018-10-28T06:00:00.0;0.02978497111188562
2018-10-28T07:00:00.0;0.03059778758416847
2018-10-28T08:00:00.0;0.030853320260113146
2018-10-28T09:00:00.0;0.029952455390973413
2018-10-28T10:00:00.0;0.02870382837005242
2018-10-28T11:00:00.0;0.027808324141089517
2018-10-28T12:00:00.0;0.02739959604145415
2018-10-28T13:00:00.0;0.027802640931152745
2018-10-28T14:00:00.0;0.02886418126123738
2018-10-28T15:00:00.0;0.030685812803579893
2018-10-28T16:00:00.0;0.03331132731082267
2018-10-28T17:00:00.0;0.03675712185047582
2018-10-28T18:00:00.0;0.03811678697811869
2018-10-28T19:00:00.0;0.0392746882935688
2018-10-28T20:00:00.0;0.039576436961503966
2018-10-28T21:00:00.0;0.04042933829396248
2018-10-28T22:00:00.0;0.03868528711642457
2018-10-28T23:00:00.0;0.0367377613026291
2018-10-29T00:00:00.0;0.035319195967224895
2018-10-29T01:00:00.0;0.033574035515106876
2018-10-29T02:00:00.0;0.03238804742931881
2018-10-29T03:00:00.0;0.031271435053798494
2018-10-29T04:00:00.0;0.030160337872170064
2018-10-29T05:00:00.0;0.030076233064776123
2018-10-29T06:00:00.0;0.03249981616039225
2018-10-29T07:00:00.0;0.03330372888237964
2018-10-29T08:00:00.0;0.03361748466062352
2018-10-29T09:00:00.0;0.0324896831393902
2018-10-29T10:00:00.0;0.03072928078311045
2018-10-29T11:00:00.0;0.0296922231360226
2018-10-29T12:00:00.0;0.03083209974245151
2018-10-29T13:00:00.0;0.0316125288691212
2018-10-29T14:00:00.0;0.03285618291436042
2018-10-29T15:00:00.0;0.03474504802465185
2018-10-29T16:00:00.0;0.03545277789777064
2018-10-29T17:00:00.0;0.03917181720988728
2018-10-29T18:00:00.0;0.040222683463031296
2018-10-29T19:00:00.0;0.04116376030680813
2018-10-29T20:00:00.0;0.041020525254300055
2018-10-29T21:00:00.0;0.04026333654732709
2018-10-29T22:00:00.0;0.038067774389957246
2018-10-29T23:00:00.0;0.03789875704096432
2018-10-30T00:00:00.0;0.03556340646119409
2018-10-30T01:00:00.0;0.03380652283019337
2018-10-30T02:00:00.0;0.03257772388230243
2018-10-30T03:00:00.0;0.03143001185884649
2018-10-30T04:00:00.0;0.03032817379151328
2018-10-30T05:00:00.0;0.03027052090364079
2018-10-30T06:00:00.0;0.03270594167489855
2018-10-30T07:00:00.0;0.03367028731873312
2018-10-30T08:00:00.0;0.03393790656944238
2018-10-30T09:00:00.0;0.032832644012999256
2018-10-30T10:00:00.0;0.031082472472135043
2018-10-30T11:00:00.0;0.03002253200655388
2018-10-30T12:00:00.0;0.031019814929602024
2018-10-30T13:00:00.0;0.03174318800598024
2018-10-30T14:00:00.0;0.03292901664555468
2018-10-30T15:00:00.0;0.03476190455004356
2018-10-30T16:00:00.0;0.035583194880260086
2018-10-30T17:00:00.0;0.039304939806857245
2018-10-30T18:00:00.0;0.04032048591962122
2018-10-30T19:00:00.0;0.041215568883380176
2018-10-30T20:00:00.0;0.04105523087157256
2018-10-30T21:00:00.0;0.040333247206082896
2018-10-30T22:00:00.0;0.038313288245777254
2018-10-30T23:00:00.0;0.038040176628223704
2018-10-31T00:00:00.0;0.03509603915114444
2018-10-31T01:00:00.0;0.033253767562610954
2018-10-31T02:00:00.0;0.03205131019770779
2018-10-31T03:00:00.0;0.03092049587550332
2018-10-31T04:00:00.0;0.02988325095444025
2018-10-31T05:00:00.0;0.029906106999380885
2018-10-31T06:00:00.0;0.032067802259517976
2018-10-31T07:00:00.0;0.03280058128708571
2018-10-31T08:00:00.0;0.03296746919844919
2018-10-31T09:00:00.0;0.031768713771531315
2018-10-31T10:00:00.0;0.030090455410398797
2018-10-31T11:00:00.0;0.02929534188456134
2018-10-31T12:00:00.0;0.030136762806593363
2018-10-31T13:00:00.0;0.030830707686867756
2018-10-31T14:00:00.0;0.032071779436011305
2018-10-31T15:00:00.0;0.0338783013607707
2018-10-31T16:00:00.0;0.03504211848644257
2018-10-31T17:00:00.0;0.03836027897854197
2018-10-31T18:00:00.0;0.03963130911374052
2018-10-31T19:00:00.0;0.04061615948183799
2018-10-31T20:00:00.0;0.04052574383875537
2018-10-31T21:00:00.0;0.03997573616250419
2018-10-31T22:00:00.0;0.03786990374507025
2018-10-31T23:00:00.0;0.03726046280503189
2018-11-01T00:00:00.0;0.03497272622564699
2018-11-01T01:00:00.0;0.033226074401568745
2018-11-01T02:00:00.0;0.03213365396428435
2018-11-01T03:00:00.0;0.03111287965623489
2018-11-01T04:00:00.0;0.029998503030091446
2018-11-01T05:00:00.0;0.029900142847166317
2018-11-01T06:00:00.0;0.03239205055054935
2018-11-01T07:00:00.0;0.03313115334084426
2018-11-01T08:00:00.0;0.033320504347945826
2018-11-01T09:00:00.0;0.032174664675781964
2018-11-01T10:00:00.0;0.030326962646517703
2018-11-01T11:00:00.0;0.029343129601531015
2018-11-01T12:00:00.0;0.030948294670532853
2018-11-01T13:00:00.0;0.03183567941822457
2018-11-01T14:00:00.0;0.03315769360990516
2018-11-01T15:00:00.0;0.03507252403906262
2018-11-01T16:00:00.0;0.035338995476349805
2018-11-01T17:00:00.0;0.038980081063171156
2018-11-01T18:00:00.0;0.04002195310652928
2018-11-01T19:00:00.0;0.04098829065038584
2018-11-01T20:00:00.0;0.040858468768754985
2018-11-01T21:00:00.0;0.03951732050987363
2018-11-01T22:00:00.0;0.03734659621472236
2018-11-01T23:00:00.0;0.03768190585091044
2018-11-02T00:00:00.0;0.03455775425753087
2018-11-02T01:00:00.0;0.032845965802065544
2018-11-02T02:00:00.0;0.031665331242500414
2018-11-02T03:00:00.0;0.03052546590993133
2018-11-02T04:00:00.0;0.029883249513390418
2018-11-02T05:00:00.0;0.030698989876626562
2018-11-02T06:00:00.0;0.03240051294635713
2018-11-02T07:00:00.0;0.03303669504709151
2018-11-02T08:00:00.0;0.03261529715554381
2018-11-02T09:00:00.0;0.030879299067550884
2018-11-02T10:00:00.0;0.029135392870961594
2018-11-02T11:00:00.0;0.028937165025932743
2018-11-02T12:00:00.0;0.02900619565263742
2018-11-02T13:00:00.0;0.02962719858521393
2018-11-02T14:00:00.0;0.03090730127099987
2018-11-02T15:00:00.0;0.03211948449490556
2018-11-02T16:00:00.0;0.03460657693599568
2018-11-02T17:00:00.0;0.037259890926680396
2018-11-02T18:00:00.0;0.03938492990009861
2018-11-02T19:00:00.0;0.04028998105498177
2018-11-02T20:00:00.0;0.039879567995378014
2018-11-02T21:00:00.0;0.039279854459901835
2018-11-02T22:00:00.0;0.037333313445936385
2018-11-02T23:00:00.0;0.03555111600798615
2018-11-03T00:00:00.0;0.03432774205128945
2018-11-03T01:00:00.0;0.03281760369293444
2018-11-03T02:00:00.0;0.031555271342707615
2018-11-03T03:00:00.0;0.030303930396337525
2018-11-03T04:00:00.0;0.029596804288270537
2018-11-03T05:00:00.0;0.030297610363427874
2018-11-03T06:00:00.0;0.03174861189515346
2018-11-03T07:00:00.0;0.03230151916035598
2018-11-03T08:00:00.0;0.032039009927097135
2018-11-03T09:00:00.0;0.030355571538219828
2018-11-03T10:00:00.0;0.028732928803517504
2018-11-03T11:00:00.0;0.028416211606363408
2018-11-03T12:00:00.0;0.028010707822492625
2018-11-03T13:00:00.0;0.02857374568377678
2018-11-03T14:00:00.0;0.029821958875498673
2018-11-03T15:00:00.0;0.03105282819550311
2018-11-03T16:00:00.0;0.03408834694540891
2018-11-03T17:00:00.0;0.03700754075109639
2018-11-03T18:00:00.0;0.03919441469690262
2018-11-03T19:00:00.0;0.040156878074411935
2018-11-03T20:00:00.0;0.03981919862523906
2018-11-03T21:00:00.0;0.03986987793350135
2018-11-03T22:00:00.0;0.037807271471951814
2018-11-03T23:00:00.0;0.03548810819335363
2018-11-04T00:00:00.0;0.03355721565150543
2018-11-04T01:00:00.0;0.031505094080612805
2018-11-04T02:00:00.0;0.030220762941550964
2018-11-04T03:00:00.0;0.029056508914007115
2018-11-04T04:00:00.0;0.028291836401756018
2018-11-04T05:00:00.0;0.028603540298588675
2018-11-04T06:00:00.0;0.028805866869757273
2018-11-04T07:00:00.0;0.02949895708834145
2018-11-04T08:00:00.0;0.028884204651853592
2018-11-04T09:00:00.0;0.027792334183227387
2018-11-04T10:00:00.0;0.02677826949772871
2018-11-04T11:00:00.0;0.02718764607795601
2018-11-04T12:00:00.0;0.02717504390718564
2018-11-04T13:00:00.0;0.02797919233987593
2018-11-04T14:00:00.0;0.02895306235806258
2018-11-04T15:00:00.0;0.030101047198048854
2018-11-04T16:00:00.0;0.03313490939378496
2018-11-04T17:00:00.0;0.03479188802812158
2018-11-04T18:00:00.0;0.03698056412162748
2018-11-04T19:00:00.0;0.03824329828599832
2018-11-04T20:00:00.0;0.038098087499689626
2018-11-04T21:00:00.0;0.03732633450443875
2018-11-04T22:00:00.0;0.03607587538095421
2018-11-04T23:00:00.0;0.03414726384223796
2018-11-05T00:00:00.0;0.03505251187377524
2018-11-05T01:00:00.0;0.033439231201918655
2018-11-05T02:00:00.0;0.03195073587571288
2018-11-05T03:00:00.0;0.030611542071658483
2018-11-05T04:00:00.0;0.029878182050071565
2018-11-05T05:00:00.0;0.02997232002038422
2018-11-05T06:00:00.0;0.03144074850943953
2018-11-05T07:00:00.0;0.032980902621660084
2018-11-05T08:00:00.0;0.0323178318421933
2018-11-05T09:00:00.0;0.031181172830799193
2018-11-05T10:00:00.0;0.029988068714941675
2018-11-05T11:00:00.0;0.029363705168077642
2018-11-05T12:00:00.0;0.029077390834017447
2018-11-05T13:00:00.0;0.02956310781055748
2018-11-05T14:00:00.0;0.030348686764238447
2018-11-05T15:00:00.0;0.03165161473120897
2018-11-05T16:00:00.0;0.03443448492194903
2018-11-05T17:00:00.0;0.03705024457490468
2018-11-05T18:00:00.0;0.03833433577686872
2018-11-05T19:00:00.0;0.03929470929723122
2018-11-05T20:00:00.0;0.03927568292472721
2018-11-05T21:00:00.0;0.03845819312447666
2018-11-05T22:00:00.0;0.03771788750242169
2018-11-05T23:00:00.0;0.0357767556451957
2018-11-06T00:00:00.0;0.03480885408088574
2018-11-06T01:00:00.0;0.033174641273921356
2018-11-06T02:00:00.0;0.03197094805407938
2018-11-06T03:00:00.0;0.03084404125712258
2018-11-06T04:00:00.0;0.030009778363883754
2018-11-06T05:00:00.0;0.030474044564047693
2018-11-06T06:00:00.0;0.03241974763611102
2018-11-06T07:00:00.0;0.03348891516623213
2018-11-06T08:00:00.0;0.03302610073694682
2018-11-06T09:00:00.0;0.031596787841247614
2018-11-06T10:00:00.0;0.029801836191537024
2018-11-06T11:00:00.0;0.029253714349461873
2018-11-06T12:00:00.0;0.029803939332042593
2018-11-06T13:00:00.0;0.030451342456549797
2018-11-06T14:00:00.0;0.03164926481463884
2018-11-06T15:00:00.0;0.032978456865614424
2018-11-06T16:00:00.0;0.03473235192996089
2018-11-06T17:00:00.0;0.03778780706035543
2018-11-06T18:00:00.0;0.03942834120692915
2018-11-06T19:00:00.0;0.04028292635845105
2018-11-06T20:00:00.0;0.04000104570960283
2018-11-06T21:00:00.0;0.038759323441836815
2018-11-06T22:00:00.0;0.03732113542397832
2018-11-06T23:00:00.0;0.03638317542883789
2018-11-07T00:00:00.0;0.03535444444918407
2018-11-07T01:00:00.0;0.03362573189613829
2018-11-07T02:00:00.0;0.03238127520792701
2018-11-07T03:00:00.0;0.031201778422376245
2018-11-07T04:00:00.0;0.030077010256508222
2018-11-07T05:00:00.0;0.0299606424246973
2018-11-07T06:00:00.0;0.03225026076965375
2018-11-07T07:00:00.0;0.03305681757551684
2018-11-07T08:00:00.0;0.03342966321726455
2018-11-07T09:00:00.0;0.03233168931193571
2018-11-07T10:00:00.0;0.030655671926228346
2018-11-07T11:00:00.0;0.02960874847739898
2018-11-07T12:00:00.0;0.030434787041466013
2018-11-07T13:00:00.0;0.03114418920425039
2018-11-07T14:00:00.0;0.03234663599587508
2018-11-07T15:00:00.0;0.03423206448585543
2018-11-07T16:00:00.0;0.035279034334572766
2018-11-07T17:00:00.0;0.03900959463520636
2018-11-07T18:00:00.0;0.04009262151246782
2018-11-07T19:00:00.0;0.041051883986081
2018-11-07T20:00:00.0;0.04095070300110086
2018-11-07T21:00:00.0;0.04058732249329683
2018-11-07T22:00:00.0;0.03839428103916671
2018-11-07T23:00:00.0;0.037869972296481064
2018-11-08T00:00:00.0;0.034644158577626774
2018-11-08T01:00:00.0;0.03301136491384284
2018-11-08T02:00:00.0;0.031892609758218345
2018-11-08T03:00:00.0;0.03081493195768996
2018-11-08T04:00:00.0;0.02997817975331057
2018-11-08T05:00:00.0;0.030438338702326182
2018-11-08T06:00:00.0;0.032527771956023896
2018-11-08T07:00:00.0;0.03316153240678838
2018-11-08T08:00:00.0;0.03301833160562939
2018-11-08T09:00:00.0;0.03148932783465171
2018-11-08T10:00:00.0;0.02965014802886299
2018-11-08T11:00:00.0;0.029072387020757727
2018-11-08T12:00:00.0;0.029871287816350872
2018-11-08T13:00:00.0;0.030658047536634068
2018-11-08T14:00:00.0;0.03198665410851393
2018-11-08T15:00:00.0;0.033482688330820284
2018-11-08T16:00:00.0;0.034960985957154134
2018-11-08T17:00:00.0;0.03817272829559261
2018-11-08T18:00:00.0;0.03985966853491239
2018-11-08T19:00:00.0;0.04077999233973271
2018-11-08T20:00:00.0;0.040433879170020184
2018-11-08T21:00:00.0;0.039425742719241284
2018-11-08T22:00:00.0;0.037286806454532695
2018-11-08T23:00:00.0;0.036482223940368035
2018-11-09T00:00:00.0;0.0354045908971928
2018-11-09T01:00:00.0;0.03365412438803324
2018-11-09T02:00:00.0;0.03244565036369707
2018-11-09T03:00:00.0;0.03131720750367411
2018-11-09T04:00:00.0;0.030211309415338967
2018-11-09T05:00:00.0;0.030135039109753133
2018-11-09T06:00:00.0;0.032513333770424827
2018-11-09T07:00:00.0;0.033431062062578884
2018-11-09T08:00:00.0;0.033683820001735656
2018-11-09T09:00:00.0;0.03259022093665229
2018-11-09T10:00:00.0;0.030850920731679138
2018-11-09T11:00:00.0;0.029825136811061803
2018-11-09T12:00:00.0;0.030916361467530164
2018-11-09T13:00:00.0;0.03168438044306044
2018-11-09T14:00:00.0;0.03288293183837762
2018-11-09T15:00:00.0;0.03471958452649185
2018-11-09T16:00:00.0;0.03548366277137034
2018-11-09T17:00:00.0;0.03917338538583835
2018-11-09T18:00:00.0;0.040207525142756606
2018-11-09T19:00:00.0;0.04112872551354476
2018-11-09T20:00:00.0;0.04097115133244063
2018-11-09T21:00:00.0;0.04014040855728028
2018-11-09T22:00:00.0;0.03810241550308749
2018-11-09T23:00:00.0;0.03791531298158581
2018-11-10T00:00:00.0;0.03482597375890606
2018-11-10T01:00:00.0;0.033201484333698544
2018-11-10T02:00:00.0;0.031672296463106056
2018-11-10T03:00:00.0;0.030222366836521204
2018-11-10T04:00:00.0;0.029088941953400768
2018-11-10T05:00:00.0;0.028762470005997166
2018-11-10T06:00:00.0;0.029148926639092083
2018-11-10T07:00:00.0;0.029890862622841824
2018-11-10T08:00:00.0;0.030585704058217606
2018-11-10T09:00:00.0;0.030022399278515337
2018-11-10T10:00:00.0;0.02928348636982906
2018-11-10T11:00:00.0;0.028691618240794275
2018-11-10T12:00:00.0;0.02828028885595002
2018-11-10T13:00:00.0;0.02928219298668075
2018-11-10T14:00:00.0;0.029992719502295793
2018-11-10T15:00:00.0;0.03150142224550446
2018-11-10T16:00:00.0;0.034457376528850246
2018-11-10T17:00:00.0;0.037928405939177054
2018-11-10T18:00:00.0;0.03939594339144334
2018-11-10T19:00:00.0;0.040639317452090415
2018-11-10T20:00:00.0;0.04029436854343234
2018-11-10T21:00:00.0;0.04109404053039541
2018-11-10T22:00:00.0;0.038933316381596555
2018-11-10T23:00:00.0;0.03687040267440849
2018-11-11T00:00:00.0;0.034899947459479136
2018-11-11T01:00:00.0;0.0332637731087545
2018-11-11T02:00:00.0;0.031649870545304125
2018-11-11T03:00:00.0;0.030202544594939762
2018-11-11T04:00:00.0;0.028988147129169764
2018-11-11T05:00:00.0;0.028565527681065177
2018-11-11T06:00:00.0;0.029273216940130322
2018-11-11T07:00:00.0;0.031179837884034375
2018-11-11T08:00:00.0;0.030719037161221752
2018-11-11T09:00:00.0;0.03026223242188895
2018-11-11T10:00:00.0;0.02924590927587058
2018-11-11T11:00:00.0;0.028537646405296622
2018-11-11T12:00:00.0;0.028089490479193825
2018-11-11T13:00:00.0;0.028514589119217414
2018-11-11T14:00:00.0;0.02915105960655125
2018-11-11T15:00:00.0;0.030480322964992153
2018-11-11T16:00:00.0;0.03329613909340604
2018-11-11T17:00:00.0;0.036350221897662974
2018-11-11T18:00:00.0;0.03750604808689294
2018-11-11T19:00:00.0;0.03854087796316225
2018-11-11T20:00:00.0;0.03874799787106717
2018-11-11T21:00:00.0;0.03829059413301073
2018-11-11T22:00:00.0;0.03822805673447087
2018-11-11T23:00:00.0;0.03660032677185996
2018-11-12T00:00:00.0;0.035599141626016004
2018-11-12T01:00:00.0;0.033841125620725866
2018-11-12T02:00:00.0;0.032602978366106664
2018-11-12T03:00:00.0;0.03144835957896399
2018-11-12T04:00:00.0;0.030347022701873012
2018-11-12T05:00:00.0;0.030291157340802708
2018-11-12T06:00:00.0;0.03272030416549168
2018-11-12T07:00:00.0;0.03371775283689623
2018-11-12T08:00:00.0;0.033971758999034894
2018-11-12T09:00:00.0;0.032873575342613474
2018-11-12T10:00:00.0;0.031128292057432182
2018-11-12T11:00:00.0;0.03006581882864889
2018-11-12T12:00:00.0;0.031030641309145283
2018-11-12T13:00:00.0;0.031740992466939
2018-11-12T14:00:00.0;0.03291466431689938
2018-11-12T15:00:00.0;0.03473598207245596
2018-11-12T16:00:00.0;0.03558733228389039
2018-11-12T17:00:00.0;0.0393052774996655
2018-11-12T18:00:00.0;0.04031527134934207
2018-11-12T19:00:00.0;0.04120332396098623
2018-11-12T20:00:00.0;0.04104434525859789
2018-11-12T21:00:00.0;0.04032948074805614
2018-11-12T22:00:00.0;0.038352638893987843
2018-11-12T23:00:00.0;0.03805456434126998
2018-11-13T00:00:00.0;0.03538168695259279
2018-11-13T01:00:00.0;0.03373240195098163
2018-11-13T02:00:00.0;0.0322747425549007
2018-11-13T03:00:00.0;0.03091113528399179
2018-11-13T04:00:00.0;0.029878641655141865
2018-11-13T05:00:00.0;0.029933893069326954
2018-11-13T06:00:00.0;0.03160349685485066
2018-11-13T07:00:00.0;0.03295737867374631
2018-11-13T08:00:00.0;0.03281109218159986
2018-11-13T09:00:00.0;0.031744276617731035
2018-11-13T10:00:00.0;0.030272083017004833
2018-11-13T11:00:00.0;0.02944028628236196
2018-11-13T12:00:00.0;0.02911614564279939
2018-11-13T13:00:00.0;0.029483860705642004
2018-11-13T14:00:00.0;0.030452047902531077
2018-11-13T15:00:00.0;0.03192806954931407
2018-11-13T16:00:00.0;0.03439686298020535
2018-11-13T17:00:00.0;0.037717934441425925
2018-11-13T18:00:00.0;0.039072076787812396
2018-11-13T19:00:00.0;0.03996647312796495
2018-11-13T20:00:00.0;0.0399549192520504
2018-11-13T21:00:00.0;0.03997899765677106
2018-11-13T22:00:00.0;0.0387998226479437
2018-11-13T23:00:00.0;0.03707634303932179
2018-11-14T00:00:00.0;0.03470026321074967
2018-11-14T01:00:00.0;0.03316718963378038
2018-11-14T02:00:00.0;0.03190816524690977
2018-11-14T03:00:00.0;0.030703136565005423
2018-11-14T04:00:00.0;0.03015473983046253
2018-11-14T05:00:00.0;0.031202124139147518
2018-11-14T06:00:00.0;0.03278232050200874
2018-11-14T07:00:00.0;0.033854002801333764
2018-11-14T08:00:00.0;0.033048207544854956
2018-11-14T09:00:00.0;0.031246609522240166
2018-11-14T10:00:00.0;0.02946060583607037
2018-11-14T11:00:00.0;0.029291444789302193
2018-11-14T12:00:00.0;0.028944596321269167
2018-11-14T13:00:00.0;0.02945563793289303
2018-11-14T14:00:00.0;0.03062058793743435
2018-11-14T15:00:00.0;0.03149727205226293
2018-11-14T16:00:00.0;0.03451909301696355
2018-11-14T17:00:00.0;0.03716699540756534
2018-11-14T18:00:00.0;0.0394186203852785
2018-11-14T19:00:00.0;0.04018887984468698
2018-11-14T20:00:00.0;0.0396653905966558
2018-11-14T21:00:00.0;0.03879513017469171
2018-11-14T22:00:00.0;0.037480614160715915
2018-11-14T23:00:00.0;0.035340271010936015
2018-11-15T00:00:00.0;0.03450201466637478
2018-11-15T01:00:00.0;0.03298190883747254
2018-11-15T02:00:00.0;0.03173329680127535
2018-11-15T03:00:00.0;0.03056242324893396
2018-11-15T04:00:00.0;0.030053107696658147
2018-11-15T05:00:00.0;0.03117273683751691
2018-11-15T06:00:00.0;0.032651795346325035
2018-11-15T07:00:00.0;0.033975509621270814
2018-11-15T08:00:00.0;0.03278962005946724
2018-11-15T09:00:00.0;0.030991119064053052
2018-11-15T10:00:00.0;0.0291660214874248
2018-11-15T11:00:00.0;0.029117702148807365
2018-11-15T12:00:00.0;0.02885542735481241
2018-11-15T13:00:00.0;0.02933783509036503
2018-11-15T14:00:00.0;0.030471696971167743
2018-11-15T15:00:00.0;0.031188147913590206
2018-11-15T16:00:00.0;0.03421954797313158
2018-11-15T17:00:00.0;0.03663158783594125
2018-11-15T18:00:00.0;0.03893150284543872
2018-11-15T19:00:00.0;0.03966607671588368
2018-11-15T20:00:00.0;0.03916720960464664
2018-11-15T21:00:00.0;0.03769720839735953
2018-11-15T22:00:00.0;0.03691748629006802
2018-11-15T23:00:00.0;0.034931459490600475
2018-11-16T00:00:00.0;0.035754614539408855
2018-11-16T01:00:00.0;0.03390796244668853
2018-11-16T02:00:00.0;0.03251812727417582
2018-11-16T03:00:00.0;0.03127862197106109
2018-11-16T04:00:00.0;0.030186052138993728
2018-11-16T05:00:00.0;0.030094971346974517
2018-11-16T06:00:00.0;0.03201973001040289
2018-11-16T07:00:00.0;0.03364866126245434
2018-11-16T08:00:00.0;0.033430160640555075
2018-11-16T09:00:00.0;0.032574376975120445
2018-11-16T10:00:00.0;0.031044818193720434
2018-11-16T11:00:00.0;0.030169899416031352
2018-11-16T12:00:00.0;0.03068370966430601
2018-11-16T13:00:00.0;0.03122931172406662
2018-11-16T14:00:00.0;0.03214097211294983
2018-11-16T15:00:00.0;0.03367915931336202
2018-11-16T16:00:00.0;0.035119179525881054
2018-11-16T17:00:00.0;0.03839673061619551
2018-11-16T18:00:00.0;0.03938588996449376
2018-11-16T19:00:00.0;0.04023450714205484
2018-11-16T20:00:00.0;0.040167947061682155
2018-11-16T21:00:00.0;0.039169978152265424
2018-11-16T22:00:00.0;0.03828719103452263
2018-11-16T23:00:00.0;0.03766281612690129
2018-11-17T00:00:00.0;0.03543178397614441
2018-11-17T01:00:00.0;0.03378609432753841
2018-11-17T02:00:00.0;0.03221955200693633
2018-11-17T03:00:00.0;0.030796843051545154
2018-11-17T04:00:00.0;0.029730554526695607
2018-11-17T05:00:00.0;0.029704983301345817
2018-11-17T06:00:00.0;0.031111987490025382
2018-11-17T07:00:00.0;0.0330370080699992
2018-11-17T08:00:00.0;0.03244825723515084
2018-11-17T09:00:00.0;0.03157198465231107
2018-11-17T10:00:00.0;0.030188542380837905
2018-11-17T11:00:00.0;0.029396482906236632
2018-11-17T12:00:00.0;0.028808700741446983
2018-11-17T13:00:00.0;0.02900253882344575
2018-11-17T14:00:00.0;0.029798556626972235
2018-11-17T15:00:00.0;0.03108729692785369
2018-11-17T16:00:00.0;0.03387030158247456
2018-11-17T17:00:00.0;0.03696513284854538
2018-11-17T18:00:00.0;0.038229193980843006
2018-11-17T19:00:00.0;0.039072513357226384
2018-11-17T20:00:00.0;0.03921143600223928
2018-11-17T21:00:00.0;0.03886043721614517
2018-11-17T22:00:00.0;0.038669958021239535
2018-11-17T23:00:00.0;0.036855630548786614
2018-11-18T00:00:00.0;0.03570360869358924
2018-11-18T01:00:00.0;0.034037440535296996
2018-11-18T02:00:00.0;0.03247630512508982
2018-11-18T03:00:00.0;0.03097602243911238
2018-11-18T04:00:00.0;0.02983398705441619
2018-11-18T05:00:00.0;0.02961730190031509
2018-11-18T06:00:00.0;0.030935071996714896
2018-11-18T07:00:00.0;0.03181393809521816
2018-11-18T08:00:00.0;0.03256167298066199
2018-11-18T09:00:00.0;0.03172435284702202
2018-11-18T10:00:00.0;0.030628455249402706
2018-11-18T11:00:00.0;0.029657448131213217
2018-11-18T12:00:00.0;0.028941778455688842
2018-11-18T13:00:00.0;0.029507680773816335
2018-11-18T14:00:00.0;0.030363602092028912
2018-11-18T15:00:00.0;0.03207069157262984
2018-11-18T16:00:00.0;0.03490383854719644
2018-11-18T17:00:00.0;0.038666861332239504
2018-11-18T18:00:00.0;0.03994640250009408
2018-11-18T19:00:00.0;0.040997848589610746
2018-11-18T20:00:00.0;0.040846935210733376
2018-11-18T21:00:00.0;0.04227688236430101
2018-11-18T22:00:00.0;0.04006372611030085
2018-11-18T23:00:00.0;0.037775935645987385
2018-11-19T00:00:00.0;0.03694676103624117
2018-11-19T01:00:00.0;0.035205089297523307
2018-11-19T02:00:00.0;0.03359012530846356
2018-11-19T03:00:00.0;0.03203477476887352
2018-11-19T04:00:00.0;0.030942105535336512
2018-11-19T05:00:00.0;0.03093224246577086
2018-11-19T06:00:00.0;0.033062278706012194
2018-11-19T07:00:00.0;0.034171492851596416
2018-11-19T08:00:00.0;0.03505962701541177
2018-11-19T09:00:00.0;0.03401051947569721
2018-11-19T10:00:00.0;0.03264391777899544
2018-11-19T11:00:00.0;0.031357794579779344
2018-11-19T12:00:00.0;0.030369464565852808
2018-11-19T13:00:00.0;0.0306604433182483
2018-11-19T14:00:00.0;0.0315431682278773
2018-11-19T15:00:00.0;0.03331023107712197
2018-11-19T16:00:00.0;0.0360272749129108
2018-11-19T17:00:00.0;0.0401117322584058
2018-11-19T18:00:00.0;0.0411981058689582
2018-11-19T19:00:00.0;0.042016039314123954
2018-11-19T20:00:00.0;0.04180042418615035
2018-11-19T21:00:00.0;0.04371425376033451
2018-11-19T22:00:00.0;0.04140092466734512
2018-11-19T23:00:00.0;0.03892840405555596
2018-11-20T00:00:00.0;0.037029821538098896
2018-11-20T01:00:00.0;0.0352507813279975
2018-11-20T02:00:00.0;0.03369034854049896
2018-11-20T03:00:00.0;0.032222618340735594
2018-11-20T04:00:00.0;0.03115353507107026
2018-11-20T05:00:00.0;0.031201209209522227
2018-11-20T06:00:00.0;0.03351445147704635
2018-11-20T07:00:00.0;0.03491488137532402
2018-11-20T08:00:00.0;0.03549277931189698
2018-11-20T09:00:00.0;0.034459026336741604
2018-11-20T10:00:00.0;0.032957380243174524
2018-11-20T11:00:00.0;0.031695402743053276
2018-11-20T12:00:00.0;0.031156289513045745
2018-11-20T13:00:00.0;0.03149207986563363
2018-11-20T14:00:00.0;0.032364578693552214
2018-11-20T15:00:00.0;0.03403583357319313
2018-11-20T16:00:00.0;0.03625666829799567
2018-11-20T17:00:00.0;0.04023351620827232
2018-11-20T18:00:00.0;0.04120873275608475
2018-11-20T19:00:00.0;0.04194410924882354
2018-11-20T20:00:00.0;0.041687751807584064
2018-11-20T21:00:00.0;0.04269465951287682
2018-11-20T22:00:00.0;0.04083411422467857
2018-11-20T23:00:00.0;0.03897567341958907
2018-11-21T00:00:00.0;0.03570084459565556
2018-11-21T01:00:00.0;0.03405245228189186
2018-11-21T02:00:00.0;0.032665523181413955
2018-11-21T03:00:00.0;0.0313598652536722
2018-11-21T04:00:00.0;0.03056761567160393
2018-11-21T05:00:00.0;0.031143622535180937
2018-11-21T06:00:00.0;0.033053917505873796
2018-11-21T07:00:00.0;0.034358793704802555
2018-11-21T08:00:00.0;0.03407867034764413
2018-11-21T09:00:00.0;0.03265307408328939
2018-11-21T10:00:00.0;0.03098017078280867
2018-11-21T11:00:00.0;0.030327300910457898
2018-11-21T12:00:00.0;0.02999485655684242
2018-11-21T13:00:00.0;0.030428566359790906
2018-11-21T14:00:00.0;0.031453743202997375
2018-11-21T15:00:00.0;0.03267098620896394
2018-11-21T16:00:00.0;0.03523059178468517
2018-11-21T17:00:00.0;0.03843334484214888
2018-11-21T18:00:00.0;0.04007572403950695
2018-11-21T19:00:00.0;0.040823680661868575
2018-11-21T20:00:00.0;0.040445841889022865
2018-11-21T21:00:00.0;0.040191311314119293
2018-11-21T22:00:00.0;0.03879745076489009
2018-11-21T23:00:00.0;0.03693352094446943
2018-11-22T00:00:00.0;0.03609883611763068
2018-11-22T01:00:00.0;0.03440752440134029
2018-11-22T02:00:00.0;0.03281881397671355
2018-11-22T03:00:00.0;0.03142684434446551
2018-11-22T04:00:00.0;0.030655958046976985
2018-11-22T05:00:00.0;0.030841868175749583
2018-11-22T06:00:00.0;0.032779816754378834
2018-11-22T07:00:00.0;0.03506331455893019
2018-11-22T08:00:00.0;0.03409818044927951
2018-11-22T09:00:00.0;0.0330033208021676
2018-11-22T10:00:00.0;0.031590926108405366
2018-11-22T11:00:00.0;0.030747678901891166
2018-11-22T12:00:00.0;0.030261239402388677
2018-11-22T13:00:00.0;0.03042149669954012
2018-11-22T14:00:00.0;0.03110116804316292
2018-11-22T15:00:00.0;0.03227735084009666
2018-11-22T16:00:00.0;0.034939854072492865
2018-11-22T17:00:00.0;0.03768183536804506
2018-11-22T18:00:00.0;0.03870352062461637
2018-11-22T19:00:00.0;0.03940669463883198
2018-11-22T20:00:00.0;0.03943644450379379
2018-11-22T21:00:00.0;0.038376869575236776
2018-11-22T22:00:00.0;0.03850855527760728
2018-11-22T23:00:00.0;0.03669906010865387
2018-11-23T00:00:00.0;0.035349905069279416
2018-11-23T01:00:00.0;0.033735258939367754
2018-11-23T02:00:00.0;0.03235482891846528
2018-11-23T03:00:00.0;0.03109709573328695
2018-11-23T04:00:00.0;0.030403619736465378
2018-11-23T05:00:00.0;0.03116777831027371
2018-11-23T06:00:00.0;0.03285035588171027
2018-11-23T07:00:00.0;0.03462485908004674
2018-11-23T08:00:00.0;0.03362140736232748
2018-11-23T09:00:00.0;0.03216851904562833
2018-11-23T10:00:00.0;0.030431889771436068
2018-11-23T11:00:00.0;0.030033390502372276
2018-11-23T12:00:00.0;0.029735267932293287
2018-11-23T13:00:00.0;0.03009474719829874
2018-11-23T14:00:00.0;0.03105332997240695
2018-11-23T15:00:00.0;0.0319309208941932
2018-11-23T16:00:00.0;0.03466323688074871
2018-11-23T17:00:00.0;0.037398576711379104
2018-11-23T18:00:00.0;0.039188267451200985
2018-11-23T19:00:00.0;0.03986107651232384
2018-11-23T20:00:00.0;0.03950585742969935
2018-11-23T21:00:00.0;0.03822746171912858
2018-11-23T22:00:00.0;0.03782976278618453
2018-11-23T23:00:00.0;0.03609682890558603
2018-11-24T00:00:00.0;0.034515719153722056
2018-11-24T01:00:00.0;0.03291363573411351
2018-11-24T02:00:00.0;0.03140335771621311
2018-11-24T03:00:00.0;0.03004639347384255
2018-11-24T04:00:00.0;0.029045159992978846
2018-11-24T05:00:00.0;0.028995254286245765
2018-11-24T06:00:00.0;0.029292124436017287
2018-11-24T07:00:00.0;0.03089307016319162
2018-11-24T08:00:00.0;0.03041493399871986
2018-11-24T09:00:00.0;0.029801351503566536
2018-11-24T10:00:00.0;0.028858983083117094
2018-11-24T11:00:00.0;0.02855772968734726
2018-11-24T12:00:00.0;0.02833688279496274
2018-11-24T13:00:00.0;0.029160240248963503
2018-11-24T14:00:00.0;0.02978670836074004
2018-11-24T15:00:00.0;0.030814149059850977
2018-11-24T16:00:00.0;0.03376743401606083
2018-11-24T17:00:00.0;0.03657764662688182
2018-11-24T18:00:00.0;0.038142944477213996
2018-11-24T19:00:00.0;0.03921187969079688
2018-11-24T20:00:00.0;0.03894695870847033
2018-11-24T21:00:00.0;0.037988207049290054
2018-11-24T22:00:00.0;0.03750330690536842
2018-11-24T23:00:00.0;0.03587733681171177
2018-11-25T00:00:00.0;0.034523586524900236
2018-11-25T01:00:00.0;0.032901639594630154
2018-11-25T02:00:00.0;0.031463171572879506
2018-11-25T03:00:00.0;0.03011585482689167
2018-11-25T04:00:00.0;0.02901504697697644
2018-11-25T05:00:00.0;0.028764621135358364
2018-11-25T06:00:00.0;0.029301654758732632
2018-11-25T07:00:00.0;0.030147222979145853
2018-11-25T08:00:00.0;0.030498352405769084
2018-11-25T09:00:00.0;0.02985555790879763
2018-11-25T10:00:00.0;0.028948739280367168
2018-11-25T11:00:00.0;0.028433050463056553
2018-11-25T12:00:00.0;0.028440518099037436
2018-11-25T13:00:00.0;0.029456329810851504
2018-11-25T14:00:00.0;0.030247781655953175
2018-11-25T15:00:00.0;0.0317006011185908
2018-11-25T16:00:00.0;0.034260306016067915
2018-11-25T17:00:00.0;0.0375518286828502
2018-11-25T18:00:00.0;0.039034403934680134
2018-11-25T19:00:00.0;0.040244701297626397
2018-11-25T20:00:00.0;0.039941527438108054
2018-11-25T21:00:00.0;0.039940716539939976
2018-11-25T22:00:00.0;0.03810205144427046
2018-11-25T23:00:00.0;0.03653560935009161
2018-11-26T00:00:00.0;0.036314430746328494
2018-11-26T01:00:00.0;0.034587481649306216
2018-11-26T02:00:00.0;0.03291638240783289
2018-11-26T03:00:00.0;0.03146585131405514
2018-11-26T04:00:00.0;0.030558202626197604
2018-11-26T05:00:00.0;0.030477872512006083
2018-11-26T06:00:00.0;0.03220276370383187
2018-11-26T07:00:00.0;0.034666865232767574
2018-11-26T08:00:00.0;0.03386250463440229
2018-11-26T09:00:00.0;0.03306949428795772
2018-11-26T10:00:00.0;0.031831977520681023
2018-11-26T11:00:00.0;0.030884199626213745
2018-11-26T12:00:00.0;0.030358935808193536
2018-11-26T13:00:00.0;0.030550513394810786
2018-11-26T14:00:00.0;0.03109003653811701
2018-11-26T15:00:00.0;0.032322549853900505
2018-11-26T16:00:00.0;0.03494885222747386
2018-11-26T17:00:00.0;0.037846806090850366
2018-11-26T18:00:00.0;0.038652437898263295
2018-11-26T19:00:00.0;0.03939055138656104
2018-11-26T20:00:00.0;0.03947047413371021
2018-11-26T21:00:00.0;0.03855422713684663
2018-11-26T22:00:00.0;0.038866553368021854
2018-11-26T23:00:00.0;0.03715845417376995
2018-11-27T00:00:00.0;0.03660971077396338
2018-11-27T01:00:00.0;0.0348429117688591
2018-11-27T02:00:00.0;0.033390089370124366
2018-11-27T03:00:00.0;0.03200516917566941
2018-11-27T04:00:00.0;0.030929656740345916
2018-11-27T05:00:00.0;0.030954907369306853
2018-11-27T06:00:00.0;0.03333594674176087
2018-11-27T07:00:00.0;0.03438785100051892
2018-11-27T08:00:00.0;0.03508750025774981
2018-11-27T09:00:00.0;0.033980175151592656
2018-11-27T10:00:00.0;0.03241894949502425
2018-11-27T11:00:00.0;0.031191070574091123
2018-11-27T12:00:00.0;0.031042574712257204
2018-11-27T13:00:00.0;0.031524985998866425
2018-11-27T14:00:00.0;0.03253222754621693
2018-11-27T15:00:00.0;0.03432570485149726
2018-11-27T16:00:00.0;0.036185833312288626
2018-11-27T17:00:00.0;0.04018924000309053
2018-11-27T18:00:00.0;0.04122146773007503
2018-11-27T19:00:00.0;0.042033819708760516
2018-11-27T20:00:00.0;0.041768170816548
2018-11-27T21:00:00.0;0.04262807499902127
2018-11-27T22:00:00.0;0.040331574910694556
2018-11-27T23:00:00.0;0.03879132221096657
2018-11-28T00:00:00.0;0.03745735482774913
2018-11-28T01:00:00.0;0.03568012344671629
2018-11-28T02:00:00.0;0.034040681950134676
2018-11-28T03:00:00.0;0.03246720402271907
2018-11-28T04:00:00.0;0.031411815784833846
2018-11-28T05:00:00.0;0.031501073108168666
2018-11-28T06:00:00.0;0.03382470394762108
2018-11-28T07:00:00.0;0.03503857937772032
2018-11-28T08:00:00.0;0.03600246526310036
2018-11-28T09:00:00.0;0.034915083315779555
2018-11-28T10:00:00.0;0.0335021974795934
2018-11-28T11:00:00.0;0.03214794959823868
2018-11-28T12:00:00.0;0.031091393692766523
2018-11-28T13:00:00.0;0.03136410639267823
2018-11-28T14:00:00.0;0.0322083560776222
2018-11-28T15:00:00.0;0.03393899573793602
2018-11-28T16:00:00.0;0.03662433290404873
2018-11-28T17:00:00.0;0.040815352440473435
2018-11-28T18:00:00.0;0.04184258626117132
2018-11-28T19:00:00.0;0.04257520324857644
2018-11-28T20:00:00.0;0.04223922201389836
2018-11-28T21:00:00.0;0.04423884924134703
2018-11-28T22:00:00.0;0.04187722141354043
2018-11-28T23:00:00.0;0.03936578712069426
2018-11-29T00:00:00.0;0.03740952722460883
2018-11-29T01:00:00.0;0.035635626734959194
2018-11-29T02:00:00.0;0.033998478060059095
2018-11-29T03:00:00.0;0.032426698135097326
2018-11-29T04:00:00.0;0.03136781776570881
2018-11-29T05:00:00.0;0.03144779042696274
2018-11-29T06:00:00.0;0.03375328715312359
2018-11-29T07:00:00.0;0.03495735890275669
2018-11-29T08:00:00.0;0.035914149082437896
2018-11-29T09:00:00.0;0.034830352320068154
2018-11-29T10:00:00.0;0.033421801944852676
2018-11-29T11:00:00.0;0.03207393534019104
2018-11-29T12:00:00.0;0.03102377019175316
2018-11-29T13:00:00.0;0.03129819388291401
2018-11-29T14:00:00.0;0.032146047563455994
2018-11-29T15:00:00.0;0.033880099004042624
2018-11-29T16:00:00.0;0.03656840615145827
2018-11-29T17:00:00.0;0.040749443948460536
2018-11-29T18:00:00.0;0.04178221742601678
2018-11-29T19:00:00.0;0.04252282605325571
2018-11-29T20:00:00.0;0.04219811957843321
2018-11-29T21:00:00.0;0.04418971009219881
2018-11-29T22:00:00.0;0.04183260643362309
2018-11-29T23:00:00.0;0.039324817206826054
2018-11-30T00:00:00.0;0.03660254498886329
2018-11-30T01:00:00.0;0.034878981897819766
2018-11-30T02:00:00.0;0.033310206593541045
2018-11-30T03:00:00.0;0.03182106497846662
2018-11-30T04:00:00.0;0.030804727559547426
2018-11-30T05:00:00.0;0.030920393152064345
2018-11-30T06:00:00.0;0.032823677751904395
2018-11-30T07:00:00.0;0.03406795350552134
2018-11-30T08:00:00.0;0.03461585306377078
2018-11-30T09:00:00.0;0.03356068736037355
2018-11-30T10:00:00.0;0.03219192024742374
2018-11-30T11:00:00.0;0.031125182537890327
2018-11-30T12:00:00.0;0.030358470078144677
2018-11-30T13:00:00.0;0.030762633195336085
2018-11-30T14:00:00.0;0.031613752203406835
2018-11-30T15:00:00.0;0.0331720635901565
2018-11-30T16:00:00.0;0.035853564485201814
2018-11-30T17:00:00.0;0.039661613281051666
2018-11-30T18:00:00.0;0.040877917691576275
2018-11-30T19:00:00.0;0.04168919693608458
2018-11-30T20:00:00.0;0.041377150465760563
2018-11-30T21:00:00.0;0.04253681237478496
2018-11-30T22:00:00.0;0.040593396637656404
2018-11-30T23:00:00.0;0.03835923242214935
2018-12-01T00:00:00.0;0.03665704396653339
2018-12-01T01:00:00.0;0.03492642255731046
2018-12-01T02:00:00.0;0.03332059436845688
2018-12-01T03:00:00.0;0.03178453964077346
2018-12-01T04:00:00.0;0.030704838210546936
2018-12-01T05:00:00.0;0.030667172593456873
2018-12-01T06:00:00.0;0.032406397353204955
2018-12-01T07:00:00.0;0.03347639437803991
2018-12-01T08:00:00.0;0.03435783695240756
2018-12-01T09:00:00.0;0.03342818963903883
2018-12-01T10:00:00.0;0.03221807662801061
2018-12-01T11:00:00.0;0.03109361227777702
2018-12-01T12:00:00.0;0.03023180602753843
2018-12-01T13:00:00.0;0.030723072691426486
2018-12-01T14:00:00.0;0.03152833668939903
2018-12-01T15:00:00.0;0.03319355527716192
2018-12-01T16:00:00.0;0.035960654066327695
2018-12-01T17:00:00.0;0.03993356200741818
2018-12-01T18:00:00.0;0.041094022407667435
2018-12-01T19:00:00.0;0.041981620851366065
2018-12-01T20:00:00.0;0.04164610592401447
2018-12-01T21:00:00.0;0.04328462351915946
2018-12-01T22:00:00.0;0.04098434238357612
2018-12-01T23:00:00.0;0.03860806305676866
2018-12-02T00:00:00.0;0.03628811226069019
2018-12-02T01:00:00.0;0.03455561978170287
2018-12-02T02:00:00.0;0.03288179840148054
2018-12-02T03:00:00.0;0.03138493586003673
2018-12-02T04:00:00.0;0.030279732086497944
2018-12-02T05:00:00.0;0.03013631639816367
2018-12-02T06:00:00.0;0.031340435035367646
2018-12-02T07:00:00.0;0.033436780637558436
2018-12-02T08:00:00.0;0.03327929321892048
2018-12-02T09:00:00.0;0.032711102497582835
2018-12-02T10:00:00.0;0.0315939723573207
2018-12-02T11:00:00.0;0.030711779432171724
2018-12-02T12:00:00.0;0.030082122565031393
2018-12-02T13:00:00.0;0.030508918142548164
2018-12-02T14:00:00.0;0.031044473715030736
2018-12-02T15:00:00.0;0.03228669143498684
2018-12-02T16:00:00.0;0.035028174756541755
2018-12-02T17:00:00.0;0.03840676795564578
2018-12-02T18:00:00.0;0.03942773086035761
2018-12-02T19:00:00.0;0.04024728480057718
2018-12-02T20:00:00.0;0.040076224724662775
2018-12-02T21:00:00.0;0.03995271550878172
2018-12-02T22:00:00.0;0.039584191491154275
2018-12-02T23:00:00.0;0.03781563121468675
2018-12-03T00:00:00.0;0.036857325012337384
2018-12-03T01:00:00.0;0.03507720297241506
2018-12-03T02:00:00.0;0.03354223487786147
2018-12-03T03:00:00.0;0.03211551382794106
2018-12-03T04:00:00.0;0.03104013710766698
2018-12-03T05:00:00.0;0.03106764616081911
2018-12-03T06:00:00.0;0.033353036553187325
2018-12-03T07:00:00.0;0.03487791031932948
2018-12-03T08:00:00.0;0.03525826914460827
2018-12-03T09:00:00.0;0.034262337853650925
2018-12-03T10:00:00.0;0.03273117646115332
2018-12-03T11:00:00.0;0.03151451589878608
2018-12-03T12:00:00.0;0.031178079797865767
2018-12-03T13:00:00.0;0.03153214197892794
2018-12-03T14:00:00.0;0.03240121033513027
2018-12-03T15:00:00.0;0.03402864127563829
2018-12-03T16:00:00.0;0.03607532513320508
2018-12-03T17:00:00.0;0.03994288209637388
2018-12-03T18:00:00.0;0.04089047280862207
2018-12-03T19:00:00.0;0.0416221808280404
2018-12-03T20:00:00.0;0.041404231809898655
2018-12-03T21:00:00.0;0.04195259871338961
2018-12-03T22:00:00.0;0.04037963051545083
2018-12-03T23:00:00.0;0.038794417377501944
2018-12-04T00:00:00.0;0.03548746993594587
2018-12-04T01:00:00.0;0.03381384236718458
2018-12-04T02:00:00.0;0.03246953655452201
2018-12-04T03:00:00.0;0.03124743622116635
2018-12-04T04:00:00.0;0.03039800713158668
2018-12-04T05:00:00.0;0.030848583134840023
2018-12-04T06:00:00.0;0.032789805779848066
2018-12-04T07:00:00.0;0.03442811751989261
2018-12-04T08:00:00.0;0.033773688355417365
2018-12-04T09:00:00.0;0.03249240920536223
2018-12-04T10:00:00.0;0.030752151265611927
2018-12-04T11:00:00.0;0.030111017230466556
2018-12-04T12:00:00.0;0.030280296631078608
2018-12-04T13:00:00.0;0.030738483621496244
2018-12-04T14:00:00.0;0.031740202510638325
2018-12-04T15:00:00.0;0.03292198026272097
2018-12-04T16:00:00.0;0.034954145045470945
2018-12-04T17:00:00.0;0.03800509818243356
2018-12-04T18:00:00.0;0.03946759684589571
2018-12-04T19:00:00.0;0.04019709308254542
2018-12-04T20:00:00.0;0.0399377164829626
2018-12-04T21:00:00.0;0.03869604452222967
2018-12-04T22:00:00.0;0.03795838072856013
2018-12-04T23:00:00.0;0.036813314997611424
2018-12-05T00:00:00.0;0.03695683612807712
2018-12-05T01:00:00.0;0.035170111032684206
2018-12-05T02:00:00.0;0.03360739514262132
2018-12-05T03:00:00.0;0.03216882044006677
2018-12-05T04:00:00.0;0.031093701320171755
2018-12-05T05:00:00.0;0.03112457540706394
2018-12-05T06:00:00.0;0.03339500064268988
2018-12-05T07:00:00.0;0.03510711337569151
2018-12-05T08:00:00.0;0.035355490185098704
2018-12-05T09:00:00.0;0.03439733107630211
2018-12-05T10:00:00.0;0.032865989460405885
2018-12-05T11:00:00.0;0.03164952871072013
2018-12-05T12:00:00.0;0.03126075367750318
2018-12-05T13:00:00.0;0.03156277854189012
2018-12-05T14:00:00.0;0.03238380874988157
2018-12-05T15:00:00.0;0.033949913232976935
2018-12-05T16:00:00.0;0.03604108082781388
2018-12-05T17:00:00.0;0.03985665971859524
2018-12-05T18:00:00.0;0.04076610460510512
2018-12-05T19:00:00.0;0.04146287721533434
2018-12-05T20:00:00.0;0.04126616919949977
2018-12-05T21:00:00.0;0.04166769024354108
2018-12-05T22:00:00.0;0.04038114390569063
2018-12-05T23:00:00.0;0.038804374891266376
2018-12-06T00:00:00.0;0.03746358516361764
2018-12-06T01:00:00.0;0.035674511343190364
2018-12-06T02:00:00.0;0.03400854167621368
2018-12-06T03:00:00.0;0.03245138844579327
2018-12-06T04:00:00.0;0.031390249476267965
2018-12-06T05:00:00.0;0.031464502568023765
2018-12-06T06:00:00.0;0.0337222420095625
2018-12-06T07:00:00.0;0.035383679424605095
2018-12-06T08:00:00.0;0.035928989034838085
2018-12-06T09:00:00.0;0.03494773142057166
2018-12-06T10:00:00.0;0.033512738058081415
2018-12-06T11:00:00.0;0.03220504012340632
2018-12-06T12:00:00.0;0.031240713822483102
2018-12-06T13:00:00.0;0.031440848664161934
2018-12-06T14:00:00.0;0.03219410923118947
2018-12-06T15:00:00.0;0.03377273040193852
2018-12-06T16:00:00.0;0.036383785809409507
2018-12-06T17:00:00.0;0.04037726136934989
2018-12-06T18:00:00.0;0.041313709458505495
2018-12-06T19:00:00.0;0.04198341110515053
2018-12-06T20:00:00.0;0.04172037877497342
2018-12-06T21:00:00.0;0.04303304352038536
2018-12-06T22:00:00.0;0.041450085896704236
2018-12-06T23:00:00.0;0.03920299864662898
2018-12-07T00:00:00.0;0.03745735482774913
2018-12-07T01:00:00.0;0.03568012344671629
2018-12-07T02:00:00.0;0.034040681950134676
2018-12-07T03:00:00.0;0.03246720402271907
2018-12-07T04:00:00.0;0.031411815784833846
2018-12-07T05:00:00.0;0.031501073108168666
2018-12-07T06:00:00.0;0.03382470394762108
2018-12-07T07:00:00.0;0.03503857937772032
2018-12-07T08:00:00.0;0.03600246526310036
2018-12-07T09:00:00.0;0.034915083315779555
2018-12-07T10:00:00.0;0.0335021974795934
2018-12-07T11:00:00.0;0.03214794959823868
2018-12-07T12:00:00.0;0.031091393692766523
2018-12-07T13:00:00.0;0.03136410639267823
2018-12-07T14:00:00.0;0.0322083560776222
2018-12-07T15:00:00.0;0.03393899573793602
2018-12-07T16:00:00.0;0.03662433290404873
2018-12-07T17:00:00.0;0.040815352440473435
2018-12-07T18:00:00.0;0.04184258626117132
2018-12-07T19:00:00.0;0.04257520324857644
2018-12-07T20:00:00.0;0.04223922201389836
2018-12-07T21:00:00.0;0.04423884924134703
2018-12-07T22:00:00.0;0.04187722141354043
2018-12-07T23:00:00.0;0.03936578712069426
2018-12-08T00:00:00.0;0.03704489993128991
2018-12-08T01:00:00.0;0.03527708926805726
2018-12-08T02:00:00.0;0.03358393702865143
2018-12-08T03:00:00.0;0.03204316508880494
2018-12-08T04:00:00.0;0.030939459795924842
2018-12-08T05:00:00.0;0.03090206088555741
2018-12-08T06:00:00.0;0.032878211805758825
2018-12-08T07:00:00.0;0.034976038325535
2018-12-08T08:00:00.0;0.03498274837506215
2018-12-08T09:00:00.0;0.03416734560604664
2018-12-08T10:00:00.0;0.03277045927940105
2018-12-08T11:00:00.0;0.031572707829050965
2018-12-08T12:00:00.0;0.03068375271935612
2018-12-08T13:00:00.0;0.030793730956282198
2018-12-08T14:00:00.0;0.03146115950289868
2018-12-08T15:00:00.0;0.03289156690274134
2018-12-08T16:00:00.0;0.03554105827436024
2018-12-08T17:00:00.0;0.039215096159645864
2018-12-08T18:00:00.0;0.04010490576753823
2018-12-08T19:00:00.0;0.04077897085891321
2018-12-08T20:00:00.0;0.0407165598424741
2018-12-08T21:00:00.0;0.041264371052103
2018-12-08T22:00:00.0;0.04063687475282252
2018-12-08T23:00:00.0;0.038629993593732335
2018-12-09T00:00:00.0;0.03739780156720167
2018-12-09T01:00:00.0;0.03562441531505673
2018-12-09T02:00:00.0;0.03398667771298496
2018-12-09T03:00:00.0;0.032415597014509176
2018-12-09T04:00:00.0;0.031355575385345225
2018-12-09T05:00:00.0;0.031432542027591256
2018-12-09T06:00:00.0;0.03373059958468518
2018-12-09T07:00:00.0;0.034947438344357075
2018-12-09T08:00:00.0;0.035888454202089054
2018-12-09T09:00:00.0;0.03480931238883718
2018-12-09T10:00:00.0;0.03340148988644755
2018-12-09T11:00:00.0;0.03205677710739989
2018-12-09T12:00:00.0;0.031009940767076676
2018-12-09T13:00:00.0;0.031282003733302505
2018-12-09T14:00:00.0;0.03212748442084038
2018-12-09T15:00:00.0;0.033857208595866654
2018-12-09T16:00:00.0;0.036545281195952704
2018-12-09T17:00:00.0;0.04071712217685287
2018-12-09T18:00:00.0;0.041748352856776506
2018-12-09T19:00:00.0;0.04248892406243644
2018-12-09T20:00:00.0;0.04216974394280802
2018-12-09T21:00:00.0;0.04413770849759146
2018-12-09T22:00:00.0;0.04180826632307791
2018-12-09T23:00:00.0;0.03930878167809309
2018-12-10T00:00:00.0;0.03740702117713183
2018-12-10T01:00:00.0;0.03562109263651791
2018-12-10T02:00:00.0;0.0339728127007739
2018-12-10T03:00:00.0;0.032424555501375615
2018-12-10T04:00:00.0;0.03136330146922702
2018-12-10T05:00:00.0;0.031436504498542774
2018-12-10T06:00:00.0;0.03371170274411089
2018-12-10T07:00:00.0;0.03526941658826683
2018-12-10T08:00:00.0;0.035884627101562414
2018-12-10T09:00:00.0;0.03487997871198398
2018-12-10T10:00:00.0;0.03343991529327106
2018-12-10T11:00:00.0;0.03213076704884855
2018-12-10T12:00:00.0;0.031206448835642466
2018-12-10T13:00:00.0;0.03143536375019254
2018-12-10T14:00:00.0;0.0322181914950654
2018-12-10T15:00:00.0;0.033832553362325574
2018-12-10T16:00:00.0;0.03640526669876433
2018-12-10T17:00:00.0;0.040427629797417756
2018-12-10T18:00:00.0;0.041383301129232435
2018-12-10T19:00:00.0;0.0420712977981776
2018-12-10T20:00:00.0;0.0417976664104517
2018-12-10T21:00:00.0;0.043179015932320736
2018-12-10T22:00:00.0;0.04143821946464335
2018-12-10T23:00:00.0;0.039199428524847736
2018-12-11T00:00:00.0;0.03599546150081571
2018-12-11T01:00:00.0;0.0343288755951901
2018-12-11T02:00:00.0;0.03282167547655712
2018-12-11T03:00:00.0;0.031474977050854856
2018-12-11T04:00:00.0;0.030699178649825267
2018-12-11T05:00:00.0;0.03131020335546935
2018-12-11T06:00:00.0;0.033044129931079746
2018-12-11T07:00:00.0;0.03525797013355866
2018-12-11T08:00:00.0;0.034246746304618825
2018-12-11T09:00:00.0;0.033003944059381674
2018-12-11T10:00:00.0;0.03134292881023254
2018-12-11T11:00:00.0;0.030763139759526003
2018-12-11T12:00:00.0;0.030220429098865374
2018-12-11T13:00:00.0;0.030431831297807358
2018-12-11T14:00:00.0;0.03122409646246964
2018-12-11T15:00:00.0;0.03209670097897061
2018-12-11T16:00:00.0;0.03490052136200332
2018-12-11T17:00:00.0;0.037761172212507375
2018-12-11T18:00:00.0;0.03927462474909335
2018-12-11T19:00:00.0;0.0398697766867877
2018-12-11T20:00:00.0;0.03959061889459837
2018-12-11T21:00:00.0;0.038455517022955174
2018-12-11T22:00:00.0;0.03853324576823344
2018-12-11T23:00:00.0;0.036741923694354015
2018-12-12T00:00:00.0;0.03640375691244288
2018-12-12T01:00:00.0;0.034626997046469696
2018-12-12T02:00:00.0;0.033192800837915565
2018-12-12T03:00:00.0;0.03187250420528447
2018-12-12T04:00:00.0;0.030785837586204862
2018-12-12T05:00:00.0;0.030779101723753782
2018-12-12T06:00:00.0;0.03310455899959965
2018-12-12T07:00:00.0;0.03459117047745736
2018-12-12T08:00:00.0;0.034780012681197105
2018-12-12T09:00:00.0;0.03378039391940419
2018-12-12T10:00:00.0;0.0321584889170404
2018-12-12T11:00:00.0;0.03101173821074478
2018-12-12T12:00:00.0;0.031188915035355536
2018-12-12T13:00:00.0;0.03164683400963264
2018-12-12T14:00:00.0;0.03259831682957667
2018-12-12T15:00:00.0;0.03424610363783733
2018-12-12T16:00:00.0;0.03582039794901336
2018-12-12T17:00:00.0;0.03956695699061667
2018-12-12T18:00:00.0;0.04050401954290095
2018-12-12T19:00:00.0;0.041269549089078025
2018-12-12T20:00:00.0;0.041099012238633895
2018-12-12T21:00:00.0;0.0409435211291475
2018-12-12T22:00:00.0;0.03949032792839203
2018-12-12T23:00:00.0;0.038474372005928646
2018-12-13T00:00:00.0;0.03626318624344826
2018-12-13T01:00:00.0;0.034546034061093495
2018-12-13T02:00:00.0;0.03303496054162525
2018-12-13T03:00:00.0;0.031683331036720594
2018-12-13T04:00:00.0;0.030782322698345348
2018-12-13T05:00:00.0;0.031145884406136647
2018-12-13T06:00:00.0;0.03308362776252833
2018-12-13T07:00:00.0;0.035211208500461166
2018-12-13T08:00:00.0;0.03453942721548434
2018-12-13T09:00:00.0;0.03344135739611798
2018-12-13T10:00:00.0;0.03180445797957011
2018-12-13T11:00:00.0;0.031000819291724043
2018-12-13T12:00:00.0;0.030678769183769442
2018-12-13T13:00:00.0;0.030934155041939464
2018-12-13T14:00:00.0;0.0317330870182202
2018-12-13T15:00:00.0;0.032846766777493125
2018-12-13T16:00:00.0;0.03522235720139114
2018-12-13T17:00:00.0;0.03837936558567807
2018-12-13T18:00:00.0;0.03962209395612762
2018-12-13T19:00:00.0;0.040250049731002595
2018-12-13T20:00:00.0;0.04003682113975777
2018-12-13T21:00:00.0;0.03914401599083279
2018-12-13T22:00:00.0;0.038923463219435434
2018-12-13T23:00:00.0;0.03743970255274973
2018-12-14T00:00:00.0;0.03683825009019925
2018-12-14T01:00:00.0;0.035048944656343305
2018-12-14T02:00:00.0;0.03350369930533709
2018-12-14T03:00:00.0;0.03209758500920142
2018-12-14T04:00:00.0;0.03101762516704452
2018-12-14T05:00:00.0;0.031034231352167384
2018-12-14T06:00:00.0;0.033290208808402014
2018-12-14T07:00:00.0;0.03513292565352954
2018-12-14T08:00:00.0;0.03519994832661395
2018-12-14T09:00:00.0;0.03427538717404232
2018-12-14T10:00:00.0;0.0327153276017048
2018-12-14T11:00:00.0;0.031532848054427645
2018-12-14T12:00:00.0;0.031305070514936355
2018-12-14T13:00:00.0;0.03161204159892784
2018-12-14T14:00:00.0;0.0324250442427662
2018-12-14T15:00:00.0;0.033947901993207255
2018-12-14T16:00:00.0;0.03589603464006858
2018-12-14T17:00:00.0;0.03961706510306643
2018-12-14T18:00:00.0;0.04049604948377036
2018-12-14T19:00:00.0;0.041182575993571904
2018-12-14T20:00:00.0;0.041020932415988365
2018-12-14T21:00:00.0;0.041024256812058076
2018-12-14T22:00:00.0;0.04001434678403968
2018-12-14T23:00:00.0;0.03866666274787001
2018-12-15T00:00:00.0;0.037484106669970214
2018-12-15T01:00:00.0;0.035700285317018784
2018-12-15T02:00:00.0;0.034041567963448434
2018-12-15T03:00:00.0;0.032471563182166825
2018-12-15T04:00:00.0;0.031413671316198995
2018-12-15T05:00:00.0;0.03149671440738115
2018-12-15T06:00:00.0;0.03378369622661568
2018-12-15T07:00:00.0;0.03524020394858026
2018-12-15T08:00:00.0;0.03598866550153244
2018-12-15T09:00:00.0;0.03495830519297584
2018-12-15T10:00:00.0;0.03353775709799923
2018-12-15T11:00:00.0;0.032204785100541373
2018-12-15T12:00:00.0;0.03117219880403076
2018-12-15T13:00:00.0;0.031400493842785746
2018-12-15T14:00:00.0;0.032191820378966465
2018-12-15T15:00:00.0;0.03383983148990613
2018-12-15T16:00:00.0;0.03650845857976803
2018-12-15T17:00:00.0;0.04059954955464036
2018-12-15T18:00:00.0;0.04157833695237655
2018-12-15T19:00:00.0;0.04227527121437042
2018-12-15T20:00:00.0;0.04197616247689346
2018-12-15T21:00:00.0;0.04364175976206718
2018-12-15T22:00:00.0;0.041692672418168875
2018-12-15T23:00:00.0;0.03929504855458293
2018-12-16T00:00:00.0;0.03461606797150333
2018-12-16T01:00:00.0;0.03300955118418028
2018-12-16T02:00:00.0;0.03150138607678384
2018-12-16T03:00:00.0;0.030127589504010094
2018-12-16T04:00:00.0;0.029112091749856562
2018-12-16T05:00:00.0;0.029039453943022635
2018-12-16T06:00:00.0;0.029414017995478693
2018-12-16T07:00:00.0;0.030820197928853175
2018-12-16T08:00:00.0;0.030587093668679705
2018-12-16T09:00:00.0;0.02994385493799857
2018-12-16T10:00:00.0;0.02901317494823116
2018-12-16T11:00:00.0;0.028645205811226194
2018-12-16T12:00:00.0;0.028372835190486927
2018-12-16T13:00:00.0;0.029217503040023747
2018-12-16T14:00:00.0;0.029879224450685544
2018-12-16T15:00:00.0;0.031007923725379596
2018-12-16T16:00:00.0;0.03396087235005105
2018-12-16T17:00:00.0;0.03691590680053707
2018-12-16T18:00:00.0;0.03847558205287334
2018-12-16T19:00:00.0;0.03956769986043217
2018-12-16T20:00:00.0;0.03927812730738665
2018-12-16T21:00:00.0;0.038712271050950556
2018-12-16T22:00:00.0;0.0378412615072874
2018-12-16T23:00:00.0;0.036101619713186275
2018-12-17T00:00:00.0;0.037509944218631346
2018-12-17T01:00:00.0;0.035705570695195595
2018-12-17T02:00:00.0;0.03399790200355242
2018-12-17T03:00:00.0;0.03245260755170409
2018-12-17T04:00:00.0;0.03138518489845097
2018-12-17T05:00:00.0;0.031443566401102636
2018-12-17T06:00:00.0;0.03361620720025059
2018-12-17T07:00:00.0;0.03584529977221322
2018-12-17T08:00:00.0;0.03587862870061148
2018-12-17T09:00:00.0;0.035031131611963244
2018-12-17T10:00:00.0;0.0335752106291643
2018-12-17T11:00:00.0;0.03232003837749439
2018-12-17T12:00:00.0;0.031429863208917413
2018-12-17T13:00:00.0;0.03152960115595522
2018-12-17T14:00:00.0;0.032161541121500097
2018-12-17T15:00:00.0;0.033546997212181094
2018-12-17T16:00:00.0;0.03610260083622743
2018-12-17T17:00:00.0;0.03985731261464714
2018-12-17T18:00:00.0;0.04067988207687712
2018-12-17T19:00:00.0;0.04126719506646459
2018-12-17T20:00:00.0;0.04109228546110545
2018-12-17T21:00:00.0;0.04159681237779425
2018-12-17T22:00:00.0;0.040985681823873354
2018-12-17T23:00:00.0;0.039025342038733715
2018-12-18T00:00:00.0;0.03745735482774913
2018-12-18T01:00:00.0;0.03568012344671629
2018-12-18T02:00:00.0;0.034040681950134676
2018-12-18T03:00:00.0;0.03246720402271907
2018-12-18T04:00:00.0;0.031411815784833846
2018-12-18T05:00:00.0;0.031501073108168666
2018-12-18T06:00:00.0;0.03382470394762108
2018-12-18T07:00:00.0;0.03503857937772032
2018-12-18T08:00:00.0;0.03600246526310036
2018-12-18T09:00:00.0;0.034915083315779555
2018-12-18T10:00:00.0;0.0335021974795934
2018-12-18T11:00:00.0;0.03214794959823868
2018-12-18T12:00:00.0;0.031091393692766523
2018-12-18T13:00:00.0;0.03136410639267823
2018-12-18T14:00:00.0;0.0322083560776222
2018-12-18T15:00:00.0;0.03393899573793602
2018-12-18T16:00:00.0;0.03662433290404873
2018-12-18T17:00:00.0;0.040815352440473435
2018-12-18T18:00:00.0;0.04184258626117132
2018-12-18T19:00:00.0;0.04257520324857644
2018-12-18T20:00:00.0;0.04223922201389836
2018-12-18T21:00:00.0;0.04423884924134703
2018-12-18T22:00:00.0;0.04187722141354043
2018-12-18T23:00:00.0;0.03936578712069426
2018-12-19T00:00:00.0;0.037492767821055435
2018-12-19T01:00:00.0;0.03570681290504085
2018-12-19T02:00:00.0;0.03404185481827923
2018-12-19T03:00:00.0;0.03247297449949853
2018-12-19T04:00:00.0;0.03141427206127532
2018-12-19T05:00:00.0;0.03149530323854485
2018-12-19T06:00:00.0;0.03377041960572529
2018-12-19T07:00:00.0;0.03530548172856564
2018-12-19T08:00:00.0;0.035984197703805
2018-12-19T09:00:00.0;0.03497229866697626
2018-12-19T10:00:00.0;0.03354926984635504
2018-12-19T11:00:00.0;0.03222318610890484
2018-12-19T12:00:00.0;0.031198360190276015
2018-12-19T13:00:00.0;0.03141227460914878
2018-12-19T14:00:00.0;0.032186466796840285
2018-12-19T15:00:00.0;0.03380772616694027
2018-12-19T16:00:00.0;0.036470943218351065
2018-12-19T17:00:00.0;0.04052968141683581
2018-12-19T18:00:00.0;0.04149278384658579
2018-12-19T19:00:00.0;0.04217816550321643
2018-12-19T20:00:00.0;0.04189099457048986
2018-12-19T21:00:00.0;0.043448446638107235
2018-12-19T22:00:00.0;0.04163292301032137
2018-12-19T23:00:00.0;0.039272146303456476
2018-12-20T00:00:00.0;0.03752035547127131
2018-12-20T01:00:00.0;0.0357276046927991
2018-12-20T02:00:00.0;0.034042768513313185
2018-12-20T03:00:00.0;0.03247746985219559
2018-12-20T04:00:00.0;0.03141618556501997
2018-12-20T05:00:00.0;0.03149080835883796
2018-12-20T06:00:00.0;0.03372813068020391
2018-12-20T07:00:00.0;0.03551340565731196
2018-12-20T08:00:00.0;0.035969966796189294
2018-12-20T09:00:00.0;0.035016870925585974
2018-12-20T10:00:00.0;0.033585940454168996
2018-12-20T11:00:00.0;0.03228179732320598
2018-12-20T12:00:00.0;0.03128168989620017
2018-12-20T13:00:00.0;0.03144979891261609
2018-12-20T14:00:00.0;0.03216941447323507
2018-12-20T15:00:00.0;0.033705463729611286
2018-12-20T16:00:00.0;0.03635144863174136
2018-12-20T17:00:00.0;0.04030713619992186
2018-12-20T18:00:00.0;0.0412202785947766
2018-12-20T19:00:00.0;0.041868862690354836
2018-12-20T20:00:00.0;0.04161971626251893
2018-12-20T21:00:00.0;0.042832702288024015
2018-12-20T22:00:00.0;0.04144260814938859
2018-12-20T23:00:00.0;0.03919919765182628
2018-12-21T00:00:00.0;0.037678188662544694
2018-12-21T01:00:00.0;0.035846557709402
2018-12-21T02:00:00.0;0.034047995903175345
2018-12-21T03:00:00.0;0.0325031884565901
2018-12-21T04:00:00.0;0.03142713301433763
2018-12-21T05:00:00.0;0.031465092460492956
2018-12-21T06:00:00.0;0.03348618923110134
2018-12-21T07:00:00.0;0.036702970442980105
2018-12-21T08:00:00.0;0.03588854958428001
2018-12-21T09:00:00.0;0.035271875674580025
2018-12-21T10:00:00.0;0.03379573864328335
2018-12-21T11:00:00.0;0.03261712109761843
2018-12-21T12:00:00.0;0.031758431964153316
2018-12-21T13:00:00.0;0.031664481225905296
2018-12-21T14:00:00.0;0.03207185550637208
2018-12-21T15:00:00.0;0.03312040459247089
2018-12-21T16:00:00.0;0.03566780171738208
2018-12-21T17:00:00.0;0.03903392077514642
2018-12-21T18:00:00.0;0.03966123412396269
2018-12-21T19:00:00.0;0.04009929371141745
2018-12-21T20:00:00.0;0.04006769132617031
2018-12-21T21:00:00.0;0.03930993412829582
2018-12-21T22:00:00.0;0.04035378754985489
2018-12-21T23:00:00.0;0.03878184719262478
2018-12-22T00:00:00.0;0.03623381112612194
2018-12-22T01:00:00.0;0.03449668770695055
2018-12-22T02:00:00.0;0.032797090073796074
2018-12-22T03:00:00.0;0.03131008420633526
2018-12-22T04:00:00.0;0.03019817586143187
2018-12-22T05:00:00.0;0.030030049102857385
2018-12-22T06:00:00.0;0.031107135681736228
2018-12-22T07:00:00.0;0.033561222864334564
2018-12-22T08:00:00.0;0.033061102647875436
2018-12-22T09:00:00.0;0.032600063922293795
2018-12-22T10:00:00.0;0.03149558981503681
2018-12-22T11:00:00.0;0.030673978657782937
2018-12-22T12:00:00.0;0.030104807811103515
2018-12-22T13:00:00.0;0.030489475112926365
2018-12-22T14:00:00.0;0.030938398456278257
2018-12-22T15:00:00.0;0.032044879730594826
2018-12-22T16:00:00.0;0.03477037951508581
2018-12-22T17:00:00.0;0.03796840442853551
2018-12-22T18:00:00.0;0.038930514746907216
2018-12-22T19:00:00.0;0.039713498014939064
2018-12-22T20:00:00.0;0.03959908412637198
2018-12-22T21:00:00.0;0.03891584994481879
2018-12-22T22:00:00.0;0.03919204858458617
2018-12-22T23:00:00.0;0.03761563925320026
2018-12-23T00:00:00.0;0.03405943651561058
2018-12-23T01:00:00.0;0.03246181963957415
2018-12-23T02:00:00.0;0.03092690893001234
2018-12-23T03:00:00.0;0.02955108280918279
2018-12-23T04:00:00.0;0.028404898079936593
2018-12-23T05:00:00.0;0.027977441911635818
2018-12-23T06:00:00.0;0.0277181390379727
2018-12-23T07:00:00.0;0.029135073834106802
2018-12-23T08:00:00.0;0.028948161878418133
2018-12-23T09:00:00.0;0.028685767502914544
2018-12-23T10:00:00.0;0.028068728860315643
2018-12-23T11:00:00.0;0.02779916362728752
2018-12-23T12:00:00.0;0.027744837044612308
2018-12-23T13:00:00.0;0.028813777387783398
2018-12-23T14:00:00.0;0.02933778891417438
2018-12-23T15:00:00.0;0.030486654677573766
2018-12-23T16:00:00.0;0.033391533774585064
2018-12-23T17:00:00.0;0.0362680979893023
2018-12-23T18:00:00.0;0.037729803139572506
2018-12-23T19:00:00.0;0.03899397411119955
2018-12-23T20:00:00.0;0.0387708643301513
2018-12-23T21:00:00.0;0.03792840696437078
2018-12-23T22:00:00.0;0.03725192294405497
2018-12-23T23:00:00.0;0.03579168372444153
2018-12-24T00:00:00.0;0.033805385428923425
2018-12-24T01:00:00.0;0.03224399880505273
2018-12-24T02:00:00.0;0.030932787523597547
2018-12-24T03:00:00.0;0.029707971731974803
2018-12-24T04:00:00.0;0.028755150936632858
2018-12-24T05:00:00.0;0.028800073884395982
2018-12-24T06:00:00.0;0.029272078529752096
2018-12-24T07:00:00.0;0.03008154312609728
2018-12-24T08:00:00.0;0.029915142663379225
2018-12-24T09:00:00.0;0.02902602615664084
2018-12-24T10:00:00.0;0.02794389841176279
2018-12-24T11:00:00.0;0.027729582737725002
2018-12-24T12:00:00.0;0.02801847870546452
2018-12-24T13:00:00.0;0.029080435115311633
2018-12-24T14:00:00.0;0.02999722863627883
2018-12-24T15:00:00.0;0.031232556816412464
2018-12-24T16:00:00.0;0.033755857019415914
2018-12-24T17:00:00.0;0.03663428822803045
2018-12-24T18:00:00.0;0.038437801142307756
2018-12-24T19:00:00.0;0.039634287108857226
2018-12-24T20:00:00.0;0.039286743480447736
2018-12-24T21:00:00.0;0.03840285816264513
2018-12-24T22:00:00.0;0.036846757477168826
2018-12-24T23:00:00.0;0.03548507986692135
2018-12-25T00:00:00.0;0.03553165187589746
2018-12-25T01:00:00.0;0.033874223199962195
2018-12-25T02:00:00.0;0.032335509662415565
2018-12-25T03:00:00.0;0.03091861268216656
2018-12-25T04:00:00.0;0.029935063069552913
2018-12-25T05:00:00.0;0.03001932371435637
2018-12-25T06:00:00.0;0.031095073401742133
2018-12-25T07:00:00.0;0.03258696878930108
2018-12-25T08:00:00.0;0.03251220631662409
2018-12-25T09:00:00.0;0.03165757173933801
2018-12-25T10:00:00.0;0.030485918923528154
2018-12-25T11:00:00.0;0.029845245149274852
2018-12-25T12:00:00.0;0.02933822109586687
2018-12-25T13:00:00.0;0.029938440447136692
2018-12-25T14:00:00.0;0.030667985970420555
2018-12-25T15:00:00.0;0.03189882766007274
2018-12-25T16:00:00.0;0.034762682302915404
2018-12-25T17:00:00.0;0.03799969864034952
2018-12-25T18:00:00.0;0.03942585505171468
2018-12-25T19:00:00.0;0.04034749395565656
2018-12-25T20:00:00.0;0.040047449799975515
2018-12-25T21:00:00.0;0.04000651728228069
2018-12-25T22:00:00.0;0.03893016411625459
2018-12-25T23:00:00.0;0.03699368112535796
2018-12-26T00:00:00.0;0.03414933548856049
2018-12-26T01:00:00.0;0.032600289235900366
2018-12-26T02:00:00.0;0.031208443543649645
2018-12-26T03:00:00.0;0.029933739821421862
2018-12-26T04:00:00.0;0.02910169430742939
2018-12-26T05:00:00.0;0.029423620411007545
2018-12-26T06:00:00.0;0.02990919110526593
2018-12-26T07:00:00.0;0.031234698701097328
2018-12-26T08:00:00.0;0.03056394453406348
2018-12-26T09:00:00.0;0.02956380562822415
2018-12-26T10:00:00.0;0.0283942843488163
2018-12-26T11:00:00.0;0.0282760256161581
2018-12-26T12:00:00.0;0.028114645122184367
2018-12-26T13:00:00.0;0.028931648138930496
2018-12-26T14:00:00.0;0.029748867806011332
2018-12-26T15:00:00.0;0.03067234573252005
2018-12-26T16:00:00.0;0.03369758678804203
2018-12-26T17:00:00.0;0.03631416728601569
2018-12-26T18:00:00.0;0.03822668058610113
2018-12-26T19:00:00.0;0.039258633700390275
2018-12-26T20:00:00.0;0.03889062186920051
2018-12-26T21:00:00.0;0.037741930898778316
2018-12-26T22:00:00.0;0.0369858143500745
2018-12-26T23:00:00.0;0.03523609222976389
2018-12-27T00:00:00.0;0.03542038330685153
2018-12-27T01:00:00.0;0.03378581420901642
2018-12-27T02:00:00.0;0.03229686122121013
2018-12-27T03:00:00.0;0.03096211843095862
2018-12-27T04:00:00.0;0.030160333817009596
2018-12-27T05:00:00.0;0.03058375328186311
2018-12-27T06:00:00.0;0.03193088702762811
2018-12-27T07:00:00.0;0.0338762885526318
2018-12-27T08:00:00.0;0.0329950972732285
2018-12-27T09:00:00.0;0.03187709351435215
2018-12-27T10:00:00.0;0.030432951595527447
2018-12-27T11:00:00.0;0.029951201580350396
2018-12-27T12:00:00.0;0.02954155280449332
2018-12-27T13:00:00.0;0.029944762799816362
2018-12-27T14:00:00.0;0.030716445122792743
2018-12-27T15:00:00.0;0.03166368519151968
2018-12-27T16:00:00.0;0.034512717587377915
2018-12-27T17:00:00.0;0.03728140737079746
2018-12-27T18:00:00.0;0.038824573664110955
2018-12-27T19:00:00.0;0.03958482437653534
2018-12-27T20:00:00.0;0.039334951786391216
2018-12-27T21:00:00.0;0.038217713616085516
2018-12-27T22:00:00.0;0.038042099520439264
2018-12-27T23:00:00.0;0.03626740331461827
2018-12-28T00:00:00.0;0.035885934911551155
2018-12-28T01:00:00.0;0.03417079514408845
2018-12-28T02:00:00.0;0.0324922275357314
2018-12-28T03:00:00.0;0.031019873861188464
2018-12-28T04:00:00.0;0.029898820938763268
2018-12-28T05:00:00.0;0.029679445291772046
2018-12-28T06:00:00.0;0.030520462099819696
2018-12-28T07:00:00.0;0.032827606303994394
2018-12-28T08:00:00.0;0.032369474370852094
2018-12-28T09:00:00.0;0.03195555457678855
2018-12-28T10:00:00.0;0.03094046972523146
2018-12-28T11:00:00.0;0.030209328295852746
2018-12-28T12:00:00.0;0.029714604966186418
2018-12-28T13:00:00.0;0.030208828714663415
2018-12-28T14:00:00.0;0.030659371198388987
2018-12-28T15:00:00.0;0.03176668873218969
2018-12-28T16:00:00.0;0.03453292732364457
2018-12-28T17:00:00.0;0.03767389472827645
2018-12-28T18:00:00.0;0.03870984603699843
2018-12-28T19:00:00.0;0.03957119225632378
2018-12-28T20:00:00.0;0.0394425168819945
2018-12-28T21:00:00.0;0.03872373124340024
2018-12-28T22:00:00.0;0.03887910375865759
2018-12-28T23:00:00.0;0.037319908958458194
2018-12-29T00:00:00.0;0.03766033835248935
2018-12-29T01:00:00.0;0.03583310459341765
2018-12-29T02:00:00.0;0.03404740470604458
2018-12-29T03:00:00.0;0.03250027978409271
2018-12-29T04:00:00.0;0.03142589490109251
2018-12-29T05:00:00.0;0.03146800082694685
2018-12-29T06:00:00.0;0.03351355185265689
2018-12-29T07:00:00.0;0.03656843536779233
2018-12-29T08:00:00.0;0.03589775754912376
2018-12-29T09:00:00.0;0.03524303564544291
2018-12-29T10:00:00.0;0.033772011297377676
2018-12-29T11:00:00.0;0.03257919730418881
2018-12-29T12:00:00.0;0.03170451432071767
2018-12-29T13:00:00.0;0.03164020150486124
2018-12-29T14:00:00.0;0.03208288903989651
2018-12-29T15:00:00.0;0.03318657246827958
2018-12-29T16:00:00.0;0.03574511948109981
2018-12-29T17:00:00.0;0.03917791640696582
2018-12-29T18:00:00.0;0.0398375558910737
2018-12-29T19:00:00.0;0.04029942496824309
2018-12-29T20:00:00.0;0.04024321921167987
2018-12-29T21:00:00.0;0.03970834528248272
2018-12-29T22:00:00.0;0.04047692885580906
2018-12-29T23:00:00.0;0.03882904787987174
2018-12-30T00:00:00.0;0.033696476570081756
2018-12-30T01:00:00.0;0.03215390569316501
2018-12-30T02:00:00.0;0.030718462070547656
2018-12-30T03:00:00.0;0.02941026849035824
2018-12-30T04:00:00.0;0.028428708532398952
2018-12-30T05:00:00.0;0.028356733230833077
2018-12-30T06:00:00.0;0.0282076435131449
2018-12-30T07:00:00.0;0.02938984473489137
2018-12-30T08:00:00.0;0.028998404137101905
2018-12-30T09:00:00.0;0.028384921587484808
2018-12-30T10:00:00.0;0.027580303240844706
2018-12-30T11:00:00.0;0.02750647973789512
2018-12-30T12:00:00.0;0.027450840718090057
2018-12-30T13:00:00.0;0.028511624244324154
2018-12-30T14:00:00.0;0.029195148512693146
2018-12-30T15:00:00.0;0.030216937154628924
2018-12-30T16:00:00.0;0.03327541314183827
2018-12-30T17:00:00.0;0.03594138323850452
2018-12-30T18:00:00.0;0.03775009953821529
2018-12-30T19:00:00.0;0.03898226465907527
2018-12-30T20:00:00.0;0.03865676435415304
2018-12-30T21:00:00.0;0.037645642880883186
2018-12-30T22:00:00.0;0.036764546308416975
2018-12-30T23:00:00.0;0.03512436689261187
2018-12-31T00:00:00.0;0.034743532783683195
2018-12-31T01:00:00.0;0.03310731735791518
2018-12-31T02:00:00.0;0.03152122850608879
2018-12-31T03:00:00.0;0.03009768382441404
2018-12-31T04:00:00.0;0.028962776144660488
2018-12-31T05:00:00.0;0.02861594537028893
2018-12-31T06:00:00.0;0.0287646370018931
2018-12-31T07:00:00.0;0.030366750587428305
2018-12-31T08:00:00.0;0.030224897347624215
2018-12-31T09:00:00.0;0.029877492238653124
2018-12-31T10:00:00.0;0.029132939090264348
2018-12-31T11:00:00.0;0.028679311962802892
2018-12-31T12:00:00.0;0.02840025592180922
2018-12-31T13:00:00.0;0.029278486797636095
2018-12-31T14:00:00.0;0.02979705983733854
2018-12-31T15:00:00.0;0.03097559726302299
2018-12-31T16:00:00.0;0.03389030043207516
2018-12-31T17:00:00.0;0.03693032894213787
2018-12-31T18:00:00.0;0.03826816406458445
2018-12-31T19:00:00.0;0.039405395120123456
2018-12-31T20:00:00.0;0.03919034995564816
2018-12-31T21:00:00.0;0.038654439996005124
2018-12-31T22:00:00.0;0.03803011703994594
2018-12-31T23:00:00.0;0.03641067863112872
