timestamp;generation
2022-01-01T00:00:00.0;0.0
2022-01-01T01:00:00.0;0.0
2022-01-01T02:00:00.0;0.0
2022-01-01T03:00:00.0;0.0
2022-01-01T04:00:00.0;0.0
2022-01-01T05:00:00.0;0.0
2022-01-01T06:00:00.0;0.0
2022-01-01T07:00:00.0;0.0
2022-01-01T08:00:00.0;0.0
2022-01-01T09:00:00.0;0.00017024751673951882
2022-01-01T10:00:00.0;0.051088879143669864
2022-01-01T11:00:00.0;0.31697040638759133
2022-01-01T12:00:00.0;0.6736406153770383
2022-01-01T13:00:00.0;0.8205405984852944
2022-01-01T14:00:00.0;0.7648218968497957
2022-01-01T15:00:00.0;0.5484977617698971
2022-01-01T16:00:00.0;0.40738552107071757
2022-01-01T17:00:00.0;0.1728600613186671
2022-01-01T18:00:00.0;0.004652843951396785
2022-01-01T19:00:00.0;0.0
2022-01-01T20:00:00.0;0.0
2022-01-01T21:00:00.0;0.0
2022-01-01T22:00:00.0;0.0
2022-01-01T23:00:00.0;0.0
2022-01-02T00:00:00.0;0.0
2022-01-02T01:00:00.0;0.0
2022-01-02T02:00:00.0;0.0
2022-01-02T03:00:00.0;0.0
2022-01-02T04:00:00.0;0.0
2022-01-02T05:00:00.0;0.0
2022-01-02T06:00:00.0;0.0
2022-01-02T07:00:00.0;0.0
2022-01-02T08:00:00.0;0.0002565353165139495
2022-01-02T09:00:00.0;0.005301738390875835
2022-01-02T10:00:00.0;0.07217247741218591
2022-01-02T11:00:00.0;0.39164873371861736
2022-01-02T12:00:00.0;0.835044924617941
2022-01-02T13:00:00.0;1.0118781933031678
2022-01-02T14:00:00.0;0.944669550734065
2022-01-02T15:00:00.0;0.6841618376863814
2022-01-02T16:00:00.0;0.5156266090457408
2022-01-02T17:00:00.0;0.2284704615369143
2022-01-02T18:00:00.0;0.012297121217899927
2022-01-02T19:00:00.0;0.00018018214449607657
2022-01-02T20:00:00.0;0.0
2022-01-02T21:00:00.0;0.0
2022-01-02T22:00:00.0;0.0
2022-01-02T23:00:00.0;0.0
2022-01-03T00:00:00.0;0.0
2022-01-03T01:00:00.0;0.0
2022-01-03T02:00:00.0;0.0
2022-01-03T03:00:00.0;0.0
2022-01-03T04:00:00.0;0.0
2022-01-03T05:00:00.0;0.0
2022-01-03T06:00:00.0;0.0
2022-01-03T07:00:00.0;0.0
2022-01-03T08:00:00.0;3.0498033321547448e-5
2022-01-03T09:00:00.0;0.0014204267014256275
2022-01-03T10:00:00.0;0.04829306117009824
2022-01-03T11:00:00.0;0.2987510798085984
2022-01-03T12:00:00.0;0.6491878914800425
2022-01-03T13:00:00.0;0.7883900211814032
2022-01-03T14:00:00.0;0.7332769296138902
2022-01-03T15:00:00.0;0.5244115470749803
2022-01-03T16:00:00.0;0.39263899204770897
2022-01-03T17:00:00.0;0.1684862743632771
2022-01-03T18:00:00.0;0.00424469885574278
2022-01-03T19:00:00.0;0.0
2022-01-03T20:00:00.0;0.0
2022-01-03T21:00:00.0;0.0
2022-01-03T22:00:00.0;0.0
2022-01-03T23:00:00.0;0.0
2022-01-04T00:00:00.0;0.0
2022-01-04T01:00:00.0;0.0
2022-01-04T02:00:00.0;0.0
2022-01-04T03:00:00.0;0.0
2022-01-04T04:00:00.0;0.0
2022-01-04T05:00:00.0;0.0
2022-01-04T06:00:00.0;0.0
2022-01-04T07:00:00.0;0.0
2022-01-04T08:00:00.0;0.0
2022-01-04T09:00:00.0;0.00031042726017144065
2022-01-04T10:00:00.0;0.043102453013102435
2022-01-04T11:00:00.0;0.22124782562235645
2022-01-04T12:00:00.0;0.42594600813423283
2022-01-04T13:00:00.0;0.5208713569588229
2022-01-04T14:00:00.0;0.4891914196199366
2022-01-04T15:00:00.0;0.35507481120597434
2022-01-04T16:00:00.0;0.25407387755405364
2022-01-04T17:00:00.0;0.10261313274469204
2022-01-04T18:00:00.0;0.003270174213170062
2022-01-04T19:00:00.0;0.0
2022-01-04T20:00:00.0;0.0
2022-01-04T21:00:00.0;0.0
2022-01-04T22:00:00.0;0.0
2022-01-04T23:00:00.0;0.0
2022-01-05T00:00:00.0;0.0
2022-01-05T01:00:00.0;0.0
2022-01-05T02:00:00.0;0.0
2022-01-05T03:00:00.0;0.0
2022-01-05T04:00:00.0;0.0
2022-01-05T05:00:00.0;0.0
2022-01-05T06:00:00.0;0.0
2022-01-05T07:00:00.0;0.0
2022-01-05T08:00:00.0;6.299062547259592e-5
2022-01-05T09:00:00.0;0.0028493443524954124
2022-01-05T10:00:00.0;0.039789336087888344
2022-01-05T11:00:00.0;0.21311871014530334
2022-01-05T12:00:00.0;0.4517792222968155
2022-01-05T13:00:00.0;0.5468236706558385
2022-01-05T14:00:00.0;0.5089859699646064
2022-01-05T15:00:00.0;0.364938843231984
2022-01-05T16:00:00.0;0.27086604969445965
2022-01-05T17:00:00.0;0.11522915950782646
2022-01-05T18:00:00.0;0.0028533212824241156
2022-01-05T19:00:00.0;0.0
2022-01-05T20:00:00.0;0.0
2022-01-05T21:00:00.0;0.0
2022-01-05T22:00:00.0;0.0
2022-01-05T23:00:00.0;0.0
2022-01-06T00:00:00.0;0.0
2022-01-06T01:00:00.0;0.0
2022-01-06T02:00:00.0;0.0
2022-01-06T03:00:00.0;0.0
2022-01-06T04:00:00.0;0.0
2022-01-06T05:00:00.0;0.0
2022-01-06T06:00:00.0;0.0
2022-01-06T07:00:00.0;0.0
2022-01-06T08:00:00.0;0.0
2022-01-06T09:00:00.0;0.00022360004837839739
2022-01-06T10:00:00.0;0.04804923844823304
2022-01-06T11:00:00.0;0.2805383093256883
2022-01-06T12:00:00.0;0.5793678335460343
2022-01-06T13:00:00.0;0.7064862258755819
2022-01-06T14:00:00.0;0.6599166987305892
2022-01-06T15:00:00.0;0.4748808194286919
2022-01-06T16:00:00.0;0.34903497689745827
2022-01-06T17:00:00.0;0.14612401952320966
2022-01-06T18:00:00.0;0.004126598652691612
2022-01-06T19:00:00.0;0.0
2022-01-06T20:00:00.0;0.0
2022-01-06T21:00:00.0;0.0
2022-01-06T22:00:00.0;0.0
2022-01-06T23:00:00.0;0.0
2022-01-07T00:00:00.0;0.0
2022-01-07T01:00:00.0;0.0
2022-01-07T02:00:00.0;0.0
2022-01-07T03:00:00.0;0.0
2022-01-07T04:00:00.0;0.0
2022-01-07T05:00:00.0;0.0
2022-01-07T06:00:00.0;0.0
2022-01-07T07:00:00.0;0.0
2022-01-07T08:00:00.0;8.090631192199065e-6
2022-01-07T09:00:00.0;0.0005144652076731527
2022-01-07T10:00:00.0;0.049631301440279524
2022-01-07T11:00:00.0;0.3035566694243755
2022-01-07T12:00:00.0;0.6449506866240553
2022-01-07T13:00:00.0;0.7851496166525667
2022-01-07T14:00:00.0;0.7317463767915665
2022-01-07T15:00:00.0;0.5247699020371165
2022-01-07T16:00:00.0;0.38973085267029106
2022-01-07T17:00:00.0;0.1654029244062814
2022-01-07T18:00:00.0;0.004420629008029546
2022-01-07T19:00:00.0;0.0
2022-01-07T20:00:00.0;0.0
2022-01-07T21:00:00.0;0.0
2022-01-07T22:00:00.0;0.0
2022-01-07T23:00:00.0;0.0
2022-01-08T00:00:00.0;0.0
2022-01-08T01:00:00.0;0.0
2022-01-08T02:00:00.0;0.0
2022-01-08T03:00:00.0;0.0
2022-01-08T04:00:00.0;0.0
2022-01-08T05:00:00.0;0.0
2022-01-08T06:00:00.0;0.0
2022-01-08T07:00:00.0;0.0
2022-01-08T08:00:00.0;3.3682237618675964e-5
2022-01-08T09:00:00.0;0.001638791412015234
2022-01-08T10:00:00.0;0.04299681929043339
2022-01-08T11:00:00.0;0.2368685525781045
2022-01-08T12:00:00.0;0.49142803323042294
2022-01-08T13:00:00.0;0.597258857685002
2022-01-08T14:00:00.0;0.557271820084697
2022-01-08T15:00:00.0;0.40069687842347435
2022-01-08T16:00:00.0;0.29503342003956434
2022-01-08T17:00:00.0;0.1240125027346849
2022-01-08T18:00:00.0;0.0033356971137558614
2022-01-08T19:00:00.0;0.0
2022-01-08T20:00:00.0;0.0
2022-01-08T21:00:00.0;0.0
2022-01-08T22:00:00.0;0.0
2022-01-08T23:00:00.0;0.0
2022-01-09T00:00:00.0;0.0
2022-01-09T01:00:00.0;0.0
2022-01-09T02:00:00.0;0.0
2022-01-09T03:00:00.0;0.0
2022-01-09T04:00:00.0;0.0
2022-01-09T05:00:00.0;0.0
2022-01-09T06:00:00.0;0.0
2022-01-09T07:00:00.0;0.0
2022-01-09T08:00:00.0;0.001398992207020368
2022-01-09T09:00:00.0;0.02858621384150504
2022-01-09T10:00:00.0;0.1414630526414067
2022-01-09T11:00:00.0;0.4293348296091776
2022-01-09T12:00:00.0;0.7907857981375223
2022-01-09T13:00:00.0;0.9408089606804027
2022-01-09T14:00:00.0;0.8964857535853468
2022-01-09T15:00:00.0;0.6924625032676963
2022-01-09T16:00:00.0;0.5253700888440581
2022-01-09T17:00:00.0;0.25972065368216823
2022-01-09T18:00:00.0;0.04208070859879858
2022-01-09T19:00:00.0;0.0009826070711029065
2022-01-09T20:00:00.0;0.0
2022-01-09T21:00:00.0;0.0
2022-01-09T22:00:00.0;0.0
2022-01-09T23:00:00.0;0.0
2022-01-10T00:00:00.0;0.0
2022-01-10T01:00:00.0;0.0
2022-01-10T02:00:00.0;0.0
2022-01-10T03:00:00.0;0.0
2022-01-10T04:00:00.0;0.0
2022-01-10T05:00:00.0;0.0
2022-01-10T06:00:00.0;0.0
2022-01-10T07:00:00.0;8.74092591706211e-5
2022-01-10T08:00:00.0;0.048435488621198605
2022-01-10T09:00:00.0;0.23114797418004943
2022-01-10T10:00:00.0;0.4694958918458196
2022-01-10T11:00:00.0;0.7087946993001935
2022-01-10T12:00:00.0;0.8582055179335105
2022-01-10T13:00:00.0;0.9715201955561381
2022-01-10T14:00:00.0;0.8578055045107326
2022-01-10T15:00:00.0;0.5827720403740766
2022-01-10T16:00:00.0;0.4536076763043475
2022-01-10T17:00:00.0;0.32936562488209686
2022-01-10T18:00:00.0;0.2213574824164602
2022-01-10T19:00:00.0;0.062330850324032135
2022-01-10T20:00:00.0;0.00018751087603308873
2022-01-10T21:00:00.0;0.0
2022-01-10T22:00:00.0;0.0
2022-01-10T23:00:00.0;0.0
2022-01-11T00:00:00.0;0.0
2022-01-11T01:00:00.0;0.0
2022-01-11T02:00:00.0;0.0
2022-01-11T03:00:00.0;0.0
2022-01-11T04:00:00.0;0.0
2022-01-11T05:00:00.0;0.0
2022-01-11T06:00:00.0;0.0
2022-01-11T07:00:00.0;4.889701048306901e-5
2022-01-11T08:00:00.0;0.027094962448318497
2022-01-11T09:00:00.0;0.12948913281297766
2022-01-11T10:00:00.0;0.2789239736088451
2022-01-11T11:00:00.0;0.4615703527981356
2022-01-11T12:00:00.0;0.5838812346697715
2022-01-11T13:00:00.0;0.6714944556244308
2022-01-11T14:00:00.0;0.6020638093659333
2022-01-11T15:00:00.0;0.4169542360786713
2022-01-11T16:00:00.0;0.3137807161705208
2022-01-11T17:00:00.0;0.20567280700968893
2022-01-11T18:00:00.0;0.12480070334557807
2022-01-11T19:00:00.0;0.03486807085006379
2022-01-11T20:00:00.0;0.0001048941651957287
2022-01-11T21:00:00.0;0.0
2022-01-11T22:00:00.0;0.0
2022-01-11T23:00:00.0;0.0
2022-01-12T00:00:00.0;0.0
2022-01-12T01:00:00.0;0.0
2022-01-12T02:00:00.0;0.0
2022-01-12T03:00:00.0;0.0
2022-01-12T04:00:00.0;0.0
2022-01-12T05:00:00.0;0.0
2022-01-12T06:00:00.0;0.0
2022-01-12T07:00:00.0;3.0757449639519015e-5
2022-01-12T08:00:00.0;0.01704341297669674
2022-01-12T09:00:00.0;0.08160704851238404
2022-01-12T10:00:00.0;0.18916315662884442
2022-01-12T11:00:00.0;0.34512581299045475
2022-01-12T12:00:00.0;0.45467241937838543
2022-01-12T13:00:00.0;0.530180059566291
2022-01-12T14:00:00.0;0.4816075338327124
2022-01-12T15:00:00.0;0.33885279426562637
2022-01-12T16:00:00.0;0.24792115882569085
2022-01-12T17:00:00.0;0.14741255287833488
2022-01-12T18:00:00.0;0.07932172903215141
2022-01-12T19:00:00.0;0.021932893700512913
2022-01-12T20:00:00.0;6.598106860958583e-5
2022-01-12T21:00:00.0;0.0
2022-01-12T22:00:00.0;0.0
2022-01-12T23:00:00.0;0.0
2022-01-13T00:00:00.0;0.0
2022-01-13T01:00:00.0;0.0
2022-01-13T02:00:00.0;0.0
2022-01-13T03:00:00.0;0.0
2022-01-13T04:00:00.0;0.0
2022-01-13T05:00:00.0;0.0
2022-01-13T06:00:00.0;0.0
2022-01-13T07:00:00.0;4.402147797254553e-5
2022-01-13T08:00:00.0;0.024393317317397228
2022-01-13T09:00:00.0;0.1166194354320634
2022-01-13T10:00:00.0;0.25479815352248103
2022-01-13T11:00:00.0;0.4302725091291603
2022-01-13T12:00:00.0;0.5491526221618576
2022-01-13T13:00:00.0;0.6335121175662612
2022-01-13T14:00:00.0;0.5696876954939363
2022-01-13T15:00:00.0;0.3959622108602848
2022-01-13T16:00:00.0;0.29607905207110685
2022-01-13T17:00:00.0;0.19001367581358955
2022-01-13T18:00:00.0;0.1125769113958839
2022-01-13T19:00:00.0;0.03139136723711825
2022-01-13T20:00:00.0;9.443514310984724e-5
2022-01-13T21:00:00.0;0.0
2022-01-13T22:00:00.0;0.0
2022-01-13T23:00:00.0;0.0
2022-01-14T00:00:00.0;0.0
2022-01-14T01:00:00.0;0.0
2022-01-14T02:00:00.0;0.0
2022-01-14T03:00:00.0;0.0
2022-01-14T04:00:00.0;0.0
2022-01-14T05:00:00.0;0.0
2022-01-14T06:00:00.0;0.0
2022-01-14T07:00:00.0;5.153956112666446e-5
2022-01-14T08:00:00.0;0.02855926077143971
2022-01-14T09:00:00.0;0.13646454052965437
2022-01-14T10:00:00.0;0.29200022758907834
2022-01-14T11:00:00.0;0.4785338612461021
2022-01-14T12:00:00.0;0.6027042282885979
2022-01-14T13:00:00.0;0.6920809765150686
2022-01-14T14:00:00.0;0.619611742922914
2022-01-14T15:00:00.0;0.42833196551263286
2022-01-14T16:00:00.0;0.3233750617640843
2022-01-14T17:00:00.0;0.2141600947328417
2022-01-14T18:00:00.0;0.1314260287257534
2022-01-14T19:00:00.0;0.036752452781709126
2022-01-14T20:00:00.0;0.00011056298095785712
2022-01-14T21:00:00.0;0.0
2022-01-14T22:00:00.0;0.0
2022-01-14T23:00:00.0;0.0
2022-01-15T00:00:00.0;0.0
2022-01-15T01:00:00.0;0.0
2022-01-15T02:00:00.0;0.0
2022-01-15T03:00:00.0;0.0
2022-01-15T04:00:00.0;0.0
2022-01-15T05:00:00.0;0.0
2022-01-15T06:00:00.0;0.0
2022-01-15T07:00:00.0;2.9899446436594164e-5
2022-01-15T08:00:00.0;0.016567973592282115
2022-01-15T09:00:00.0;0.07934222071159219
2022-01-15T10:00:00.0;0.18491746021258434
2022-01-15T11:00:00.0;0.33961797357913703
2022-01-15T12:00:00.0;0.4485608283469215
2022-01-15T13:00:00.0;0.5234958732465109
2022-01-15T14:00:00.0;0.4759099388847811
2022-01-15T15:00:00.0;0.33515858756422934
2022-01-15T16:00:00.0;0.24480599459252972
2022-01-15T17:00:00.0;0.14465683651457892
2022-01-15T18:00:00.0;0.07717056859540179
2022-01-15T19:00:00.0;0.021321058412964517
2022-01-15T20:00:00.0;6.414047490422572e-5
2022-01-15T21:00:00.0;0.0
2022-01-15T22:00:00.0;0.0
2022-01-15T23:00:00.0;0.0
2022-01-16T00:00:00.0;0.0
2022-01-16T01:00:00.0;0.0
2022-01-16T02:00:00.0;0.0
2022-01-16T03:00:00.0;0.0
2022-01-16T04:00:00.0;0.0
2022-01-16T05:00:00.0;0.0
2022-01-16T06:00:00.0;0.0
2022-01-16T07:00:00.0;0.0
2022-01-16T08:00:00.0;0.00016662032890254363
2022-01-16T09:00:00.0;0.0037198993228811576
2022-01-16T10:00:00.0;0.05243470102427225
2022-01-16T11:00:00.0;0.21747491443456463
2022-01-16T12:00:00.0;0.3955058350021183
2022-01-16T13:00:00.0;0.48148818437408475
2022-01-16T14:00:00.0;0.45547371627713656
2022-01-16T15:00:00.0;0.3375555010397539
2022-01-16T16:00:00.0;0.2406491299125205
2022-01-16T17:00:00.0;0.1003684929027711
2022-01-16T18:00:00.0;0.0074800383269553565
2022-01-16T19:00:00.0;0.0001170287529462612
2022-01-16T20:00:00.0;0.0
2022-01-16T21:00:00.0;0.0
2022-01-16T22:00:00.0;0.0
2022-01-16T23:00:00.0;0.0
2022-01-17T00:00:00.0;0.0
2022-01-17T01:00:00.0;0.0
2022-01-17T02:00:00.0;0.0
2022-01-17T03:00:00.0;0.0
2022-01-17T04:00:00.0;0.0
2022-01-17T05:00:00.0;0.0
2022-01-17T06:00:00.0;0.0
2022-01-17T07:00:00.0;7.580201727832814e-6
2022-01-17T08:00:00.0;0.0042003647899379335
2022-01-17T09:00:00.0;0.020348661197626454
2022-01-17T10:00:00.0;0.07895072403629601
2022-01-17T11:00:00.0;0.24999751616965363
2022-01-17T12:00:00.0;0.42841928083056
2022-01-17T13:00:00.0;0.5175925450046436
2022-01-17T14:00:00.0;0.4821964627430765
2022-01-17T15:00:00.0;0.3474797927208423
2022-01-17T16:00:00.0;0.24970639702836026
2022-01-17T17:00:00.0;0.11234760855002188
2022-01-17T18:00:00.0;0.02198743626943755
2022-01-17T19:00:00.0;0.005405381807449537
2022-01-17T20:00:00.0;1.6261094991309536e-5
2022-01-17T21:00:00.0;0.0
2022-01-17T22:00:00.0;0.0
2022-01-17T23:00:00.0;0.0
2022-01-18T00:00:00.0;0.0
2022-01-18T01:00:00.0;0.0
2022-01-18T02:00:00.0;0.0
2022-01-18T03:00:00.0;0.0
2022-01-18T04:00:00.0;0.0
2022-01-18T05:00:00.0;0.0
2022-01-18T06:00:00.0;0.0
2022-01-18T07:00:00.0;1.0059762460894822e-5
2022-01-18T08:00:00.0;0.005574346640503277
2022-01-18T09:00:00.0;0.026972407086288362
2022-01-18T10:00:00.0;0.08674384632837498
2022-01-18T11:00:00.0;0.2122597155482326
2022-01-18T12:00:00.0;0.30724196818459765
2022-01-18T13:00:00.0;0.36893684157032713
2022-01-18T14:00:00.0;0.34416394679155854
2022-01-18T15:00:00.0;0.24973711915154434
2022-01-18T16:00:00.0;0.17277377640542388
2022-01-18T17:00:00.0;0.08093616321498272
2022-01-18T18:00:00.0;0.027429095485915485
2022-01-18T19:00:00.0;0.007173536924977199
2022-01-18T20:00:00.0;2.1580263803004215e-5
2022-01-18T21:00:00.0;0.0
2022-01-18T22:00:00.0;0.0
2022-01-18T23:00:00.0;0.0
2022-01-19T00:00:00.0;0.0
2022-01-19T01:00:00.0;0.0
2022-01-19T02:00:00.0;0.0
2022-01-19T03:00:00.0;0.0
2022-01-19T04:00:00.0;0.0
2022-01-19T05:00:00.0;0.0
2022-01-19T06:00:00.0;0.0
2022-01-19T07:00:00.0;0.0
2022-01-19T08:00:00.0;2.6508567044331816e-5
2022-01-19T09:00:00.0;0.0014484797836535528
2022-01-19T10:00:00.0;0.03774338621332985
2022-01-19T11:00:00.0;0.1703061267141209
2022-01-19T12:00:00.0;0.31385152300158564
2022-01-19T13:00:00.0;0.3830246095810773
2022-01-19T14:00:00.0;0.36068712746829634
2022-01-19T15:00:00.0;0.2632026801993314
2022-01-19T16:00:00.0;0.18503027144723236
2022-01-19T17:00:00.0;0.07304886496907946
2022-01-19T18:00:00.0;0.002408333408880181
2022-01-19T19:00:00.0;0.0
2022-01-19T20:00:00.0;0.0
2022-01-19T21:00:00.0;0.0
2022-01-19T22:00:00.0;0.0
2022-01-19T23:00:00.0;0.0
2022-01-20T00:00:00.0;0.0
2022-01-20T01:00:00.0;0.0
2022-01-20T02:00:00.0;0.0
2022-01-20T03:00:00.0;0.0
2022-01-20T04:00:00.0;0.0
2022-01-20T05:00:00.0;0.0
2022-01-20T06:00:00.0;0.0
2022-01-20T07:00:00.0;0.0
2022-01-20T08:00:00.0;7.507806072503529e-5
2022-01-20T09:00:00.0;0.00338091011702665
2022-01-20T10:00:00.0;0.036625900377437036
2022-01-20T11:00:00.0;0.18126296533410854
2022-01-20T12:00:00.0;0.37834203710919173
2022-01-20T13:00:00.0;0.45695956847611713
2022-01-20T14:00:00.0;0.4255484147253971
2022-01-20T15:00:00.0;0.3056140601161053
2022-01-20T16:00:00.0;0.22556579942967941
2022-01-20T17:00:00.0;0.09541719976775959
2022-01-20T18:00:00.0;0.0023357206474546813
2022-01-20T19:00:00.0;0.0
2022-01-20T20:00:00.0;0.0
2022-01-20T21:00:00.0;0.0
2022-01-20T22:00:00.0;0.0
2022-01-20T23:00:00.0;0.0
2022-01-21T00:00:00.0;0.0
2022-01-21T01:00:00.0;0.0
2022-01-21T02:00:00.0;0.0
2022-01-21T03:00:00.0;0.0
2022-01-21T04:00:00.0;0.0
2022-01-21T05:00:00.0;1.0519158490622872e-7
2022-01-21T06:00:00.0;1.0177083805009464e-5
2022-01-21T07:00:00.0;7.797177621507314e-5
2022-01-21T08:00:00.0;0.014316900340473023
2022-01-21T09:00:00.0;0.06837218852360528
2022-01-21T10:00:00.0;0.16790140963537917
2022-01-21T11:00:00.0;0.3628398141936058
2022-01-21T12:00:00.0;0.5533392510041121
2022-01-21T13:00:00.0;0.6532609452622234
2022-01-21T14:00:00.0;0.5972284920546332
2022-01-21T15:00:00.0;0.4216404966287426
2022-01-21T16:00:00.0;0.313322396793804
2022-01-21T17:00:00.0;0.17003671130739845
2022-01-21T18:00:00.0;0.06738176424722411
2022-01-21T19:00:00.0;0.01844323517424501
2022-01-21T20:00:00.0;0.0001445626165523305
2022-01-21T21:00:00.0;1.9518359389928846e-5
2022-01-21T22:00:00.0;5.552137977578554e-7
2022-01-21T23:00:00.0;0.0
2022-01-22T00:00:00.0;0.0
2022-01-22T01:00:00.0;0.0
2022-01-22T02:00:00.0;0.0
2022-01-22T03:00:00.0;0.0
2022-01-22T04:00:00.0;0.0
2022-01-22T05:00:00.0;0.0
2022-01-22T06:00:00.0;0.0
2022-01-22T07:00:00.0;1.932375266142955e-5
2022-01-22T08:00:00.0;0.010707737498662028
2022-01-22T09:00:00.0;0.051411019449874217
2022-01-22T10:00:00.0;0.13344416749402038
2022-01-22T11:00:00.0;0.2820231191204044
2022-01-22T12:00:00.0;0.39986791257183263
2022-01-22T13:00:00.0;0.47333476565881827
2022-01-22T14:00:00.0;0.4353242598427127
2022-01-22T15:00:00.0;0.3104255859214268
2022-01-22T16:00:00.0;0.22289648693913117
2022-01-22T17:00:00.0;0.11824471425377271
2022-01-22T18:00:00.0;0.05080419811165611
2022-01-22T19:00:00.0;0.01377961495460212
2022-01-22T20:00:00.0;4.145343209829241e-5
2022-01-22T21:00:00.0;0.0
2022-01-22T22:00:00.0;0.0
2022-01-22T23:00:00.0;0.0
2022-01-23T00:00:00.0;0.0
2022-01-23T01:00:00.0;0.0
2022-01-23T02:00:00.0;0.0
2022-01-23T03:00:00.0;0.0
2022-01-23T04:00:00.0;0.0
2022-01-23T05:00:00.0;0.0
2022-01-23T06:00:00.0;0.0
2022-01-23T07:00:00.0;3.52203656045835e-5
2022-01-23T08:00:00.0;0.019516417753242202
2022-01-23T09:00:00.0;0.09338758279922522
2022-01-23T10:00:00.0;0.21124720742766617
2022-01-23T11:00:00.0;0.3737749186790895
2022-01-23T12:00:00.0;0.4864619477779132
2022-01-23T13:00:00.0;0.564947950569869
2022-01-23T14:00:00.0;0.5112436556664209
2022-01-23T15:00:00.0;0.35806826340339953
2022-01-23T16:00:00.0;0.2641247302605988
2022-01-23T17:00:00.0;0.1617464510655111
2022-01-23T18:00:00.0;0.0905110208947667
2022-01-23T19:00:00.0;0.025115363723330186
2022-01-23T20:00:00.0;7.555494316488658e-5
2022-01-23T21:00:00.0;0.0
2022-01-23T22:00:00.0;0.0
2022-01-23T23:00:00.0;0.0
2022-01-24T00:00:00.0;0.0
2022-01-24T01:00:00.0;0.0
2022-01-24T02:00:00.0;0.0
2022-01-24T03:00:00.0;0.0
2022-01-24T04:00:00.0;0.0
2022-01-24T05:00:00.0;0.0
2022-01-24T06:00:00.0;0.0
2022-01-24T07:00:00.0;0.00013228621590282075
2022-01-24T08:00:00.0;0.07330284647070952
2022-01-24T09:00:00.0;0.34960741451260524
2022-01-24T10:00:00.0;0.6915625854444528
2022-01-24T11:00:00.0;0.9968764571619515
2022-01-24T12:00:00.0;1.177865870422811
2022-01-24T13:00:00.0;1.3211295434468864
2022-01-24T14:00:00.0;1.155812226495318
2022-01-24T15:00:00.0;0.7759936434324941
2022-01-24T16:00:00.0;0.616543070984351
2022-01-24T17:00:00.0;0.4735004761284766
2022-01-24T18:00:00.0;0.3338716706094001
2022-01-24T19:00:00.0;0.09433225268819917
2022-01-24T20:00:00.0;0.0002837811973971908
2022-01-24T21:00:00.0;0.0
2022-01-24T22:00:00.0;0.0
2022-01-24T23:00:00.0;0.0
2022-01-25T00:00:00.0;0.0
2022-01-25T01:00:00.0;0.0
2022-01-25T02:00:00.0;0.0
2022-01-25T03:00:00.0;0.0
2022-01-25T04:00:00.0;0.0
2022-01-25T05:00:00.0;0.0
2022-01-25T06:00:00.0;0.0
2022-01-25T07:00:00.0;3.746990277856546e-5
2022-01-25T08:00:00.0;0.02076293823891162
2022-01-25T09:00:00.0;0.09932557267290089
2022-01-25T10:00:00.0;0.22237869491542975
2022-01-25T11:00:00.0;0.38821552852978186
2022-01-25T12:00:00.0;0.5024854907793688
2022-01-25T13:00:00.0;0.5824727401661194
2022-01-25T14:00:00.0;0.5261817719741123
2022-01-25T15:00:00.0;0.36775383948847357
2022-01-25T16:00:00.0;0.2722921563513948
2022-01-25T17:00:00.0;0.16897146652010073
2022-01-25T18:00:00.0;0.09615099444401622
2022-01-25T19:00:00.0;0.026719490862951837
2022-01-25T20:00:00.0;8.038066403433117e-5
2022-01-25T21:00:00.0;0.0
2022-01-25T22:00:00.0;0.0
2022-01-25T23:00:00.0;0.0
2022-01-26T00:00:00.0;0.0
2022-01-26T01:00:00.0;0.0
2022-01-26T02:00:00.0;0.0
2022-01-26T03:00:00.0;0.0
2022-01-26T04:00:00.0;0.0
2022-01-26T05:00:00.0;2.8432328177687033e-5
2022-01-26T06:00:00.0;0.0027507731430588904
2022-01-26T07:00:00.0;0.014163236648549255
2022-01-26T08:00:00.0;0.03812908709319187
2022-01-26T09:00:00.0;0.07889386744251987
2022-01-26T10:00:00.0;0.15414902471765857
2022-01-26T11:00:00.0;0.28718528857630754
2022-01-26T12:00:00.0;0.38907255742034014
2022-01-26T13:00:00.0;0.4540079415649677
2022-01-26T14:00:00.0;0.44755558926355016
2022-01-26T15:00:00.0;0.377478245280978
2022-01-26T16:00:00.0;0.29088403665721185
2022-01-26T17:00:00.0;0.18008963582379695
2022-01-26T18:00:00.0;0.09955957045908365
2022-01-26T19:00:00.0;0.056271027147691687
2022-01-26T20:00:00.0;0.024246670745871342
2022-01-26T21:00:00.0;0.005275634929915727
2022-01-26T22:00:00.0;0.00015006923719899728
2022-01-26T23:00:00.0;0.0
2022-01-27T00:00:00.0;0.0
2022-01-27T01:00:00.0;0.0
2022-01-27T02:00:00.0;0.0
2022-01-27T03:00:00.0;0.0
2022-01-27T04:00:00.0;0.0
2022-01-27T05:00:00.0;0.0
2022-01-27T06:00:00.0;0.0
2022-01-27T07:00:00.0;0.0
2022-01-27T08:00:00.0;0.0005359962480882709
2022-01-27T09:00:00.0;0.013116777529266365
2022-01-27T10:00:00.0;0.059691948287030616
2022-01-27T11:00:00.0;0.15493397725654554
2022-01-27T12:00:00.0;0.2654061701861552
2022-01-27T13:00:00.0;0.3122738832913185
2022-01-27T14:00:00.0;0.2982636274358702
2022-01-27T15:00:00.0;0.23184401797075196
2022-01-27T16:00:00.0;0.1703645759249023
2022-01-27T17:00:00.0;0.08171146208128395
2022-01-27T18:00:00.0;0.013318618905705808
2022-01-27T19:00:00.0;0.0003137077503919048
2022-01-27T20:00:00.0;0.0
2022-01-27T21:00:00.0;0.0
2022-01-27T22:00:00.0;0.0
2022-01-27T23:00:00.0;0.0
2022-01-28T00:00:00.0;0.0
2022-01-28T01:00:00.0;0.0
2022-01-28T02:00:00.0;0.0
2022-01-28T03:00:00.0;0.0
2022-01-28T04:00:00.0;0.0
2022-01-28T05:00:00.0;2.8437303519265814e-5
2022-01-28T06:00:00.0;0.0028362252037645794
2022-01-28T07:00:00.0;0.02029975954448575
2022-01-28T08:00:00.0;0.08387296057723034
2022-01-28T09:00:00.0;0.21659992683162152
2022-01-28T10:00:00.0;0.4050066609279232
2022-01-28T11:00:00.0;0.7262822216590124
2022-01-28T12:00:00.0;1.072716794884138
2022-01-28T13:00:00.0;1.244570745166707
2022-01-28T14:00:00.0;1.2108985267287111
2022-01-28T15:00:00.0;1.0060230487441493
2022-01-28T16:00:00.0;0.8192595804042538
2022-01-28T17:00:00.0;0.5425009182941575
2022-01-28T18:00:00.0;0.29796064092208485
2022-01-28T19:00:00.0;0.14975425717839988
2022-01-28T20:00:00.0;0.049382225058338676
2022-01-28T21:00:00.0;0.006139338027719091
2022-01-28T22:00:00.0;0.00015009549764840072
2022-01-28T23:00:00.0;0.0
2022-01-29T00:00:00.0;0.0
2022-01-29T01:00:00.0;0.0
2022-01-29T02:00:00.0;0.0
2022-01-29T03:00:00.0;0.0
2022-01-29T04:00:00.0;0.0
2022-01-29T05:00:00.0;0.0
2022-01-29T06:00:00.0;0.0
2022-01-29T07:00:00.0;0.0
2022-01-29T08:00:00.0;0.0010592139312872242
2022-01-29T09:00:00.0;0.023772151559311835
2022-01-29T10:00:00.0;0.094181935659567
2022-01-29T11:00:00.0;0.2079002001533039
2022-01-29T12:00:00.0;0.339470218871942
2022-01-29T13:00:00.0;0.39370031823179163
2022-01-29T14:00:00.0;0.38085030618432353
2022-01-29T15:00:00.0;0.3088610478841244
2022-01-29T16:00:00.0;0.2331709697800325
2022-01-29T17:00:00.0;0.12287844450945108
2022-01-29T18:00:00.0;0.02740682933061592
2022-01-29T19:00:00.0;0.000679631553784793
2022-01-29T20:00:00.0;0.0
2022-01-29T21:00:00.0;0.0
2022-01-29T22:00:00.0;0.0
2022-01-29T23:00:00.0;0.0
2022-01-30T00:00:00.0;0.0
2022-01-30T01:00:00.0;0.0
2022-01-30T02:00:00.0;0.0
2022-01-30T03:00:00.0;0.0
2022-01-30T04:00:00.0;0.0
2022-01-30T05:00:00.0;1.5380456809336192e-5
2022-01-30T06:00:00.0;0.0015186556760979602
2022-01-30T07:00:00.0;0.009866721435016249
2022-01-30T08:00:00.0;0.036974476565757225
2022-01-30T09:00:00.0;0.13926157198480624
2022-01-30T10:00:00.0;0.36954685532574355
2022-01-30T11:00:00.0;0.7034129038070943
2022-01-30T12:00:00.0;1.0720336520222113
2022-01-30T13:00:00.0;1.2352231709935615
2022-01-30T14:00:00.0;1.2192078243866042
2022-01-30T15:00:00.0;1.0437822321614452
2022-01-30T16:00:00.0;0.8281960199831584
2022-01-30T17:00:00.0;0.5046033415794304
2022-01-30T18:00:00.0;0.19548413678700116
2022-01-30T19:00:00.0;0.06216600291425581
2022-01-30T20:00:00.0;0.022161932780955972
2022-01-30T21:00:00.0;0.003164824708291619
2022-01-30T22:00:00.0;8.11798951786358e-5
2022-01-30T23:00:00.0;0.0
2022-01-31T00:00:00.0;0.0
2022-01-31T01:00:00.0;0.0
2022-01-31T02:00:00.0;0.0
2022-01-31T03:00:00.0;0.0
2022-01-31T04:00:00.0;0.0
2022-01-31T05:00:00.0;0.0
2022-01-31T06:00:00.0;0.0001799767940638483
2022-01-31T07:00:00.0;0.003937076550466898
2022-01-31T08:00:00.0;0.019468000985441238
2022-01-31T09:00:00.0;0.050613006378910114
2022-01-31T10:00:00.0;0.10210437440119384
2022-01-31T11:00:00.0;0.18211228352026634
2022-01-31T12:00:00.0;0.2654360704075522
2022-01-31T13:00:00.0;0.3057884849138678
2022-01-31T14:00:00.0;0.29153864100883864
2022-01-31T15:00:00.0;0.23057092836120383
2022-01-31T16:00:00.0;0.17923339269392496
2022-01-31T17:00:00.0;0.10945143420261
2022-01-31T18:00:00.0;0.055070418021477295
2022-01-31T19:00:00.0;0.02872591966242436
2022-01-31T20:00:00.0;0.009250483951788704
2022-01-31T21:00:00.0;0.00045083006502314615
2022-01-31T22:00:00.0;0.0
2022-01-31T23:00:00.0;0.0
2022-02-01T00:00:00.0;0.0
2022-02-01T01:00:00.0;0.0
2022-02-01T02:00:00.0;0.0
2022-02-01T03:00:00.0;0.0
2022-02-01T04:00:00.0;0.0
2022-02-01T05:00:00.0;0.0
2022-02-01T06:00:00.0;0.0
2022-02-01T07:00:00.0;0.0
2022-02-01T08:00:00.0;0.00012882026505099884
2022-02-01T09:00:00.0;0.005744316028496545
2022-02-01T10:00:00.0;0.02256088122551939
2022-02-01T11:00:00.0;0.03962845719860588
2022-02-01T12:00:00.0;0.051831397833550015
2022-02-01T13:00:00.0;0.05741286232625645
2022-02-01T14:00:00.0;0.05457491633834093
2022-02-01T15:00:00.0;0.04184887343900526
2022-02-01T16:00:00.0;0.024155388130409364
2022-02-01T17:00:00.0;0.007330821953775883
2022-02-01T18:00:00.0;3.440539712793434e-5
2022-02-01T19:00:00.0;0.0
2022-02-01T20:00:00.0;0.0
2022-02-01T21:00:00.0;0.0
2022-02-01T22:00:00.0;0.0
2022-02-01T23:00:00.0;0.0
2022-02-02T00:00:00.0;0.0
2022-02-02T01:00:00.0;0.0
2022-02-02T02:00:00.0;0.0
2022-02-02T03:00:00.0;0.0
2022-02-02T04:00:00.0;0.0
2022-02-02T05:00:00.0;0.0
2022-02-02T06:00:00.0;0.0
2022-02-02T07:00:00.0;2.4838503308063245e-5
2022-02-02T08:00:00.0;0.017545059701390857
2022-02-02T09:00:00.0;0.14258323934165193
2022-02-02T10:00:00.0;0.416013165297738
2022-02-02T11:00:00.0;0.7529752652037885
2022-02-02T12:00:00.0;1.096920631572851
2022-02-02T13:00:00.0;1.254089807330062
2022-02-02T14:00:00.0;1.2074335827696276
2022-02-02T15:00:00.0;0.98969038187823
2022-02-02T16:00:00.0;0.7729734486955765
2022-02-02T17:00:00.0;0.4674856610725421
2022-02-02T18:00:00.0;0.16770224836675382
2022-02-02T19:00:00.0;0.020368123785866082
2022-02-02T20:00:00.0;5.328370882945462e-5
2022-02-02T21:00:00.0;0.0
2022-02-02T22:00:00.0;0.0
2022-02-02T23:00:00.0;0.0
2022-02-03T00:00:00.0;0.0
2022-02-03T01:00:00.0;0.0
2022-02-03T02:00:00.0;0.0
2022-02-03T03:00:00.0;0.0
2022-02-03T04:00:00.0;0.0
2022-02-03T05:00:00.0;1.5073590157441853e-5
2022-02-03T06:00:00.0;0.0014583408968635847
2022-02-03T07:00:00.0;0.007508735240001695
2022-02-03T08:00:00.0;0.02233144712053729
2022-02-03T09:00:00.0;0.08566274739408707
2022-02-03T10:00:00.0;0.2333882882590359
2022-02-03T11:00:00.0;0.40186320845941564
2022-02-03T12:00:00.0;0.5494230407803575
2022-02-03T13:00:00.0;0.6237027890605791
2022-02-03T14:00:00.0;0.6234998049786553
2022-02-03T15:00:00.0;0.551384047150675
2022-02-03T16:00:00.0;0.43027796809392405
2022-02-03T17:00:00.0;0.2669349356820674
2022-02-03T18:00:00.0;0.10959692648428983
2022-02-03T19:00:00.0;0.03129608325468376
2022-02-03T20:00:00.0;0.012854535696887544
2022-02-03T21:00:00.0;0.0027969133676587756
2022-02-03T22:00:00.0;7.95602161961832e-5
2022-02-03T23:00:00.0;0.0
2022-02-04T00:00:00.0;0.0
2022-02-04T01:00:00.0;0.0
2022-02-04T02:00:00.0;0.0
2022-02-04T03:00:00.0;0.0
2022-02-04T04:00:00.0;0.0
2022-02-04T05:00:00.0;0.0
2022-02-04T06:00:00.0;7.506208026126853e-5
2022-02-04T07:00:00.0;0.00164201811440793
2022-02-04T08:00:00.0;0.00891310267896856
2022-02-04T09:00:00.0;0.03897428288646591
2022-02-04T10:00:00.0;0.10288493574854116
2022-02-04T11:00:00.0;0.16110925042321333
2022-02-04T12:00:00.0;0.20912534050367912
2022-02-04T13:00:00.0;0.2327523874615553
2022-02-04T14:00:00.0;0.2305014725923716
2022-02-04T15:00:00.0;0.20152057361301945
2022-02-04T16:00:00.0;0.1544816355242583
2022-02-04T17:00:00.0;0.09664810373078007
2022-02-04T18:00:00.0;0.042386942647104034
2022-02-04T19:00:00.0;0.012487878578527154
2022-02-04T20:00:00.0;0.003858056103601945
2022-02-04T21:00:00.0;0.00018802558797083137
2022-02-04T22:00:00.0;0.0
2022-02-04T23:00:00.0;0.0
2022-02-05T00:00:00.0;0.0
2022-02-05T01:00:00.0;0.0
2022-02-05T02:00:00.0;0.0
2022-02-05T03:00:00.0;0.0
2022-02-05T04:00:00.0;0.0
2022-02-05T05:00:00.0;0.0
2022-02-05T06:00:00.0;0.00032384363316585317
2022-02-05T07:00:00.0;0.007084230946479514
2022-02-05T08:00:00.0;0.037402843154699744
2022-02-05T09:00:00.0;0.13588176301086757
2022-02-05T10:00:00.0;0.3365915312232278
2022-02-05T11:00:00.0;0.5801152564796673
2022-02-05T12:00:00.0;0.8305543800783894
2022-02-05T13:00:00.0;0.9461391876778074
2022-02-05T14:00:00.0;0.927648313805538
2022-02-05T15:00:00.0;0.7900504036091696
2022-02-05T16:00:00.0;0.6285394597699218
2022-02-05T17:00:00.0;0.3960875793540402
2022-02-05T18:00:00.0;0.16770484946896308
2022-02-05T19:00:00.0;0.0534544371107113
2022-02-05T20:00:00.0;0.016644981076987732
2022-02-05T21:00:00.0;0.0008112070612042311
2022-02-05T22:00:00.0;0.0
2022-02-05T23:00:00.0;0.0
2022-02-06T00:00:00.0;0.0
2022-02-06T01:00:00.0;0.0
2022-02-06T02:00:00.0;0.0
2022-02-06T03:00:00.0;0.0
2022-02-06T04:00:00.0;0.0
2022-02-06T05:00:00.0;0.0
2022-02-06T06:00:00.0;0.0
2022-02-06T07:00:00.0;0.0
2022-02-06T08:00:00.0;0.00170238117284351
2022-02-06T09:00:00.0;0.037148319394447155
2022-02-06T10:00:00.0;0.13111148528853966
2022-02-06T11:00:00.0;0.2196098510099692
2022-02-06T12:00:00.0;0.30114694576085627
2022-02-06T13:00:00.0;0.33658328543099536
2022-02-06T14:00:00.0;0.3369612273453885
2022-02-06T15:00:00.0;0.3004712074860353
2022-02-06T16:00:00.0;0.2301032375714909
2022-02-06T17:00:00.0;0.1372574479923636
2022-02-06T18:00:00.0;0.043645497472332505
2022-02-06T19:00:00.0;0.001122316463657299
2022-02-06T20:00:00.0;0.0
2022-02-06T21:00:00.0;0.0
2022-02-06T22:00:00.0;0.0
2022-02-06T23:00:00.0;0.0
2022-02-07T00:00:00.0;0.0
2022-02-07T01:00:00.0;0.0
2022-02-07T02:00:00.0;0.0
2022-02-07T03:00:00.0;0.0
2022-02-07T04:00:00.0;0.0
2022-02-07T05:00:00.0;0.0
2022-02-07T06:00:00.0;0.0008323954905660463
2022-02-07T07:00:00.0;0.01820904069143133
2022-02-07T08:00:00.0;0.09121019784725892
2022-02-07T09:00:00.0;0.24665641564557694
2022-02-07T10:00:00.0;0.4935399423914181
2022-02-07T11:00:00.0;0.8038856745212805
2022-02-07T12:00:00.0;1.1132573580285763
2022-02-07T13:00:00.0;1.269622956004657
2022-02-07T14:00:00.0;1.2331469269959627
2022-02-07T15:00:00.0;1.032520879806903
2022-02-07T16:00:00.0;0.8400152087364672
2022-02-07T17:00:00.0;0.5634886257408968
2022-02-07T18:00:00.0;0.2978525097358302
2022-02-07T19:00:00.0;0.13400437938113197
2022-02-07T20:00:00.0;0.04278363311822765
2022-02-07T21:00:00.0;0.0020850961096891994
2022-02-07T22:00:00.0;0.0
2022-02-07T23:00:00.0;0.0
2022-02-08T00:00:00.0;0.0
2022-02-08T01:00:00.0;0.0
2022-02-08T02:00:00.0;0.0
2022-02-08T03:00:00.0;0.0
2022-02-08T04:00:00.0;0.0
2022-02-08T05:00:00.0;0.0
2022-02-08T06:00:00.0;6.741654548886288e-5
2022-02-08T07:00:00.0;0.0014747684652251642
2022-02-08T08:00:00.0;0.010000754827801226
2022-02-08T09:00:00.0;0.07511369621914112
2022-02-08T10:00:00.0;0.23199252388971356
2022-02-08T11:00:00.0;0.37993570313613856
2022-02-08T12:00:00.0;0.5173001118676919
2022-02-08T13:00:00.0;0.5789344736073253
2022-02-08T14:00:00.0;0.5798165506847428
2022-02-08T15:00:00.0;0.5192947504829476
2022-02-08T16:00:00.0;0.4069498203604963
2022-02-08T17:00:00.0;0.2540243002528317
2022-02-08T18:00:00.0;0.09312905096229745
2022-02-08T19:00:00.0;0.01263097136729847
2022-02-08T20:00:00.0;0.003465089348733033
2022-02-08T21:00:00.0;0.000168874024812319
2022-02-08T22:00:00.0;0.0
2022-02-08T23:00:00.0;0.0
2022-02-09T00:00:00.0;0.0
2022-02-09T01:00:00.0;0.0
2022-02-09T02:00:00.0;0.0
2022-02-09T03:00:00.0;0.0
2022-02-09T04:00:00.0;0.0
2022-02-09T05:00:00.0;0.0
2022-02-09T06:00:00.0;0.0
2022-02-09T07:00:00.0;5.172678428495893e-6
2022-02-09T08:00:00.0;0.006602123555581125
2022-02-09T09:00:00.0;0.09102611671875624
2022-02-09T10:00:00.0;0.3000109571394984
2022-02-09T11:00:00.0;0.5013619980856893
2022-02-09T12:00:00.0;0.6867169794065316
2022-02-09T13:00:00.0;0.7709262390751556
2022-02-09T14:00:00.0;0.7681982636721905
2022-02-09T15:00:00.0;0.6810995475268837
2022-02-09T16:00:00.0;0.5317875660686544
2022-02-09T17:00:00.0;0.32852150372943634
2022-02-09T18:00:00.0;0.1137176916293367
2022-02-09T19:00:00.0;0.006273177595893643
2022-02-09T20:00:00.0;1.109646132192283e-5
2022-02-09T21:00:00.0;0.0
2022-02-09T22:00:00.0;0.0
2022-02-09T23:00:00.0;0.0
2022-02-10T00:00:00.0;0.0
2022-02-10T01:00:00.0;0.0
2022-02-10T02:00:00.0;0.0
2022-02-10T03:00:00.0;0.0
2022-02-10T04:00:00.0;0.0
2022-02-10T05:00:00.0;8.724063224983354e-5
2022-02-10T06:00:00.0;0.008440363612736047
2022-02-10T07:00:00.0;0.04345791565859617
2022-02-10T08:00:00.0;0.11699800913875026
2022-02-10T09:00:00.0;0.24138460694323932
2022-02-10T10:00:00.0;0.396056113634808
2022-02-10T11:00:00.0;0.5721836599913991
2022-02-10T12:00:00.0;0.7005116123358472
2022-02-10T13:00:00.0;0.7844151971121933
2022-02-10T14:00:00.0;0.7922707886242449
2022-02-10T15:00:00.0;0.7258825150684615
2022-02-10T16:00:00.0;0.6070472439735898
2022-02-10T17:00:00.0;0.4506485283597743
2022-02-10T18:00:00.0;0.3008473591520648
2022-02-10T19:00:00.0;0.17265979609663912
2022-02-10T20:00:00.0;0.07439752638629814
2022-02-10T21:00:00.0;0.01618754974720454
2022-02-10T22:00:00.0;0.00046046651729228196
2022-02-10T23:00:00.0;0.0
2022-02-11T00:00:00.0;0.0
2022-02-11T01:00:00.0;0.0
2022-02-11T02:00:00.0;0.0
2022-02-11T03:00:00.0;0.0
2022-02-11T04:00:00.0;0.0
2022-02-11T05:00:00.0;0.0
2022-02-11T06:00:00.0;0.0
2022-02-11T07:00:00.0;6.47566820532603e-6
2022-02-11T08:00:00.0;0.009320804113104124
2022-02-11T09:00:00.0;0.13378440962215493
2022-02-11T10:00:00.0;0.44866934834290834
2022-02-11T11:00:00.0;0.7616824557376594
2022-02-11T12:00:00.0;1.0515591746758535
2022-02-11T13:00:00.0;1.1844767064591155
2022-02-11T14:00:00.0;1.1823905733472846
2022-02-11T15:00:00.0;1.0505428581956453
2022-02-11T16:00:00.0;0.8226069819877744
2022-02-11T17:00:00.0;0.5075413355252492
2022-02-11T18:00:00.0;0.1734248483682151
2022-02-11T19:00:00.0;0.0086440618479302
2022-02-11T20:00:00.0;1.3891642940367405e-5
2022-02-11T21:00:00.0;0.0
2022-02-11T22:00:00.0;0.0
2022-02-11T23:00:00.0;0.0
2022-02-12T00:00:00.0;0.0
2022-02-12T01:00:00.0;0.0
2022-02-12T02:00:00.0;0.0
2022-02-12T03:00:00.0;0.0
2022-02-12T04:00:00.0;0.0
2022-02-12T05:00:00.0;7.921665736864018e-5
2022-02-12T06:00:00.0;0.007664059454109758
2022-02-12T07:00:00.0;0.03946086503389416
2022-02-12T08:00:00.0;0.10715055550855516
2022-02-12T09:00:00.0;0.2384609752583647
2022-02-12T10:00:00.0;0.4207027287759794
2022-02-12T11:00:00.0;0.6346114085923334
2022-02-12T12:00:00.0;0.8389949452622573
2022-02-12T13:00:00.0;0.9417193481277333
2022-02-12T14:00:00.0;0.9421729949765543
2022-02-12T15:00:00.0;0.84648592860267
2022-02-12T16:00:00.0;0.7048924914720657
2022-02-12T17:00:00.0;0.5017804116676411
2022-02-12T18:00:00.0;0.2971043469400692
2022-02-12T19:00:00.0;0.1573950461077559
2022-02-12T20:00:00.0;0.06755479877702274
2022-02-12T21:00:00.0;0.014698696569390884
2022-02-12T22:00:00.0;0.00041811501578317966
2022-02-12T23:00:00.0;0.0
2022-02-13T00:00:00.0;0.0
2022-02-13T01:00:00.0;0.0
2022-02-13T02:00:00.0;0.0
2022-02-13T03:00:00.0;0.0
2022-02-13T04:00:00.0;0.0
2022-02-13T05:00:00.0;0.0
2022-02-13T06:00:00.0;0.0001602529075939553
2022-02-13T07:00:00.0;0.003505607308509302
2022-02-13T08:00:00.0;0.021089953245321508
2022-02-13T09:00:00.0;0.12073860781718566
2022-02-13T10:00:00.0;0.346311602096585
2022-02-13T11:00:00.0;0.5514421713771684
2022-02-13T12:00:00.0;0.7373589234393112
2022-02-13T13:00:00.0;0.8233439958600403
2022-02-13T14:00:00.0;0.8262702477955327
2022-02-13T15:00:00.0;0.7455073840536633
2022-02-13T16:00:00.0;0.591276722085498
2022-02-13T17:00:00.0;0.38026565234850795
2022-02-13T18:00:00.0;0.151627692860403
2022-02-13T19:00:00.0;0.02823512203214913
2022-02-13T20:00:00.0;0.008236711614050986
2022-02-13T21:00:00.0;0.0004014230230431871
2022-02-13T22:00:00.0;0.0
2022-02-13T23:00:00.0;0.0
2022-02-14T00:00:00.0;0.0
2022-02-14T01:00:00.0;0.0
2022-02-14T02:00:00.0;0.0
2022-02-14T03:00:00.0;0.0
2022-02-14T04:00:00.0;0.0
2022-02-14T05:00:00.0;0.0
2022-02-14T06:00:00.0;0.00034898037274557565
2022-02-14T07:00:00.0;0.007634108881961628
2022-02-14T08:00:00.0;0.04039235060081063
2022-02-14T09:00:00.0;0.14873127681243456
2022-02-14T10:00:00.0;0.3562318921212799
2022-02-14T11:00:00.0;0.5384737572357122
2022-02-14T12:00:00.0;0.691775664540613
2022-02-14T13:00:00.0;0.7703161039537153
2022-02-14T14:00:00.0;0.7690290801713053
2022-02-14T15:00:00.0;0.6894378152500098
2022-02-14T16:00:00.0;0.5546109475511675
2022-02-14T17:00:00.0;0.3749810789244342
2022-02-14T18:00:00.0;0.1809614979420424
2022-02-14T19:00:00.0;0.05764771403083963
2022-02-14T20:00:00.0;0.01793696434234151
2022-02-14T21:00:00.0;0.0008741729452124545
2022-02-14T22:00:00.0;0.0
2022-02-14T23:00:00.0;0.0
2022-02-15T00:00:00.0;0.0
2022-02-15T01:00:00.0;0.0
2022-02-15T02:00:00.0;0.0
2022-02-15T03:00:00.0;0.0
2022-02-15T04:00:00.0;0.0
2022-02-15T05:00:00.0;6.895629223979743e-5
2022-02-15T06:00:00.0;0.006671388834313381
2022-02-15T07:00:00.0;0.03435853465957311
2022-02-15T08:00:00.0;0.09740130913069124
2022-02-15T09:00:00.0;0.21705888621289685
2022-02-15T10:00:00.0;0.3561194323838442
2022-02-15T11:00:00.0;0.4810363399491599
2022-02-15T12:00:00.0;0.5698267951190472
2022-02-15T13:00:00.0;0.6271819756786753
2022-02-15T14:00:00.0;0.6255183065451793
2022-02-15T15:00:00.0;0.5678599157580988
2022-02-15T16:00:00.0;0.481937914381568
2022-02-15T17:00:00.0;0.37364891683610196
2022-02-15T18:00:00.0;0.25900318633657154
2022-02-15T19:00:00.0;0.14271405156198028
2022-02-15T20:00:00.0;0.05882368594813981
2022-02-15T21:00:00.0;0.012794879888283081
2022-02-15T22:00:00.0;0.0003639595784005671
2022-02-15T23:00:00.0;0.0
2022-02-16T00:00:00.0;0.0
2022-02-16T01:00:00.0;0.0
2022-02-16T02:00:00.0;0.0
2022-02-16T03:00:00.0;0.0
2022-02-16T04:00:00.0;0.0
2022-02-16T05:00:00.0;0.0
2022-02-16T06:00:00.0;0.00040521722609303024
2022-02-16T07:00:00.0;0.0088643163525301
2022-02-16T08:00:00.0;0.04396407456367739
2022-02-16T09:00:00.0;0.1135658600160293
2022-02-16T10:00:00.0;0.20880350540255863
2022-02-16T11:00:00.0;0.2852658372853702
2022-02-16T12:00:00.0;0.3327946725424907
2022-02-16T13:00:00.0;0.36775625697427194
2022-02-16T14:00:00.0;0.3607585205117325
2022-02-16T15:00:00.0;0.31443863533955296
2022-02-16T16:00:00.0;0.25836815824012516
2022-02-16T17:00:00.0;0.1934079299855475
2022-02-16T18:00:00.0;0.1292841887857331
2022-02-16T19:00:00.0;0.06485721288135599
2022-02-16T20:00:00.0;0.020827437595271947
2022-02-16T21:00:00.0;0.0010150425744510762
2022-02-16T22:00:00.0;0.0
2022-02-16T23:00:00.0;0.0
2022-02-17T00:00:00.0;0.0
2022-02-17T01:00:00.0;0.0
2022-02-17T02:00:00.0;0.0
2022-02-17T03:00:00.0;0.0
2022-02-17T04:00:00.0;0.0
2022-02-17T05:00:00.0;0.0
2022-02-17T06:00:00.0;0.0006937320846849317
2022-02-17T07:00:00.0;0.015175713830920987
2022-02-17T08:00:00.0;0.07562492485062952
2022-02-17T09:00:00.0;0.19931818921916222
2022-02-17T10:00:00.0;0.37246001461889716
2022-02-17T11:00:00.0;0.5116447261899072
2022-02-17T12:00:00.0;0.6041591428738613
2022-02-17T13:00:00.0;0.6685795859780448
2022-02-17T14:00:00.0;0.6595400043013806
2022-02-17T15:00:00.0;0.582503432867953
2022-02-17T16:00:00.0;0.48404060857164843
2022-02-17T17:00:00.0;0.3630613546434631
2022-02-17T18:00:00.0;0.23378535916799903
2022-02-17T19:00:00.0;0.11135662604308595
2022-02-17T20:00:00.0;0.035656583114500144
2022-02-17T21:00:00.0;0.001737753372449772
2022-02-17T22:00:00.0;0.0
2022-02-17T23:00:00.0;0.0
2022-02-18T00:00:00.0;0.0
2022-02-18T01:00:00.0;0.0
2022-02-18T02:00:00.0;0.0
2022-02-18T03:00:00.0;0.0
2022-02-18T04:00:00.0;0.0
2022-02-18T05:00:00.0;0.0
2022-02-18T06:00:00.0;0.0008671076101806686
2022-02-18T07:00:00.0;0.018968384543857377
2022-02-18T08:00:00.0;0.093387364830184
2022-02-18T09:00:00.0;0.2256362457566873
2022-02-18T10:00:00.0;0.38365571821185823
2022-02-18T11:00:00.0;0.503183884222434
2022-02-18T12:00:00.0;0.5670665620202201
2022-02-18T13:00:00.0;0.6252206713501745
2022-02-18T14:00:00.0;0.6123722325336414
2022-02-18T15:00:00.0;0.5359560818718947
2022-02-18T16:00:00.0;0.45430818200533346
2022-02-18T17:00:00.0;0.36069909240717907
2022-02-18T18:00:00.0;0.2615696317708083
2022-02-18T19:00:00.0;0.13839819560231847
2022-02-18T20:00:00.0;0.04456777371867483
2022-02-18T21:00:00.0;0.0021720476926660563
2022-02-18T22:00:00.0;0.0
2022-02-18T23:00:00.0;0.0
2022-02-19T00:00:00.0;0.0
2022-02-19T01:00:00.0;0.0
2022-02-19T02:00:00.0;0.0
2022-02-19T03:00:00.0;0.0
2022-02-19T04:00:00.0;0.0
2022-02-19T05:00:00.0;0.0
2022-02-19T06:00:00.0;0.0
2022-02-19T07:00:00.0;0.0
2022-02-19T08:00:00.0;0.004281093067279876
2022-02-19T09:00:00.0;0.08861240738218379
2022-02-19T10:00:00.0;0.30900147509405224
2022-02-19T11:00:00.0;0.5145588159341772
2022-02-19T12:00:00.0;0.7097189722545639
2022-02-19T13:00:00.0;0.7940807277415974
2022-02-19T14:00:00.0;0.7997287855719301
2022-02-19T15:00:00.0;0.7242949601423959
2022-02-19T16:00:00.0;0.5676053745128179
2022-02-19T17:00:00.0;0.35017792301846945
2022-02-19T18:00:00.0;0.11511425429437129
2022-02-19T19:00:00.0;0.0029615403537670898
2022-02-19T20:00:00.0;0.0
2022-02-19T21:00:00.0;0.0
2022-02-19T22:00:00.0;0.0
2022-02-19T23:00:00.0;0.0
2022-02-20T00:00:00.0;0.0
2022-02-20T01:00:00.0;0.0
2022-02-20T02:00:00.0;0.0
2022-02-20T03:00:00.0;0.0
2022-02-20T04:00:00.0;0.0
2022-02-20T05:00:00.0;0.0
2022-02-20T06:00:00.0;6.941201576305422e-6
2022-02-20T07:00:00.0;0.00015184203108119089
2022-02-20T08:00:00.0;0.0031464766820240003
2022-02-20T09:00:00.0;0.05282996535734354
2022-02-20T10:00:00.0;0.18212258646265003
2022-02-20T11:00:00.0;0.30310645317989676
2022-02-20T12:00:00.0;0.4157931083156684
2022-02-20T13:00:00.0;0.46488497280894137
2022-02-20T14:00:00.0;0.4666083853185719
2022-02-20T15:00:00.0;0.4190739433810429
2022-02-20T16:00:00.0;0.32484339370205745
2022-02-20T17:00:00.0;0.19768269875200067
2022-02-20T18:00:00.0;0.06507190655350242
2022-02-20T19:00:00.0;0.0027277182692797748
2022-02-20T20:00:00.0;0.00035676529366872106
2022-02-20T21:00:00.0;1.7387254697260534e-5
2022-02-20T22:00:00.0;0.0
2022-02-20T23:00:00.0;0.0
2022-02-21T00:00:00.0;0.0
2022-02-21T01:00:00.0;0.0
2022-02-21T02:00:00.0;0.0
2022-02-21T03:00:00.0;0.0
2022-02-21T04:00:00.0;0.0
2022-02-21T05:00:00.0;0.0
2022-02-21T06:00:00.0;0.0004740933252121795
2022-02-21T07:00:00.0;0.010371013236092966
2022-02-21T08:00:00.0;0.05111817035058417
2022-02-21T09:00:00.0;0.12597079648856277
2022-02-21T10:00:00.0;0.21999041589208052
2022-02-21T11:00:00.0;0.2930785840774231
2022-02-21T12:00:00.0;0.3335375544714859
2022-02-21T13:00:00.0;0.3678632483002682
2022-02-21T14:00:00.0;0.3595520395057408
2022-02-21T15:00:00.0;0.31200326570462916
2022-02-21T16:00:00.0;0.2593425390712033
2022-02-21T17:00:00.0;0.20053583641423553
2022-02-21T18:00:00.0;0.143029465843874
2022-02-21T19:00:00.0;0.07566957086537124
2022-02-21T20:00:00.0;0.024367545379042496
2022-02-21T21:00:00.0;0.0011875726853797716
2022-02-21T22:00:00.0;0.0
2022-02-21T23:00:00.0;0.0
2022-02-22T00:00:00.0;0.0
2022-02-22T01:00:00.0;0.0
2022-02-22T02:00:00.0;0.0
2022-02-22T03:00:00.0;0.0
2022-02-22T04:00:00.0;0.0
2022-02-22T05:00:00.0;5.726257172092e-5
2022-02-22T06:00:00.0;0.0055400438334840645
2022-02-22T07:00:00.0;0.028524690251162225
2022-02-22T08:00:00.0;0.07688465872547602
2022-02-22T09:00:00.0;0.16230726907720444
2022-02-22T10:00:00.0;0.26259029204665413
2022-02-22T11:00:00.0;0.35074882632462206
2022-02-22T12:00:00.0;0.4122460903703718
2022-02-22T13:00:00.0;0.45166432050255056
2022-02-22T14:00:00.0;0.4595331538227151
2022-02-22T15:00:00.0;0.4322909268183225
2022-02-22T16:00:00.0;0.36687830084574397
2022-02-22T17:00:00.0;0.2836243431800484
2022-02-22T18:00:00.0;0.1967075090697739
2022-02-22T19:00:00.0;0.11332957708272554
2022-02-22T20:00:00.0;0.048832677855364395
2022-02-22T21:00:00.0;0.010625103285940813
2022-02-22T22:00:00.0;0.00030223871940797235
2022-02-22T23:00:00.0;0.0
2022-02-23T00:00:00.0;0.0
2022-02-23T01:00:00.0;0.0
2022-02-23T02:00:00.0;0.0
2022-02-23T03:00:00.0;0.0
2022-02-23T04:00:00.0;0.0
2022-02-23T05:00:00.0;6.896593302032731e-5
2022-02-23T06:00:00.0;0.007420931158836012
2022-02-23T07:00:00.0;0.05073076991360337
2022-02-23T08:00:00.0;0.17306318950343205
2022-02-23T09:00:00.0;0.3831444580007801
2022-02-23T10:00:00.0;0.629364545478719
2022-02-23T11:00:00.0;0.8746488701527699
2022-02-23T12:00:00.0;1.0692956227404886
2022-02-23T13:00:00.0;1.1920124875750013
2022-02-23T14:00:00.0;1.1813012565700163
2022-02-23T15:00:00.0;1.0506090216352102
2022-02-23T16:00:00.0;0.8937670329791466
2022-02-23T17:00:00.0;0.6825526855347451
2022-02-23T18:00:00.0;0.4636744111013445
2022-02-23T19:00:00.0;0.25597679302893717
2022-02-23T20:00:00.0;0.09729032072241826
2022-02-23T21:00:00.0;0.014671886683550356
2022-02-23T22:00:00.0;0.00036401046359614726
2022-02-23T23:00:00.0;0.0
2022-02-24T00:00:00.0;0.0
2022-02-24T01:00:00.0;0.0
2022-02-24T02:00:00.0;0.0
2022-02-24T03:00:00.0;0.0
2022-02-24T04:00:00.0;0.0
2022-02-24T05:00:00.0;0.0
2022-02-24T06:00:00.0;0.000524620369723147
2022-02-24T07:00:00.0;0.011476315967721555
2022-02-24T08:00:00.0;0.05744775014408358
2022-02-24T09:00:00.0;0.15665244516479976
2022-02-24T10:00:00.0;0.30279524346574144
2022-02-24T11:00:00.0;0.4224968407281446
2022-02-24T12:00:00.0;0.5054172479122112
2022-02-24T13:00:00.0;0.5597933346820541
2022-02-24T14:00:00.0;0.5527285950286737
2022-02-24T15:00:00.0;0.4879472280018521
2022-02-24T16:00:00.0;0.40158889325117425
2022-02-24T17:00:00.0;0.29505304331022575
2022-02-24T18:00:00.0;0.1830833392665673
2022-02-24T19:00:00.0;0.08437272290993514
2022-02-24T20:00:00.0;0.026964544713380036
2022-02-24T21:00:00.0;0.0013141396179712356
2022-02-24T22:00:00.0;0.0
2022-02-24T23:00:00.0;0.0
2022-02-25T00:00:00.0;0.0
2022-02-25T01:00:00.0;0.0
2022-02-25T02:00:00.0;0.0
2022-02-25T03:00:00.0;0.0
2022-02-25T04:00:00.0;0.0
2022-02-25T05:00:00.0;0.0
2022-02-25T06:00:00.0;0.0009662782963439262
2022-02-25T07:00:00.0;0.021137789688659325
2022-02-25T08:00:00.0;0.10626968391447422
2022-02-25T09:00:00.0;0.2950181798413975
2022-02-25T10:00:00.0;0.5778490780168105
2022-02-25T11:00:00.0;0.809706925923591
2022-02-25T12:00:00.0;0.9771583615823052
2022-02-25T13:00:00.0;1.0833762080065292
2022-02-25T14:00:00.0;1.0739124990498652
2022-02-25T15:00:00.0;0.9567402316155131
2022-02-25T16:00:00.0;0.7935851131870924
2022-02-25T17:00:00.0;0.5841172082687703
2022-02-25T18:00:00.0;0.352908153051078
2022-02-25T19:00:00.0;0.1558075307650447
2022-02-25T20:00:00.0;0.049664968863264644
2022-02-25T21:00:00.0;0.0024204637572144143
2022-02-25T22:00:00.0;0.0
2022-02-25T23:00:00.0;0.0
2022-02-26T00:00:00.0;0.0
2022-02-26T01:00:00.0;0.0
2022-02-26T02:00:00.0;0.0
2022-02-26T03:00:00.0;0.0
2022-02-26T04:00:00.0;0.0
2022-02-26T05:00:00.0;8.744663027561398e-5
2022-02-26T06:00:00.0;0.008460293526083231
2022-02-26T07:00:00.0;0.04366322909261424
2022-02-26T08:00:00.0;0.1741569509402742
2022-02-26T09:00:00.0;0.5119411777115443
2022-02-26T10:00:00.0;0.9125110712244408
2022-02-26T11:00:00.0;1.309073598718939
2022-02-26T12:00:00.0;1.6131264499914066
2022-02-26T13:00:00.0;1.805473678874129
2022-02-26T14:00:00.0;1.6792466167646203
2022-02-26T15:00:00.0;1.313866172293638
2022-02-26T16:00:00.0;1.0921214365432061
2022-02-26T17:00:00.0;0.8304227890533038
2022-02-26T18:00:00.0;0.5602574857695873
2022-02-26T19:00:00.0;0.24630054393435005
2022-02-26T20:00:00.0;0.07479350661177267
2022-02-26T21:00:00.0;0.016225772799974236
2022-02-26T22:00:00.0;0.0004615537995718116
2022-02-26T23:00:00.0;0.0
2022-02-27T00:00:00.0;0.0
2022-02-27T01:00:00.0;0.0
2022-02-27T02:00:00.0;0.0
2022-02-27T03:00:00.0;0.0
2022-02-27T04:00:00.0;0.0
2022-02-27T05:00:00.0;9.170338030117269e-5
2022-02-27T06:00:00.0;0.009724082454892983
2022-02-27T07:00:00.0;0.06431792996110834
2022-02-27T08:00:00.0;0.21559275144766096
2022-02-27T09:00:00.0;0.4897204886334826
2022-02-27T10:00:00.0;0.8391356851417808
2022-02-27T11:00:00.0;1.2171495765590392
2022-02-27T12:00:00.0;1.550479366116895
2022-02-27T13:00:00.0;1.7390183564894584
2022-02-27T14:00:00.0;1.7223844305965548
2022-02-27T15:00:00.0;1.5228416244758007
2022-02-27T16:00:00.0;1.283514202194922
2022-02-27T17:00:00.0;0.9471417253944429
2022-02-27T18:00:00.0;0.6003526115181949
2022-02-27T19:00:00.0;0.3181548642441025
2022-02-27T20:00:00.0;0.1219923281005647
2022-02-27T21:00:00.0;0.01914971048234104
2022-02-27T22:00:00.0;0.00048402143659717926
2022-02-27T23:00:00.0;0.0
2022-02-28T00:00:00.0;0.0
2022-02-28T01:00:00.0;0.0
2022-02-28T02:00:00.0;0.0
2022-02-28T03:00:00.0;0.0
2022-02-28T04:00:00.0;0.0
2022-02-28T05:00:00.0;0.0
2022-02-28T06:00:00.0;0.0016823811761239346
2022-02-28T07:00:00.0;0.03683559274480177
2022-02-28T08:00:00.0;0.1992179608598845
2022-02-28T09:00:00.0;0.5177101077558344
2022-02-28T10:00:00.0;0.9029877762565236
2022-02-28T11:00:00.0;1.2791074492947383
2022-02-28T12:00:00.0;1.566062328010106
2022-02-28T13:00:00.0;1.7584777813177088
2022-02-28T14:00:00.0;1.6760772702674216
2022-02-28T15:00:00.0;1.3741253746630044
2022-02-28T16:00:00.0;1.1535438239171556
2022-02-28T17:00:00.0;0.8757463407516551
2022-02-28T18:00:00.0;0.5936684098649699
2022-02-28T19:00:00.0;0.2919087977923913
2022-02-28T20:00:00.0;0.086541556700618
2022-02-28T21:00:00.0;0.004214254504147893
2022-02-28T22:00:00.0;0.0
2022-02-28T23:00:00.0;0.0
2022-03-01T00:00:00.0;0.0
2022-03-01T01:00:00.0;0.0
2022-03-01T02:00:00.0;0.0
2022-03-01T03:00:00.0;0.0
2022-03-01T04:00:00.0;0.0
2022-03-01T05:00:00.0;8.116061386229332e-5
2022-03-01T06:00:00.0;0.007852133511239291
2022-03-01T07:00:00.0;0.040527817525347384
2022-03-01T08:00:00.0;0.16345393676899803
2022-03-01T09:00:00.0;0.4838981771407744
2022-03-01T10:00:00.0;0.8614544357183888
2022-03-01T11:00:00.0;1.1946500562184228
2022-03-01T12:00:00.0;1.4029512371872481
2022-03-01T13:00:00.0;1.559389246153364
2022-03-01T14:00:00.0;1.4505709884873086
2022-03-01T15:00:00.0;1.143342052575376
2022-03-01T16:00:00.0;0.9520612565241671
2022-03-01T17:00:00.0;0.746606636059565
2022-03-01T18:00:00.0;0.5276088537893285
2022-03-01T19:00:00.0;0.2309325642833475
2022-03-01T20:00:00.0;0.06942407847578964
2022-03-01T21:00:00.0;0.01505939882057696
2022-03-01T22:00:00.0;0.00042837545123986887
2022-03-01T23:00:00.0;0.0
2022-03-02T00:00:00.0;0.0
2022-03-02T01:00:00.0;0.0
2022-03-02T02:00:00.0;0.0
2022-03-02T03:00:00.0;0.0
2022-03-02T04:00:00.0;0.0
2022-03-02T05:00:00.0;7.838023264538851e-5
2022-03-02T06:00:00.0;0.007583136968601985
2022-03-02T07:00:00.0;0.03916555855329315
2022-03-02T08:00:00.0;0.17233552751625886
2022-03-02T09:00:00.0;0.536257137149896
2022-03-02T10:00:00.0;0.9660185355142601
2022-03-02T11:00:00.0;1.368395784240885
2022-03-02T12:00:00.0;1.6574074471565547
2022-03-02T13:00:00.0;1.8505346699811913
2022-03-02T14:00:00.0;1.7044315224898279
2022-03-02T15:00:00.0;1.308334213089026
2022-03-02T16:00:00.0;1.0860279149828778
2022-03-02T17:00:00.0;0.8373438869015289
2022-03-02T18:00:00.0;0.5757353751774514
2022-03-02T19:00:00.0;0.24165689890373648
2022-03-02T20:00:00.0;0.06710182639933115
2022-03-02T21:00:00.0;0.014543497478459792
2022-03-02T22:00:00.0;0.0004137002658053265
2022-03-02T23:00:00.0;0.0
2022-03-03T00:00:00.0;0.0
2022-03-03T01:00:00.0;0.0
2022-03-03T02:00:00.0;0.0
2022-03-03T03:00:00.0;0.0
2022-03-03T04:00:00.0;0.0
2022-03-03T05:00:00.0;5.825461195851824e-5
2022-03-03T06:00:00.0;0.005870153561033801
2022-03-03T07:00:00.0;0.04590215709091368
2022-03-03T08:00:00.0;0.19378962374024022
2022-03-03T09:00:00.0;0.49188764774543153
2022-03-03T10:00:00.0;0.8493729914918833
2022-03-03T11:00:00.0;1.2102865208101394
2022-03-03T12:00:00.0;1.4940594344989866
2022-03-03T13:00:00.0;1.6819424226179296
2022-03-03T14:00:00.0;1.7070675914442763
2022-03-03T15:00:00.0;1.5776864080067516
2022-03-03T16:00:00.0;1.3419101393552362
2022-03-03T17:00:00.0;1.0281318845931464
2022-03-03T18:00:00.0;0.6968729518235419
2022-03-03T19:00:00.0;0.3595168518894103
2022-03-03T20:00:00.0;0.11888639272968612
2022-03-03T21:00:00.0;0.013186515816694173
2022-03-03T22:00:00.0;0.0003074748267290715
2022-03-03T23:00:00.0;0.0
2022-03-04T00:00:00.0;0.0
2022-03-04T01:00:00.0;0.0
2022-03-04T02:00:00.0;0.0
2022-03-04T03:00:00.0;0.0
2022-03-04T04:00:00.0;0.0
2022-03-04T05:00:00.0;5.497645336265373e-5
2022-03-04T06:00:00.0;0.0055451651925830766
2022-03-04T07:00:00.0;0.04371476710543673
2022-03-04T08:00:00.0;0.19129445946152382
2022-03-04T09:00:00.0;0.4992814604135813
2022-03-04T10:00:00.0;0.8679758184071524
2022-03-04T11:00:00.0;1.2319954918685734
2022-03-04T12:00:00.0;1.5112497924398907
2022-03-04T13:00:00.0;1.6995274401491374
2022-03-04T14:00:00.0;1.7118105154967351
2022-03-04T15:00:00.0;1.562580829601097
2022-03-04T16:00:00.0;1.3273873430993937
2022-03-04T17:00:00.0;1.0205024410552714
2022-03-04T18:00:00.0;0.6951441465402612
2022-03-04T19:00:00.0;0.35228425539209623
2022-03-04T20:00:00.0;0.11379783892366367
2022-03-04T21:00:00.0;0.012498718299408872
2022-03-04T22:00:00.0;0.0002901723126041539
2022-03-04T23:00:00.0;0.0
2022-03-05T00:00:00.0;0.0
2022-03-05T01:00:00.0;0.0
2022-03-05T02:00:00.0;0.0
2022-03-05T03:00:00.0;0.0
2022-03-05T04:00:00.0;0.0
2022-03-05T05:00:00.0;7.502280779053581e-5
2022-03-05T06:00:00.0;0.007431418295302225
2022-03-05T07:00:00.0;0.04988080340557202
2022-03-05T08:00:00.0;0.2007284782680311
2022-03-05T09:00:00.0;0.5212444691149867
2022-03-05T10:00:00.0;0.9013050519399535
2022-03-05T11:00:00.0;1.2741039509549714
2022-03-05T12:00:00.0;1.5590226043173891
2022-03-05T13:00:00.0;1.748535200950217
2022-03-05T14:00:00.0;1.7382017739152913
2022-03-05T15:00:00.0;1.55276891350279
2022-03-05T16:00:00.0;1.3173026237851557
2022-03-05T17:00:00.0;1.013886393098388
2022-03-05T18:00:00.0;0.6915567963405423
2022-03-05T19:00:00.0;0.34784525972926633
2022-03-05T20:00:00.0;0.11520375123998931
2022-03-05T21:00:00.0;0.015678215242419212
2022-03-05T22:00:00.0;0.00039597937486133037
2022-03-05T23:00:00.0;0.0
2022-03-06T00:00:00.0;0.0
2022-03-06T01:00:00.0;0.0
2022-03-06T02:00:00.0;0.0
2022-03-06T03:00:00.0;0.0
2022-03-06T04:00:00.0;0.0
2022-03-06T05:00:00.0;0.0
2022-03-06T06:00:00.0;0.0018461299863058716
2022-03-06T07:00:00.0;0.040389011016579
2022-03-06T08:00:00.0;0.20132019046203276
2022-03-06T09:00:00.0;0.4914024576538994
2022-03-06T10:00:00.0;0.8469947635406848
2022-03-06T11:00:00.0;1.1426212095019388
2022-03-06T12:00:00.0;1.3149528459018103
2022-03-06T13:00:00.0;1.4617108166866266
2022-03-06T14:00:00.0;1.4299718797906045
2022-03-06T15:00:00.0;1.2440879370075815
2022-03-06T16:00:00.0;1.0534562179519749
2022-03-06T17:00:00.0;0.8241505678751744
2022-03-06T18:00:00.0;0.579985800183232
2022-03-06T19:00:00.0;0.29786285735742973
2022-03-06T20:00:00.0;0.09489646222559386
2022-03-06T21:00:00.0;0.004624434533888818
2022-03-06T22:00:00.0;0.0
2022-03-06T23:00:00.0;0.0
2022-03-07T00:00:00.0;0.0
2022-03-07T01:00:00.0;0.0
2022-03-07T02:00:00.0;0.0
2022-03-07T03:00:00.0;0.0
2022-03-07T04:00:00.0;0.0
2022-03-07T05:00:00.0;0.0
2022-03-07T06:00:00.0;0.00027208151157620607
2022-03-07T07:00:00.0;0.01965720631382739
2022-03-07T08:00:00.0;0.1551316803379246
2022-03-07T09:00:00.0;0.4842349850162381
2022-03-07T10:00:00.0;0.8809812238898316
2022-03-07T11:00:00.0;1.2307153152481847
2022-03-07T12:00:00.0;1.4610318799000703
2022-03-07T13:00:00.0;1.6409895640788708
2022-03-07T14:00:00.0;1.6254032210613467
2022-03-07T15:00:00.0;1.4424941399854847
2022-03-07T16:00:00.0;1.219864179643828
2022-03-07T17:00:00.0;0.9566323884858702
2022-03-07T18:00:00.0;0.6703481353784685
2022-03-07T19:00:00.0;0.310440736783612
2022-03-07T20:00:00.0;0.08050552192083472
2022-03-07T21:00:00.0;0.0027626752327112297
2022-03-07T22:00:00.0;0.0
2022-03-07T23:00:00.0;0.0
2022-03-08T00:00:00.0;0.0
2022-03-08T01:00:00.0;0.0
2022-03-08T02:00:00.0;0.0
2022-03-08T03:00:00.0;0.0
2022-03-08T04:00:00.0;0.0
2022-03-08T05:00:00.0;0.0
2022-03-08T06:00:00.0;0.0014934108002782856
2022-03-08T07:00:00.0;0.03847317472678996
2022-03-08T08:00:00.0;0.19849411132082287
2022-03-08T09:00:00.0;0.4839389926702305
2022-03-08T10:00:00.0;0.8209962950945779
2022-03-08T11:00:00.0;1.1081269571082966
2022-03-08T12:00:00.0;1.2943596222959999
2022-03-08T13:00:00.0;1.4435901863006921
2022-03-08T14:00:00.0;1.4490165288806096
2022-03-08T15:00:00.0;1.319991956740616
2022-03-08T16:00:00.0;1.1298921540803608
2022-03-08T17:00:00.0;0.8897225819611854
2022-03-08T18:00:00.0;0.6295193920266922
2022-03-08T19:00:00.0;0.3316969432000625
2022-03-08T20:00:00.0;0.10500700449494953
2022-03-08T21:00:00.0;0.004626564784510756
2022-03-08T22:00:00.0;0.0
2022-03-08T23:00:00.0;0.0
2022-03-09T00:00:00.0;0.0
2022-03-09T01:00:00.0;0.0
2022-03-09T02:00:00.0;0.0
2022-03-09T03:00:00.0;0.0
2022-03-09T04:00:00.0;0.0
2022-03-09T05:00:00.0;0.0
2022-03-09T06:00:00.0;0.0007788462930217167
2022-03-09T07:00:00.0;0.034136668072349705
2022-03-09T08:00:00.0;0.19511584100518237
2022-03-09T09:00:00.0;0.4970881366448453
2022-03-09T10:00:00.0;0.8623474370017942
2022-03-09T11:00:00.0;1.205456813217776
2022-03-09T12:00:00.0;1.4540863223236278
2022-03-09T13:00:00.0;1.6394449894619447
2022-03-09T14:00:00.0;1.7121003544184223
2022-03-09T15:00:00.0;1.6577727136915061
2022-03-09T16:00:00.0;1.4196157366547375
2022-03-09T17:00:00.0;1.102507039477866
2022-03-09T18:00:00.0;0.7616673227720333
2022-03-09T19:00:00.0;0.39927803045681637
2022-03-09T20:00:00.0;0.12325158017361122
2022-03-09T21:00:00.0;0.004560156882133145
2022-03-09T22:00:00.0;0.0
2022-03-09T23:00:00.0;0.0
2022-03-10T00:00:00.0;0.0
2022-03-10T01:00:00.0;0.0
2022-03-10T02:00:00.0;0.0
2022-03-10T03:00:00.0;0.0
2022-03-10T04:00:00.0;0.0
2022-03-10T05:00:00.0;8.077408982766023e-5
2022-03-10T06:00:00.0;0.008067525783075858
2022-03-10T07:00:00.0;0.05843781680665886
2022-03-10T08:00:00.0;0.21800611174458454
2022-03-10T09:00:00.0;0.5083484207090802
2022-03-10T10:00:00.0;0.8489461872810344
2022-03-10T11:00:00.0;1.1746469017244399
2022-03-10T12:00:00.0;1.4196008421276431
2022-03-10T13:00:00.0;1.5893712814647698
2022-03-10T14:00:00.0;1.6601903191685083
2022-03-10T15:00:00.0;1.6157253543847905
2022-03-10T16:00:00.0;1.388792077274983
2022-03-10T17:00:00.0;1.0799584955305381
2022-03-10T18:00:00.0;0.7441228223916418
2022-03-10T19:00:00.0;0.4039739738963595
2022-03-10T20:00:00.0;0.14354637479111432
2022-03-10T21:00:00.0;0.01755444810259456
2022-03-10T22:00:00.0;0.0004263353310402861
2022-03-10T23:00:00.0;0.0
2022-03-11T00:00:00.0;0.0
2022-03-11T01:00:00.0;0.0
2022-03-11T02:00:00.0;0.0
2022-03-11T03:00:00.0;0.0
2022-03-11T04:00:00.0;0.0
2022-03-11T05:00:00.0;0.0
2022-03-11T06:00:00.0;0.0014646476506665483
2022-03-11T07:00:00.0;0.03203985241613989
2022-03-11T08:00:00.0;0.15847644959226626
2022-03-11T09:00:00.0;0.39359034670482906
2022-03-11T10:00:00.0;0.6892585640579661
2022-03-11T11:00:00.0;0.9167483842456995
2022-03-11T12:00:00.0;1.0525022640728376
2022-03-11T13:00:00.0;1.162497527828703
2022-03-11T14:00:00.0;1.1444323938894687
2022-03-11T15:00:00.0;1.011699023119049
2022-03-11T16:00:00.0;0.858433250201803
2022-03-11T17:00:00.0;0.6721558333846565
2022-03-11T18:00:00.0;0.4646045032796418
2022-03-11T19:00:00.0;0.23435788191468704
2022-03-11T20:00:00.0;0.0752802585354944
2022-03-11T21:00:00.0;0.003668846303328132
2022-03-11T22:00:00.0;0.0
2022-03-11T23:00:00.0;0.0
2022-03-12T00:00:00.0;0.0
2022-03-12T01:00:00.0;0.0
2022-03-12T02:00:00.0;0.0
2022-03-12T03:00:00.0;0.0
2022-03-12T04:00:00.0;0.0
2022-03-12T05:00:00.0;0.0
2022-03-12T06:00:00.0;0.0014523495748880262
2022-03-12T07:00:00.0;0.03177082625632115
2022-03-12T08:00:00.0;0.15961920494486492
2022-03-12T09:00:00.0;0.4396749227618817
2022-03-12T10:00:00.0;0.8542125002634581
2022-03-12T11:00:00.0;1.1921657194895163
2022-03-12T12:00:00.0;1.4358182425013082
2022-03-12T13:00:00.0;1.5918440017039983
2022-03-12T14:00:00.0;1.5789594454751568
2022-03-12T15:00:00.0;1.4098963757732257
2022-03-12T16:00:00.0;1.1750081455308985
2022-03-12T17:00:00.0;0.8707109535099619
2022-03-12T18:00:00.0;0.5292243232672988
2022-03-12T19:00:00.0;0.23415342503886385
2022-03-12T20:00:00.0;0.0746481595295151
2022-03-12T21:00:00.0;0.003638040430094698
2022-03-12T22:00:00.0;0.0
2022-03-12T23:00:00.0;0.0
2022-03-13T00:00:00.0;0.0
2022-03-13T01:00:00.0;0.0
2022-03-13T02:00:00.0;0.0
2022-03-13T03:00:00.0;0.0
2022-03-13T04:00:00.0;0.0
2022-03-13T05:00:00.0;0.0
2022-03-13T06:00:00.0;0.0014890036090968737
2022-03-13T07:00:00.0;0.032572650398785145
2022-03-13T08:00:00.0;0.16364271331207494
2022-03-13T09:00:00.0;0.4505930269080516
2022-03-13T10:00:00.0;0.8750863153539397
2022-03-13T11:00:00.0;1.2210621596871327
2022-03-13T12:00:00.0;1.4704823680033945
2022-03-13T13:00:00.0;1.6302733189492293
2022-03-13T14:00:00.0;1.617131796015768
2022-03-13T15:00:00.0;1.4441483512827415
2022-03-13T16:00:00.0;1.2038345155962065
2022-03-13T17:00:00.0;0.8923628394377451
2022-03-13T18:00:00.0;0.5425336031804502
2022-03-13T19:00:00.0;0.24006173937260303
2022-03-13T20:00:00.0;0.07653211105215957
2022-03-13T21:00:00.0;0.0037298563817660733
2022-03-13T22:00:00.0;0.0
2022-03-13T23:00:00.0;0.0
2022-03-14T00:00:00.0;0.0
2022-03-14T01:00:00.0;0.0
2022-03-14T02:00:00.0;0.0
2022-03-14T03:00:00.0;0.0
2022-03-14T04:00:00.0;0.0
2022-03-14T05:00:00.0;0.00013329938984331607
2022-03-14T06:00:00.0;0.012896459947831118
2022-03-14T07:00:00.0;0.06647967162637484
2022-03-14T08:00:00.0;0.22242795817286787
2022-03-14T09:00:00.0;0.5816107296939235
2022-03-14T10:00:00.0;1.003667133592331
2022-03-14T11:00:00.0;1.3703491086855557
2022-03-14T12:00:00.0;1.6112076828390094
2022-03-14T13:00:00.0;1.7821801462885245
2022-03-14T14:00:00.0;1.7096482879268753
2022-03-14T15:00:00.0;1.4430319981185957
2022-03-14T16:00:00.0;1.2194891001317698
2022-03-14T17:00:00.0;0.9572977756703634
2022-03-14T18:00:00.0;0.6661380847646589
2022-03-14T19:00:00.0;0.31980940428382437
2022-03-14T20:00:00.0;0.11384333280199245
2022-03-14T21:00:00.0;0.024733778844946507
2022-03-14T22:00:00.0;0.0007035701623821629
2022-03-14T23:00:00.0;0.0
2022-03-15T00:00:00.0;0.0
2022-03-15T01:00:00.0;0.0
2022-03-15T02:00:00.0;0.0
2022-03-15T03:00:00.0;0.0
2022-03-15T04:00:00.0;0.0
2022-03-15T05:00:00.0;0.0001242918359590083
2022-03-15T06:00:00.0;0.012050313165181362
2022-03-15T07:00:00.0;0.06382251934607933
2022-03-15T08:00:00.0;0.2248075900726089
2022-03-15T09:00:00.0;0.5955504182083228
2022-03-15T10:00:00.0;1.0212512789677832
2022-03-15T11:00:00.0;1.3865578178734315
2022-03-15T12:00:00.0;1.616983141192104
2022-03-15T13:00:00.0;1.7894596487517507
2022-03-15T14:00:00.0;1.713199102801112
2022-03-15T15:00:00.0;1.4405962861722417
2022-03-15T16:00:00.0;1.2204387228124414
2022-03-15T17:00:00.0;0.9684962179641327
2022-03-15T18:00:00.0;0.6882250445994844
2022-03-15T19:00:00.0;0.3311386599463191
2022-03-15T20:00:00.0;0.11365441899001014
2022-03-15T21:00:00.0;0.02331948458666348
2022-03-15T22:00:00.0;0.0006560272129620812
2022-03-15T23:00:00.0;0.0
2022-03-16T00:00:00.0;0.0
2022-03-16T01:00:00.0;0.0
2022-03-16T02:00:00.0;0.0
2022-03-16T03:00:00.0;0.0
2022-03-16T04:00:00.0;0.0
2022-03-16T05:00:00.0;0.00014562564622796917
2022-03-16T06:00:00.0;0.014196121185962392
2022-03-16T07:00:00.0;0.08025452651216944
2022-03-16T08:00:00.0;0.24178092404767643
2022-03-16T09:00:00.0;0.5235958314287471
2022-03-16T10:00:00.0;0.8379233816295427
2022-03-16T11:00:00.0;1.1080298647101028
2022-03-16T12:00:00.0;1.2915063602423031
2022-03-16T13:00:00.0;1.4233031254218753
2022-03-16T14:00:00.0;1.4760998983544629
2022-03-16T15:00:00.0;1.4351683095438978
2022-03-16T16:00:00.0;1.2438192575724922
2022-03-16T17:00:00.0;0.9882771956542474
2022-03-16T18:00:00.0;0.69765841431632
2022-03-16T19:00:00.0;0.39165416742599946
2022-03-16T20:00:00.0;0.15582626917828588
2022-03-16T21:00:00.0;0.028108599414185875
2022-03-16T22:00:00.0;0.0007686296215162842
2022-03-16T23:00:00.0;0.0
2022-03-17T00:00:00.0;0.0
2022-03-17T01:00:00.0;0.0
2022-03-17T02:00:00.0;0.0
2022-03-17T03:00:00.0;0.0
2022-03-17T04:00:00.0;0.0
2022-03-17T05:00:00.0;0.0
2022-03-17T06:00:00.0;0.0010937214092123794
2022-03-17T07:00:00.0;0.029405809509994756
2022-03-17T08:00:00.0;0.1575080306461827
2022-03-17T09:00:00.0;0.45937745030695304
2022-03-17T10:00:00.0;0.9230580619873787
2022-03-17T11:00:00.0;1.3074529911214767
2022-03-17T12:00:00.0;1.593178106240773
2022-03-17T13:00:00.0;1.77221108357264
2022-03-17T14:00:00.0;1.797272012341879
2022-03-17T15:00:00.0;1.666479129818788
2022-03-17T16:00:00.0;1.389960793825085
2022-03-17T17:00:00.0;1.0245846298606078
2022-03-17T18:00:00.0;0.6117525078578526
2022-03-17T19:00:00.0;0.26561226690967654
2022-03-17T20:00:00.0;0.08288692615097512
2022-03-17T21:00:00.0;0.0035759330103930387
2022-03-17T22:00:00.0;0.0
2022-03-17T23:00:00.0;0.0
2022-03-18T00:00:00.0;0.0
2022-03-18T01:00:00.0;0.0
2022-03-18T02:00:00.0;0.0
2022-03-18T03:00:00.0;0.0
2022-03-18T04:00:00.0;0.0
2022-03-18T05:00:00.0;0.0002031611992370512
2022-03-18T06:00:00.0;0.019726930034198998
2022-03-18T07:00:00.0;0.10635098000941577
2022-03-18T08:00:00.0;0.3046948239006287
2022-03-18T09:00:00.0;0.6458825229859897
2022-03-18T10:00:00.0;1.0297940970597594
2022-03-18T11:00:00.0;1.4180252158092708
2022-03-18T12:00:00.0;1.7343066414932005
2022-03-18T13:00:00.0;1.9267837608559464
2022-03-18T14:00:00.0;1.9632652930797152
2022-03-18T15:00:00.0;1.8430932839849639
2022-03-18T16:00:00.0;1.5866543204620018
2022-03-18T17:00:00.0;1.2269356286093083
2022-03-18T18:00:00.0;0.8365697173123945
2022-03-18T19:00:00.0;0.4727481554187176
2022-03-18T20:00:00.0;0.1943684631365622
2022-03-18T21:00:00.0;0.038422416435966965
2022-03-18T22:00:00.0;0.001072309168894026
2022-03-18T23:00:00.0;0.0
2022-03-19T00:00:00.0;0.0
2022-03-19T01:00:00.0;0.0
2022-03-19T02:00:00.0;0.0
2022-03-19T03:00:00.0;0.0
2022-03-19T04:00:00.0;0.0
2022-03-19T05:00:00.0;0.0
2022-03-19T06:00:00.0;0.002128518024840348
2022-03-19T07:00:00.0;0.04656232736244944
2022-03-19T08:00:00.0;0.23046930290413367
2022-03-19T09:00:00.0;0.5735145865578812
2022-03-19T10:00:00.0;1.0101550218051696
2022-03-19T11:00:00.0;1.3689484313419238
2022-03-19T12:00:00.0;1.6077623580082083
2022-03-19T13:00:00.0;1.7840362925747542
2022-03-19T14:00:00.0;1.7538367231661505
2022-03-19T15:00:00.0;1.5418276710441698
2022-03-19T16:00:00.0;1.3069499231549222
2022-03-19T17:00:00.0;1.0101100148928304
2022-03-19T18:00:00.0;0.6820240428798252
2022-03-19T19:00:00.0;0.3407479921832292
2022-03-19T20:00:00.0;0.10940200336546443
2022-03-19T21:00:00.0;0.005331798049482349
2022-03-19T22:00:00.0;0.0
2022-03-19T23:00:00.0;0.0
2022-03-20T00:00:00.0;0.0
2022-03-20T01:00:00.0;0.0
2022-03-20T02:00:00.0;0.0
2022-03-20T03:00:00.0;0.0
2022-03-20T04:00:00.0;0.0
2022-03-20T05:00:00.0;0.0
2022-03-20T06:00:00.0;0.0016920389182989556
2022-03-20T07:00:00.0;0.03701414275303128
2022-03-20T08:00:00.0;0.18587648893088363
2022-03-20T09:00:00.0;0.510005596704127
2022-03-20T10:00:00.0;0.9870287239395357
2022-03-20T11:00:00.0;1.37502049813116
2022-03-20T12:00:00.0;1.6540371227910602
2022-03-20T13:00:00.0;1.8336715346726729
2022-03-20T14:00:00.0;1.8189975143906787
2022-03-20T15:00:00.0;1.6251043794603075
2022-03-20T16:00:00.0;1.3565238120513567
2022-03-20T17:00:00.0;1.0078899877657943
2022-03-20T18:00:00.0;0.6147773343190468
2022-03-20T19:00:00.0;0.27275120655229657
2022-03-20T20:00:00.0;0.08696776126578666
2022-03-20T21:00:00.0;0.004238446514875659
2022-03-20T22:00:00.0;0.0
2022-03-20T23:00:00.0;0.0
2022-03-21T00:00:00.0;0.0
2022-03-21T01:00:00.0;0.0
2022-03-21T02:00:00.0;0.0
2022-03-21T03:00:00.0;0.0
2022-03-21T04:00:00.0;0.0
2022-03-21T05:00:00.0;0.0001488228050146676
2022-03-21T06:00:00.0;0.014398320550840674
2022-03-21T07:00:00.0;0.0742324444242354
2022-03-21T08:00:00.0;0.25389157637695736
2022-03-21T09:00:00.0;0.6686181502459004
2022-03-21T10:00:00.0;1.141005981101191
2022-03-21T11:00:00.0;1.5540752987026285
2022-03-21T12:00:00.0;1.8323767005649663
2022-03-21T13:00:00.0;2.027717477213765
2022-03-21T14:00:00.0;1.9298916293388697
2022-03-21T15:00:00.0;1.6037395331169226
2022-03-21T16:00:00.0;1.3599679031047291
2022-03-21T17:00:00.0;1.0757195622498508
2022-03-21T18:00:00.0;0.7585139348448393
2022-03-21T19:00:00.0;0.3644777673718765
2022-03-21T20:00:00.0;0.12712429613122217
2022-03-21T21:00:00.0;0.027614157503977162
2022-03-21T22:00:00.0;0.0007855046089364293
2022-03-21T23:00:00.0;0.0
2022-03-22T00:00:00.0;0.0
2022-03-22T01:00:00.0;0.0
2022-03-22T02:00:00.0;0.0
2022-03-22T03:00:00.0;0.0
2022-03-22T04:00:00.0;0.0
2022-03-22T05:00:00.0;0.00013921384152401492
2022-03-22T06:00:00.0;0.013468671788434224
2022-03-22T07:00:00.0;0.06945719598823254
2022-03-22T08:00:00.0;0.2472948229684907
2022-03-22T09:00:00.0;0.6721468818701861
2022-03-22T10:00:00.0;1.1568205180882187
2022-03-22T11:00:00.0;1.5721846849112264
2022-03-22T12:00:00.0;1.8433766524811595
2022-03-22T13:00:00.0;2.038971312457647
2022-03-22T14:00:00.0;1.927428758810863
2022-03-22T15:00:00.0;1.5804014582236066
2022-03-22T16:00:00.0;1.3378227387210373
2022-03-22T17:00:00.0;1.0628295871932225
2022-03-22T18:00:00.0;0.7539391933025276
2022-03-22T19:00:00.0;0.3535512056844206
2022-03-22T20:00:00.0;0.11895425308697367
2022-03-22T21:00:00.0;0.02583120877340662
2022-03-22T22:00:00.0;0.00073478734750418
2022-03-22T23:00:00.0;0.0
2022-03-23T00:00:00.0;0.0
2022-03-23T01:00:00.0;0.0
2022-03-23T02:00:00.0;0.0
2022-03-23T03:00:00.0;0.0
2022-03-23T04:00:00.0;0.0
2022-03-23T05:00:00.0;0.00011262853892312315
2022-03-23T06:00:00.0;0.010896594822467806
2022-03-23T07:00:00.0;0.056241845908339395
2022-03-23T08:00:00.0;0.2270601786593996
2022-03-23T09:00:00.0;0.6724564457276014
2022-03-23T10:00:00.0;1.1831937258291458
2022-03-23T11:00:00.0;1.6032631860305688
2022-03-23T12:00:00.0;1.8585390639357504
2022-03-23T13:00:00.0;2.0545927016040557
2022-03-23T14:00:00.0;1.9082232747405927
2022-03-23T15:00:00.0;1.5084043192717895
2022-03-23T16:00:00.0;1.2698860163034056
2022-03-23T17:00:00.0;1.018570519860957
2022-03-23T18:00:00.0;0.732365734923199
2022-03-23T19:00:00.0;0.3207682268839426
2022-03-23T20:00:00.0;0.09634236115542204
2022-03-23T21:00:00.0;0.02089829050701885
2022-03-23T22:00:00.0;0.0005944669327605393
2022-03-23T23:00:00.0;0.0
2022-03-24T00:00:00.0;0.0
2022-03-24T01:00:00.0;0.0
2022-03-24T02:00:00.0;0.0
2022-03-24T03:00:00.0;0.0
2022-03-24T04:00:00.0;0.0
2022-03-24T05:00:00.0;0.00011915608278635871
2022-03-24T06:00:00.0;0.011528122154204871
2022-03-24T07:00:00.0;0.059489268308869574
2022-03-24T08:00:00.0;0.23348599558398758
2022-03-24T09:00:00.0;0.6793280138303762
2022-03-24T10:00:00.0;1.1894921219122143
2022-03-24T11:00:00.0;1.609614432619222
2022-03-24T12:00:00.0;1.8660395185148346
2022-03-24T13:00:00.0;2.0621593771838556
2022-03-24T14:00:00.0;1.9220455995149492
2022-03-24T15:00:00.0;1.53154039232927
2022-03-24T16:00:00.0;1.2914666070648078
2022-03-24T17:00:00.0;1.0357550508380575
2022-03-24T18:00:00.0;0.7442156229715111
2022-03-24T19:00:00.0;0.3306932135220072
2022-03-24T20:00:00.0;0.10189994809094428
2022-03-24T21:00:00.0;0.022109480044373298
2022-03-24T22:00:00.0;0.0006289200919326225
2022-03-24T23:00:00.0;0.0
2022-03-25T00:00:00.0;0.0
2022-03-25T01:00:00.0;0.0
2022-03-25T02:00:00.0;0.0
2022-03-25T03:00:00.0;0.0
2022-03-25T04:00:00.0;0.0
2022-03-25T05:00:00.0;0.00019727805382577804
2022-03-25T06:00:00.0;0.019086875719310076
2022-03-25T07:00:00.0;0.098373522702246
2022-03-25T08:00:00.0;0.2970928834228024
2022-03-25T09:00:00.0;0.6976170917833866
2022-03-25T10:00:00.0;1.1471517460185643
2022-03-25T11:00:00.0;1.556689964069002
2022-03-25T12:00:00.0;1.852233719686048
2022-03-25T13:00:00.0;2.0474878210051015
2022-03-25T14:00:00.0;2.0038418447116384
2022-03-25T15:00:00.0;1.7591148352740105
2022-03-25T16:00:00.0;1.5055141200600861
2022-03-25T17:00:00.0;1.183951742025485
2022-03-25T18:00:00.0;0.8261805616551159
2022-03-25T19:00:00.0;0.43260901926062223
2022-03-25T20:00:00.0;0.16853900945188188
2022-03-25T21:00:00.0;0.036611178799759066
2022-03-25T22:00:00.0;0.0010412572220157045
2022-03-25T23:00:00.0;0.0
2022-03-26T00:00:00.0;0.0
2022-03-26T01:00:00.0;0.0
2022-03-26T02:00:00.0;0.0
2022-03-26T03:00:00.0;0.0
2022-03-26T04:00:00.0;0.0
2022-03-26T05:00:00.0;0.0002445671905749465
2022-03-26T06:00:00.0;0.023675204274165033
2022-03-26T07:00:00.0;0.12282182894962032
2022-03-26T08:00:00.0;0.33390652804158194
2022-03-26T09:00:00.0;0.6886294615429208
2022-03-26T10:00:00.0;1.0791495866421659
2022-03-26T11:00:00.0;1.4501302183469893
2022-03-26T12:00:00.0;1.730640090082006
2022-03-26T13:00:00.0;1.908843574714549
2022-03-26T14:00:00.0;1.9475454215802943
2022-03-26T15:00:00.0;1.8420754261704981
2022-03-26T16:00:00.0;1.59296629572378
2022-03-26T17:00:00.0;1.248586719395986
2022-03-26T18:00:00.0;0.8662561805355777
2022-03-26T19:00:00.0;0.4973529064331319
2022-03-26T20:00:00.0;0.21263876933604006
2022-03-26T21:00:00.0;0.04551968958715767
2022-03-26T22:00:00.0;0.0012908549558135313
2022-03-26T23:00:00.0;0.0
2022-03-27T00:00:00.0;0.0
2022-03-27T01:00:00.0;0.0
2022-03-27T02:00:00.0;0.0
2022-03-27T03:00:00.0;0.0
2022-03-27T04:00:00.0;0.0
2022-03-27T05:00:00.0;0.00021850714741938378
2022-03-27T06:00:00.0;0.02114014684029112
2022-03-27T07:00:00.0;0.10888893381071449
2022-03-27T08:00:00.0;0.3163150531111984
2022-03-27T09:00:00.0;0.7125420743264124
2022-03-27T10:00:00.0;1.154128297140476
2022-03-27T11:00:00.0;1.5626435517551598
2022-03-27T12:00:00.0;1.8649003345612452
2022-03-27T13:00:00.0;2.0601900864359464
2022-03-27T14:00:00.0;2.0388705975668584
2022-03-27T15:00:00.0;1.8276025781228582
2022-03-27T16:00:00.0;1.5695916435737498
2022-03-27T17:00:00.0;1.2324080411172662
2022-03-27T18:00:00.0;0.8572555384960637
2022-03-27T19:00:00.0;0.46248491244426315
2022-03-27T20:00:00.0;0.18643002536806608
2022-03-27T21:00:00.0;0.040544127521242035
2022-03-27T22:00:00.0;0.0011533069234017025
2022-03-27T23:00:00.0;0.0
2022-03-28T00:00:00.0;0.0
2022-03-28T01:00:00.0;0.0
2022-03-28T02:00:00.0;0.0
2022-03-28T03:00:00.0;0.0
2022-03-28T04:00:00.0;0.0
2022-03-28T05:00:00.0;0.0001519020689995781
2022-03-28T06:00:00.0;0.014696233427237746
2022-03-28T07:00:00.0;0.07577667729484283
2022-03-28T08:00:00.0;0.2637460507639025
2022-03-28T09:00:00.0;0.704382949851509
2022-03-28T10:00:00.0;1.203774628955648
2022-03-28T11:00:00.0;1.6225245180067773
2022-03-28T12:00:00.0;1.888453902493304
2022-03-28T13:00:00.0;2.0846634600622003
2022-03-28T14:00:00.0;1.979043001963349
2022-03-28T15:00:00.0;1.6402059843957202
2022-03-28T16:00:00.0;1.393086016731093
2022-03-28T17:00:00.0;1.1133998552285902
2022-03-28T18:00:00.0;0.7947796642353923
2022-03-28T19:00:00.0;0.3779403846325223
2022-03-28T20:00:00.0;0.12977241352308053
2022-03-28T21:00:00.0;0.028185516716479994
2022-03-28T22:00:00.0;0.0008017573334569808
2022-03-28T23:00:00.0;0.0
2022-03-29T00:00:00.0;0.0
2022-03-29T01:00:00.0;0.0
2022-03-29T02:00:00.0;0.0
2022-03-29T03:00:00.0;0.0
2022-03-29T04:00:00.0;0.0
2022-03-29T05:00:00.0;0.00021518844442781503
2022-03-29T06:00:00.0;0.02086545091570056
2022-03-29T07:00:00.0;0.1105469613934285
2022-03-29T08:00:00.0;0.31626112203176
2022-03-29T09:00:00.0;0.6810045239734095
2022-03-29T10:00:00.0;1.0845390626296258
2022-03-29T11:00:00.0;1.4430888996313815
2022-03-29T12:00:00.0;1.6912748565337672
2022-03-29T13:00:00.0;1.8628108936927004
2022-03-29T14:00:00.0;1.89371795913573
2022-03-29T15:00:00.0;1.783034306151968
2022-03-29T16:00:00.0;1.541603161688237
2022-03-29T17:00:00.0;1.2213339285170588
2022-03-29T18:00:00.0;0.8595264488384785
2022-03-29T19:00:00.0;0.4804589359235489
2022-03-29T20:00:00.0;0.19723842912385994
2022-03-29T21:00:00.0;0.040399298388961814
2022-03-29T22:00:00.0;0.0011357904110949266
2022-03-29T23:00:00.0;0.0
2022-03-30T00:00:00.0;0.0
2022-03-30T01:00:00.0;0.0
2022-03-30T02:00:00.0;0.0
2022-03-30T03:00:00.0;0.0
2022-03-30T04:00:00.0;0.0
2022-03-30T05:00:00.0;0.00018316578480882876
2022-03-30T06:00:00.0;0.01773812043627966
2022-03-30T07:00:00.0;0.09253832387647278
2022-03-30T08:00:00.0;0.2858820731147233
2022-03-30T09:00:00.0;0.6805998565485849
2022-03-30T10:00:00.0;1.1202117108965435
2022-03-30T11:00:00.0;1.4885050720077102
2022-03-30T12:00:00.0;1.726869522939821
2022-03-30T13:00:00.0;1.899840181723883
2022-03-30T14:00:00.0;1.8650747866661588
2022-03-30T15:00:00.0;1.653703975288671
2022-03-30T16:00:00.0;1.4208417596333816
2022-03-30T17:00:00.0;1.136715099719305
2022-03-30T18:00:00.0;0.8098876644585941
2022-03-30T19:00:00.0;0.4213343079874752
2022-03-30T20:00:00.0;0.16140317807955537
2022-03-30T21:00:00.0;0.0341609863243553
2022-03-30T22:00:00.0;0.0009667709740628326
2022-03-30T23:00:00.0;0.0
2022-03-31T00:00:00.0;0.0
2022-03-31T01:00:00.0;0.0
2022-03-31T02:00:00.0;0.0
2022-03-31T03:00:00.0;0.0
2022-03-31T04:00:00.0;0.0
2022-03-31T05:00:00.0;0.0
2022-03-31T06:00:00.0;0.0007409150327306066
2022-03-31T07:00:00.0;0.01905971088244186
2022-03-31T08:00:00.0;0.09837007535301358
2022-03-31T09:00:00.0;0.24286049344799912
2022-03-31T10:00:00.0;0.4157705402803494
2022-03-31T11:00:00.0;0.5476039282235844
2022-03-31T12:00:00.0;0.6185366028660929
2022-03-31T13:00:00.0;0.6843849075645287
2022-03-31T14:00:00.0;0.689729863738771
2022-03-31T15:00:00.0;0.635112712220598
2022-03-31T16:00:00.0;0.5413572235413555
2022-03-31T17:00:00.0;0.4308366112400591
2022-03-31T18:00:00.0;0.31114291802563565
2022-03-31T19:00:00.0;0.16411686546470441
2022-03-31T20:00:00.0;0.05196152040933788
2022-03-31T21:00:00.0;0.0022911162738388506
2022-03-31T22:00:00.0;0.0
2022-03-31T23:00:00.0;0.0
2022-04-01T00:00:00.0;0.0
2022-04-01T01:00:00.0;0.0
2022-04-01T02:00:00.0;0.0
2022-04-01T03:00:00.0;0.0
2022-04-01T04:00:00.0;0.0
2022-04-01T05:00:00.0;0.0
2022-04-01T06:00:00.0;0.0013847230040688135
2022-04-01T07:00:00.0;0.030291463388759696
2022-04-01T08:00:00.0;0.14905756967183978
2022-04-01T09:00:00.0;0.3568995935611963
2022-04-01T10:00:00.0;0.5992094096835724
2022-04-01T11:00:00.0;0.7799008938885489
2022-04-01T12:00:00.0;0.8746335229421044
2022-04-01T13:00:00.0;0.9641706001363399
2022-04-01T14:00:00.0;0.945346449507729
2022-04-01T15:00:00.0;0.8309108191076487
2022-04-01T16:00:00.0;0.7110856629309861
2022-04-01T17:00:00.0;0.5716404500319845
2022-04-01T18:00:00.0;0.41769172968069895
2022-04-01T19:00:00.0;0.22101428118271887
2022-04-01T20:00:00.0;0.07117227525603648
2022-04-01T21:00:00.0;0.0034686403056047475
2022-04-01T22:00:00.0;0.0
2022-04-01T23:00:00.0;0.0
2022-04-02T00:00:00.0;0.0
2022-04-02T01:00:00.0;0.0
2022-04-02T02:00:00.0;0.0
2022-04-02T03:00:00.0;0.0
2022-04-02T04:00:00.0;0.0
2022-04-02T05:00:00.0;0.0
2022-04-02T06:00:00.0;0.002564266484005861
2022-04-02T07:00:00.0;0.05609452871877547
2022-04-02T08:00:00.0;0.27647608277626806
2022-04-02T09:00:00.0;0.6670928156510777
2022-04-02T10:00:00.0;1.1292498171168757
2022-04-02T11:00:00.0;1.4763431618490204
2022-04-02T12:00:00.0;1.6673413626158613
2022-04-02T13:00:00.0;1.8398671134279898
2022-04-02T14:00:00.0;1.808387908250493
2022-04-02T15:00:00.0;1.5978517699553247
2022-04-02T16:00:00.0;1.371390029173756
2022-04-02T17:00:00.0;1.0992371849560303
2022-04-02T18:00:00.0;0.7890029324738385
2022-04-02T19:00:00.0;0.4096789939939857
2022-04-02T20:00:00.0;0.13179869150236526
2022-04-02T21:00:00.0;0.006423319360333303
2022-04-02T22:00:00.0;0.0
2022-04-02T23:00:00.0;0.0
2022-04-03T00:00:00.0;0.0
2022-04-03T01:00:00.0;0.0
2022-04-03T02:00:00.0;0.0
2022-04-03T03:00:00.0;0.0
2022-04-03T04:00:00.0;0.0
2022-04-03T05:00:00.0;0.0002461729565331557
2022-04-03T06:00:00.0;0.023841043658720938
2022-04-03T07:00:00.0;0.12437663218067843
2022-04-03T08:00:00.0;0.34061716016758714
2022-04-03T09:00:00.0;0.7052471702899527
2022-04-03T10:00:00.0;1.1026825524154462
2022-04-03T11:00:00.0;1.4527401466206276
2022-04-03T12:00:00.0;1.6949403612121023
2022-04-03T13:00:00.0;1.8608041901704555
2022-04-03T14:00:00.0;1.9094317812699673
2022-04-03T15:00:00.0;1.8298569820328363
2022-04-03T16:00:00.0;1.5888672841157554
2022-04-03T17:00:00.0;1.2625842692487381
2022-04-03T18:00:00.0;0.890563169623996
2022-04-03T19:00:00.0;0.5106557004749697
2022-04-03T20:00:00.0;0.21710487947439622
2022-04-03T21:00:00.0;0.04592409958297501
2022-04-03T22:00:00.0;0.0012993303810746144
2022-04-03T23:00:00.0;0.0
2022-04-04T00:00:00.0;0.0
2022-04-04T01:00:00.0;0.0
2022-04-04T02:00:00.0;0.0
2022-04-04T03:00:00.0;0.0
2022-04-04T04:00:00.0;0.0
2022-04-04T05:00:00.0;0.0
2022-04-04T06:00:00.0;0.0010517702040963067
2022-04-04T07:00:00.0;0.023007965157765466
2022-04-04T08:00:00.0;0.11324806555752094
2022-04-04T09:00:00.0;0.27246528248519947
2022-04-04T10:00:00.0;0.46055587277692817
2022-04-04T11:00:00.0;0.601904442746947
2022-04-04T12:00:00.0;0.6767930374636036
2022-04-04T13:00:00.0;0.7461432207879138
2022-04-04T14:00:00.0;0.7311629086601532
2022-04-04T15:00:00.0;0.6411830660551162
2022-04-04T16:00:00.0;0.5459151864467451
2022-04-04T17:00:00.0;0.43595376744781444
2022-04-04T18:00:00.0;0.3172671861867067
2022-04-04T19:00:00.0;0.16787201118541892
2022-04-04T20:00:00.0;0.05405909936650407
2022-04-04T21:00:00.0;0.0026346153789911933
2022-04-04T22:00:00.0;0.0
2022-04-04T23:00:00.0;0.0
2022-04-05T00:00:00.0;0.0
2022-04-05T01:00:00.0;0.0
2022-04-05T02:00:00.0;0.0
2022-04-05T03:00:00.0;0.0
2022-04-05T04:00:00.0;0.0
2022-04-05T05:00:00.0;9.805425404544418e-5
2022-04-05T06:00:00.0;0.00994878952066022
2022-04-05T07:00:00.0;0.061929531952808106
2022-04-05T08:00:00.0;0.20062206212027
2022-04-05T09:00:00.0;0.44237944789979683
2022-04-05T10:00:00.0;0.714343363648835
2022-04-05T11:00:00.0;0.9361402753144504
2022-04-05T12:00:00.0;1.0754943194457016
2022-04-05T13:00:00.0;1.1830410935094655
2022-04-05T14:00:00.0;1.2106510077350776
2022-04-05T15:00:00.0;1.152181078781326
2022-04-05T16:00:00.0;0.9963546952086151
2022-04-05T17:00:00.0;0.7955635406234988
2022-04-05T18:00:00.0;0.5675988866595094
2022-04-05T19:00:00.0;0.31565298983237017
2022-04-05T20:00:00.0;0.12184867393274171
2022-04-05T21:00:00.0;0.019805606868987614
2022-04-05T22:00:00.0;0.000517542109698368
2022-04-05T23:00:00.0;0.0
2022-04-06T00:00:00.0;0.0
2022-04-06T01:00:00.0;0.0
2022-04-06T02:00:00.0;0.0
2022-04-06T03:00:00.0;0.0
2022-04-06T04:00:00.0;0.0
2022-04-06T05:00:00.0;0.0
2022-04-06T06:00:00.0;0.0009846566531748356
2022-04-06T07:00:00.0;0.02153982484042127
2022-04-06T08:00:00.0;0.10602991638428254
2022-04-06T09:00:00.0;0.2554457937276754
2022-04-06T10:00:00.0;0.4326073731385574
2022-04-06T11:00:00.0;0.5660255617508435
2022-04-06T12:00:00.0;0.6369141792663268
2022-04-06T13:00:00.0;0.702195274930772
2022-04-06T14:00:00.0;0.6879897682738831
2022-04-06T15:00:00.0;0.6029394975470309
2022-04-06T16:00:00.0;0.5126216469866051
2022-04-06T17:00:00.0;0.4086032989077388
2022-04-06T18:00:00.0;0.29702453403268947
2022-04-06T19:00:00.0;0.15716008311681323
2022-04-06T20:00:00.0;0.05060958339431504
2022-04-06T21:00:00.0;0.002466500335697739
2022-04-06T22:00:00.0;0.0
2022-04-06T23:00:00.0;0.0
2022-04-07T00:00:00.0;0.0
2022-04-07T01:00:00.0;0.0
2022-04-07T02:00:00.0;0.0
2022-04-07T03:00:00.0;0.0
2022-04-07T04:00:00.0;0.0
2022-04-07T05:00:00.0;0.0
2022-04-07T06:00:00.0;0.0015393447043557833
2022-04-07T07:00:00.0;0.03367388540355116
2022-04-07T08:00:00.0;0.16568733344930744
2022-04-07T09:00:00.0;0.39611048694370465
2022-04-07T10:00:00.0;0.6635994542456778
2022-04-07T11:00:00.0;0.8625616011204259
2022-04-07T12:00:00.0;0.9665097055506043
2022-04-07T13:00:00.0;1.065421480461568
2022-04-07T14:00:00.0;1.0448122694740138
2022-04-07T15:00:00.0;0.9190194872763242
2022-04-07T16:00:00.0;0.787790048397368
2022-04-07T17:00:00.0;0.6346527015258755
2022-04-07T18:00:00.0;0.4643284111168246
2022-04-07T19:00:00.0;0.2456932991839799
2022-04-07T20:00:00.0;0.07911955292893179
2022-04-07T21:00:00.0;0.003855957523676954
2022-04-07T22:00:00.0;0.0
2022-04-07T23:00:00.0;0.0
2022-04-08T00:00:00.0;0.0
2022-04-08T01:00:00.0;0.0
2022-04-08T02:00:00.0;0.0
2022-04-08T03:00:00.0;0.0
2022-04-08T04:00:00.0;0.0
2022-04-08T05:00:00.0;0.0001326453980576283
2022-04-08T06:00:00.0;0.014115176970173653
2022-04-08T07:00:00.0;0.09518457639493938
2022-04-08T08:00:00.0;0.3227359519466875
2022-04-08T09:00:00.0;0.7118935145433852
2022-04-08T10:00:00.0;1.144049902919612
2022-04-08T11:00:00.0;1.4874408389707219
2022-04-08T12:00:00.0;1.695677778393927
2022-04-08T13:00:00.0;1.8630958591316042
2022-04-08T14:00:00.0;1.876507617155483
2022-04-08T15:00:00.0;1.7406698240132377
2022-04-08T16:00:00.0;1.5098884045968382
2022-04-08T17:00:00.0;1.2151752824822228
2022-04-08T18:00:00.0;0.8750040584829049
2022-04-08T19:00:00.0;0.4842593888704076
2022-04-08T20:00:00.0;0.18419175150113887
2022-04-08T21:00:00.0;0.027986192884520197
2022-04-08T22:00:00.0;0.0007001183153227443
2022-04-08T23:00:00.0;0.0
2022-04-09T00:00:00.0;0.0
2022-04-09T01:00:00.0;0.0
2022-04-09T02:00:00.0;0.0
2022-04-09T03:00:00.0;0.0
2022-04-09T04:00:00.0;0.0
2022-04-09T05:00:00.0;0.0
2022-04-09T06:00:00.0;0.0028163137194691687
2022-04-09T07:00:00.0;0.061608179884272724
2022-04-09T08:00:00.0;0.30302700202796595
2022-04-09T09:00:00.0;0.7199401681039054
2022-04-09T10:00:00.0;1.1953753410388963
2022-04-09T11:00:00.0;1.545228792766623
2022-04-09T12:00:00.0;1.725284432514595
2022-04-09T13:00:00.0;1.9016187069071844
2022-04-09T14:00:00.0;1.8662672782086174
2022-04-09T15:00:00.0;1.6466795699522283
2022-04-09T16:00:00.0;1.4212659666035103
2022-04-09T17:00:00.0;1.1550498552299966
2022-04-09T18:00:00.0;0.8494851973319394
2022-04-09T19:00:00.0;0.44950907182486255
2022-04-09T20:00:00.0;0.14475346669365408
2022-04-09T21:00:00.0;0.0070546811541905485
2022-04-09T22:00:00.0;0.0
2022-04-09T23:00:00.0;0.0
2022-04-10T00:00:00.0;0.0
2022-04-10T01:00:00.0;0.0
2022-04-10T02:00:00.0;0.0
2022-04-10T03:00:00.0;0.0
2022-04-10T04:00:00.0;0.0
2022-04-10T05:00:00.0;0.00022018946419409717
2022-04-10T06:00:00.0;0.021413956722617408
2022-04-10T07:00:00.0;0.11213468623786578
2022-04-10T08:00:00.0;0.32016374377802936
2022-04-10T09:00:00.0;0.7206148849328058
2022-04-10T10:00:00.0;1.2019144115193208
2022-04-10T11:00:00.0;1.6157312000865705
2022-04-10T12:00:00.0;1.914635662977357
2022-04-10T13:00:00.0;2.105295139849545
2022-04-10T14:00:00.0;2.120749231487505
2022-04-10T15:00:00.0;1.9665445170322224
2022-04-10T16:00:00.0;1.6860220824049121
2022-04-10T17:00:00.0;1.313190642989081
2022-04-10T18:00:00.0;0.8845259378099861
2022-04-10T19:00:00.0;0.46929491416717767
2022-04-10T20:00:00.0;0.19352622782996948
2022-04-10T21:00:00.0;0.041134452746529056
2022-04-10T22:00:00.0;0.0011621863930508481
2022-04-10T23:00:00.0;0.0
2022-04-11T00:00:00.0;0.0
2022-04-11T01:00:00.0;0.0
2022-04-11T02:00:00.0;0.0
2022-04-11T03:00:00.0;0.0
2022-04-11T04:00:00.0;0.0
2022-04-11T05:00:00.0;0.00025667498091915594
2022-04-11T06:00:00.0;0.02487748861079587
2022-04-11T07:00:00.0;0.13107651530646955
2022-04-11T08:00:00.0;0.36354877545410846
2022-04-11T09:00:00.0;0.7571629884107064
2022-04-11T10:00:00.0;1.1856377213623295
2022-04-11T11:00:00.0;1.56681206160608
2022-04-11T12:00:00.0;1.8413165566213034
2022-04-11T13:00:00.0;2.024088407212716
2022-04-11T14:00:00.0;2.0776600359047275
2022-04-11T15:00:00.0;1.990628899904454
2022-04-11T16:00:00.0;1.7297391490131682
2022-04-11T17:00:00.0;1.3724418322997463
2022-04-11T18:00:00.0;0.9642387782915729
2022-04-11T19:00:00.0;0.5511348288381697
2022-04-11T20:00:00.0;0.2320845037702636
2022-04-11T21:00:00.0;0.048079836597448564
2022-04-11T22:00:00.0;0.001354761324991798
2022-04-11T23:00:00.0;0.0
2022-04-12T00:00:00.0;0.0
2022-04-12T01:00:00.0;0.0
2022-04-12T02:00:00.0;0.0
2022-04-12T03:00:00.0;0.0
2022-04-12T04:00:00.0;0.0
2022-04-12T05:00:00.0;0.00010151217224926864
2022-04-12T06:00:00.0;0.01151103980139749
2022-04-12T07:00:00.0;0.0879159939118457
2022-04-12T08:00:00.0;0.3210376516514236
2022-04-12T09:00:00.0;0.7305503023941925
2022-04-12T10:00:00.0;1.2050619028255136
2022-04-12T11:00:00.0;1.57907355191047
2022-04-12T12:00:00.0;1.8081136981628052
2022-04-12T13:00:00.0;1.9897221613090497
2022-04-12T14:00:00.0;1.989832146863787
2022-04-12T15:00:00.0;1.8197377979935863
2022-04-12T16:00:00.0;1.5695989936454344
2022-04-12T17:00:00.0;1.2522455289639514
2022-04-12T18:00:00.0;0.8869502665655693
2022-04-12T19:00:00.0;0.477190786440226
2022-04-12T20:00:00.0;0.17528099374718847
2022-04-12T21:00:00.0;0.023126921860728754
2022-04-12T22:00:00.0;0.0005357934165875346
2022-04-12T23:00:00.0;0.0
2022-04-13T00:00:00.0;0.0
2022-04-13T01:00:00.0;0.0
2022-04-13T02:00:00.0;0.0
2022-04-13T03:00:00.0;0.0
2022-04-13T04:00:00.0;0.0
2022-04-13T05:00:00.0;0.00023094273801931554
2022-04-13T06:00:00.0;0.02235108854095948
2022-04-13T07:00:00.0;0.11565327359926428
2022-04-13T08:00:00.0;0.3399811586842006
2022-04-13T09:00:00.0;0.7729716133528476
2022-04-13T10:00:00.0;1.2493320609256744
2022-04-13T11:00:00.0;1.6509756137735094
2022-04-13T12:00:00.0;1.9161980371055487
2022-04-13T13:00:00.0;2.104711684665553
2022-04-13T14:00:00.0;2.0889800794099345
2022-04-13T15:00:00.0;1.8918896860878995
2022-04-13T16:00:00.0;1.633259256249457
2022-04-13T17:00:00.0;1.3071979917081618
2022-04-13T18:00:00.0;0.9299842813175698
2022-04-13T19:00:00.0;0.4992729565110247
2022-04-13T20:00:00.0;0.19935918507067363
2022-04-13T21:00:00.0;0.042930983945006294
2022-04-13T22:00:00.0;0.001218943461633395
2022-04-13T23:00:00.0;0.0
2022-04-14T00:00:00.0;0.0
2022-04-14T01:00:00.0;0.0
2022-04-14T02:00:00.0;0.0
2022-04-14T03:00:00.0;0.0
2022-04-14T04:00:00.0;0.0
2022-04-14T05:00:00.0;0.00024164320983143903
2022-04-14T06:00:00.0;0.023378516442719967
2022-04-14T07:00:00.0;0.12042088647716469
2022-04-14T08:00:00.0;0.3512094105290661
2022-04-14T09:00:00.0;0.794662841235797
2022-04-14T10:00:00.0;1.2826599747786034
2022-04-14T11:00:00.0;1.7014076751709215
2022-04-14T12:00:00.0;1.984800558800099
2022-04-14T13:00:00.0;2.1818126024199223
2022-04-14T14:00:00.0;2.1635799286521658
2022-04-14T15:00:00.0;1.9549897158181513
2022-04-14T16:00:00.0;1.6868217766530735
2022-04-14T17:00:00.0;1.3458431670556277
2022-04-14T18:00:00.0;0.9537399239942267
2022-04-14T19:00:00.0;0.513258342937003
2022-04-14T20:00:00.0;0.2061751131834379
2022-04-14T21:00:00.0;0.044837037276607636
2022-04-14T22:00:00.0;0.0012754218348597897
2022-04-14T23:00:00.0;0.0
2022-04-15T00:00:00.0;0.0
2022-04-15T01:00:00.0;0.0
2022-04-15T02:00:00.0;0.0
2022-04-15T03:00:00.0;0.0
2022-04-15T04:00:00.0;0.0
2022-04-15T05:00:00.0;0.00026971591205104365
2022-04-15T06:00:00.0;0.02610882904903033
2022-04-15T07:00:00.0;0.1353978100885963
2022-04-15T08:00:00.0;0.37338092821697005
2022-04-15T09:00:00.0;0.7847450303437323
2022-04-15T10:00:00.0;1.2318808592206976
2022-04-15T11:00:00.0;1.620910740637973
2022-04-15T12:00:00.0;1.8882457361719096
2022-04-15T13:00:00.0;2.071934872399191
2022-04-15T14:00:00.0;2.1105484514212174
2022-04-15T15:00:00.0;1.9995810812552601
2022-04-15T16:00:00.0;1.736173713044842
2022-04-15T17:00:00.0;1.3833911270444246
2022-04-15T18:00:00.0;0.9781058844143927
2022-04-15T19:00:00.0;0.5547484255314074
2022-04-15T20:00:00.0;0.23426441249739827
2022-04-15T21:00:00.0;0.050191474329833806
2022-04-15T22:00:00.0;0.0014235929231323568
2022-04-15T23:00:00.0;0.0
2022-04-16T00:00:00.0;0.0
2022-04-16T01:00:00.0;0.0
2022-04-16T02:00:00.0;0.0
2022-04-16T03:00:00.0;0.0
2022-04-16T04:00:00.0;0.0
2022-04-16T05:00:00.0;0.0002880263707096015
2022-04-16T06:00:00.0;0.027865998172547434
2022-04-16T07:00:00.0;0.1434770175656688
2022-04-16T08:00:00.0;0.3861978622606821
2022-04-16T09:00:00.0;0.792937321014016
2022-04-16T10:00:00.0;1.231715827866621
2022-04-16T11:00:00.0;1.6229210118851842
2022-04-16T12:00:00.0;1.9070631973507681
2022-04-16T13:00:00.0;2.09231937031111
2022-04-16T14:00:00.0;2.139627580508702
2022-04-16T15:00:00.0;2.039973131124539
2022-04-16T16:00:00.0;1.7741638285917876
2022-04-16T17:00:00.0;1.4084977038056894
2022-04-16T18:00:00.0;0.9895837811226179
2022-04-16T19:00:00.0;0.5700391337692269
2022-04-16T20:00:00.0;0.2456246471650044
2022-04-16T21:00:00.0;0.05344345959135742
2022-04-16T22:00:00.0;0.0015202377193826331
2022-04-16T23:00:00.0;0.0
2022-04-17T00:00:00.0;0.0
2022-04-17T01:00:00.0;0.0
2022-04-17T02:00:00.0;0.0
2022-04-17T03:00:00.0;0.0
2022-04-17T04:00:00.0;0.0
2022-04-17T05:00:00.0;0.0002962707752255957
2022-04-17T06:00:00.0;0.02866362847497577
2022-04-17T07:00:00.0;0.1475838726728784
2022-04-17T08:00:00.0;0.39724404446172845
2022-04-17T09:00:00.0;0.8152685906710097
2022-04-17T10:00:00.0;1.2675236288012732
2022-04-17T11:00:00.0;1.6802967338387582
2022-04-17T12:00:00.0;1.9879594653676005
2022-04-17T13:00:00.0;2.184575422389373
2022-04-17T14:00:00.0;2.2308868600992615
2022-04-17T15:00:00.0;2.1196186427076373
2022-04-17T16:00:00.0;1.8413997018271406
2022-04-17T17:00:00.0;1.45610229473278
2022-04-17T18:00:00.0;1.0181043158004046
2022-04-17T19:00:00.0;0.5863558105969843
2022-04-17T20:00:00.0;0.25265535392056165
2022-04-17T21:00:00.0;0.05497321361533732
2022-04-17T22:00:00.0;0.0015637526749340454
2022-04-17T23:00:00.0;0.0
2022-04-18T00:00:00.0;0.0
2022-04-18T01:00:00.0;0.0
2022-04-18T02:00:00.0;0.0
2022-04-18T03:00:00.0;0.0
2022-04-18T04:00:00.0;0.0
2022-04-18T05:00:00.0;0.00026282999996033287
2022-04-18T06:00:00.0;0.02542829769559405
2022-04-18T07:00:00.0;0.13092573582130104
2022-04-18T08:00:00.0;0.3540447463258572
2022-04-18T09:00:00.0;0.7565571840382762
2022-04-18T10:00:00.0;1.235586958615515
2022-04-18T11:00:00.0;1.6522040646803369
2022-04-18T12:00:00.0;1.9617619733836
2022-04-18T13:00:00.0;2.1532657105689506
2022-04-18T14:00:00.0;2.2028686312888675
2022-04-18T15:00:00.0;2.0991459226094613
2022-04-18T16:00:00.0;1.808411023802346
2022-04-18T17:00:00.0;1.4087258489179009
2022-04-18T18:00:00.0;0.9474669424910087
2022-04-18T19:00:00.0;0.5213233350945446
2022-04-18T20:00:00.0;0.22413755325801082
2022-04-18T21:00:00.0;0.04876825843297088
2022-04-18T22:00:00.0;0.0013872482534867919
2022-04-18T23:00:00.0;0.0
2022-04-19T00:00:00.0;0.0
2022-04-19T01:00:00.0;0.0
2022-04-19T02:00:00.0;0.0
2022-04-19T03:00:00.0;0.0
2022-04-19T04:00:00.0;0.0
2022-04-19T05:00:00.0;0.0002952246778374385
2022-04-19T06:00:00.0;0.028567768968905602
2022-04-19T07:00:00.0;0.14744786546993066
2022-04-19T08:00:00.0;0.39816328201119294
2022-04-19T09:00:00.0;0.8184767237069277
2022-04-19T10:00:00.0;1.2728229776459137
2022-04-19T11:00:00.0;1.6829329798784094
2022-04-19T12:00:00.0;1.9847826410657468
2022-04-19T13:00:00.0;2.179939504154275
2022-04-19T14:00:00.0;2.228587182571962
2022-04-19T15:00:00.0;2.122197149646462
2022-04-19T16:00:00.0;1.844668718564301
2022-04-19T17:00:00.0;1.4615172377167445
2022-04-19T18:00:00.0;1.0242807864093642
2022-04-19T19:00:00.0;0.5894503107991322
2022-04-19T20:00:00.0;0.25334296375971727
2022-04-19T21:00:00.0;0.054833416570673095
2022-04-19T22:00:00.0;0.0015582312474907655
2022-04-19T23:00:00.0;0.0
2022-04-20T00:00:00.0;0.0
2022-04-20T01:00:00.0;0.0
2022-04-20T02:00:00.0;0.0
2022-04-20T03:00:00.0;0.0
2022-04-20T04:00:00.0;0.0
2022-04-20T05:00:00.0;6.112972914289171e-5
2022-04-20T06:00:00.0;0.008394298000190538
2022-04-20T07:00:00.0;0.08470472641277516
2022-04-20T08:00:00.0;0.3488032101800846
2022-04-20T09:00:00.0;0.8016191098040052
2022-04-20T10:00:00.0;1.3127971999273806
2022-04-20T11:00:00.0;1.70959104584247
2022-04-20T12:00:00.0;1.9378477790168824
2022-04-20T13:00:00.0;2.1360890770199794
2022-04-20T14:00:00.0;2.1136354259081482
2022-04-20T15:00:00.0;1.894190282576663
2022-04-20T16:00:00.0;1.6373649312943952
2022-04-20T17:00:00.0;1.320432764553891
2022-04-20T18:00:00.0;0.9582309160412442
2022-04-20T19:00:00.0;0.5168317331317487
2022-04-20T20:00:00.0;0.17960394356216414
2022-04-20T21:00:00.0;0.017555179772743817
2022-04-20T22:00:00.0;0.0003226500399588927
2022-04-20T23:00:00.0;0.0
2022-04-21T00:00:00.0;0.0
2022-04-21T01:00:00.0;0.0
2022-04-21T02:00:00.0;0.0
2022-04-21T03:00:00.0;0.0
2022-04-21T04:00:00.0;0.0
2022-04-21T05:00:00.0;0.00014318614415495575
2022-04-21T06:00:00.0;0.015412261064797261
2022-04-21T07:00:00.0;0.10543643325518379
2022-04-21T08:00:00.0;0.35976046391372435
2022-04-21T09:00:00.0;0.792653698220698
2022-04-21T10:00:00.0;1.2720979080979515
2022-04-21T11:00:00.0;1.6511795698519645
2022-04-21T12:00:00.0;1.8795770081371184
2022-04-21T13:00:00.0;2.0643067261754706
2022-04-21T14:00:00.0;2.070239911493163
2022-04-21T15:00:00.0;1.9066851123742308
2022-04-21T16:00:00.0;1.6546629598716325
2022-04-21T17:00:00.0;1.3336526415813024
2022-04-21T18:00:00.0;0.9621250539974833
2022-04-21T19:00:00.0;0.532257365689287
2022-04-21T20:00:00.0;0.2022510529365458
2022-04-21T21:00:00.0;0.030474157503475437
2022-04-21T22:00:00.0;0.0007557536370751016
2022-04-21T23:00:00.0;0.0
2022-04-22T00:00:00.0;0.0
2022-04-22T01:00:00.0;0.0
2022-04-22T02:00:00.0;0.0
2022-04-22T03:00:00.0;0.0
2022-04-22T04:00:00.0;0.0
2022-04-22T05:00:00.0;0.0
2022-04-22T06:00:00.0;0.0021361975741405886
2022-04-22T07:00:00.0;0.04673032109533817
2022-04-22T08:00:00.0;0.2311176441806121
2022-04-22T09:00:00.0;0.572175235530329
2022-04-22T10:00:00.0;0.9975536286275896
2022-04-22T11:00:00.0;1.3232408854132705
2022-04-22T12:00:00.0;1.5173107626709388
2022-04-22T13:00:00.0;1.6758982515479168
2022-04-22T14:00:00.0;1.650928684407364
2022-04-22T15:00:00.0;1.4625998152912967
2022-04-22T16:00:00.0;1.2459067635608638
2022-04-22T17:00:00.0;0.9801062515262378
2022-04-22T18:00:00.0;0.6786613656546563
2022-04-22T19:00:00.0;0.3418393929802137
2022-04-22T20:00:00.0;0.1097967184059693
2022-04-22T21:00:00.0;0.005351034816802183
2022-04-22T22:00:00.0;0.0
2022-04-22T23:00:00.0;0.0
2022-04-23T00:00:00.0;0.0
2022-04-23T01:00:00.0;0.0
2022-04-23T02:00:00.0;0.0
2022-04-23T03:00:00.0;0.0
2022-04-23T04:00:00.0;0.0
2022-04-23T05:00:00.0;0.0
2022-04-23T06:00:00.0;0.0019302413331604008
2022-04-23T07:00:00.0;0.04222493199224221
2022-04-23T08:00:00.0;0.21101856697818958
2022-04-23T09:00:00.0;0.5608943048754835
2022-04-23T10:00:00.0;1.0533263192774154
2022-04-23T11:00:00.0;1.447816403482863
2022-04-23T12:00:00.0;1.720016800118937
2022-04-23T13:00:00.0;1.9050452725339861
2022-04-23T14:00:00.0;1.886646637790353
2022-04-23T15:00:00.0;1.6824594026609845
2022-04-23T16:00:00.0;1.41227404503402
2022-04-23T17:00:00.0;1.0655865860757265
2022-04-23T18:00:00.0;0.673406231522534
2022-04-23T19:00:00.0;0.310430319633302
2022-04-23T20:00:00.0;0.09921093754534305
2022-04-23T21:00:00.0;0.004835127941163087
2022-04-23T22:00:00.0;0.0
2022-04-23T23:00:00.0;0.0
2022-04-24T00:00:00.0;0.0
2022-04-24T01:00:00.0;0.0
2022-04-24T02:00:00.0;0.0
2022-04-24T03:00:00.0;0.0
2022-04-24T04:00:00.0;0.0
2022-04-24T05:00:00.0;0.0
2022-04-24T06:00:00.0;0.001610592002628995
2022-04-24T07:00:00.0;0.03523245337768715
2022-04-24T08:00:00.0;0.17747403119472296
2022-04-24T09:00:00.0;0.49648128150252974
2022-04-24T10:00:00.0;0.9777567675802926
2022-04-24T11:00:00.0;1.372342218765043
2022-04-24T12:00:00.0;1.6622463135966135
2022-04-24T13:00:00.0;1.843720897698833
2022-04-24T14:00:00.0;1.8307172966491903
2022-04-24T15:00:00.0;1.6374111319310813
2022-04-24T16:00:00.0;1.3628784810660823
2022-04-24T17:00:00.0;1.004197023597802
2022-04-24T18:00:00.0;0.6001130019283414
2022-04-24T19:00:00.0;0.26000635640044334
2022-04-24T20:00:00.0;0.0827815360902211
2022-04-24T21:00:00.0;0.004034427332967147
2022-04-24T22:00:00.0;0.0
2022-04-24T23:00:00.0;0.0
2022-04-25T00:00:00.0;0.0
2022-04-25T01:00:00.0;0.0
2022-04-25T02:00:00.0;0.0
2022-04-25T03:00:00.0;0.0
2022-04-25T04:00:00.0;0.0
2022-04-25T05:00:00.0;0.000133055865401066
2022-04-25T06:00:00.0;0.013735619375877148
2022-04-25T07:00:00.0;0.0862921120707282
2022-04-25T08:00:00.0;0.2786797291468522
2022-04-25T09:00:00.0;0.607983033055211
2022-04-25T10:00:00.0;0.9733917089931702
2022-04-25T11:00:00.0;1.268463515408349
2022-04-25T12:00:00.0;1.4524473737635604
2022-04-25T13:00:00.0;1.5950901267794573
2022-04-25T14:00:00.0;1.6138578477121255
2022-04-25T15:00:00.0;1.5090404258157706
2022-04-25T16:00:00.0;1.3082790439256462
2022-04-25T17:00:00.0;1.0494806042979736
2022-04-25T18:00:00.0;0.7522526534753273
2022-04-25T19:00:00.0;0.4193551303001621
2022-04-25T20:00:00.0;0.16335605715903442
2022-04-25T21:00:00.0;0.027023524062238187
2022-04-25T22:00:00.0;0.000702284811177035
2022-04-25T23:00:00.0;0.0
2022-04-26T00:00:00.0;0.0
2022-04-26T01:00:00.0;0.0
2022-04-26T02:00:00.0;0.0
2022-04-26T03:00:00.0;0.0
2022-04-26T04:00:00.0;0.0
2022-04-26T05:00:00.0;0.0
2022-04-26T06:00:00.0;0.0031908834441585683
2022-04-26T07:00:00.0;0.069802067808881
2022-04-26T08:00:00.0;0.34331246020243367
2022-04-26T09:00:00.0;0.8149282164299347
2022-04-26T10:00:00.0;1.3513596641940755
2022-04-26T11:00:00.0;1.7454736373971693
2022-04-26T12:00:00.0;1.9478536861271742
2022-04-26T13:00:00.0;2.146898084236448
2022-04-26T14:00:00.0;2.1072223623373643
2022-04-26T15:00:00.0;1.8601220525884872
2022-04-26T16:00:00.0;1.607081673540433
2022-04-26T17:00:00.0;1.3076964866557341
2022-04-26T18:00:00.0;0.9624621526592694
2022-04-26T19:00:00.0;0.5092937783775693
2022-04-26T20:00:00.0;0.16400567776391006
2022-04-26T21:00:00.0;0.007992953747697892
2022-04-26T22:00:00.0;0.0
2022-04-26T23:00:00.0;0.0
2022-04-27T00:00:00.0;0.0
2022-04-27T01:00:00.0;0.0
2022-04-27T02:00:00.0;0.0
2022-04-27T03:00:00.0;0.0
2022-04-27T04:00:00.0;0.0
2022-04-27T05:00:00.0;0.00028127527498188605
2022-04-27T06:00:00.0;0.02721284262728353
2022-04-27T07:00:00.0;0.14013946852409356
2022-04-27T08:00:00.0;0.391230047325687
2022-04-27T09:00:00.0;0.8411852069490656
2022-04-27T10:00:00.0;1.3294117809897341
2022-04-27T11:00:00.0;1.7459391532925845
2022-04-27T12:00:00.0;2.0285586203082606
2022-04-27T13:00:00.0;2.224096754573644
2022-04-27T14:00:00.0;2.243185472438349
2022-04-27T15:00:00.0;2.0917878036799005
2022-04-27T16:00:00.0;1.8153332637241872
2022-04-27T17:00:00.0;1.4518380447293677
2022-04-27T18:00:00.0;1.0301571874413002
2022-04-27T19:00:00.0;0.5748128978031082
2022-04-27T20:00:00.0;0.23992196796218432
2022-04-27T21:00:00.0;0.05219078987631483
2022-04-27T22:00:00.0;0.001484604626665634
2022-04-27T23:00:00.0;0.0
2022-04-28T00:00:00.0;0.0
2022-04-28T01:00:00.0;0.0
2022-04-28T02:00:00.0;0.0
2022-04-28T03:00:00.0;0.0
2022-04-28T04:00:00.0;0.0
2022-04-28T05:00:00.0;0.00028424727455676253
2022-04-28T06:00:00.0;0.02754930527579625
2022-04-28T07:00:00.0;0.14511735794599198
2022-04-28T08:00:00.0;0.40235340529265284
2022-04-28T09:00:00.0;0.8374339129113504
2022-04-28T10:00:00.0;1.3085368011915517
2022-04-28T11:00:00.0;1.7194797149544245
2022-04-28T12:00:00.0;2.008920517679824
2022-04-28T13:00:00.0;2.205382770437547
2022-04-28T14:00:00.0;2.2668783503211727
2022-04-28T15:00:00.0;2.1793621788773154
2022-04-28T16:00:00.0;1.8970024359806772
2022-04-28T17:00:00.0;1.5114606004978721
2022-04-28T18:00:00.0;1.0666406161449031
2022-04-28T19:00:00.0;0.6098080911702516
2022-04-28T20:00:00.0;0.2568530929240327
2022-04-28T21:00:00.0;0.05323904764106563
2022-04-28T22:00:00.0;0.0015002911967688685
2022-04-28T23:00:00.0;0.0
2022-04-29T00:00:00.0;0.0
2022-04-29T01:00:00.0;0.0
2022-04-29T02:00:00.0;0.0
2022-04-29T03:00:00.0;0.0
2022-04-29T04:00:00.0;0.0
2022-04-29T05:00:00.0;0.0002533948448834883
2022-04-29T06:00:00.0;0.024562275140400915
2022-04-29T07:00:00.0;0.12959616102747937
2022-04-29T08:00:00.0;0.36008515799999885
2022-04-29T09:00:00.0;0.750929781210149
2022-04-29T10:00:00.0;1.1738792459148752
2022-04-29T11:00:00.0;1.533458705639902
2022-04-29T12:00:00.0;1.7785745648107123
2022-04-29T13:00:00.0;1.9493522576138915
2022-04-29T14:00:00.0;2.0071233304086498
2022-04-29T15:00:00.0;1.937032259960753
2022-04-29T16:00:00.0;1.6871025590130089
2022-04-29T17:00:00.0;1.349064826233356
2022-04-29T18:00:00.0;0.9565634349762316
2022-04-29T19:00:00.0;0.5467032164187886
2022-04-29T20:00:00.0;0.22991737077375124
2022-04-29T21:00:00.0;0.0474928675960879
2022-04-29T22:00:00.0;0.0013374483737025016
2022-04-29T23:00:00.0;0.0
2022-04-30T00:00:00.0;0.0
2022-04-30T01:00:00.0;0.0
2022-04-30T02:00:00.0;0.0
2022-04-30T03:00:00.0;0.0
2022-04-30T04:00:00.0;0.0
2022-04-30T05:00:00.0;0.00029815529793566315
2022-04-30T06:00:00.0;0.02884595242769401
2022-04-30T07:00:00.0;0.14853077389521338
2022-04-30T08:00:00.0;0.40429180452722796
2022-04-30T09:00:00.0;0.8422385363579775
2022-04-30T10:00:00.0;1.3132268769258002
2022-04-30T11:00:00.0;1.716076552360104
2022-04-30T12:00:00.0;1.9936208014089942
2022-04-30T13:00:00.0;2.1827411143405153
2022-04-30T14:00:00.0;2.225879373906151
2022-04-30T15:00:00.0;2.1162832468759722
2022-04-30T16:00:00.0;1.8425870863066744
2022-04-30T17:00:00.0;1.4737126717608167
2022-04-30T18:00:00.0;1.0445865235078013
2022-04-30T19:00:00.0;0.5958957484084892
2022-04-30T20:00:00.0;0.2542799261666639
2022-04-30T21:00:00.0;0.05532288789362078
2022-04-30T22:00:00.0;0.0015736994117547729
2022-04-30T23:00:00.0;0.0
2022-05-01T00:00:00.0;0.0
2022-05-01T01:00:00.0;0.0
2022-05-01T02:00:00.0;0.0
2022-05-01T03:00:00.0;0.0
2022-05-01T04:00:00.0;0.0
2022-05-01T05:00:00.0;0.00028700724031276707
2022-05-01T06:00:00.0;0.027767399264031486
2022-05-01T07:00:00.0;0.14299443048421664
2022-05-01T08:00:00.0;0.3987213170836505
2022-05-01T09:00:00.0;0.8560255105057311
2022-05-01T10:00:00.0;1.3514509069089982
2022-05-01T11:00:00.0;1.7729322308565338
2022-05-01T12:00:00.0;2.0589083845770357
2022-05-01T13:00:00.0;2.256731069279178
2022-05-01T14:00:00.0;2.277476870708538
2022-05-01T15:00:00.0;2.1264680902013375
2022-05-01T16:00:00.0;1.846396181694978
2022-05-01T17:00:00.0;1.4776430682132493
2022-05-01T18:00:00.0;1.0489270836895448
2022-05-01T19:00:00.0;0.585907200672071
2022-05-01T20:00:00.0;0.2448093516470101
2022-05-01T21:00:00.0;0.05325435935707207
2022-05-01T22:00:00.0;0.0015148586269529362
2022-05-01T23:00:00.0;0.0
2022-05-02T00:00:00.0;0.0
2022-05-02T01:00:00.0;0.0
2022-05-02T02:00:00.0;0.0
2022-05-02T03:00:00.0;0.0
2022-05-02T04:00:00.0;0.0
2022-05-02T05:00:00.0;0.00028978025712738314
2022-05-02T06:00:00.0;0.028035683314891688
2022-05-02T07:00:00.0;0.14437399331971895
2022-05-02T08:00:00.0;0.4014511184841261
2022-05-02T09:00:00.0;0.8589446749404728
2022-05-02T10:00:00.0;1.3541265776680764
2022-05-02T11:00:00.0;1.7756303534510522
2022-05-02T12:00:00.0;2.0620947111802477
2022-05-02T13:00:00.0;2.2599455277421394
2022-05-02T14:00:00.0;2.283348840291501
2022-05-02T15:00:00.0;2.1362967058271813
2022-05-02T16:00:00.0;1.8555640007559522
2022-05-02T17:00:00.0;1.4849433628338926
2022-05-02T18:00:00.0;1.0539611270445595
2022-05-02T19:00:00.0;0.5901235116473528
2022-05-02T20:00:00.0;0.24717031349480298
2022-05-02T21:00:00.0;0.05376889423008724
2022-05-02T22:00:00.0;0.001529494942189196
2022-05-02T23:00:00.0;0.0
2022-05-03T00:00:00.0;0.0
2022-05-03T01:00:00.0;0.0
2022-05-03T02:00:00.0;0.0
2022-05-03T03:00:00.0;0.0
2022-05-03T04:00:00.0;0.0
2022-05-03T05:00:00.0;0.00029346233937664607
2022-05-03T06:00:00.0;0.02842388121706645
2022-05-03T07:00:00.0;0.14848630878282248
2022-05-03T08:00:00.0;0.4073534311699937
2022-05-03T09:00:00.0;0.8438680748418841
2022-05-03T10:00:00.0;1.3135539601166968
2022-05-03T11:00:00.0;1.7140199427299472
2022-05-03T12:00:00.0;1.9889403900869025
2022-05-03T13:00:00.0;2.1784894700575905
2022-05-03T14:00:00.0;2.239556028284812
2022-05-03T15:00:00.0;2.1571284317337636
2022-05-03T16:00:00.0;1.880492514908995
2022-05-03T17:00:00.0;1.5046173209817055
2022-05-03T18:00:00.0;1.066830919341783
2022-05-03T19:00:00.0;0.6116641285598733
2022-05-03T20:00:00.0;0.25970111005751145
2022-05-03T21:00:00.0;0.05477665951621282
2022-05-03T22:00:00.0;0.0015489294137877793
2022-05-03T23:00:00.0;0.0
2022-05-04T00:00:00.0;0.0
2022-05-04T01:00:00.0;0.0
2022-05-04T02:00:00.0;0.0
2022-05-04T03:00:00.0;0.0
2022-05-04T04:00:00.0;0.0
2022-05-04T05:00:00.0;0.0002841799058359283
2022-05-04T06:00:00.0;0.027523986793084355
2022-05-04T07:00:00.0;0.14374546247717085
2022-05-04T08:00:00.0;0.40260760353432185
2022-05-04T09:00:00.0;0.8565471019475973
2022-05-04T10:00:00.0;1.348128331807274
2022-05-04T11:00:00.0;1.7653994389476686
2022-05-04T12:00:00.0;2.048086212927776
2022-05-04T13:00:00.0;2.2453985884842713
2022-05-04T14:00:00.0;2.285807953745714
2022-05-04T15:00:00.0;2.165376216847342
2022-05-04T16:00:00.0;1.8831066979559261
2022-05-04T17:00:00.0;1.5074600787605632
2022-05-04T18:00:00.0;1.070195726110335
2022-05-04T19:00:00.0;0.6024610872294178
2022-05-04T20:00:00.0;0.25127558418832735
2022-05-04T21:00:00.0;0.05303564794043713
2022-05-04T22:00:00.0;0.0014999356165826985
2022-05-04T23:00:00.0;0.0
2022-05-05T00:00:00.0;0.0
2022-05-05T01:00:00.0;0.0
2022-05-05T02:00:00.0;0.0
2022-05-05T03:00:00.0;0.0
2022-05-05T04:00:00.0;0.0
2022-05-05T05:00:00.0;0.00027618687362547837
2022-05-05T06:00:00.0;0.02677924271067773
2022-05-05T07:00:00.0;0.14181484003882963
2022-05-05T08:00:00.0;0.40106327607225234
2022-05-05T09:00:00.0;0.8514495855923861
2022-05-05T10:00:00.0;1.339852188598631
2022-05-05T11:00:00.0;1.7530881183036657
2022-05-05T12:00:00.0;2.031720643641697
2022-05-05T13:00:00.0;2.2284952484472162
2022-05-05T14:00:00.0;2.282458933443888
2022-05-05T15:00:00.0;2.1834410950855694
2022-05-05T16:00:00.0;1.9003536353893702
2022-05-05T17:00:00.0;1.5217480497999103
2022-05-05T18:00:00.0;1.0807193951129992
2022-05-05T19:00:00.0;0.6100806680867705
2022-05-05T20:00:00.0;0.2528841532413199
2022-05-05T21:00:00.0;0.05184259550073658
2022-05-05T22:00:00.0;0.0014577474341998511
2022-05-05T23:00:00.0;0.0
2022-05-06T00:00:00.0;0.0
2022-05-06T01:00:00.0;0.0
2022-05-06T02:00:00.0;0.0
2022-05-06T03:00:00.0;0.0
2022-05-06T04:00:00.0;0.0
2022-05-06T05:00:00.0;0.00028767005094460104
2022-05-06T06:00:00.0;0.027866102474620267
2022-05-06T07:00:00.0;0.1458005180442972
2022-05-06T08:00:00.0;0.4070085999035721
2022-05-06T09:00:00.0;0.8606430256111264
2022-05-06T10:00:00.0;1.3512259252382468
2022-05-06T11:00:00.0;1.7678370223162576
2022-05-06T12:00:00.0;2.0506871620000697
2022-05-06T13:00:00.0;2.2479309979112987
2022-05-06T14:00:00.0;2.295034037711413
2022-05-06T15:00:00.0;2.1847904244857106
2022-05-06T16:00:00.0;1.901298613471484
2022-05-06T17:00:00.0;1.5220292499350725
2022-05-06T18:00:00.0;1.080340653805375
2022-05-06T19:00:00.0;0.6108226179763415
2022-05-06T20:00:00.0;0.25555797532268093
2022-05-06T21:00:00.0;0.053728439607405774
2022-05-06T22:00:00.0;0.0015183570209397067
2022-05-06T23:00:00.0;0.0
2022-05-07T00:00:00.0;0.0
2022-05-07T01:00:00.0;0.0
2022-05-07T02:00:00.0;0.0
2022-05-07T03:00:00.0;0.0
2022-05-07T04:00:00.0;0.0
2022-05-07T05:00:00.0;0.0003148516475361071
2022-05-07T06:00:00.0;0.030461636448747262
2022-05-07T07:00:00.0;0.15686450773781974
2022-05-07T08:00:00.0;0.42231013795790023
2022-05-07T09:00:00.0;0.8669268575140096
2022-05-07T10:00:00.0;1.3431149268437075
2022-05-07T11:00:00.0;1.752081648371662
2022-05-07T12:00:00.0;2.0360858393256356
2022-05-07T13:00:00.0;2.2282549806433147
2022-05-07T14:00:00.0;2.2842948379983334
2022-05-07T15:00:00.0;2.191301308974517
2022-05-07T16:00:00.0;1.9106216685517785
2022-05-07T17:00:00.0;1.527731218960125
2022-05-07T18:00:00.0;1.0820716665050538
2022-05-07T19:00:00.0;0.6234620612154296
2022-05-07T20:00:00.0;0.2686025302894006
2022-05-07T21:00:00.0;0.05842440082773473
2022-05-07T22:00:00.0;0.0016618247468623195
2022-05-07T23:00:00.0;0.0
2022-05-08T00:00:00.0;0.0
2022-05-08T01:00:00.0;0.0
2022-05-08T02:00:00.0;0.0
2022-05-08T03:00:00.0;0.0
2022-05-08T04:00:00.0;0.0
2022-05-08T05:00:00.0;0.0001732774712150045
2022-05-08T06:00:00.0;0.018259123025919467
2022-05-08T07:00:00.0;0.11901694794339276
2022-05-08T08:00:00.0;0.393167411222347
2022-05-08T09:00:00.0;0.8585916628409865
2022-05-08T10:00:00.0;1.3714075168340165
2022-05-08T11:00:00.0;1.7802356403461186
2022-05-08T12:00:00.0;2.0306979017114863
2022-05-08T13:00:00.0;2.2293032051086756
2022-05-08T14:00:00.0;2.2416064387429206
2022-05-08T15:00:00.0;2.0751548675945233
2022-05-08T16:00:00.0;1.8028075138651487
2022-05-08T17:00:00.0;1.4525929377282274
2022-05-08T18:00:00.0;1.0460471759297283
2022-05-08T19:00:00.0;0.5815303563583664
2022-05-08T20:00:00.0;0.22460161973126624
2022-05-08T21:00:00.0;0.0358962624355491
2022-05-08T22:00:00.0;0.0009145792692915632
2022-05-08T23:00:00.0;0.0
2022-05-09T00:00:00.0;0.0
2022-05-09T01:00:00.0;0.0
2022-05-09T02:00:00.0;0.0
2022-05-09T03:00:00.0;0.0
2022-05-09T04:00:00.0;0.0
2022-05-09T05:00:00.0;0.00030703692545806555
2022-05-09T06:00:00.0;0.029708795505209492
2022-05-09T07:00:00.0;0.15321425659765237
2022-05-09T08:00:00.0;0.4192275717646012
2022-05-09T09:00:00.0;0.8775244826347933
2022-05-09T10:00:00.0;1.3707071524131298
2022-05-09T11:00:00.0;1.7918554698932567
2022-05-09T12:00:00.0;2.0810278278898977
2022-05-09T13:00:00.0;2.2789967555529844
2022-05-09T14:00:00.0;2.321583700315902
2022-05-09T15:00:00.0;2.2032470291175685
2022-05-09T16:00:00.0;1.9180625877242672
2022-05-09T17:00:00.0;1.5347798479170294
2022-05-09T18:00:00.0;1.0884104331841877
2022-05-09T19:00:00.0;0.6188278689598345
2022-05-09T20:00:00.0;0.2629120765653597
2022-05-09T21:00:00.0;0.05700705386789901
2022-05-09T22:00:00.0;0.0016205777067379652
2022-05-09T23:00:00.0;0.0
2022-05-10T00:00:00.0;0.0
2022-05-10T01:00:00.0;0.0
2022-05-10T02:00:00.0;0.0
2022-05-10T03:00:00.0;0.0
2022-05-10T04:00:00.0;0.0
2022-05-10T05:00:00.0;0.0
2022-05-10T06:00:00.0;0.0018191978854862976
2022-05-10T07:00:00.0;0.039795804636158665
2022-05-10T08:00:00.0;0.19677202140157696
2022-05-10T09:00:00.0;0.48675934430847656
2022-05-10T10:00:00.0;0.8481667071136506
2022-05-10T11:00:00.0;1.1249614509839212
2022-05-10T12:00:00.0;1.2890390557317966
2022-05-10T13:00:00.0;1.4236277029603814
2022-05-10T14:00:00.0;1.4018029995822145
2022-05-10T15:00:00.0;1.2405622921003043
2022-05-10T16:00:00.0;1.0556820364864754
2022-05-10T17:00:00.0;0.8301221461485692
2022-05-10T18:00:00.0;0.5760672816994226
2022-05-10T19:00:00.0;0.2910637224631691
2022-05-10T20:00:00.0;0.09350350378420955
2022-05-10T21:00:00.0;0.004556971387726812
2022-05-10T22:00:00.0;0.0
2022-05-10T23:00:00.0;0.0
2022-05-11T00:00:00.0;0.0
2022-05-11T01:00:00.0;0.0
2022-05-11T02:00:00.0;0.0
2022-05-11T03:00:00.0;0.0
2022-05-11T04:00:00.0;0.0
2022-05-11T05:00:00.0;0.0
2022-05-11T06:00:00.0;0.00290989656696986
2022-05-11T07:00:00.0;0.06365534844473826
2022-05-11T08:00:00.0;0.3130919582706598
2022-05-11T09:00:00.0;0.7436720702170679
2022-05-11T10:00:00.0;1.2343466090409596
2022-05-11T11:00:00.0;1.5952581505141001
2022-05-11T12:00:00.0;1.7808913413122567
2022-05-11T13:00:00.0;1.962899534082159
2022-05-11T14:00:00.0;1.9264677199587747
2022-05-11T15:00:00.0;1.700006237822359
2022-05-11T16:00:00.0;1.4676903352038573
2022-05-11T17:00:00.0;1.1931872312340357
2022-05-11T18:00:00.0;0.8777114646584219
2022-05-11T19:00:00.0;0.4644457383716179
2022-05-11T20:00:00.0;0.14956345696751527
2022-05-11T21:00:00.0;0.007289100049377783
2022-05-11T22:00:00.0;0.0
2022-05-11T23:00:00.0;0.0
2022-05-12T00:00:00.0;0.0
2022-05-12T01:00:00.0;0.0
2022-05-12T02:00:00.0;0.0
2022-05-12T03:00:00.0;0.0
2022-05-12T04:00:00.0;0.0
2022-05-12T05:00:00.0;0.00020732312374046767
2022-05-12T06:00:00.0;0.021219738998520525
2022-05-12T07:00:00.0;0.12868671456910064
2022-05-12T08:00:00.0;0.4029629393264701
2022-05-12T09:00:00.0;0.8671706807257197
2022-05-12T10:00:00.0;1.3753465299098375
2022-05-12T11:00:00.0;1.787065697740138
2022-05-12T12:00:00.0;2.046975178600115
2022-05-12T13:00:00.0;2.245494208427587
2022-05-12T14:00:00.0;2.2680102957370125
2022-05-12T15:00:00.0;2.1174046329560214
2022-05-12T16:00:00.0;1.841263834258244
2022-05-12T17:00:00.0;1.4810622718591824
2022-05-12T18:00:00.0;1.0624700071186013
2022-05-12T19:00:00.0;0.5957234387961355
2022-05-12T20:00:00.0;0.23650754362436088
2022-05-12T21:00:00.0;0.04137871982159075
2022-05-12T22:00:00.0;0.0010942763054438101
2022-05-12T23:00:00.0;0.0
2022-05-13T00:00:00.0;0.0
2022-05-13T01:00:00.0;0.0
2022-05-13T02:00:00.0;0.0
2022-05-13T03:00:00.0;0.0
2022-05-13T04:00:00.0;0.0
2022-05-13T05:00:00.0;0.0
2022-05-13T06:00:00.0;0.0025695896619848994
2022-05-13T07:00:00.0;0.05621097572687029
2022-05-13T08:00:00.0;0.27727751710447723
2022-05-13T09:00:00.0;0.6730593684231219
2022-05-13T10:00:00.0;1.1468524660917387
2022-05-13T11:00:00.0;1.50323236500639
2022-05-13T12:00:00.0;1.703216188719424
2022-05-13T13:00:00.0;1.8795043615581857
2022-05-13T14:00:00.0;1.8486076489539784
2022-05-13T15:00:00.0;1.6352718231134893
2022-05-13T16:00:00.0;1.401744273884495
2022-05-13T17:00:00.0;1.1194029696369483
2022-05-13T18:00:00.0;0.7968528856347311
2022-05-13T19:00:00.0;0.4106902930693453
2022-05-13T20:00:00.0;0.1320722932893275
2022-05-13T21:00:00.0;0.006436653572040443
2022-05-13T22:00:00.0;0.0
2022-05-13T23:00:00.0;0.0
2022-05-14T00:00:00.0;0.0
2022-05-14T01:00:00.0;0.0
2022-05-14T02:00:00.0;0.0
2022-05-14T03:00:00.0;0.0
2022-05-14T04:00:00.0;0.0
2022-05-14T05:00:00.0;0.00032059516006243365
2022-05-14T06:00:00.0;0.031016965989668382
2022-05-14T07:00:00.0;0.1597007846830909
2022-05-14T08:00:00.0;0.4299987858398467
2022-05-14T09:00:00.0;0.8850477419284548
2022-05-14T10:00:00.0;1.3759386409082288
2022-05-14T11:00:00.0;1.7972922871919377
2022-05-14T12:00:00.0;2.091564742607799
2022-05-14T13:00:00.0;2.289208261868195
2022-05-14T14:00:00.0;2.346596498642235
2022-05-14T15:00:00.0;2.2505129231037615
2022-05-14T16:00:00.0;1.9610312439651554
2022-05-14T17:00:00.0;1.5656163132885166
2022-05-14T18:00:00.0;1.1049734957780082
2022-05-14T19:00:00.0;0.6345952351527354
2022-05-14T20:00:00.0;0.27339883108320656
2022-05-14T21:00:00.0;0.0594866172835829
2022-05-14T22:00:00.0;0.0016921396946317083
2022-05-14T23:00:00.0;0.0
2022-05-15T00:00:00.0;0.0
2022-05-15T01:00:00.0;0.0
2022-05-15T02:00:00.0;0.0
2022-05-15T03:00:00.0;0.0
2022-05-15T04:00:00.0;0.0
2022-05-15T05:00:00.0;0.00032335451315727186
2022-05-15T06:00:00.0;0.0312839281018831
2022-05-15T07:00:00.0;0.16107532463053603
2022-05-15T08:00:00.0;0.43355934969203397
2022-05-15T09:00:00.0;0.8898355459554711
2022-05-15T10:00:00.0;1.3779766606243955
2022-05-15T11:00:00.0;1.796485902972391
2022-05-15T12:00:00.0;2.087047664541933
2022-05-15T13:00:00.0;2.283701072737983
2022-05-15T14:00:00.0;2.341322957781054
2022-05-15T15:00:00.0;2.246625855896305
2022-05-15T16:00:00.0;1.9594684077589437
2022-05-15T17:00:00.0;1.567525454497505
2022-05-15T18:00:00.0;1.1106225920252286
2022-05-15T19:00:00.0;0.6399578140238559
2022-05-15T20:00:00.0;0.27575196676537866
2022-05-15T21:00:00.0;0.059998616845494394
2022-05-15T22:00:00.0;0.0017067038911166813
2022-05-15T23:00:00.0;0.0
2022-05-16T00:00:00.0;0.0
2022-05-16T01:00:00.0;0.0
2022-05-16T02:00:00.0;0.0
2022-05-16T03:00:00.0;0.0
2022-05-16T04:00:00.0;0.0
2022-05-16T05:00:00.0;0.00012591592825377613
2022-05-16T06:00:00.0;0.01382437605135644
2022-05-16T07:00:00.0;0.09864859563714538
2022-05-16T08:00:00.0;0.3455352291855843
2022-05-16T09:00:00.0;0.7664766763307066
2022-05-16T10:00:00.0;1.2342596381353965
2022-05-16T11:00:00.0;1.6017051371702578
2022-05-16T12:00:00.0;1.820180892849072
2022-05-16T13:00:00.0;1.9997363243313837
2022-05-16T14:00:00.0;2.0014824544364824
2022-05-16T15:00:00.0;1.836211062233236
2022-05-16T16:00:00.0;1.592460934421087
2022-05-16T17:00:00.0;1.2841378571057236
2022-05-16T18:00:00.0;0.9278358614136346
2022-05-16T19:00:00.0;0.511321104192046
2022-05-16T20:00:00.0;0.19178804366823018
2022-05-16T21:00:00.0;0.027477506406187856
2022-05-16T22:00:00.0;0.0006645993668248749
2022-05-16T23:00:00.0;0.0
2022-05-17T00:00:00.0;0.0
2022-05-17T01:00:00.0;0.0
2022-05-17T02:00:00.0;0.0
2022-05-17T03:00:00.0;0.0
2022-05-17T04:00:00.0;0.0
2022-05-17T05:00:00.0;0.0003094667543921089
2022-05-17T06:00:00.0;0.029968042916372513
2022-05-17T07:00:00.0;0.15615381722879856
2022-05-17T08:00:00.0;0.4269695178645963
2022-05-17T09:00:00.0;0.8828882402560311
2022-05-17T10:00:00.0;1.3725748100878112
2022-05-17T11:00:00.0;1.7903839394477532
2022-05-17T12:00:00.0;2.077744790268045
2022-05-17T13:00:00.0;2.2753520318909595
2022-05-17T14:00:00.0;2.3382141927333335
2022-05-17T15:00:00.0;2.2511078487958094
2022-05-17T16:00:00.0;1.9630411380656776
2022-05-17T17:00:00.0;1.571064997757885
2022-05-17T18:00:00.0;1.1139992512231032
2022-05-17T19:00:00.0;0.639249425036023
2022-05-17T20:00:00.0;0.2720986735085617
2022-05-17T21:00:00.0;0.057703289309691666
2022-05-17T22:00:00.0;0.0016334026351918405
2022-05-17T23:00:00.0;0.0
2022-05-18T00:00:00.0;0.0
2022-05-18T01:00:00.0;0.0
2022-05-18T02:00:00.0;0.0
2022-05-18T03:00:00.0;0.0
2022-05-18T04:00:00.0;0.0
2022-05-18T05:00:00.0;0.000326002789268306
2022-05-18T06:00:00.0;0.03154014372925315
2022-05-18T07:00:00.0;0.16239453285846833
2022-05-18T08:00:00.0;0.4371091492778405
2022-05-18T09:00:00.0;0.8970762603692873
2022-05-18T10:00:00.0;1.3890775269585385
2022-05-18T11:00:00.0;1.810874579841955
2022-05-18T12:00:00.0;2.1037161024347126
2022-05-18T13:00:00.0;2.3019343914145733
2022-05-18T14:00:00.0;2.3600514429689547
2022-05-18T15:00:00.0;2.2646829974397713
2022-05-18T16:00:00.0;1.9753186372399307
2022-05-18T17:00:00.0;1.580303461316045
2022-05-18T18:00:00.0;1.119718318369439
2022-05-18T19:00:00.0;0.6451990737619709
2022-05-18T20:00:00.0;0.27801037763159797
2022-05-18T21:00:00.0;0.06049000600884815
2022-05-18T22:00:00.0;0.0017206818099628457
2022-05-18T23:00:00.0;0.0
2022-05-19T00:00:00.0;0.0
2022-05-19T01:00:00.0;0.0
2022-05-19T02:00:00.0;0.0
2022-05-19T03:00:00.0;0.0
2022-05-19T04:00:00.0;0.0
2022-05-19T05:00:00.0;0.0003125657877710276
2022-05-19T06:00:00.0;0.030252844185759308
2022-05-19T07:00:00.0;0.1566157935709388
2022-05-19T08:00:00.0;0.4246077158098775
2022-05-19T09:00:00.0;0.8745519370739266
2022-05-19T10:00:00.0;1.3569501184012802
2022-05-19T11:00:00.0;1.7696440589753357
2022-05-19T12:00:00.0;2.054929359043416
2022-05-19T13:00:00.0;2.249404585718883
2022-05-19T14:00:00.0;2.308599901844007
2022-05-19T15:00:00.0;2.2185026055898405
2022-05-19T16:00:00.0;1.9346167112180532
2022-05-19T17:00:00.0;1.547792796041344
2022-05-19T18:00:00.0;1.096969065870005
2022-05-19T19:00:00.0;0.6308741511339919
2022-05-19T20:00:00.0;0.2703039165384655
2022-05-19T21:00:00.0;0.058125762662709586
2022-05-19T22:00:00.0;0.0016497597049443464
2022-05-19T23:00:00.0;0.0
2022-05-20T00:00:00.0;0.0
2022-05-20T01:00:00.0;0.0
2022-05-20T02:00:00.0;0.0
2022-05-20T03:00:00.0;0.0
2022-05-20T04:00:00.0;0.0
2022-05-20T05:00:00.0;0.0003048867089815388
2022-05-20T06:00:00.0;0.029521387618818302
2022-05-20T07:00:00.0;0.15361709607165744
2022-05-20T08:00:00.0;0.41929305216736157
2022-05-20T09:00:00.0;0.8663999468316975
2022-05-20T10:00:00.0;1.3466252904510476
2022-05-20T11:00:00.0;1.7566337703156643
2022-05-20T12:00:00.0;2.0389327959109895
2022-05-20T13:00:00.0;2.2326626749300633
2022-05-20T14:00:00.0;2.2936666374378056
2022-05-20T15:00:00.0;2.2072010347042226
2022-05-20T16:00:00.0;1.9245467473488305
2022-05-20T17:00:00.0;1.539947625922494
2022-05-20T18:00:00.0;1.091739505990113
2022-05-20T19:00:00.0;0.6267619101891373
2022-05-20T20:00:00.0;0.2671459149263789
2022-05-20T21:00:00.0;0.05681746687217943
2022-05-20T22:00:00.0;0.0016092286063607998
2022-05-20T23:00:00.0;0.0
2022-05-21T00:00:00.0;0.0
2022-05-21T01:00:00.0;0.0
2022-05-21T02:00:00.0;0.0
2022-05-21T03:00:00.0;0.0
2022-05-21T04:00:00.0;0.0
2022-05-21T05:00:00.0;0.0
2022-05-21T06:00:00.0;0.003024132226932477
2022-05-21T07:00:00.0;0.0661543069377225
2022-05-21T08:00:00.0;0.32581330835413136
2022-05-21T09:00:00.0;0.7813259247098292
2022-05-21T10:00:00.0;1.311937355034923
2022-05-21T11:00:00.0;1.7061010782558113
2022-05-21T12:00:00.0;1.917716601430873
2022-05-21T13:00:00.0;2.114907045392754
2022-05-21T14:00:00.0;2.0780457465176547
2022-05-21T15:00:00.0;1.8366217562930012
2022-05-21T16:00:00.0;1.5813135281683484
2022-05-21T17:00:00.0;1.2756714414252222
2022-05-21T18:00:00.0;0.9242273306781166
2022-05-21T19:00:00.0;0.48298914876215787
2022-05-21T20:00:00.0;0.15543496470662577
2022-05-21T21:00:00.0;0.007575252885229711
2022-05-21T22:00:00.0;0.0
2022-05-21T23:00:00.0;0.0
2022-05-22T00:00:00.0;0.0
2022-05-22T01:00:00.0;0.0
2022-05-22T02:00:00.0;0.0
2022-05-22T03:00:00.0;0.0
2022-05-22T04:00:00.0;0.0
2022-05-22T05:00:00.0;0.000326002789268306
2022-05-22T06:00:00.0;0.03154014372925315
2022-05-22T07:00:00.0;0.16239453285846833
2022-05-22T08:00:00.0;0.4371091492778405
2022-05-22T09:00:00.0;0.8970762603692873
2022-05-22T10:00:00.0;1.3890775269585385
2022-05-22T11:00:00.0;1.810874579841955
2022-05-22T12:00:00.0;2.1037161024347126
2022-05-22T13:00:00.0;2.3019343914145733
2022-05-22T14:00:00.0;2.3600514429689547
2022-05-22T15:00:00.0;2.2646829974397713
2022-05-22T16:00:00.0;1.9753186372399307
2022-05-22T17:00:00.0;1.580303461316045
2022-05-22T18:00:00.0;1.119718318369439
2022-05-22T19:00:00.0;0.6451990737619709
2022-05-22T20:00:00.0;0.27801037763159797
2022-05-22T21:00:00.0;0.06049000600884815
2022-05-22T22:00:00.0;0.0017206818099628457
2022-05-22T23:00:00.0;0.0
2022-05-23T00:00:00.0;0.0
2022-05-23T01:00:00.0;0.0
2022-05-23T02:00:00.0;0.0
2022-05-23T03:00:00.0;0.0
2022-05-23T04:00:00.0;0.0
2022-05-23T05:00:00.0;0.0003023476879296281
2022-05-23T06:00:00.0;0.029251558107558025
2022-05-23T07:00:00.0;0.15061101671053517
2022-05-23T08:00:00.0;0.40540140227050125
2022-05-23T09:00:00.0;0.8324002877584232
2022-05-23T10:00:00.0;1.2899216583588968
2022-05-23T11:00:00.0;1.682351119595162
2022-05-23T12:00:00.0;1.9548292148974513
2022-05-23T13:00:00.0;2.139069575605495
2022-05-23T14:00:00.0;2.1927636691624977
2022-05-23T15:00:00.0;2.1033918422925244
2022-05-23T16:00:00.0;1.8337402032345593
2022-05-23T17:00:00.0;1.4661669311636643
2022-05-23T18:00:00.0;1.0384728894941393
2022-05-23T19:00:00.0;0.5983827581478751
2022-05-23T20:00:00.0;0.2578376555796185
2022-05-23T21:00:00.0;0.05610078828059464
2022-05-23T22:00:00.0;0.001595827348816528
2022-05-23T23:00:00.0;0.0
2022-05-24T00:00:00.0;0.0
2022-05-24T01:00:00.0;0.0
2022-05-24T02:00:00.0;0.0
2022-05-24T03:00:00.0;0.0
2022-05-24T04:00:00.0;0.0
2022-05-24T05:00:00.0;0.0
2022-05-24T06:00:00.0;0.002798307669677588
2022-05-24T07:00:00.0;0.0612142891231348
2022-05-24T08:00:00.0;0.301090428092719
2022-05-24T09:00:00.0;0.7153739701038352
2022-05-24T10:00:00.0;1.1878769734338603
2022-05-24T11:00:00.0;1.5356027648063684
2022-05-24T12:00:00.0;1.71458524142021
2022-05-24T13:00:00.0;1.8898278108738733
2022-05-24T14:00:00.0;1.8546842565269948
2022-05-24T15:00:00.0;1.636419114510524
2022-05-24T16:00:00.0;1.412333565903111
2022-05-24T17:00:00.0;1.1477119347714009
2022-05-24T18:00:00.0;0.8440542493699492
2022-05-24T19:00:00.0;0.44663514386964476
2022-05-24T20:00:00.0;0.14382798807571048
2022-05-24T21:00:00.0;0.007009577180422305
2022-05-24T22:00:00.0;0.0
2022-05-24T23:00:00.0;0.0
2022-05-25T00:00:00.0;0.0
2022-05-25T01:00:00.0;0.0
2022-05-25T02:00:00.0;0.0
2022-05-25T03:00:00.0;0.0
2022-05-25T04:00:00.0;0.0
2022-05-25T05:00:00.0;0.0002644216638730915
2022-05-25T06:00:00.0;0.0255822881221476
2022-05-25T07:00:00.0;0.13171860485828155
2022-05-25T08:00:00.0;0.35456463946988453
2022-05-25T09:00:00.0;0.7287058474767897
2022-05-25T10:00:00.0;1.1309458922433684
2022-05-25T11:00:00.0;1.4762905419903136
2022-05-25T12:00:00.0;1.7161201264181623
2022-05-25T13:00:00.0;1.87794979286168
2022-05-25T14:00:00.0;1.9245525952418683
2022-05-25T15:00:00.0;1.8447950963881194
2022-05-25T16:00:00.0;1.6067486965359632
2022-05-25T17:00:00.0;1.2831727969888527
2022-05-25T18:00:00.0;0.9082127800195688
2022-05-25T19:00:00.0;0.523322554989268
2022-05-25T20:00:00.0;0.22549490080231185
2022-05-25T21:00:00.0;0.04906359259211391
2022-05-25T22:00:00.0;0.0013956492464611313
2022-05-25T23:00:00.0;0.0
2022-05-26T00:00:00.0;0.0
2022-05-26T01:00:00.0;0.0
2022-05-26T02:00:00.0;0.0
2022-05-26T03:00:00.0;0.0
2022-05-26T04:00:00.0;0.0
2022-05-26T05:00:00.0;0.0
2022-05-26T06:00:00.0;0.0030608844903721307
2022-05-26T07:00:00.0;0.06695827989055503
2022-05-26T08:00:00.0;0.3293309046460396
2022-05-26T09:00:00.0;0.7819614652734208
2022-05-26T10:00:00.0;1.2972234180410434
2022-05-26T11:00:00.0;1.6759762418864013
2022-05-26T12:00:00.0;1.8706083344409001
2022-05-26T13:00:00.0;2.0617709094103627
2022-05-26T14:00:00.0;2.023595985773603
2022-05-26T15:00:00.0;1.7860442571678827
2022-05-26T16:00:00.0;1.5425920848025347
2022-05-26T17:00:00.0;1.2547186267904589
2022-05-26T18:00:00.0;0.9232521337323296
2022-05-26T19:00:00.0;0.48854477280664205
2022-05-26T20:00:00.0;0.1573239650353005
2022-05-26T21:00:00.0;0.007667314894681714
2022-05-26T22:00:00.0;0.0
2022-05-26T23:00:00.0;0.0
2022-05-27T00:00:00.0;0.0
2022-05-27T01:00:00.0;0.0
2022-05-27T02:00:00.0;0.0
2022-05-27T03:00:00.0;0.0
2022-05-27T04:00:00.0;0.0
2022-05-27T05:00:00.0;0.0
2022-05-27T06:00:00.0;0.0027423145861861288
2022-05-27T07:00:00.0;0.059989414232184395
2022-05-27T08:00:00.0;0.29623889342039134
2022-05-27T09:00:00.0;0.7245364227574024
2022-05-27T10:00:00.0;1.2453117414722819
2022-05-27T11:00:00.0;1.639559544634985
2022-05-27T12:00:00.0;1.8667834673322539
2022-05-27T13:00:00.0;2.0608406389105123
2022-05-27T14:00:00.0;2.0287358513813296
2022-05-27T15:00:00.0;1.7969051163247636
2022-05-27T16:00:00.0;1.5377641133216566
2022-05-27T17:00:00.0;1.2215475625007226
2022-05-27T18:00:00.0;0.8596086280123638
2022-05-27T19:00:00.0;0.43853304953698324
2022-05-27T20:00:00.0;0.140950044155534
2022-05-27T21:00:00.0;0.0068693181786848604
2022-05-27T22:00:00.0;0.0
2022-05-27T23:00:00.0;0.0
2022-05-28T00:00:00.0;0.0
2022-05-28T01:00:00.0;0.0
2022-05-28T02:00:00.0;0.0
2022-05-28T03:00:00.0;0.0
2022-05-28T04:00:00.0;0.0
2022-05-28T05:00:00.0;0.0
2022-05-28T06:00:00.0;0.0031908834441585683
2022-05-28T07:00:00.0;0.069802067808881
2022-05-28T08:00:00.0;0.34331246020243367
2022-05-28T09:00:00.0;0.8149282164299347
2022-05-28T10:00:00.0;1.3513596641940755
2022-05-28T11:00:00.0;1.7454736373971693
2022-05-28T12:00:00.0;1.9478536861271742
2022-05-28T13:00:00.0;2.146898084236448
2022-05-28T14:00:00.0;2.1072223623373643
2022-05-28T15:00:00.0;1.8601220525884872
2022-05-28T16:00:00.0;1.607081673540433
2022-05-28T17:00:00.0;1.3076964866557341
2022-05-28T18:00:00.0;0.9624621526592694
2022-05-28T19:00:00.0;0.5092937783775693
2022-05-28T20:00:00.0;0.16400567776391006
2022-05-28T21:00:00.0;0.007992953747697892
2022-05-28T22:00:00.0;0.0
2022-05-28T23:00:00.0;0.0
2022-05-29T00:00:00.0;0.0
2022-05-29T01:00:00.0;0.0
2022-05-29T02:00:00.0;0.0
2022-05-29T03:00:00.0;0.0
2022-05-29T04:00:00.0;0.0
2022-05-29T05:00:00.0;1.5638125484569713e-6
2022-05-29T06:00:00.0;0.0033268728603007016
2022-05-29T07:00:00.0;0.07024622737899418
2022-05-29T08:00:00.0;0.34376239635086064
2022-05-29T09:00:00.0;0.815322274843459
2022-05-29T10:00:00.0;1.3515405941401795
2022-05-29T11:00:00.0;1.7457873611377104
2022-05-29T12:00:00.0;1.9486013472223496
2022-05-29T13:00:00.0;2.1476417825439857
2022-05-29T14:00:00.0;2.1084351657302247
2022-05-29T15:00:00.0;1.8620627031074415
2022-05-29T16:00:00.0;1.6088480804657586
2022-05-29T17:00:00.0;1.3090041632211018
2022-05-29T18:00:00.0;0.9632164994727177
2022-05-29T19:00:00.0;0.5099457065613768
2022-05-29T20:00:00.0;0.164552550324836
2022-05-29T21:00:00.0;0.008244778430754275
2022-05-29T22:00:00.0;8.253990134136419e-6
2022-05-29T23:00:00.0;0.0
2022-05-30T00:00:00.0;0.0
2022-05-30T01:00:00.0;0.0
2022-05-30T02:00:00.0;0.0
2022-05-30T03:00:00.0;0.0
2022-05-30T04:00:00.0;0.0
2022-05-30T05:00:00.0;0.00030689628171821595
2022-05-30T06:00:00.0;0.02972366497387486
2022-05-30T07:00:00.0;0.15518371834404757
2022-05-30T08:00:00.0;0.425393345241218
2022-05-30T09:00:00.0;0.8806827588168098
2022-05-30T10:00:00.0;1.370009516589171
2022-05-30T11:00:00.0;1.7871987362476998
2022-05-30T12:00:00.0;2.0737076345212553
2022-05-30T13:00:00.0;2.2712198908260297
2022-05-30T14:00:00.0;2.3348196634266474
2022-05-30T15:00:00.0;2.2489976362270414
2022-05-30T16:00:00.0;1.9611326408734886
2022-05-30T17:00:00.0;1.569628908737585
2022-05-30T18:00:00.0;1.1131102408932465
2022-05-30T19:00:00.0;0.638324571551871
2022-05-30T20:00:00.0;0.27117971838914073
2022-05-30T21:00:00.0;0.05727010329026848
2022-05-30T22:00:00.0;0.001619835372215652
2022-05-30T23:00:00.0;0.0
2022-05-31T00:00:00.0;0.0
2022-05-31T01:00:00.0;0.0
2022-05-31T02:00:00.0;0.0
2022-05-31T03:00:00.0;0.0
2022-05-31T04:00:00.0;0.0
2022-05-31T05:00:00.0;0.0003187703898072042
2022-05-31T06:00:00.0;0.030852550775017046
2022-05-31T07:00:00.0;0.15966501827441992
2022-05-31T08:00:00.0;0.43267435790748127
2022-05-31T09:00:00.0;0.89087081693684
2022-05-31T10:00:00.0;1.3818596998617676
2022-05-31T11:00:00.0;1.8019125464612697
2022-05-31T12:00:00.0;2.092356976409362
2022-05-31T13:00:00.0;2.2903080103544955
2022-05-31T14:00:00.0;2.35050044008232
2022-05-31T15:00:00.0;2.258745606857807
2022-05-31T16:00:00.0;1.969948802265806
2022-05-31T17:00:00.0;1.5762628155772274
2022-05-31T18:00:00.0;1.1172169582515608
2022-05-31T19:00:00.0;0.6425968637060868
2022-05-31T20:00:00.0;0.2754247634844492
2022-05-31T21:00:00.0;0.05927117401531901
2022-05-31T22:00:00.0;0.0016825083384320214
2022-05-31T23:00:00.0;0.0
2022-06-01T00:00:00.0;0.0
2022-06-01T01:00:00.0;0.0
2022-06-01T02:00:00.0;0.0
2022-06-01T03:00:00.0;0.0
2022-06-01T04:00:00.0;0.0
2022-06-01T05:00:00.0;0.00031567857308842823
2022-06-01T06:00:00.0;0.03055860802433609
2022-06-01T07:00:00.0;0.15849816364056124
2022-06-01T08:00:00.0;0.4307785054760848
2022-06-01T09:00:00.0;0.8882180190853043
2022-06-01T10:00:00.0;1.378774112760135
2022-06-01T11:00:00.0;1.7980813193851577
2022-06-01T12:00:00.0;2.0875010035134025
2022-06-01T13:00:00.0;2.285337787189454
2022-06-01T14:00:00.0;2.3464174313153405
2022-06-01T15:00:00.0;2.2562074003378334
2022-06-01T16:00:00.0;1.967653223096077
2022-06-01T17:00:00.0;1.5745354585476388
2022-06-01T18:00:00.0;1.1161476385778162
2022-06-01T19:00:00.0;0.6414844311586562
2022-06-01T20:00:00.0;0.2743194256098678
2022-06-01T21:00:00.0;0.0587501290764657
2022-06-01T22:00:00.0;0.0016661893590770368
2022-06-01T23:00:00.0;0.0
2022-06-02T00:00:00.0;0.0
2022-06-02T01:00:00.0;0.0
2022-06-02T02:00:00.0;0.0
2022-06-02T03:00:00.0;0.0
2022-06-02T04:00:00.0;0.0
2022-06-02T05:00:00.0;0.000326002789268306
2022-06-02T06:00:00.0;0.03154014372925315
2022-06-02T07:00:00.0;0.16239453285846833
2022-06-02T08:00:00.0;0.4371091492778405
2022-06-02T09:00:00.0;0.8970762603692873
2022-06-02T10:00:00.0;1.3890775269585385
2022-06-02T11:00:00.0;1.810874579841955
2022-06-02T12:00:00.0;2.1037161024347126
2022-06-02T13:00:00.0;2.3019343914145733
2022-06-02T14:00:00.0;2.3600514429689547
2022-06-02T15:00:00.0;2.2646829974397713
2022-06-02T16:00:00.0;1.9753186372399307
2022-06-02T17:00:00.0;1.580303461316045
2022-06-02T18:00:00.0;1.119718318369439
2022-06-02T19:00:00.0;0.6451990737619709
2022-06-02T20:00:00.0;0.27801037763159797
2022-06-02T21:00:00.0;0.06049000600884815
2022-06-02T22:00:00.0;0.0017206818099628457
2022-06-02T23:00:00.0;0.0
2022-06-03T00:00:00.0;0.0
2022-06-03T01:00:00.0;0.0
2022-06-03T02:00:00.0;0.0
2022-06-03T03:00:00.0;0.0
2022-06-03T04:00:00.0;0.0
2022-06-03T05:00:00.0;0.000278172264700047
2022-06-03T06:00:00.0;0.027380792842711478
2022-06-03T07:00:00.0;0.1488095381278097
2022-06-03T08:00:00.0;0.4233474730317202
2022-06-03T09:00:00.0;0.8850236517315071
2022-06-03T10:00:00.0;1.3835436320932002
2022-06-03T11:00:00.0;1.8012790748727687
2022-06-03T12:00:00.0;2.0808482578092167
2022-06-03T13:00:00.0;2.2791877519882693
2022-06-03T14:00:00.0;2.3229568292085587
2022-06-03T15:00:00.0;2.205326565994819
2022-06-03T16:00:00.0;1.9212915929354903
2022-06-03T17:00:00.0;1.5403070716279876
2022-06-03T18:00:00.0;1.0966459854167292
2022-06-03T19:00:00.0;0.6252593009016529
2022-06-03T20:00:00.0;0.26128381952405183
2022-06-03T21:00:00.0;0.052787735873142165
2022-06-03T22:00:00.0;0.0014682265663426783
2022-06-03T23:00:00.0;0.0
2022-06-04T00:00:00.0;0.0
2022-06-04T01:00:00.0;0.0
2022-06-04T02:00:00.0;0.0
2022-06-04T03:00:00.0;0.0
2022-06-04T04:00:00.0;0.0
2022-06-04T05:00:00.0;0.0
2022-06-04T06:00:00.0;0.0025623406663161092
2022-06-04T07:00:00.0;0.056052400556051846
2022-06-04T08:00:00.0;0.2773521290241259
2022-06-04T09:00:00.0;0.6882696040913433
2022-06-04T10:00:00.0;1.202763401329849
2022-06-04T11:00:00.0;1.5970648994871974
2022-06-04T12:00:00.0;1.8342566327071483
2022-06-04T13:00:00.0;2.026312839010814
2022-06-04T14:00:00.0;1.9972456469620414
2022-06-04T15:00:00.0;1.7715413407987894
2022-06-04T16:00:00.0;1.5099526573842366
2022-06-04T17:00:00.0;1.1869830596441397
2022-06-04T18:00:00.0;0.818341938017829
2022-06-04T19:00:00.0;0.4101425683077173
2022-06-04T20:00:00.0;0.13169970793214564
2022-06-04T21:00:00.0;0.006418495313328746
2022-06-04T22:00:00.0;0.0
2022-06-04T23:00:00.0;0.0
2022-06-05T00:00:00.0;0.0
2022-06-05T01:00:00.0;0.0
2022-06-05T02:00:00.0;0.0
2022-06-05T03:00:00.0;0.0
2022-06-05T04:00:00.0;0.0
2022-06-05T05:00:00.0;0.00013319127071121877
2022-06-05T06:00:00.0;0.014063029043961114
2022-06-05T07:00:00.0;0.09209576567963645
2022-06-05T08:00:00.0;0.3069885892734281
2022-06-05T09:00:00.0;0.7030145005968161
2022-06-05T10:00:00.0;1.191306060758366
2022-06-05T11:00:00.0;1.5952000218472002
2022-06-05T12:00:00.0;1.8738513720112322
2022-06-05T13:00:00.0;2.0644734434696335
2022-06-05T14:00:00.0;2.075721454282502
2022-06-05T15:00:00.0;1.9135961206184862
2022-06-05T16:00:00.0;1.6382085882245836
2022-06-05T17:00:00.0;1.2755727103242938
2022-06-05T18:00:00.0;0.8607382796613612
2022-06-05T19:00:00.0;0.4527058635283933
2022-06-05T20:00:00.0;0.17408075194786102
2022-06-05T21:00:00.0;0.0276620987631887
2022-06-05T22:00:00.0;0.0007029994966393133
2022-06-05T23:00:00.0;0.0
2022-06-06T00:00:00.0;0.0
2022-06-06T01:00:00.0;0.0
2022-06-06T02:00:00.0;0.0
2022-06-06T03:00:00.0;0.0
2022-06-06T04:00:00.0;0.0
2022-06-06T05:00:00.0;1.5339724952078152e-5
2022-06-06T06:00:00.0;0.004031500646795431
2022-06-06T07:00:00.0;0.06336713008730642
2022-06-06T08:00:00.0;0.2946679028900417
2022-06-06T09:00:00.0;0.6936893605381311
2022-06-06T10:00:00.0;1.14769489516678
2022-06-06T11:00:00.0;1.484818036275431
2022-06-06T12:00:00.0;1.6620522374819884
2022-06-06T13:00:00.0;1.83114733846131
2022-06-06T14:00:00.0;1.8017684758450028
2022-06-06T15:00:00.0;1.598043293264219
2022-06-06T16:00:00.0;1.3796796409999403
2022-06-06T17:00:00.0;1.1194800977485058
2022-06-06T18:00:00.0;0.8210650968602872
2022-06-06T19:00:00.0;0.43694906409978257
2022-06-06T20:00:00.0;0.14401387842082686
2022-06-06T21:00:00.0;0.009227394113848616
2022-06-06T22:00:00.0;8.09649075522194e-5
2022-06-06T23:00:00.0;0.0
2022-06-07T00:00:00.0;0.0
2022-06-07T01:00:00.0;0.0
2022-06-07T02:00:00.0;0.0
2022-06-07T03:00:00.0;0.0
2022-06-07T04:00:00.0;0.0
2022-06-07T05:00:00.0;0.0002314626610381754
2022-06-07T06:00:00.0;0.023146678899649754
2022-06-07T07:00:00.0;0.1317751127582633
2022-06-07T08:00:00.0;0.39138382793605186
2022-06-07T09:00:00.0;0.8295751092426975
2022-06-07T10:00:00.0;1.3064130956675835
2022-06-07T11:00:00.0;1.699829781046849
2022-06-07T12:00:00.0;1.956172223734865
2022-06-07T13:00:00.0;2.1441872779282103
2022-06-07T14:00:00.0;2.1759330707263738
2022-06-07T15:00:00.0;2.049213831239492
2022-06-07T16:00:00.0;1.7830869803682994
2022-06-07T17:00:00.0;1.431056450037929
2022-06-07T18:00:00.0;1.0221641228911031
2022-06-07T19:00:00.0;0.5782959978110148
2022-06-07T20:00:00.0;0.2360965012594967
2022-06-07T21:00:00.0;0.04483452422243744
2022-06-07T22:00:00.0;0.0012216876776664574
2022-06-07T23:00:00.0;0.0
2022-06-08T00:00:00.0;0.0
2022-06-08T01:00:00.0;0.0
2022-06-08T02:00:00.0;0.0
2022-06-08T03:00:00.0;0.0
2022-06-08T04:00:00.0;0.0
2022-06-08T05:00:00.0;0.00025836493637057127
2022-06-08T06:00:00.0;0.024996311369043234
2022-06-08T07:00:00.0;0.1287015158461587
2022-06-08T08:00:00.0;0.34644608691782697
2022-06-08T09:00:00.0;0.7121460054175225
2022-06-08T10:00:00.0;1.1055577077758696
2022-06-08T11:00:00.0;1.443382985803986
2022-06-08T12:00:00.0;1.6779986534385851
2022-06-08T13:00:00.0;1.8362493665992545
2022-06-08T14:00:00.0;1.8817197007240054
2022-06-08T15:00:00.0;1.803497595214608
2022-06-08T16:00:00.0;1.5704985032805237
2022-06-08T17:00:00.0;1.2539489162149482
2022-06-08T18:00:00.0;0.8874104415946437
2022-06-08T19:00:00.0;0.511335556401233
2022-06-08T20:00:00.0;0.22032981278583627
2022-06-08T21:00:00.0;0.0479397633026661
2022-06-08T22:00:00.0;0.0013636811124924646
2022-06-08T23:00:00.0;0.0
2022-06-09T00:00:00.0;0.0
2022-06-09T01:00:00.0;0.0
2022-06-09T02:00:00.0;0.0
2022-06-09T03:00:00.0;0.0
2022-06-09T04:00:00.0;0.0
2022-06-09T05:00:00.0;0.000326002789268306
2022-06-09T06:00:00.0;0.03154014372925315
2022-06-09T07:00:00.0;0.16239453285846833
2022-06-09T08:00:00.0;0.4371091492778405
2022-06-09T09:00:00.0;0.8970762603692873
2022-06-09T10:00:00.0;1.3890775269585385
2022-06-09T11:00:00.0;1.810874579841955
2022-06-09T12:00:00.0;2.1037161024347126
2022-06-09T13:00:00.0;2.3019343914145733
2022-06-09T14:00:00.0;2.3600514429689547
2022-06-09T15:00:00.0;2.2646829974397713
2022-06-09T16:00:00.0;1.9753186372399307
2022-06-09T17:00:00.0;1.580303461316045
2022-06-09T18:00:00.0;1.119718318369439
2022-06-09T19:00:00.0;0.6451990737619709
2022-06-09T20:00:00.0;0.27801037763159797
2022-06-09T21:00:00.0;0.06049000600884815
2022-06-09T22:00:00.0;0.0017206818099628457
2022-06-09T23:00:00.0;0.0
2022-06-10T00:00:00.0;0.0
2022-06-10T01:00:00.0;0.0
2022-06-10T02:00:00.0;0.0
2022-06-10T03:00:00.0;0.0
2022-06-10T04:00:00.0;0.0
2022-06-10T05:00:00.0;0.00016259800508231442
2022-06-10T06:00:00.0;0.01687823447144332
2022-06-10T07:00:00.0;0.10609163539082776
2022-06-10T08:00:00.0;0.3414600168588466
2022-06-10T09:00:00.0;0.7412260180383116
2022-06-10T10:00:00.0;1.1818594385418832
2022-06-10T11:00:00.0;1.5363470657486866
2022-06-10T12:00:00.0;1.756894714485835
2022-06-10T13:00:00.0;1.928110223466261
2022-06-10T14:00:00.0;1.9424303957813511
2022-06-10T15:00:00.0;1.8042229288069314
2022-06-10T16:00:00.0;1.5664180036291657
2022-06-10T17:00:00.0;1.2593796068499206
2022-06-10T18:00:00.0;0.9045039223750919
2022-06-10T19:00:00.0;0.5049030147610635
2022-06-10T20:00:00.0;0.19762467787532031
2022-06-10T21:00:00.0;0.033043788976185144
2022-06-10T22:00:00.0;0.0008582117665598295
2022-06-10T23:00:00.0;0.0
2022-06-11T00:00:00.0;0.0
2022-06-11T01:00:00.0;0.0
2022-06-11T02:00:00.0;0.0
2022-06-11T03:00:00.0;0.0
2022-06-11T04:00:00.0;0.0
2022-06-11T05:00:00.0;5.365341062782084e-5
2022-06-11T06:00:00.0;0.007856593533587634
2022-06-11T07:00:00.0;0.08504089922961154
2022-06-11T08:00:00.0;0.35874948233892523
2022-06-11T09:00:00.0;0.8284481091389596
2022-06-11T10:00:00.0;1.3575672551887645
2022-06-11T11:00:00.0;1.7562372987397985
2022-06-11T12:00:00.0;1.9735054612005163
2022-06-11T13:00:00.0;2.1724138985947197
2022-06-11T14:00:00.0;2.148832872824797
2022-06-11T15:00:00.0;1.92670453351389
2022-06-11T16:00:00.0;1.6676859679578362
2022-06-11T17:00:00.0;1.352562035150842
2022-06-11T18:00:00.0;0.9883433104602238
2022-06-11T19:00:00.0;0.5316610183515602
2022-06-11T20:00:00.0;0.18276852635557764
2022-06-11T21:00:00.0;0.016632897927437766
2022-06-11T22:00:00.0;0.00028318913441497334
2022-06-11T23:00:00.0;0.0
2022-06-12T00:00:00.0;0.0
2022-06-12T01:00:00.0;0.0
2022-06-12T02:00:00.0;0.0
2022-06-12T03:00:00.0;0.0
2022-06-12T04:00:00.0;0.0
2022-06-12T05:00:00.0;0.0003121571111309713
2022-06-12T06:00:00.0;0.03033612110656357
2022-06-12T07:00:00.0;0.15846203439151846
2022-06-12T08:00:00.0;0.43312550616177836
2022-06-12T09:00:00.0;0.8935873473494057
2022-06-12T10:00:00.0;1.3874756100269778
2022-06-12T11:00:00.0;1.808096933672113
2022-06-12T12:00:00.0;2.0970964632140023
2022-06-12T13:00:00.0;2.2953498379093498
2022-06-12T14:00:00.0;2.349313528480431
2022-06-12T15:00:00.0;2.2475008725815178
2022-06-12T16:00:00.0;1.9596792297087993
2022-06-12T17:00:00.0;1.5687255590606357
2022-06-12T18:00:00.0;1.113039485159388
2022-06-12T19:00:00.0;0.6394270342610968
2022-06-12T20:00:00.0;0.2731684792415436
2022-06-12T21:00:00.0;0.05826040150025449
2022-06-12T22:00:00.0;0.0016476026606372107
2022-06-12T23:00:00.0;0.0
2022-06-13T00:00:00.0;0.0
2022-06-13T01:00:00.0;0.0
2022-06-13T02:00:00.0;0.0
2022-06-13T03:00:00.0;0.0
2022-06-13T04:00:00.0;0.0
2022-06-13T05:00:00.0;0.00019273571507860124
2022-06-13T06:00:00.0;0.019951215358068045
2022-06-13T07:00:00.0;0.12454354717559629
2022-06-13T08:00:00.0;0.39876588740018465
2022-06-13T09:00:00.0;0.8634948622138416
2022-06-13T10:00:00.0;1.3736587962581337
2022-06-13T11:00:00.0;1.7841392495448494
2022-06-13T12:00:00.0;2.040000916917241
2022-06-13T13:00:00.0;2.238556912046443
2022-06-13T14:00:00.0;2.2566971375611122
2022-06-13T15:00:00.0;2.0993020398940967
2022-06-13T16:00:00.0;1.8247866038457503
2022-06-13T17:00:00.0;1.4688641267072027
2022-06-13T18:00:00.0;1.0554333803493607
2022-06-13T19:00:00.0;0.5896421838242577
2022-06-13T20:00:00.0;0.23140625860138309
2022-06-13T21:00:00.0;0.039029672573879945
2022-06-13T22:00:00.0;0.0010172822134751367
2022-06-13T23:00:00.0;0.0
2022-06-14T00:00:00.0;0.0
2022-06-14T01:00:00.0;0.0
2022-06-14T02:00:00.0;0.0
2022-06-14T03:00:00.0;0.0
2022-06-14T04:00:00.0;0.0
2022-06-14T05:00:00.0;0.000326002789268306
2022-06-14T06:00:00.0;0.03154014372925315
2022-06-14T07:00:00.0;0.16239453285846833
2022-06-14T08:00:00.0;0.4371091492778405
2022-06-14T09:00:00.0;0.8970762603692873
2022-06-14T10:00:00.0;1.3890775269585385
2022-06-14T11:00:00.0;1.810874579841955
2022-06-14T12:00:00.0;2.1037161024347126
2022-06-14T13:00:00.0;2.3019343914145733
2022-06-14T14:00:00.0;2.3600514429689547
2022-06-14T15:00:00.0;2.2646829974397713
2022-06-14T16:00:00.0;1.9753186372399307
2022-06-14T17:00:00.0;1.580303461316045
2022-06-14T18:00:00.0;1.119718318369439
2022-06-14T19:00:00.0;0.6451990737619709
2022-06-14T20:00:00.0;0.27801037763159797
2022-06-14T21:00:00.0;0.06049000600884815
2022-06-14T22:00:00.0;0.0017206818099628457
2022-06-14T23:00:00.0;0.0
2022-06-15T00:00:00.0;0.0
2022-06-15T01:00:00.0;0.0
2022-06-15T02:00:00.0;0.0
2022-06-15T03:00:00.0;0.0
2022-06-15T04:00:00.0;0.0
2022-06-15T05:00:00.0;0.000326002789268306
2022-06-15T06:00:00.0;0.03154014372925315
2022-06-15T07:00:00.0;0.16239453285846833
2022-06-15T08:00:00.0;0.4371091492778405
2022-06-15T09:00:00.0;0.8970762603692873
2022-06-15T10:00:00.0;1.3890775269585385
2022-06-15T11:00:00.0;1.810874579841955
2022-06-15T12:00:00.0;2.1037161024347126
2022-06-15T13:00:00.0;2.3019343914145733
2022-06-15T14:00:00.0;2.3600514429689547
2022-06-15T15:00:00.0;2.2646829974397713
2022-06-15T16:00:00.0;1.9753186372399307
2022-06-15T17:00:00.0;1.580303461316045
2022-06-15T18:00:00.0;1.119718318369439
2022-06-15T19:00:00.0;0.6451990737619709
2022-06-15T20:00:00.0;0.27801037763159797
2022-06-15T21:00:00.0;0.06049000600884815
2022-06-15T22:00:00.0;0.0017206818099628457
2022-06-15T23:00:00.0;0.0
2022-06-16T00:00:00.0;0.0
2022-06-16T01:00:00.0;0.0
2022-06-16T02:00:00.0;0.0
2022-06-16T03:00:00.0;0.0
2022-06-16T04:00:00.0;0.0
2022-06-16T05:00:00.0;0.00032171238986550033
2022-06-16T06:00:00.0;0.03113225027479253
2022-06-16T07:00:00.0;0.16077533195504273
2022-06-16T08:00:00.0;0.43447834516514033
2022-06-16T09:00:00.0;0.8933950711678463
2022-06-16T10:00:00.0;1.3847957721644217
2022-06-16T11:00:00.0;1.805558128106785
2022-06-16T12:00:00.0;2.0969776489273158
2022-06-16T13:00:00.0;2.29503739704566
2022-06-16T14:00:00.0;2.3543856031185144
2022-06-16T15:00:00.0;2.2611608223796007
2022-06-16T16:00:00.0;1.97213314715603
2022-06-16T17:00:00.0;1.5779064720239004
2022-06-16T18:00:00.0;1.118234463113149
2022-06-16T19:00:00.0;0.6436553923696768
2022-06-16T20:00:00.0;0.27647654125371585
2022-06-16T21:00:00.0;0.059766971269785044
2022-06-16T22:00:00.0;0.0016980365674897596
2022-06-16T23:00:00.0;0.0
2022-06-17T00:00:00.0;0.0
2022-06-17T01:00:00.0;0.0
2022-06-17T02:00:00.0;0.0
2022-06-17T03:00:00.0;0.0
2022-06-17T04:00:00.0;0.0
2022-06-17T05:00:00.0;0.00018596608002186595
2022-06-17T06:00:00.0;0.01910627429965191
2022-06-17T07:00:00.0;0.11967073135419527
2022-06-17T08:00:00.0;0.3865356577630004
2022-06-17T09:00:00.0;0.8426429619397127
2022-06-17T10:00:00.0;1.3450014007863333
2022-06-17T11:00:00.0;1.7499706145586853
2022-06-17T12:00:00.0;2.0022493108346016
2022-06-17T13:00:00.0;2.1995749598677032
2022-06-17T14:00:00.0;2.234227414834653
2022-06-17T15:00:00.0;2.104171153219114
2022-06-17T16:00:00.0;1.82936906866625
2022-06-17T17:00:00.0;1.4719711164004785
2022-06-17T18:00:00.0;1.0564810134927687
2022-06-17T19:00:00.0;0.5886235181062253
2022-06-17T20:00:00.0;0.22879247043166487
2022-06-17T21:00:00.0;0.03770286632875459
2022-06-17T22:00:00.0;0.0009815512679566788
2022-06-17T23:00:00.0;0.0
2022-06-18T00:00:00.0;0.0
2022-06-18T01:00:00.0;0.0
2022-06-18T02:00:00.0;0.0
2022-06-18T03:00:00.0;0.0
2022-06-18T04:00:00.0;0.0
2022-06-18T05:00:00.0;0.000326002789268306
2022-06-18T06:00:00.0;0.03154014372925315
2022-06-18T07:00:00.0;0.16239453285846833
2022-06-18T08:00:00.0;0.4371091492778405
2022-06-18T09:00:00.0;0.8970762603692873
2022-06-18T10:00:00.0;1.3890775269585385
2022-06-18T11:00:00.0;1.810874579841955
2022-06-18T12:00:00.0;2.1037161024347126
2022-06-18T13:00:00.0;2.3019343914145733
2022-06-18T14:00:00.0;2.3600514429689547
2022-06-18T15:00:00.0;2.2646829974397713
2022-06-18T16:00:00.0;1.9753186372399307
2022-06-18T17:00:00.0;1.580303461316045
2022-06-18T18:00:00.0;1.119718318369439
2022-06-18T19:00:00.0;0.6451990737619709
2022-06-18T20:00:00.0;0.27801037763159797
2022-06-18T21:00:00.0;0.06049000600884815
2022-06-18T22:00:00.0;0.0017206818099628457
2022-06-18T23:00:00.0;0.0
2022-06-19T00:00:00.0;0.0
2022-06-19T01:00:00.0;0.0
2022-06-19T02:00:00.0;0.0
2022-06-19T03:00:00.0;0.0
2022-06-19T04:00:00.0;0.0
2022-06-19T05:00:00.0;9.529312301688926e-5
2022-06-19T06:00:00.0;0.01147759029672466
2022-06-19T07:00:00.0;0.09686755759260647
2022-06-19T08:00:00.0;0.37072995393216795
2022-06-19T09:00:00.0;0.8389407215814377
2022-06-19T10:00:00.0;1.362384885617534
2022-06-19T11:00:00.0;1.7645908359579527
2022-06-19T12:00:00.0;1.9934134693555317
2022-06-19T13:00:00.0;2.192216389411592
2022-06-19T14:00:00.0;2.18112624744506
2022-06-19T15:00:00.0;1.9783783287757855
2022-06-19T16:00:00.0;1.7147201706218245
2022-06-19T17:00:00.0;1.3873816023256709
2022-06-19T18:00:00.0;1.008429339559165
2022-06-19T19:00:00.0;0.549019941643779
2022-06-19T20:00:00.0;0.19733012849446493
2022-06-19T21:00:00.0;0.02333824594711101
2022-06-19T22:00:00.0;0.0005029685290660616
2022-06-19T23:00:00.0;0.0
2022-06-20T00:00:00.0;0.0
2022-06-20T01:00:00.0;0.0
2022-06-20T02:00:00.0;0.0
2022-06-20T03:00:00.0;0.0
2022-06-20T04:00:00.0;0.0
2022-06-20T05:00:00.0;0.00020481735989978225
2022-06-20T06:00:00.0;0.02096381715323333
2022-06-20T07:00:00.0;0.1275373151562129
2022-06-20T08:00:00.0;0.40071637427760465
2022-06-20T09:00:00.0;0.8636985640047976
2022-06-20T10:00:00.0;1.3709209275311547
2022-06-20T11:00:00.0;1.781694902616591
2022-06-20T12:00:00.0;2.040656172309698
2022-06-20T13:00:00.0;2.23899646014958
2022-06-20T14:00:00.0;2.2635120988825146
2022-06-20T15:00:00.0;2.1162639238641625
2022-06-20T16:00:00.0;1.8402478793034085
2022-06-20T17:00:00.0;1.4802678089614143
2022-06-20T18:00:00.0;1.0619012267966144
2022-06-20T19:00:00.0;0.5949464095910378
2022-06-20T20:00:00.0;0.23559470566860727
2022-06-20T21:00:00.0;0.040940094891335745
2022-06-20T22:00:00.0;0.0010810505834479732
2022-06-20T23:00:00.0;0.0
2022-06-21T00:00:00.0;0.0
2022-06-21T01:00:00.0;0.0
2022-06-21T02:00:00.0;0.0
2022-06-21T03:00:00.0;0.0
2022-06-21T04:00:00.0;0.0
2022-06-21T05:00:00.0;0.0002899709020333882
2022-06-21T06:00:00.0;0.028114548679669855
2022-06-21T07:00:00.0;0.14879606360529007
2022-06-21T08:00:00.0;0.415014973834878
2022-06-21T09:00:00.0;0.8661606784516733
2022-06-21T10:00:00.0;1.3531182393900443
2022-06-21T11:00:00.0;1.7662256389330373
2022-06-21T12:00:00.0;2.047124821735417
2022-06-21T13:00:00.0;2.244011643430314
2022-06-21T14:00:00.0;2.3124682500269023
2022-06-21T15:00:00.0;2.2351028575332834
2022-06-21T16:00:00.0;1.9485660651096994
2022-06-21T17:00:00.0;1.5601729233942438
2022-06-21T18:00:00.0;1.1072565169733668
2022-06-21T19:00:00.0;0.6322348369551585
2022-06-21T20:00:00.0;0.2651288218098901
2022-06-21T21:00:00.0;0.05441777269466922
2022-06-21T22:00:00.0;0.0015305011888616903
2022-06-21T23:00:00.0;0.0
2022-06-22T00:00:00.0;0.0
2022-06-22T01:00:00.0;0.0
2022-06-22T02:00:00.0;0.0
2022-06-22T03:00:00.0;0.0
2022-06-22T04:00:00.0;0.0
2022-06-22T05:00:00.0;0.00028789387595217717
2022-06-22T06:00:00.0;0.027917083300871795
2022-06-22T07:00:00.0;0.14801219194407922
2022-06-22T08:00:00.0;0.4137413747491933
2022-06-22T09:00:00.0;0.8643785772383772
2022-06-22T10:00:00.0;1.3510453982520105
2022-06-22T11:00:00.0;1.7636518904595908
2022-06-22T12:00:00.0;2.043862667710144
2022-06-22T13:00:00.0;2.240672738158038
2022-06-22T14:00:00.0;2.309725359205681
2022-06-22T15:00:00.0;2.233397736686543
2022-06-22T16:00:00.0;1.9470239368916658
2022-06-22T17:00:00.0;1.5590125164463704
2022-06-22T18:00:00.0;1.1065381675194579
2022-06-22T19:00:00.0;0.6314875250590264
2022-06-22T20:00:00.0;0.26438627598558107
2022-06-22T21:00:00.0;0.054067744207886945
2022-06-22T22:00:00.0;0.0015195383961666348
2022-06-22T23:00:00.0;0.0
2022-06-23T00:00:00.0;0.0
2022-06-23T01:00:00.0;0.0
2022-06-23T02:00:00.0;0.0
2022-06-23T03:00:00.0;0.0
2022-06-23T04:00:00.0;0.0
2022-06-23T05:00:00.0;0.00028131900927207105
2022-06-23T06:00:00.0;0.027292002782490974
2022-06-23T07:00:00.0;0.14553083087047644
2022-06-23T08:00:00.0;0.4097097719359058
2022-06-23T09:00:00.0;0.8587373009954489
2022-06-23T10:00:00.0;1.3444837790913764
2022-06-23T11:00:00.0;1.7555046393325504
2022-06-23T12:00:00.0;2.0335362553457714
2022-06-23T13:00:00.0;2.2301033682202664
2022-06-23T14:00:00.0;2.301042684668873
2022-06-23T15:00:00.0;2.22800014329944
2022-06-23T16:00:00.0;1.9421422998583513
2022-06-23T17:00:00.0;1.5553392255590033
2022-06-23T18:00:00.0;1.1042642182744755
2022-06-23T19:00:00.0;0.6291218946367731
2022-06-23T20:00:00.0;0.26203573265689306
2022-06-23T21:00:00.0;0.05295972218753227
2022-06-23T22:00:00.0;0.0014848354614930349
2022-06-23T23:00:00.0;0.0
2022-06-24T00:00:00.0;0.0
2022-06-24T01:00:00.0;0.0
2022-06-24T02:00:00.0;0.0
2022-06-24T03:00:00.0;0.0
2022-06-24T04:00:00.0;0.0
2022-06-24T05:00:00.0;0.00023166826095748333
2022-06-24T06:00:00.0;0.022571646157103522
2022-06-24T07:00:00.0;0.12679259021293704
2022-06-24T08:00:00.0;0.3792647292717569
2022-06-24T09:00:00.0;0.8161366521095659
2022-06-24T10:00:00.0;1.2949330707147977
2022-06-24T11:00:00.0;1.6939798761934928
2022-06-24T12:00:00.0;1.95555534314759
2022-06-24T13:00:00.0;2.1502877381616563
2022-06-24T14:00:00.0;2.2354746193225536
2022-06-24T15:00:00.0;2.187239689315113
2022-06-24T16:00:00.0;1.9052781407054897
2022-06-24T17:00:00.0;1.52760001042225
2022-06-24T18:00:00.0;1.0870922683116897
2022-06-24T19:00:00.0;0.6112576053035745
2022-06-24T20:00:00.0;0.24428537498525477
2022-06-24T21:00:00.0;0.044592385610790784
2022-06-24T22:00:00.0;0.0012227728586922915
2022-06-24T23:00:00.0;0.0
2022-06-25T00:00:00.0;0.0
2022-06-25T01:00:00.0;0.0
2022-06-25T02:00:00.0;0.0
2022-06-25T03:00:00.0;0.0
2022-06-25T04:00:00.0;0.0
2022-06-25T05:00:00.0;0.00024433198907966065
2022-06-25T06:00:00.0;0.024237523515212397
2022-06-25T07:00:00.0;0.13688971784944207
2022-06-25T08:00:00.0;0.4055651708026488
2022-06-25T09:00:00.0;0.861514941187689
2022-06-25T10:00:00.0;1.3578173416288088
2022-06-25T11:00:00.0;1.768816546475212
2022-06-25T12:00:00.0;2.037661768631441
2022-06-25T13:00:00.0;2.23511086868932
2022-06-25T14:00:00.0;2.283238232620096
2022-06-25T15:00:00.0;2.1737152502304684
2022-06-25T16:00:00.0;1.892636323917501
2022-06-25T17:00:00.0;1.518870147742781
2022-06-25T18:00:00.0;1.0836971850585417
2022-06-25T19:00:00.0;0.612563032483265
2022-06-25T20:00:00.0;0.24925690141086265
2022-06-25T21:00:00.0;0.04715315698822224
2022-06-25T22:00:00.0;0.0012896135341204141
2022-06-25T23:00:00.0;0.0
2022-06-26T00:00:00.0;0.0
2022-06-26T01:00:00.0;0.0
2022-06-26T02:00:00.0;0.0
2022-06-26T03:00:00.0;0.0
2022-06-26T04:00:00.0;0.0
2022-06-26T05:00:00.0;0.000326002789268306
2022-06-26T06:00:00.0;0.03154014372925315
2022-06-26T07:00:00.0;0.16239453285846833
2022-06-26T08:00:00.0;0.4371091492778405
2022-06-26T09:00:00.0;0.8970762603692873
2022-06-26T10:00:00.0;1.3890775269585385
2022-06-26T11:00:00.0;1.810874579841955
2022-06-26T12:00:00.0;2.1037161024347126
2022-06-26T13:00:00.0;2.3019343914145733
2022-06-26T14:00:00.0;2.3600514429689547
2022-06-26T15:00:00.0;2.2646829974397713
2022-06-26T16:00:00.0;1.9753186372399307
2022-06-26T17:00:00.0;1.580303461316045
2022-06-26T18:00:00.0;1.119718318369439
2022-06-26T19:00:00.0;0.6451990737619709
2022-06-26T20:00:00.0;0.27801037763159797
2022-06-26T21:00:00.0;0.06049000600884815
2022-06-26T22:00:00.0;0.0017206818099628457
2022-06-26T23:00:00.0;0.0
2022-06-27T00:00:00.0;0.0
2022-06-27T01:00:00.0;0.0
2022-06-27T02:00:00.0;0.0
2022-06-27T03:00:00.0;0.0
2022-06-27T04:00:00.0;0.0
2022-06-27T05:00:00.0;0.00021842670085934219
2022-06-27T06:00:00.0;0.021308267558441986
2022-06-27T07:00:00.0;0.12147210636664432
2022-06-27T08:00:00.0;0.3691990599301803
2022-06-27T09:00:00.0;0.799754624958473
2022-06-27T10:00:00.0;1.2731713871703965
2022-06-27T11:00:00.0;1.666347808353571
2022-06-27T12:00:00.0;1.92211776381809
2022-06-27T13:00:00.0;2.114878414321143
2022-06-27T14:00:00.0;2.2025967432274838
2022-06-27T15:00:00.0;2.160319159339369
2022-06-27T16:00:00.0;1.88141682738159
2022-06-27T17:00:00.0;1.5087849501616692
2022-06-27T18:00:00.0;1.0742468489599657
2022-06-27T19:00:00.0;0.6021598292582283
2022-06-27T20:00:00.0;0.23822603624454028
2022-06-27T21:00:00.0;0.04231530133688401
2022-06-27T22:00:00.0;0.0011528823168121445
2022-06-27T23:00:00.0;0.0
2022-06-28T00:00:00.0;0.0
2022-06-28T01:00:00.0;0.0
2022-06-28T02:00:00.0;0.0
2022-06-28T03:00:00.0;0.0
2022-06-28T04:00:00.0;0.0
2022-06-28T05:00:00.0;0.00026506177626795647
2022-06-28T06:00:00.0;0.025746408000410056
2022-06-28T07:00:00.0;0.13939533533823112
2022-06-28T08:00:00.0;0.3997410973597392
2022-06-28T09:00:00.0;0.844788494611381
2022-06-28T10:00:00.0;1.3282593023424472
2022-06-28T11:00:00.0;1.7353594764935698
2022-06-28T12:00:00.0;2.0080028262935703
2022-06-28T13:00:00.0;2.2039691942293422
2022-06-28T14:00:00.0;2.279573616182529
2022-06-28T15:00:00.0;2.214653875211432
2022-06-28T16:00:00.0;1.9300718025306653
2022-06-28T17:00:00.0;1.5462565249122344
2022-06-28T18:00:00.0;1.0986415760957273
2022-06-28T19:00:00.0;0.6232725585441407
2022-06-28T20:00:00.0;0.2562237014112449
2022-06-28T21:00:00.0;0.050219990260632584
2022-06-28T22:00:00.0;0.0013990278364316281
2022-06-28T23:00:00.0;0.0
2022-06-29T00:00:00.0;0.0
2022-06-29T01:00:00.0;0.0
2022-06-29T02:00:00.0;0.0
2022-06-29T03:00:00.0;0.0
2022-06-29T04:00:00.0;0.0
2022-06-29T05:00:00.0;0.00026301676720610613
2022-06-29T06:00:00.0;0.025551986518322415
2022-06-29T07:00:00.0;0.1386235469312366
2022-06-29T08:00:00.0;0.39848713059689966
2022-06-29T09:00:00.0;0.8430338641985551
2022-06-29T10:00:00.0;1.3262184137135553
2022-06-29T11:00:00.0;1.7328254019344034
2022-06-29T12:00:00.0;2.0047909578422383
2022-06-29T13:00:00.0;2.2006817576390016
2022-06-29T14:00:00.0;2.2768730065773797
2022-06-29T15:00:00.0;2.212975038525327
2022-06-29T16:00:00.0;1.9285534459683946
2022-06-29T17:00:00.0;1.5451140054488044
2022-06-29T18:00:00.0;1.0979342998818618
2022-06-29T19:00:00.0;0.6225367663393901
2022-06-29T20:00:00.0;0.2554926018100951
2022-06-29T21:00:00.0;0.04987535740606671
2022-06-29T22:00:00.0;0.0013882340334036456
2022-06-29T23:00:00.0;0.0
2022-06-30T00:00:00.0;0.0
2022-06-30T01:00:00.0;0.0
2022-06-30T02:00:00.0;0.0
2022-06-30T03:00:00.0;0.0
2022-06-30T04:00:00.0;0.0
2022-06-30T05:00:00.0;0.00022035776822310036
2022-06-30T06:00:00.0;0.021488640437156016
2022-06-30T07:00:00.0;0.12196933369493801
2022-06-30T08:00:00.0;0.36898841402856297
2022-06-30T09:00:00.0;0.7978133349584461
2022-06-30T10:00:00.0;1.2689733563914791
2022-06-30T11:00:00.0;1.660696986589669
2022-06-30T12:00:00.0;1.9160916311767173
2022-06-30T13:00:00.0;2.1078612271528216
2022-06-30T14:00:00.0;2.1941164820690426
2022-06-30T15:00:00.0;2.150401989526824
2022-06-30T16:00:00.0;1.8727958553130264
2022-06-30T17:00:00.0;1.5016815048922163
2022-06-30T18:00:00.0;1.068990923515583
2022-06-30T19:00:00.0;0.5997489684895013
2022-06-30T20:00:00.0;0.23796651455563467
2022-06-30T21:00:00.0;0.04260807721953307
2022-06-30T22:00:00.0;0.001163074721895823
2022-06-30T23:00:00.0;0.0
2022-07-01T00:00:00.0;0.0
2022-07-01T01:00:00.0;0.0
2022-07-01T02:00:00.0;0.0
2022-07-01T03:00:00.0;0.0
2022-07-01T04:00:00.0;0.0
2022-07-01T05:00:00.0;2.2001933397325165e-5
2022-07-01T06:00:00.0;0.004581578273321875
2022-07-01T07:00:00.0;0.07003478666416219
2022-07-01T08:00:00.0;0.3286728531962639
2022-07-01T09:00:00.0;0.7814262312338631
2022-07-01T10:00:00.0;1.2970591050442952
2022-07-01T11:00:00.0;1.6829742231211375
2022-07-01T12:00:00.0;1.8879834142517289
2022-07-01T13:00:00.0;2.084427924438596
2022-07-01T14:00:00.0;2.089168450702436
2022-07-01T15:00:00.0;1.9144886204197002
2022-07-01T16:00:00.0;1.656873864751965
2022-07-01T17:00:00.0;1.3439757134177535
2022-07-01T18:00:00.0;0.9818715408728879
2022-07-01T19:00:00.0;0.5221440300350664
2022-07-01T20:00:00.0;0.17119732152239361
2022-07-01T21:00:00.0;0.011053309645070005
2022-07-01T22:00:00.0;0.00011612884253463665
2022-07-01T23:00:00.0;0.0
2022-07-02T00:00:00.0;0.0
2022-07-02T01:00:00.0;0.0
2022-07-02T02:00:00.0;0.0
2022-07-02T03:00:00.0;0.0
2022-07-02T04:00:00.0;0.0
2022-07-02T05:00:00.0;0.00015059911485399227
2022-07-02T06:00:00.0;0.01628700914076085
2022-07-02T07:00:00.0;0.11257576097240982
2022-07-02T08:00:00.0;0.38664245250923474
2022-07-02T09:00:00.0;0.8528770411379082
2022-07-02T10:00:00.0;1.368783676912683
2022-07-02T11:00:00.0;1.7756860293368453
2022-07-02T12:00:00.0;2.0198553459522417
2022-07-02T13:00:00.0;2.218518117560891
2022-07-02T14:00:00.0;2.2240184052114915
2022-07-02T15:00:00.0;2.0470116198091977
2022-07-02T16:00:00.0;1.7771911407450973
2022-07-02T17:00:00.0;1.4336290566776397
2022-07-02T18:00:00.0;1.0351076641116057
2022-07-02T19:00:00.0;0.5720761160219763
2022-07-02T20:00:00.0;0.21667089246285073
2022-07-02T21:00:00.0;0.03224430945148672
2022-07-02T22:00:00.0;0.0007948801852504972
2022-07-02T23:00:00.0;0.0
2022-07-03T00:00:00.0;0.0
2022-07-03T01:00:00.0;0.0
2022-07-03T02:00:00.0;0.0
2022-07-03T03:00:00.0;0.0
2022-07-03T04:00:00.0;0.0
2022-07-03T05:00:00.0;0.000326002789268306
2022-07-03T06:00:00.0;0.03154014372925315
2022-07-03T07:00:00.0;0.16239453285846833
2022-07-03T08:00:00.0;0.4371091492778405
2022-07-03T09:00:00.0;0.8970762603692873
2022-07-03T10:00:00.0;1.3890775269585385
2022-07-03T11:00:00.0;1.810874579841955
2022-07-03T12:00:00.0;2.1037161024347126
2022-07-03T13:00:00.0;2.3019343914145733
2022-07-03T14:00:00.0;2.3600514429689547
2022-07-03T15:00:00.0;2.2646829974397713
2022-07-03T16:00:00.0;1.9753186372399307
2022-07-03T17:00:00.0;1.580303461316045
2022-07-03T18:00:00.0;1.119718318369439
2022-07-03T19:00:00.0;0.6451990737619709
2022-07-03T20:00:00.0;0.27801037763159797
2022-07-03T21:00:00.0;0.06049000600884815
2022-07-03T22:00:00.0;0.0017206818099628457
2022-07-03T23:00:00.0;0.0
2022-07-04T00:00:00.0;0.0
2022-07-04T01:00:00.0;0.0
2022-07-04T02:00:00.0;0.0
2022-07-04T03:00:00.0;0.0
2022-07-04T04:00:00.0;0.0
2022-07-04T05:00:00.0;0.0002747227069262387
2022-07-04T06:00:00.0;0.026664884349473113
2022-07-04T07:00:00.0;0.14304137995580046
2022-07-04T08:00:00.0;0.4056650251161386
2022-07-04T09:00:00.0;0.8530776328188594
2022-07-04T10:00:00.0;1.3379007674551542
2022-07-04T11:00:00.0;1.7473308261837626
2022-07-04T12:00:00.0;2.023176176363601
2022-07-04T13:00:00.0;2.2194995395638712
2022-07-04T14:00:00.0;2.292331702499677
2022-07-04T15:00:00.0;2.2225849524440986
2022-07-04T16:00:00.0;1.9372447475000978
2022-07-04T17:00:00.0;1.5516539588492495
2022-07-04T18:00:00.0;1.101982855401466
2022-07-04T19:00:00.0;0.6267485516835395
2022-07-04T20:00:00.0;0.2596775259848218
2022-07-04T21:00:00.0;0.051848087745694216
2022-07-04T22:00:00.0;0.0014500193868055647
2022-07-04T23:00:00.0;0.0
2022-07-05T00:00:00.0;0.0
2022-07-05T01:00:00.0;0.0
2022-07-05T02:00:00.0;0.0
2022-07-05T03:00:00.0;0.0
2022-07-05T04:00:00.0;0.0
2022-07-05T05:00:00.0;0.0002508950157296388
2022-07-05T06:00:00.0;0.024399556961154357
2022-07-05T07:00:00.0;0.13404878614580462
2022-07-05T08:00:00.0;0.39105426697665835
2022-07-05T09:00:00.0;0.8326333265216798
2022-07-05T10:00:00.0;1.3141210860233838
2022-07-05T11:00:00.0;1.7178047242258851
2022-07-05T12:00:00.0;1.9857526700084809
2022-07-05T13:00:00.0;2.1811955411296755
2022-07-05T14:00:00.0;2.2608651956198287
2022-07-05T15:00:00.0;2.2030237666908032
2022-07-05T16:00:00.0;1.9195534169495243
2022-07-05T17:00:00.0;1.5383417435302227
2022-07-05T18:00:00.0;1.0937419338676306
2022-07-05T19:00:00.0;0.6181753723432977
2022-07-05T20:00:00.0;0.2511590231306618
2022-07-05T21:00:00.0;0.04783255285737039
2022-07-05T22:00:00.0;0.0013242539756953618
2022-07-05T23:00:00.0;0.0
2022-07-06T00:00:00.0;0.0
2022-07-06T01:00:00.0;0.0
2022-07-06T02:00:00.0;0.0
2022-07-06T03:00:00.0;0.0
2022-07-06T04:00:00.0;0.0
2022-07-06T05:00:00.0;0.00023402399508611467
2022-07-06T06:00:00.0;0.022763268194557224
2022-07-06T07:00:00.0;0.1253530805077614
2022-07-06T08:00:00.0;0.36668363726819575
2022-07-06T09:00:00.0;0.7819747344221384
2022-07-06T10:00:00.0;1.2356888411114617
2022-07-06T11:00:00.0;1.6160113103409295
2022-07-06T12:00:00.0;1.8681572747452269
2022-07-06T13:00:00.0;2.0522930794620002
2022-07-06T14:00:00.0;2.1276636165587557
2022-07-06T15:00:00.0;2.073504558136835
2022-07-06T16:00:00.0;1.8059166141888985
2022-07-06T17:00:00.0;1.4466346711870512
2022-07-06T18:00:00.0;1.0283372056785924
2022-07-06T19:00:00.0;0.5808746433360776
2022-07-06T20:00:00.0;0.23557547951452146
2022-07-06T21:00:00.0;0.04466100291363535
2022-07-06T22:00:00.0;0.0012352067058791281
2022-07-06T23:00:00.0;0.0
2022-07-07T00:00:00.0;0.0
2022-07-07T01:00:00.0;0.0
2022-07-07T02:00:00.0;0.0
2022-07-07T03:00:00.0;0.0
2022-07-07T04:00:00.0;0.0
2022-07-07T05:00:00.0;0.0
2022-07-07T06:00:00.0;0.002191662158340968
2022-07-07T07:00:00.0;0.04794363481710189
2022-07-07T08:00:00.0;0.23584491901174548
2022-07-07T09:00:00.0;0.5615332580831435
2022-07-07T10:00:00.0;0.9352479347163375
2022-07-07T11:00:00.0;1.2112902852963083
2022-07-07T12:00:00.0;1.3541166029642469
2022-07-07T13:00:00.0;1.4925783177291065
2022-07-07T14:00:00.0;1.4644383007395843
2022-07-07T15:00:00.0;1.2907320087862122
2022-07-07T16:00:00.0;1.1113902244662184
2022-07-07T17:00:00.0;0.9004885537256778
2022-07-07T18:00:00.0;0.6610790692732804
2022-07-07T19:00:00.0;0.3498090485229085
2022-07-07T20:00:00.0;0.11264749841184174
2022-07-07T21:00:00.0;0.005489969962478064
2022-07-07T22:00:00.0;0.0
2022-07-07T23:00:00.0;0.0
2022-07-08T00:00:00.0;0.0
2022-07-08T01:00:00.0;0.0
2022-07-08T02:00:00.0;0.0
2022-07-08T03:00:00.0;0.0
2022-07-08T04:00:00.0;0.0
2022-07-08T05:00:00.0;0.0002370811869673327
2022-07-08T06:00:00.0;0.02312979836340848
2022-07-08T07:00:00.0;0.129336669738442
2022-07-08T08:00:00.0;0.3843309038943298
2022-07-08T09:00:00.0;0.8240340025650141
2022-07-08T10:00:00.0;1.3050710747314167
2022-07-08T11:00:00.0;1.7062620128010093
2022-07-08T12:00:00.0;1.969921131922157
2022-07-08T13:00:00.0;2.165065505651041
2022-07-08T14:00:00.0;2.245548560048865
2022-07-08T15:00:00.0;2.189428734921094
2022-07-08T16:00:00.0;1.9072192734341689
2022-07-08T17:00:00.0;1.529134434495798
2022-07-08T18:00:00.0;1.0882315255939314
2022-07-08T19:00:00.0;0.612898747788783
2022-07-08T20:00:00.0;0.24626238687194918
2022-07-08T21:00:00.0;0.045544805330959906
2022-07-08T22:00:00.0;0.0012513429311899137
2022-07-08T23:00:00.0;0.0
2022-07-09T00:00:00.0;0.0
2022-07-09T01:00:00.0;0.0
2022-07-09T02:00:00.0;0.0
2022-07-09T03:00:00.0;0.0
2022-07-09T04:00:00.0;0.0
2022-07-09T05:00:00.0;0.00031922383816396937
2022-07-09T06:00:00.0;0.030914201280872054
2022-07-09T07:00:00.0;0.15967192908750316
2022-07-09T08:00:00.0;0.43123916405705015
2022-07-09T09:00:00.0;0.886126225139846
2022-07-09T10:00:00.0;1.3731167635727843
2022-07-09T11:00:00.0;1.7900318548805187
2022-07-09T12:00:00.0;2.078820260635623
2022-07-09T13:00:00.0;2.2748461525181756
2022-07-09T14:00:00.0;2.331350417346812
2022-07-09T15:00:00.0;2.235503667687588
2022-07-09T16:00:00.0;1.9495825734808696
2022-07-09T17:00:00.0;1.5597831181699238
2022-07-09T18:00:00.0;1.1054562477091023
2022-07-09T19:00:00.0;0.6365563017502359
2022-07-09T20:00:00.0;0.2737666080697772
2022-07-09T21:00:00.0;0.05930708541892889
2022-07-09T22:00:00.0;0.00168490169322814
2022-07-09T23:00:00.0;0.0
2022-07-10T00:00:00.0;0.0
2022-07-10T01:00:00.0;0.0
2022-07-10T02:00:00.0;0.0
2022-07-10T03:00:00.0;0.0
2022-07-10T04:00:00.0;0.0
2022-07-10T05:00:00.0;0.00026577737443944866
2022-07-10T06:00:00.0;0.026302930990696187
2022-07-10T07:00:00.0;0.14528909756402247
2022-07-10T08:00:00.0;0.4197812468944945
2022-07-10T09:00:00.0;0.8819003165231293
2022-07-10T10:00:00.0;1.3821095683820301
2022-07-10T11:00:00.0;1.7987924780360904
2022-07-10T12:00:00.0;2.0749222424207603
2022-07-10T13:00:00.0;2.273293145938443
2022-07-10T14:00:00.0;2.313344062654781
2022-07-10T15:00:00.0;2.1899448309906173
2022-07-10T16:00:00.0;1.9072909251338577
2022-07-10T17:00:00.0;1.5299423335140223
2022-07-10T18:00:00.0;1.090666978546405
2022-07-10T19:00:00.0;0.620092071425167
2022-07-10T20:00:00.0;0.25694926843869453
2022-07-10T21:00:00.0;0.05079175539934836
2022-07-10T22:00:00.0;0.0014028048493820169
2022-07-10T23:00:00.0;0.0
2022-07-11T00:00:00.0;0.0
2022-07-11T01:00:00.0;0.0
2022-07-11T02:00:00.0;0.0
2022-07-11T03:00:00.0;0.0
2022-07-11T04:00:00.0;0.0
2022-07-11T05:00:00.0;0.00015767725320463684
2022-07-11T06:00:00.0;0.01553723166142859
2022-07-11T07:00:00.0;0.09886831199295801
2022-07-11T08:00:00.0;0.33389462984191737
2022-07-11T09:00:00.0;0.7526519102075877
2022-07-11T10:00:00.0;1.2210911454245539
2022-07-11T11:00:00.0;1.6022938617638451
2022-07-11T12:00:00.0;1.8393458906239015
2022-07-11T13:00:00.0;2.0313441350351376
2022-07-11T14:00:00.0;2.1377631568358284
2022-07-11T15:00:00.0;2.1264972600639953
2022-07-11T16:00:00.0;1.8503420847894871
2022-07-11T17:00:00.0;1.48626221488215
2022-07-11T18:00:00.0;1.0615021226249088
2022-07-11T19:00:00.0;0.5846357150920337
2022-07-11T20:00:00.0;0.21783326909197637
2022-07-11T21:00:00.0;0.03212313415867404
2022-07-11T22:00:00.0;0.0008322394481441984
2022-07-11T23:00:00.0;0.0
2022-07-12T00:00:00.0;0.0
2022-07-12T01:00:00.0;0.0
2022-07-12T02:00:00.0;0.0
2022-07-12T03:00:00.0;0.0
2022-07-12T04:00:00.0;0.0
2022-07-12T05:00:00.0;0.00016362711975750874
2022-07-12T06:00:00.0;0.016102892662649963
2022-07-12T07:00:00.0;0.10111379741125535
2022-07-12T08:00:00.0;0.3375429925997241
2022-07-12T09:00:00.0;0.7577569324789698
2022-07-12T10:00:00.0;1.2270290237536565
2022-07-12T11:00:00.0;1.6096666435002867
2022-07-12T12:00:00.0;1.8486906847508828
2022-07-12T13:00:00.0;2.040908791436149
2022-07-12T14:00:00.0;2.1456204651782684
2022-07-12T15:00:00.0;2.1313817637235295
2022-07-12T16:00:00.0;1.854759678380497
2022-07-12T17:00:00.0;1.489586326480617
2022-07-12T18:00:00.0;1.0635599125716748
2022-07-12T19:00:00.0;0.5867764710967764
2022-07-12T20:00:00.0;0.21996037216689546
2022-07-12T21:00:00.0;0.03312582873477872
2022-07-12T22:00:00.0;0.0008636435572078393
2022-07-12T23:00:00.0;0.0
2022-07-13T00:00:00.0;0.0
2022-07-13T01:00:00.0;0.0
2022-07-13T02:00:00.0;0.0
2022-07-13T03:00:00.0;0.0
2022-07-13T04:00:00.0;0.0
2022-07-13T05:00:00.0;0.00017935954171131716
2022-07-13T06:00:00.0;0.01759859302415351
2022-07-13T07:00:00.0;0.1070512287431776
2022-07-13T08:00:00.0;0.34718986145574426
2022-07-13T09:00:00.0;0.771255447738645
2022-07-13T10:00:00.0;1.242729746879745
2022-07-13T11:00:00.0;1.6291614863207602
2022-07-13T12:00:00.0;1.87339985141382
2022-07-13T13:00:00.0;2.066199309972447
2022-07-13T14:00:00.0;2.1663964757267355
2022-07-13T15:00:00.0;2.144297191645123
2022-07-13T16:00:00.0;1.8664405195853568
2022-07-13T17:00:00.0;1.4983758221481105
2022-07-13T18:00:00.0;1.0690010463260449
2022-07-13T19:00:00.0;0.5924369807010643
2022-07-13T20:00:00.0;0.22558478118792097
2022-07-13T21:00:00.0;0.03577711746905457
2022-07-13T22:00:00.0;0.0009466811666201282
2022-07-13T23:00:00.0;0.0
2022-07-14T00:00:00.0;0.0
2022-07-14T01:00:00.0;0.0
2022-07-14T02:00:00.0;0.0
2022-07-14T03:00:00.0;0.0
2022-07-14T04:00:00.0;0.0
2022-07-14T05:00:00.0;0.0001695214504195191
2022-07-14T06:00:00.0;0.016663273799634164
2022-07-14T07:00:00.0;0.10333832353037958
2022-07-14T08:00:00.0;0.3411573016398314
2022-07-14T09:00:00.0;0.7628143046127916
2022-07-14T10:00:00.0;1.2329114780896486
2022-07-14T11:00:00.0;1.6169706078946546
2022-07-14T12:00:00.0;1.8579482548263422
2022-07-14T13:00:00.0;2.0503841715972153
2022-07-14T14:00:00.0;2.1534044336206124
2022-07-14T15:00:00.0;2.1362206755601654
2022-07-14T16:00:00.0;1.8591360382743538
2022-07-14T17:00:00.0;1.4928794109127932
2022-07-14T18:00:00.0;1.06559849516364
2022-07-14T19:00:00.0;0.5888972453438136
2022-07-14T20:00:00.0;0.22206762092018056
2022-07-14T21:00:00.0;0.03411916418727094
2022-07-14T22:00:00.0;0.0008947545411806796
2022-07-14T23:00:00.0;0.0
2022-07-15T00:00:00.0;0.0
2022-07-15T01:00:00.0;0.0
2022-07-15T02:00:00.0;0.0
2022-07-15T03:00:00.0;0.0
2022-07-15T04:00:00.0;0.0
2022-07-15T05:00:00.0;0.00020919126762718626
2022-07-15T06:00:00.0;0.020434731246713647
2022-07-15T07:00:00.0;0.11830975109010212
2022-07-15T08:00:00.0;0.36548219740402216
2022-07-15T09:00:00.0;0.7968512529287242
2022-07-15T10:00:00.0;1.2725013656650546
2022-07-15T11:00:00.0;1.666127492540326
2022-07-15T12:00:00.0;1.9202532278146367
2022-07-15T13:00:00.0;2.1141550423739925
2022-07-15T14:00:00.0;2.2057918246518295
2022-07-15T15:00:00.0;2.1687873500564834
2022-07-15T16:00:00.0;1.88858966193059
2022-07-15T17:00:00.0;1.5150424121023613
2022-07-15T18:00:00.0;1.079318492127367
2022-07-15T19:00:00.0;0.6031704056978672
2022-07-15T20:00:00.0;0.2362497524712114
2022-07-15T21:00:00.0;0.04080447556286684
2022-07-15T22:00:00.0;0.001104136592871058
2022-07-15T23:00:00.0;0.0
2022-07-16T00:00:00.0;0.0
2022-07-16T01:00:00.0;0.0
2022-07-16T02:00:00.0;0.0
2022-07-16T03:00:00.0;0.0
2022-07-16T04:00:00.0;0.0
2022-07-16T05:00:00.0;0.00022494528087094255
2022-07-16T06:00:00.0;0.02272532174356548
2022-07-16T07:00:00.0;0.13310461528181983
2022-07-16T08:00:00.0;0.4052161752193867
2022-07-16T09:00:00.0;0.8662020065030376
2022-07-16T10:00:00.0;1.3710392811814596
2022-07-16T11:00:00.0;1.7842628729910472
2022-07-16T12:00:00.0;2.050548971689546
2022-07-16T13:00:00.0;2.2487249014735005
2022-07-16T14:00:00.0;2.2769802582583774
2022-07-16T15:00:00.0;2.135490255490917
2022-07-16T16:00:00.0;1.857020883277596
2022-07-16T17:00:00.0;1.4906428006172066
2022-07-16T18:00:00.0;1.0648155878263437
2022-07-16T19:00:00.0;0.5988353832863176
2022-07-16T20:00:00.0;0.24129040418610087
2022-07-16T21:00:00.0;0.04414921992310082
2022-07-16T22:00:00.0;0.0011872881637005183
2022-07-16T23:00:00.0;0.0
2022-07-17T00:00:00.0;0.0
2022-07-17T01:00:00.0;0.0
2022-07-17T02:00:00.0;0.0
2022-07-17T03:00:00.0;0.0
2022-07-17T04:00:00.0;0.0
2022-07-17T05:00:00.0;0.00030157785080589625
2022-07-17T06:00:00.0;0.02918237728476819
2022-07-17T07:00:00.0;0.1506227765763459
2022-07-17T08:00:00.0;0.41423806451740675
2022-07-17T09:00:00.0;0.8719793474506234
2022-07-17T10:00:00.0;1.365405445390127
2022-07-17T11:00:00.0;1.7862681691856852
2022-07-17T12:00:00.0;2.0743184957428635
2022-07-17T13:00:00.0;2.272204276720092
2022-07-17T14:00:00.0;2.3108493191564103
2022-07-17T15:00:00.0;2.1867187243624944
2022-07-17T16:00:00.0;1.902669624408928
2022-07-17T17:00:00.0;1.5225561985026994
2022-07-17T18:00:00.0;1.0800222105437751
2022-07-17T19:00:00.0;0.6117296033717564
2022-07-17T20:00:00.0;0.25877573302793383
2022-07-17T21:00:00.0;0.05601175428702691
2022-07-17T22:00:00.0;0.0015917640561728898
2022-07-17T23:00:00.0;0.0
2022-07-18T00:00:00.0;0.0
2022-07-18T01:00:00.0;0.0
2022-07-18T02:00:00.0;0.0
2022-07-18T03:00:00.0;0.0
2022-07-18T04:00:00.0;0.0
2022-07-18T05:00:00.0;0.0002146551008301365
2022-07-18T06:00:00.0;0.02095418447018058
2022-07-18T07:00:00.0;0.12037180704988018
2022-07-18T08:00:00.0;0.3688325323057166
2022-07-18T09:00:00.0;0.8015392555822818
2022-07-18T10:00:00.0;1.27795418993957
2022-07-18T11:00:00.0;1.6728980056756548
2022-07-18T12:00:00.0;1.9288346633765974
2022-07-18T13:00:00.0;2.1229383800764876
2022-07-18T14:00:00.0;2.213007284330756
2022-07-18T15:00:00.0;2.173272847846684
2022-07-18T16:00:00.0;1.8926463906530262
2022-07-18T17:00:00.0;1.518094983308895
2022-07-18T18:00:00.0;1.081208185103827
2022-07-18T19:00:00.0;0.6051362873918831
2022-07-18T20:00:00.0;0.2382030965174288
2022-07-18T21:00:00.0;0.04172526191473795
2022-07-18T22:00:00.0;0.0011329753596377124
2022-07-18T23:00:00.0;0.0
2022-07-19T00:00:00.0;0.0
2022-07-19T01:00:00.0;0.0
2022-07-19T02:00:00.0;0.0
2022-07-19T03:00:00.0;0.0
2022-07-19T04:00:00.0;0.0
2022-07-19T05:00:00.0;0.00021594064231459547
2022-07-19T06:00:00.0;0.02107640245217207
2022-07-19T07:00:00.0;0.1208569716552234
2022-07-19T08:00:00.0;0.3696208057289671
2022-07-19T09:00:00.0;0.802642258120344
2022-07-19T10:00:00.0;1.2792371412215695
2022-07-19T11:00:00.0;1.6744909853994578
2022-07-19T12:00:00.0;1.9308537205112766
2022-07-19T13:00:00.0;2.1250049411461913
2022-07-19T14:00:00.0;2.2147049519575224
2022-07-19T15:00:00.0;2.1743282046399033
2022-07-19T16:00:00.0;1.893600865811798
2022-07-19T17:00:00.0;1.5188131983009168
2022-07-19T18:00:00.0;1.0816527958054896
2022-07-19T19:00:00.0;0.6055988239257275
2022-07-19T20:00:00.0;0.23866268316869726
2022-07-19T21:00:00.0;0.041941906349091264
2022-07-19T22:00:00.0;0.0011397606017309653
2022-07-19T23:00:00.0;0.0
2022-07-20T00:00:00.0;0.0
2022-07-20T01:00:00.0;0.0
2022-07-20T02:00:00.0;0.0
2022-07-20T03:00:00.0;0.0
2022-07-20T04:00:00.0;0.0
2022-07-20T05:00:00.0;0.0
2022-07-20T06:00:00.0;0.0027791279106781164
2022-07-20T07:00:00.0;0.06467600894490108
2022-07-20T08:00:00.0;0.32428030457965695
2022-07-20T09:00:00.0;0.7775049823514287
2022-07-20T10:00:00.0;1.2951178488956412
2022-07-20T11:00:00.0;1.6776183224534102
2022-07-20T12:00:00.0;1.875288535372693
2022-07-20T13:00:00.0;2.0702526817334745
2022-07-20T14:00:00.0;2.05810851883347
2022-07-20T15:00:00.0;1.8583051372083046
2022-07-20T16:00:00.0;1.606488919278267
2022-07-20T17:00:00.0;1.3053411810063076
2022-07-20T18:00:00.0;0.9575384120696749
2022-07-20T19:00:00.0;0.5059882645731114
2022-07-20T20:00:00.0;0.16173223093512443
2022-07-20T21:00:00.0;0.007553791131876507
2022-07-20T22:00:00.0;0.0
2022-07-20T23:00:00.0;0.0
2022-07-21T00:00:00.0;0.0
2022-07-21T01:00:00.0;0.0
2022-07-21T02:00:00.0;0.0
2022-07-21T03:00:00.0;0.0
2022-07-21T04:00:00.0;0.0
2022-07-21T05:00:00.0;6.746596435048036e-5
2022-07-21T06:00:00.0;0.006809863661238
2022-07-21T07:00:00.0;0.05395946585138843
2022-07-21T08:00:00.0;0.2131475843877042
2022-07-21T09:00:00.0;0.5064516620483782
2022-07-21T10:00:00.0;0.8437131229287385
2022-07-21T11:00:00.0;1.1131585243348383
2022-07-21T12:00:00.0;1.2726789992175247
2022-07-21T13:00:00.0;1.4115033495308802
2022-07-21T14:00:00.0;1.5011682578296046
2022-07-21T15:00:00.0;1.5128299664079863
2022-07-21T16:00:00.0;1.311670901138518
2022-07-21T17:00:00.0;1.0520102713742392
2022-07-21T18:00:00.0;0.7524023906468136
2022-07-21T19:00:00.0;0.40648380288518887
2022-07-21T20:00:00.0;0.14102083026912862
2022-07-21T21:00:00.0;0.015388448380046785
2022-07-21T22:00:00.0;0.0003560934491082877
2022-07-21T23:00:00.0;0.0
2022-07-22T00:00:00.0;0.0
2022-07-22T01:00:00.0;0.0
2022-07-22T02:00:00.0;0.0
2022-07-22T03:00:00.0;0.0
2022-07-22T04:00:00.0;0.0
2022-07-22T05:00:00.0;0.00019761029003741512
2022-07-22T06:00:00.0;0.019333713716263284
2022-07-22T07:00:00.0;0.1139390788949573
2022-07-22T08:00:00.0;0.35838092765922064
2022-07-22T09:00:00.0;0.7869147025885116
2022-07-22T10:00:00.0;1.2609437222710305
2022-07-22T11:00:00.0;1.6517769152113622
2022-07-22T12:00:00.0;1.9020642734231534
2022-07-22T13:00:00.0;2.0955381422385586
2022-07-22T14:00:00.0;2.1904981519247
2022-07-22T15:00:00.0;2.159280022973505
2022-07-22T16:00:00.0;1.8799911409514083
2022-07-22T17:00:00.0;1.5085722733882143
2022-07-22T18:00:00.0;1.0753131553612085
2022-07-22T19:00:00.0;0.5990035816026062
2022-07-22T20:00:00.0;0.23210950279958117
2022-07-22T21:00:00.0;0.03885280432586265
2022-07-22T22:00:00.0;0.0010430108045763262
2022-07-22T23:00:00.0;0.0
2022-07-23T00:00:00.0;0.0
2022-07-23T01:00:00.0;0.0
2022-07-23T02:00:00.0;0.0
2022-07-23T03:00:00.0;0.0
2022-07-23T04:00:00.0;0.0
2022-07-23T05:00:00.0;0.00022738009671654965
2022-07-23T06:00:00.0;0.02216396520218237
2022-07-23T07:00:00.0;0.12517423286177376
2022-07-23T08:00:00.0;0.37663529572447346
2022-07-23T09:00:00.0;0.8124573806908237
2022-07-23T10:00:00.0;1.2906535465789861
2022-07-23T11:00:00.0;1.6886661941608834
2022-07-23T12:00:00.0;1.9488204001605298
2022-07-23T13:00:00.0;2.143394336907835
2022-07-23T14:00:00.0;2.2298117311947894
2022-07-23T15:00:00.0;2.183719349196322
2022-07-23T16:00:00.0;1.9020943101607855
2022-07-23T17:00:00.0;1.5252042698854242
2022-07-23T18:00:00.0;1.0856091860968766
2022-07-23T19:00:00.0;0.6097147281202752
2022-07-23T20:00:00.0;0.24275233768742738
2022-07-23T21:00:00.0;0.04386972754987093
2022-07-23T22:00:00.0;0.001200139413671565
2022-07-23T23:00:00.0;0.0
2022-07-24T00:00:00.0;0.0
2022-07-24T01:00:00.0;0.0
2022-07-24T02:00:00.0;0.0
2022-07-24T03:00:00.0;0.0
2022-07-24T04:00:00.0;0.0
2022-07-24T05:00:00.0;0.00011331779906278134
2022-07-24T06:00:00.0;0.012954302227496287
2022-07-24T07:00:00.0;0.10069381193058452
2022-07-24T08:00:00.0;0.3707196698887033
2022-07-24T09:00:00.0;0.8336604632918606
2022-07-24T10:00:00.0;1.3515379950605848
2022-07-24T11:00:00.0;1.7539966549567432
2022-07-24T12:00:00.0;1.988706912932615
2022-07-24T13:00:00.0;2.186872471973638
2022-07-24T14:00:00.0;2.1864216478642367
2022-07-24T15:00:00.0;2.00081737844921
2022-07-24T16:00:00.0;1.7345533641582909
2022-07-24T17:00:00.0;1.400125497223275
2022-07-24T18:00:00.0;1.0127417548933095
2022-07-24T19:00:00.0;0.5532162658264658
2022-07-24T20:00:00.0;0.20233527744067648
2022-07-24T21:00:00.0;0.026119052517565435
2022-07-24T22:00:00.0;0.0005981049304209404
2022-07-24T23:00:00.0;0.0
2022-07-25T00:00:00.0;0.0
2022-07-25T01:00:00.0;0.0
2022-07-25T02:00:00.0;0.0
2022-07-25T03:00:00.0;0.0
2022-07-25T04:00:00.0;0.0
2022-07-25T05:00:00.0;0.00015121699533817483
2022-07-25T06:00:00.0;0.015470183981775864
2022-07-25T07:00:00.0;0.10000009049781083
2022-07-25T08:00:00.0;0.33413251555673196
2022-07-25T09:00:00.0;0.7408838490026485
2022-07-25T10:00:00.0;1.193141365366178
2022-07-25T11:00:00.0;1.5572820704557182
2022-07-25T12:00:00.0;1.7818889786132757
2022-07-25T13:00:00.0;1.9616280319235773
2022-07-25T14:00:00.0;2.014293486484227
2022-07-25T15:00:00.0;1.929165388884889
2022-07-25T16:00:00.0;1.6762320857483364
2022-07-25T17:00:00.0;1.3476059144396846
2022-07-25T18:00:00.0;0.9661992530876594
2022-07-25T19:00:00.0;0.5345764155609384
2022-07-25T20:00:00.0;0.20276804436096052
2022-07-25T21:00:00.0;0.031123339580954736
2022-07-25T22:00:00.0;0.0007981414325307742
2022-07-25T23:00:00.0;0.0
2022-07-26T00:00:00.0;0.0
2022-07-26T01:00:00.0;0.0
2022-07-26T02:00:00.0;0.0
2022-07-26T03:00:00.0;0.0
2022-07-26T04:00:00.0;0.0
2022-07-26T05:00:00.0;0.0
2022-07-26T06:00:00.0;0.002270722523889528
2022-07-26T07:00:00.0;0.0572762442391176
2022-07-26T08:00:00.0;0.29381593986608556
2022-07-26T09:00:00.0;0.7128198958951326
2022-07-26T10:00:00.0;1.1938939315786616
2022-07-26T11:00:00.0;1.5518387437752292
2022-07-26T12:00:00.0;1.738224114893262
2022-07-26T13:00:00.0;1.9223901958997553
2022-07-26T14:00:00.0;1.9379576552411897
2022-07-26T15:00:00.0;1.7918497061555012
2022-07-26T16:00:00.0;1.5495834613926547
2022-07-26T17:00:00.0;1.2568020370204462
2022-07-26T18:00:00.0;0.9185637072651517
2022-07-26T19:00:00.0;0.4846925495769814
2022-07-26T20:00:00.0;0.15371514299291383
2022-07-26T21:00:00.0;0.0068481967296617945
2022-07-26T22:00:00.0;0.0
2022-07-26T23:00:00.0;0.0
2022-07-27T00:00:00.0;0.0
2022-07-27T01:00:00.0;0.0
2022-07-27T02:00:00.0;0.0
2022-07-27T03:00:00.0;0.0
2022-07-27T04:00:00.0;0.0
2022-07-27T05:00:00.0;0.00015244636797414054
2022-07-27T06:00:00.0;0.015244700485125055
2022-07-27T07:00:00.0;0.09925162721028156
2022-07-27T08:00:00.0;0.33890403574271183
2022-07-27T09:00:00.0;0.7634636934103991
2022-07-27T10:00:00.0;1.238145490342151
2022-07-27T11:00:00.0;1.622031440935256
2022-07-27T12:00:00.0;1.8587118378505403
2022-07-27T13:00:00.0;2.0515136859785548
2022-07-27T14:00:00.0;2.14461576905864
2022-07-27T15:00:00.0;2.111598686562954
2022-07-27T16:00:00.0;1.8366858293120094
2022-07-27T17:00:00.0;1.4763332749292688
2022-07-27T18:00:00.0;1.05624629027117
2022-07-27T19:00:00.0;0.5813124534296871
2022-07-27T20:00:00.0;0.2161601192441687
2022-07-27T21:00:00.0;0.031430735749404325
2022-07-27T22:00:00.0;0.0008046302087069537
2022-07-27T23:00:00.0;0.0
2022-07-28T00:00:00.0;0.0
2022-07-28T01:00:00.0;0.0
2022-07-28T02:00:00.0;0.0
2022-07-28T03:00:00.0;0.0
2022-07-28T04:00:00.0;0.0
2022-07-28T05:00:00.0;8.026145048941645e-5
2022-07-28T06:00:00.0;0.008908308706946253
2022-07-28T07:00:00.0;0.0780681242866844
2022-07-28T08:00:00.0;0.31576055249420204
2022-07-28T09:00:00.0;0.740852563953537
2022-07-28T10:00:00.0;1.2233566213205387
2022-07-28T11:00:00.0;1.5999728654882353
2022-07-28T12:00:00.0;1.8162292681875367
2022-07-28T13:00:00.0;2.008925940817387
2022-07-28T14:00:00.0;2.084656617669948
2022-07-28T15:00:00.0;2.0250836574229982
2022-07-28T16:00:00.0;1.7579734173298307
2022-07-28T17:00:00.0;1.417996315162397
2022-07-28T18:00:00.0;1.0224220367499182
2022-07-28T19:00:00.0;0.5516362221595728
2022-07-28T20:00:00.0;0.19085980927977447
2022-07-28T21:00:00.0;0.019751958878533864
2022-07-28T22:00:00.0;0.00042362955914683925
2022-07-28T23:00:00.0;0.0
2022-07-29T00:00:00.0;0.0
2022-07-29T01:00:00.0;0.0
2022-07-29T02:00:00.0;0.0
2022-07-29T03:00:00.0;0.0
2022-07-29T04:00:00.0;0.0
2022-07-29T05:00:00.0;8.48266674501432e-5
2022-07-29T06:00:00.0;0.009233337593149397
2022-07-29T07:00:00.0;0.07853628431635615
2022-07-29T08:00:00.0;0.3141864209299319
2022-07-29T09:00:00.0;0.7366261612232767
2022-07-29T10:00:00.0;1.216056925252393
2022-07-29T11:00:00.0;1.5916745510018007
2022-07-29T12:00:00.0;1.8087190713374834
2022-07-29T13:00:00.0;2.001053840657989
2022-07-29T14:00:00.0;2.0833613746698405
2022-07-29T15:00:00.0;2.0344755926999123
2022-07-29T16:00:00.0;1.76656436003119
2022-07-29T17:00:00.0;1.4242760616405008
2022-07-29T18:00:00.0;1.0258354496561726
2022-07-29T19:00:00.0;0.5540458590483428
2022-07-29T20:00:00.0;0.19238708640120492
2022-07-29T21:00:00.0;0.0204206420604681
2022-07-29T22:00:00.0;0.00044772532164165445
2022-07-29T23:00:00.0;0.0
2022-07-30T00:00:00.0;0.0
2022-07-30T01:00:00.0;0.0
2022-07-30T02:00:00.0;0.0
2022-07-30T03:00:00.0;0.0
2022-07-30T04:00:00.0;0.0
2022-07-30T05:00:00.0;0.000173778346345502
2022-07-30T06:00:00.0;0.01706798203807766
2022-07-30T07:00:00.0;0.10494488018909828
2022-07-30T08:00:00.0;0.34376756195780755
2022-07-30T09:00:00.0;0.7664667476240737
2022-07-30T10:00:00.0;1.237159796912184
2022-07-30T11:00:00.0;1.6222455437706313
2022-07-30T12:00:00.0;1.8646340881462669
2022-07-30T13:00:00.0;2.0572273077423846
2022-07-30T14:00:00.0;2.1590260292605983
2022-07-30T15:00:00.0;2.1397153461622618
2022-07-30T16:00:00.0;1.862296653053376
2022-07-30T17:00:00.0;1.4952576822564079
2022-07-30T18:00:00.0;1.0670707630814285
2022-07-30T19:00:00.0;0.5904288722188255
2022-07-30T20:00:00.0;0.22358947965991957
2022-07-30T21:00:00.0;0.03483655279054389
2022-07-30T22:00:00.0;0.0009172229482859799
2022-07-30T23:00:00.0;0.0
2022-07-31T00:00:00.0;0.0
2022-07-31T01:00:00.0;0.0
2022-07-31T02:00:00.0;0.0
2022-07-31T03:00:00.0;0.0
2022-07-31T04:00:00.0;0.0
2022-07-31T05:00:00.0;0.0001646555243665409
2022-07-31T06:00:00.0;0.01653875501857896
2022-07-31T07:00:00.0;0.10120744943849633
2022-07-31T08:00:00.0;0.3245001413226603
2022-07-31T09:00:00.0;0.7116332803224759
2022-07-31T10:00:00.0;1.1405362737998772
2022-07-31T11:00:00.0;1.4899790182015258
2022-07-31T12:00:00.0;1.710201412337073
2022-07-31T13:00:00.0;1.8815755918002122
2022-07-31T14:00:00.0;1.9369568548122524
2022-07-31T15:00:00.0;1.863582449964431
2022-07-31T16:00:00.0;1.6196917716184376
2022-07-31T17:00:00.0;1.3001285282911943
2022-07-31T18:00:00.0;0.929570568638455
2022-07-31T19:00:00.0;0.517441265105396
2022-07-31T20:00:00.0;0.2002766382690804
2022-07-31T21:00:00.0;0.032972537432193694
2022-07-31T22:00:00.0;0.0008690716000415073
2022-07-31T23:00:00.0;0.0
2022-08-01T00:00:00.0;0.0
2022-08-01T01:00:00.0;0.0
2022-08-01T02:00:00.0;0.0
2022-08-01T03:00:00.0;0.0
2022-08-01T04:00:00.0;0.0
2022-08-01T05:00:00.0;0.00015165309028528708
2022-08-01T06:00:00.0;0.01496450721488865
2022-08-01T07:00:00.0;0.09659478705376116
2022-08-01T08:00:00.0;0.3302007097436073
2022-08-01T09:00:00.0;0.7474831411946306
2022-08-01T10:00:00.0;1.2150791204266949
2022-08-01T11:00:00.0;1.5948290156274738
2022-08-01T12:00:00.0;1.8298844074513843
2022-08-01T13:00:00.0;2.0216600441542285
2022-08-01T14:00:00.0;2.129807733778554
2022-08-01T15:00:00.0;2.1215517632929806
2022-08-01T16:00:00.0;1.8458693284230654
2022-08-01T17:00:00.0;1.4828965948882697
2022-08-01T18:00:00.0;1.059418636922673
2022-08-01T19:00:00.0;0.5824682273293171
2022-08-01T20:00:00.0;0.21567960474409661
2022-08-01T21:00:00.0;0.031107918870881178
2022-08-01T22:00:00.0;0.0008004431939500459
2022-08-01T23:00:00.0;0.0
2022-08-02T00:00:00.0;0.0
2022-08-02T01:00:00.0;0.0
2022-08-02T02:00:00.0;0.0
2022-08-02T03:00:00.0;0.0
2022-08-02T04:00:00.0;0.0
2022-08-02T05:00:00.0;1.1208751519433581e-5
2022-08-02T06:00:00.0;0.003564927699860322
2022-08-02T07:00:00.0;0.06607045483930085
2022-08-02T08:00:00.0;0.3224346549207453
2022-08-02T09:00:00.0;0.7728731910671626
2022-08-02T10:00:00.0;1.2873178097260072
2022-08-02T11:00:00.0;1.6708124160722897
2022-08-02T12:00:00.0;1.8723073280065092
2022-08-02T13:00:00.0;2.068399107075092
2022-08-02T14:00:00.0;2.075551510212688
2022-08-02T15:00:00.0;1.9051376103908864
2022-08-02T16:00:00.0;1.64840830900196
2022-08-02T17:00:00.0;1.3376216748427363
2022-08-02T18:00:00.0;0.9779792669304459
2022-08-02T19:00:00.0;0.5181940029938606
2022-08-02T20:00:00.0;0.16734781894477452
2022-08-02T21:00:00.0;0.009243147537822991
2022-08-02T22:00:00.0;5.916113446504742e-5
2022-08-02T23:00:00.0;0.0
2022-08-03T00:00:00.0;0.0
2022-08-03T01:00:00.0;0.0
2022-08-03T02:00:00.0;0.0
2022-08-03T03:00:00.0;0.0
2022-08-03T04:00:00.0;0.0
2022-08-03T05:00:00.0;1.1562438831915442e-5
2022-08-03T06:00:00.0;0.0035704209277835582
2022-08-03T07:00:00.0;0.06577810335006277
2022-08-03T08:00:00.0;0.32088495761015834
2022-08-03T09:00:00.0;0.7698271761294774
2022-08-03T10:00:00.0;1.2833548193835485
2022-08-03T11:00:00.0;1.666585264355251
2022-08-03T12:00:00.0;1.8686206617421226
2022-08-03T13:00:00.0;2.064527062592305
2022-08-03T14:00:00.0;2.0730677652530214
2022-08-03T15:00:00.0;1.904988645225598
2022-08-03T16:00:00.0;1.6480234648871899
2022-08-03T17:00:00.0;1.336555550164874
2022-08-03T18:00:00.0;0.9761534521893899
2022-08-03T19:00:00.0;0.5168979026145231
2022-08-03T20:00:00.0;0.16695095867856777
2022-08-03T21:00:00.0;0.00926121036736752
2022-08-03T22:00:00.0;6.102793850794568e-5
2022-08-03T23:00:00.0;0.0
2022-08-04T00:00:00.0;0.0
2022-08-04T01:00:00.0;0.0
2022-08-04T02:00:00.0;0.0
2022-08-04T03:00:00.0;0.0
2022-08-04T04:00:00.0;0.0
2022-08-04T05:00:00.0;0.00013336477742794336
2022-08-04T06:00:00.0;0.013225815217411598
2022-08-04T07:00:00.0;0.0896927600113894
2022-08-04T08:00:00.0;0.3189866095719581
2022-08-04T09:00:00.0;0.7317916557448134
2022-08-04T10:00:00.0;1.1968276561919127
2022-08-04T11:00:00.0;1.5721670386189526
2022-08-04T12:00:00.0;1.8011609870077414
2022-08-04T13:00:00.0;1.992260825351538
2022-08-04T14:00:00.0;2.1056564503999726
2022-08-04T15:00:00.0;2.1065380936107108
2022-08-04T16:00:00.0;1.8322908165436713
2022-08-04T17:00:00.0;1.472679156842345
2022-08-04T18:00:00.0;1.0530935360138152
2022-08-04T19:00:00.0;0.5758881107471938
2022-08-04T20:00:00.0;0.20914145364973946
2022-08-04T21:00:00.0;0.028025901493648933
2022-08-04T22:00:00.0;0.0007039152858938914
2022-08-04T23:00:00.0;0.0
2022-08-05T00:00:00.0;0.0
2022-08-05T01:00:00.0;0.0
2022-08-05T02:00:00.0;0.0
2022-08-05T03:00:00.0;0.0
2022-08-05T04:00:00.0;0.0
2022-08-05T05:00:00.0;0.00014680077154050744
2022-08-05T06:00:00.0;0.014494049373176785
2022-08-05T07:00:00.0;0.09410527548885261
2022-08-05T08:00:00.0;0.3232605755241254
2022-08-05T09:00:00.0;0.733091526271003
2022-08-05T10:00:00.0;1.192824770965044
2022-08-05T11:00:00.0;1.5659508390464227
2022-08-05T12:00:00.0;1.796511733096264
2022-08-05T13:00:00.0;1.9850880007295555
2022-08-05T14:00:00.0;2.092044285295768
2022-08-05T15:00:00.0;2.0848708213362466
2022-08-05T16:00:00.0;1.8136845723413004
2022-08-05T17:00:00.0;1.456926250999349
2022-08-05T18:00:00.0;1.040901177631249
2022-08-05T19:00:00.0;0.571894079013913
2022-08-05T20:00:00.0;0.21124468652359477
2022-08-05T21:00:00.0;0.030197360425517027
2022-08-05T22:00:00.0;0.0007748320738150815
2022-08-05T23:00:00.0;0.0
2022-08-06T00:00:00.0;0.0
2022-08-06T01:00:00.0;0.0
2022-08-06T02:00:00.0;0.0
2022-08-06T03:00:00.0;0.0
2022-08-06T04:00:00.0;0.0
2022-08-06T05:00:00.0;0.00021425798688910365
2022-08-06T06:00:00.0;0.020817401163483653
2022-08-06T07:00:00.0;0.11312965263975297
2022-08-06T08:00:00.0;0.3466655878161298
2022-08-06T09:00:00.0;0.7897004981152465
2022-08-06T10:00:00.0;1.2795120297198248
2022-08-06T11:00:00.0;1.68812418987207
2022-08-06T12:00:00.0;1.9531055114283467
2022-08-06T13:00:00.0;2.1487777025765196
2022-08-06T14:00:00.0;2.165418069216808
2022-08-06T15:00:00.0;2.0121119447505964
2022-08-06T16:00:00.0;1.7409550384320376
2022-08-06T17:00:00.0;1.3953951529815265
2022-08-06T18:00:00.0;0.9942874181098635
2022-08-06T19:00:00.0;0.5364484211977602
2022-08-06T20:00:00.0;0.20889332841221986
2022-08-06T21:00:00.0;0.040652810908175595
2022-08-06T22:00:00.0;0.0011308793446424066
2022-08-06T23:00:00.0;0.0
2022-08-07T00:00:00.0;0.0
2022-08-07T01:00:00.0;0.0
2022-08-07T02:00:00.0;0.0
2022-08-07T03:00:00.0;0.0
2022-08-07T04:00:00.0;0.0
2022-08-07T05:00:00.0;0.0002429488680252672
2022-08-07T06:00:00.0;0.023506903644662607
2022-08-07T07:00:00.0;0.12122365190765598
2022-08-07T08:00:00.0;0.35580722363748546
2022-08-07T09:00:00.0;0.8098851355281355
2022-08-07T10:00:00.0;1.3088983988240743
2022-08-07T11:00:00.0;1.7297356703837425
2022-08-07T12:00:00.0;2.0077635598529127
2022-08-07T13:00:00.0;2.205106229711136
2022-08-07T14:00:00.0;2.1851640744390055
2022-08-07T15:00:00.0;1.9736661320250726
2022-08-07T16:00:00.0;1.7038960910450427
2022-08-07T17:00:00.0;1.3642109770205513
2022-08-07T18:00:00.0;0.9707566095169118
2022-08-07T19:00:00.0;0.5203483237709646
2022-08-07T20:00:00.0;0.20790670084884472
2022-08-07T21:00:00.0;0.04510029375688738
2022-08-07T22:00:00.0;0.0012823132553571156
2022-08-07T23:00:00.0;0.0
2022-08-08T00:00:00.0;0.0
2022-08-08T01:00:00.0;0.0
2022-08-08T02:00:00.0;0.0
2022-08-08T03:00:00.0;0.0
2022-08-08T04:00:00.0;0.0
2022-08-08T05:00:00.0;0.00015999795248065887
2022-08-08T06:00:00.0;0.01569473298054004
2022-08-08T07:00:00.0;0.09522286954377959
2022-08-08T08:00:00.0;0.32134161879671674
2022-08-08T09:00:00.0;0.747313177058774
2022-08-08T10:00:00.0;1.2246529268355504
2022-08-08T11:00:00.0;1.615189834517261
2022-08-08T12:00:00.0;1.8588608418317212
2022-08-08T13:00:00.0;2.051954087128882
2022-08-08T14:00:00.0;2.1108243919606497
2022-08-08T15:00:00.0;2.025871400536785
2022-08-08T16:00:00.0;1.7555510110092896
2022-08-08T17:00:00.0;1.4094799857597118
2022-08-08T18:00:00.0;1.0069809753888779
2022-08-08T19:00:00.0;0.5417737937744095
2022-08-08T20:00:00.0;0.20006867966795325
2022-08-08T21:00:00.0;0.03187321105590955
2022-08-08T22:00:00.0;0.0008444883771782338
2022-08-08T23:00:00.0;0.0
2022-08-09T00:00:00.0;0.0
2022-08-09T01:00:00.0;0.0
2022-08-09T02:00:00.0;0.0
2022-08-09T03:00:00.0;0.0
2022-08-09T04:00:00.0;0.0
2022-08-09T05:00:00.0;0.00017502274198918715
2022-08-09T06:00:00.0;0.01716522159423668
2022-08-09T07:00:00.0;0.10389768330805665
2022-08-09T08:00:00.0;0.33538934093525
2022-08-09T09:00:00.0;0.7437463487199223
2022-08-09T10:00:00.0;1.1995776482183504
2022-08-09T11:00:00.0;1.5841802710865038
2022-08-09T12:00:00.0;1.8374077363642578
2022-08-09T13:00:00.0;2.0298341210491175
2022-08-09T14:00:00.0;2.1226823301528883
2022-08-09T15:00:00.0;2.0897545144652505
2022-08-09T16:00:00.0;1.815961716726698
2022-08-09T17:00:00.0;1.450491353318253
2022-08-09T18:00:00.0;1.028909821037962
2022-08-09T19:00:00.0;0.5705329543561894
2022-08-09T20:00:00.0;0.21781211034065057
2022-08-09T21:00:00.0;0.03483235562602315
2022-08-09T22:00:00.0;0.000923791017698183
2022-08-09T23:00:00.0;0.0
2022-08-10T00:00:00.0;0.0
2022-08-10T01:00:00.0;0.0
2022-08-10T02:00:00.0;0.0
2022-08-10T03:00:00.0;0.0
2022-08-10T04:00:00.0;0.0
2022-08-10T05:00:00.0;0.00019969531989213305
2022-08-10T06:00:00.0;0.019619464287305956
2022-08-10T07:00:00.0;0.11382354850186789
2022-08-10T08:00:00.0;0.35073681615287794
2022-08-10T09:00:00.0;0.7619467332429638
2022-08-10T10:00:00.0;1.2177871161582186
2022-08-10T11:00:00.0;1.6102435037488783
2022-08-10T12:00:00.0;1.877642223802547
2022-08-10T13:00:00.0;2.071453961486711
2022-08-10T14:00:00.0;2.1443167291063667
2022-08-10T15:00:00.0;2.0784073109476418
2022-08-10T16:00:00.0;1.8050197835979898
2022-08-10T17:00:00.0;1.43752041141397
2022-08-10T18:00:00.0;1.0161856648357364
2022-08-10T19:00:00.0;0.5684227622477633
2022-08-10T20:00:00.0;0.22364300819676836
2022-08-10T21:00:00.0;0.03899356035528679
2022-08-10T22:00:00.0;0.0010540158421476148
2022-08-10T23:00:00.0;0.0
2022-08-11T00:00:00.0;0.0
2022-08-11T01:00:00.0;0.0
2022-08-11T02:00:00.0;0.0
2022-08-11T03:00:00.0;0.0
2022-08-11T04:00:00.0;0.0
2022-08-11T05:00:00.0;0.00017492917702200886
2022-08-11T06:00:00.0;0.017151626464009466
2022-08-11T07:00:00.0;0.10352397872869848
2022-08-11T08:00:00.0;0.3332926268646313
2022-08-11T09:00:00.0;0.7383591387789901
2022-08-11T10:00:00.0;1.1908229458231587
2022-08-11T11:00:00.0;1.575228271930444
2022-08-11T12:00:00.0;1.8307507890228547
2022-08-11T13:00:00.0;2.0231262382007094
2022-08-11T14:00:00.0;2.1140841730648763
2022-08-11T15:00:00.0;2.0783039431313877
2022-08-11T16:00:00.0;1.8053491810249191
2022-08-11T17:00:00.0;1.4402969774622687
2022-08-11T18:00:00.0;1.0202680519638974
2022-08-11T19:00:00.0;0.5659607873802471
2022-08-11T20:00:00.0;0.21639052810150217
2022-08-11T21:00:00.0;0.034768866667354396
2022-08-11T22:00:00.0;0.0009232971705828414
2022-08-11T23:00:00.0;0.0
2022-08-12T00:00:00.0;0.0
2022-08-12T01:00:00.0;0.0
2022-08-12T02:00:00.0;0.0
2022-08-12T03:00:00.0;0.0
2022-08-12T04:00:00.0;0.0
2022-08-12T05:00:00.0;6.38789029398351e-5
2022-08-12T06:00:00.0;0.00711673506317099
2022-08-12T07:00:00.0;0.06862369136810699
2022-08-12T08:00:00.0;0.29263163116099106
2022-08-12T09:00:00.0;0.6994239291629228
2022-08-12T10:00:00.0;1.1652915091306855
2022-08-12T11:00:00.0;1.5332799483210235
2022-08-12T12:00:00.0;1.7472511806340936
2022-08-12T13:00:00.0;1.9381539307162448
2022-08-12T14:00:00.0;2.0310212389879307
2022-08-12T15:00:00.0;2.000585935001025
2022-08-12T16:00:00.0;1.7355053333033705
2022-08-12T17:00:00.0;1.3963037719307274
2022-08-12T18:00:00.0;1.00336705298875
2022-08-12T19:00:00.0;0.5382714016894219
2022-08-12T20:00:00.0;0.18201836832375504
2022-08-12T21:00:00.0;0.016688406586656126
2022-08-12T22:00:00.0;0.0003371605088890641
2022-08-12T23:00:00.0;0.0
2022-08-13T00:00:00.0;0.0
2022-08-13T01:00:00.0;0.0
2022-08-13T02:00:00.0;0.0
2022-08-13T03:00:00.0;0.0
2022-08-13T04:00:00.0;0.0
2022-08-13T05:00:00.0;0.0001712546179847393
2022-08-13T06:00:00.0;0.016798807060462818
2022-08-13T07:00:00.0;0.10188701699171818
2022-08-13T08:00:00.0;0.32953172730837277
2022-08-13T09:00:00.0;0.731282842952322
2022-08-13T10:00:00.0;1.180752329217703
2022-08-13T11:00:00.0;1.5641422955916906
2022-08-13T12:00:00.0;1.8201666205195108
2022-08-13T13:00:00.0;2.0123711843526406
2022-08-13T14:00:00.0;2.1029661939619717
2022-08-13T15:00:00.0;2.0668785296740086
2022-08-13T16:00:00.0;1.7948262702738764
2022-08-13T17:00:00.0;1.4307458262341475
2022-08-13T18:00:00.0;1.012632109646202
2022-08-13T19:00:00.0;0.5612832949477428
2022-08-13T20:00:00.0;0.2140505881423481
2022-08-13T21:00:00.0;0.03411433478998998
2022-08-13T22:00:00.0;0.0009039024073992032
2022-08-13T23:00:00.0;0.0
2022-08-14T00:00:00.0;0.0
2022-08-14T01:00:00.0;0.0
2022-08-14T02:00:00.0;0.0
2022-08-14T03:00:00.0;0.0
2022-08-14T04:00:00.0;0.0
2022-08-14T05:00:00.0;0.00019623933150123604
2022-08-14T06:00:00.0;0.019165699675678733
2022-08-14T07:00:00.0;0.1107089898308428
2022-08-14T08:00:00.0;0.3411921379156997
2022-08-14T09:00:00.0;0.7431960306808946
2022-08-14T10:00:00.0;1.19014303202018
2022-08-14T11:00:00.0;1.5792448776265073
2022-08-14T12:00:00.0;1.8477244550740586
2022-08-14T13:00:00.0;2.0407670614147775
2022-08-14T14:00:00.0;2.1207520839819436
2022-08-14T15:00:00.0;2.06697814483385
2022-08-14T16:00:00.0;1.7944560012444384
2022-08-14T17:00:00.0;1.42650337431128
2022-08-14T18:00:00.0;1.005822693372763
2022-08-14T19:00:00.0;0.5621279449848086
2022-08-14T20:00:00.0;0.22049158048187384
2022-08-14T21:00:00.0;0.03823921511021363
2022-08-14T22:00:00.0;0.0010357747210424666
2022-08-14T23:00:00.0;0.0
2022-08-15T00:00:00.0;0.0
2022-08-15T01:00:00.0;0.0
2022-08-15T02:00:00.0;0.0
2022-08-15T03:00:00.0;0.0
2022-08-15T04:00:00.0;0.0
2022-08-15T05:00:00.0;9.141868788615281e-5
2022-08-15T06:00:00.0;0.0092131021141262
2022-08-15T07:00:00.0;0.0720731898835828
2022-08-15T08:00:00.0;0.28248985086576667
2022-08-15T09:00:00.0;0.6680015473417321
2022-08-15T10:00:00.0;1.1076414753391433
2022-08-15T11:00:00.0;1.458042192404496
2022-08-15T12:00:00.0;1.6652888829212351
2022-08-15T13:00:00.0;1.8466302948086255
2022-08-15T14:00:00.0;1.9650399071965656
2022-08-15T15:00:00.0;1.9832323114428902
2022-08-15T16:00:00.0;1.7234622217740967
2022-08-15T17:00:00.0;1.3860262508580043
2022-08-15T18:00:00.0;0.9928178294442521
2022-08-15T19:00:00.0;0.5368010082104776
2022-08-15T20:00:00.0;0.18680652594767733
2022-08-15T21:00:00.0;0.020704684073698118
2022-08-15T22:00:00.0;0.00048251879589567313
2022-08-15T23:00:00.0;0.0
2022-08-16T00:00:00.0;0.0
2022-08-16T01:00:00.0;0.0
2022-08-16T02:00:00.0;0.0
2022-08-16T03:00:00.0;0.0
2022-08-16T04:00:00.0;0.0
2022-08-16T05:00:00.0;7.346870292738016e-5
2022-08-16T06:00:00.0;0.007477127301277381
2022-08-16T07:00:00.0;0.06319936477722661
2022-08-16T08:00:00.0;0.27023910862388173
2022-08-16T09:00:00.0;0.674096310713631
2022-08-16T10:00:00.0;1.1381236883923767
2022-08-16T11:00:00.0;1.506564786998311
2022-08-16T12:00:00.0;1.7207380691100336
2022-08-16T13:00:00.0;1.910492608617283
2022-08-16T14:00:00.0;2.000753860377039
2022-08-16T15:00:00.0;1.969184217080272
2022-08-16T16:00:00.0;1.7048121081771621
2022-08-16T17:00:00.0;1.3720637679714343
2022-08-16T18:00:00.0;0.9847965574237013
2022-08-16T19:00:00.0;0.5167557047348516
2022-08-16T20:00:00.0;0.17173622104072206
2022-08-16T21:00:00.0;0.017380671826854245
2022-08-16T22:00:00.0;0.00038777662305417975
2022-08-16T23:00:00.0;0.0
2022-08-17T00:00:00.0;0.0
2022-08-17T01:00:00.0;0.0
2022-08-17T02:00:00.0;0.0
2022-08-17T03:00:00.0;0.0
2022-08-17T04:00:00.0;0.0
2022-08-17T05:00:00.0;0.0
2022-08-17T06:00:00.0;0.0005410692366307103
2022-08-17T07:00:00.0;0.03895788014224707
2022-08-17T08:00:00.0;0.23478279046604938
2022-08-17T09:00:00.0;0.6111035246127198
2022-08-17T10:00:00.0;1.0530745253041918
2022-08-17T11:00:00.0;1.3929129671721083
2022-08-17T12:00:00.0;1.5759381885862458
2022-08-17T13:00:00.0;1.7602614092503155
2022-08-17T14:00:00.0;1.9103453725896
2022-08-17T15:00:00.0;1.97704035929806
2022-08-17T16:00:00.0;1.7157776288015725
2022-08-17T17:00:00.0;1.3839338696531407
2022-08-17T18:00:00.0;0.9966620525348947
2022-08-17T19:00:00.0;0.5225001576126623
2022-08-17T20:00:00.0;0.15981028822234655
2022-08-17T21:00:00.0;0.005493936616869183
2022-08-17T22:00:00.0;0.0
2022-08-17T23:00:00.0;0.0
2022-08-18T00:00:00.0;0.0
2022-08-18T01:00:00.0;0.0
2022-08-18T02:00:00.0;0.0
2022-08-18T03:00:00.0;0.0
2022-08-18T04:00:00.0;0.0
2022-08-18T05:00:00.0;0.0
2022-08-18T06:00:00.0;0.0005466647092135994
2022-08-18T07:00:00.0;0.03936076342495014
2022-08-18T08:00:00.0;0.23720946669865492
2022-08-18T09:00:00.0;0.6173638525432547
2022-08-18T10:00:00.0;1.0637315918150179
2022-08-18T11:00:00.0;1.4069079716184125
2022-08-18T12:00:00.0;1.5916997532506074
2022-08-18T13:00:00.0;1.7778714334617443
2022-08-18T14:00:00.0;1.9295368401599078
2022-08-18T15:00:00.0;1.997053160190592
2022-08-18T16:00:00.0;1.7332715560616454
2022-08-18T17:00:00.0;1.3981700229759373
2022-08-18T18:00:00.0;1.0069686866906908
2022-08-18T19:00:00.0;0.5279035978908098
2022-08-18T20:00:00.0;0.1614629678161451
2022-08-18T21:00:00.0;0.005550752213895637
2022-08-18T22:00:00.0;0.0
2022-08-18T23:00:00.0;0.0
2022-08-19T00:00:00.0;0.0
2022-08-19T01:00:00.0;0.0
2022-08-19T02:00:00.0;0.0
2022-08-19T03:00:00.0;0.0
2022-08-19T04:00:00.0;0.0
2022-08-19T05:00:00.0;2.8335338588029967e-5
2022-08-19T06:00:00.0;0.003237153395778211
2022-08-19T07:00:00.0;0.04741787807584443
2022-08-19T08:00:00.0;0.2466146774295588
2022-08-19T09:00:00.0;0.6396338461944882
2022-08-19T10:00:00.0;1.0971954995363042
2022-08-19T11:00:00.0;1.453979691177047
2022-08-19T12:00:00.0;1.652432574988672
2022-08-19T13:00:00.0;1.8405361531840143
2022-08-19T14:00:00.0;1.949092565935806
2022-08-19T15:00:00.0;1.948060064632429
2022-08-19T16:00:00.0;1.6863358088367664
2022-08-19T17:00:00.0;1.3591854846609595
2022-08-19T18:00:00.0;0.97822385617702
2022-08-19T19:00:00.0;0.5079036655567101
2022-08-19T20:00:00.0;0.1589017740762679
2022-08-19T21:00:00.0;0.009923886930184147
2022-08-19T22:00:00.0;0.00014955731451559557
2022-08-19T23:00:00.0;0.0
2022-08-20T00:00:00.0;0.0
2022-08-20T01:00:00.0;0.0
2022-08-20T02:00:00.0;0.0
2022-08-20T03:00:00.0;0.0
2022-08-20T04:00:00.0;0.0
2022-08-20T05:00:00.0;6.894882139637575e-5
2022-08-20T06:00:00.0;0.007079680876872856
2022-08-20T07:00:00.0;0.06379580543353933
2022-08-20T08:00:00.0;0.26992780641686864
2022-08-20T09:00:00.0;0.6516446768442324
2022-08-20T10:00:00.0;1.091939152886812
2022-08-20T11:00:00.0;1.4509245151106376
2022-08-20T12:00:00.0;1.6694726186234596
2022-08-20T13:00:00.0;1.8579695618280263
2022-08-20T14:00:00.0;1.9808626717749709
2022-08-20T15:00:00.0;2.000338626205157
2022-08-20T16:00:00.0;1.7350404313829761
2022-08-20T17:00:00.0;1.3891469337191131
2022-08-20T18:00:00.0;0.9904560048360391
2022-08-20T19:00:00.0;0.5314358417102976
2022-08-20T20:00:00.0;0.179605219680727
2022-08-20T21:00:00.0;0.016946569489860595
2022-08-20T22:00:00.0;0.0003639201463932226
2022-08-20T23:00:00.0;0.0
2022-08-21T00:00:00.0;0.0
2022-08-21T01:00:00.0;0.0
2022-08-21T02:00:00.0;0.0
2022-08-21T03:00:00.0;0.0
2022-08-21T04:00:00.0;0.0
2022-08-21T05:00:00.0;8.841215705618623e-5
2022-08-21T06:00:00.0;0.009013010860943336
2022-08-21T07:00:00.0;0.06816656945077892
2022-08-21T08:00:00.0;0.26095448420412903
2022-08-21T09:00:00.0;0.6333883729387424
2022-08-21T10:00:00.0;1.0937786571257113
2022-08-21T11:00:00.0;1.4693831926939458
2022-08-21T12:00:00.0;1.715383540624399
2022-08-21T13:00:00.0;1.9019452283862326
2022-08-21T14:00:00.0;1.9956604319907947
2022-08-21T15:00:00.0;1.9686254600760038
2022-08-21T16:00:00.0;1.6933100079731798
2022-08-21T17:00:00.0;1.3305882198960124
2022-08-21T18:00:00.0;0.9115463244102645
2022-08-21T19:00:00.0;0.47561196546538004
2022-08-21T20:00:00.0;0.16751893312447033
2022-08-21T21:00:00.0;0.019703596689801456
2022-08-21T22:00:00.0;0.0004666499656877257
2022-08-21T23:00:00.0;0.0
2022-08-22T00:00:00.0;0.0
2022-08-22T01:00:00.0;0.0
2022-08-22T02:00:00.0;0.0
2022-08-22T03:00:00.0;0.0
2022-08-22T04:00:00.0;0.0
2022-08-22T05:00:00.0;0.0
2022-08-22T06:00:00.0;0.0005028750296641898
2022-08-22T07:00:00.0;0.03622462988781318
2022-08-22T08:00:00.0;0.22751515033821168
2022-08-22T09:00:00.0;0.6122795432615176
2022-08-22T10:00:00.0;1.0645956981132356
2022-08-22T11:00:00.0;1.4138584256025677
2022-08-22T12:00:00.0;1.6027078634953402
2022-08-22T13:00:00.0;1.789579595559751
2022-08-22T14:00:00.0;1.9087252808319255
2022-08-22T15:00:00.0;1.9259336500996673
2022-08-22T16:00:00.0;1.6663256024117667
2022-08-22T17:00:00.0;1.3440115452292263
2022-08-22T18:00:00.0;0.9685939636994759
2022-08-22T19:00:00.0;0.49759372172033833
2022-08-22T20:00:00.0;0.1485652722350424
2022-08-22T21:00:00.0;0.005106118315624929
2022-08-22T22:00:00.0;0.0
2022-08-22T23:00:00.0;0.0
2022-08-23T00:00:00.0;0.0
2022-08-23T01:00:00.0;0.0
2022-08-23T02:00:00.0;0.0
2022-08-23T03:00:00.0;0.0
2022-08-23T04:00:00.0;0.0
2022-08-23T05:00:00.0;0.0
2022-08-23T06:00:00.0;0.0005049820167892496
2022-08-23T07:00:00.0;0.03637393621462404
2022-08-23T08:00:00.0;0.22709939307389496
2022-08-23T09:00:00.0;0.6083190669423351
2022-08-23T10:00:00.0;1.0568225687409187
2022-08-23T11:00:00.0;1.4050611956657038
2022-08-23T12:00:00.0;1.5953851364753548
2022-08-23T13:00:00.0;1.7821148942619487
2022-08-23T14:00:00.0;1.9042146611423474
2022-08-23T15:00:00.0;1.9260518304532388
2022-08-23T16:00:00.0;1.6665810192865003
2022-08-23T17:00:00.0;1.342793679841603
2022-08-23T18:00:00.0;0.9664741664225167
2022-08-23T19:00:00.0;0.4979168123618708
2022-08-23T20:00:00.0;0.14918244326597424
2022-08-23T21:00:00.0;0.0051275123497594895
2022-08-23T22:00:00.0;0.0
2022-08-23T23:00:00.0;0.0
2022-08-24T00:00:00.0;0.0
2022-08-24T01:00:00.0;0.0
2022-08-24T02:00:00.0;0.0
2022-08-24T03:00:00.0;0.0
2022-08-24T04:00:00.0;0.0
2022-08-24T05:00:00.0;0.0
2022-08-24T06:00:00.0;0.0005438636937827637
2022-08-24T07:00:00.0;0.03915908568013768
2022-08-24T08:00:00.0;0.23599404641385358
2022-08-24T09:00:00.0;0.6142027295042809
2022-08-24T10:00:00.0;1.0584706156467263
2022-08-24T11:00:00.0;1.4004559174824716
2022-08-24T12:00:00.0;1.5847512602827194
2022-08-24T13:00:00.0;1.7702507442400865
2022-08-24T14:00:00.0;1.9210713810028894
2022-08-24T15:00:00.0;1.987878285761544
2022-08-24T16:00:00.0;1.7250886920321924
2022-08-24T17:00:00.0;1.391255195008338
2022-08-24T18:00:00.0;1.0018204644105007
2022-08-24T19:00:00.0;0.5251987111498805
2022-08-24T20:00:00.0;0.16063565949215958
2022-08-24T21:00:00.0;0.0055223111194883665
2022-08-24T22:00:00.0;0.0
2022-08-24T23:00:00.0;0.0
2022-08-25T00:00:00.0;0.0
2022-08-25T01:00:00.0;0.0
2022-08-25T02:00:00.0;0.0
2022-08-25T03:00:00.0;0.0
2022-08-25T04:00:00.0;0.0
2022-08-25T05:00:00.0;0.0
2022-08-25T06:00:00.0;0.0006517388477643903
2022-08-25T07:00:00.0;0.03896365510951155
2022-08-25T08:00:00.0;0.23096876351245038
2022-08-25T09:00:00.0;0.5973519712692874
2022-08-25T10:00:00.0;1.0282224257560058
2022-08-25T11:00:00.0;1.3650095317542073
2022-08-25T12:00:00.0;1.552320379321185
2022-08-25T13:00:00.0;1.7343201678128057
2022-08-25T14:00:00.0;1.8674025151659543
2022-08-25T15:00:00.0;1.9095411350506513
2022-08-25T16:00:00.0;1.6548690484813926
2022-08-25T17:00:00.0;1.3308629486661925
2022-08-25T18:00:00.0;0.955950269630339
2022-08-25T19:00:00.0;0.5013259631903252
2022-08-25T20:00:00.0;0.15374395940438318
2022-08-25T21:00:00.0;0.005402617438238013
2022-08-25T22:00:00.0;0.0
2022-08-25T23:00:00.0;0.0
2022-08-26T00:00:00.0;0.0
2022-08-26T01:00:00.0;0.0
2022-08-26T02:00:00.0;0.0
2022-08-26T03:00:00.0;0.0
2022-08-26T04:00:00.0;0.0
2022-08-26T05:00:00.0;0.0
2022-08-26T06:00:00.0;0.00044892369382394225
2022-08-26T07:00:00.0;0.03232324862140445
2022-08-26T08:00:00.0;0.19482058971226343
2022-08-26T09:00:00.0;0.5080092270780394
2022-08-26T10:00:00.0;0.8775752866213246
2022-08-26T11:00:00.0;1.1624449839616546
2022-08-26T12:00:00.0;1.316378712605095
2022-08-26T13:00:00.0;1.4702617325894751
2022-08-26T14:00:00.0;1.594302684446997
2022-08-26T15:00:00.0;1.6474720567090426
2022-08-26T16:00:00.0;1.4276898222182655
2022-08-26T17:00:00.0;1.149494676899173
2022-08-26T18:00:00.0;0.826933690054696
2022-08-26T19:00:00.0;0.43351697878761813
2022-08-26T20:00:00.0;0.1325941673316946
2022-08-26T21:00:00.0;0.004558304469568025
2022-08-26T22:00:00.0;0.0
2022-08-26T23:00:00.0;0.0
2022-08-27T00:00:00.0;0.0
2022-08-27T01:00:00.0;0.0
2022-08-27T02:00:00.0;0.0
2022-08-27T03:00:00.0;0.0
2022-08-27T04:00:00.0;0.0
2022-08-27T05:00:00.0;0.0
2022-08-27T06:00:00.0;0.00049325493885395
2022-08-27T07:00:00.0;0.035515171601890536
2022-08-27T08:00:00.0;0.214046415070626
2022-08-27T09:00:00.0;0.5576079209051569
2022-08-27T10:00:00.0;0.9620080167962947
2022-08-27T11:00:00.0;1.2733231916759393
2022-08-27T12:00:00.0;1.4412528451902216
2022-08-27T13:00:00.0;1.609780653777386
2022-08-27T14:00:00.0;1.746350905350884
2022-08-27T15:00:00.0;1.8060274543025587
2022-08-27T16:00:00.0;1.5662889422059119
2022-08-27T17:00:00.0;1.262283434575795
2022-08-27T18:00:00.0;0.9085900501613403
2022-08-27T19:00:00.0;0.4763268096691211
2022-08-27T20:00:00.0;0.14568785029474277
2022-08-27T21:00:00.0;0.005008437343243097
2022-08-27T22:00:00.0;0.0
2022-08-27T23:00:00.0;0.0
2022-08-28T00:00:00.0;0.0
2022-08-28T01:00:00.0;0.0
2022-08-28T02:00:00.0;0.0
2022-08-28T03:00:00.0;0.0
2022-08-28T04:00:00.0;0.0
2022-08-28T05:00:00.0;0.0
2022-08-28T06:00:00.0;0.0017982229154694012
2022-08-28T07:00:00.0;0.048881608414542
2022-08-28T08:00:00.0;0.2556300058796252
2022-08-28T09:00:00.0;0.6265100330341259
2022-08-28T10:00:00.0;1.0547679482379537
2022-08-28T11:00:00.0;1.3754093170886779
2022-08-28T12:00:00.0;1.5435535212934688
2022-08-28T13:00:00.0;1.7095189089293876
2022-08-28T14:00:00.0;1.7419353277925325
2022-08-28T15:00:00.0;1.639063368371128
2022-08-28T16:00:00.0;1.4170676313557828
2022-08-28T17:00:00.0;1.1470063758184397
2022-08-28T18:00:00.0;0.8357106699417954
2022-08-28T19:00:00.0;0.44049854994717097
2022-08-28T20:00:00.0;0.1388787754152051
2022-08-28T21:00:00.0;0.0059608781193219735
2022-08-28T22:00:00.0;0.0
2022-08-28T23:00:00.0;0.0
2022-08-29T00:00:00.0;0.0
2022-08-29T01:00:00.0;0.0
2022-08-29T02:00:00.0;0.0
2022-08-29T03:00:00.0;0.0
2022-08-29T04:00:00.0;0.0
2022-08-29T05:00:00.0;0.0
2022-08-29T06:00:00.0;0.0005080463231624033
2022-08-29T07:00:00.0;0.03658017574186889
2022-08-29T08:00:00.0;0.22045212603705452
2022-08-29T09:00:00.0;0.5737805618085816
2022-08-29T10:00:00.0;0.9911970365117599
2022-08-29T11:00:00.0;1.3179516900135486
2022-08-29T12:00:00.0;1.495898930108456
2022-08-29T13:00:00.0;1.672802851868689
2022-08-29T14:00:00.0;1.8128211783226473
2022-08-29T15:00:00.0;1.8705565908494806
2022-08-29T16:00:00.0;1.6204521125787574
2022-08-29T17:00:00.0;1.3028333486432717
2022-08-29T18:00:00.0;0.9359887008951701
2022-08-29T19:00:00.0;0.4906105650727777
2022-08-29T20:00:00.0;0.15005663570982405
2022-08-29T21:00:00.0;0.005158626861265648
2022-08-29T22:00:00.0;0.0
2022-08-29T23:00:00.0;0.0
2022-08-30T00:00:00.0;0.0
2022-08-30T01:00:00.0;0.0
2022-08-30T02:00:00.0;0.0
2022-08-30T03:00:00.0;0.0
2022-08-30T04:00:00.0;0.0
2022-08-30T05:00:00.0;0.0
2022-08-30T06:00:00.0;0.0012223873484961318
2022-08-30T07:00:00.0;0.042799028599574955
2022-08-30T08:00:00.0;0.236164425755916
2022-08-30T09:00:00.0;0.5945447432852349
2022-08-30T10:00:00.0;1.0148458526010369
2022-08-30T11:00:00.0;1.3385464386264543
2022-08-30T12:00:00.0;1.5167343846811148
2022-08-30T13:00:00.0;1.6873501432298303
2022-08-30T14:00:00.0;1.7636920191517191
2022-08-30T15:00:00.0;1.7262091166697575
2022-08-30T16:00:00.0;1.4924316258462622
2022-08-30T17:00:00.0;1.2005848350278256
2022-08-30T18:00:00.0;0.8646751811052745
2022-08-30T19:00:00.0;0.4534034712481422
2022-08-30T20:00:00.0;0.14098566291757217
2022-08-30T21:00:00.0;0.005512454246070248
2022-08-30T22:00:00.0;0.0
2022-08-30T23:00:00.0;0.0
2022-08-31T00:00:00.0;0.0
2022-08-31T01:00:00.0;0.0
2022-08-31T02:00:00.0;0.0
2022-08-31T03:00:00.0;0.0
2022-08-31T04:00:00.0;0.0
2022-08-31T05:00:00.0;0.0
2022-08-31T06:00:00.0;0.0020252170618769694
2022-08-31T07:00:00.0;0.04864514697232913
2022-08-31T08:00:00.0;0.24711224112533645
2022-08-31T09:00:00.0;0.6125370327124622
2022-08-31T10:00:00.0;1.0579598018278797
2022-08-31T11:00:00.0;1.3973019659616541
2022-08-31T12:00:00.0;1.5927012778103495
2022-08-31T13:00:00.0;1.7617932665475302
2022-08-31T14:00:00.0;1.762929396676368
2022-08-31T15:00:00.0;1.6067139303602382
2022-08-31T16:00:00.0;1.376418485400645
2022-08-31T17:00:00.0;1.0932957048963323
2022-08-31T18:00:00.0;0.7696725279592532
2022-08-31T19:00:00.0;0.39372766263574926
2022-08-31T20:00:00.0;0.12522764782725518
2022-08-31T21:00:00.0;0.005735683707445117
2022-08-31T22:00:00.0;0.0
2022-08-31T23:00:00.0;0.0
2022-09-01T00:00:00.0;0.0
2022-09-01T01:00:00.0;0.0
2022-09-01T02:00:00.0;0.0
2022-09-01T03:00:00.0;0.0
2022-09-01T04:00:00.0;0.0
2022-09-01T05:00:00.0;0.0
2022-09-01T06:00:00.0;0.0012387355766668095
2022-09-01T07:00:00.0;0.044153737820123475
2022-09-01T08:00:00.0;0.24431415725841907
2022-09-01T09:00:00.0;0.6137515913981884
2022-09-01T10:00:00.0;1.0479064678118826
2022-09-01T11:00:00.0;1.4025686872955148
2022-09-01T12:00:00.0;1.6169734891990732
2022-09-01T13:00:00.0;1.8057210334999052
2022-09-01T14:00:00.0;1.8823050832002308
2022-09-01T15:00:00.0;1.8296212469410822
2022-09-01T16:00:00.0;1.578582641334105
2022-09-01T17:00:00.0;1.2588199920739445
2022-09-01T18:00:00.0;0.8982854986380768
2022-09-01T19:00:00.0;0.47198543853639596
2022-09-01T20:00:00.0;0.14667869677319728
2022-09-01T21:00:00.0;0.005705553771150521
2022-09-01T22:00:00.0;0.0
2022-09-01T23:00:00.0;0.0
2022-09-02T00:00:00.0;0.0
2022-09-02T01:00:00.0;0.0
2022-09-02T02:00:00.0;0.0
2022-09-02T03:00:00.0;0.0
2022-09-02T04:00:00.0;0.0
2022-09-02T05:00:00.0;0.0
2022-09-02T06:00:00.0;0.001658647693460847
2022-09-02T07:00:00.0;0.048399084311930456
2022-09-02T08:00:00.0;0.2573298309753246
2022-09-02T09:00:00.0;0.6348437747532844
2022-09-02T10:00:00.0;1.0768013194104133
2022-09-02T11:00:00.0;1.440284116078623
2022-09-02T12:00:00.0;1.6636776080173126
2022-09-02T13:00:00.0;1.8549370779773864
2022-09-02T14:00:00.0;1.8962571109978148
2022-09-02T15:00:00.0;1.7856862718448079
2022-09-02T16:00:00.0;1.537670800406286
2022-09-02T17:00:00.0;1.2237373310634474
2022-09-02T18:00:00.0;0.873237331125827
2022-09-02T19:00:00.0;0.45956092052118025
2022-09-02T20:00:00.0;0.14421658258461703
2022-09-02T21:00:00.0;0.006003530273471347
2022-09-02T22:00:00.0;0.0
2022-09-02T23:00:00.0;0.0
2022-09-03T00:00:00.0;0.0
2022-09-03T01:00:00.0;0.0
2022-09-03T02:00:00.0;0.0
2022-09-03T03:00:00.0;0.0
2022-09-03T04:00:00.0;0.0
2022-09-03T05:00:00.0;0.00010067422899792142
2022-09-03T06:00:00.0;0.010328459863943318
2022-09-03T07:00:00.0;0.069723208678242
2022-09-03T08:00:00.0;0.24412780338674833
2022-09-03T09:00:00.0;0.5889885130880754
2022-09-03T10:00:00.0;1.0398239843148374
2022-09-03T11:00:00.0;1.4271906296060022
2022-09-03T12:00:00.0;1.7102535272986084
2022-09-03T13:00:00.0;1.8958456498782594
2022-09-03T14:00:00.0;1.945838254724297
2022-09-03T15:00:00.0;1.8498859116858624
2022-09-03T16:00:00.0;1.575404260987269
2022-09-03T17:00:00.0;1.2070007445221187
2022-09-03T18:00:00.0;0.7896450387784325
2022-09-03T19:00:00.0;0.40247868517944835
2022-09-03T20:00:00.0;0.14871323908002942
2022-09-03T21:00:00.0;0.02117672308838656
2022-09-03T22:00:00.0;0.0005313706516363192
2022-09-03T23:00:00.0;0.0
2022-09-04T00:00:00.0;0.0
2022-09-04T01:00:00.0;0.0
2022-09-04T02:00:00.0;0.0
2022-09-04T03:00:00.0;0.0
2022-09-04T04:00:00.0;0.0
2022-09-04T05:00:00.0;0.00016746669111158697
2022-09-04T06:00:00.0;0.0162020807226124
2022-09-04T07:00:00.0;0.08351078870439291
2022-09-04T08:00:00.0;0.27396188956084216
2022-09-04T09:00:00.0;0.6964287295847839
2022-09-04T10:00:00.0;1.1740427163265585
2022-09-04T11:00:00.0;1.5886861606674965
2022-09-04T12:00:00.0;1.86702022344318
2022-09-04T13:00:00.0;2.06276089738054
2022-09-04T14:00:00.0;1.9800983456744214
2022-09-04T15:00:00.0;1.6762504431002785
2022-09-04T16:00:00.0;1.427378140256075
2022-09-04T17:00:00.0;1.1322436898283887
2022-09-04T18:00:00.0;0.8000786220198428
2022-09-04T19:00:00.0;0.395034937105153
2022-09-04T20:00:00.0;0.1430044508639296
2022-09-04T21:00:00.0;0.031073541347171094
2022-09-04T22:00:00.0;0.0008839092751848085
2022-09-04T23:00:00.0;0.0
2022-09-05T00:00:00.0;0.0
2022-09-05T01:00:00.0;0.0
2022-09-05T02:00:00.0;0.0
2022-09-05T03:00:00.0;0.0
2022-09-05T04:00:00.0;0.0
2022-09-05T05:00:00.0;0.00011016539325000275
2022-09-05T06:00:00.0;0.01110547749563625
2022-09-05T07:00:00.0;0.06966834413506577
2022-09-05T08:00:00.0;0.2579536597596932
2022-09-05T09:00:00.0;0.6516941926714543
2022-09-05T10:00:00.0;1.1116502138623692
2022-09-05T11:00:00.0;1.506898180481188
2022-09-05T12:00:00.0;1.771720654474389
2022-09-05T13:00:00.0;1.964217280183936
2022-09-05T14:00:00.0;1.93752986712512
2022-09-05T15:00:00.0;1.7218345494637275
2022-09-05T16:00:00.0;1.469778594294481
2022-09-05T17:00:00.0;1.1588859234148472
2022-09-05T18:00:00.0;0.80978094120577
2022-09-05T19:00:00.0;0.40731884044506567
2022-09-05T20:00:00.0;0.14116221397395123
2022-09-05T21:00:00.0;0.02231753101985821
2022-09-05T22:00:00.0;0.0005814661545630904
2022-09-05T23:00:00.0;0.0
2022-09-06T00:00:00.0;0.0
2022-09-06T01:00:00.0;0.0
2022-09-06T02:00:00.0;0.0
2022-09-06T03:00:00.0;0.0
2022-09-06T04:00:00.0;0.0
2022-09-06T05:00:00.0;0.0
2022-09-06T06:00:00.0;0.0009149923399591137
2022-09-06T07:00:00.0;0.027365719433064758
2022-09-06T08:00:00.0;0.20181057266550828
2022-09-06T09:00:00.0;0.6293590960891197
2022-09-06T10:00:00.0;1.1330709490336779
2022-09-06T11:00:00.0;1.5258089772594683
2022-09-06T12:00:00.0;1.7415073084728063
2022-09-06T13:00:00.0;1.9347478793717432
2022-09-06T14:00:00.0;1.8427055256593876
2022-09-06T15:00:00.0;1.5287889126151186
2022-09-06T16:00:00.0;1.2923768181465736
2022-09-06T17:00:00.0;1.0419934502668127
2022-09-06T18:00:00.0;0.756166078946427
2022-09-06T19:00:00.0;0.33483998363129985
2022-09-06T20:00:00.0;0.08252483124145843
2022-09-06T21:00:00.0;0.003398087821250642
2022-09-06T22:00:00.0;0.0
2022-09-06T23:00:00.0;0.0
2022-09-07T00:00:00.0;0.0
2022-09-07T01:00:00.0;0.0
2022-09-07T02:00:00.0;0.0
2022-09-07T03:00:00.0;0.0
2022-09-07T04:00:00.0;0.0
2022-09-07T05:00:00.0;6.005178805117949e-6
2022-09-07T06:00:00.0;0.000910783345547173
2022-09-07T07:00:00.0;0.024156742325067065
2022-09-07T08:00:00.0;0.18708873801398399
2022-09-07T09:00:00.0;0.5966735945129007
2022-09-07T10:00:00.0;1.0794920594046618
2022-09-07T11:00:00.0;1.4598628255714097
2022-09-07T12:00:00.0;1.6702022878477794
2022-09-07T13:00:00.0;1.8608247716136963
2022-09-07T14:00:00.0;1.821125688555044
2022-09-07T15:00:00.0;1.5919553931125487
2022-09-07T16:00:00.0;1.3518097596263532
2022-09-07T17:00:00.0;1.089514324015945
2022-09-07T18:00:00.0;0.7882941852404971
2022-09-07T19:00:00.0;0.35598288456102084
2022-09-07T20:00:00.0;0.08970845233979786
2022-09-07T21:00:00.0;0.004054501414873548
2022-09-07T22:00:00.0;3.169605376301437e-5
2022-09-07T23:00:00.0;0.0
2022-09-08T00:00:00.0;0.0
2022-09-08T01:00:00.0;0.0
2022-09-08T02:00:00.0;0.0
2022-09-08T03:00:00.0;0.0
2022-09-08T04:00:00.0;0.0
2022-09-08T05:00:00.0;1.5445305279620433e-5
2022-09-08T06:00:00.0;0.0018941795821545138
2022-09-08T07:00:00.0;0.03242065369140034
2022-09-08T08:00:00.0;0.19551973384952728
2022-09-08T09:00:00.0;0.5567795606819064
2022-09-08T10:00:00.0;0.9809160162259437
2022-09-08T11:00:00.0;1.31358691032986
2022-09-08T12:00:00.0;1.4982490626993246
2022-09-08T13:00:00.0;1.6686608208945908
2022-09-08T14:00:00.0;1.6968081010859564
2022-09-08T15:00:00.0;1.5884082908885213
2022-09-08T16:00:00.0;1.3618639051394215
2022-09-08T17:00:00.0;1.096505502205509
2022-09-08T18:00:00.0;0.7907236402580174
2022-09-08T19:00:00.0;0.3866679780266492
2022-09-08T20:00:00.0;0.11135697905517662
2022-09-08T21:00:00.0;0.006298146804298215
2022-09-08T22:00:00.0;8.152217318022114e-5
2022-09-08T23:00:00.0;0.0
2022-09-09T00:00:00.0;0.0
2022-09-09T01:00:00.0;0.0
2022-09-09T02:00:00.0;0.0
2022-09-09T03:00:00.0;0.0
2022-09-09T04:00:00.0;0.0
2022-09-09T05:00:00.0;0.0
2022-09-09T06:00:00.0;0.0014139145056443721
2022-09-09T07:00:00.0;0.040453987890487264
2022-09-09T08:00:00.0;0.21460402239685958
2022-09-09T09:00:00.0;0.5375067749826313
2022-09-09T10:00:00.0;0.9245719325662163
2022-09-09T11:00:00.0;1.219647295644788
2022-09-09T12:00:00.0;1.3842354044105833
2022-09-09T13:00:00.0;1.5351658422899095
2022-09-09T14:00:00.0;1.5727998827557803
2022-09-09T15:00:00.0;1.4913969837755066
2022-09-09T16:00:00.0;1.2831217693377792
2022-09-09T17:00:00.0;1.0259649798538724
2022-09-09T18:00:00.0;0.7313972704592856
2022-09-09T19:00:00.0;0.37914159018678434
2022-09-09T20:00:00.0;0.11902529514058328
2022-09-09T21:00:00.0;0.004995052947022129
2022-09-09T22:00:00.0;0.0
2022-09-09T23:00:00.0;0.0
2022-09-10T00:00:00.0;0.0
2022-09-10T01:00:00.0;0.0
2022-09-10T02:00:00.0;0.0
2022-09-10T03:00:00.0;0.0
2022-09-10T04:00:00.0;0.0
2022-09-10T05:00:00.0;0.0
2022-09-10T06:00:00.0;0.0006301954441673129
2022-09-10T07:00:00.0;0.030032286553210844
2022-09-10T08:00:00.0;0.17586805392305366
2022-09-10T09:00:00.0;0.49092286763739246
2022-09-10T10:00:00.0;0.9239443611798992
2022-09-10T11:00:00.0;1.2769158168484152
2022-09-10T12:00:00.0;1.5123534886222774
2022-09-10T13:00:00.0;1.688434260543095
2022-09-10T14:00:00.0;1.777879336946673
2022-09-10T15:00:00.0;1.7537822310489732
2022-09-10T16:00:00.0;1.4898117409593217
2022-09-10T17:00:00.0;1.145094215274402
2022-09-10T18:00:00.0;0.7521356694193181
2022-09-10T19:00:00.0;0.3634553195165433
2022-09-10T20:00:00.0;0.11146175018172372
2022-09-10T21:00:00.0;0.004057699127998879
2022-09-10T22:00:00.0;0.0
2022-09-10T23:00:00.0;0.0
2022-09-11T00:00:00.0;0.0
2022-09-11T01:00:00.0;0.0
2022-09-11T02:00:00.0;0.0
2022-09-11T03:00:00.0;0.0
2022-09-11T04:00:00.0;0.0
2022-09-11T05:00:00.0;4.219407289447533e-5
2022-09-11T06:00:00.0;0.0042195490132671985
2022-09-11T07:00:00.0;0.031038026372974366
2022-09-11T08:00:00.0;0.18813119227888161
2022-09-11T09:00:00.0;0.6142576072175109
2022-09-11T10:00:00.0;1.112521433061551
2022-09-11T11:00:00.0;1.5129297918343008
2022-09-11T12:00:00.0;1.7430778130012807
2022-09-11T13:00:00.0;1.9362210757996803
2022-09-11T14:00:00.0;1.8243544519647261
2022-09-11T15:00:00.0;1.4818360419495336
2022-09-11T16:00:00.0;1.2470108901812524
2022-09-11T17:00:00.0;1.003020394026144
2022-09-11T18:00:00.0;0.7248699283399862
2022-09-11T19:00:00.0;0.30874606263650634
2022-09-11T20:00:00.0;0.07682980144594885
2022-09-11T21:00:00.0;0.009223801645216042
2022-09-11T22:00:00.0;0.0002227053758672502
2022-09-11T23:00:00.0;0.0
2022-09-12T00:00:00.0;0.0
2022-09-12T01:00:00.0;0.0
2022-09-12T02:00:00.0;0.0
2022-09-12T03:00:00.0;0.0
2022-09-12T04:00:00.0;0.0
2022-09-12T05:00:00.0;6.649473001732192e-5
2022-09-12T06:00:00.0;0.006660300566238872
2022-09-12T07:00:00.0;0.04952773079280974
2022-09-12T08:00:00.0;0.2182910918477269
2022-09-12T09:00:00.0;0.5855229395202161
2022-09-12T10:00:00.0;1.013438242659576
2022-09-12T11:00:00.0;1.378196071188197
2022-09-12T12:00:00.0;1.612591051359585
2022-09-12T13:00:00.0;1.7959561867669793
2022-09-12T14:00:00.0;1.7981671284629084
2022-09-12T15:00:00.0;1.6376490208781034
2022-09-12T16:00:00.0;1.3996108782781587
2022-09-12T17:00:00.0;1.1105380294680303
2022-09-12T18:00:00.0;0.7861168832473722
2022-09-12T19:00:00.0;0.39025208920256205
2022-09-12T20:00:00.0;0.12388959994859873
2022-09-12T21:00:00.0;0.01464370106637507
2022-09-12T22:00:00.0;0.0003509671578454798
2022-09-12T23:00:00.0;0.0
2022-09-13T00:00:00.0;0.0
2022-09-13T01:00:00.0;0.0
2022-09-13T02:00:00.0;0.0
2022-09-13T03:00:00.0;0.0
2022-09-13T04:00:00.0;0.0
2022-09-13T05:00:00.0;3.916886158781757e-5
2022-09-13T06:00:00.0;0.003963806914992844
2022-09-13T07:00:00.0;0.0317818086484295
2022-09-13T08:00:00.0;0.18507711131870397
2022-09-13T09:00:00.0;0.5815824246520273
2022-09-13T10:00:00.0;1.0453749865627509
2022-09-13T11:00:00.0;1.4170506347147223
2022-09-13T12:00:00.0;1.6302277855728429
2022-09-13T13:00:00.0;1.8113069175319778
2022-09-13T14:00:00.0;1.7341431711485424
2022-09-13T15:00:00.0;1.455141521906053
2022-09-13T16:00:00.0;1.2300121606006718
2022-09-13T17:00:00.0;0.9889231993388644
2022-09-13T18:00:00.0;0.7137691463107984
2022-09-13T19:00:00.0;0.31610647792345103
2022-09-13T20:00:00.0;0.0832314605592021
2022-09-13T21:00:00.0;0.008978593365161741
2022-09-13T22:00:00.0;0.0002067379478635107
2022-09-13T23:00:00.0;0.0
2022-09-14T00:00:00.0;0.0
2022-09-14T01:00:00.0;0.0
2022-09-14T02:00:00.0;0.0
2022-09-14T03:00:00.0;0.0
2022-09-14T04:00:00.0;0.0
2022-09-14T05:00:00.0;6.366320965257793e-6
2022-09-14T06:00:00.0;0.0009105038166172141
2022-09-14T07:00:00.0;0.02445977111965174
2022-09-14T08:00:00.0;0.17991839730567633
2022-09-14T09:00:00.0;0.5578668626876766
2022-09-14T10:00:00.0;1.0063955947662555
2022-09-14T11:00:00.0;1.3723326967978398
2022-09-14T12:00:00.0;1.5860428056004428
2022-09-14T13:00:00.0;1.771859514430589
2022-09-14T14:00:00.0;1.7562377138861234
2022-09-14T15:00:00.0;1.5681534055020545
2022-09-14T16:00:00.0;1.332550641881518
2022-09-14T17:00:00.0;1.0648312785372007
2022-09-14T18:00:00.0;0.7626752772554973
2022-09-14T19:00:00.0;0.35312155670616024
2022-09-14T20:00:00.0;0.09260330593581247
2022-09-14T21:00:00.0;0.004172340134413698
2022-09-14T22:00:00.0;3.360220538569845e-5
2022-09-14T23:00:00.0;0.0
2022-09-15T00:00:00.0;0.0
2022-09-15T01:00:00.0;0.0
2022-09-15T02:00:00.0;0.0
2022-09-15T03:00:00.0;0.0
2022-09-15T04:00:00.0;0.0
2022-09-15T05:00:00.0;0.0
2022-09-15T06:00:00.0;0.0010623330455200185
2022-09-15T07:00:00.0;0.03580386176886009
2022-09-15T08:00:00.0;0.1961342523576208
2022-09-15T09:00:00.0;0.4920253837667817
2022-09-15T10:00:00.0;0.8379805689269898
2022-09-15T11:00:00.0;1.1004896656481362
2022-09-15T12:00:00.0;1.2402059316706322
2022-09-15T13:00:00.0;1.3778054380308913
2022-09-15T14:00:00.0;1.4364419548834297
2022-09-15T15:00:00.0;1.4008916295373388
2022-09-15T16:00:00.0;1.2104930556971438
2022-09-15T17:00:00.0;0.9758525935917958
2022-09-15T18:00:00.0;0.7065612851875221
2022-09-15T19:00:00.0;0.3716110905969813
2022-09-15T20:00:00.0;0.11575448198228931
2022-09-15T21:00:00.0;0.004578382586585928
2022-09-15T22:00:00.0;0.0
2022-09-15T23:00:00.0;0.0
2022-09-16T00:00:00.0;0.0
2022-09-16T01:00:00.0;0.0
2022-09-16T02:00:00.0;0.0
2022-09-16T03:00:00.0;0.0
2022-09-16T04:00:00.0;0.0
2022-09-16T05:00:00.0;0.0
2022-09-16T06:00:00.0;0.0020245998227828707
2022-09-16T07:00:00.0;0.04428906808691178
2022-09-16T08:00:00.0;0.21823069464779388
2022-09-16T09:00:00.0;0.5262233284072421
2022-09-16T10:00:00.0;0.8900661841554994
2022-09-16T11:00:00.0;1.1624168275068436
2022-09-16T12:00:00.0;1.310864122692653
2022-09-16T13:00:00.0;1.4459046236927253
2022-09-16T14:00:00.0;1.4204158323279068
2022-09-16T15:00:00.0;1.2536412094452367
2022-09-16T16:00:00.0;1.0747864381914973
2022-09-16T17:00:00.0;0.8615981910209181
2022-09-16T18:00:00.0;0.6204885579180036
2022-09-16T19:00:00.0;0.32339655367044357
2022-09-16T20:00:00.0;0.10406079443110369
2022-09-16T21:00:00.0;0.005071489768993472
2022-09-16T22:00:00.0;0.0
2022-09-16T23:00:00.0;0.0
2022-09-17T00:00:00.0;0.0
2022-09-17T01:00:00.0;0.0
2022-09-17T02:00:00.0;0.0
2022-09-17T03:00:00.0;0.0
2022-09-17T04:00:00.0;0.0
2022-09-17T05:00:00.0;0.0
2022-09-17T06:00:00.0;0.0006144038743488063
2022-09-17T07:00:00.0;0.013440372125733891
2022-09-17T08:00:00.0;0.0727471045495009
2022-09-17T09:00:00.0;0.29204026850334586
2022-09-17T10:00:00.0;0.7294628667379843
2022-09-17T11:00:00.0;1.1159349978467128
2022-09-17T12:00:00.0;1.4528490571708566
2022-09-17T13:00:00.0;1.6197327113337912
2022-09-17T14:00:00.0;1.6231640986809646
2022-09-17T15:00:00.0;1.4665668841867074
2022-09-17T16:00:00.0;1.1846879736846607
2022-09-17T17:00:00.0;0.7975782093211843
2022-09-17T18:00:00.0;0.366559489915834
2022-09-17T19:00:00.0;0.1027277730770085
2022-09-17T20:00:00.0;0.03157925558760734
2022-09-17T21:00:00.0;0.0015390414084433578
2022-09-17T22:00:00.0;0.0
2022-09-17T23:00:00.0;0.0
2022-09-18T00:00:00.0;0.0
2022-09-18T01:00:00.0;0.0
2022-09-18T02:00:00.0;0.0
2022-09-18T03:00:00.0;0.0
2022-09-18T04:00:00.0;0.0
2022-09-18T05:00:00.0;0.0
2022-09-18T06:00:00.0;0.0011214624810387832
2022-09-18T07:00:00.0;0.02453251631296345
2022-09-18T08:00:00.0;0.12317975698130489
2022-09-18T09:00:00.0;0.33875859294847815
2022-09-18T10:00:00.0;0.6576369774014609
2022-09-18T11:00:00.0;0.9178102400815501
2022-09-18T12:00:00.0;1.1041960796169834
2022-09-18T13:00:00.0;1.2239932047472697
2022-09-18T14:00:00.0;1.2131871744989422
2022-09-18T15:00:00.0;1.0812968102799523
2022-09-18T16:00:00.0;0.8993377353765053
2022-09-18T17:00:00.0;0.6655083548197399
2022-09-18T18:00:00.0;0.4058065965282213
2022-09-18T19:00:00.0;0.18073310462157108
2022-09-18T20:00:00.0;0.05764115722442594
2022-09-18T21:00:00.0;0.0028091899618368104
2022-09-18T22:00:00.0;0.0
2022-09-18T23:00:00.0;0.0
2022-09-19T00:00:00.0;0.0
2022-09-19T01:00:00.0;0.0
2022-09-19T02:00:00.0;0.0
2022-09-19T03:00:00.0;0.0
2022-09-19T04:00:00.0;0.0
2022-09-19T05:00:00.0;0.0
2022-09-19T06:00:00.0;0.0016787224143485966
2022-09-19T07:00:00.0;0.036732721095867726
2022-09-19T08:00:00.0;0.18796789900399657
2022-09-19T09:00:00.0;0.493592774823181
2022-09-19T10:00:00.0;0.897055686065649
2022-09-19T11:00:00.0;1.2161324280904158
2022-09-19T12:00:00.0;1.4220927430663217
2022-09-19T13:00:00.0;1.574091950758737
2022-09-19T14:00:00.0;1.5432851706194255
2022-09-19T15:00:00.0;1.3522233732284692
2022-09-19T16:00:00.0;1.1396233289995752
2022-09-19T17:00:00.0;0.8768895486909201
2022-09-19T18:00:00.0;0.5817481398755553
2022-09-19T19:00:00.0;0.27628544598480437
2022-09-19T20:00:00.0;0.08630451815726278
2022-09-19T21:00:00.0;0.004205089545867247
2022-09-19T22:00:00.0;0.0
2022-09-19T23:00:00.0;0.0
2022-09-20T00:00:00.0;0.0
2022-09-20T01:00:00.0;0.0
2022-09-20T02:00:00.0;0.0
2022-09-20T03:00:00.0;0.0
2022-09-20T04:00:00.0;0.0
2022-09-20T05:00:00.0;2.7648986538166778e-5
2022-09-20T06:00:00.0;0.0031331830490581745
2022-09-20T07:00:00.0;0.02627175381967125
2022-09-20T08:00:00.0;0.17427089249335032
2022-09-20T09:00:00.0;0.5802932387776811
2022-09-20T10:00:00.0;1.057624118546055
2022-09-20T11:00:00.0;1.443985660904817
2022-09-20T12:00:00.0;1.6645620618557053
2022-09-20T13:00:00.0;1.8489727696324239
2022-09-20T14:00:00.0;1.7017757949448917
2022-09-20T15:00:00.0;1.3118165733727258
2022-09-20T16:00:00.0;1.094442976419503
2022-09-20T17:00:00.0;0.8773551649973074
2022-09-20T18:00:00.0;0.6354186594407523
2022-09-20T19:00:00.0;0.25902967426535534
2022-09-20T20:00:00.0;0.05882031732258331
2022-09-20T21:00:00.0;0.006635773980724523
2022-09-20T22:00:00.0;0.00014593466610181673
2022-09-20T23:00:00.0;0.0
2022-09-21T00:00:00.0;0.0
2022-09-21T01:00:00.0;0.0
2022-09-21T02:00:00.0;0.0
2022-09-21T03:00:00.0;0.0
2022-09-21T04:00:00.0;0.0
2022-09-21T05:00:00.0;3.373424886103079e-5
2022-09-21T06:00:00.0;0.0032801610640340504
2022-09-21T07:00:00.0;0.018169513880257036
2022-09-21T08:00:00.0;0.15303434125751583
2022-09-21T09:00:00.0;0.5913126433795103
2022-09-21T10:00:00.0;1.106744641397901
2022-09-21T11:00:00.0;1.5238907061859874
2022-09-21T12:00:00.0;1.7637537172608129
2022-09-21T13:00:00.0;1.958744206018872
2022-09-21T14:00:00.0;1.7489735954749945
2022-09-21T15:00:00.0;1.2554692944082102
2022-09-21T16:00:00.0;1.0341844984452366
2022-09-21T17:00:00.0;0.83120137442053
2022-09-21T18:00:00.0;0.6035483126559806
2022-09-21T19:00:00.0;0.21218857771167415
2022-09-21T20:00:00.0;0.03401271845248023
2022-09-21T21:00:00.0;0.00642631105483824
2022-09-21T22:00:00.0;0.00017805341027362414
2022-09-21T23:00:00.0;0.0
2022-09-22T00:00:00.0;0.0
2022-09-22T01:00:00.0;0.0
2022-09-22T02:00:00.0;0.0
2022-09-22T03:00:00.0;0.0
2022-09-22T04:00:00.0;0.0
2022-09-22T05:00:00.0;1.4551925651975365e-5
2022-09-22T06:00:00.0;0.001516430581999476
2022-09-22T07:00:00.0;0.015217397713405396
2022-09-22T08:00:00.0;0.15086884422367666
2022-09-22T09:00:00.0;0.5642910926678733
2022-09-22T10:00:00.0;1.0541974355990784
2022-09-22T11:00:00.0;1.455336645380076
2022-09-22T12:00:00.0;1.690244690646075
2022-09-22T13:00:00.0;1.8831165556955118
2022-09-22T14:00:00.0;1.7291659378558928
2022-09-22T15:00:00.0;1.323329162694027
2022-09-22T16:00:00.0;1.0992441053324282
2022-09-22T17:00:00.0;0.8787023227319759
2022-09-22T18:00:00.0;0.6329272275852955
2022-09-22T19:00:00.0;0.2420553697079757
2022-09-22T20:00:00.0;0.04480004926676539
2022-09-22T21:00:00.0;0.003802417521958309
2022-09-22T22:00:00.0;7.680680838800432e-5
2022-09-22T23:00:00.0;0.0
2022-09-23T00:00:00.0;0.0
2022-09-23T01:00:00.0;0.0
2022-09-23T02:00:00.0;0.0
2022-09-23T03:00:00.0;0.0
2022-09-23T04:00:00.0;0.0
2022-09-23T05:00:00.0;5.1928520852942754e-5
2022-09-23T06:00:00.0;0.00517423387694672
2022-09-23T07:00:00.0;0.036768223417824354
2022-09-23T08:00:00.0;0.18050349149193629
2022-09-23T09:00:00.0;0.530438700069036
2022-09-23T10:00:00.0;0.9424070668046872
2022-09-23T11:00:00.0;1.2874229723820647
2022-09-23T12:00:00.0;1.4922769688310675
2022-09-23T13:00:00.0;1.6609300929946804
2022-09-23T14:00:00.0;1.6096537251916785
2022-09-23T15:00:00.0;1.380648011747091
2022-09-23T16:00:00.0;1.1669424379284108
2022-09-23T17:00:00.0;0.9281109108561446
2022-09-23T18:00:00.0;0.6630433814574702
2022-09-23T19:00:00.0;0.30665060321063237
2022-09-23T20:00:00.0;0.08883835306664216
2022-09-23T21:00:00.0;0.011160975315915377
2022-09-23T22:00:00.0;0.00027408495936639445
2022-09-23T23:00:00.0;0.0
2022-09-24T00:00:00.0;0.0
2022-09-24T01:00:00.0;0.0
2022-09-24T02:00:00.0;0.0
2022-09-24T03:00:00.0;0.0
2022-09-24T04:00:00.0;0.0
2022-09-24T05:00:00.0;0.0
2022-09-24T06:00:00.0;0.0013987841337784167
2022-09-24T07:00:00.0;0.03849211269864047
2022-09-24T08:00:00.0;0.20188887225146918
2022-09-24T09:00:00.0;0.49524707615392427
2022-09-24T10:00:00.0;0.8433439624502693
2022-09-24T11:00:00.0;1.1267007706148495
2022-09-24T12:00:00.0;1.2833549935720792
2022-09-24T13:00:00.0;1.4297597921503793
2022-09-24T14:00:00.0;1.4542524936240806
2022-09-24T15:00:00.0;1.3575031288253936
2022-09-24T16:00:00.0;1.1629815752345216
2022-09-24T17:00:00.0;0.9251459317017424
2022-09-24T18:00:00.0;0.6650765489937377
2022-09-24T19:00:00.0;0.3501856162006594
2022-09-24T20:00:00.0;0.11031014545491342
2022-09-24T21:00:00.0;0.004708289389103754
2022-09-24T22:00:00.0;0.0
2022-09-24T23:00:00.0;0.0
2022-09-25T00:00:00.0;0.0
2022-09-25T01:00:00.0;0.0
2022-09-25T02:00:00.0;0.0
2022-09-25T03:00:00.0;0.0
2022-09-25T04:00:00.0;0.0
2022-09-25T05:00:00.0;8.735521008915187e-5
2022-09-25T06:00:00.0;0.008451448798627855
2022-09-25T07:00:00.0;0.043618610330416085
2022-09-25T08:00:00.0;0.17587247675436188
2022-09-25T09:00:00.0;0.5411052080571978
2022-09-25T10:00:00.0;1.0015100653029172
2022-09-25T11:00:00.0;1.4098064512042967
2022-09-25T12:00:00.0;1.700967270725642
2022-09-25T13:00:00.0;1.8906902398475685
2022-09-25T14:00:00.0;1.777048885723599
2022-09-25T15:00:00.0;1.4309458525098808
2022-09-25T16:00:00.0;1.1887413205501494
2022-09-25T17:00:00.0;0.907054909567629
2022-09-25T18:00:00.0;0.5976094598164475
2022-09-25T19:00:00.0;0.24770899175950858
2022-09-25T20:00:00.0;0.07471752088019794
2022-09-25T21:00:00.0;0.016208809731526767
2022-09-25T22:00:00.0;0.0004610712728662523
2022-09-25T23:00:00.0;0.0
2022-09-26T00:00:00.0;0.0
2022-09-26T01:00:00.0;0.0
2022-09-26T02:00:00.0;0.0
2022-09-26T03:00:00.0;0.0
2022-09-26T04:00:00.0;0.0
2022-09-26T05:00:00.0;0.0
2022-09-26T06:00:00.0;0.0016712157844504078
2022-09-26T07:00:00.0;0.03655862696051601
2022-09-26T08:00:00.0;0.17987023861063378
2022-09-26T09:00:00.0;0.42955199516816356
2022-09-26T10:00:00.0;0.718515321216398
2022-09-26T11:00:00.0;0.9330598347048598
2022-09-26T12:00:00.0;1.0448674743053619
2022-09-26T13:00:00.0;1.1517745791808203
2022-09-26T14:00:00.0;1.129642956803849
2022-09-26T15:00:00.0;0.9941640835104739
2022-09-26T16:00:00.0;0.8532083573454207
2022-09-26T17:00:00.0;0.6883935001865519
2022-09-26T18:00:00.0;0.5041030969571476
2022-09-26T19:00:00.0;0.26674111299964015
2022-09-26T20:00:00.0;0.08589748958718567
2022-09-26T21:00:00.0;0.004186285930308317
2022-09-26T22:00:00.0;0.0
2022-09-26T23:00:00.0;0.0
2022-09-27T00:00:00.0;0.0
2022-09-27T01:00:00.0;0.0
2022-09-27T02:00:00.0;0.0
2022-09-27T03:00:00.0;0.0
2022-09-27T04:00:00.0;0.0
2022-09-27T05:00:00.0;0.0
2022-09-27T06:00:00.0;0.0010871020161597464
2022-09-27T07:00:00.0;0.023841473864698065
2022-09-27T08:00:00.0;0.15179470180161975
2022-09-27T09:00:00.0;0.4638035368344629
2022-09-27T10:00:00.0;0.8620689721495045
2022-09-27T11:00:00.0;1.1782548345190256
2022-09-27T12:00:00.0;1.3726169768135497
2022-09-27T13:00:00.0;1.5215879574244007
2022-09-27T14:00:00.0;1.435961477342637
2022-09-27T15:00:00.0;1.1669320806541033
2022-09-27T16:00:00.0;0.97284358182561
2022-09-27T17:00:00.0;0.7559640701965495
2022-09-27T18:00:00.0;0.5137432382037844
2022-09-27T19:00:00.0;0.2175862176109138
2022-09-27T20:00:00.0;0.05600510939685468
2022-09-27T21:00:00.0;0.002723119250908677
2022-09-27T22:00:00.0;0.0
2022-09-27T23:00:00.0;0.0
2022-09-28T00:00:00.0;0.0
2022-09-28T01:00:00.0;0.0
2022-09-28T02:00:00.0;0.0
2022-09-28T03:00:00.0;0.0
2022-09-28T04:00:00.0;0.0
2022-09-28T05:00:00.0;0.0
2022-09-28T06:00:00.0;0.0
2022-09-28T07:00:00.0;0.00020967700972414108
2022-09-28T08:00:00.0;0.11618687213441144
2022-09-28T09:00:00.0;0.5538919915099562
2022-09-28T10:00:00.0;1.0745189833443816
2022-09-28T11:00:00.0;1.4936765423238323
2022-09-28T12:00:00.0;1.7291235811445307
2022-09-28T13:00:00.0;1.9240346183626686
2022-09-28T14:00:00.0;1.6697280188718688
2022-09-28T15:00:00.0;1.1092063729264627
2022-09-28T16:00:00.0;0.897526908884126
2022-09-28T17:00:00.0;0.7220625749766731
2022-09-28T18:00:00.0;0.5279035964455226
2022-09-28T19:00:00.0;0.1495190147304071
2022-09-28T20:00:00.0;0.00044980040044300936
2022-09-28T21:00:00.0;0.0
2022-09-28T22:00:00.0;0.0
2022-09-28T23:00:00.0;0.0
2022-09-29T00:00:00.0;0.0
2022-09-29T01:00:00.0;0.0
2022-09-29T02:00:00.0;0.0
2022-09-29T03:00:00.0;0.0
2022-09-29T04:00:00.0;0.0
2022-09-29T05:00:00.0;0.0
2022-09-29T06:00:00.0;1.5179227778463618e-5
2022-09-29T07:00:00.0;0.0012967844239304283
2022-09-29T08:00:00.0;0.11954730403767798
2022-09-29T09:00:00.0;0.5556544133746004
2022-09-29T10:00:00.0;1.0742194500648412
2022-09-29T11:00:00.0;1.4912672411991192
2022-09-29T12:00:00.0;1.7253077365314935
2022-09-29T13:00:00.0;1.9199761082027054
2022-09-29T14:00:00.0;1.6769421250885632
2022-09-29T15:00:00.0;1.1338591964746416
2022-09-29T16:00:00.0;0.9207330133761986
2022-09-29T17:00:00.0;0.7408360366304536
2022-09-29T18:00:00.0;0.5412057869893434
2022-09-29T19:00:00.0;0.16002561169715324
2022-09-29T20:00:00.0;0.0049206497205879236
2022-09-29T21:00:00.0;0.0001541276229770514
2022-09-29T22:00:00.0;0.0
2022-09-29T23:00:00.0;0.0
2022-09-30T00:00:00.0;0.0
2022-09-30T01:00:00.0;0.0
2022-09-30T02:00:00.0;0.0
2022-09-30T03:00:00.0;0.0
2022-09-30T04:00:00.0;0.0
2022-09-30T05:00:00.0;0.00010396694866801372
2022-09-30T06:00:00.0;0.010248823775180908
2022-09-30T07:00:00.0;0.06548617666641837
2022-09-30T08:00:00.0;0.2219527391498238
2022-09-30T09:00:00.0;0.5014386815463835
2022-09-30T10:00:00.0;0.8289122342238513
2022-09-30T11:00:00.0;1.1634180431126857
2022-09-30T12:00:00.0;1.4337066495518602
2022-09-30T13:00:00.0;1.6064376941578098
2022-09-30T14:00:00.0;1.6600274146477203
2022-09-30T15:00:00.0;1.585930979570802
2022-09-30T16:00:00.0;1.3593621408006011
2022-09-30T17:00:00.0;1.0446509249920135
2022-09-30T18:00:00.0;0.7088482939850177
2022-09-30T19:00:00.0;0.3894561357959599
2022-09-30T20:00:00.0;0.14484523628707577
2022-09-30T21:00:00.0;0.021222604960155864
2022-09-30T22:00:00.0;0.0005487500208569049
2022-09-30T23:00:00.0;0.0
2022-10-01T00:00:00.0;0.0
2022-10-01T01:00:00.0;0.0
2022-10-01T02:00:00.0;0.0
2022-10-01T03:00:00.0;0.0
2022-10-01T04:00:00.0;0.0
2022-10-01T05:00:00.0;0.0
2022-10-01T06:00:00.0;0.0009617448993786934
2022-10-01T07:00:00.0;0.021038619509644783
2022-10-01T08:00:00.0;0.10842680828974008
2022-10-01T09:00:00.0;0.3466495178079397
2022-10-01T10:00:00.0;0.7584031233979932
2022-10-01T11:00:00.0;1.1097796189942297
2022-10-01T12:00:00.0;1.393491360738059
2022-10-01T13:00:00.0;1.5496116881085586
2022-10-01T14:00:00.0;1.5456052857386604
2022-10-01T15:00:00.0;1.3888256854546497
2022-10-01T16:00:00.0;1.1374744821543639
2022-10-01T17:00:00.0;0.8006385098485267
2022-10-01T18:00:00.0;0.42483832913493486
2022-10-01T19:00:00.0;0.1569702464593534
2022-10-01T20:00:00.0;0.04943196040185659
2022-10-01T21:00:00.0;0.002409107895147627
2022-10-01T22:00:00.0;0.0
2022-10-01T23:00:00.0;0.0
2022-10-02T00:00:00.0;0.0
2022-10-02T01:00:00.0;0.0
2022-10-02T02:00:00.0;0.0
2022-10-02T03:00:00.0;0.0
2022-10-02T04:00:00.0;0.0
2022-10-02T05:00:00.0;0.0
2022-10-02T06:00:00.0;0.000981216867040661
2022-10-02T07:00:00.0;0.02149365523398454
2022-10-02T08:00:00.0;0.12564646093272042
2022-10-02T09:00:00.0;0.4079981426950279
2022-10-02T10:00:00.0;0.8491649867237463
2022-10-02T11:00:00.0;1.2411329615219548
2022-10-02T12:00:00.0;1.5524619597187568
2022-10-02T13:00:00.0;1.732739470681125
2022-10-02T14:00:00.0;1.6858479430771436
2022-10-02T15:00:00.0;1.4442702129490697
2022-10-02T16:00:00.0;1.18393489460795
2022-10-02T17:00:00.0;0.8465463495256601
2022-10-02T18:00:00.0;0.47782848108462017
2022-10-02T19:00:00.0;0.1801295579872979
2022-10-02T20:00:00.0;0.05049516141847552
2022-10-02T21:00:00.0;0.0024578838970362887
2022-10-02T22:00:00.0;0.0
2022-10-02T23:00:00.0;0.0
2022-10-03T00:00:00.0;0.0
2022-10-03T01:00:00.0;0.0
2022-10-03T02:00:00.0;0.0
2022-10-03T03:00:00.0;0.0
2022-10-03T04:00:00.0;0.0
2022-10-03T05:00:00.0;1.2088333399967233e-5
2022-10-03T06:00:00.0;0.0011695230391673363
2022-10-03T07:00:00.0;0.006208016809067482
2022-10-03T08:00:00.0;0.1194706100494749
2022-10-03T09:00:00.0;0.5255598006441481
2022-10-03T10:00:00.0;1.00998077888108
2022-10-03T11:00:00.0;1.414502882549621
2022-10-03T12:00:00.0;1.655236277775692
2022-10-03T13:00:00.0;1.8447151395766337
2022-10-03T14:00:00.0;1.6176426989007977
2022-10-03T15:00:00.0;1.1030487199463346
2022-10-03T16:00:00.0;0.8952609730296395
2022-10-03T17:00:00.0;0.7104631284168449
2022-10-03T18:00:00.0;0.510991975080743
2022-10-03T19:00:00.0;0.156811000338835
2022-10-03T20:00:00.0;0.010708517910698075
2022-10-03T21:00:00.0;0.002242997250551645
2022-10-03T22:00:00.0;6.38036730936404e-5
2022-10-03T23:00:00.0;0.0
2022-10-04T00:00:00.0;0.0
2022-10-04T01:00:00.0;0.0
2022-10-04T02:00:00.0;0.0
2022-10-04T03:00:00.0;0.0
2022-10-04T04:00:00.0;0.0
2022-10-04T05:00:00.0;0.00014086188805631793
2022-10-04T06:00:00.0;0.013628117125138242
2022-10-04T07:00:00.0;0.07020312063419253
2022-10-04T08:00:00.0;0.20796147074403723
2022-10-04T09:00:00.0;0.47996495230179925
2022-10-04T10:00:00.0;0.7905036669658062
2022-10-04T11:00:00.0;1.0931200616087553
2022-10-04T12:00:00.0;1.3280028306014013
2022-10-04T13:00:00.0;1.4734762652932085
2022-10-04T14:00:00.0;1.445711702667854
2022-10-04T15:00:00.0;1.2698426701279968
2022-10-04T16:00:00.0;1.081087556602448
2022-10-04T17:00:00.0;0.8351086244401844
2022-10-04T18:00:00.0;0.5712318056239126
2022-10-04T19:00:00.0;0.3033090610651863
2022-10-04T20:00:00.0;0.12019872649074327
2022-10-04T21:00:00.0;0.026137004760200536
2022-10-04T22:00:00.0;0.000743485934704832
2022-10-04T23:00:00.0;0.0
2022-10-05T00:00:00.0;0.0
2022-10-05T01:00:00.0;0.0
2022-10-05T02:00:00.0;0.0
2022-10-05T03:00:00.0;0.0
2022-10-05T04:00:00.0;0.0
2022-10-05T05:00:00.0;0.0
2022-10-05T06:00:00.0;0.0010695222413174056
2022-10-05T07:00:00.0;0.023396299275115114
2022-10-05T08:00:00.0;0.11693296494016071
2022-10-05T09:00:00.0;0.3124041145524489
2022-10-05T10:00:00.0;0.5904396316663149
2022-10-05T11:00:00.0;0.8144901068290068
2022-10-05T12:00:00.0;0.9686750901700879
2022-10-05T13:00:00.0;1.072790553064256
2022-10-05T14:00:00.0;1.0612341860814265
2022-10-05T15:00:00.0;0.9431345787268226
2022-10-05T16:00:00.0;0.7871181954551919
2022-10-05T17:00:00.0;0.5898005715385479
2022-10-05T18:00:00.0;0.3718333482441473
2022-10-05T19:00:00.0;0.17197184594258946
2022-10-05T20:00:00.0;0.05497152219456641
2022-10-05T21:00:00.0;0.0026790830679302583
2022-10-05T22:00:00.0;0.0
2022-10-05T23:00:00.0;0.0
2022-10-06T00:00:00.0;0.0
2022-10-06T01:00:00.0;0.0
2022-10-06T02:00:00.0;0.0
2022-10-06T03:00:00.0;0.0
2022-10-06T04:00:00.0;0.0
2022-10-06T05:00:00.0;0.0
2022-10-06T06:00:00.0;0.0012311656645454896
2022-10-06T07:00:00.0;0.026932324763505117
2022-10-06T08:00:00.0;0.13538468493374098
2022-10-06T09:00:00.0;0.3744010759218189
2022-10-06T10:00:00.0;0.7352566092926986
2022-10-06T11:00:00.0;1.0554594725878872
2022-10-06T12:00:00.0;1.307511825737333
2022-10-06T13:00:00.0;1.457973712886149
2022-10-06T14:00:00.0;1.4404639264939196
2022-10-06T15:00:00.0;1.2705959196018302
2022-10-06T16:00:00.0;1.052821644296855
2022-10-06T17:00:00.0;0.7641283272590976
2022-10-06T18:00:00.0;0.4509877854561409
2022-10-06T19:00:00.0;0.19854088405868894
2022-10-06T20:00:00.0;0.06327970381465417
2022-10-06T21:00:00.0;0.00308398924143743
2022-10-06T22:00:00.0;0.0
2022-10-06T23:00:00.0;0.0
2022-10-07T00:00:00.0;0.0
2022-10-07T01:00:00.0;0.0
2022-10-07T02:00:00.0;0.0
2022-10-07T03:00:00.0;0.0
2022-10-07T04:00:00.0;0.0
2022-10-07T05:00:00.0;0.0
2022-10-07T06:00:00.0;0.0010204773890164637
2022-10-07T07:00:00.0;0.022323420191344742
2022-10-07T08:00:00.0;0.1128342532699841
2022-10-07T09:00:00.0;0.3234389848626123
2022-10-07T10:00:00.0;0.6511494962133679
2022-10-07T11:00:00.0;0.922794121882664
2022-10-07T12:00:00.0;1.1258784067251235
2022-10-07T13:00:00.0;1.2493346952151587
2022-10-07T14:00:00.0;1.2407481850918676
2022-10-07T15:00:00.0;1.1084890879089089
2022-10-07T16:00:00.0;0.9167196024657508
2022-10-07T17:00:00.0;0.6669245279843286
2022-10-07T18:00:00.0;0.3896367502322989
2022-10-07T19:00:00.0;0.16498269741141816
2022-10-07T20:00:00.0;0.05245070487760299
2022-10-07T21:00:00.0;0.002556228929612625
2022-10-07T22:00:00.0;0.0
2022-10-07T23:00:00.0;0.0
2022-10-08T00:00:00.0;0.0
2022-10-08T01:00:00.0;0.0
2022-10-08T02:00:00.0;0.0
2022-10-08T03:00:00.0;0.0
2022-10-08T04:00:00.0;0.0
2022-10-08T05:00:00.0;0.0
2022-10-08T06:00:00.0;0.0002896359776960751
2022-10-08T07:00:00.0;0.006378385290500262
2022-10-08T08:00:00.0;0.060541536482329815
2022-10-08T09:00:00.0;0.30508192544724766
2022-10-08T10:00:00.0;0.7539292933808996
2022-10-08T11:00:00.0;1.1509245413354745
2022-10-08T12:00:00.0;1.4829450545942342
2022-10-08T13:00:00.0;1.6552788940443242
2022-10-08T14:00:00.0;1.6094088836420442
2022-10-08T15:00:00.0;1.3753101000847565
2022-10-08T16:00:00.0;1.102724310268108
2022-10-08T17:00:00.0;0.7474618144158927
2022-10-08T18:00:00.0;0.35399820632466084
2022-10-08T19:00:00.0;0.08061690479542014
2022-10-08T20:00:00.0;0.014977860500828236
2022-10-08T21:00:00.0;0.0007255191278240066
2022-10-08T22:00:00.0;0.0
2022-10-08T23:00:00.0;0.0
2022-10-09T00:00:00.0;0.0
2022-10-09T01:00:00.0;0.0
2022-10-09T02:00:00.0;0.0
2022-10-09T03:00:00.0;0.0
2022-10-09T04:00:00.0;0.0
2022-10-09T05:00:00.0;0.0001326729865821583
2022-10-09T06:00:00.0;0.0128358566354063
2022-10-09T07:00:00.0;0.06614973739088498
2022-10-09T08:00:00.0;0.211257973027438
2022-10-09T09:00:00.0;0.5241807220308897
2022-10-09T10:00:00.0;0.8911174955801517
2022-10-09T11:00:00.0;1.2818954538224279
2022-10-09T12:00:00.0;1.6079553072836028
2022-10-09T13:00:00.0;1.7998504887412177
2022-10-09T14:00:00.0;1.7286522542658869
2022-10-09T15:00:00.0;1.4463761196273086
2022-10-09T16:00:00.0;1.2166976087986008
2022-10-09T17:00:00.0;0.9173238058350546
2022-10-09T18:00:00.0;0.6089987723881213
2022-10-09T19:00:00.0;0.3055168811552561
2022-10-09T20:00:00.0;0.11327074899168159
2022-10-09T21:00:00.0;0.02461754935771899
2022-10-09T22:00:00.0;0.0007002639308631174
2022-10-09T23:00:00.0;0.0
2022-10-10T00:00:00.0;0.0
2022-10-10T01:00:00.0;0.0
2022-10-10T02:00:00.0;0.0
2022-10-10T03:00:00.0;0.0
2022-10-10T04:00:00.0;0.0
2022-10-10T05:00:00.0;0.00014628639392222503
2022-10-10T06:00:00.0;0.014152927649167462
2022-10-10T07:00:00.0;0.07288851678211125
2022-10-10T08:00:00.0;0.20594737185657702
2022-10-10T09:00:00.0;0.45058886359737627
2022-10-10T10:00:00.0;0.7315141446369472
2022-10-10T11:00:00.0;1.030065844889618
2022-10-10T12:00:00.0;1.28269961955631
2022-10-10T13:00:00.0;1.4284627131980805
2022-10-10T14:00:00.0;1.4170321405428574
2022-10-10T15:00:00.0;1.2656388876309939
2022-10-10T16:00:00.0;1.0774378911819433
2022-10-10T17:00:00.0;0.818889769625054
2022-10-10T18:00:00.0;0.5480564527443215
2022-10-10T19:00:00.0;0.302094148122839
2022-10-10T20:00:00.0;0.12478871382340614
2022-10-10T21:00:00.0;0.02714352495949152
2022-10-10T22:00:00.0;0.0007721171270711684
2022-10-10T23:00:00.0;0.0
2022-10-11T00:00:00.0;0.0
2022-10-11T01:00:00.0;0.0
2022-10-11T02:00:00.0;0.0
2022-10-11T03:00:00.0;0.0
2022-10-11T04:00:00.0;0.0
2022-10-11T05:00:00.0;0.0
2022-10-11T06:00:00.0;0.0
2022-10-11T07:00:00.0;0.0001946547232405989
2022-10-11T08:00:00.0;0.10846849198455559
2022-10-11T09:00:00.0;0.5265262541348557
2022-10-11T10:00:00.0;1.0403064998434957
2022-10-11T11:00:00.0;1.4577380195091028
2022-10-11T12:00:00.0;1.7034775125663555
2022-10-11T13:00:00.0;1.8961429731276362
2022-10-11T14:00:00.0;1.6610720618862287
2022-10-11T15:00:00.0;1.1307875028529413
2022-10-11T16:00:00.0;0.9130355932326639
2022-10-11T17:00:00.0;0.7201149570985168
2022-10-11T18:00:00.0;0.5066187992211464
2022-10-11T19:00:00.0;0.1392322466200727
2022-10-11T20:00:00.0;0.0004175744998316038
2022-10-11T21:00:00.0;0.0
2022-10-11T22:00:00.0;0.0
2022-10-11T23:00:00.0;0.0
2022-10-12T00:00:00.0;0.0
2022-10-12T01:00:00.0;0.0
2022-10-12T02:00:00.0;0.0
2022-10-12T03:00:00.0;0.0
2022-10-12T04:00:00.0;0.0
2022-10-12T05:00:00.0;1.2656553848982756e-6
2022-10-12T06:00:00.0;0.0001224497276265352
2022-10-12T07:00:00.0;0.0008114668887374901
2022-10-12T08:00:00.0;0.10199065174705377
2022-10-12T09:00:00.0;0.48161826746701114
2022-10-12T10:00:00.0;0.9404075251135107
2022-10-12T11:00:00.0;1.3467755791338947
2022-10-12T12:00:00.0;1.6116725092105693
2022-10-12T13:00:00.0;1.8047008744126207
2022-10-12T14:00:00.0;1.575926505854927
2022-10-12T15:00:00.0;1.0558626015325259
2022-10-12T16:00:00.0;0.8497987761947028
2022-10-12T17:00:00.0;0.6584636963901329
2022-10-12T18:00:00.0;0.4607764022738671
2022-10-12T19:00:00.0;0.13157115980633752
2022-10-12T20:00:00.0;0.0014676043728604547
2022-10-12T21:00:00.0;0.0002348430883351059
2022-10-12T22:00:00.0;6.680280875399588e-6
2022-10-12T23:00:00.0;0.0
2022-10-13T00:00:00.0;0.0
2022-10-13T01:00:00.0;0.0
2022-10-13T02:00:00.0;0.0
2022-10-13T03:00:00.0;0.0
2022-10-13T04:00:00.0;0.0
2022-10-13T05:00:00.0;4.366528309397666e-5
2022-10-13T06:00:00.0;0.004224532274259421
2022-10-13T07:00:00.0;0.0218462260974131
2022-10-13T08:00:00.0;0.11237364324084259
2022-10-13T09:00:00.0;0.39652636959250326
2022-10-13T10:00:00.0;0.7701632302591074
2022-10-13T11:00:00.0;1.1016177404385217
2022-10-13T12:00:00.0;1.3247695919737386
2022-10-13T13:00:00.0;1.476951227547615
2022-10-13T14:00:00.0;1.3685683023066249
2022-10-13T15:00:00.0;1.0644795535814795
2022-10-13T16:00:00.0;0.8688529511811892
2022-10-13T17:00:00.0;0.6531563939347993
2022-10-13T18:00:00.0;0.423584879975287
2022-10-13T19:00:00.0;0.15494972876416016
2022-10-13T20:00:00.0;0.03744062282702947
2022-10-13T21:00:00.0;0.00810211852070645
2022-10-13T22:00:00.0;0.00023047059970044355
2022-10-13T23:00:00.0;0.0
2022-10-14T00:00:00.0;0.0
2022-10-14T01:00:00.0;0.0
2022-10-14T02:00:00.0;0.0
2022-10-14T03:00:00.0;0.0
2022-10-14T04:00:00.0;0.0
2022-10-14T05:00:00.0;3.0348107697807322e-5
2022-10-14T06:00:00.0;0.002936121132116811
2022-10-14T07:00:00.0;0.015249715607408992
2022-10-14T08:00:00.0;0.11392156735220965
2022-10-14T09:00:00.0;0.4327335830600843
2022-10-14T10:00:00.0;0.8167858878939058
2022-10-14T11:00:00.0;1.1508662846072333
2022-10-14T12:00:00.0;1.3508416941601369
2022-10-14T13:00:00.0;1.507352255051747
2022-10-14T14:00:00.0;1.3488248083462004
2022-10-14T15:00:00.0;0.9670372352826605
2022-10-14T16:00:00.0;0.7872701563714051
2022-10-14T17:00:00.0;0.6156667409485962
2022-10-14T18:00:00.0;0.43757467920272936
2022-10-14T19:00:00.0;0.15430160389811248
2022-10-14T20:00:00.0;0.02616392002079334
2022-10-14T21:00:00.0;0.005631108927373855
2022-10-14T22:00:00.0;0.00016018095121092033
2022-10-14T23:00:00.0;0.0
2022-10-15T00:00:00.0;0.0
2022-10-15T01:00:00.0;0.0
2022-10-15T02:00:00.0;0.0
2022-10-15T03:00:00.0;0.0
2022-10-15T04:00:00.0;0.0
2022-10-15T05:00:00.0;0.00014704492688891676
2022-10-15T06:00:00.0;0.014226314256829718
2022-10-15T07:00:00.0;0.07324873589250241
2022-10-15T08:00:00.0;0.1972001720388772
2022-10-15T09:00:00.0;0.40644378439280243
2022-10-15T10:00:00.0;0.6469058208453219
2022-10-15T11:00:00.0;0.9188330451654553
2022-10-15T12:00:00.0;1.1624045704760424
2022-10-15T13:00:00.0;1.2962715712721964
2022-10-15T14:00:00.0;1.3047327122785597
2022-10-15T15:00:00.0;1.1939661973011413
2022-10-15T16:00:00.0;1.018392551781172
2022-10-15T17:00:00.0;0.7667529426443214
2022-10-15T18:00:00.0;0.5063768909607211
2022-10-15T19:00:00.0;0.291019751220728
2022-10-15T20:00:00.0;0.12539774811421472
2022-10-15T21:00:00.0;0.0272842711899642
2022-10-15T22:00:00.0;0.0007761207550185643
2022-10-15T23:00:00.0;0.0
2022-10-16T00:00:00.0;0.0
2022-10-16T01:00:00.0;0.0
2022-10-16T02:00:00.0;0.0
2022-10-16T03:00:00.0;0.0
2022-10-16T04:00:00.0;0.0
2022-10-16T05:00:00.0;0.0
2022-10-16T06:00:00.0;0.0
2022-10-16T07:00:00.0;0.0
2022-10-16T08:00:00.0;0.00845581058735864
2022-10-16T09:00:00.0;0.17192843436480992
2022-10-16T10:00:00.0;0.5969903964970097
2022-10-16T11:00:00.0;0.9920563657980491
2022-10-16T12:00:00.0;1.3711626957265026
2022-10-16T13:00:00.0;1.5347305816186434
2022-10-16T14:00:00.0;1.5489105135581336
2022-10-16T15:00:00.0;1.4104299446117512
2022-10-16T16:00:00.0;1.1139929283891856
2022-10-16T17:00:00.0;0.6948782516564859
2022-10-16T18:00:00.0;0.2308161564288971
2022-10-16T19:00:00.0;0.00593908903377076
2022-10-16T20:00:00.0;0.0
2022-10-16T21:00:00.0;0.0
2022-10-16T22:00:00.0;0.0
2022-10-16T23:00:00.0;0.0
2022-10-17T00:00:00.0;0.0
2022-10-17T01:00:00.0;0.0
2022-10-17T02:00:00.0;0.0
2022-10-17T03:00:00.0;0.0
2022-10-17T04:00:00.0;0.0
2022-10-17T05:00:00.0;4.439222918051388e-5
2022-10-17T06:00:00.0;0.004294862911933603
2022-10-17T07:00:00.0;0.022133711069441755
2022-10-17T08:00:00.0;0.07433801596242531
2022-10-17T09:00:00.0;0.24985681942195256
2022-10-17T10:00:00.0;0.5529721850745517
2022-10-17T11:00:00.0;0.8273290716265879
2022-10-17T12:00:00.0;1.0572212948220456
2022-10-17T13:00:00.0;1.1760258062792712
2022-10-17T14:00:00.0;1.1639547913825128
2022-10-17T15:00:00.0;1.0316064782115413
2022-10-17T16:00:00.0;0.8384307733341215
2022-10-17T17:00:00.0;0.5821560248312204
2022-10-17T18:00:00.0;0.3008420477993887
2022-10-17T19:00:00.0;0.10479022748807568
2022-10-17T20:00:00.0;0.03790044462078093
2022-10-17T21:00:00.0;0.008237003787306284
2022-10-17T22:00:00.0;0.00023430750830707146
2022-10-17T23:00:00.0;0.0
2022-10-18T00:00:00.0;0.0
2022-10-18T01:00:00.0;0.0
2022-10-18T02:00:00.0;0.0
2022-10-18T03:00:00.0;0.0
2022-10-18T04:00:00.0;0.0
2022-10-18T05:00:00.0;0.0
2022-10-18T06:00:00.0;0.0
2022-10-18T07:00:00.0;0.00017552390965857562
2022-10-18T08:00:00.0;0.09726185085748533
2022-10-18T09:00:00.0;0.4636845676329972
2022-10-18T10:00:00.0;0.9086629553065093
2022-10-18T11:00:00.0;1.3121338668192064
2022-10-18T12:00:00.0;1.5833999330598292
2022-10-18T13:00:00.0;1.775987938847814
2022-10-18T14:00:00.0;1.5514856814411042
2022-10-18T15:00:00.0;1.0383335490157717
2022-10-18T16:00:00.0;0.8339059151873852
2022-10-18T17:00:00.0;0.6400359178689815
2022-10-18T18:00:00.0;0.44282048741229774
2022-10-18T19:00:00.0;0.12516470960887421
2022-10-18T20:00:00.0;0.00037653496182352294
2022-10-18T21:00:00.0;0.0
2022-10-18T22:00:00.0;0.0
2022-10-18T23:00:00.0;0.0
2022-10-19T00:00:00.0;0.0
2022-10-19T01:00:00.0;0.0
2022-10-19T02:00:00.0;0.0
2022-10-19T03:00:00.0;0.0
2022-10-19T04:00:00.0;0.0
2022-10-19T05:00:00.0;0.00016814845140101348
2022-10-19T06:00:00.0;0.01626803972120156
2022-10-19T07:00:00.0;0.0837612134467623
2022-10-19T08:00:00.0;0.22546140143888724
2022-10-19T09:00:00.0;0.46298527800862327
2022-10-19T10:00:00.0;0.7422585169243191
2022-10-19T11:00:00.0;1.1028991296423054
2022-10-19T12:00:00.0;1.455233399557734
2022-10-19T13:00:00.0;1.637360840752569
2022-10-19T14:00:00.0;1.6357659726234748
2022-10-19T15:00:00.0;1.4671138092714042
2022-10-19T16:00:00.0;1.2433977287508031
2022-10-19T17:00:00.0;0.9117434795401773
2022-10-19T18:00:00.0;0.5799864410587854
2022-10-19T19:00:00.0;0.33278618671313004
2022-10-19T20:00:00.0;0.14339452302566202
2022-10-19T21:00:00.0;0.03120004236299542
2022-10-19T22:00:00.0;0.0008875076877364439
2022-10-19T23:00:00.0;0.0
2022-10-20T00:00:00.0;0.0
2022-10-20T01:00:00.0;0.0
2022-10-20T02:00:00.0;0.0
2022-10-20T03:00:00.0;0.0
2022-10-20T04:00:00.0;0.0
2022-10-20T05:00:00.0;5.554572732102642e-5
2022-10-20T06:00:00.0;0.0053739424352262696
2022-10-20T07:00:00.0;0.027669463997002996
2022-10-20T08:00:00.0;0.07795620166199059
2022-10-20T09:00:00.0;0.2248011889352096
2022-10-20T10:00:00.0;0.48978122162495863
2022-10-20T11:00:00.0;0.7414670520644887
2022-10-20T12:00:00.0;0.9681765915497561
2022-10-20T13:00:00.0;1.0777218287969021
2022-10-20T14:00:00.0;1.0894148531092052
2022-10-20T15:00:00.0;1.0012429108221776
2022-10-20T16:00:00.0;0.8181629644194462
2022-10-20T17:00:00.0;0.5627627523470153
2022-10-20T18:00:00.0;0.2846545952373314
2022-10-20T19:00:00.0;0.11234105244267273
2022-10-20T20:00:00.0;0.04736857823517286
2022-10-20T21:00:00.0;0.010306541815043865
2022-10-20T22:00:00.0;0.00029317700881321376
2022-10-20T23:00:00.0;0.0
2022-10-21T00:00:00.0;0.0
2022-10-21T01:00:00.0;0.0
2022-10-21T02:00:00.0;0.0
2022-10-21T03:00:00.0;0.0
2022-10-21T04:00:00.0;0.0
2022-10-21T05:00:00.0;0.00016179378181574496
2022-10-21T06:00:00.0;0.01565323764382937
2022-10-21T07:00:00.0;0.08059570801938304
2022-10-21T08:00:00.0;0.21693539029728895
2022-10-21T09:00:00.0;0.44529377814700627
2022-10-21T10:00:00.0;0.7155293994003521
2022-10-21T11:00:00.0;1.0632129745247305
2022-10-21T12:00:00.0;1.3958645691240952
2022-10-21T13:00:00.0;1.5708530933217324
2022-10-21T14:00:00.0;1.5704190486847989
2022-10-21T15:00:00.0;1.4099814978310348
2022-10-21T16:00:00.0;1.193270785083152
2022-10-21T17:00:00.0;0.874908563791256
2022-10-21T18:00:00.0;0.5581247274029231
2022-10-21T19:00:00.0;0.3202095245941313
2022-10-21T20:00:00.0;0.13797535438882397
2022-10-21T21:00:00.0;0.030020929747855262
2022-10-21T22:00:00.0;0.000853966979731346
2022-10-21T23:00:00.0;0.0
2022-10-22T00:00:00.0;0.0
2022-10-22T01:00:00.0;0.0
2022-10-22T02:00:00.0;0.0
2022-10-22T03:00:00.0;0.0
2022-10-22T04:00:00.0;0.0
2022-10-22T05:00:00.0;2.504208780056437e-5
2022-10-22T06:00:00.0;0.0024227738979875177
2022-10-22T07:00:00.0;0.012478310905788081
2022-10-22T08:00:00.0;0.041580574167489726
2022-10-22T09:00:00.0;0.19824094774062018
2022-10-22T10:00:00.0;0.5476132963762828
2022-10-22T11:00:00.0;0.8847240718340098
2022-10-22T12:00:00.0;1.1926311043088929
2022-10-22T13:00:00.0;1.3363548170967576
2022-10-22T14:00:00.0;1.3431147930657132
2022-10-22T15:00:00.0;1.2144894013591085
2022-10-22T16:00:00.0;0.9682707747476891
2022-10-22T17:00:00.0;0.625997758691376
2022-10-22T18:00:00.0;0.2559959878162726
2022-10-22T19:00:00.0;0.0564407541814932
2022-10-22T20:00:00.0;0.0213638544477964
2022-10-22T21:00:00.0;0.004646573868064478
2022-10-22T22:00:00.0;0.00013217514199383187
2022-10-22T23:00:00.0;0.0
2022-10-23T00:00:00.0;0.0
2022-10-23T01:00:00.0;0.0
2022-10-23T02:00:00.0;0.0
2022-10-23T03:00:00.0;0.0
2022-10-23T04:00:00.0;0.0
2022-10-23T05:00:00.0;7.873583001117977e-5
2022-10-23T06:00:00.0;0.007617540330769446
2022-10-23T07:00:00.0;0.03922134642647486
2022-10-23T08:00:00.0;0.10848229024963461
2022-10-23T09:00:00.0;0.2765733304460338
2022-10-23T10:00:00.0;0.5552022641847545
2022-10-23T11:00:00.0;0.8595825273943017
2022-10-23T12:00:00.0;1.1525854066913208
2022-10-23T13:00:00.0;1.2932942404004641
2022-10-23T14:00:00.0;1.297399490885573
2022-10-23T15:00:00.0;1.1708605461064587
2022-10-23T16:00:00.0;0.9628434002062549
2022-10-23T17:00:00.0;0.6636026195221808
2022-10-23T18:00:00.0;0.35026394572281894
2022-10-23T19:00:00.0;0.15785335503291922
2022-10-23T20:00:00.0;0.06714475628774468
2022-10-23T21:00:00.0;0.014609478775250907
2022-10-23T22:00:00.0;0.00041557715133860987
2022-10-23T23:00:00.0;0.0
2022-10-24T00:00:00.0;0.0
2022-10-24T01:00:00.0;0.0
2022-10-24T02:00:00.0;0.0
2022-10-24T03:00:00.0;0.0
2022-10-24T04:00:00.0;0.0
2022-10-24T05:00:00.0;0.0
2022-10-24T06:00:00.0;0.0
2022-10-24T07:00:00.0;0.0
2022-10-24T08:00:00.0;0.004294236743768803
2022-10-24T09:00:00.0;0.08887471947868744
2022-10-24T10:00:00.0;0.3099081791278246
2022-10-24T11:00:00.0;0.5160621687453508
2022-10-24T12:00:00.0;0.7118014610158114
2022-10-24T13:00:00.0;0.7964125890050507
2022-10-24T14:00:00.0;0.8020875085793446
2022-10-24T15:00:00.0;0.7264551868452149
2022-10-24T16:00:00.0;0.5693256205441211
2022-10-24T17:00:00.0;0.3512631771903876
2022-10-24T18:00:00.0;0.11547853004799907
2022-10-24T19:00:00.0;0.0029709148650703754
2022-10-24T20:00:00.0;0.0
2022-10-24T21:00:00.0;0.0
2022-10-24T22:00:00.0;0.0
2022-10-24T23:00:00.0;0.0
2022-10-25T00:00:00.0;0.0
2022-10-25T01:00:00.0;0.0
2022-10-25T02:00:00.0;0.0
2022-10-25T03:00:00.0;0.0
2022-10-25T04:00:00.0;0.0
2022-10-25T05:00:00.0;9.669940912345916e-6
2022-10-25T06:00:00.0;0.0009355482108398843
2022-10-25T07:00:00.0;0.004826145089551562
2022-10-25T08:00:00.0;0.02380302115433065
2022-10-25T09:00:00.0;0.1682628857447915
2022-10-25T10:00:00.0;0.5013752952243912
2022-10-25T11:00:00.0;0.824915743100812
2022-10-25T12:00:00.0;1.1292778274119974
2022-10-25T13:00:00.0;1.267424433757099
2022-10-25T14:00:00.0;1.2631455880134528
2022-10-25T15:00:00.0;1.1230311364181669
2022-10-25T16:00:00.0;0.8892028532051399
2022-10-25T17:00:00.0;0.564070466569117
2022-10-25T18:00:00.0;0.2133120626436938
2022-10-25T19:00:00.0;0.02970997851910086
2022-10-25T20:00:00.0;0.008266066438890796
2022-10-25T21:00:00.0;0.00179426312641638
2022-10-25T22:00:00.0;5.103910757522704e-5
2022-10-25T23:00:00.0;0.0
2022-10-26T00:00:00.0;0.0
2022-10-26T01:00:00.0;0.0
2022-10-26T02:00:00.0;0.0
2022-10-26T03:00:00.0;0.0
2022-10-26T04:00:00.0;0.0
2022-10-26T05:00:00.0;3.6421991905105485e-5
2022-10-26T06:00:00.0;0.003523757763456669
2022-10-26T07:00:00.0;0.018187615527695735
2022-10-26T08:00:00.0;0.07601161025419759
2022-10-26T09:00:00.0;0.2702218150989095
2022-10-26T10:00:00.0;0.5768703485297262
2022-10-26T11:00:00.0;0.8924429925883095
2022-10-26T12:00:00.0;1.1700198421385437
2022-10-26T13:00:00.0;1.3157427511042812
2022-10-26T14:00:00.0;1.2597902462313189
2022-10-26T15:00:00.0;1.039037564364461
2022-10-26T16:00:00.0;0.839206122400373
2022-10-26T17:00:00.0;0.577731282401146
2022-10-26T18:00:00.0;0.3073039124563936
2022-10-26T19:00:00.0;0.10554355938957663
2022-10-26T20:00:00.0;0.031155428278384103
2022-10-26T21:00:00.0;0.006758121653311392
2022-10-26T22:00:00.0;0.00019223964032451872
2022-10-26T23:00:00.0;0.0
2022-10-27T00:00:00.0;0.0
2022-10-27T01:00:00.0;0.0
2022-10-27T02:00:00.0;0.0
2022-10-27T03:00:00.0;0.0
2022-10-27T04:00:00.0;0.0
2022-10-27T05:00:00.0;4.239863019872496e-5
2022-10-27T06:00:00.0;0.004101986039422046
2022-10-27T07:00:00.0;0.021162353304986236
2022-10-27T08:00:00.0;0.08186339555473009
2022-10-27T09:00:00.0;0.26428623655569117
2022-10-27T10:00:00.0;0.533478608438235
2022-10-27T11:00:00.0;0.8116660588084891
2022-10-27T12:00:00.0;1.0537037360835435
2022-10-27T13:00:00.0;1.1836148215332731
2022-10-27T14:00:00.0;1.1304214370649235
2022-10-27T15:00:00.0;0.9288355709243802
2022-10-27T16:00:00.0;0.7552681910691034
2022-10-27T17:00:00.0;0.5302441012253181
2022-10-27T18:00:00.0;0.2992423167555902
2022-10-27T19:00:00.0;0.11504644245876663
2022-10-27T20:00:00.0;0.03624694937509147
2022-10-27T21:00:00.0;0.007867090343748611
2022-10-27T22:00:00.0;0.00022378505384579566
2022-10-27T23:00:00.0;0.0
2022-10-28T00:00:00.0;0.0
2022-10-28T01:00:00.0;0.0
2022-10-28T02:00:00.0;0.0
2022-10-28T03:00:00.0;0.0
2022-10-28T04:00:00.0;0.0
2022-10-28T05:00:00.0;9.662137393011186e-5
2022-10-28T06:00:00.0;0.009347932353319635
2022-10-28T07:00:00.0;0.0481331677010781
2022-10-28T08:00:00.0;0.13217218134644865
2022-10-28T09:00:00.0;0.29973070410131386
2022-10-28T10:00:00.0;0.5370887472032118
2022-10-28T11:00:00.0;0.8274916218815324
2022-10-28T12:00:00.0;1.1135145856893078
2022-10-28T13:00:00.0;1.2546261687309805
2022-10-28T14:00:00.0;1.2492209497140219
2022-10-28T15:00:00.0;1.1100573584758398
2022-10-28T16:00:00.0;0.9225534312166509
2022-10-28T17:00:00.0;0.6494524080506041
2022-10-28T18:00:00.0;0.37467041714579047
2022-10-28T19:00:00.0;0.1938034827329071
2022-10-28T20:00:00.0;0.0824023123984186
2022-10-28T21:00:00.0;0.017928151788926563
2022-10-28T22:00:00.0;0.000509979196645251
2022-10-28T23:00:00.0;0.0
2022-10-29T00:00:00.0;0.0
2022-10-29T01:00:00.0;0.0
2022-10-29T02:00:00.0;0.0
2022-10-29T03:00:00.0;0.0
2022-10-29T04:00:00.0;0.0
2022-10-29T05:00:00.0;6.367246129926769e-5
2022-10-29T06:00:00.0;0.0061601883391291965
2022-10-29T07:00:00.0;0.03179881317112958
2022-10-29T08:00:00.0;0.1304369428473449
2022-10-29T09:00:00.0;0.39192901053472834
2022-10-29T10:00:00.0;0.7178452805775676
2022-10-29T11:00:00.0;1.0956640755420988
2022-10-29T12:00:00.0;1.4285837120859366
2022-10-29T13:00:00.0;1.6163840581046984
2022-10-29T14:00:00.0;1.501478608474222
2022-10-29T15:00:00.0;1.157634245543698
2022-10-29T16:00:00.0;0.9487687914076426
2022-10-29T17:00:00.0;0.6838576680926943
2022-10-29T18:00:00.0;0.4283524928086916
2022-10-29T19:00:00.0;0.18393815840449748
2022-10-29T20:00:00.0;0.054472935576619176
2022-10-29T21:00:00.0;0.01181446200271913
2022-10-29T22:00:00.0;0.00033607088515749884
2022-10-29T23:00:00.0;0.0
2022-10-30T00:00:00.0;0.0
2022-10-30T01:00:00.0;0.0
2022-10-30T02:00:00.0;0.0
2022-10-30T03:00:00.0;0.0
2022-10-30T04:00:00.0;0.0
2022-10-30T05:00:00.0;0.0
2022-10-30T06:00:00.0;0.0
2022-10-30T07:00:00.0;0.00015039234989774652
2022-10-30T08:00:00.0;0.08349988191814313
2022-10-30T09:00:00.0;0.40063861236230486
2022-10-30T10:00:00.0;0.7971054902479999
2022-10-30T11:00:00.0;1.190434038686121
2022-10-30T12:00:00.0;1.4865786848552038
2022-10-30T13:00:00.0;1.6771259795933573
2022-10-30T14:00:00.0;1.4762137573028935
2022-10-30T15:00:00.0;1.0004637022113625
2022-10-30T16:00:00.0;0.7988648394787586
2022-10-30T17:00:00.0;0.5889169136148635
2022-10-30T18:00:00.0;0.3845813193871326
2022-10-30T19:00:00.0;0.10735878775044927
2022-10-30T20:00:00.0;0.00032262258650373675
2022-10-30T21:00:00.0;0.0
2022-10-30T22:00:00.0;0.0
2022-10-30T23:00:00.0;0.0
2022-10-31T00:00:00.0;0.0
2022-10-31T01:00:00.0;0.0
2022-10-31T02:00:00.0;0.0
2022-10-31T03:00:00.0;0.0
2022-10-31T04:00:00.0;0.0
2022-10-31T05:00:00.0;0.00012579469912974816
2022-10-31T06:00:00.0;0.012170395535067102
2022-10-31T07:00:00.0;0.0626767754953334
2022-10-31T08:00:00.0;0.1762009964728349
2022-10-31T09:00:00.0;0.3821471415929733
2022-10-31T10:00:00.0;0.634659985525101
2022-10-31T11:00:00.0;0.9807618500778825
2022-10-31T12:00:00.0;1.3224691969972466
2022-10-31T13:00:00.0;1.4982787079358808
2022-10-31T14:00:00.0;1.4708367560026883
2022-10-31T15:00:00.0;1.26938663959245
2022-10-31T16:00:00.0;1.0618666520290583
2022-10-31T17:00:00.0;0.7596627459608922
2022-10-31T18:00:00.0;0.469010789056658
2022-10-31T19:00:00.0;0.25865795041940365
2022-10-31T20:00:00.0;0.10730503238941265
2022-10-31T21:00:00.0;0.023341279144630585
2022-10-31T22:00:00.0;0.0006639595049727085
2022-10-31T23:00:00.0;0.0
2022-11-01T00:00:00.0;0.0
2022-11-01T01:00:00.0;0.0
2022-11-01T02:00:00.0;0.0
2022-11-01T03:00:00.0;0.0
2022-11-01T04:00:00.0;0.0
2022-11-01T05:00:00.0;0.0
2022-11-01T06:00:00.0;0.0
2022-11-01T07:00:00.0;0.0
2022-11-01T08:00:00.0;0.0040347796430406655
2022-11-01T09:00:00.0;0.08369666019656107
2022-11-01T10:00:00.0;0.2920097775642081
2022-11-01T11:00:00.0;0.48638587824267454
2022-11-01T12:00:00.0;0.6706929860204504
2022-11-01T13:00:00.0;0.7503814832314482
2022-11-01T14:00:00.0;0.7555261500857694
2022-11-01T15:00:00.0;0.6838121594014788
2022-11-01T16:00:00.0;0.5353678425816909
2022-11-01T17:00:00.0;0.32984018330917075
2022-11-01T18:00:00.0;0.1082877009841949
2022-11-01T19:00:00.0;0.0027858613508924697
2022-11-01T20:00:00.0;0.0
2022-11-01T21:00:00.0;0.0
2022-11-01T22:00:00.0;0.0
2022-11-01T23:00:00.0;0.0
2022-11-02T00:00:00.0;0.0
2022-11-02T01:00:00.0;0.0
2022-11-02T02:00:00.0;0.0
2022-11-02T03:00:00.0;0.0
2022-11-02T04:00:00.0;0.0
2022-11-02T05:00:00.0;0.0
2022-11-02T06:00:00.0;0.0
2022-11-02T07:00:00.0;0.0
2022-11-02T08:00:00.0;0.004686824036374941
2022-11-02T09:00:00.0;0.09650172273139264
2022-11-02T10:00:00.0;0.33985379115940656
2022-11-02T11:00:00.0;0.5847751108890952
2022-11-02T12:00:00.0;0.8279799208080361
2022-11-02T13:00:00.0;0.931970829961079
2022-11-02T14:00:00.0;0.9338622765849436
2022-11-02T15:00:00.0;0.8348977315096474
2022-11-02T16:00:00.0;0.6542904495890184
2022-11-02T17:00:00.0;0.3985852713325047
2022-11-02T18:00:00.0;0.126969790914735
2022-11-02T19:00:00.0;0.0032570968612706105
2022-11-02T20:00:00.0;0.0
2022-11-02T21:00:00.0;0.0
2022-11-02T22:00:00.0;0.0
2022-11-02T23:00:00.0;0.0
2022-11-03T00:00:00.0;0.0
2022-11-03T01:00:00.0;0.0
2022-11-03T02:00:00.0;0.0
2022-11-03T03:00:00.0;0.0
2022-11-03T04:00:00.0;0.0
2022-11-03T05:00:00.0;0.0
2022-11-03T06:00:00.0;0.0
2022-11-03T07:00:00.0;0.0
2022-11-03T08:00:00.0;0.003482919819842847
2022-11-03T09:00:00.0;0.07268303647255177
2022-11-03T10:00:00.0;0.2539402520252998
2022-11-03T11:00:00.0;0.4232650294240709
2022-11-03T12:00:00.0;0.5832561200445116
2022-11-03T13:00:00.0;0.6524742846135247
2022-11-03T14:00:00.0;0.6564911150298641
2022-11-03T15:00:00.0;0.5931113324837447
2022-11-03T16:00:00.0;0.46314035954135063
2022-11-03T17:00:00.0;0.28427392367519755
2022-11-03T18:00:00.0;0.09299295805883262
2022-11-03T19:00:00.0;0.002392256399130675
2022-11-03T20:00:00.0;0.0
2022-11-03T21:00:00.0;0.0
2022-11-03T22:00:00.0;0.0
2022-11-03T23:00:00.0;0.0
2022-11-04T00:00:00.0;0.0
2022-11-04T01:00:00.0;0.0
2022-11-04T02:00:00.0;0.0
2022-11-04T03:00:00.0;0.0
2022-11-04T04:00:00.0;0.0
2022-11-04T05:00:00.0;4.592223095527663e-5
2022-11-04T06:00:00.0;0.004442887645066526
2022-11-04T07:00:00.0;0.02295100756573174
2022-11-04T08:00:00.0;0.10334152827877167
2022-11-04T09:00:00.0;0.3255962117671036
2022-11-04T10:00:00.0;0.6060726302287031
2022-11-04T11:00:00.0;0.9335595490533275
2022-11-04T12:00:00.0;1.2108820405872256
2022-11-04T13:00:00.0;1.3731125911438984
2022-11-04T14:00:00.0;1.266274036439959
2022-11-04T15:00:00.0;0.9577367837343614
2022-11-04T16:00:00.0;0.777440324609704
2022-11-04T17:00:00.0;0.556175712186806
2022-11-04T18:00:00.0;0.34958730707410646
2022-11-04T19:00:00.0;0.14463668598450166
2022-11-04T20:00:00.0;0.0393235022953783
2022-11-04T21:00:00.0;0.008520896501097688
2022-11-04T22:00:00.0;0.0002423830411236892
2022-11-04T23:00:00.0;0.0
2022-11-05T00:00:00.0;0.0
2022-11-05T01:00:00.0;0.0
2022-11-05T02:00:00.0;0.0
2022-11-05T03:00:00.0;0.0
2022-11-05T04:00:00.0;0.0
2022-11-05T05:00:00.0;0.00011755483325110141
2022-11-05T06:00:00.0;0.011373204337085063
2022-11-05T07:00:00.0;0.058558585568898716
2022-11-05T08:00:00.0;0.15763863452900145
2022-11-05T09:00:00.0;0.32438691153451243
2022-11-05T10:00:00.0;0.5317853781906029
2022-11-05T11:00:00.0;0.8441427713227397
2022-11-05T12:00:00.0;1.1739783477687629
2022-11-05T13:00:00.0;1.3345274812440473
2022-11-05T14:00:00.0;1.3202187048790854
2022-11-05T15:00:00.0;1.1521826772170078
2022-11-05T16:00:00.0;0.9635269430533138
2022-11-05T17:00:00.0;0.6776595937255118
2022-11-05T18:00:00.0;0.40648050363190474
2022-11-05T19:00:00.0;0.23265527788914334
2022-11-05T20:00:00.0;0.10024903056170116
2022-11-05T21:00:00.0;0.021812367267434258
2022-11-05T22:00:00.0;0.0006204685048934052
2022-11-05T23:00:00.0;0.0
2022-11-06T00:00:00.0;0.0
2022-11-06T01:00:00.0;0.0
2022-11-06T02:00:00.0;0.0
2022-11-06T03:00:00.0;0.0
2022-11-06T04:00:00.0;0.0
2022-11-06T05:00:00.0;0.0
2022-11-06T06:00:00.0;0.0
2022-11-06T07:00:00.0;0.0
2022-11-06T08:00:00.0;0.0025141560344620426
2022-11-06T09:00:00.0;0.05334914159358633
2022-11-06T10:00:00.0;0.1871110027876651
2022-11-06T11:00:00.0;0.3124593685161548
2022-11-06T12:00:00.0;0.42976484254246883
2022-11-06T13:00:00.0;0.4806028339985549
2022-11-06T14:00:00.0;0.48263980095859416
2022-11-06T15:00:00.0;0.4338903261186982
2022-11-06T16:00:00.0;0.3363484335170381
2022-11-06T17:00:00.0;0.20428451275403142
2022-11-06T18:00:00.0;0.06614376116143683
2022-11-06T19:00:00.0;0.0017013015461322496
2022-11-06T20:00:00.0;0.0
2022-11-06T21:00:00.0;0.0
2022-11-06T22:00:00.0;0.0
2022-11-06T23:00:00.0;0.0
2022-11-07T00:00:00.0;0.0
2022-11-07T01:00:00.0;0.0
2022-11-07T02:00:00.0;0.0
2022-11-07T03:00:00.0;0.0
2022-11-07T04:00:00.0;0.0
2022-11-07T05:00:00.0;0.0
2022-11-07T06:00:00.0;0.0
2022-11-07T07:00:00.0;0.0
2022-11-07T08:00:00.0;0.0024332147894165004
2022-11-07T09:00:00.0;0.051702713490716944
2022-11-07T10:00:00.0;0.18195498680960479
2022-11-07T11:00:00.0;0.3067573553624021
2022-11-07T12:00:00.0;0.4250018690572208
2022-11-07T13:00:00.0;0.4760861060897442
2022-11-07T14:00:00.0;0.4772727675661163
2022-11-07T15:00:00.0;0.42714649474779837
2022-11-07T16:00:00.0;0.3307704179269845
2022-11-07T17:00:00.0;0.19982762007249047
2022-11-07T18:00:00.0;0.06399169583797665
2022-11-07T19:00:00.0;0.00164449384743042
2022-11-07T20:00:00.0;0.0
2022-11-07T21:00:00.0;0.0
2022-11-07T22:00:00.0;0.0
2022-11-07T23:00:00.0;0.0
2022-11-08T00:00:00.0;0.0
2022-11-08T01:00:00.0;0.0
2022-11-08T02:00:00.0;0.0
2022-11-08T03:00:00.0;0.0
2022-11-08T04:00:00.0;0.0
2022-11-08T05:00:00.0;0.0
2022-11-08T06:00:00.0;0.0
2022-11-08T07:00:00.0;0.0
2022-11-08T08:00:00.0;0.0029315338340054798
2022-11-08T09:00:00.0;0.06147809384334172
2022-11-08T10:00:00.0;0.21866766609632496
2022-11-08T11:00:00.0;0.3831837839149472
2022-11-08T12:00:00.0;0.5480030252867742
2022-11-08T13:00:00.0;0.6182782108616675
2022-11-08T14:00:00.0;0.616741080279985
2022-11-08T15:00:00.0;0.5448873111862189
2022-11-08T16:00:00.0;0.4233955678816246
2022-11-08T17:00:00.0;0.2531376126200706
2022-11-08T18:00:00.0;0.07830095132524045
2022-11-08T19:00:00.0;0.002004951232875832
2022-11-08T20:00:00.0;0.0
2022-11-08T21:00:00.0;0.0
2022-11-08T22:00:00.0;0.0
2022-11-08T23:00:00.0;0.0
2022-11-09T00:00:00.0;0.0
2022-11-09T01:00:00.0;0.0
2022-11-09T02:00:00.0;0.0
2022-11-09T03:00:00.0;0.0
2022-11-09T04:00:00.0;0.0
2022-11-09T05:00:00.0;0.0
2022-11-09T06:00:00.0;0.0
2022-11-09T07:00:00.0;0.0
2022-11-09T08:00:00.0;0.003240673991908294
2022-11-09T09:00:00.0;0.06751457325835873
2022-11-09T10:00:00.0;0.24182617014134766
2022-11-09T11:00:00.0;0.4337826056389746
2022-11-09T12:00:00.0;0.6315325859032197
2022-11-09T13:00:00.0;0.7153099740499164
2022-11-09T14:00:00.0;0.7114693673292444
2022-11-09T15:00:00.0;0.6238074700755856
2022-11-09T16:00:00.0;0.48535153677583015
2022-11-09T17:00:00.0;0.2882043172281197
2022-11-09T18:00:00.0;0.08725966276315837
2022-11-09T19:00:00.0;0.002229393203221203
2022-11-09T20:00:00.0;0.0
2022-11-09T21:00:00.0;0.0
2022-11-09T22:00:00.0;0.0
2022-11-09T23:00:00.0;0.0
2022-11-10T00:00:00.0;0.0
2022-11-10T01:00:00.0;0.0
2022-11-10T02:00:00.0;0.0
2022-11-10T03:00:00.0;0.0
2022-11-10T04:00:00.0;0.0
2022-11-10T05:00:00.0;2.031197170095329e-5
2022-11-10T06:00:00.0;0.001965144250177962
2022-11-10T07:00:00.0;0.01011817464265918
2022-11-10T08:00:00.0;0.029382031456753437
2022-11-10T09:00:00.0;0.10119098952109516
2022-11-10T10:00:00.0;0.2548813153116908
2022-11-10T11:00:00.0;0.4430851323539391
2022-11-10T12:00:00.0;0.6397301215151656
2022-11-10T13:00:00.0;0.726479475707064
2022-11-10T14:00:00.0;0.7197763231166053
2022-11-10T15:00:00.0;0.6264940607809658
2022-11-10T16:00:00.0;0.4974247433025372
2022-11-10T17:00:00.0;0.31104841579279574
2022-11-10T18:00:00.0;0.12753842221459974
2022-11-10T19:00:00.0;0.04166123478546628
2022-11-10T20:00:00.0;0.017321750331334825
2022-11-10T21:00:00.0;0.003768898091331974
2022-11-10T22:00:00.0;0.00010720902207234057
2022-11-10T23:00:00.0;0.0
2022-11-11T00:00:00.0;0.0
2022-11-11T01:00:00.0;0.0
2022-11-11T02:00:00.0;0.0
2022-11-11T03:00:00.0;0.0
2022-11-11T04:00:00.0;0.0
2022-11-11T05:00:00.0;0.0
2022-11-11T06:00:00.0;0.0
2022-11-11T07:00:00.0;0.0
2022-11-11T08:00:00.0;0.005142054359280062
2022-11-11T09:00:00.0;0.1048851571940703
2022-11-11T10:00:00.0;0.3809187148275584
2022-11-11T11:00:00.0;0.7171795419451573
2022-11-11T12:00:00.0;1.0822310090999374
2022-11-11T13:00:00.0;1.235116558005153
2022-11-11T14:00:00.0;1.2224653006145414
2022-11-11T15:00:00.0;1.0579048195941898
2022-11-11T16:00:00.0;0.8271840132706245
2022-11-11T17:00:00.0;0.4864701048445845
2022-11-11T18:00:00.0;0.14164717087736686
2022-11-11T19:00:00.0;0.003602619497901473
2022-11-11T20:00:00.0;0.0
2022-11-11T21:00:00.0;0.0
2022-11-11T22:00:00.0;0.0
2022-11-11T23:00:00.0;0.0
2022-11-12T00:00:00.0;0.0
2022-11-12T01:00:00.0;0.0
2022-11-12T02:00:00.0;0.0
2022-11-12T03:00:00.0;0.0
2022-11-12T04:00:00.0;0.0
2022-11-12T05:00:00.0;0.0
2022-11-12T06:00:00.0;0.0
2022-11-12T07:00:00.0;0.00017060477245778462
2022-11-12T08:00:00.0;0.09507392559531819
2022-11-12T09:00:00.0;0.4616233109300938
2022-11-12T10:00:00.0;0.9191698296003308
2022-11-12T11:00:00.0;1.3249749552710197
2022-11-12T12:00:00.0;1.5965500629904368
2022-11-12T13:00:00.0;1.7877169198744867
2022-11-12T14:00:00.0;1.5729466833559322
2022-11-12T15:00:00.0;1.074964571112693
2022-11-12T16:00:00.0;0.8633578773771502
2022-11-12T17:00:00.0;0.6585259788623691
2022-11-12T18:00:00.0;0.44489515650380573
2022-11-12T19:00:00.0;0.12203470299541772
2022-11-12T20:00:00.0;0.00036598239869005915
2022-11-12T21:00:00.0;0.0
2022-11-12T22:00:00.0;0.0
2022-11-12T23:00:00.0;0.0
2022-11-13T00:00:00.0;0.0
2022-11-13T01:00:00.0;0.0
2022-11-13T02:00:00.0;0.0
2022-11-13T03:00:00.0;0.0
2022-11-13T04:00:00.0;0.0
2022-11-13T05:00:00.0;0.0
2022-11-13T06:00:00.0;0.0
2022-11-13T07:00:00.0;0.0001495623773392219
2022-11-13T08:00:00.0;0.08287596639656797
2022-11-13T09:00:00.0;0.3951132535815232
2022-11-13T10:00:00.0;0.7825872367334179
2022-11-13T11:00:00.0;1.1741339186912982
2022-11-13T12:00:00.0;1.47262787452979
2022-11-13T13:00:00.0;1.663450024350468
2022-11-13T14:00:00.0;1.4616035840961616
2022-11-13T15:00:00.0;0.9844594613051687
2022-11-13T16:00:00.0;0.785544317532224
2022-11-13T17:00:00.0;0.5776832264453128
2022-11-13T18:00:00.0;0.378144429287072
2022-11-13T19:00:00.0;0.1066517465597142
2022-11-13T20:00:00.0;0.00032084212430775143
2022-11-13T21:00:00.0;0.0
2022-11-13T22:00:00.0;0.0
2022-11-13T23:00:00.0;0.0
2022-11-14T00:00:00.0;0.0
2022-11-14T01:00:00.0;0.0
2022-11-14T02:00:00.0;0.0
2022-11-14T03:00:00.0;0.0
2022-11-14T04:00:00.0;0.0
2022-11-14T05:00:00.0;0.0
2022-11-14T06:00:00.0;0.0
2022-11-14T07:00:00.0;0.00013738122277656814
2022-11-14T08:00:00.0;0.07612610741354181
2022-11-14T09:00:00.0;0.3629395835242054
2022-11-14T10:00:00.0;0.7234324921041265
2022-11-14T11:00:00.0;1.1093843239021222
2022-11-14T12:00:00.0;1.4206536093138713
2022-11-14T13:00:00.0;1.6106472192699313
2022-11-14T14:00:00.0;1.419430891563755
2022-11-14T15:00:00.0;0.959181731884105
2022-11-14T16:00:00.0;0.7628530492092356
2022-11-14T17:00:00.0;0.5484273349868971
2022-11-14T18:00:00.0;0.3477984138502541
2022-11-14T19:00:00.0;0.09796546173104852
2022-11-14T20:00:00.0;0.0002947110372260139
2022-11-14T21:00:00.0;0.0
2022-11-14T22:00:00.0;0.0
2022-11-14T23:00:00.0;0.0
2022-11-15T00:00:00.0;0.0
2022-11-15T01:00:00.0;0.0
2022-11-15T02:00:00.0;0.0
2022-11-15T03:00:00.0;0.0
2022-11-15T04:00:00.0;0.0
2022-11-15T05:00:00.0;4.546535721862065e-5
2022-11-15T06:00:00.0;0.004398685988532873
2022-11-15T07:00:00.0;0.02267552676691666
2022-11-15T08:00:00.0;0.07623175773019111
2022-11-15T09:00:00.0;0.19962338190904327
2022-11-15T10:00:00.0;0.36456853907188275
2022-11-15T11:00:00.0;0.6136442386175492
2022-11-15T12:00:00.0;0.8722984867084506
2022-11-15T13:00:00.0;0.9999015586257417
2022-11-15T14:00:00.0;0.9450854425741118
2022-11-15T15:00:00.0;0.7457820079286012
2022-11-15T16:00:00.0;0.6047212391310385
2022-11-15T17:00:00.0;0.40521904887788746
2022-11-15T18:00:00.0;0.22759470332204823
2022-11-15T19:00:00.0;0.10957935191631431
2022-11-15T20:00:00.0;0.038831143717253346
2022-11-15T21:00:00.0;0.008436123315145405
2022-11-15T22:00:00.0;0.00023997160676179886
2022-11-15T23:00:00.0;0.0
2022-11-16T00:00:00.0;0.0
2022-11-16T01:00:00.0;0.0
2022-11-16T02:00:00.0;0.0
2022-11-16T03:00:00.0;0.0
2022-11-16T04:00:00.0;0.0
2022-11-16T05:00:00.0;4.04493919793356e-5
2022-11-16T06:00:00.0;0.0039134009854718
2022-11-16T07:00:00.0;0.02016577352169484
2022-11-16T08:00:00.0;0.06364130007780934
2022-11-16T09:00:00.0;0.1625356899845888
2022-11-16T10:00:00.0;0.3059023895053232
2022-11-16T11:00:00.0;0.5274569675203866
2022-11-16T12:00:00.0;0.7612806897942686
2022-11-16T13:00:00.0;0.8737462033271329
2022-11-16T14:00:00.0;0.8351930680195125
2022-11-16T15:00:00.0;0.6735197437643744
2022-11-16T16:00:00.0;0.543460388378407
2022-11-16T17:00:00.0;0.35647906675395813
2022-11-16T18:00:00.0;0.1899526101291715
2022-11-16T19:00:00.0;0.09193080762491788
2022-11-16T20:00:00.0;0.034529773564625346
2022-11-16T21:00:00.0;0.007505408065298847
2022-11-16T22:00:00.0;0.00021349674080738408
2022-11-16T23:00:00.0;0.0
2022-11-17T00:00:00.0;0.0
2022-11-17T01:00:00.0;0.0
2022-11-17T02:00:00.0;0.0
2022-11-17T03:00:00.0;0.0
2022-11-17T04:00:00.0;0.0
2022-11-17T05:00:00.0;0.0
2022-11-17T06:00:00.0;0.0
2022-11-17T07:00:00.0;0.0
2022-11-17T08:00:00.0;0.0009782512645542785
2022-11-17T09:00:00.0;0.02233706258333662
2022-11-17T10:00:00.0;0.08610886352394388
2022-11-17T11:00:00.0;0.17795201900749402
2022-11-17T12:00:00.0;0.27974252074483696
2022-11-17T13:00:00.0;0.32206953524886645
2022-11-17T14:00:00.0;0.3130386233039838
2022-11-17T15:00:00.0;0.25739368404278024
2022-11-17T16:00:00.0;0.19339464014941518
2022-11-17T17:00:00.0;0.1032411483975857
2022-11-17T18:00:00.0;0.024632289247680208
2022-11-17T19:00:00.0;0.0006165203737402235
2022-11-17T20:00:00.0;0.0
2022-11-17T21:00:00.0;0.0
2022-11-17T22:00:00.0;0.0
2022-11-17T23:00:00.0;0.0
2022-11-18T00:00:00.0;0.0
2022-11-18T01:00:00.0;0.0
2022-11-18T02:00:00.0;0.0
2022-11-18T03:00:00.0;0.0
2022-11-18T04:00:00.0;0.0
2022-11-18T05:00:00.0;1.883909309326384e-5
2022-11-18T06:00:00.0;0.0018226460737466115
2022-11-18T07:00:00.0;0.009414722098297865
2022-11-18T08:00:00.0;0.043467376006724054
2022-11-18T09:00:00.0;0.16135180779679598
2022-11-18T10:00:00.0;0.3659839878914884
2022-11-18T11:00:00.0;0.6461531436446901
2022-11-18T12:00:00.0;0.9180119579593805
2022-11-18T13:00:00.0;1.0545795043930193
2022-11-18T14:00:00.0;0.9994390961627998
2022-11-18T15:00:00.0;0.7902903596176178
2022-11-18T16:00:00.0;0.6216399895299459
2022-11-18T17:00:00.0;0.39162785568421826
2022-11-18T18:00:00.0;0.18268788044501308
2022-11-18T19:00:00.0;0.05986947810042792
2022-11-18T20:00:00.0;0.016130582822181275
2022-11-18T21:00:00.0;0.0034956046142135544
2022-11-18T22:00:00.0;9.94349921806858e-5
2022-11-18T23:00:00.0;0.0
2022-11-19T00:00:00.0;0.0
2022-11-19T01:00:00.0;0.0
2022-11-19T02:00:00.0;0.0
2022-11-19T03:00:00.0;0.0
2022-11-19T04:00:00.0;0.0
2022-11-19T05:00:00.0;0.0
2022-11-19T06:00:00.0;0.0
2022-11-19T07:00:00.0;3.679723565014672e-5
2022-11-19T08:00:00.0;0.02245113948685414
2022-11-19T09:00:00.0;0.13926200375604184
2022-11-19T10:00:00.0;0.3606904528990202
2022-11-19T11:00:00.0;0.6513614193779579
2022-11-19T12:00:00.0;0.9340328030940145
2022-11-19T13:00:00.0;1.0735188237874198
2022-11-19T14:00:00.0;1.009190347882217
2022-11-19T15:00:00.0;0.7829131195627486
2022-11-19T16:00:00.0;0.6069186891347251
2022-11-19T17:00:00.0;0.36957522834511025
2022-11-19T18:00:00.0;0.1510741740485643
2022-11-19T19:00:00.0;0.027687356292595923
2022-11-19T20:00:00.0;7.893765440668689e-5
2022-11-19T21:00:00.0;0.0
2022-11-19T22:00:00.0;0.0
2022-11-19T23:00:00.0;0.0
2022-11-20T00:00:00.0;0.0
2022-11-20T01:00:00.0;0.0
2022-11-20T02:00:00.0;0.0
2022-11-20T03:00:00.0;0.0
2022-11-20T04:00:00.0;0.0
2022-11-20T05:00:00.0;5.765950508007723e-5
2022-11-20T06:00:00.0;0.005578446373618317
2022-11-20T07:00:00.0;0.028722418030059323
2022-11-20T08:00:00.0;0.07731067967210231
2022-11-20T09:00:00.0;0.1589489765280009
2022-11-20T10:00:00.0;0.2794961252092647
2022-11-20T11:00:00.0;0.4824289081782779
2022-11-20T12:00:00.0;0.6710067338792267
2022-11-20T13:00:00.0;0.7733564144365911
2022-11-20T14:00:00.0;0.7625745717251576
2022-11-20T15:00:00.0;0.6524644965519727
2022-11-20T16:00:00.0;0.5265176006208112
2022-11-20T17:00:00.0;0.3493119147463106
2022-11-20T18:00:00.0;0.2004457699677022
2022-11-20T19:00:00.0;0.11411515636027796
2022-11-20T20:00:00.0;0.049171176778399855
2022-11-20T21:00:00.0;0.010698754500197057
2022-11-20T22:00:00.0;0.00030433378127048657
2022-11-20T23:00:00.0;0.0
2022-11-21T00:00:00.0;0.0
2022-11-21T01:00:00.0;0.0
2022-11-21T02:00:00.0;0.0
2022-11-21T03:00:00.0;0.0
2022-11-21T04:00:00.0;0.0
2022-11-21T05:00:00.0;2.9498585026665446e-5
2022-11-21T06:00:00.0;0.00285393144530704
2022-11-21T07:00:00.0;0.014736127706727086
2022-11-21T08:00:00.0;0.06268537108269022
2022-11-21T09:00:00.0;0.19163416950981774
2022-11-21T10:00:00.0;0.37258514662106357
2022-11-21T11:00:00.0;0.6463851366193194
2022-11-21T12:00:00.0;0.9095609255158471
2022-11-21T13:00:00.0;1.0489182497084606
2022-11-21T14:00:00.0;0.9740179051789394
2022-11-21T15:00:00.0;0.7345018947990856
2022-11-21T16:00:00.0;0.5827067309670078
2022-11-21T17:00:00.0;0.3801715899118041
2022-11-21T18:00:00.0;0.20915304509244267
2022-11-21T19:00:00.0;0.08815108725197789
2022-11-21T20:00:00.0;0.025245515866158
2022-11-21T21:00:00.0;0.005473479504639892
2022-11-21T22:00:00.0;0.00015569706869363972
2022-11-21T23:00:00.0;0.0
2022-11-22T00:00:00.0;0.0
2022-11-22T01:00:00.0;0.0
2022-11-22T02:00:00.0;0.0
2022-11-22T03:00:00.0;0.0
2022-11-22T04:00:00.0;0.0
2022-11-22T05:00:00.0;0.0
2022-11-22T06:00:00.0;0.0
2022-11-22T07:00:00.0;0.0
2022-11-22T08:00:00.0;0.001404283252218252
2022-11-22T09:00:00.0;0.030056539951442068
2022-11-22T10:00:00.0;0.12270564571442691
2022-11-22T11:00:00.0;0.26932126023006603
2022-11-22T12:00:00.0;0.42580891167638235
2022-11-22T13:00:00.0;0.49522352314773516
2022-11-22T14:00:00.0;0.4821549962916682
2022-11-22T15:00:00.0;0.3961279701988822
2022-11-22T16:00:00.0;0.29850571920808056
2022-11-22T17:00:00.0;0.15902936155047998
2022-11-22T18:00:00.0;0.038166253673832216
2022-11-22T19:00:00.0;0.0009460852961201895
2022-11-22T20:00:00.0;0.0
2022-11-22T21:00:00.0;0.0
2022-11-22T22:00:00.0;0.0
2022-11-22T23:00:00.0;0.0
2022-11-23T00:00:00.0;0.0
2022-11-23T01:00:00.0;0.0
2022-11-23T02:00:00.0;0.0
2022-11-23T03:00:00.0;0.0
2022-11-23T04:00:00.0;0.0
2022-11-23T05:00:00.0;2.0350936567779832e-5
2022-11-23T06:00:00.0;0.0019689140262061323
2022-11-23T07:00:00.0;0.01014660948759727
2022-11-23T08:00:00.0;0.03234853075667089
2022-11-23T09:00:00.0;0.08262933649790545
2022-11-23T10:00:00.0;0.16486470660929814
2022-11-23T11:00:00.0;0.3259497386068986
2022-11-23T12:00:00.0;0.5044252615914107
2022-11-23T13:00:00.0;0.5877076970756291
2022-11-23T14:00:00.0;0.5565206275599964
2022-11-23T15:00:00.0;0.43249107936587766
2022-11-23T16:00:00.0;0.3390239164023372
2022-11-23T17:00:00.0;0.20327087491713322
2022-11-23T18:00:00.0;0.0945455005141581
2022-11-23T19:00:00.0;0.04671258980855812
2022-11-23T20:00:00.0;0.01737433936413877
2022-11-23T21:00:00.0;0.003776128044896977
2022-11-23T22:00:00.0;0.0001074146833113948
2022-11-23T23:00:00.0;0.0
2022-11-24T00:00:00.0;0.0
2022-11-24T01:00:00.0;0.0
2022-11-24T02:00:00.0;0.0
2022-11-24T03:00:00.0;0.0
2022-11-24T04:00:00.0;0.0
2022-11-24T05:00:00.0;0.0
2022-11-24T06:00:00.0;0.0005908899425439035
2022-11-24T07:00:00.0;0.014976767545008218
2022-11-24T08:00:00.0;0.07694085570622934
2022-11-24T09:00:00.0;0.18738959422028884
2022-11-24T10:00:00.0;0.35092658462348936
2022-11-24T11:00:00.0;0.6516144989895144
2022-11-24T12:00:00.0;0.990990275343908
2022-11-24T13:00:00.0;1.1546310146211667
2022-11-24T14:00:00.0;1.1135034505961316
2022-11-24T15:00:00.0;0.9031594021623611
2022-11-24T16:00:00.0;0.7315481969426559
2022-11-24T17:00:00.0;0.46966389523230234
2022-11-24T18:00:00.0;0.244780018471875
2022-11-24T19:00:00.0;0.1272895509229066
2022-11-24T20:00:00.0;0.04035170683285151
2022-11-24T21:00:00.0;0.0017930747408611606
2022-11-24T22:00:00.0;0.0
2022-11-24T23:00:00.0;0.0
2022-11-25T00:00:00.0;0.0
2022-11-25T01:00:00.0;0.0
2022-11-25T02:00:00.0;0.0
2022-11-25T03:00:00.0;0.0
2022-11-25T04:00:00.0;0.0
2022-11-25T05:00:00.0;0.0
2022-11-25T06:00:00.0;0.0
2022-11-25T07:00:00.0;7.29677680784628e-6
2022-11-25T08:00:00.0;0.006289946352245758
2022-11-25T09:00:00.0;0.06517404048509919
2022-11-25T10:00:00.0;0.22607073086375035
2022-11-25T11:00:00.0;0.46926814761169805
2022-11-25T12:00:00.0;0.7196965045412489
2022-11-25T13:00:00.0;0.8357649979460892
2022-11-25T14:00:00.0;0.8087877120561446
2022-11-25T15:00:00.0;0.6595807201357322
2022-11-25T16:00:00.0;0.5032455752806484
2022-11-25T17:00:00.0;0.2807537081736841
2022-11-25T18:00:00.0;0.08196913614793323
2022-11-25T19:00:00.0;0.006781237007540495
2022-11-25T20:00:00.0;1.5653090123855567e-5
2022-11-25T21:00:00.0;0.0
2022-11-25T22:00:00.0;0.0
2022-11-25T23:00:00.0;0.0
2022-11-26T00:00:00.0;0.0
2022-11-26T01:00:00.0;0.0
2022-11-26T02:00:00.0;0.0
2022-11-26T03:00:00.0;0.0
2022-11-26T04:00:00.0;0.0
2022-11-26T05:00:00.0;2.380672346538406e-5
2022-11-26T06:00:00.0;0.0023032547712431373
2022-11-26T07:00:00.0;0.011887149637644989
2022-11-26T08:00:00.0;0.04749384044129635
2022-11-26T09:00:00.0;0.13997807391072165
2022-11-26T10:00:00.0;0.2808179940312759
2022-11-26T11:00:00.0;0.5219718412931845
2022-11-26T12:00:00.0;0.7595916502272017
2022-11-26T13:00:00.0;0.8831102527156789
2022-11-26T14:00:00.0;0.8246100142574984
2022-11-26T15:00:00.0;0.6240713858631337
2022-11-26T16:00:00.0;0.4885773235476786
2022-11-26T17:00:00.0;0.3038900138823262
2022-11-26T18:00:00.0;0.15532431541781275
2022-11-26T19:00:00.0;0.06715761494285469
2022-11-26T20:00:00.0;0.02036231348783126
2022-11-26T21:00:00.0;0.0044173513015156015
2022-11-26T22:00:00.0;0.00012565474091078425
2022-11-26T23:00:00.0;0.0
2022-11-27T00:00:00.0;0.0
2022-11-27T01:00:00.0;0.0
2022-11-27T02:00:00.0;0.0
2022-11-27T03:00:00.0;0.0
2022-11-27T04:00:00.0;0.0
2022-11-27T05:00:00.0;0.0
2022-11-27T06:00:00.0;0.0
2022-11-27T07:00:00.0;0.0
2022-11-27T08:00:00.0;0.0024620935234468274
2022-11-27T09:00:00.0;0.05043236862406949
2022-11-27T10:00:00.0;0.20449328378622514
2022-11-27T11:00:00.0;0.45729246186578903
2022-11-27T12:00:00.0;0.738636129418669
2022-11-27T13:00:00.0;0.8608211838659874
2022-11-27T14:00:00.0;0.8382221957939133
2022-11-27T15:00:00.0;0.6899013032267982
2022-11-27T16:00:00.0;0.5274807900884747
2022-11-27T17:00:00.0;0.28608138047769044
2022-11-27T18:00:00.0;0.06943289814299637
2022-11-27T19:00:00.0;0.0017232798009315284
2022-11-27T20:00:00.0;0.0
2022-11-27T21:00:00.0;0.0
2022-11-27T22:00:00.0;0.0
2022-11-27T23:00:00.0;0.0
2022-11-28T00:00:00.0;0.0
2022-11-28T01:00:00.0;0.0
2022-11-28T02:00:00.0;0.0
2022-11-28T03:00:00.0;0.0
2022-11-28T04:00:00.0;0.0
2022-11-28T05:00:00.0;0.0
2022-11-28T06:00:00.0;0.0
2022-11-28T07:00:00.0;2.1110015684896506e-5
2022-11-28T08:00:00.0;0.011697547081405647
2022-11-28T09:00:00.0;0.056141203452309205
2022-11-28T10:00:00.0;0.14142431879278783
2022-11-28T11:00:00.0;0.2831953717377678
2022-11-28T12:00:00.0;0.3859533625814893
2022-11-28T13:00:00.0;0.4550227106885183
2022-11-28T14:00:00.0;0.41754347116606993
2022-11-28T15:00:00.0;0.297314936312463
2022-11-28T16:00:00.0;0.21289408538962992
2022-11-28T17:00:00.0;0.11642713053214737
2022-11-28T18:00:00.0;0.055133965899574325
2022-11-28T19:00:00.0;0.015053384967201582
2022-11-28T20:00:00.0;4.528533443374178e-5
2022-11-28T21:00:00.0;0.0
2022-11-28T22:00:00.0;0.0
2022-11-28T23:00:00.0;0.0
2022-11-29T00:00:00.0;0.0
2022-11-29T01:00:00.0;0.0
2022-11-29T02:00:00.0;0.0
2022-11-29T03:00:00.0;0.0
2022-11-29T04:00:00.0;0.0
2022-11-29T05:00:00.0;0.0
2022-11-29T06:00:00.0;0.0
2022-11-29T07:00:00.0;5.0232780939259504e-5
2022-11-29T08:00:00.0;0.027835143698511422
2022-11-29T09:00:00.0;0.13301509874683862
2022-11-29T10:00:00.0;0.2855338275341699
2022-11-29T11:00:00.0;0.4701451566426898
2022-11-29T12:00:00.0;0.593395980899528
2022-11-29T13:00:00.0;0.6819006389337684
2022-11-29T14:00:00.0;0.6109340315012851
2022-11-29T15:00:00.0;0.4227055108454385
2022-11-29T16:00:00.0;0.31863051665454345
2022-11-29T17:00:00.0;0.20996300603435192
2022-11-29T18:00:00.0;0.12814970781099336
2022-11-29T19:00:00.0;0.03582059818140237
2022-11-29T20:00:00.0;0.00010775966812752317
2022-11-29T21:00:00.0;0.0
2022-11-29T22:00:00.0;0.0
2022-11-29T23:00:00.0;0.0
2022-11-30T00:00:00.0;0.0
2022-11-30T01:00:00.0;0.0
2022-11-30T02:00:00.0;0.0
2022-11-30T03:00:00.0;0.0
2022-11-30T04:00:00.0;0.0
2022-11-30T05:00:00.0;0.0
2022-11-30T06:00:00.0;0.0
2022-11-30T07:00:00.0;7.589407491263213e-5
2022-11-30T08:00:00.0;0.04205465915998413
2022-11-30T09:00:00.0;0.20075192280188436
2022-11-30T10:00:00.0;0.41251477992216123
2022-11-30T11:00:00.0;0.634874479109253
2022-11-30T12:00:00.0;0.7761824012401524
2022-11-30T13:00:00.0;0.8818123287036433
2022-11-30T14:00:00.0;0.781338592232129
2022-11-30T15:00:00.0;0.5331924225956447
2022-11-30T16:00:00.0;0.41179933571020505
2022-11-30T17:00:00.0;0.2923814019989749
2022-11-30T18:00:00.0;0.1924869505661993
2022-11-30T19:00:00.0;0.054119463644306066
2022-11-30T20:00:00.0;0.000162808432511823
2022-11-30T21:00:00.0;0.0
2022-11-30T22:00:00.0;0.0
2022-11-30T23:00:00.0;0.0
2022-12-01T00:00:00.0;0.0
2022-12-01T01:00:00.0;0.0
2022-12-01T02:00:00.0;0.0
2022-12-01T03:00:00.0;0.0
2022-12-01T04:00:00.0;0.0
2022-12-01T05:00:00.0;0.0
2022-12-01T06:00:00.0;0.0
2022-12-01T07:00:00.0;0.00010947215784134882
2022-12-01T08:00:00.0;0.06066105016532233
2022-12-01T09:00:00.0;0.2893862955583135
2022-12-01T10:00:00.0;0.5786707404935844
2022-12-01T11:00:00.0;0.8504245934687669
2022-12-01T12:00:00.0;1.0153604250299673
2022-12-01T13:00:00.0;1.1433989542447445
2022-12-01T14:00:00.0;1.0043148177330368
2022-12-01T15:00:00.0;0.6777657511711964
2022-12-01T16:00:00.0;0.5337117511896354
2022-12-01T17:00:00.0;0.4002267716605188
2022-12-01T18:00:00.0;0.27667293412887284
2022-12-01T19:00:00.0;0.07806372860040622
2022-12-01T20:00:00.0;0.00023484034086131725
2022-12-01T21:00:00.0;0.0
2022-12-01T22:00:00.0;0.0
2022-12-01T23:00:00.0;0.0
2022-12-02T00:00:00.0;0.0
2022-12-02T01:00:00.0;0.0
2022-12-02T02:00:00.0;0.0
2022-12-02T03:00:00.0;0.0
2022-12-02T04:00:00.0;0.0
2022-12-02T05:00:00.0;0.0
2022-12-02T06:00:00.0;1.2872795350398753e-5
2022-12-02T07:00:00.0;0.000926862561027085
2022-12-02T08:00:00.0;0.005585780220533486
2022-12-02T09:00:00.0;0.014945922832885202
2022-12-02T10:00:00.0;0.06114284962331839
2022-12-02T11:00:00.0;0.1773344792134025
2022-12-02T12:00:00.0;0.26751948670797965
2022-12-02T13:00:00.0;0.3255901501088462
2022-12-02T14:00:00.0;0.31626702543155205
2022-12-02T15:00:00.0;0.24858946840900245
2022-12-02T16:00:00.0;0.1738561372537248
2022-12-02T17:00:00.0;0.0804053244222025
2022-12-02T18:00:00.0;0.02586754969482437
2022-12-02T19:00:00.0;0.012431010939344051
2022-12-02T20:00:00.0;0.0038021107021070344
2022-12-02T21:00:00.0;0.0001307084508766636
2022-12-02T22:00:00.0;0.0
2022-12-02T23:00:00.0;0.0
2022-12-03T00:00:00.0;0.0
2022-12-03T01:00:00.0;0.0
2022-12-03T02:00:00.0;0.0
2022-12-03T03:00:00.0;0.0
2022-12-03T04:00:00.0;0.0
2022-12-03T05:00:00.0;0.0
2022-12-03T06:00:00.0;0.0
2022-12-03T07:00:00.0;0.0
2022-12-03T08:00:00.0;0.0005031446816625909
2022-12-03T09:00:00.0;0.010599401740545472
2022-12-03T10:00:00.0;0.0716610929818301
2022-12-03T11:00:00.0;0.2143850674809583
2022-12-03T12:00:00.0;0.3457484032597806
2022-12-03T13:00:00.0;0.41612834869918536
2022-12-03T14:00:00.0;0.400418772477655
2022-12-03T15:00:00.0;0.31132588178242426
2022-12-03T16:00:00.0;0.2207909535608364
2022-12-03T17:00:00.0;0.09915960297364355
2022-12-03T18:00:00.0;0.016048171672407678
2022-12-03T19:00:00.0;0.00035339262042242725
2022-12-03T20:00:00.0;0.0
2022-12-03T21:00:00.0;0.0
2022-12-03T22:00:00.0;0.0
2022-12-03T23:00:00.0;0.0
2022-12-04T00:00:00.0;0.0
2022-12-04T01:00:00.0;0.0
2022-12-04T02:00:00.0;0.0
2022-12-04T03:00:00.0;0.0
2022-12-04T04:00:00.0;0.0
2022-12-04T05:00:00.0;0.0
2022-12-04T06:00:00.0;0.0
2022-12-04T07:00:00.0;0.0
2022-12-04T08:00:00.0;0.0
2022-12-04T09:00:00.0;0.0004181592546608299
2022-12-04T10:00:00.0;0.03696466452223234
2022-12-04T11:00:00.0;0.14768238534511444
2022-12-04T12:00:00.0;0.2355858789939291
2022-12-04T13:00:00.0;0.2905672895778277
2022-12-04T14:00:00.0;0.2773618048191318
2022-12-04T15:00:00.0;0.20642394529529845
2022-12-04T16:00:00.0;0.13624965609276202
2022-12-04T17:00:00.0;0.048626432977980534
2022-12-04T18:00:00.0;0.002207554429650696
2022-12-04T19:00:00.0;0.0
2022-12-04T20:00:00.0;0.0
2022-12-04T21:00:00.0;0.0
2022-12-04T22:00:00.0;0.0
2022-12-04T23:00:00.0;0.0
2022-12-05T00:00:00.0;0.0
2022-12-05T01:00:00.0;0.0
2022-12-05T02:00:00.0;0.0
2022-12-05T03:00:00.0;0.0
2022-12-05T04:00:00.0;0.0
2022-12-05T05:00:00.0;0.0
2022-12-05T06:00:00.0;0.0
2022-12-05T07:00:00.0;0.0
2022-12-05T08:00:00.0;0.0
2022-12-05T09:00:00.0;0.00041709282184409575
2022-12-05T10:00:00.0;0.03702542213745946
2022-12-05T11:00:00.0;0.14841060540695386
2022-12-05T12:00:00.0;0.2374702429628238
2022-12-05T13:00:00.0;0.29284705629380203
2022-12-05T14:00:00.0;0.27945869399166057
2022-12-05T15:00:00.0;0.20789543166658905
2022-12-05T16:00:00.0;0.13741599128378876
2022-12-05T17:00:00.0;0.04916084421367027
2022-12-05T18:00:00.0;0.00221807324176614
2022-12-05T19:00:00.0;0.0
2022-12-05T20:00:00.0;0.0
2022-12-05T21:00:00.0;0.0
2022-12-05T22:00:00.0;0.0
2022-12-05T23:00:00.0;0.0
2022-12-06T00:00:00.0;0.0
2022-12-06T01:00:00.0;0.0
2022-12-06T02:00:00.0;0.0
2022-12-06T03:00:00.0;0.0
2022-12-06T04:00:00.0;0.0
2022-12-06T05:00:00.0;0.0
2022-12-06T06:00:00.0;0.0
2022-12-06T07:00:00.0;2.1531941611016048e-5
2022-12-06T08:00:00.0;0.011931345978541485
2022-12-06T09:00:00.0;0.05725494004920403
2022-12-06T10:00:00.0;0.14351215411361923
2022-12-06T11:00:00.0;0.2859038700704267
2022-12-06T12:00:00.0;0.3889587577795771
2022-12-06T13:00:00.0;0.4583096815223274
2022-12-06T14:00:00.0;0.42034528241440217
2022-12-06T15:00:00.0;0.29913157473345087
2022-12-06T16:00:00.0;0.2144259777527475
2022-12-06T17:00:00.0;0.11778226321106625
2022-12-06T18:00:00.0;0.056191806192493136
2022-12-06T19:00:00.0;0.01535425700293696
2022-12-06T20:00:00.0;4.61904525045095e-5
2022-12-06T21:00:00.0;0.0
2022-12-06T22:00:00.0;0.0
2022-12-06T23:00:00.0;0.0
2022-12-07T00:00:00.0;0.0
2022-12-07T01:00:00.0;0.0
2022-12-07T02:00:00.0;0.0
2022-12-07T03:00:00.0;0.0
2022-12-07T04:00:00.0;0.0
2022-12-07T05:00:00.0;0.0
2022-12-07T06:00:00.0;0.0
2022-12-07T07:00:00.0;0.0
2022-12-07T08:00:00.0;0.0
2022-12-07T09:00:00.0;0.00037672884051190276
2022-12-07T10:00:00.0;0.039325069342922
2022-12-07T11:00:00.0;0.17597339278612573
2022-12-07T12:00:00.0;0.3087925343158336
2022-12-07T13:00:00.0;0.3791351559484519
2022-12-07T14:00:00.0;0.3588249645035042
2022-12-07T15:00:00.0;0.26359049983154176
2022-12-07T16:00:00.0;0.18156123057026796
2022-12-07T17:00:00.0;0.06938805853285634
2022-12-07T18:00:00.0;0.0026162053408559714
2022-12-07T19:00:00.0;0.0
2022-12-07T20:00:00.0;0.0
2022-12-07T21:00:00.0;0.0
2022-12-07T22:00:00.0;0.0
2022-12-07T23:00:00.0;0.0
2022-12-08T00:00:00.0;0.0
2022-12-08T01:00:00.0;0.0
2022-12-08T02:00:00.0;0.0
2022-12-08T03:00:00.0;0.0
2022-12-08T04:00:00.0;0.0
2022-12-08T05:00:00.0;0.0
2022-12-08T06:00:00.0;0.0
2022-12-08T07:00:00.0;4.494397483570815e-5
2022-12-08T08:00:00.0;0.024904494127986444
2022-12-08T09:00:00.0;0.11904928337030642
2022-12-08T10:00:00.0;0.2596604146202009
2022-12-08T11:00:00.0;0.4397592248718422
2022-12-08T12:00:00.0;0.5649481622010776
2022-12-08T13:00:00.0;0.6518589148584687
2022-12-08T14:00:00.0;0.5860784986849464
2022-12-08T15:00:00.0;0.4071374921351535
2022-12-08T16:00:00.0;0.3051379542841873
2022-12-08T17:00:00.0;0.19559264369625684
2022-12-08T18:00:00.0;0.11494126135872029
2022-12-08T19:00:00.0;0.03204919244291183
2022-12-08T20:00:00.0;9.641408900860779e-5
2022-12-08T21:00:00.0;0.0
2022-12-08T22:00:00.0;0.0
2022-12-08T23:00:00.0;0.0
2022-12-09T00:00:00.0;0.0
2022-12-09T01:00:00.0;0.0
2022-12-09T02:00:00.0;0.0
2022-12-09T03:00:00.0;0.0
2022-12-09T04:00:00.0;0.0
2022-12-09T05:00:00.0;0.0
2022-12-09T06:00:00.0;2.0081554283483173e-5
2022-12-09T07:00:00.0;0.001548383369670783
2022-12-09T08:00:00.0;0.06549937305576317
2022-12-09T09:00:00.0;0.2935881066390461
2022-12-09T10:00:00.0;0.5817803733254487
2022-12-09T11:00:00.0;0.8517853024882661
2022-12-09T12:00:00.0;1.015358880085544
2022-12-09T13:00:00.0;1.1435491951117878
2022-12-09T14:00:00.0;1.0185636286015023
2022-12-09T15:00:00.0;0.7134310295607982
2022-12-09T16:00:00.0;0.5669849269264872
2022-12-09T17:00:00.0;0.42733890983499606
2022-12-09T18:00:00.0;0.2960475689763934
2022-12-09T19:00:00.0;0.09246879188772252
2022-12-09T20:00:00.0;0.006151127731598455
2022-12-09T21:00:00.0;0.00020390511774184353
2022-12-09T22:00:00.0;0.0
2022-12-09T23:00:00.0;0.0
2022-12-10T00:00:00.0;0.0
2022-12-10T01:00:00.0;0.0
2022-12-10T02:00:00.0;0.0
2022-12-10T03:00:00.0;0.0
2022-12-10T04:00:00.0;0.0
2022-12-10T05:00:00.0;0.0
2022-12-10T06:00:00.0;0.0
2022-12-10T07:00:00.0;3.69525633712541e-5
2022-12-10T08:00:00.0;0.020476268528930266
2022-12-10T09:00:00.0;0.09795997791972308
2022-12-10T10:00:00.0;0.2198187207100603
2022-12-10T11:00:00.0;0.38489453582613714
2022-12-10T12:00:00.0;0.4988004615496772
2022-12-10T13:00:00.0;0.5784424603521912
2022-12-10T14:00:00.0;0.5227463647595298
2022-12-10T15:00:00.0;0.3655263901049848
2022-12-10T16:00:00.0;0.2704138449271864
2022-12-10T17:00:00.0;0.1673098868599271
2022-12-10T18:00:00.0;0.09485393627268773
2022-12-10T19:00:00.0;0.02635058022957255
2022-12-10T20:00:00.0;7.92708643816189e-5
2022-12-10T21:00:00.0;0.0
2022-12-10T22:00:00.0;0.0
2022-12-10T23:00:00.0;0.0
2022-12-11T00:00:00.0;0.0
2022-12-11T01:00:00.0;0.0
2022-12-11T02:00:00.0;0.0
2022-12-11T03:00:00.0;0.0
2022-12-11T04:00:00.0;0.0
2022-12-11T05:00:00.0;0.0
2022-12-11T06:00:00.0;0.0
2022-12-11T07:00:00.0;6.447205476112242e-5
2022-12-11T08:00:00.0;0.035725454081153143
2022-12-11T09:00:00.0;0.1706017920189699
2022-12-11T10:00:00.0;0.3559946761994685
2022-12-11T11:00:00.0;0.5615523137223477
2022-12-11T12:00:00.0;0.6948228961926157
2022-12-11T13:00:00.0;0.7928302473073106
2022-12-11T14:00:00.0;0.7054903388822981
2022-12-11T15:00:00.0;0.48401393090312045
2022-12-11T16:00:00.0;0.37032924734091366
2022-12-11T17:00:00.0;0.25569640160344326
2022-12-11T18:00:00.0;0.16384999702811737
2022-12-11T19:00:00.0;0.04597451155093425
2022-12-11T20:00:00.0;0.00013830584520014568
2022-12-11T21:00:00.0;0.0
2022-12-11T22:00:00.0;0.0
2022-12-11T23:00:00.0;0.0
2022-12-12T00:00:00.0;0.0
2022-12-12T01:00:00.0;0.0
2022-12-12T02:00:00.0;0.0
2022-12-12T03:00:00.0;0.0
2022-12-12T04:00:00.0;0.0
2022-12-12T05:00:00.0;0.0
2022-12-12T06:00:00.0;0.0
2022-12-12T07:00:00.0;0.00013765547634652902
2022-12-12T08:00:00.0;0.07627807764865424
2022-12-12T09:00:00.0;0.36378038062875556
2022-12-12T10:00:00.0;0.7181315420009189
2022-12-12T11:00:00.0;1.0313437227626787
2022-12-12T12:00:00.0;1.216111326688591
2022-12-12T13:00:00.0;1.3629582185413711
2022-12-12T14:00:00.0;1.1914669549088186
2022-12-12T15:00:00.0;0.7991114567985477
2022-12-12T16:00:00.0;0.6360373199985143
2022-12-12T17:00:00.0;0.4907453521563932
2022-12-12T18:00:00.0;0.34733332273579837
2022-12-12T19:00:00.0;0.0981610297793567
2022-12-12T20:00:00.0;0.0002952993676574409
2022-12-12T21:00:00.0;0.0
2022-12-12T22:00:00.0;0.0
2022-12-12T23:00:00.0;0.0
2022-12-13T00:00:00.0;0.0
2022-12-13T01:00:00.0;0.0
2022-12-13T02:00:00.0;0.0
2022-12-13T03:00:00.0;0.0
2022-12-13T04:00:00.0;0.0
2022-12-13T05:00:00.0;0.0
2022-12-13T06:00:00.0;1.829934482479302e-5
2022-12-13T07:00:00.0;0.0014028590844289992
2022-12-13T08:00:00.0;0.055193867252809184
2022-12-13T09:00:00.0;0.2461688429753548
2022-12-13T10:00:00.0;0.4933102502283163
2022-12-13T11:00:00.0;0.737252404038601
2022-12-13T12:00:00.0;0.8884053896605557
2022-12-13T13:00:00.0;1.0046879418050876
2022-12-13T14:00:00.0;0.898945213791989
2022-12-13T15:00:00.0;0.6335275135976909
2022-12-13T16:00:00.0;0.4993219234678785
2022-12-13T17:00:00.0;0.3676893560436049
2022-12-13T18:00:00.0;0.24964290525625007
2022-12-13T19:00:00.0;0.07848095409247517
2022-12-13T20:00:00.0;0.005587831703121509
2022-12-13T21:00:00.0;0.00018580882776424274
2022-12-13T22:00:00.0;0.0
2022-12-13T23:00:00.0;0.0
2022-12-14T00:00:00.0;0.0
2022-12-14T01:00:00.0;0.0
2022-12-14T02:00:00.0;0.0
2022-12-14T03:00:00.0;0.0
2022-12-14T04:00:00.0;0.0
2022-12-14T05:00:00.0;0.0
2022-12-14T06:00:00.0;2.7288845568302063e-6
2022-12-14T07:00:00.0;0.0003427757294364026
2022-12-14T08:00:00.0;0.08224763380099064
2022-12-14T09:00:00.0;0.38965624664544035
2022-12-14T10:00:00.0;0.7659912022408484
2022-12-14T11:00:00.0;1.0930676231977097
2022-12-14T12:00:00.0;1.284395816593519
2022-12-14T13:00:00.0;1.437660931791662
2022-12-14T14:00:00.0;1.2570623561771532
2022-12-14T15:00:00.0;0.8452333222394592
2022-12-14T16:00:00.0;0.6753644909705399
2022-12-14T17:00:00.0;0.5252191943092687
2022-12-14T18:00:00.0;0.3740010219219216
2022-12-14T19:00:00.0;0.10695456034958872
2022-12-14T20:00:00.0;0.0011198292145242158
2022-12-14T21:00:00.0;2.7708688232465223e-5
2022-12-14T22:00:00.0;0.0
2022-12-14T23:00:00.0;0.0
2022-12-15T00:00:00.0;0.0
2022-12-15T01:00:00.0;0.0
2022-12-15T02:00:00.0;0.0
2022-12-15T03:00:00.0;0.0
2022-12-15T04:00:00.0;0.0
2022-12-15T05:00:00.0;0.0
2022-12-15T06:00:00.0;1.6112029975919957e-5
2022-12-15T07:00:00.0;0.001195314493687443
2022-12-15T08:00:00.0;0.026508499726260452
2022-12-15T09:00:00.0;0.1115744993371298
2022-12-15T10:00:00.0;0.24151595744307422
2022-12-15T11:00:00.0;0.4108969345091529
2022-12-15T12:00:00.0;0.5264405097153623
2022-12-15T13:00:00.0;0.6087940045162858
2022-12-15T14:00:00.0;0.5599474915989436
2022-12-15T15:00:00.0;0.4108497341355339
2022-12-15T16:00:00.0;0.31119906085816385
2022-12-15T17:00:00.0;0.20152622048046134
2022-12-15T18:00:00.0;0.1201279760262063
2022-12-15T19:00:00.0;0.04067537916103403
2022-12-15T20:00:00.0;0.004834409275693008
2022-12-15T21:00:00.0;0.00016359915786011694
2022-12-15T22:00:00.0;0.0
2022-12-15T23:00:00.0;0.0
2022-12-16T00:00:00.0;0.0
2022-12-16T01:00:00.0;0.0
2022-12-16T02:00:00.0;0.0
2022-12-16T03:00:00.0;0.0
2022-12-16T04:00:00.0;0.0
2022-12-16T05:00:00.0;0.0
2022-12-16T06:00:00.0;0.0
2022-12-16T07:00:00.0;6.118234969701657e-5
2022-12-16T08:00:00.0;0.033902552552053426
2022-12-16T09:00:00.0;0.16191812340305542
2022-12-16T10:00:00.0;0.33971607845809126
2022-12-16T11:00:00.0;0.5404344820616648
2022-12-16T12:00:00.0;0.6713901958280789
2022-12-16T13:00:00.0;0.7672021360011415
2022-12-16T14:00:00.0;0.6836449577816928
2022-12-16T15:00:00.0;0.46984982236365147
2022-12-16T16:00:00.0;0.35838526913848123
2022-12-16T17:00:00.0;0.2451305971330357
2022-12-16T18:00:00.0;0.15560214508729056
2022-12-16T19:00:00.0;0.04362864892829448
2022-12-16T20:00:00.0;0.00013124874982702405
2022-12-16T21:00:00.0;0.0
2022-12-16T22:00:00.0;0.0
2022-12-16T23:00:00.0;0.0
2022-12-17T00:00:00.0;0.0
2022-12-17T01:00:00.0;0.0
2022-12-17T02:00:00.0;0.0
2022-12-17T03:00:00.0;0.0
2022-12-17T04:00:00.0;0.0
2022-12-17T05:00:00.0;0.0
2022-12-17T06:00:00.0;0.0
2022-12-17T07:00:00.0;0.0
2022-12-17T08:00:00.0;0.0
2022-12-17T09:00:00.0;0.00041131206202541193
2022-12-17T10:00:00.0;0.037354767948346655
2022-12-17T11:00:00.0;0.1523580320114093
2022-12-17T12:00:00.0;0.24768472187254187
2022-12-17T13:00:00.0;0.30520487539021385
2022-12-17T14:00:00.0;0.2908251978000382
2022-12-17T15:00:00.0;0.21587184532848988
2022-12-17T16:00:00.0;0.14373828697987578
2022-12-17T17:00:00.0;0.05205770086460223
2022-12-17T18:00:00.0;0.0022750920482611067
2022-12-17T19:00:00.0;0.0
2022-12-17T20:00:00.0;0.0
2022-12-17T21:00:00.0;0.0
2022-12-17T22:00:00.0;0.0
2022-12-17T23:00:00.0;0.0
2022-12-18T00:00:00.0;0.0
2022-12-18T01:00:00.0;0.0
2022-12-18T02:00:00.0;0.0
2022-12-18T03:00:00.0;0.0
2022-12-18T04:00:00.0;0.0
2022-12-18T05:00:00.0;0.0
2022-12-18T06:00:00.0;0.0
2022-12-18T07:00:00.0;0.0
2022-12-18T08:00:00.0;0.0
2022-12-18T09:00:00.0;0.0002615772522731773
2022-12-18T10:00:00.0;0.045885572528135694
2022-12-18T11:00:00.0;0.25460534727240297
2022-12-18T12:00:00.0;0.5122629268554783
2022-12-18T13:00:00.0;0.6253004596027163
2022-12-18T14:00:00.0;0.5852434643736851
2022-12-18T15:00:00.0;0.4224790768397589
2022-12-18T16:00:00.0;0.3075001060043004
2022-12-18T17:00:00.0;0.12709286805920697
2022-12-18T18:00:00.0;0.003752008649298362
2022-12-18T19:00:00.0;0.0
2022-12-18T20:00:00.0;0.0
2022-12-18T21:00:00.0;0.0
2022-12-18T22:00:00.0;0.0
2022-12-18T23:00:00.0;0.0
2022-12-19T00:00:00.0;0.0
2022-12-19T01:00:00.0;0.0
2022-12-19T02:00:00.0;0.0
2022-12-19T03:00:00.0;0.0
2022-12-19T04:00:00.0;0.0
2022-12-19T05:00:00.0;0.0
2022-12-19T06:00:00.0;0.0
2022-12-19T07:00:00.0;0.0
2022-12-19T08:00:00.0;8.359252372877866e-5
2022-12-19T09:00:00.0;0.003755348278773526
2022-12-19T10:00:00.0;0.03439755699781706
2022-12-19T11:00:00.0;0.15882358468908128
2022-12-19T12:00:00.0;0.32661243663394723
2022-12-19T13:00:00.0;0.39365874763246966
2022-12-19T14:00:00.0;0.36677449268402185
2022-12-19T15:00:00.0;0.263825321604078
2022-12-19T16:00:00.0;0.19365602726672626
2022-12-19T17:00:00.0;0.0814615346729323
2022-12-19T18:00:00.0;0.0019711196080181357
2022-12-19T19:00:00.0;0.0
2022-12-19T20:00:00.0;0.0
2022-12-19T21:00:00.0;0.0
2022-12-19T22:00:00.0;0.0
2022-12-19T23:00:00.0;0.0
2022-12-20T00:00:00.0;0.0
2022-12-20T01:00:00.0;0.0
2022-12-20T02:00:00.0;0.0
2022-12-20T03:00:00.0;0.0
2022-12-20T04:00:00.0;0.0
2022-12-20T05:00:00.0;0.0
2022-12-20T06:00:00.0;0.0
2022-12-20T07:00:00.0;0.0
2022-12-20T08:00:00.0;5.703273522669676e-5
2022-12-20T09:00:00.0;0.002587335876965795
2022-12-20T10:00:00.0;0.041348591824875505
2022-12-20T11:00:00.0;0.22882038939509855
2022-12-20T12:00:00.0;0.48797637083809403
2022-12-20T13:00:00.0;0.5911176376266232
2022-12-20T14:00:00.0;0.550112295452144
2022-12-20T15:00:00.0;0.39417999648613256
2022-12-20T16:00:00.0;0.293194518352429
2022-12-20T17:00:00.0;0.12499446366229301
2022-12-20T18:00:00.0;0.0031084463532064606
2022-12-20T19:00:00.0;0.0
2022-12-20T20:00:00.0;0.0
2022-12-20T21:00:00.0;0.0
2022-12-20T22:00:00.0;0.0
2022-12-20T23:00:00.0;0.0
2022-12-21T00:00:00.0;0.0
2022-12-21T01:00:00.0;0.0
2022-12-21T02:00:00.0;0.0
2022-12-21T03:00:00.0;0.0
2022-12-21T04:00:00.0;0.0
2022-12-21T05:00:00.0;0.0
2022-12-21T06:00:00.0;0.0
2022-12-21T07:00:00.0;0.0
2022-12-21T08:00:00.0;8.047716452018803e-6
2022-12-21T09:00:00.0;0.0006344664120735583
2022-12-21T10:00:00.0;0.0426982117919496
2022-12-21T11:00:00.0;0.22043750502408974
2022-12-21T12:00:00.0;0.429837124934887
2022-12-21T13:00:00.0;0.5249016284410145
2022-12-21T14:00:00.0;0.49237764919807214
2022-12-21T15:00:00.0;0.35679628071246877
2022-12-21T16:00:00.0;0.2565848407687358
2022-12-21T17:00:00.0;0.10439247364665961
2022-12-21T18:00:00.0;0.003220213964340862
2022-12-21T19:00:00.0;0.0
2022-12-21T20:00:00.0;0.0
2022-12-21T21:00:00.0;0.0
2022-12-21T22:00:00.0;0.0
2022-12-21T23:00:00.0;0.0
2022-12-22T00:00:00.0;0.0
2022-12-22T01:00:00.0;0.0
2022-12-22T02:00:00.0;0.0
2022-12-22T03:00:00.0;0.0
2022-12-22T04:00:00.0;0.0
2022-12-22T05:00:00.0;0.0
2022-12-22T06:00:00.0;0.0
2022-12-22T07:00:00.0;7.396432093691822e-6
2022-12-22T08:00:00.0;0.004098533792766532
2022-12-22T09:00:00.0;0.01984657132170344
2022-12-22T10:00:00.0;0.07901004403524174
2022-12-22T11:00:00.0;0.2604280473332606
2022-12-22T12:00:00.0;0.45715322467719693
2022-12-22T13:00:00.0;0.552507865407358
2022-12-22T14:00:00.0;0.5144074262985554
2022-12-22T15:00:00.0;0.3701488758871476
2022-12-22T16:00:00.0;0.2676343905098867
2022-12-22T17:00:00.0;0.12027764910141035
2022-12-22T18:00:00.0;0.021694398805036322
2022-12-22T19:00:00.0;0.005274337137028692
2022-12-22T20:00:00.0;1.5866871251021395e-5
2022-12-22T21:00:00.0;0.0
2022-12-22T22:00:00.0;0.0
2022-12-22T23:00:00.0;0.0
2022-12-23T00:00:00.0;0.0
2022-12-23T01:00:00.0;0.0
2022-12-23T02:00:00.0;0.0
2022-12-23T03:00:00.0;0.0
2022-12-23T04:00:00.0;0.0
2022-12-23T05:00:00.0;0.0
2022-12-23T06:00:00.0;0.0
2022-12-23T07:00:00.0;0.0
2022-12-23T08:00:00.0;0.0
2022-12-23T09:00:00.0;0.0002478058179555617
2022-12-23T10:00:00.0;0.04667016907680313
2022-12-23T11:00:00.0;0.26400925400991626
2022-12-23T12:00:00.0;0.5365967566297587
2022-12-23T13:00:00.0;0.6547403428244966
2022-12-23T14:00:00.0;0.6123217491541866
2022-12-23T15:00:00.0;0.4414811907971607
2022-12-23T16:00:00.0;0.3225616347040052
2022-12-23T17:00:00.0;0.13399401468130284
2022-12-23T18:00:00.0;0.0038878438635510525
2022-12-23T19:00:00.0;0.0
2022-12-23T20:00:00.0;0.0
2022-12-23T21:00:00.0;0.0
2022-12-23T22:00:00.0;0.0
2022-12-23T23:00:00.0;0.0
2022-12-24T00:00:00.0;0.0
2022-12-24T01:00:00.0;0.0
2022-12-24T02:00:00.0;0.0
2022-12-24T03:00:00.0;0.0
2022-12-24T04:00:00.0;0.0
2022-12-24T05:00:00.0;0.0
2022-12-24T06:00:00.0;0.0
2022-12-24T07:00:00.0;0.0
2022-12-24T08:00:00.0;0.0015478794504451793
2022-12-24T09:00:00.0;0.03157996608146543
2022-12-24T10:00:00.0;0.1528134493711048
2022-12-24T11:00:00.0;0.4620566224781757
2022-12-24T12:00:00.0;0.8569810537682939
2022-12-24T13:00:00.0;1.0186105610836063
2022-12-24T14:00:00.0;0.9702858006244375
2022-12-24T15:00:00.0;0.7497398058130545
2022-12-24T16:00:00.0;0.5711818062926678
2022-12-24T17:00:00.0;0.2842022164043769
2022-12-24T18:00:00.0;0.046363874371193006
2022-12-24T19:00:00.0;0.0010871806759107775
2022-12-24T20:00:00.0;0.0
2022-12-24T21:00:00.0;0.0
2022-12-24T22:00:00.0;0.0
2022-12-24T23:00:00.0;0.0
2022-12-25T00:00:00.0;0.0
2022-12-25T01:00:00.0;0.0
2022-12-25T02:00:00.0;0.0
2022-12-25T03:00:00.0;0.0
2022-12-25T04:00:00.0;0.0
2022-12-25T05:00:00.0;0.0
2022-12-25T06:00:00.0;0.0
2022-12-25T07:00:00.0;0.0
2022-12-25T08:00:00.0;0.0015854590498246201
2022-12-25T09:00:00.0;0.032523793988323974
2022-12-25T10:00:00.0;0.1449563022289303
2022-12-25T11:00:00.0;0.34180520035873385
2022-12-25T12:00:00.0;0.541151325491943
2022-12-25T13:00:00.0;0.6359327677710982
2022-12-25T14:00:00.0;0.6188707820079433
2022-12-25T15:00:00.0;0.504520524013772
2022-12-25T16:00:00.0;0.37691923666362015
2022-12-25T17:00:00.0;0.1960727800036018
2022-12-25T18:00:00.0;0.04558868204636167
2022-12-25T19:00:00.0;0.001113575376248744
2022-12-25T20:00:00.0;0.0
2022-12-25T21:00:00.0;0.0
2022-12-25T22:00:00.0;0.0
2022-12-25T23:00:00.0;0.0
2022-12-26T00:00:00.0;0.0
2022-12-26T01:00:00.0;0.0
2022-12-26T02:00:00.0;0.0
2022-12-26T03:00:00.0;0.0
2022-12-26T04:00:00.0;0.0
2022-12-26T05:00:00.0;0.0
2022-12-26T06:00:00.0;0.0
2022-12-26T07:00:00.0;0.0
2022-12-26T08:00:00.0;0.00012182589487511558
2022-12-26T09:00:00.0;0.0025650850860213553
2022-12-26T10:00:00.0;0.06349712538607642
2022-12-26T11:00:00.0;0.3811504256990853
2022-12-26T12:00:00.0;0.8245963802038324
2022-12-26T13:00:00.0;1.0013033733312304
2022-12-26T14:00:00.0;0.9329167670698587
2022-12-26T15:00:00.0;0.6709486625697065
2022-12-26T16:00:00.0;0.5047804370864776
2022-12-26T17:00:00.0;0.2203424150412634
2022-12-26T18:00:00.0;0.00869782079596386
2022-12-26T19:00:00.0;8.556658510820788e-5
2022-12-26T20:00:00.0;0.0
2022-12-26T21:00:00.0;0.0
2022-12-26T22:00:00.0;0.0
2022-12-26T23:00:00.0;0.0
2022-12-27T00:00:00.0;0.0
2022-12-27T01:00:00.0;0.0
2022-12-27T02:00:00.0;0.0
2022-12-27T03:00:00.0;0.0
2022-12-27T04:00:00.0;0.0
2022-12-27T05:00:00.0;0.0
2022-12-27T06:00:00.0;0.0
2022-12-27T07:00:00.0;0.0
2022-12-27T08:00:00.0;0.0
2022-12-27T09:00:00.0;7.92232069956705e-5
2022-12-27T10:00:00.0;0.05627478481064034
2022-12-27T11:00:00.0;0.3791269036657285
2022-12-27T12:00:00.0;0.8344786230635528
2022-12-27T13:00:00.0;1.0151278133970838
2022-12-27T14:00:00.0;0.9437997813859665
2022-12-27T15:00:00.0;0.6740950137886086
2022-12-27T16:00:00.0;0.5069368983608695
2022-12-27T17:00:00.0;0.21847419948542227
2022-12-27T18:00:00.0;0.005550666671319389
2022-12-27T19:00:00.0;0.0
2022-12-27T20:00:00.0;0.0
2022-12-27T21:00:00.0;0.0
2022-12-27T22:00:00.0;0.0
2022-12-27T23:00:00.0;0.0
2022-12-28T00:00:00.0;0.0
2022-12-28T01:00:00.0;0.0
2022-12-28T02:00:00.0;0.0
2022-12-28T03:00:00.0;0.0
2022-12-28T04:00:00.0;0.0
2022-12-28T05:00:00.0;0.0
2022-12-28T06:00:00.0;0.0
2022-12-28T07:00:00.0;0.0
2022-12-28T08:00:00.0;5.51660877782597e-6
2022-12-28T09:00:00.0;0.0003218255706371222
2022-12-28T10:00:00.0;0.054831018052523314
2022-12-28T11:00:00.0;0.3645881965058158
2022-12-28T12:00:00.0;0.8009624790707137
2022-12-28T13:00:00.0;0.9741145558662064
2022-12-28T14:00:00.0;0.9057195484813005
2022-12-28T15:00:00.0;0.6470196572348986
2022-12-28T16:00:00.0;0.48626222643673517
2022-12-28T17:00:00.0;0.20943217950968498
2022-12-28T18:00:00.0;0.005314437881121367
2022-12-28T19:00:00.0;0.0
2022-12-28T20:00:00.0;0.0
2022-12-28T21:00:00.0;0.0
2022-12-28T22:00:00.0;0.0
2022-12-28T23:00:00.0;0.0
2022-12-29T00:00:00.0;0.0
2022-12-29T01:00:00.0;0.0
2022-12-29T02:00:00.0;0.0
2022-12-29T03:00:00.0;0.0
2022-12-29T04:00:00.0;0.0
2022-12-29T05:00:00.0;0.0
2022-12-29T06:00:00.0;0.0
2022-12-29T07:00:00.0;0.0
2022-12-29T08:00:00.0;5.382873124626735e-6
2022-12-29T09:00:00.0;0.0003159443151637091
2022-12-29T10:00:00.0;0.054866018375772665
2022-12-29T11:00:00.0;0.3649406491768333
2022-12-29T12:00:00.0;0.8017749897253788
2022-12-29T13:00:00.0;0.9751088142968146
2022-12-29T14:00:00.0;0.906642703453238
2022-12-29T15:00:00.0;0.6476760279583161
2022-12-29T16:00:00.0;0.4867634294159219
2022-12-29T17:00:00.0;0.20965137947408272
2022-12-29T18:00:00.0;0.005320164626089866
2022-12-29T19:00:00.0;0.0
2022-12-29T20:00:00.0;0.0
2022-12-29T21:00:00.0;0.0
2022-12-29T22:00:00.0;0.0
2022-12-29T23:00:00.0;0.0
2022-12-30T00:00:00.0;0.0
2022-12-30T01:00:00.0;0.0
2022-12-30T02:00:00.0;0.0
2022-12-30T03:00:00.0;0.0
2022-12-30T04:00:00.0;0.0
2022-12-30T05:00:00.0;0.0
2022-12-30T06:00:00.0;0.0
2022-12-30T07:00:00.0;0.0
2022-12-30T08:00:00.0;2.417967295378493e-5
2022-12-30T09:00:00.0;0.0011425659320125504
2022-12-30T10:00:00.0;0.04994665652771114
2022-12-30T11:00:00.0;0.3154027574637064
2022-12-30T12:00:00.0;0.6875750754209764
2022-12-30T13:00:00.0;0.8353639052055039
2022-12-30T14:00:00.0;0.7768915204014623
2022-12-30T15:00:00.0;0.5554218772763213
2022-12-30T16:00:00.0;0.41631839962633066
2022-12-30T17:00:00.0;0.17884240853194475
2022-12-30T18:00:00.0;0.004515259753900195
2022-12-30T19:00:00.0;0.0
2022-12-30T20:00:00.0;0.0
2022-12-30T21:00:00.0;0.0
2022-12-30T22:00:00.0;0.0
2022-12-30T23:00:00.0;0.0
2022-12-31T00:00:00.0;0.0
2022-12-31T01:00:00.0;0.0
2022-12-31T02:00:00.0;0.0
2022-12-31T03:00:00.0;0.0
2022-12-31T04:00:00.0;0.0
2022-12-31T05:00:00.0;0.0
2022-12-31T06:00:00.0;0.0
2022-12-31T07:00:00.0;0.0
2022-12-31T08:00:00.0;7.9243981228342e-6
2022-12-31T09:00:00.0;0.00042771225025769533
2022-12-31T10:00:00.0;0.05420086892343441
2022-12-31T11:00:00.0;0.3582426052921448
2022-12-31T12:00:00.0;0.786333960420616
2022-12-31T13:00:00.0;0.9562138330736357
2022-12-31T14:00:00.0;0.8890989790815215
2022-12-31T15:00:00.0;0.6352022966701328
2022-12-31T16:00:00.0;0.47723852061032895
2022-12-31T17:00:00.0;0.20548568262514214
2022-12-31T18:00:00.0;0.005211333023240338
2022-12-31T19:00:00.0;0.0
2022-12-31T20:00:00.0;0.0
2022-12-31T21:00:00.0;0.0
2022-12-31T22:00:00.0;0.0
2022-12-31T23:00:00.0;0.0
