timestamp;elastic_demand
2022-01-01T00:00:00.0;0.07577960980008352
2022-01-01T01:00:00.0;0.0716296417487527
2022-01-01T02:00:00.0;0.0684962578872044
2022-01-01T03:00:00.0;0.06562394854961069
2022-01-01T04:00:00.0;0.06318866833090864
2022-01-01T05:00:00.0;0.06161441034313747
2022-01-01T06:00:00.0;0.06172433596634103
2022-01-01T07:00:00.0;0.06276283925445492
2022-01-01T08:00:00.0;0.06422696639458043
2022-01-01T09:00:00.0;0.06285884282356528
2022-01-01T10:00:00.0;0.05868154429509934
2022-01-01T11:00:00.0;0.05595538200111835
2022-01-01T12:00:00.0;0.056125614305914694
2022-01-01T13:00:00.0;0.05724013760263948
2022-01-01T14:00:00.0;0.0611017111655386
2022-01-01T15:00:00.0;0.06521876166914384
2022-01-01T16:00:00.0;0.07222759072054445
2022-01-01T17:00:00.0;0.0815414744189216
2022-01-01T18:00:00.0;0.08410100143079936
2022-01-01T19:00:00.0;0.08533015580278244
2022-01-01T20:00:00.0;0.0857220022384135
2022-01-01T21:00:00.0;0.0856515375392443
2022-01-01T22:00:00.0;0.08360712660184169
2022-01-01T23:00:00.0;0.0803697610483641
2022-01-02T00:00:00.0;0.07473591579250632
2022-01-02T01:00:00.0;0.07076050753407462
2022-01-02T02:00:00.0;0.06760839221459357
2022-01-02T03:00:00.0;0.06469654893643402
2022-01-02T04:00:00.0;0.06245643683489487
2022-01-02T05:00:00.0;0.06123068412253786
2022-01-02T06:00:00.0;0.06210322067575157
2022-01-02T07:00:00.0;0.06361946544639874
2022-01-02T08:00:00.0;0.06513882854897803
2022-01-02T09:00:00.0;0.06285457725618429
2022-01-02T10:00:00.0;0.05751113532303704
2022-01-02T11:00:00.0;0.05416568908394711
2022-01-02T12:00:00.0;0.05399091508193024
2022-01-02T13:00:00.0;0.0556720478415994
2022-01-02T14:00:00.0;0.05973002288028718
2022-01-02T15:00:00.0;0.0649474970635639
2022-01-02T16:00:00.0;0.07257470190369257
2022-01-02T17:00:00.0;0.0823902174717727
2022-01-02T18:00:00.0;0.08467383862249697
2022-01-02T19:00:00.0;0.0855830245536885
2022-01-02T20:00:00.0;0.08563787426699901
2022-01-02T21:00:00.0;0.08478788188066838
2022-01-02T22:00:00.0;0.08279621414965717
2022-01-02T23:00:00.0;0.07973409527202037
2022-01-03T00:00:00.0;0.07666225246384963
2022-01-03T01:00:00.0;0.07273773633862383
2022-01-03T02:00:00.0;0.06956589898412185
2022-01-03T03:00:00.0;0.06664616691151024
2022-01-03T04:00:00.0;0.06441570809462623
2022-01-03T05:00:00.0;0.06341846004231523
2022-01-03T06:00:00.0;0.0648474145060974
2022-01-03T07:00:00.0;0.06717458646972344
2022-01-03T08:00:00.0;0.06894142696801632
2022-01-03T09:00:00.0;0.06680788079625938
2022-01-03T10:00:00.0;0.061788917227499865
2022-01-03T11:00:00.0;0.05859827516344002
2022-01-03T12:00:00.0;0.058137723240769545
2022-01-03T13:00:00.0;0.05932918223995002
2022-01-03T14:00:00.0;0.06254146027536217
2022-01-03T15:00:00.0;0.06733614854087497
2022-01-03T16:00:00.0;0.07439841888901275
2022-01-03T17:00:00.0;0.0842123751606006
2022-01-03T18:00:00.0;0.08691786968306635
2022-01-03T19:00:00.0;0.08794960832821545
2022-01-03T20:00:00.0;0.08788812745029974
2022-01-03T21:00:00.0;0.0867406096783487
2022-01-03T22:00:00.0;0.08449122255480557
2022-01-03T23:00:00.0;0.08133056895614571
2022-01-04T00:00:00.0;0.07721594097470154
2022-01-04T01:00:00.0;0.07280659482249963
2022-01-04T02:00:00.0;0.06971510438804904
2022-01-04T03:00:00.0;0.06690856673867633
2022-01-04T04:00:00.0;0.06410780398878864
2022-01-04T05:00:00.0;0.06188335963017316
2022-01-04T06:00:00.0;0.06062291982989229
2022-01-04T07:00:00.0;0.060694478421311905
2022-01-04T08:00:00.0;0.061733097585392
2022-01-04T09:00:00.0;0.06170386187622075
2022-01-04T10:00:00.0;0.05954518708059621
2022-01-04T11:00:00.0;0.05796526727272636
2022-01-04T12:00:00.0;0.058698069709588074
2022-01-04T13:00:00.0;0.05884425631400106
2022-01-04T14:00:00.0;0.06246891640732456
2022-01-04T15:00:00.0;0.06491990465214192
2022-01-04T16:00:00.0;0.0711057656358218
2022-01-04T17:00:00.0;0.07940238940787857
2022-01-04T18:00:00.0;0.0825633485225878
2022-01-04T19:00:00.0;0.08434413722735455
2022-01-04T20:00:00.0;0.08527285159238827
2022-01-04T21:00:00.0;0.0866127957379379
2022-01-04T22:00:00.0;0.08443424328357507
2022-01-04T23:00:00.0;0.0809282106427742
2022-01-05T00:00:00.0;0.0785962828831592
2022-01-05T01:00:00.0;0.07473252368282272
2022-01-05T02:00:00.0;0.07154870013926196
2022-01-05T03:00:00.0;0.06862394518780235
2022-01-05T04:00:00.0;0.06635885980576657
2022-01-05T05:00:00.0;0.06552655472296195
2022-01-05T06:00:00.0;0.0674127742196785
2022-01-05T07:00:00.0;0.07044395460276423
2022-01-05T08:00:00.0;0.07223893659108285
2022-01-05T09:00:00.0;0.07021616086375805
2022-01-05T10:00:00.0;0.06569698479122453
2022-01-05T11:00:00.0;0.06280446421027881
2022-01-05T12:00:00.0;0.06206106472323918
2022-01-05T13:00:00.0;0.06266458933934406
2022-01-05T14:00:00.0;0.06502120990120494
2022-01-05T15:00:00.0;0.06938526040623945
2022-01-05T16:00:00.0;0.07593513240513912
2022-01-05T17:00:00.0;0.08557811872878442
2022-01-05T18:00:00.0;0.088855201634194
2022-01-05T19:00:00.0;0.09005823787984513
2022-01-05T20:00:00.0;0.08988519100894218
2022-01-05T21:00:00.0;0.08856591138786542
2022-01-05T22:00:00.0;0.0860053427423241
2022-01-05T23:00:00.0;0.08274055238284686
2022-01-06T00:00:00.0;0.07632627868791948
2022-01-06T01:00:00.0;0.07207759110697312
2022-01-06T02:00:00.0;0.06896015192002554
2022-01-06T03:00:00.0;0.06611287534387644
2022-01-06T04:00:00.0;0.06353849215757591
2022-01-06T05:00:00.0;0.06171677267449604
2022-01-06T06:00:00.0;0.0613051360318309
2022-01-06T07:00:00.0;0.06197561933174698
2022-01-06T08:00:00.0;0.06327779776802465
2022-01-06T09:00:00.0;0.06241925607568212
2022-01-06T10:00:00.0;0.05901024748652253
2022-01-06T11:00:00.0;0.05672034607452623
2022-01-06T12:00:00.0;0.05710469305834303
2022-01-06T13:00:00.0;0.057850666572133586
2022-01-06T14:00:00.0;0.06162207066352648
2022-01-06T15:00:00.0;0.06510501642989927
2022-01-06T16:00:00.0;0.07180062312266407
2022-01-06T17:00:00.0;0.08072733681291419
2022-01-06T18:00:00.0;0.08351576940351112
2022-01-06T19:00:00.0;0.08495487627984612
2022-01-06T20:00:00.0;0.08555105511392574
2022-01-06T21:00:00.0;0.0860173932413941
2022-01-06T22:00:00.0;0.083921927926572
2022-01-06T23:00:00.0;0.08058230744719812
2022-01-07T00:00:00.0;0.07614251135581564
2022-01-07T01:00:00.0;0.0720291017134635
2022-01-07T02:00:00.0;0.06888927203878023
2022-01-07T03:00:00.0;0.06601027791030968
2022-01-07T04:00:00.0;0.06359657209679535
2022-01-07T05:00:00.0;0.0621171035877022
2022-01-07T06:00:00.0;0.06245410830647655
2022-01-07T07:00:00.0;0.06374779873784578
2022-01-07T08:00:00.0;0.06525408882163868
2022-01-07T09:00:00.0;0.06380292726064107
2022-01-07T10:00:00.0;0.059583295497242506
2022-01-07T11:00:00.0;0.05683666196283906
2022-01-07T12:00:00.0;0.056889985540990805
2022-01-07T13:00:00.0;0.057938118195026964
2022-01-07T14:00:00.0;0.06160620762392198
2022-01-07T15:00:00.0;0.06575368074675828
2022-01-07T16:00:00.0;0.07270291712532864
2022-01-07T17:00:00.0;0.08205827608215795
2022-01-07T18:00:00.0;0.08471043748029913
2022-01-07T19:00:00.0;0.08593666845524263
2022-01-07T20:00:00.0;0.08625637867962505
2022-01-07T21:00:00.0;0.08602661655217529
2022-01-07T22:00:00.0;0.08391580450363982
2022-01-07T23:00:00.0;0.08067470641632021
2022-01-08T00:00:00.0;0.07765441956931485
2022-01-08T01:00:00.0;0.07359091440650695
2022-01-08T02:00:00.0;0.07044131289869711
2022-01-08T03:00:00.0;0.06755784247418675
2022-01-08T04:00:00.0;0.06511975502190209
2022-01-08T05:00:00.0;0.06377534035745559
2022-01-08T06:00:00.0;0.06448333186177847
2022-01-08T07:00:00.0;0.06633915673905137
2022-01-08T08:00:00.0;0.06787097691565153
2022-01-08T09:00:00.0;0.06649646998370523
2022-01-08T10:00:00.0;0.06265451171734158
2022-01-08T11:00:00.0;0.06013361672349521
2022-01-08T12:00:00.0;0.059959716182176555
2022-01-08T13:00:00.0;0.060552442611925605
2022-01-08T14:00:00.0;0.06354847842687981
2022-01-08T15:00:00.0;0.06736995280562617
2022-01-08T16:00:00.0;0.07392212639984627
2022-01-08T17:00:00.0;0.08315087292763353
2022-01-08T18:00:00.0;0.08624846817982208
2022-01-08T19:00:00.0;0.08760525242343292
2022-01-08T20:00:00.0;0.08783284550448044
2022-01-08T21:00:00.0;0.08745664605692478
2022-01-08T22:00:00.0;0.08510180418617302
2022-01-08T23:00:00.0;0.08178081154376499
2022-01-09T00:00:00.0;0.07451274225672544
2022-01-09T01:00:00.0;0.07051566895871052
2022-01-09T02:00:00.0;0.06740919347395449
2022-01-09T03:00:00.0;0.06452390844862527
2022-01-09T04:00:00.0;0.06202703875015813
2022-01-09T05:00:00.0;0.06035033075244288
2022-01-09T06:00:00.0;0.060397479640774
2022-01-09T07:00:00.0;0.061062491597394845
2022-01-09T08:00:00.0;0.06151700490860125
2022-01-09T09:00:00.0;0.05927749696713087
2022-01-09T10:00:00.0;0.05495939964712412
2022-01-09T11:00:00.0;0.052387192112975656
2022-01-09T12:00:00.0;0.05240904138475508
2022-01-09T13:00:00.0;0.053630418622984434
2022-01-09T14:00:00.0;0.057833204095651604
2022-01-09T15:00:00.0;0.0628187728356738
2022-01-09T16:00:00.0;0.07066458765210437
2022-01-09T17:00:00.0;0.07958026083040604
2022-01-09T18:00:00.0;0.08248795771440946
2022-01-09T19:00:00.0;0.08367158150360679
2022-01-09T20:00:00.0;0.08387954514202935
2022-01-09T21:00:00.0;0.08390296265391986
2022-01-09T22:00:00.0;0.08173293990960809
2022-01-09T23:00:00.0;0.07862359891252309
2022-01-10T00:00:00.0;0.07628856439044239
2022-01-10T01:00:00.0;0.07227870670406511
2022-01-10T02:00:00.0;0.06930559856815521
2022-01-10T03:00:00.0;0.06629515249679765
2022-01-10T04:00:00.0;0.06385298853127877
2022-01-10T05:00:00.0;0.06262449836872443
2022-01-10T06:00:00.0;0.06306616251938554
2022-01-10T07:00:00.0;0.06174402519505074
2022-01-10T08:00:00.0;0.058542962999039196
2022-01-10T09:00:00.0;0.05625178718293009
2022-01-10T10:00:00.0;0.05396162148313826
2022-01-10T11:00:00.0;0.053360322134239815
2022-01-10T12:00:00.0;0.054778048161746244
2022-01-10T13:00:00.0;0.055783661151154275
2022-01-10T14:00:00.0;0.05972442380501269
2022-01-10T15:00:00.0;0.06213606460592901
2022-01-10T16:00:00.0;0.06953598330973512
2022-01-10T17:00:00.0;0.07679122084193887
2022-01-10T18:00:00.0;0.08190699734025024
2022-01-10T19:00:00.0;0.08444496720732879
2022-01-10T20:00:00.0;0.08478826919926252
2022-01-10T21:00:00.0;0.08500556949004122
2022-01-10T22:00:00.0;0.08226461441718252
2022-01-10T23:00:00.0;0.07856898806390485
2022-01-11T00:00:00.0;0.07718352096748428
2022-01-11T01:00:00.0;0.07290982166047746
2022-01-11T02:00:00.0;0.06989874021992723
2022-01-11T03:00:00.0;0.06700040657496686
2022-01-11T04:00:00.0;0.06427648874379166
2022-01-11T05:00:00.0;0.062389024085726975
2022-01-11T06:00:00.0;0.06161672590209531
2022-01-11T07:00:00.0;0.06058122870761077
2022-01-11T08:00:00.0;0.05910407535912725
2022-01-11T09:00:00.0;0.05826286530848699
2022-01-11T10:00:00.0;0.05671416200318494
2022-01-11T11:00:00.0;0.05606981566218338
2022-01-11T12:00:00.0;0.0573762588322443
2022-01-11T13:00:00.0;0.05767532190395123
2022-01-11T14:00:00.0;0.061396589276643855
2022-01-11T15:00:00.0;0.06326141967219634
2022-01-11T16:00:00.0;0.06984776238550633
2022-01-11T17:00:00.0;0.07721737621329137
2022-01-11T18:00:00.0;0.08167551766987423
2022-01-11T19:00:00.0;0.08406666523702165
2022-01-11T20:00:00.0;0.08484968741521026
2022-01-11T21:00:00.0;0.0860392008549314
2022-01-11T22:00:00.0;0.08350061685890568
2022-01-11T23:00:00.0;0.07979755131539418
2022-01-12T00:00:00.0;0.07760505229413553
2022-01-12T01:00:00.0;0.07320708158533915
2022-01-12T02:00:00.0;0.07017811443067386
2022-01-12T03:00:00.0;0.06733258658774412
2022-01-12T04:00:00.0;0.06447596055169513
2022-01-12T05:00:00.0;0.062278113914831026
2022-01-12T06:00:00.0;0.060934030276568164
2022-01-12T07:00:00.0;0.060033542754403854
2022-01-12T08:00:00.0;0.05936836353088427
2022-01-12T09:00:00.0;0.05921009833857134
2022-01-12T10:00:00.0;0.05801062943729407
2022-01-12T11:00:00.0;0.05734600763695174
2022-01-12T12:00:00.0;0.058600035738241844
2022-01-12T13:00:00.0;0.058566308446936624
2022-01-12T14:00:00.0;0.06218419187962926
2022-01-12T15:00:00.0;0.06379147043243022
2022-01-12T16:00:00.0;0.06999461269177072
2022-01-12T17:00:00.0;0.07741809862111984
2022-01-12T18:00:00.0;0.08156648899178023
2022-01-12T19:00:00.0;0.08388848214355199
2022-01-12T20:00:00.0;0.08487861586013502
2022-01-12T21:00:00.0;0.08652604905705386
2022-01-12T22:00:00.0;0.08408278337107979
2022-01-12T23:00:00.0;0.08037621391261986
2022-01-13T00:00:00.0;0.07729681972399872
2022-01-13T01:00:00.0;0.07298971887740784
2022-01-13T02:00:00.0;0.06997383013300974
2022-01-13T03:00:00.0;0.06708968957721867
2022-01-13T04:00:00.0;0.06433010257120204
2022-01-13T05:00:00.0;0.062359213764043075
2022-01-13T06:00:00.0;0.06143323167388563
2022-01-13T07:00:00.0;0.06043402224029616
2022-01-13T08:00:00.0;0.05917511046216318
2022-01-13T09:00:00.0;0.058517461628268354
2022-01-13T10:00:00.0;0.05706262518696051
2022-01-13T11:00:00.0;0.056412829228846696
2022-01-13T12:00:00.0;0.05770518433062209
2022-01-13T13:00:00.0;0.057914800350768694
2022-01-13T14:00:00.0;0.06160828029437837
2022-01-13T15:00:00.0;0.06340388617047801
2022-01-13T16:00:00.0;0.06988723265981713
2022-01-13T17:00:00.0;0.0772713261756636
2022-01-13T18:00:00.0;0.08164621305389089
2022-01-13T19:00:00.0;0.0840187733683855
2022-01-13T20:00:00.0;0.08485746277288987
2022-01-13T21:00:00.0;0.0861700554140693
2022-01-13T22:00:00.0;0.08365709097540296
2022-01-13T23:00:00.0;0.07995308365323471
2022-01-14T00:00:00.0;0.07712211276206271
2022-01-14T01:00:00.0;0.07286651717187746
2022-01-14T02:00:00.0;0.06985804130186743
2022-01-14T03:00:00.0;0.06695201496757763
2022-01-14T04:00:00.0;0.06424742991712543
2022-01-14T05:00:00.0;0.062405181353590855
2022-01-14T06:00:00.0;0.06171618022627528
2022-01-14T07:00:00.0;0.060661014975901255
2022-01-14T08:00:00.0;0.0590655741581117
2022-01-14T09:00:00.0;0.05812487347533992
2022-01-14T10:00:00.0;0.05652529409828062
2022-01-14T11:00:00.0;0.05588390146319247
2022-01-14T12:00:00.0;0.05719798040100483
2022-01-14T13:00:00.0;0.05754552399523073
2022-01-14T14:00:00.0;0.061281852223009144
2022-01-14T15:00:00.0;0.06318420247881029
2022-01-14T16:00:00.0;0.06982636939949756
2022-01-14T17:00:00.0;0.0771881352006469
2022-01-14T18:00:00.0;0.08169140084400134
2022-01-14T19:00:00.0;0.08409262274792212
2022-01-14T20:00:00.0;0.08484547315217417
2022-01-14T21:00:00.0;0.08596827736119592
2022-01-14T22:00:00.0;0.0834158075019045
2022-01-14T23:00:00.0;0.07971325240474735
2022-01-15T00:00:00.0;0.07762499077178221
2022-01-15T01:00:00.0;0.07322114201215059
2022-01-15T02:00:00.0;0.07019132886126027
2022-01-15T03:00:00.0;0.06734829873851604
2022-01-15T04:00:00.0;0.06448539558992734
2022-01-15T05:00:00.0;0.06227286785167181
2022-01-15T06:00:00.0;0.06090173869914923
2022-01-15T07:00:00.0;0.06000763714918544
2022-01-15T08:00:00.0;0.059380864390183925
2022-01-15T09:00:00.0;0.059254902564028517
2022-01-15T10:00:00.0;0.05807195248808606
2022-01-15T11:00:00.0;0.05740637165630933
2022-01-15T12:00:00.0;0.05865792051913965
2022-01-15T13:00:00.0;0.05860845220742993
2022-01-15T14:00:00.0;0.06222144556850419
2022-01-15T15:00:00.0;0.0638165418911009
2022-01-15T16:00:00.0;0.070001558727246
2022-01-15T17:00:00.0;0.07742759281286465
2022-01-15T18:00:00.0;0.08156133192343541
2022-01-15T19:00:00.0;0.0838800540638304
2022-01-15T20:00:00.0;0.08487998417872968
2022-01-15T21:00:00.0;0.086549077030022
2022-01-15T22:00:00.0;0.08411031991049157
2022-01-15T23:00:00.0;0.08040358471647309
2022-01-16T00:00:00.0;0.07732247812699142
2022-01-16T01:00:00.0;0.07288485565160574
2022-01-16T02:00:00.0;0.06980407821373902
2022-01-16T03:00:00.0;0.06700778285600327
2022-01-16T04:00:00.0;0.06413418246291136
2022-01-16T05:00:00.0;0.06178100891778586
2022-01-16T06:00:00.0;0.06026749347192574
2022-01-16T07:00:00.0;0.06012127189004976
2022-01-16T08:00:00.0;0.06096338561987587
2022-01-16T09:00:00.0;0.061070325275016525
2022-01-16T10:00:00.0;0.059256662041963726
2022-01-16T11:00:00.0;0.057900509560998875
2022-01-16T12:00:00.0;0.05871646419288112
2022-01-16T13:00:00.0;0.058701830393088884
2022-01-16T14:00:00.0;0.06232466892910972
2022-01-16T15:00:00.0;0.06458050377241933
2022-01-16T16:00:00.0;0.07071855641857856
2022-01-16T17:00:00.0;0.07878543838570991
2022-01-16T18:00:00.0;0.08209565417311819
2022-01-16T19:00:00.0;0.08396988489583662
2022-01-16T20:00:00.0;0.08497291703809445
2022-01-16T21:00:00.0;0.08657681814062579
2022-01-16T22:00:00.0;0.08435926424669558
2022-01-16T23:00:00.0;0.08082032845000293
2022-01-17T00:00:00.0;0.07733854927441944
2022-01-17T01:00:00.0;0.07292718295496071
2022-01-17T02:00:00.0;0.06985188053252506
2022-01-17T03:00:00.0;0.06703695687050967
2022-01-17T04:00:00.0;0.06421562968209564
2022-01-17T05:00:00.0;0.06198564883751201
2022-01-17T06:00:00.0;0.06067911024440019
2022-01-17T07:00:00.0;0.06049312490289617
2022-01-17T08:00:00.0;0.06110392821487635
2022-01-17T09:00:00.0;0.06106779237475271
2022-01-17T10:00:00.0;0.05918305510810421
2022-01-17T11:00:00.0;0.05785002801208865
2022-01-17T12:00:00.0;0.05872174911226155
2022-01-17T13:00:00.0;0.05880558760981498
2022-01-17T14:00:00.0;0.062424171708012996
2022-01-17T15:00:00.0;0.06463624315641055
2022-01-17T16:00:00.0;0.07081105838540873
2022-01-17T17:00:00.0;0.07887357854623255
2022-01-17T18:00:00.0;0.082289075836947
2022-01-17T19:00:00.0;0.08421350362124055
2022-01-17T20:00:00.0;0.08516733897726178
2022-01-17T21:00:00.0;0.08660929346187064
2022-01-17T22:00:00.0;0.08436300755791314
2022-01-17T23:00:00.0;0.08080255603105811
2022-01-18T00:00:00.0;0.07808602995452471
2022-01-18T01:00:00.0;0.07354626250535112
2022-01-18T02:00:00.0;0.07049688730889735
2022-01-18T03:00:00.0;0.06771161219099624
2022-01-18T04:00:00.0;0.0647035628137647
2022-01-18T05:00:00.0;0.062151562669079764
2022-01-18T06:00:00.0;0.0601550576973946
2022-01-18T07:00:00.0;0.05940861954764199
2022-01-18T08:00:00.0;0.05966992286582167
2022-01-18T09:00:00.0;0.060290914633466225
2022-01-18T10:00:00.0;0.05948993081729446
2022-01-18T11:00:00.0;0.05880217421680687
2022-01-18T12:00:00.0;0.059996395429373406
2022-01-18T13:00:00.0;0.05958294611011538
2022-01-18T14:00:00.0;0.06308286591249364
2022-01-18T15:00:00.0;0.06439627144821743
2022-01-18T16:00:00.0;0.07016217252011277
2022-01-18T17:00:00.0;0.07764712784860806
2022-01-18T18:00:00.0;0.08144208457581056
2022-01-18T19:00:00.0;0.08368517083072788
2022-01-18T20:00:00.0;0.08491162393066004
2022-01-18T21:00:00.0;0.087081554886435
2022-01-18T22:00:00.0;0.08474704974769026
2022-01-18T23:00:00.0;0.08103648223568713
2022-01-19T00:00:00.0;0.0785098900255405
2022-01-19T01:00:00.0;0.07420137901134556
2022-01-19T02:00:00.0;0.07109182935921983
2022-01-19T03:00:00.0;0.06826819372396557
2022-01-19T04:00:00.0;0.06551142114778195
2022-01-19T05:00:00.0;0.06355005594841981
2022-01-19T06:00:00.0;0.06293352913753414
2022-01-19T07:00:00.0;0.06377056399522524
2022-01-19T08:00:00.0;0.0649162460292573
2022-01-19T09:00:00.0;0.06471274180433569
2022-01-19T10:00:00.0;0.06256281822212352
2022-01-19T11:00:00.0;0.06099955473653195
2022-01-19T12:00:00.0;0.06139040526630427
2022-01-19T13:00:00.0;0.0612483321850732
2022-01-19T14:00:00.0;0.06422174497095176
2022-01-19T15:00:00.0;0.06665071093169223
2022-01-19T16:00:00.0;0.07258120416885444
2022-01-19T17:00:00.0;0.08093941204685795
2022-01-19T18:00:00.0;0.08444781600850011
2022-01-19T19:00:00.0;0.08625932147431739
2022-01-19T20:00:00.0;0.08699090147848194
2022-01-19T21:00:00.0;0.08791194107765467
2022-01-19T22:00:00.0;0.08550602994030487
2022-01-19T23:00:00.0;0.08196814255501252
2022-01-20T00:00:00.0;0.0793157535662299
2022-01-20T01:00:00.0;0.07547459629904553
2022-01-20T02:00:00.0;0.07228631382270717
2022-01-20T03:00:00.0;0.0693596903307946
2022-01-20T04:00:00.0;0.0670817236630079
2022-01-20T05:00:00.0;0.06631077833429692
2022-01-20T06:00:00.0;0.06836710311079862
2022-01-20T07:00:00.0;0.07166017876366867
2022-01-20T08:00:00.0;0.07346562955167592
2022-01-20T09:00:00.0;0.07148406108072307
2022-01-20T10:00:00.0;0.06715080889424108
2022-01-20T11:00:00.0;0.06436919125719566
2022-01-20T12:00:00.0;0.06352057081379993
2022-01-20T13:00:00.0;0.06390538038386992
2022-01-20T14:00:00.0;0.0659436913365209
2022-01-20T15:00:00.0;0.0701475420636233
2022-01-20T16:00:00.0;0.07650679886503177
2022-01-20T17:00:00.0;0.08608618336318215
2022-01-20T18:00:00.0;0.08957590050650549
2022-01-20T19:00:00.0;0.0908426604663294
2022-01-20T20:00:00.0;0.09062811039031625
2022-01-20T21:00:00.0;0.0892449343518501
2022-01-20T22:00:00.0;0.08656860435118442
2022-01-20T23:00:00.0;0.08326507450462879
2022-01-21T00:00:00.0;0.07708628565364727
2022-01-21T01:00:00.0;0.07284353292020466
2022-01-21T02:00:00.0;0.06977838242922683
2022-01-21T03:00:00.0;0.06690144214651354
2022-01-21T04:00:00.0;0.06425308121981417
2022-01-21T05:00:00.0;0.062445988064288374
2022-01-21T06:00:00.0;0.06196849697068832
2022-01-21T07:00:00.0;0.061902095978970256
2022-01-21T08:00:00.0;0.061766454677049075
2022-01-21T09:00:00.0;0.06089660593600932
2022-01-21T10:00:00.0;0.05849304619778146
2022-01-21T11:00:00.0;0.057085101235524634
2022-01-21T12:00:00.0;0.05788372441213136
2022-01-21T13:00:00.0;0.058317330390820724
2022-01-21T14:00:00.0;0.06191309839210626
2022-01-21T15:00:00.0;0.06451999097007141
2022-01-21T16:00:00.0;0.07108946313255768
2022-01-21T17:00:00.0;0.07919874189079278
2022-01-21T18:00:00.0;0.08294888646633942
2022-01-21T19:00:00.0;0.08490298673420338
2022-01-21T20:00:00.0;0.0855624175414151
2022-01-21T21:00:00.0;0.08633484966072473
2022-01-21T22:00:00.0;0.08395438554078709
2022-01-21T23:00:00.0;0.0804127857914349
2022-01-22T00:00:00.0;0.07771628179692458
2022-01-22T01:00:00.0;0.07326787521789829
2022-01-22T02:00:00.0;0.0702231289661938
2022-01-22T03:00:00.0;0.06740381220809158
2022-01-22T04:00:00.0;0.06450284336987851
2022-01-22T05:00:00.0;0.06217928121059222
2022-01-22T06:00:00.0;0.06062216589606917
2022-01-22T07:00:00.0;0.05991076694580653
2022-01-22T08:00:00.0;0.05980315087278421
2022-01-22T09:00:00.0;0.05993136839811538
2022-01-22T10:00:00.0;0.05873493661182278
2022-01-22T11:00:00.0;0.057934262835869825
2022-01-22T12:00:00.0;0.05909475148235976
2022-01-22T13:00:00.0;0.05895539954583375
2022-01-22T14:00:00.0;0.06253359691176967
2022-01-22T15:00:00.0;0.06415771152580461
2022-01-22T16:00:00.0;0.07020782115323612
2022-01-22T17:00:00.0;0.07777466428176798
2022-01-22T18:00:00.0;0.0816631322111735
2022-01-22T19:00:00.0;0.08388221087599723
2022-01-22T20:00:00.0;0.08494515363356597
2022-01-22T21:00:00.0;0.0867295404285221
2022-01-22T22:00:00.0;0.0843607817883447
2022-01-22T23:00:00.0;0.08068089739414251
2022-01-23T00:00:00.0;0.07750134201670864
2022-01-23T01:00:00.0;0.07313394607363183
2022-01-23T02:00:00.0;0.07010937938046387
2022-01-23T03:00:00.0;0.06725085961016813
2022-01-23T04:00:00.0;0.06442688406501772
2022-01-23T05:00:00.0;0.06230540138759008
2022-01-23T06:00:00.0;0.06110199537962237
2022-01-23T07:00:00.0;0.06016829113147263
2022-01-23T08:00:00.0;0.05930334013195609
2022-01-23T09:00:00.0;0.05897704851729615
2022-01-23T10:00:00.0;0.057691656709135154
2022-01-23T11:00:00.0;0.057032023324552795
2022-01-23T12:00:00.0;0.05829894722024745
2022-01-23T13:00:00.0;0.05834709707232603
2022-01-23T14:00:00.0;0.061990416282672635
2022-01-23T15:00:00.0;0.0636610608805924
2022-01-23T16:00:00.0;0.06995848278862948
2022-01-23T17:00:00.0;0.0773687144465982
2022-01-23T18:00:00.0;0.08159331355673592
2022-01-23T19:00:00.0;0.08393232092109511
2022-01-23T20:00:00.0;0.0848714985313412
2022-01-23T21:00:00.0;0.08640626872540444
2022-01-23T22:00:00.0;0.08393955166641415
2022-01-23T23:00:00.0;0.08023384428383899
2022-01-24T00:00:00.0;0.075245703250057
2022-01-24T01:00:00.0;0.07154329084139398
2022-01-24T02:00:00.0;0.06861443164984327
2022-01-24T03:00:00.0;0.06547334494647832
2022-01-24T04:00:00.0;0.0633594987621612
2022-01-24T05:00:00.0;0.06289888819455244
2022-01-24T06:00:00.0;0.06475513957413809
2022-01-24T07:00:00.0;0.06309899067833252
2022-01-24T08:00:00.0;0.05788911867772038
2022-01-24T09:00:00.0;0.05390834920926378
2022-01-24T10:00:00.0;0.050754183693049224
2022-01-24T11:00:00.0;0.05020304547646314
2022-01-24T12:00:00.0;0.05175044546871606
2022-01-24T13:00:00.0;0.05357937600426521
2022-01-24T14:00:00.0;0.0577759087201554
2022-01-24T15:00:00.0;0.06082472828207619
2022-01-24T16:00:00.0;0.06917267821667492
2022-01-24T17:00:00.0;0.07629463711044772
2022-01-24T18:00:00.0;0.08217673238574516
2022-01-24T19:00:00.0;0.08488578906872965
2022-01-24T20:00:00.0;0.08471670073173372
2022-01-24T21:00:00.0;0.08380111554045361
2022-01-24T22:00:00.0;0.08082434463319477
2022-01-24T23:00:00.0;0.07713738690430604
2022-01-25T00:00:00.0;0.07744906674954652
2022-01-25T01:00:00.0;0.07309708204714967
2022-01-25T02:00:00.0;0.07007473341091991
2022-01-25T03:00:00.0;0.06720966504687957
2022-01-25T04:00:00.0;0.06440214701372357
2022-01-25T05:00:00.0;0.06231915566502573
2022-01-25T06:00:00.0;0.06118665835472875
2022-01-25T07:00:00.0;0.060236211183233135
2022-01-25T08:00:00.0;0.059270565023884905
2022-01-25T09:00:00.0;0.05885957952606883
2022-01-25T10:00:00.0;0.057530878192332054
2022-01-25T11:00:00.0;0.05687375922361125
2022-01-25T12:00:00.0;0.0581471832571369
2022-01-25T13:00:00.0;0.0582366033637269
2022-01-25T14:00:00.0;0.06189274350277341
2022-01-25T15:00:00.0;0.0635953278179495
2022-01-25T16:00:00.0;0.06994027147547799
2022-01-25T17:00:00.0;0.07734382230494406
2022-01-25T18:00:00.0;0.0816068345050388
2022-01-25T19:00:00.0;0.08395441789995761
2022-01-25T20:00:00.0;0.08486791103477472
2022-01-25T21:00:00.0;0.08634589333163352
2022-01-25T22:00:00.0;0.08386735558504933
2022-01-25T23:00:00.0;0.0801620827326703
2022-01-26T00:00:00.0;0.07838755148839315
2022-01-26T01:00:00.0;0.07396792506623003
2022-01-26T02:00:00.0;0.0709140178292757
2022-01-26T03:00:00.0;0.06810235152797525
2022-01-26T04:00:00.0;0.06509656368642688
2022-01-26T05:00:00.0;0.06258805428301538
2022-01-26T06:00:00.0;0.060602753668941196
2022-01-26T07:00:00.0;0.059981271392447265
2022-01-26T08:00:00.0;0.06032932201755192
2022-01-26T09:00:00.0;0.06051858000053938
2022-01-26T10:00:00.0;0.05943526841873741
2022-01-26T11:00:00.0;0.058542331901017916
2022-01-26T12:00:00.0;0.05950249869450713
2022-01-26T13:00:00.0;0.0592107276048195
2022-01-26T14:00:00.0;0.06252900208807793
2022-01-26T15:00:00.0;0.06418674232216877
2022-01-26T16:00:00.0;0.07004385264568774
2022-01-26T17:00:00.0;0.07741595806075187
2022-01-26T18:00:00.0;0.08142109526463888
2022-01-26T19:00:00.0;0.08400685094685666
2022-01-26T20:00:00.0;0.08558283569721638
2022-01-26T21:00:00.0;0.08764066669662346
2022-01-26T22:00:00.0;0.08524208360655681
2022-01-26T23:00:00.0;0.08139470356438094
2022-01-27T00:00:00.0;0.08012982324865978
2022-01-27T01:00:00.0;0.07629756381801599
2022-01-27T02:00:00.0;0.07312336437711438
2022-01-27T03:00:00.0;0.07020728162344644
2022-01-27T04:00:00.0;0.06780058386651906
2022-01-27T05:00:00.0;0.06690242815049388
2022-01-27T06:00:00.0;0.06878769429370137
2022-01-27T07:00:00.0;0.07202251269403817
2022-01-27T08:00:00.0;0.07340872714913883
2022-01-27T09:00:00.0;0.07154144959555457
2022-01-27T10:00:00.0;0.06790119867290155
2022-01-27T11:00:00.0;0.06559406073071394
2022-01-27T12:00:00.0;0.0647182704903026
2022-01-27T13:00:00.0;0.06463022800529329
2022-01-27T14:00:00.0;0.06634071715538656
2022-01-27T15:00:00.0;0.0702048158254407
2022-01-27T16:00:00.0;0.07639483882624717
2022-01-27T17:00:00.0;0.08551074674908965
2022-01-27T18:00:00.0;0.08951718520944112
2022-01-27T19:00:00.0;0.0909863246170479
2022-01-27T20:00:00.0;0.09080192036575202
2022-01-27T21:00:00.0;0.0897354476843843
2022-01-27T22:00:00.0;0.08684785521496387
2022-01-27T23:00:00.0;0.08347045454905568
2022-01-28T00:00:00.0;0.07525158687745029
2022-01-28T01:00:00.0;0.07153508870243547
2022-01-28T02:00:00.0;0.06849505004646322
2022-01-28T03:00:00.0;0.06559913207855857
2022-01-28T04:00:00.0;0.06336052988733168
2022-01-28T05:00:00.0;0.0621924406242826
2022-01-28T06:00:00.0;0.06255272963655785
2022-01-28T07:00:00.0;0.06254520048973602
2022-01-28T08:00:00.0;0.06187959342299
2022-01-28T09:00:00.0;0.058817908203493245
2022-01-28T10:00:00.0;0.05460141899992978
2022-01-28T11:00:00.0;0.05201376393102032
2022-01-28T12:00:00.0;0.05218285185683745
2022-01-28T13:00:00.0;0.05370522213323289
2022-01-28T14:00:00.0;0.05771973530807666
2022-01-28T15:00:00.0;0.06223867154393466
2022-01-28T16:00:00.0;0.06967999275942975
2022-01-28T17:00:00.0;0.07802812253425541
2022-01-28T18:00:00.0;0.08207841675307644
2022-01-28T19:00:00.0;0.08472451344024123
2022-01-28T20:00:00.0;0.08590270221614556
2022-01-28T21:00:00.0;0.08537070419010459
2022-01-28T22:00:00.0;0.08314273813523933
2022-01-28T23:00:00.0;0.07962328982395492
2022-01-29T00:00:00.0;0.07953574115883844
2022-01-29T01:00:00.0;0.0758106656353611
2022-01-29T02:00:00.0;0.07263822221222269
2022-01-29T03:00:00.0;0.06970527941780426
2022-01-29T04:00:00.0;0.06733818742229063
2022-01-29T05:00:00.0;0.06652869923513928
2022-01-29T06:00:00.0;0.06866540861917578
2022-01-29T07:00:00.0;0.07198124785782269
2022-01-29T08:00:00.0;0.07306899616017182
2022-01-29T09:00:00.0;0.07064699808264269
2022-01-29T10:00:00.0;0.06663007573058241
2022-01-29T11:00:00.0;0.06419714143179155
2022-01-29T12:00:00.0;0.06314673836527507
2022-01-29T13:00:00.0;0.06323011160264502
2022-01-29T14:00:00.0;0.06505098248728347
2022-01-29T15:00:00.0;0.0695048805232965
2022-01-29T16:00:00.0;0.0761175874527113
2022-01-29T17:00:00.0;0.08525415276901493
2022-01-29T18:00:00.0;0.08932267669388082
2022-01-29T19:00:00.0;0.09068863979628926
2022-01-29T20:00:00.0;0.09033273199298929
2022-01-29T21:00:00.0;0.08903889591475361
2022-01-29T22:00:00.0;0.08610698017719602
2022-01-29T23:00:00.0;0.0828178264659654
2022-01-30T00:00:00.0;0.07286635692782065
2022-01-30T01:00:00.0;0.06920414546687106
2022-01-30T02:00:00.0;0.06615832216359849
2022-01-30T03:00:00.0;0.06325490866398518
2022-01-30T04:00:00.0;0.06073467154676807
2022-01-30T05:00:00.0;0.059027732688598566
2022-01-30T06:00:00.0;0.058974422512868205
2022-01-30T07:00:00.0;0.05886087430220211
2022-01-30T08:00:00.0;0.057545996181358194
2022-01-30T09:00:00.0;0.05370375926817306
2022-01-30T10:00:00.0;0.04917636838721891
2022-01-30T11:00:00.0;0.046765155261037555
2022-01-30T12:00:00.0;0.046557214118073495
2022-01-30T13:00:00.0;0.04804024425152826
2022-01-30T14:00:00.0;0.052684153609340784
2022-01-30T15:00:00.0;0.05889785068238647
2022-01-30T16:00:00.0;0.06786081276776365
2022-01-30T17:00:00.0;0.07596987967954905
2022-01-30T18:00:00.0;0.07976804594858547
2022-01-30T19:00:00.0;0.08143924064232338
2022-01-30T20:00:00.0;0.08181508486479383
2022-01-30T21:00:00.0;0.08184562123535598
2022-01-30T22:00:00.0;0.07948300755209076
2022-01-30T23:00:00.0;0.07640723421477268
2022-01-31T00:00:00.0;0.08095427565823032
2022-01-31T01:00:00.0;0.07721412492552525
2022-01-31T02:00:00.0;0.07404406087405921
2022-01-31T03:00:00.0;0.07113303658601772
2022-01-31T04:00:00.0;0.06887224310395164
2022-01-31T05:00:00.0;0.06841331979992886
2022-01-31T06:00:00.0;0.07087841334468842
2022-01-31T07:00:00.0;0.07456012692767378
2022-01-31T08:00:00.0;0.07591834114733456
2022-01-31T09:00:00.0;0.07371748650259813
2022-01-31T10:00:00.0;0.06981859148182044
2022-01-31T11:00:00.0;0.06735562662037145
2022-01-31T12:00:00.0;0.0662242330598243
2022-01-31T13:00:00.0;0.06600833245788387
2022-01-31T14:00:00.0;0.06722558542495073
2022-01-31T15:00:00.0;0.07108004336296193
2022-01-31T16:00:00.0;0.07705954739313747
2022-01-31T17:00:00.0;0.08635968800948864
2022-01-31T18:00:00.0;0.09071656358250461
2022-01-31T19:00:00.0;0.09238839016004459
2022-01-31T20:00:00.0;0.0922835406421103
2022-01-31T21:00:00.0;0.09070233379409806
2022-01-31T22:00:00.0;0.0877128102112677
2022-01-31T23:00:00.0;0.08426634137544142
2022-02-01T00:00:00.0;0.08251460755374748
2022-02-01T01:00:00.0;0.0787739412248188
2022-02-01T02:00:00.0;0.07556583379211831
2022-02-01T03:00:00.0;0.07263090254254523
2022-02-01T04:00:00.0;0.07029566411475732
2022-02-01T05:00:00.0;0.06979753170069887
2022-02-01T06:00:00.0;0.07261016519879587
2022-02-01T07:00:00.0;0.07706765901042402
2022-02-01T08:00:00.0;0.07891965535256772
2022-02-01T09:00:00.0;0.07712129934525198
2022-02-01T10:00:00.0;0.07361468732391521
2022-02-01T11:00:00.0;0.07132615763704006
2022-02-01T12:00:00.0;0.07000971204978496
2022-02-01T13:00:00.0;0.06942208797717654
2022-02-01T14:00:00.0;0.07004515577031409
2022-02-01T15:00:00.0;0.07353673883940656
2022-02-01T16:00:00.0;0.0790484973355697
2022-02-01T17:00:00.0;0.08834510039747105
2022-02-01T18:00:00.0;0.09278021517246729
2022-02-01T19:00:00.0;0.09433029850039712
2022-02-01T20:00:00.0;0.09393122013673379
2022-02-01T21:00:00.0;0.0922639528706977
2022-02-01T22:00:00.0;0.08907293383383731
2022-02-01T23:00:00.0;0.08559716352546581
2022-02-02T00:00:00.0;0.07218565789375193
2022-02-02T01:00:00.0;0.0685455245909205
2022-02-02T02:00:00.0;0.06552125306311277
2022-02-02T03:00:00.0;0.06256022762700363
2022-02-02T04:00:00.0;0.06003647503989344
2022-02-02T05:00:00.0;0.05842579665967318
2022-02-02T06:00:00.0;0.058760112084787125
2022-02-02T07:00:00.0;0.05832980926969536
2022-02-02T08:00:00.0;0.05583237003297054
2022-02-02T09:00:00.0;0.05155367909892027
2022-02-02T10:00:00.0;0.047090423242595006
2022-02-02T11:00:00.0;0.045133434433534146
2022-02-02T12:00:00.0;0.045134001252980095
2022-02-02T13:00:00.0;0.046718253859415707
2022-02-02T14:00:00.0;0.051576456473453575
2022-02-02T15:00:00.0;0.05792099366881632
2022-02-02T16:00:00.0;0.06748337408900365
2022-02-02T17:00:00.0;0.07535845944933663
2022-02-02T18:00:00.0;0.07945390008920881
2022-02-02T19:00:00.0;0.0808112167464705
2022-02-02T20:00:00.0;0.08057477856939574
2022-02-02T21:00:00.0;0.08053128157457723
2022-02-02T22:00:00.0;0.07797875738879813
2022-02-02T23:00:00.0;0.07501599963172341
2022-02-03T00:00:00.0;0.07693944129816631
2022-02-03T01:00:00.0;0.07299289111204636
2022-02-03T02:00:00.0;0.06992033961605827
2022-02-03T03:00:00.0;0.067041384895464
2022-02-03T04:00:00.0;0.06425615244467824
2022-02-03T05:00:00.0;0.06234431011136647
2022-02-03T06:00:00.0;0.06201604301006447
2022-02-03T07:00:00.0;0.06254862590542745
2022-02-03T08:00:00.0;0.06203870770633373
2022-02-03T09:00:00.0;0.060019766245633085
2022-02-03T10:00:00.0;0.05734410115268376
2022-02-03T11:00:00.0;0.05587415071244575
2022-02-03T12:00:00.0;0.05583038807381376
2022-02-03T13:00:00.0;0.055968462927051085
2022-02-03T14:00:00.0;0.05922709580719126
2022-02-03T15:00:00.0;0.06325681355692989
2022-02-03T16:00:00.0;0.07055725542103278
2022-02-03T17:00:00.0;0.07829543719257194
2022-02-03T18:00:00.0;0.08259327068640064
2022-02-03T19:00:00.0;0.0845287311445263
2022-02-03T20:00:00.0;0.08504340491245028
2022-02-03T21:00:00.0;0.08575815461482757
2022-02-03T22:00:00.0;0.08304997117165118
2022-02-03T23:00:00.0;0.07963198216716263
2022-02-04T00:00:00.0;0.08107556149777108
2022-02-04T01:00:00.0;0.07739183429301008
2022-02-04T02:00:00.0;0.07421731916349314
2022-02-04T03:00:00.0;0.07129011551288575
2022-02-04T04:00:00.0;0.06893645339903777
2022-02-04T05:00:00.0;0.06834467172459245
2022-02-04T06:00:00.0;0.07084716112472876
2022-02-04T07:00:00.0;0.07465137838971186
2022-02-04T08:00:00.0;0.07574786533512767
2022-02-04T09:00:00.0;0.07339834043476434
2022-02-04T10:00:00.0;0.0697180969328371
2022-02-04T11:00:00.0;0.06747026039128269
2022-02-04T12:00:00.0;0.06621967760324694
2022-02-04T13:00:00.0;0.06585163863970317
2022-02-04T14:00:00.0;0.06698162029217622
2022-02-04T15:00:00.0;0.07102327189197452
2022-02-04T16:00:00.0;0.07717164302156196
2022-02-04T17:00:00.0;0.08622339137604089
2022-02-04T18:00:00.0;0.09077640944310293
2022-02-04T19:00:00.0;0.0923669530168992
2022-02-04T20:00:00.0;0.09204001954277559
2022-02-04T21:00:00.0;0.09055992153398845
2022-02-04T22:00:00.0;0.08741541750476485
2022-02-04T23:00:00.0;0.08401388479099273
2022-02-05T00:00:00.0;0.07542535720368612
2022-02-05T01:00:00.0;0.07183480069951328
2022-02-05T02:00:00.0;0.06876638448563653
2022-02-05T03:00:00.0;0.06587065390226397
2022-02-05T04:00:00.0;0.06352466299013514
2022-02-05T05:00:00.0;0.06258301390139681
2022-02-05T06:00:00.0;0.06383171069200637
2022-02-05T07:00:00.0;0.06518579202039743
2022-02-05T08:00:00.0;0.06421367364799922
2022-02-05T09:00:00.0;0.060268617937874705
2022-02-05T10:00:00.0;0.05562397429844253
2022-02-05T11:00:00.0;0.05317953863307481
2022-02-05T12:00:00.0;0.05238150612795643
2022-02-05T13:00:00.0;0.05315481928548696
2022-02-05T14:00:00.0;0.05642921462766125
2022-02-05T15:00:00.0;0.062304159900932965
2022-02-05T16:00:00.0;0.07060199539536792
2022-02-05T17:00:00.0;0.07918330168187698
2022-02-05T18:00:00.0;0.08354735046534689
2022-02-05T19:00:00.0;0.08514442261903436
2022-02-05T20:00:00.0;0.08518740670320875
2022-02-05T21:00:00.0;0.08433817293678264
2022-02-05T22:00:00.0;0.08162644523836401
2022-02-05T23:00:00.0;0.07850207953859732
2022-02-06T00:00:00.0;0.07980643091790555
2022-02-06T01:00:00.0;0.07616096860132554
2022-02-06T02:00:00.0;0.07299805255101911
2022-02-06T03:00:00.0;0.07006066274730004
2022-02-06T04:00:00.0;0.06763323714117582
2022-02-06T05:00:00.0;0.06680950880863791
2022-02-06T06:00:00.0;0.06902869852178134
2022-02-06T07:00:00.0;0.07240573955253439
2022-02-06T08:00:00.0;0.07302785879567318
2022-02-06T09:00:00.0;0.07032627910381888
2022-02-06T10:00:00.0;0.06654832344205197
2022-02-06T11:00:00.0;0.0643621454567084
2022-02-06T12:00:00.0;0.06316167747319465
2022-02-06T13:00:00.0;0.06300997863491302
2022-02-06T14:00:00.0;0.06463285378630106
2022-02-06T15:00:00.0;0.06922125566925087
2022-02-06T16:00:00.0;0.07596529716624517
2022-02-06T17:00:00.0;0.08480216556822875
2022-02-06T18:00:00.0;0.08928535288048255
2022-02-06T19:00:00.0;0.09072721668596867
2022-02-06T20:00:00.0;0.0902718850083114
2022-02-06T21:00:00.0;0.08902492710944392
2022-02-06T22:00:00.0;0.08590603483396107
2022-02-06T23:00:00.0;0.08261938545924921
2022-02-07T00:00:00.0;0.07430660686312061
2022-02-07T01:00:00.0;0.07072135274045498
2022-02-07T02:00:00.0;0.06772436183915413
2022-02-07T03:00:00.0;0.0648928786013394
2022-02-07T04:00:00.0;0.06277598824726573
2022-02-07T05:00:00.0;0.06227797032341986
2022-02-07T06:00:00.0;0.0632966837609097
2022-02-07T07:00:00.0;0.0637085959712466
2022-02-07T08:00:00.0;0.06204623846761018
2022-02-07T09:00:00.0;0.05756526689522345
2022-02-07T10:00:00.0;0.05242588358666679
2022-02-07T11:00:00.0;0.049708791057811196
2022-02-07T12:00:00.0;0.0491070748861419
2022-02-07T13:00:00.0;0.050144360879548405
2022-02-07T14:00:00.0;0.05375154732585551
2022-02-07T15:00:00.0;0.05964666004816194
2022-02-07T16:00:00.0;0.06811031931100928
2022-02-07T17:00:00.0;0.07679669122823508
2022-02-07T18:00:00.0;0.08144371051276834
2022-02-07T19:00:00.0;0.08360353313351117
2022-02-07T20:00:00.0;0.08440539520426392
2022-02-07T21:00:00.0;0.08340788668060939
2022-02-07T22:00:00.0;0.0809368431666677
2022-02-07T23:00:00.0;0.07769421193902185
2022-02-08T00:00:00.0;0.0777110674694637
2022-02-08T01:00:00.0;0.07413854618935052
2022-02-08T02:00:00.0;0.07101818655636367
2022-02-08T03:00:00.0;0.06808734657143814
2022-02-08T04:00:00.0;0.06562105550216384
2022-02-08T05:00:00.0;0.06462005903860886
2022-02-08T06:00:00.0;0.06638308701830094
2022-02-08T07:00:00.0;0.06885644229497735
2022-02-08T08:00:00.0;0.0684778017596566
2022-02-08T09:00:00.0;0.06504007066212926
2022-02-08T10:00:00.0;0.06101045582883419
2022-02-08T11:00:00.0;0.05887264907720863
2022-02-08T12:00:00.0;0.05777569909426108
2022-02-08T13:00:00.0;0.05796425961539405
2022-02-08T14:00:00.0;0.06034589664053912
2022-02-08T15:00:00.0;0.06573591808364485
2022-02-08T16:00:00.0;0.07339872183048722
2022-02-08T17:00:00.0;0.08190428918331383
2022-02-08T18:00:00.0;0.08647739119250765
2022-02-08T19:00:00.0;0.08791881962285023
2022-02-08T20:00:00.0;0.08751917781911127
2022-02-08T21:00:00.0;0.08655852761521657
2022-02-08T22:00:00.0;0.08351575192522799
2022-02-08T23:00:00.0;0.08035030441108065
2022-02-09T00:00:00.0;0.07561233560858452
2022-02-09T01:00:00.0;0.07201349156008298
2022-02-09T02:00:00.0;0.0689339043737941
2022-02-09T03:00:00.0;0.06600151919316852
2022-02-09T04:00:00.0;0.063394777834183
2022-02-09T05:00:00.0;0.06194591422092119
2022-02-09T06:00:00.0;0.06288844148697592
2022-02-09T07:00:00.0;0.0641523798220279
2022-02-09T08:00:00.0;0.06279227647949738
2022-02-09T09:00:00.0;0.05908294800208275
2022-02-09T10:00:00.0;0.05522884011002102
2022-02-09T11:00:00.0;0.05338846901262968
2022-02-09T12:00:00.0;0.052676713320352245
2022-02-09T13:00:00.0;0.05318652963482064
2022-02-09T14:00:00.0;0.056508128745075915
2022-02-09T15:00:00.0;0.06229723975469977
2022-02-09T16:00:00.0;0.07076150774304299
2022-02-09T17:00:00.0;0.07875235941508581
2022-02-09T18:00:00.0;0.08328094045044185
2022-02-09T19:00:00.0;0.0846866432822293
2022-02-09T20:00:00.0;0.08432524557027764
2022-02-09T21:00:00.0;0.08402726089445023
2022-02-09T22:00:00.0;0.08109339886860462
2022-02-09T23:00:00.0;0.07802337308228909
2022-02-10T00:00:00.0;0.07866526385040797
2022-02-10T01:00:00.0;0.07466514851488801
2022-02-10T02:00:00.0;0.07161750268811433
2022-02-10T03:00:00.0;0.06868480948274748
2022-02-10T04:00:00.0;0.0658604044164169
2022-02-10T05:00:00.0;0.06387088479232912
2022-02-10T06:00:00.0;0.0627327614572741
2022-02-10T07:00:00.0;0.06238308976853579
2022-02-10T08:00:00.0;0.06201658203050868
2022-02-10T09:00:00.0;0.06043770726638417
2022-02-10T10:00:00.0;0.05827475574245363
2022-02-10T11:00:00.0;0.05692855751713985
2022-02-10T12:00:00.0;0.05738334802862621
2022-02-10T13:00:00.0;0.05772532335115568
2022-02-10T14:00:00.0;0.06069400398742464
2022-02-10T15:00:00.0;0.06343550442945661
2022-02-10T16:00:00.0;0.06991945801316837
2022-02-10T17:00:00.0;0.07705479246505285
2022-02-10T18:00:00.0;0.081876592325681
2022-02-10T19:00:00.0;0.08522896529685348
2022-02-10T20:00:00.0;0.08723325674534928
2022-02-10T21:00:00.0;0.08839978159347839
2022-02-10T22:00:00.0;0.08572950069615469
2022-02-10T23:00:00.0;0.08161092677515354
2022-02-11T00:00:00.0;0.07129752964802483
2022-02-11T01:00:00.0;0.06766321299680916
2022-02-11T02:00:00.0;0.06467154244414274
2022-02-11T03:00:00.0;0.061766570587238626
2022-02-11T04:00:00.0;0.058907593962747716
2022-02-11T05:00:00.0;0.05663527190466262
2022-02-11T06:00:00.0;0.05587206295886824
2022-02-11T07:00:00.0;0.05475333920836803
2022-02-11T08:00:00.0;0.05153599873740597
2022-02-11T09:00:00.0;0.047154687887420534
2022-02-11T10:00:00.0;0.04348372171551643
2022-02-11T11:00:00.0;0.042081549451020814
2022-02-11T12:00:00.0;0.04199912263003469
2022-02-11T13:00:00.0;0.04309084121680031
2022-02-11T14:00:00.0;0.048245697530441715
2022-02-11T15:00:00.0;0.05501654884951035
2022-02-11T16:00:00.0;0.0650993333196595
2022-02-11T17:00:00.0;0.0721535579261971
2022-02-11T18:00:00.0;0.07661021430585692
2022-02-11T19:00:00.0;0.07800758785685666
2022-02-11T20:00:00.0;0.07789328299957463
2022-02-11T21:00:00.0;0.07888802113555732
2022-02-11T22:00:00.0;0.07621460751451181
2022-02-11T23:00:00.0;0.07334231418857999
2022-02-12T00:00:00.0;0.0781106658426398
2022-02-12T01:00:00.0;0.07456705673041449
2022-02-12T02:00:00.0;0.07146543161581245
2022-02-12T03:00:00.0;0.0684469925132322
2022-02-12T04:00:00.0;0.06601092875152502
2022-02-12T05:00:00.0;0.06494850720396442
2022-02-12T06:00:00.0;0.06601912112794618
2022-02-12T07:00:00.0;0.06750144692777518
2022-02-12T08:00:00.0;0.067203839565043
2022-02-12T09:00:00.0;0.0636472232683849
2022-02-12T10:00:00.0;0.05940081744689752
2022-02-12T11:00:00.0;0.05701266905372038
2022-02-12T12:00:00.0;0.05636452012745442
2022-02-12T13:00:00.0;0.057317343466888715
2022-02-12T14:00:00.0;0.05988928795999882
2022-02-12T15:00:00.0;0.06477473627594765
2022-02-12T16:00:00.0;0.0722187997358395
2022-02-12T17:00:00.0;0.08030897039000448
2022-02-12T18:00:00.0;0.08508158352871945
2022-02-12T19:00:00.0;0.08775495910132405
2022-02-12T20:00:00.0;0.08873671540602888
2022-02-12T21:00:00.0;0.08799206547792313
2022-02-12T22:00:00.0;0.0851052570397025
2022-02-12T23:00:00.0;0.08134612513162455
2022-02-13T00:00:00.0;0.07564357641872607
2022-02-13T01:00:00.0;0.0721580141772038
2022-02-13T02:00:00.0;0.06908501414466489
2022-02-13T03:00:00.0;0.06616313223041412
2022-02-13T04:00:00.0;0.06365924950796104
2022-02-13T05:00:00.0;0.06250446863703428
2022-02-13T06:00:00.0;0.06382254063207955
2022-02-13T07:00:00.0;0.06536977931670825
2022-02-13T08:00:00.0;0.06388366236736218
2022-02-13T09:00:00.0;0.05964164384517455
2022-02-13T10:00:00.0;0.05538372588014551
2022-02-13T11:00:00.0;0.053325642175164806
2022-02-13T12:00:00.0;0.05231249126640925
2022-02-13T13:00:00.0;0.05280513973356375
2022-02-13T14:00:00.0;0.055912866098472055
2022-02-13T15:00:00.0;0.06211731816980609
2022-02-13T16:00:00.0;0.07071672746366087
2022-02-13T17:00:00.0;0.07884571149594673
2022-02-13T18:00:00.0;0.08359997382067393
2022-02-13T19:00:00.0;0.08508463786061125
2022-02-13T20:00:00.0;0.08476067791551642
2022-02-13T21:00:00.0;0.08408257298558033
2022-02-13T22:00:00.0;0.08109203275412898
2022-02-13T23:00:00.0;0.07804003487065435
2022-02-14T00:00:00.0;0.0768164498356901
2022-02-14T01:00:00.0;0.07330562300888993
2022-02-14T02:00:00.0;0.07023713535851636
2022-02-14T03:00:00.0;0.06733903226801108
2022-02-14T04:00:00.0;0.06495191582821781
2022-02-14T05:00:00.0;0.0641376869763382
2022-02-14T06:00:00.0;0.06572583191899176
2022-02-14T07:00:00.0;0.06754198020024549
2022-02-14T08:00:00.0;0.06633207744058565
2022-02-14T09:00:00.0;0.062302159605543916
2022-02-14T10:00:00.0;0.05808771765285656
2022-02-14T11:00:00.0;0.05595087733751573
2022-02-14T12:00:00.0;0.054898147868161884
2022-02-14T13:00:00.0;0.05517169893214221
2022-02-14T14:00:00.0;0.05778518830370598
2022-02-14T15:00:00.0;0.0634322831984182
2022-02-14T16:00:00.0;0.07145228165992702
2022-02-14T17:00:00.0;0.07977894946594012
2022-02-14T18:00:00.0;0.08474460896871831
2022-02-14T19:00:00.0;0.08652245315992436
2022-02-14T20:00:00.0;0.08647940397847514
2022-02-14T21:00:00.0;0.0855283250430222
2022-02-14T22:00:00.0;0.0825271370768024
2022-02-14T23:00:00.0;0.0793272191178296
2022-02-15T00:00:00.0;0.08075354464517268
2022-02-15T01:00:00.0;0.07719904876217147
2022-02-15T02:00:00.0;0.07406971839517865
2022-02-15T03:00:00.0;0.07104225334186674
2022-02-15T04:00:00.0;0.06867541659237865
2022-02-15T05:00:00.0;0.06799714091004289
2022-02-15T06:00:00.0;0.06991240125154304
2022-02-15T07:00:00.0;0.07243821139929837
2022-02-15T08:00:00.0;0.07258378464125685
2022-02-15T09:00:00.0;0.06953979685477624
2022-02-15T10:00:00.0;0.06577048328453097
2022-02-15T11:00:00.0;0.06360095714513576
2022-02-15T12:00:00.0;0.06277042512166052
2022-02-15T13:00:00.0;0.06312375048280237
2022-02-15T14:00:00.0;0.06462120463974996
2022-02-15T15:00:00.0;0.06857196105380807
2022-02-15T16:00:00.0;0.07505720788653719
2022-02-15T17:00:00.0;0.08332045727771117
2022-02-15T18:00:00.0;0.08848412789257676
2022-02-15T19:00:00.0;0.09122692360810139
2022-02-15T20:00:00.0;0.0919626228437775
2022-02-15T21:00:00.0;0.0907447741832583
2022-02-15T22:00:00.0;0.08758981015989001
2022-02-15T23:00:00.0;0.08370654163226265
2022-02-16T00:00:00.0;0.08091781016602526
2022-02-16T01:00:00.0;0.07726756076643179
2022-02-16T02:00:00.0;0.07413781022871231
2022-02-16T03:00:00.0;0.07125019877748115
2022-02-16T04:00:00.0;0.0690255910323652
2022-02-16T05:00:00.0;0.06876391543350444
2022-02-16T06:00:00.0;0.07125468486866503
2022-02-16T07:00:00.0;0.07464780616074963
2022-02-16T08:00:00.0;0.07522406330339379
2022-02-16T09:00:00.0;0.0725086599976883
2022-02-16T10:00:00.0;0.0686830885200707
2022-02-16T11:00:00.0;0.06638098381818985
2022-02-16T12:00:00.0;0.06515578707848611
2022-02-16T13:00:00.0;0.06476012720711746
2022-02-16T14:00:00.0;0.06584122569169042
2022-02-16T15:00:00.0;0.06980272294138608
2022-02-16T16:00:00.0;0.07594288211542122
2022-02-16T17:00:00.0;0.08496536527283953
2022-02-16T18:00:00.0;0.0899274177379519
2022-02-16T19:00:00.0;0.09194254925802482
2022-02-16T20:00:00.0;0.09206113815488622
2022-02-16T21:00:00.0;0.09044642817386982
2022-02-16T22:00:00.0;0.08734214403935209
2022-02-16T23:00:00.0;0.08383614359099603
2022-02-17T00:00:00.0;0.07900619648797788
2022-02-17T01:00:00.0;0.07544755776966691
2022-02-17T02:00:00.0;0.0723865246947444
2022-02-17T03:00:00.0;0.06953190167565455
2022-02-17T04:00:00.0;0.06735969223187756
2022-02-17T05:00:00.0;0.06717323497176453
2022-02-17T06:00:00.0;0.06926507822774206
2022-02-17T07:00:00.0;0.07159129458006953
2022-02-17T08:00:00.0;0.07090740971760276
2022-02-17T09:00:00.0;0.06728069474265604
2022-02-17T10:00:00.0;0.06315040420284822
2022-02-17T11:00:00.0;0.06086791251548451
2022-02-17T12:00:00.0;0.05974086121669675
2022-02-17T13:00:00.0;0.059606579459947566
2022-02-17T14:00:00.0;0.06129979801662444
2022-02-17T15:00:00.0;0.06590962720477427
2022-02-17T16:00:00.0;0.07284971127253914
2022-02-17T17:00:00.0;0.08154551055995896
2022-02-17T18:00:00.0;0.08689649440316385
2022-02-17T19:00:00.0;0.08921178349467887
2022-02-17T20:00:00.0;0.08968286006808825
2022-02-17T21:00:00.0;0.08822580338094337
2022-02-17T22:00:00.0;0.08520390691106844
2022-02-17T23:00:00.0;0.08173048197584888
2022-02-18T00:00:00.0;0.08003171095659024
2022-02-18T01:00:00.0;0.07645168912874964
2022-02-18T02:00:00.0;0.07339566830494726
2022-02-18T03:00:00.0;0.07056284266974291
2022-02-18T04:00:00.0;0.06849613274711516
2022-02-18T05:00:00.0;0.06861627942397373
2022-02-18T06:00:00.0;0.070944842384956
2022-02-18T07:00:00.0;0.07349736721333879
2022-02-18T08:00:00.0;0.07304363475843205
2022-02-18T09:00:00.0;0.06959444030648254
2022-02-18T10:00:00.0;0.06549888393917545
2022-02-18T11:00:00.0;0.06314600551607173
2022-02-18T12:00:00.0;0.061984820004518
2022-02-18T13:00:00.0;0.06165762575905388
2022-02-18T14:00:00.0;0.06291599052842026
2022-02-18T15:00:00.0;0.06703484123908234
2022-02-18T16:00:00.0;0.07346628578678731
2022-02-18T17:00:00.0;0.08233486906747033
2022-02-18T18:00:00.0;0.08788097628966744
2022-02-18T19:00:00.0;0.09046352091894493
2022-02-18T20:00:00.0;0.09119157858047706
2022-02-18T21:00:00.0;0.08949181580096292
2022-02-18T22:00:00.0;0.08646152137062932
2022-02-18T23:00:00.0;0.08285583683419262
2022-02-19T00:00:00.0;0.0753683394093428
2022-02-19T01:00:00.0;0.07187889502497362
2022-02-19T02:00:00.0;0.0687900374713726
2022-02-19T03:00:00.0;0.06584861865118015
2022-02-19T04:00:00.0;0.06327011902427092
2022-02-19T05:00:00.0;0.061912812319516834
2022-02-19T06:00:00.0;0.0631594813381255
2022-02-19T07:00:00.0;0.06476590362535113
2022-02-19T08:00:00.0;0.06337253132431575
2022-02-19T09:00:00.0;0.05919077145823243
2022-02-19T10:00:00.0;0.05496814468803132
2022-02-19T11:00:00.0;0.05294969808750308
2022-02-19T12:00:00.0;0.051939291273388595
2022-02-19T13:00:00.0;0.052501975705100914
2022-02-19T14:00:00.0;0.05576330991714419
2022-02-19T15:00:00.0;0.06214915078534648
2022-02-19T16:00:00.0;0.07091262655769584
2022-02-19T17:00:00.0;0.07899609340404616
2022-02-19T18:00:00.0;0.08355806077686692
2022-02-19T19:00:00.0;0.08482257716074783
2022-02-19T20:00:00.0;0.08427505897211457
2022-02-19T21:00:00.0;0.08371689345433207
2022-02-19T22:00:00.0;0.08071620069470552
2022-02-19T23:00:00.0;0.07773947793211265
2022-02-20T00:00:00.0;0.07858601931400601
2022-02-20T01:00:00.0;0.07498404694195936
2022-02-20T02:00:00.0;0.07184238170735675
2022-02-20T03:00:00.0;0.06890471938145556
2022-02-20T04:00:00.0;0.06643857672723033
2022-02-20T05:00:00.0;0.06547546089563082
2022-02-20T06:00:00.0;0.06742770170668072
2022-02-20T07:00:00.0;0.07031052821330191
2022-02-20T08:00:00.0;0.07036898497570507
2022-02-20T09:00:00.0;0.06725379081962063
2022-02-20T10:00:00.0;0.06335083388888625
2022-02-20T11:00:00.0;0.06120951334991703
2022-02-20T12:00:00.0;0.06006170115160955
2022-02-20T13:00:00.0;0.06010533292114825
2022-02-20T14:00:00.0;0.06217650871016324
2022-02-20T15:00:00.0;0.06725615218067851
2022-02-20T16:00:00.0;0.07455382741542142
2022-02-20T17:00:00.0;0.08318346892121899
2022-02-20T18:00:00.0;0.08769686031344813
2022-02-20T19:00:00.0;0.08909901521157584
2022-02-20T20:00:00.0;0.08862776914342337
2022-02-20T21:00:00.0;0.08756687446187977
2022-02-20T22:00:00.0;0.08448124261574835
2022-02-20T23:00:00.0;0.08127739067748727
2022-02-21T00:00:00.0;0.08115707742705536
2022-02-21T01:00:00.0;0.07750424389396851
2022-02-21T02:00:00.0;0.07437929020745383
2022-02-21T03:00:00.0;0.07150018546622937
2022-02-21T04:00:00.0;0.06931176569212519
2022-02-21T05:00:00.0;0.06915167896776024
2022-02-21T06:00:00.0;0.071699645649555
2022-02-21T07:00:00.0;0.07511559274992237
2022-02-21T08:00:00.0;0.07570692591762644
2022-02-21T09:00:00.0;0.07300596972733982
2022-02-21T10:00:00.0;0.06917735086386749
2022-02-21T11:00:00.0;0.06685363833927575
2022-02-21T12:00:00.0;0.06562208159937677
2022-02-21T13:00:00.0;0.06517684820733169
2022-02-21T14:00:00.0;0.06614726626290647
2022-02-21T15:00:00.0;0.0699818095349751
2022-02-21T16:00:00.0;0.07599640875495092
2022-02-21T17:00:00.0;0.08505899089609005
2022-02-21T18:00:00.0;0.09010154366078327
2022-02-21T19:00:00.0;0.09221612787160445
2022-02-21T20:00:00.0;0.09243331404059817
2022-02-21T21:00:00.0;0.09074827976864677
2022-02-21T22:00:00.0;0.08764513732548371
2022-02-21T23:00:00.0;0.08409833607740799
2022-02-22T00:00:00.0;0.08148011747424515
2022-02-22T01:00:00.0;0.07787791593991121
2022-02-22T02:00:00.0;0.07472219754878441
2022-02-22T03:00:00.0;0.07172508470562455
2022-02-22T04:00:00.0;0.06933427213110267
2022-02-22T05:00:00.0;0.06864903400237958
2022-02-22T06:00:00.0;0.07069192888699526
2022-02-22T07:00:00.0;0.07381856262786374
2022-02-22T08:00:00.0;0.07462003390283546
2022-02-22T09:00:00.0;0.07197043818828215
2022-02-22T10:00:00.0;0.06831446756232738
2022-02-22T11:00:00.0;0.06607905383055336
2022-02-22T12:00:00.0;0.06504248080318636
2022-02-22T13:00:00.0;0.06506871576996136
2022-02-22T14:00:00.0;0.06622846240403645
2022-02-22T15:00:00.0;0.07005330984018118
2022-02-22T16:00:00.0;0.07618838522130483
2022-02-22T17:00:00.0;0.0847001745714952
2022-02-22T18:00:00.0;0.08967791217335049
2022-02-22T19:00:00.0;0.09217810911420803
2022-02-22T20:00:00.0;0.09273747318003861
2022-02-22T21:00:00.0;0.09147498485712025
2022-02-22T22:00:00.0;0.08830229402476474
2022-02-22T23:00:00.0;0.08448881374908125
2022-02-23T00:00:00.0;0.07776757649472714
2022-02-23T01:00:00.0;0.07428971928942146
2022-02-23T02:00:00.0;0.07128442410155317
2022-02-23T03:00:00.0;0.0683662801461371
2022-02-23T04:00:00.0;0.06622024587439913
2022-02-23T05:00:00.0;0.06591477676146351
2022-02-23T06:00:00.0;0.06706147288903298
2022-02-23T07:00:00.0;0.06777731270020158
2022-02-23T08:00:00.0;0.06635369372713
2022-02-23T09:00:00.0;0.062027133071512294
2022-02-23T10:00:00.0;0.0574813683414523
2022-02-23T11:00:00.0;0.054991999681686055
2022-02-23T12:00:00.0;0.05434520449076192
2022-02-23T13:00:00.0;0.05513441999768753
2022-02-23T14:00:00.0;0.05755293004484303
2022-02-23T15:00:00.0;0.06228970721145727
2022-02-23T16:00:00.0;0.06970583923280599
2022-02-23T17:00:00.0;0.07780770714718431
2022-02-23T18:00:00.0;0.08345430536885229
2022-02-23T19:00:00.0;0.08691981704029379
2022-02-23T20:00:00.0;0.0887264808175424
2022-02-23T21:00:00.0;0.08763922895712052
2022-02-23T22:00:00.0;0.08482746713670729
2022-02-23T23:00:00.0;0.08090590033243994
2022-02-24T00:00:00.0;0.07947148816680158
2022-02-24T01:00:00.0;0.07588218506621176
2022-02-24T02:00:00.0;0.07279180675559098
2022-02-24T03:00:00.0;0.06991725291132965
2022-02-24T04:00:00.0;0.06769202748437542
2022-02-24T05:00:00.0;0.0673827095333644
2022-02-24T06:00:00.0;0.06956480908111727
2022-02-24T07:00:00.0;0.07225499189392906
2022-02-24T08:00:00.0;0.07201218815158512
2022-02-24T09:00:00.0;0.06870111656396545
2022-02-24T10:00:00.0;0.06468378928479587
2022-02-24T11:00:00.0;0.06241456357936496
2022-02-24T12:00:00.0;0.06125804335639231
2022-02-24T13:00:00.0;0.061076019857795975
2022-02-24T14:00:00.0;0.06265233146396876
2022-02-24T15:00:00.0;0.06714749836777824
2022-02-24T16:00:00.0;0.07391683761298022
2022-02-24T17:00:00.0;0.0826928970818937
2022-02-24T18:00:00.0;0.08782754075290872
2022-02-24T19:00:00.0;0.08994071213183323
2022-02-24T20:00:00.0;0.09019157017597235
2022-02-24T21:00:00.0;0.08874379162971098
2022-02-24T22:00:00.0;0.08569105370248573
2022-02-24T23:00:00.0;0.08224428901713703
2022-02-25T00:00:00.0;0.07593323682245866
2022-02-25T01:00:00.0;0.07250568407479986
2022-02-25T02:00:00.0;0.06953071004784431
2022-02-25T03:00:00.0;0.06670609927383579
2022-02-25T04:00:00.0;0.0645402538390819
2022-02-25T05:00:00.0;0.06427250618583853
2022-02-25T06:00:00.0;0.06570983197244963
2022-02-25T07:00:00.0;0.06652265284651794
2022-02-25T08:00:00.0;0.06407291538842286
2022-02-25T09:00:00.0;0.05916271154741375
2022-02-25T10:00:00.0;0.05461760640569151
2022-02-25T11:00:00.0;0.05240153231774339
2022-02-25T12:00:00.0;0.05142145997970724
2022-02-25T13:00:00.0;0.05173805804271263
2022-02-25T14:00:00.0;0.054477324723001
2022-02-25T15:00:00.0;0.060212801088446004
2022-02-25T16:00:00.0;0.06848511833578047
2022-02-25T17:00:00.0;0.07665720620000982
2022-02-25T18:00:00.0;0.08239808797382649
2022-02-25T19:00:00.0;0.08494628593127311
2022-02-25T20:00:00.0;0.08572401998940891
2022-02-25T21:00:00.0;0.08461255260863054
2022-02-25T22:00:00.0;0.08170223177435397
2022-02-25T23:00:00.0;0.07834806861225056
2022-02-26T00:00:00.0;0.07463837855423724
2022-02-26T01:00:00.0;0.0713292990075129
2022-02-26T02:00:00.0;0.06838684240263387
2022-02-26T03:00:00.0;0.0651504524991168
2022-02-26T04:00:00.0;0.06314931309318732
2022-02-26T05:00:00.0;0.06287418308045063
2022-02-26T06:00:00.0;0.06479907756657083
2022-02-26T07:00:00.0;0.06327229682333228
2022-02-26T08:00:00.0;0.05833744281471126
2022-02-26T09:00:00.0;0.05263683959159957
2022-02-26T10:00:00.0;0.04786553331779122
2022-02-26T11:00:00.0;0.04626545228599792
2022-02-26T12:00:00.0;0.04715995954384281
2022-02-26T13:00:00.0;0.049952806104248876
2022-02-26T14:00:00.0;0.05418257776708319
2022-02-26T15:00:00.0;0.05891754342632563
2022-02-26T16:00:00.0;0.06806262653295861
2022-02-26T17:00:00.0;0.07514704699295277
2022-02-26T18:00:00.0;0.08121846502785027
2022-02-26T19:00:00.0;0.08476731722018428
2022-02-26T20:00:00.0;0.08561877605760673
2022-02-26T21:00:00.0;0.08414570307374829
2022-02-26T22:00:00.0;0.08118694979020237
2022-02-26T23:00:00.0;0.07719924128651123
2022-02-27T00:00:00.0;0.07418878779304457
2022-02-27T01:00:00.0;0.07080451184572784
2022-02-27T02:00:00.0;0.06787322801426271
2022-02-27T03:00:00.0;0.06494424729840621
2022-02-27T04:00:00.0;0.06277398842990078
2022-02-27T05:00:00.0;0.062165397800539236
2022-02-27T06:00:00.0;0.06229820928286754
2022-02-27T07:00:00.0;0.061155499091454284
2022-02-27T08:00:00.0;0.05827387877016436
2022-02-27T09:00:00.0;0.05279291794476253
2022-02-27T10:00:00.0;0.04763614436574186
2022-02-27T11:00:00.0;0.045033718594592084
2022-02-27T12:00:00.0;0.044766194698657794
2022-02-27T13:00:00.0;0.0464676423954231
2022-02-27T14:00:00.0;0.050324976423413006
2022-02-27T15:00:00.0;0.05620878029710516
2022-02-27T16:00:00.0;0.06505614223311025
2022-02-27T17:00:00.0;0.07262391714449394
2022-02-27T18:00:00.0;0.07828575144008848
2022-02-27T19:00:00.0;0.08207729107285931
2022-02-27T20:00:00.0;0.08443527696953211
2022-02-27T21:00:00.0;0.08386933540294796
2022-02-27T22:00:00.0;0.08132490456975065
2022-02-27T23:00:00.0;0.07743474791993019
2022-02-28T00:00:00.0;0.0737923078745349
2022-02-28T01:00:00.0;0.07038262261518695
2022-02-28T02:00:00.0;0.06754189949621188
2022-02-28T03:00:00.0;0.06474375622401442
2022-02-28T04:00:00.0;0.06309011429990971
2022-02-28T05:00:00.0;0.06378706825174446
2022-02-28T06:00:00.0;0.06530547599861469
2022-02-28T07:00:00.0;0.06411201920963697
2022-02-28T08:00:00.0;0.059753439637113805
2022-02-28T09:00:00.0;0.05377767744679396
2022-02-28T10:00:00.0;0.04832836955591329
2022-02-28T11:00:00.0;0.045841185397472346
2022-02-28T12:00:00.0;0.045658206407151784
2022-02-28T13:00:00.0;0.04691251315018812
2022-02-28T14:00:00.0;0.05048658111730261
2022-02-28T15:00:00.0;0.05587618323940792
2022-02-28T16:00:00.0;0.06455490046201837
2022-02-28T17:00:00.0;0.07283177650546242
2022-02-28T18:00:00.0;0.07916004415322714
2022-02-28T19:00:00.0;0.0827261073194745
2022-02-28T20:00:00.0;0.0845451773996225
2022-02-28T21:00:00.0;0.08285724689358684
2022-02-28T22:00:00.0;0.08033090245377292
2022-02-28T23:00:00.0;0.07670864458021463
2022-03-01T00:00:00.0;0.07560677485595901
2022-03-01T01:00:00.0;0.072085886190306
2022-03-01T02:00:00.0;0.06916101034005526
2022-03-01T03:00:00.0;0.06598532643561689
2022-03-01T04:00:00.0;0.06373203769719989
2022-03-01T05:00:00.0;0.06298389412856137
2022-03-01T06:00:00.0;0.06396331418153782
2022-03-01T07:00:00.0;0.061948569473230866
2022-03-01T08:00:00.0;0.05704185102073951
2022-03-01T09:00:00.0;0.052426513147459615
2022-03-01T10:00:00.0;0.048987537710752135
2022-03-01T11:00:00.0;0.048078298351830674
2022-03-01T12:00:00.0;0.049307204278647716
2022-03-01T13:00:00.0;0.05139062744212115
2022-03-01T14:00:00.0;0.05545384909060307
2022-03-01T15:00:00.0;0.059074460584439534
2022-03-01T16:00:00.0;0.06758372548884785
2022-03-01T17:00:00.0;0.07413698408440639
2022-03-01T18:00:00.0;0.08041495292959815
2022-03-01T19:00:00.0;0.0841792144352485
2022-03-01T20:00:00.0;0.08531998262512291
2022-03-01T21:00:00.0;0.08481014900622255
2022-03-01T22:00:00.0;0.08181000888632733
2022-03-01T23:00:00.0;0.07769683063767878
2022-03-02T00:00:00.0;0.07446442428508653
2022-03-02T01:00:00.0;0.07119871268982449
2022-03-02T02:00:00.0;0.06827668294499496
2022-03-02T03:00:00.0;0.06501054316108003
2022-03-02T04:00:00.0;0.06307986542483165
2022-03-02T05:00:00.0;0.06299546940175434
2022-03-02T06:00:00.0;0.06528499834117567
2022-03-02T07:00:00.0;0.0635445315997471
2022-03-02T08:00:00.0;0.05784652403531596
2022-03-02T09:00:00.0;0.05185424213277287
2022-03-02T10:00:00.0;0.04712654615608849
2022-03-02T11:00:00.0;0.045752555997833864
2022-03-02T12:00:00.0;0.04680882303415045
2022-03-02T13:00:00.0;0.049703213035295485
2022-03-02T14:00:00.0;0.05399770123878836
2022-03-02T15:00:00.0;0.0586338729891472
2022-03-02T16:00:00.0;0.06795376951142389
2022-03-02T17:00:00.0;0.07490712607126035
2022-03-02T18:00:00.0;0.08127744262536737
2022-03-02T19:00:00.0;0.08484672095223988
2022-03-02T20:00:00.0;0.08546124492612708
2022-03-02T21:00:00.0;0.08377553049834364
2022-03-02T22:00:00.0;0.08072133018158936
2022-03-02T23:00:00.0;0.07674439342539217
2022-03-03T00:00:00.0;0.07504237437774618
2022-03-03T01:00:00.0;0.07182429415863092
2022-03-03T02:00:00.0;0.0689256705471105
2022-03-03T03:00:00.0;0.06608379477799024
2022-03-03T04:00:00.0;0.06398166375228405
2022-03-03T05:00:00.0;0.06305414676176359
2022-03-03T06:00:00.0;0.0630481412321665
2022-03-03T07:00:00.0;0.06137426815137582
2022-03-03T08:00:00.0;0.05805277299510004
2022-03-03T09:00:00.0;0.05336012750451508
2022-03-03T10:00:00.0;0.04991712045875873
2022-03-03T11:00:00.0;0.04777359459434467
2022-03-03T12:00:00.0;0.048011355038668546
2022-03-03T13:00:00.0;0.04957001778187827
2022-03-03T14:00:00.0;0.05370241456394141
2022-03-03T15:00:00.0;0.05819402000526831
2022-03-03T16:00:00.0;0.06568088484858489
2022-03-03T17:00:00.0;0.072428395844804
2022-03-03T18:00:00.0;0.07861050298864292
2022-03-03T19:00:00.0;0.08344806779994429
2022-03-03T20:00:00.0;0.08605777143169697
2022-03-03T21:00:00.0;0.08547324805506719
2022-03-03T22:00:00.0;0.08305429971635023
2022-03-03T23:00:00.0;0.07910661210142422
2022-03-04T00:00:00.0;0.07495907266791929
2022-03-04T01:00:00.0;0.07175144889314045
2022-03-04T02:00:00.0;0.06885833730203844
2022-03-04T03:00:00.0;0.06599312283379641
2022-03-04T04:00:00.0;0.06392193230168274
2022-03-04T05:00:00.0;0.06308868662074871
2022-03-04T06:00:00.0;0.06329049617523594
2022-03-04T07:00:00.0;0.061554266427399876
2022-03-04T08:00:00.0;0.05790882059100425
2022-03-04T09:00:00.0;0.053084995912572944
2022-03-04T10:00:00.0;0.04961087252189075
2022-03-04T11:00:00.0;0.04756618378134851
2022-03-04T12:00:00.0;0.047885183810853466
2022-03-04T13:00:00.0;0.04952004481070923
2022-03-04T14:00:00.0;0.053680802831222674
2022-03-04T15:00:00.0;0.0581430862048
2022-03-04T16:00:00.0;0.06574681185114906
2022-03-04T17:00:00.0;0.0724701804570693
2022-03-04T18:00:00.0;0.07874623390811536
2022-03-04T19:00:00.0;0.08353221278624003
2022-03-04T20:00:00.0;0.08598118134851819
2022-03-04T21:00:00.0;0.08528308146208244
2022-03-04T22:00:00.0;0.08281335466621557
2022-03-04T23:00:00.0;0.0788745395775552
2022-03-05T00:00:00.0;0.07498974285488337
2022-03-05T01:00:00.0;0.07177529275927105
2022-03-05T02:00:00.0;0.0688716925511964
2022-03-05T03:00:00.0;0.06591735547130265
2022-03-05T04:00:00.0;0.06382754258689201
2022-03-05T05:00:00.0;0.06305461182750839
2022-03-05T06:00:00.0;0.06347332358687538
2022-03-05T07:00:00.0;0.061710879727021196
2022-03-05T08:00:00.0;0.057824125167559234
2022-03-05T09:00:00.0;0.05275395204269292
2022-03-05T10:00:00.0;0.048994873098739296
2022-03-05T11:00:00.0;0.04702888013029933
2022-03-05T12:00:00.0;0.04744727494701496
2022-03-05T13:00:00.0;0.04935741058644923
2022-03-05T14:00:00.0;0.05350451616454867
2022-03-05T15:00:00.0;0.05806692638493625
2022-03-05T16:00:00.0;0.06602390628202591
2022-03-05T17:00:00.0;0.072720620842223
2022-03-05T18:00:00.0;0.07901459439342719
2022-03-05T19:00:00.0;0.08368318407959999
2022-03-05T20:00:00.0;0.08597760494232329
2022-03-05T21:00:00.0;0.08521074112716857
2022-03-05T22:00:00.0;0.08262212368216056
2022-03-05T23:00:00.0;0.07859956616322274
2022-03-06T00:00:00.0;0.07483222029500251
2022-03-06T01:00:00.0;0.07116781705625604
2022-03-06T02:00:00.0;0.06835498430991623
2022-03-06T03:00:00.0;0.06569093928224293
2022-03-06T04:00:00.0;0.06365613627546156
2022-03-06T05:00:00.0;0.06363211703027051
2022-03-06T06:00:00.0;0.06348617483551586
2022-03-06T07:00:00.0;0.06166511049004609
2022-03-06T08:00:00.0;0.057663150244894976
2022-03-06T09:00:00.0;0.05297736075852438
2022-03-06T10:00:00.0;0.049132246194109996
2022-03-06T11:00:00.0;0.04732591627087505
2022-03-06T12:00:00.0;0.04729916200333902
2022-03-06T13:00:00.0;0.04745810492929869
2022-03-06T14:00:00.0;0.05077532552736198
2022-03-06T15:00:00.0;0.055109920453617685
2022-03-06T16:00:00.0;0.0630243357912881
2022-03-06T17:00:00.0;0.07061240913677136
2022-03-06T18:00:00.0;0.07719613285133622
2022-03-06T19:00:00.0;0.08117107692630317
2022-03-06T20:00:00.0;0.08375153612618455
2022-03-06T21:00:00.0;0.08353853043107018
2022-03-06T22:00:00.0;0.08102384121706452
2022-03-06T23:00:00.0;0.07723769230771517
2022-03-07T00:00:00.0;0.07480543311950213
2022-03-07T01:00:00.0;0.07165252875038268
2022-03-07T02:00:00.0;0.06879699502800649
2022-03-07T03:00:00.0;0.06596332028816915
2022-03-07T04:00:00.0;0.06408049120316954
2022-03-07T05:00:00.0;0.06366363746512269
2022-03-07T06:00:00.0;0.06469794188140295
2022-03-07T07:00:00.0;0.06290943044106095
2022-03-07T08:00:00.0;0.058136379476022404
2022-03-07T09:00:00.0;0.05315152175496396
2022-03-07T10:00:00.0;0.05004584687527133
2022-03-07T11:00:00.0;0.04839848556713584
2022-03-07T12:00:00.0;0.04890740260911829
2022-03-07T13:00:00.0;0.05035621736954215
2022-03-07T14:00:00.0;0.05453355278999785
2022-03-07T15:00:00.0;0.05860590141365637
2022-03-07T16:00:00.0;0.06611039993333377
2022-03-07T17:00:00.0;0.07282351294025377
2022-03-07T18:00:00.0;0.0795441698047108
2022-03-07T19:00:00.0;0.08417133588835078
2022-03-07T20:00:00.0;0.0859404031517281
2022-03-07T21:00:00.0;0.08471741625105068
2022-03-07T22:00:00.0;0.0821478476981322
2022-03-07T23:00:00.0;0.07841439953101399
2022-03-08T00:00:00.0;0.07601122441368455
2022-03-08T01:00:00.0;0.07268276133270492
2022-03-08T02:00:00.0;0.06982121125452286
2022-03-08T03:00:00.0;0.06715148641670377
2022-03-08T04:00:00.0;0.06533759588639797
2022-03-08T05:00:00.0;0.0656280843538217
2022-03-08T06:00:00.0;0.06659319832373005
2022-03-08T07:00:00.0;0.06608899821843468
2022-03-08T08:00:00.0;0.06287992539500556
2022-03-08T09:00:00.0;0.057765408028199856
2022-03-08T10:00:00.0;0.05351667367706855
2022-03-08T11:00:00.0;0.05107273025820343
2022-03-08T12:00:00.0;0.05043504313636913
2022-03-08T13:00:00.0;0.05076169087964942
2022-03-08T14:00:00.0;0.05358679492522383
2022-03-08T15:00:00.0;0.058346341983562394
2022-03-08T16:00:00.0;0.06569513171123482
2022-03-08T17:00:00.0;0.07358366669906562
2022-03-08T18:00:00.0;0.08023030814759928
2022-03-08T19:00:00.0;0.08448777511856204
2022-03-08T20:00:00.0;0.08692022736058433
2022-03-08T21:00:00.0;0.08559877508779935
2022-03-08T22:00:00.0;0.08303557165190661
2022-03-08T23:00:00.0;0.07929777793138823
2022-03-09T00:00:00.0;0.07476960763444465
2022-03-09T01:00:00.0;0.07160536784685852
2022-03-09T02:00:00.0;0.06877667452841979
2022-03-09T03:00:00.0;0.06619396807441898
2022-03-09T04:00:00.0;0.06425460678377529
2022-03-09T05:00:00.0;0.06358725859187662
2022-03-09T06:00:00.0;0.06322576664247131
2022-03-09T07:00:00.0;0.061401430863451616
2022-03-09T08:00:00.0;0.05798664667321886
2022-03-09T09:00:00.0;0.05337212671845127
2022-03-09T10:00:00.0;0.050408836730097516
2022-03-09T11:00:00.0;0.04809243649345861
2022-03-09T12:00:00.0;0.04797429122487183
2022-03-09T13:00:00.0;0.04867458904897364
2022-03-09T14:00:00.0;0.05266919426919256
2022-03-09T15:00:00.0;0.057043978773386704
2022-03-09T16:00:00.0;0.0638501420790344
2022-03-09T17:00:00.0;0.07069333244610233
2022-03-09T18:00:00.0;0.0773137144221914
2022-03-09T19:00:00.0;0.08262123759537245
2022-03-09T20:00:00.0;0.08579697955383346
2022-03-09T21:00:00.0;0.08519125984148496
2022-03-09T22:00:00.0;0.0830103157960588
2022-03-09T23:00:00.0;0.07924876360812837
2022-03-10T00:00:00.0;0.07611765177609506
2022-03-10T01:00:00.0;0.07293537646178859
2022-03-10T02:00:00.0;0.07002622755013649
2022-03-10T03:00:00.0;0.06722673366775525
2022-03-10T04:00:00.0;0.06500828959021535
2022-03-10T05:00:00.0;0.06387869714357985
2022-03-10T06:00:00.0;0.06340438867993409
2022-03-10T07:00:00.0;0.06199578818063001
2022-03-10T08:00:00.0;0.05932366849160077
2022-03-10T09:00:00.0;0.054847922585498525
2022-03-10T10:00:00.0;0.0517207326611119
2022-03-10T11:00:00.0;0.04949095567961599
2022-03-10T12:00:00.0;0.0494178049227127
2022-03-10T13:00:00.0;0.050591713981145474
2022-03-10T14:00:00.0;0.05428887194005637
2022-03-10T15:00:00.0;0.0586986967760934
2022-03-10T16:00:00.0;0.06573854730781684
2022-03-10T17:00:00.0;0.07228134574748095
2022-03-10T18:00:00.0;0.07864810159673953
2022-03-10T19:00:00.0;0.08392537420342114
2022-03-10T20:00:00.0;0.08711307432623773
2022-03-10T21:00:00.0;0.08682689070458016
2022-03-10T22:00:00.0;0.08437056718658759
2022-03-10T23:00:00.0;0.0802620900034945
2022-03-11T00:00:00.0;0.07690448167789513
2022-03-11T01:00:00.0;0.07348494913633419
2022-03-11T02:00:00.0;0.07055736649859354
2022-03-11T03:00:00.0;0.06779361806741764
2022-03-11T04:00:00.0;0.06586374761723779
2022-03-11T05:00:00.0;0.06623969422688294
2022-03-11T06:00:00.0;0.06792433855704455
2022-03-11T07:00:00.0;0.0685990997288041
2022-03-11T08:00:00.0;0.0659132923200477
2022-03-11T09:00:00.0;0.06085414082003767
2022-03-11T10:00:00.0;0.056210834966255036
2022-03-11T11:00:00.0;0.05386713661540965
2022-03-11T12:00:00.0;0.052873593262291366
2022-03-11T13:00:00.0;0.05295382961828654
2022-03-11T14:00:00.0;0.055172830497193
2022-03-11T15:00:00.0;0.060297515502535745
2022-03-11T16:00:00.0;0.06800714522161917
2022-03-11T17:00:00.0;0.07634035759015
2022-03-11T18:00:00.0;0.08267720958793133
2022-03-11T19:00:00.0;0.0859146500562541
2022-03-11T20:00:00.0;0.08739002098123072
2022-03-11T21:00:00.0;0.08588766229253537
2022-03-11T22:00:00.0;0.0830058442904445
2022-03-11T23:00:00.0;0.07940953268422914
2022-03-12T00:00:00.0;0.07269656975061803
2022-03-12T01:00:00.0;0.06942392288662402
2022-03-12T02:00:00.0;0.06656498833737753
2022-03-12T03:00:00.0;0.06379593973327106
2022-03-12T04:00:00.0;0.061717823425764276
2022-03-12T05:00:00.0;0.06157486274228714
2022-03-12T06:00:00.0;0.06233657463852872
2022-03-12T07:00:00.0;0.06134551812599895
2022-03-12T08:00:00.0;0.056765461398289425
2022-03-12T09:00:00.0;0.05031456754117293
2022-03-12T10:00:00.0;0.04525447786443479
2022-03-12T11:00:00.0;0.04307205512296065
2022-03-12T12:00:00.0;0.04225802153473123
2022-03-12T13:00:00.0;0.043017564722391544
2022-03-12T14:00:00.0;0.04679403696108292
2022-03-12T15:00:00.0;0.053628303155424654
2022-03-12T16:00:00.0;0.06325560978690038
2022-03-12T17:00:00.0;0.07087458801483357
2022-03-12T18:00:00.0;0.07727100220882818
2022-03-12T19:00:00.0;0.08032424284658696
2022-03-12T20:00:00.0;0.08169549098071548
2022-03-12T21:00:00.0;0.08085212696277742
2022-03-12T22:00:00.0;0.07808103644554931
2022-03-12T23:00:00.0;0.07478287895885484
2022-03-13T00:00:00.0;0.07245165864058284
2022-03-13T01:00:00.0;0.0691907224987331
2022-03-13T02:00:00.0;0.06634055232755709
2022-03-13T03:00:00.0;0.06357569283719254
2022-03-13T04:00:00.0;0.061504163547318275
2022-03-13T05:00:00.0;0.06137051213903918
2022-03-13T06:00:00.0;0.06208109318537047
2022-03-13T07:00:00.0;0.06095367416216362
2022-03-13T08:00:00.0;0.05621259210546512
2022-03-13T09:00:00.0;0.04964523721560379
2022-03-13T10:00:00.0;0.04454622922421824
2022-03-13T11:00:00.0;0.04236637576199817
2022-03-13T12:00:00.0;0.041564898839990684
2022-03-13T13:00:00.0;0.04235797886933109
2022-03-13T14:00:00.0;0.04621297488814208
2022-03-13T15:00:00.0;0.05313043887658223
2022-03-13T16:00:00.0;0.06286030491339414
2022-03-13T17:00:00.0;0.0704374315621691
2022-03-13T18:00:00.0;0.07688329352165273
2022-03-13T19:00:00.0;0.07997458531495429
2022-03-13T20:00:00.0;0.08139057220418683
2022-03-13T21:00:00.0;0.08056755559447586
2022-03-13T22:00:00.0;0.0778069865830182
2022-03-13T23:00:00.0;0.07451311093869725
2022-03-14T00:00:00.0;0.07531765658984123
2022-03-14T01:00:00.0;0.07198823317184698
2022-03-14T02:00:00.0;0.06907147021278463
2022-03-14T03:00:00.0;0.06586080511564604
2022-03-14T04:00:00.0;0.06353908599526116
2022-03-14T05:00:00.0;0.06265073438912162
2022-03-14T06:00:00.0;0.06320046889572509
2022-03-14T07:00:00.0;0.06091798273410906
2022-03-14T08:00:00.0;0.055892137897895294
2022-03-14T09:00:00.0;0.050455898046649746
2022-03-14T10:00:00.0;0.04660021310909685
2022-03-14T11:00:00.0;0.04541116911099182
2022-03-14T12:00:00.0;0.04634783060849471
2022-03-14T13:00:00.0;0.04872909642623646
2022-03-14T14:00:00.0;0.0528337565533158
2022-03-14T15:00:00.0;0.057234206917664274
2022-03-14T16:00:00.0;0.06618751473081158
2022-03-14T17:00:00.0;0.07234023666079159
2022-03-14T18:00:00.0;0.07894443655920873
2022-03-14T19:00:00.0;0.08333122824496357
2022-03-14T20:00:00.0;0.08520081399475943
2022-03-14T21:00:00.0;0.08483116679036476
2022-03-14T22:00:00.0;0.08178415966772322
2022-03-14T23:00:00.0;0.07745769848396618
2022-03-15T00:00:00.0;0.07553982046792944
2022-03-15T01:00:00.0;0.07222690395978984
2022-03-15T02:00:00.0;0.06932327298015621
2022-03-15T03:00:00.0;0.06612997017179423
2022-03-15T04:00:00.0;0.06388657219737078
2022-03-15T05:00:00.0;0.06314016794366382
2022-03-15T06:00:00.0;0.06384463127444964
2022-03-15T07:00:00.0;0.061496954730650276
2022-03-15T08:00:00.0;0.0563029232373063
2022-03-15T09:00:00.0;0.050914081286129516
2022-03-15T10:00:00.0;0.0472004874130624
2022-03-15T11:00:00.0;0.046052949401977114
2022-03-15T12:00:00.0;0.04707433560301872
2022-03-15T13:00:00.0;0.049420662062902465
2022-03-15T14:00:00.0;0.053475863494876916
2022-03-15T15:00:00.0;0.057583540975526024
2022-03-15T16:00:00.0;0.06629704571029013
2022-03-15T17:00:00.0;0.07243971598532943
2022-03-15T18:00:00.0;0.07920096149779686
2022-03-15T19:00:00.0;0.08376444901283231
2022-03-15T20:00:00.0;0.08568552360520923
2022-03-15T21:00:00.0;0.08515811698127865
2022-03-15T22:00:00.0;0.08212785864413087
2022-03-15T23:00:00.0;0.07777655525917831
2022-03-16T00:00:00.0;0.07819371655051606
2022-03-16T01:00:00.0;0.07497167517315202
2022-03-16T02:00:00.0;0.07198967552692283
2022-03-16T03:00:00.0;0.06899012471573492
2022-03-16T04:00:00.0;0.06658906255921161
2022-03-16T05:00:00.0;0.06549366671587481
2022-03-16T06:00:00.0;0.06551113479623065
2022-03-16T07:00:00.0;0.06504027279129632
2022-03-16T08:00:00.0;0.06293734574501283
2022-03-16T09:00:00.0;0.0583714962157562
2022-03-16T10:00:00.0;0.05483907154817882
2022-03-16T11:00:00.0;0.05274078391010657
2022-03-16T12:00:00.0;0.05243680898074125
2022-03-16T13:00:00.0;0.05366752707851706
2022-03-16T14:00:00.0;0.05645930124012419
2022-03-16T15:00:00.0;0.06089873687107912
2022-03-16T16:00:00.0;0.06816402810629929
2022-03-16T17:00:00.0;0.07473137315422382
2022-03-16T18:00:00.0;0.08115953464077869
2022-03-16T19:00:00.0;0.08617298984562714
2022-03-16T20:00:00.0;0.08913514568712586
2022-03-16T21:00:00.0;0.08880483558343821
2022-03-16T22:00:00.0;0.08589606990759388
2022-03-16T23:00:00.0;0.08147355201048953
2022-03-17T00:00:00.0;0.07114064731321124
2022-03-17T01:00:00.0;0.0680066094335209
2022-03-17T02:00:00.0;0.06518216815807382
2022-03-17T03:00:00.0;0.0624516470451142
2022-03-17T04:00:00.0;0.060254723042391066
2022-03-17T05:00:00.0;0.0595059131518638
2022-03-17T06:00:00.0;0.059421072375924255
2022-03-17T07:00:00.0;0.05740780531093144
2022-03-17T08:00:00.0;0.05213667019240659
2022-03-17T09:00:00.0;0.04551204363960329
2022-03-17T10:00:00.0;0.0410475738584642
2022-03-17T11:00:00.0;0.039041422454528664
2022-03-17T12:00:00.0;0.03847857794051733
2022-03-17T13:00:00.0;0.03951804482453923
2022-03-17T14:00:00.0;0.044188763193500964
2022-03-17T15:00:00.0;0.051300092666329
2022-03-17T16:00:00.0;0.06117632341915931
2022-03-17T17:00:00.0;0.06802388195391278
2022-03-17T18:00:00.0;0.07453413923041816
2022-03-17T19:00:00.0;0.07806247056994484
2022-03-17T20:00:00.0;0.07972718978641437
2022-03-17T21:00:00.0;0.07941117180097564
2022-03-17T22:00:00.0;0.07679635464816699
2022-03-17T23:00:00.0;0.0735637754853472
2022-03-18T00:00:00.0;0.07595413978458804
2022-03-18T01:00:00.0;0.07276984607891661
2022-03-18T02:00:00.0;0.06982379892435425
2022-03-18T03:00:00.0;0.06673021948573395
2022-03-18T04:00:00.0;0.06428663225767911
2022-03-18T05:00:00.0;0.06291683579051374
2022-03-18T06:00:00.0;0.06206283920049332
2022-03-18T07:00:00.0;0.06008959851697198
2022-03-18T08:00:00.0;0.05721808903578763
2022-03-18T09:00:00.0;0.051846153870785054
2022-03-18T10:00:00.0;0.04760365448943329
2022-03-18T11:00:00.0;0.04530416277650861
2022-03-18T12:00:00.0;0.0454584870636394
2022-03-18T13:00:00.0;0.047768089598374065
2022-03-18T14:00:00.0;0.05161142438273412
2022-03-18T15:00:00.0;0.05672977808306924
2022-03-18T16:00:00.0;0.06505507552651886
2022-03-18T17:00:00.0;0.07119841887358509
2022-03-18T18:00:00.0;0.0775068559914878
2022-03-18T19:00:00.0;0.08299525462881968
2022-03-18T20:00:00.0;0.08670173425330038
2022-03-18T21:00:00.0;0.08681022157225411
2022-03-18T22:00:00.0;0.08410686659493691
2022-03-18T23:00:00.0;0.07946164914561164
2022-03-19T00:00:00.0;0.0733264186075307
2022-03-19T01:00:00.0;0.07004632960541107
2022-03-19T02:00:00.0;0.06725647500462041
2022-03-19T03:00:00.0;0.06457161560489762
2022-03-19T04:00:00.0;0.06282341269512015
2022-03-19T05:00:00.0;0.06349339947108082
2022-03-19T06:00:00.0;0.06442887708168896
2022-03-19T07:00:00.0;0.06299837825406591
2022-03-19T08:00:00.0;0.05806631943647426
2022-03-19T09:00:00.0;0.05136030214322368
2022-03-19T10:00:00.0;0.04599702370316966
2022-03-19T11:00:00.0;0.04354488484384469
2022-03-19T12:00:00.0;0.04280807203909665
2022-03-19T13:00:00.0;0.04344898492194927
2022-03-19T14:00:00.0;0.046820306173209154
2022-03-19T15:00:00.0;0.05298804594517058
2022-03-19T16:00:00.0;0.062043554726524335
2022-03-19T17:00:00.0;0.06992920621190114
2022-03-19T18:00:00.0;0.0769463736500055
2022-03-19T19:00:00.0;0.08087622457432037
2022-03-19T20:00:00.0;0.08322980825558907
2022-03-19T21:00:00.0;0.08192046803430034
2022-03-19T22:00:00.0;0.07929210201165426
2022-03-19T23:00:00.0;0.0757032356791022
2022-03-20T00:00:00.0;0.07118691282419037
2022-03-20T01:00:00.0;0.06798761534634595
2022-03-20T02:00:00.0;0.0651844600158993
2022-03-20T03:00:00.0;0.06244288841697634
2022-03-20T04:00:00.0;0.06041097359818102
2022-03-20T05:00:00.0;0.06033993423240313
2022-03-20T06:00:00.0;0.06078742195262965
2022-03-20T07:00:00.0;0.05894131309223139
2022-03-20T08:00:00.0;0.053349997243455925
2022-03-20T09:00:00.0;0.046168179016205305
2022-03-20T10:00:00.0;0.0408627986154601
2022-03-20T11:00:00.0;0.03869370473283841
2022-03-20T12:00:00.0;0.03795784761774988
2022-03-20T13:00:00.0;0.03892190741382178
2022-03-20T14:00:00.0;0.043177946829727316
2022-03-20T15:00:00.0;0.05051905358194008
2022-03-20T16:00:00.0;0.06077521530042915
2022-03-20T17:00:00.0;0.06813611262783952
2022-03-20T18:00:00.0;0.07485424652895376
2022-03-20T19:00:00.0;0.07815998394152877
2022-03-20T20:00:00.0;0.07982569769187436
2022-03-20T21:00:00.0;0.07910113124279197
2022-03-20T22:00:00.0;0.07639639643772034
2022-03-20T23:00:00.0;0.07311982303290322
2022-03-21T00:00:00.0;0.07500398826442735
2022-03-21T01:00:00.0;0.07187084199939216
2022-03-21T02:00:00.0;0.06896880575988258
2022-03-21T03:00:00.0;0.06567196092658002
2022-03-21T04:00:00.0;0.06357108430947006
2022-03-21T05:00:00.0;0.06317412055340514
2022-03-21T06:00:00.0;0.06454268318314246
2022-03-21T07:00:00.0;0.062200795328840555
2022-03-21T08:00:00.0;0.05639036987267381
2022-03-21T09:00:00.0;0.049962642269402786
2022-03-21T10:00:00.0;0.045385704520801096
2022-03-21T11:00:00.0;0.04399886270873441
2022-03-21T12:00:00.0;0.04493891725475217
2022-03-21T13:00:00.0;0.047917717307711015
2022-03-21T14:00:00.0;0.05207034280936405
2022-03-21T15:00:00.0;0.056864238166862605
2022-03-21T16:00:00.0;0.06624121451951033
2022-03-21T17:00:00.0;0.07242472682648052
2022-03-21T18:00:00.0;0.07939348347027181
2022-03-21T19:00:00.0;0.08404157179723987
2022-03-21T20:00:00.0;0.08586119311488097
2022-03-21T21:00:00.0;0.0847352510578159
2022-03-21T22:00:00.0;0.0815952886114147
2022-03-21T23:00:00.0;0.07718129852322286
2022-03-22T00:00:00.0;0.07487583766254095
2022-03-22T01:00:00.0;0.07175615035750153
2022-03-22T02:00:00.0;0.06886339198643301
2022-03-22T03:00:00.0;0.06555314459277743
2022-03-22T04:00:00.0;0.06350082882962346
2022-03-22T05:00:00.0;0.06322505929111986
2022-03-22T06:00:00.0;0.0648477040063201
2022-03-22T07:00:00.0;0.062435916443375
2022-03-22T08:00:00.0;0.05623493812427459
2022-03-22T09:00:00.0;0.049685111459988926
2022-03-22T10:00:00.0;0.045120499689942896
2022-03-22T11:00:00.0;0.04385255792141762
2022-03-22T12:00:00.0;0.04488508983584201
2022-03-22T13:00:00.0;0.047911047854541804
2022-03-22T14:00:00.0;0.05210727379869659
2022-03-22T15:00:00.0;0.05683868366439808
2022-03-22T16:00:00.0;0.0663029540046505
2022-03-22T17:00:00.0;0.07247135177834217
2022-03-22T18:00:00.0;0.07955469201041449
2022-03-22T19:00:00.0;0.08413875702024995
2022-03-22T20:00:00.0;0.08575128019140531
2022-03-22T21:00:00.0;0.08447559537756016
2022-03-22T22:00:00.0;0.08129175064778008
2022-03-22T23:00:00.0;0.07691363974326995
2022-03-23T00:00:00.0;0.07454517287087714
2022-03-23T01:00:00.0;0.07144890777336005
2022-03-23T02:00:00.0;0.06857656056862087
2022-03-23T03:00:00.0;0.06523693666372904
2022-03-23T04:00:00.0;0.0633078746978347
2022-03-23T05:00:00.0;0.06333300849635096
2022-03-23T06:00:00.0;0.06560236569163355
2022-03-23T07:00:00.0;0.06306373227983225
2022-03-23T08:00:00.0;0.05595997702511477
2022-03-23T09:00:00.0;0.04915182995452824
2022-03-23T10:00:00.0;0.044606915045875425
2022-03-23T11:00:00.0;0.04361662755567108
2022-03-23T12:00:00.0;0.04487145768678352
2022-03-23T13:00:00.0;0.04800219093760424
2022-03-23T14:00:00.0;0.05230842625984939
2022-03-23T15:00:00.0;0.05688490089985911
2022-03-23T16:00:00.0;0.06654904539552287
2022-03-23T17:00:00.0;0.07272823980868523
2022-03-23T18:00:00.0;0.08004266081634649
2022-03-23T19:00:00.0;0.08441317910077752
2022-03-23T20:00:00.0;0.0854714274301646
2022-03-23T21:00:00.0;0.08381358811029291
2022-03-23T22:00:00.0;0.08053267711793746
2022-03-23T23:00:00.0;0.0762642310081709
2022-03-24T00:00:00.0;0.07460880289665313
2022-03-24T01:00:00.0;0.07151693985540851
2022-03-24T02:00:00.0;0.06864344535791492
2022-03-24T03:00:00.0;0.06530537201669932
2022-03-24T04:00:00.0;0.06335420529004206
2022-03-24T05:00:00.0;0.06333074426181252
2022-03-24T06:00:00.0;0.06548266064781291
2022-03-24T07:00:00.0;0.06292626487810775
2022-03-24T08:00:00.0;0.05591352033389842
2022-03-24T09:00:00.0;0.04911037749624128
2022-03-24T10:00:00.0;0.04457121345960344
2022-03-24T11:00:00.0;0.0435504610358147
2022-03-24T12:00:00.0;0.04477537442426298
2022-03-24T13:00:00.0;0.0478992678218497
2022-03-24T14:00:00.0;0.052186297808879574
2022-03-24T15:00:00.0;0.05678762608954021
2022-03-24T16:00:00.0;0.06643330014487256
2022-03-24T17:00:00.0;0.07257117605235741
2022-03-24T18:00:00.0;0.0798920186730982
2022-03-24T19:00:00.0;0.0843417297639148
2022-03-24T20:00:00.0;0.08552232167956046
2022-03-24T21:00:00.0;0.0839346918382993
2022-03-24T22:00:00.0;0.08065972293257245
2022-03-24T23:00:00.0;0.07635670945569488
2022-03-25T00:00:00.0;0.07553379569479243
2022-03-25T01:00:00.0;0.07240140682295168
2022-03-25T02:00:00.0;0.0694786961787996
2022-03-25T03:00:00.0;0.06621235598300382
2022-03-25T04:00:00.0;0.06392099974102991
2022-03-25T05:00:00.0;0.06308085888640802
2022-03-25T06:00:00.0;0.06344015602131915
2022-03-25T07:00:00.0;0.0611209635455943
2022-03-25T08:00:00.0;0.05640575009902585
2022-03-25T09:00:00.0;0.050203135515564594
2022-03-25T10:00:00.0;0.04563879234922269
2022-03-25T11:00:00.0;0.04390444379909156
2022-03-25T12:00:00.0;0.044542149176725235
2022-03-25T13:00:00.0;0.047407013311860785
2022-03-25T14:00:00.0;0.05139184303607796
2022-03-25T15:00:00.0;0.05641172323385096
2022-03-25T16:00:00.0;0.06555002845547103
2022-03-25T17:00:00.0;0.07154813466882028
2022-03-25T18:00:00.0;0.07836457910394423
2022-03-25T19:00:00.0;0.08351987893268203
2022-03-25T20:00:00.0;0.08629722788101984
2022-03-25T21:00:00.0;0.08577048883357989
2022-03-25T22:00:00.0;0.0827328433557559
2022-03-25T23:00:00.0;0.07808619538922612
2022-03-26T00:00:00.0;0.07661941123638388
2022-03-26T01:00:00.0;0.07335964975074823
2022-03-26T02:00:00.0;0.07041046997989604
2022-03-26T03:00:00.0;0.06724636076933631
2022-03-26T04:00:00.0;0.06460297625595596
2022-03-26T05:00:00.0;0.06294830879904474
2022-03-26T06:00:00.0;0.0615491114029959
2022-03-26T07:00:00.0;0.05921340594821513
2022-03-26T08:00:00.0;0.056259595696674276
2022-03-26T09:00:00.0;0.051057029923151025
2022-03-26T10:00:00.0;0.047132430764437176
2022-03-26T11:00:00.0;0.04516429299343424
2022-03-26T12:00:00.0;0.04550043180089665
2022-03-26T13:00:00.0;0.04778923297787981
2022-03-26T14:00:00.0;0.05148598735173849
2022-03-26T15:00:00.0;0.05628588291785774
2022-03-26T16:00:00.0;0.06468091276634629
2022-03-26T17:00:00.0;0.07037239037564605
2022-03-26T18:00:00.0;0.07688552783854698
2022-03-26T19:00:00.0;0.08264561689131064
2022-03-26T20:00:00.0;0.08671964072396698
2022-03-26T21:00:00.0;0.08739913469710447
2022-03-26T22:00:00.0;0.08454876442421742
2022-03-26T23:00:00.0;0.07962908426726253
2022-03-27T00:00:00.0;0.07575765300192308
2022-03-27T01:00:00.0;0.07262848812897782
2022-03-27T02:00:00.0;0.06969783313794885
2022-03-27T03:00:00.0;0.06644152931197546
2022-03-27T04:00:00.0;0.06407011394531519
2022-03-27T05:00:00.0;0.06304725424182407
2022-03-27T06:00:00.0;0.06298691781855184
2022-03-27T07:00:00.0;0.06066260130730789
2022-03-27T08:00:00.0;0.05637724579977677
2022-03-27T09:00:00.0;0.05025044089908459
2022-03-27T10:00:00.0;0.04569004458960332
2022-03-27T11:00:00.0;0.04381822822656244
2022-03-27T12:00:00.0;0.044334418454434546
2022-03-27T13:00:00.0;0.04716019136668413
2022-03-27T14:00:00.0;0.05107472409866934
2022-03-27T15:00:00.0;0.05618981268962365
2022-03-27T16:00:00.0;0.06523995242797197
2022-03-27T17:00:00.0;0.07114618499538398
2022-03-27T18:00:00.0;0.07791592399638497
2022-03-27T19:00:00.0;0.08329606134655121
2022-03-27T20:00:00.0;0.0864799985582975
2022-03-27T21:00:00.0;0.08620364497032447
2022-03-27T22:00:00.0;0.08320291021871161
2022-03-27T23:00:00.0;0.07845226989045388
2022-03-28T00:00:00.0;0.07495180790800827
2022-03-28T01:00:00.0;0.07186826664648688
2022-03-28T02:00:00.0;0.06898377890609615
2022-03-28T03:00:00.0;0.06566115890637295
2022-03-28T04:00:00.0;0.06358804423771995
2022-03-28T05:00:00.0;0.0632865291505835
2022-03-28T06:00:00.0;0.06479324995485587
2022-03-28T07:00:00.0;0.06221403737770653
2022-03-28T08:00:00.0;0.05583494136333473
2022-03-28T09:00:00.0;0.049136088590119066
2022-03-28T10:00:00.0;0.04461142436379188
2022-03-28T11:00:00.0;0.043386731707810815
2022-03-28T12:00:00.0;0.04442813431575036
2022-03-28T13:00:00.0;0.04749211679241648
2022-03-28T14:00:00.0;0.051672221845995035
2022-03-28T15:00:00.0;0.05641610571970975
2022-03-28T16:00:00.0;0.06592763852074422
2022-03-28T17:00:00.0;0.07191064736881843
2022-03-28T18:00:00.0;0.07917809717323826
2022-03-28T19:00:00.0;0.0839888144577821
2022-03-28T20:00:00.0;0.08580178870161284
2022-03-28T21:00:00.0;0.0845983880647094
2022-03-28T22:00:00.0;0.08137747767028398
2022-03-28T23:00:00.0;0.07691141097235545
2022-03-29T00:00:00.0;0.0766362192801924
2022-03-29T01:00:00.0;0.07340613709545393
2022-03-29T02:00:00.0;0.07047888176431685
2022-03-29T03:00:00.0;0.06734666244343876
2022-03-29T04:00:00.0;0.06478923464867414
2022-03-29T05:00:00.0;0.06331871559408578
2022-03-29T06:00:00.0;0.062264625203474734
2022-03-29T07:00:00.0;0.05989217047457081
2022-03-29T08:00:00.0;0.056398329665926526
2022-03-29T09:00:00.0;0.051173478063671445
2022-03-29T10:00:00.0;0.04754334038656621
2022-03-29T11:00:00.0;0.04579309340083244
2022-03-29T12:00:00.0;0.046206998063048094
2022-03-29T13:00:00.0;0.04831965480999086
2022-03-29T14:00:00.0;0.05199326644695046
2022-03-29T15:00:00.0;0.056537970381191176
2022-03-29T16:00:00.0;0.06479137973269772
2022-03-29T17:00:00.0;0.07043574460147485
2022-03-29T18:00:00.0;0.07721690870985796
2022-03-29T19:00:00.0;0.08296381203579868
2022-03-29T20:00:00.0;0.08676183759102166
2022-03-29T21:00:00.0;0.08722498067184538
2022-03-29T22:00:00.0;0.0843306361151012
2022-03-29T23:00:00.0;0.079509054707665
2022-03-30T00:00:00.0;0.07640683549331072
2022-03-30T01:00:00.0;0.07329740434055004
2022-03-30T02:00:00.0;0.07037199626322671
2022-03-30T03:00:00.0;0.06713120871546206
2022-03-30T04:00:00.0;0.06485218127219952
2022-03-30T05:00:00.0;0.0641235838479191
2022-03-30T06:00:00.0;0.06476655335476873
2022-03-30T07:00:00.0;0.06284200330238977
2022-03-30T08:00:00.0;0.058155056267603686
2022-03-30T09:00:00.0;0.052099599364245346
2022-03-30T10:00:00.0;0.047859380401157454
2022-03-30T11:00:00.0;0.046269964158631174
2022-03-30T12:00:00.0;0.046764182779578146
2022-03-30T13:00:00.0;0.04925481445240715
2022-03-30T14:00:00.0;0.05284262661348885
2022-03-30T15:00:00.0;0.05759415552264863
2022-03-30T16:00:00.0;0.066380763084781
2022-03-30T17:00:00.0;0.07236719043552235
2022-03-30T18:00:00.0;0.07942826592815551
2022-03-30T19:00:00.0;0.08459912423425071
2022-03-30T20:00:00.0;0.08722743230595119
2022-03-30T21:00:00.0;0.0865617616913511
2022-03-30T22:00:00.0;0.08340741513874443
2022-03-30T23:00:00.0;0.07878007270443627
2022-03-31T00:00:00.0;0.07976947365506451
2022-03-31T01:00:00.0;0.07624745104241205
2022-03-31T02:00:00.0;0.07320795742077514
2022-03-31T03:00:00.0;0.07040295210469377
2022-03-31T04:00:00.0;0.06831765769537829
2022-03-31T05:00:00.0;0.06825224101869176
2022-03-31T06:00:00.0;0.070264408236725
2022-03-31T07:00:00.0;0.07243966012827506
2022-03-31T08:00:00.0;0.07179279692362867
2022-03-31T09:00:00.0;0.06837843514916794
2022-03-31T10:00:00.0;0.06462398010669265
2022-03-31T11:00:00.0;0.06233111685577115
2022-03-31T12:00:00.0;0.06128061473574844
2022-03-31T13:00:00.0;0.06100126493596908
2022-03-31T14:00:00.0;0.06250327162086815
2022-03-31T15:00:00.0;0.06651821463434723
2022-03-31T16:00:00.0;0.07281544871427569
2022-03-31T17:00:00.0;0.08137506836180672
2022-03-31T18:00:00.0;0.08704506419994208
2022-03-31T19:00:00.0;0.08997559773644309
2022-03-31T20:00:00.0;0.09094990307494524
2022-03-31T21:00:00.0;0.08941048059944627
2022-03-31T22:00:00.0;0.0864535231906976
2022-03-31T23:00:00.0;0.08282259462419395
2022-04-01T00:00:00.0;0.0785495587011703
2022-04-01T01:00:00.0;0.0750654327756726
2022-04-01T02:00:00.0;0.07210019926482379
2022-04-01T03:00:00.0;0.06932832504692814
2022-04-01T04:00:00.0;0.0674219118237374
2022-04-01T05:00:00.0;0.06791113699952776
2022-04-01T06:00:00.0;0.06995073656220002
2022-04-01T07:00:00.0;0.07136610002902836
2022-04-01T08:00:00.0;0.06953597471875755
2022-04-01T09:00:00.0;0.06510132081318064
2022-04-01T10:00:00.0;0.0606541971709028
2022-04-01T11:00:00.0;0.05826290610321138
2022-04-01T12:00:00.0;0.057194402289172136
2022-04-01T13:00:00.0;0.05702267027927694
2022-04-01T14:00:00.0;0.058660272286012415
2022-04-01T15:00:00.0;0.06315356716433286
2022-04-01T16:00:00.0;0.07013401353399516
2022-04-01T17:00:00.0;0.07874709262460297
2022-04-01T18:00:00.0;0.0849564010301513
2022-04-01T19:00:00.0;0.08815526808227084
2022-04-01T20:00:00.0;0.08955616375236977
2022-04-01T21:00:00.0;0.0878370029445013
2022-04-01T22:00:00.0;0.08490265223503705
2022-04-01T23:00:00.0;0.08121941607347088
2022-04-02T00:00:00.0;0.07413627784966567
2022-04-02T01:00:00.0;0.07088939224621525
2022-04-02T02:00:00.0;0.06814970230077552
2022-04-02T03:00:00.0;0.06551896914203635
2022-04-02T04:00:00.0;0.063932063129268
2022-04-02T05:00:00.0;0.06510781425528624
2022-04-02T06:00:00.0;0.0661886365419991
2022-04-02T07:00:00.0;0.0645391871792511
2022-04-02T08:00:00.0;0.059115490879036545
2022-04-02T09:00:00.0;0.05216287959503908
2022-04-02T10:00:00.0;0.046868683603418226
2022-04-02T11:00:00.0;0.044453942569620784
2022-04-02T12:00:00.0;0.04368111794285629
2022-04-02T13:00:00.0;0.04401842509605433
2022-04-02T14:00:00.0;0.046924762122398274
2022-04-02T15:00:00.0;0.05262076044700954
2022-04-02T16:00:00.0;0.06129102193153884
2022-04-02T17:00:00.0;0.06912738792759432
2022-04-02T18:00:00.0;0.07685093782898578
2022-04-02T19:00:00.0;0.0814272246204317
2022-04-02T20:00:00.0;0.08437172258351094
2022-04-02T21:00:00.0;0.0828290622542629
2022-04-02T22:00:00.0;0.08015483545898289
2022-04-02T23:00:00.0;0.0763579725675183
2022-04-03T00:00:00.0;0.07715458022934336
2022-04-03T01:00:00.0;0.07392900217808106
2022-04-03T02:00:00.0;0.07098734752034001
2022-04-03T03:00:00.0;0.0678307877841162
2022-04-03T04:00:00.0;0.06517022491878342
2022-04-03T05:00:00.0;0.06353802554106942
2022-04-03T06:00:00.0;0.06215769236512604
2022-04-03T07:00:00.0;0.05985552411556311
2022-04-03T08:00:00.0;0.05674419340040845
2022-04-03T09:00:00.0;0.05153734676554957
2022-04-03T10:00:00.0;0.04787998611433801
2022-04-03T11:00:00.0;0.046058278807872347
2022-04-03T12:00:00.0;0.04634761929550266
2022-04-03T13:00:00.0;0.0484414500475561
2022-04-03T14:00:00.0;0.051920813894914195
2022-04-03T15:00:00.0;0.05653800338438823
2022-04-03T16:00:00.0;0.06476073951376146
2022-04-03T17:00:00.0;0.0702678642178884
2022-04-03T18:00:00.0;0.0770770333528161
2022-04-03T19:00:00.0;0.08304330204520355
2022-04-03T20:00:00.0;0.08721067922111869
2022-04-03T21:00:00.0;0.0879118607067358
2022-04-03T22:00:00.0;0.08497051673260592
2022-04-03T23:00:00.0;0.0799878754343222
2022-04-04T00:00:00.0;0.07950294368402551
2022-04-04T01:00:00.0;0.07595713333111709
2022-04-04T02:00:00.0;0.07293350146039182
2022-04-04T03:00:00.0;0.07012242063215411
2022-04-04T04:00:00.0;0.06811289757966908
2022-04-04T05:00:00.0;0.06836471536557115
2022-04-04T06:00:00.0;0.07059018879075392
2022-04-04T07:00:00.0;0.0727370240488403
2022-04-04T08:00:00.0;0.07179225466203465
2022-04-04T09:00:00.0;0.06799149126322951
2022-04-04T10:00:00.0;0.0637705110277405
2022-04-04T11:00:00.0;0.06140392864862528
2022-04-04T12:00:00.0;0.06027580792392607
2022-04-04T13:00:00.0;0.060004075822778086
2022-04-04T14:00:00.0;0.0613977358959335
2022-04-04T15:00:00.0;0.06565017195218775
2022-04-04T16:00:00.0;0.07227747640225289
2022-04-04T17:00:00.0;0.08105490693312839
2022-04-04T18:00:00.0;0.08683761540840189
2022-04-04T19:00:00.0;0.08964003699387937
2022-04-04T20:00:00.0;0.09060813390736201
2022-04-04T21:00:00.0;0.08890145075748203
2022-04-04T22:00:00.0;0.085905384861645
2022-04-04T23:00:00.0;0.08227203328819997
2022-04-05T00:00:00.0;0.07876945650705615
2022-04-05T01:00:00.0;0.07543637536844244
2022-04-05T02:00:00.0;0.07243935917340574
2022-04-05T03:00:00.0;0.06949688004707479
2022-04-05T04:00:00.0;0.06723099218977693
2022-04-05T05:00:00.0;0.06664239325707608
2022-04-05T06:00:00.0;0.06747557147059857
2022-04-05T07:00:00.0;0.06795625004016426
2022-04-05T08:00:00.0;0.06622901726991129
2022-04-05T09:00:00.0;0.061878840328834075
2022-04-05T10:00:00.0;0.05806880565526445
2022-04-05T11:00:00.0;0.055889737652665875
2022-04-05T12:00:00.0;0.05527426213034928
2022-04-05T13:00:00.0;0.05596601634459239
2022-04-05T14:00:00.0;0.05819716148684549
2022-04-05T15:00:00.0;0.06258063330050449
2022-04-05T16:00:00.0;0.06964961109712056
2022-04-05T17:00:00.0;0.07698707794353721
2022-04-05T18:00:00.0;0.08324134854378513
2022-04-05T19:00:00.0;0.08748823766098289
2022-04-05T20:00:00.0;0.08975898113544538
2022-04-05T21:00:00.0;0.08892976675274894
2022-04-05T22:00:00.0;0.08595666231206116
2022-04-05T23:00:00.0;0.08178732332674055
2022-04-06T00:00:00.0;0.07969511822528151
2022-04-06T01:00:00.0;0.07613687409509165
2022-04-06T02:00:00.0;0.07310147082223484
2022-04-06T03:00:00.0;0.0702824870875195
2022-04-06T04:00:00.0;0.06825218010776485
2022-04-06T05:00:00.0;0.06845614350424079
2022-04-06T06:00:00.0;0.07071908366626313
2022-04-06T07:00:00.0;0.07301336225359699
2022-04-06T08:00:00.0;0.07224705473843805
2022-04-06T09:00:00.0;0.06857406513462239
2022-04-06T10:00:00.0;0.06439866879885832
2022-04-06T11:00:00.0;0.062037066969025445
2022-04-06T12:00:00.0;0.06089692921797989
2022-04-06T13:00:00.0;0.060605040021841264
2022-04-06T14:00:00.0;0.06194952853259337
2022-04-06T15:00:00.0;0.0661534144915937
2022-04-06T16:00:00.0;0.07270953585443043
2022-04-06T17:00:00.0;0.08152009483100854
2022-04-06T18:00:00.0;0.08721681323157487
2022-04-06T19:00:00.0;0.08993932300067699
2022-04-06T20:00:00.0;0.09082018033727872
2022-04-06T21:00:00.0;0.08911601231847696
2022-04-06T22:00:00.0;0.08610750644525093
2022-04-06T23:00:00.0;0.08248421014644346
2022-04-07T00:00:00.0;0.07810681123940003
2022-04-07T01:00:00.0;0.07465133126926973
2022-04-07T02:00:00.0;0.07171321767961941
2022-04-07T03:00:00.0;0.06895955082551249
2022-04-07T04:00:00.0;0.06710102131774057
2022-04-07T05:00:00.0;0.06770049735878347
2022-04-07T06:00:00.0;0.06965377798176621
2022-04-07T07:00:00.0;0.07072944941991778
2022-04-07T08:00:00.0;0.068488169020227
2022-04-07T09:00:00.0;0.06375913937141889
2022-04-07T10:00:00.0;0.05920699580418691
2022-04-07T11:00:00.0;0.05680423013877526
2022-04-07T12:00:00.0;0.05576341213513575
2022-04-07T13:00:00.0;0.05563811969307009
2022-04-07T14:00:00.0;0.05738900717613901
2022-04-07T15:00:00.0;0.0619941557484367
2022-04-07T16:00:00.0;0.06913859954973264
2022-04-07T17:00:00.0;0.07767535461140632
2022-04-07T18:00:00.0;0.08408277400015358
2022-04-07T19:00:00.0;0.08746574844565837
2022-04-07T20:00:00.0;0.08906763380449284
2022-04-07T21:00:00.0;0.08734267843146695
2022-04-07T22:00:00.0;0.08443698796168617
2022-04-07T23:00:00.0;0.08073058563412276
2022-04-08T00:00:00.0;0.07621459138414992
2022-04-08T01:00:00.0;0.07306255909899333
2022-04-08T02:00:00.0;0.07021509599280686
2022-04-08T03:00:00.0;0.0673030181779917
2022-04-08T04:00:00.0;0.06524370734213666
2022-04-08T05:00:00.0;0.06519057616352845
2022-04-08T06:00:00.0;0.06536005271806995
2022-04-08T07:00:00.0;0.0636739067363314
2022-04-08T08:00:00.0;0.059486104828742024
2022-04-08T09:00:00.0;0.053198503778235255
2022-04-08T10:00:00.0;0.048570521847292145
2022-04-08T11:00:00.0;0.04632880400598016
2022-04-08T12:00:00.0;0.045939970628458594
2022-04-08T13:00:00.0;0.04719136324542804
2022-04-08T14:00:00.0;0.05012235706918103
2022-04-08T15:00:00.0;0.05530861037515923
2022-04-08T16:00:00.0;0.06362383426753836
2022-04-08T17:00:00.0;0.07033104892819575
2022-04-08T18:00:00.0;0.07777229626880137
2022-04-08T19:00:00.0;0.08323573171005613
2022-04-08T20:00:00.0;0.08687643286065512
2022-04-08T21:00:00.0;0.08615686313044059
2022-04-08T22:00:00.0;0.08328203760275528
2022-04-08T23:00:00.0;0.0788154252628945
2022-04-09T00:00:00.0;0.07445030772694713
2022-04-09T01:00:00.0;0.07123140514113374
2022-04-09T02:00:00.0;0.06851726592893823
2022-04-09T03:00:00.0;0.06591396761535286
2022-04-09T04:00:00.0;0.06445089373124084
2022-04-09T05:00:00.0;0.06596089487034973
2022-04-09T06:00:00.0;0.06720129618081437
2022-04-09T07:00:00.0;0.06547156453197245
2022-04-09T08:00:00.0;0.05983469147859181
2022-04-09T09:00:00.0;0.05267451081922333
2022-04-09T10:00:00.0;0.0472550427439368
2022-04-09T11:00:00.0;0.04475751220579099
2022-04-09T12:00:00.0;0.043945342069644545
2022-04-09T13:00:00.0;0.04420357851830711
2022-04-09T14:00:00.0;0.04689005293950753
2022-04-09T15:00:00.0;0.05241896383733795
2022-04-09T16:00:00.0;0.06091780768963355
2022-04-09T17:00:00.0;0.06882422807075061
2022-04-09T18:00:00.0;0.07686777994691192
2022-04-09T19:00:00.0;0.0817712359054897
2022-04-09T20:00:00.0;0.08503302801994908
2022-04-09T21:00:00.0;0.08326021726732037
2022-04-09T22:00:00.0;0.08059122215125497
2022-04-09T23:00:00.0;0.07669349819081248
2022-04-10T00:00:00.0;0.07464127142157585
2022-04-10T01:00:00.0;0.07159805287793393
2022-04-10T02:00:00.0;0.06869108427112393
2022-04-10T03:00:00.0;0.0654863625091012
2022-04-10T04:00:00.0;0.06295423275540715
2022-04-10T05:00:00.0;0.06161660801973178
2022-04-10T06:00:00.0;0.060940064544393935
2022-04-10T07:00:00.0;0.058287191009485435
2022-04-10T08:00:00.0;0.05355469753975093
2022-04-10T09:00:00.0;0.046899189561984946
2022-04-10T10:00:00.0;0.042381003680807515
2022-04-10T11:00:00.0;0.04057740159602122
2022-04-10T12:00:00.0;0.04078858447273896
2022-04-10T13:00:00.0;0.043400112779271374
2022-04-10T14:00:00.0;0.04756177955292607
2022-04-10T15:00:00.0;0.05354468065799553
2022-04-10T16:00:00.0;0.06322202903998926
2022-04-10T17:00:00.0;0.068747560167291
2022-04-10T18:00:00.0;0.0757259902699521
2022-04-10T19:00:00.0;0.08110190644649629
2022-04-10T20:00:00.0;0.0844231503637896
2022-04-10T21:00:00.0;0.08462695852783246
2022-04-10T22:00:00.0;0.08158425349560564
2022-04-10T23:00:00.0;0.07695857482710469
2022-04-11T00:00:00.0;0.07678867388865601
2022-04-11T01:00:00.0;0.073726041191183
2022-04-11T02:00:00.0;0.07079388008932964
2022-04-11T03:00:00.0;0.0676202254134724
2022-04-11T04:00:00.0;0.06507424852550386
2022-04-11T05:00:00.0;0.06365403164054995
2022-04-11T06:00:00.0;0.06257622062609638
2022-04-11T07:00:00.0;0.060284556520587236
2022-04-11T08:00:00.0;0.05688682860239904
2022-04-11T09:00:00.0;0.05099949483777704
2022-04-11T10:00:00.0;0.046871810625126985
2022-04-11T11:00:00.0;0.04478517969678201
2022-04-11T12:00:00.0;0.04490482804227526
2022-04-11T13:00:00.0;0.04729280378280573
2022-04-11T14:00:00.0;0.050826669708748023
2022-04-11T15:00:00.0;0.05593943473090516
2022-04-11T16:00:00.0;0.06441712608930339
2022-04-11T17:00:00.0;0.06992393461546223
2022-04-11T18:00:00.0;0.07693352356832837
2022-04-11T19:00:00.0;0.08314513253985
2022-04-11T20:00:00.0;0.08744964596197116
2022-04-11T21:00:00.0;0.08775914860716408
2022-04-11T22:00:00.0;0.08481035483429857
2022-04-11T23:00:00.0;0.0798048384735939
2022-04-12T00:00:00.0;0.07471224652975819
2022-04-12T01:00:00.0;0.07157777394611017
2022-04-12T02:00:00.0;0.0687815659466504
2022-04-12T03:00:00.0;0.06594014851400719
2022-04-12T04:00:00.0;0.06399685790442662
2022-04-12T05:00:00.0;0.06423347055380232
2022-04-12T06:00:00.0;0.06445721797272035
2022-04-12T07:00:00.0;0.062337985280137814
2022-04-12T08:00:00.0;0.05728824217757327
2022-04-12T09:00:00.0;0.05038712404640906
2022-04-12T10:00:00.0;0.04539720474648927
2022-04-12T11:00:00.0;0.04312372865954507
2022-04-12T12:00:00.0;0.04266861909206965
2022-04-12T13:00:00.0;0.04385662689714798
2022-04-12T14:00:00.0;0.047100361979150844
2022-04-12T15:00:00.0;0.052827271977477656
2022-04-12T16:00:00.0;0.06171241887102968
2022-04-12T17:00:00.0;0.06855638600174675
2022-04-12T18:00:00.0;0.07617538664269635
2022-04-12T19:00:00.0;0.0814467040847043
2022-04-12T20:00:00.0;0.08497646838204978
2022-04-12T21:00:00.0;0.0841465922603839
2022-04-12T22:00:00.0;0.08134208565805533
2022-04-12T23:00:00.0;0.07708161110482531
2022-04-13T00:00:00.0;0.0761326997581041
2022-04-13T01:00:00.0;0.07309486099357285
2022-04-13T02:00:00.0;0.0701871392805229
2022-04-13T03:00:00.0;0.06690821506286863
2022-04-13T04:00:00.0;0.06453662888814365
2022-04-13T05:00:00.0;0.06359194960439249
2022-04-13T06:00:00.0;0.06358638665241455
2022-04-13T07:00:00.0;0.06101875799221419
2022-04-13T08:00:00.0;0.056100711501845424
2022-04-13T09:00:00.0;0.049644947089228536
2022-04-13T10:00:00.0;0.0453021081921465
2022-04-13T11:00:00.0;0.04365692342021967
2022-04-13T12:00:00.0;0.04420455610479824
2022-04-13T13:00:00.0;0.0469959886269023
2022-04-13T14:00:00.0;0.05076593980413129
2022-04-13T15:00:00.0;0.055757578948760045
2022-04-13T16:00:00.0;0.06482775815596452
2022-04-13T17:00:00.0;0.07034695345666946
2022-04-13T18:00:00.0;0.07766146218267746
2022-04-13T19:00:00.0;0.08345822839251078
2022-04-13T20:00:00.0;0.08683967319393807
2022-04-13T21:00:00.0;0.08654740324550687
2022-04-13T22:00:00.0;0.08340045278519308
2022-04-13T23:00:00.0;0.07850995544519149
2022-04-14T00:00:00.0;0.07583718987539866
2022-04-14T01:00:00.0;0.07280804392733728
2022-04-14T02:00:00.0;0.0699054520977848
2022-04-14T03:00:00.0;0.06660756498017156
2022-04-14T04:00:00.0;0.06422563140652507
2022-04-14T05:00:00.0;0.06324077777453177
2022-04-14T06:00:00.0;0.06310797206168708
2022-04-14T07:00:00.0;0.060314063061666756
2022-04-14T08:00:00.0;0.05526499953615947
2022-04-14T09:00:00.0;0.04867018647917784
2022-04-14T10:00:00.0;0.044218199309440855
2022-04-14T11:00:00.0;0.0425519262747524
2022-04-14T12:00:00.0;0.04316715317479141
2022-04-14T13:00:00.0;0.046125708545025394
2022-04-14T14:00:00.0;0.05003706884133195
2022-04-14T15:00:00.0;0.05513059757169224
2022-04-14T16:00:00.0;0.06436973583310925
2022-04-14T17:00:00.0;0.0698080199787974
2022-04-14T18:00:00.0;0.07712565557360657
2022-04-14T19:00:00.0;0.08300897891321544
2022-04-14T20:00:00.0;0.08651223501586044
2022-04-14T21:00:00.0;0.08628832841369054
2022-04-14T22:00:00.0;0.08315990234219577
2022-04-14T23:00:00.0;0.07822321029837048
2022-04-15T00:00:00.0;0.07659490315933264
2022-04-15T01:00:00.0;0.07347130595681578
2022-04-15T02:00:00.0;0.07055374269585625
2022-04-15T03:00:00.0;0.06733541554345719
2022-04-15T04:00:00.0;0.06471240775020073
2022-04-15T05:00:00.0;0.06316506894380305
2022-04-15T06:00:00.0;0.06181306021263117
2022-04-15T07:00:00.0;0.05898240244643111
2022-04-15T08:00:00.0;0.055102728769704165
2022-04-15T09:00:00.0;0.04924751428267649
2022-04-15T10:00:00.0;0.0453203846024943
2022-04-15T11:00:00.0;0.04353520170287163
2022-04-15T12:00:00.0;0.043964146459615175
2022-04-15T13:00:00.0;0.04647719817211757
2022-04-15T14:00:00.0;0.05019347824674919
2022-04-15T15:00:00.0;0.05506715568264218
2022-04-15T16:00:00.0;0.06374834600400742
2022-04-15T17:00:00.0;0.06895939664689002
2022-04-15T18:00:00.0;0.07609066781749307
2022-04-15T19:00:00.0;0.08239121012190373
2022-04-15T20:00:00.0;0.08676845868865231
2022-04-15T21:00:00.0;0.08739092471167488
2022-04-15T22:00:00.0;0.08439434067848638
2022-04-15T23:00:00.0;0.07928246228164644
2022-04-16T00:00:00.0;0.07689606560945056
2022-04-16T01:00:00.0;0.07383882529180273
2022-04-16T02:00:00.0;0.07089680355581542
2022-04-16T03:00:00.0;0.06765018178126263
2022-04-16T04:00:00.0;0.06504284215363826
2022-04-16T05:00:00.0;0.06356817758416489
2022-04-16T06:00:00.0;0.06241093352179063
2022-04-16T07:00:00.0;0.06002318864948393
2022-04-16T08:00:00.0;0.05658508347013702
2022-04-16T09:00:00.0;0.05048127997328124
2022-04-16T10:00:00.0;0.04611612718494898
2022-04-16T11:00:00.0;0.044030775532309455
2022-04-16T12:00:00.0;0.04418278024231825
2022-04-16T13:00:00.0;0.04680901926561578
2022-04-16T14:00:00.0;0.05031520585753248
2022-04-16T15:00:00.0;0.05557551880942426
2022-04-16T16:00:00.0;0.06433249898751234
2022-04-16T17:00:00.0;0.06971824725691515
2022-04-16T18:00:00.0;0.07676002320192735
2022-04-16T19:00:00.0;0.08305233689493653
2022-04-16T20:00:00.0;0.08749809830472928
2022-04-16T21:00:00.0;0.08790370659896149
2022-04-16T22:00:00.0;0.08487167151542023
2022-04-16T23:00:00.0;0.07971959855887628
2022-04-17T00:00:00.0;0.07646295592681238
2022-04-17T01:00:00.0;0.07341672408069572
2022-04-17T02:00:00.0;0.07048400622008051
2022-04-17T03:00:00.0;0.0672291698379
2022-04-17T04:00:00.0;0.0646189166041243
2022-04-17T05:00:00.0;0.06309307821373333
2022-04-17T06:00:00.0;0.0617578244015987
2022-04-17T07:00:00.0;0.059075027878589814
2022-04-17T08:00:00.0;0.05548153803047575
2022-04-17T09:00:00.0;0.04923890133129035
2022-04-17T10:00:00.0;0.04477881042725138
2022-04-17T11:00:00.0;0.042657302959936146
2022-04-17T12:00:00.0;0.04289116144773458
2022-04-17T13:00:00.0;0.04569216673247654
2022-04-17T14:00:00.0;0.04940134428212659
2022-04-17T15:00:00.0;0.05477291304318102
2022-04-17T16:00:00.0;0.06369492261542323
2022-04-17T17:00:00.0;0.0689927977175963
2022-04-17T18:00:00.0;0.07602871412774631
2022-04-17T19:00:00.0;0.08243265197337168
2022-04-17T20:00:00.0;0.08703279803617553
2022-04-17T21:00:00.0;0.0875219216552696
2022-04-17T22:00:00.0;0.084538247512507
2022-04-17T23:00:00.0;0.07935285350219805
2022-04-18T00:00:00.0;0.07498930037038568
2022-04-18T01:00:00.0;0.07198180153786857
2022-04-18T02:00:00.0;0.06906049641435058
2022-04-18T03:00:00.0;0.06583763618442066
2022-04-18T04:00:00.0;0.0631527844040195
2022-04-18T05:00:00.0;0.06146197239106361
2022-04-18T06:00:00.0;0.060133030432570796
2022-04-18T07:00:00.0;0.05737405035829848
2022-04-18T08:00:00.0;0.053143058277173506
2022-04-18T09:00:00.0;0.04651138131648055
2022-04-18T10:00:00.0;0.04204097833913601
2022-04-18T11:00:00.0;0.04010120230899452
2022-04-18T12:00:00.0;0.040188275227146984
2022-04-18T13:00:00.0;0.04286522660019051
2022-04-18T14:00:00.0;0.04697685100196438
2022-04-18T15:00:00.0;0.053122816842413725
2022-04-18T16:00:00.0;0.0627591841567129
2022-04-18T17:00:00.0;0.06798213005879686
2022-04-18T18:00:00.0;0.07495713013488797
2022-04-18T19:00:00.0;0.0807571752064133
2022-04-18T20:00:00.0;0.08469957569248296
2022-04-18T21:00:00.0;0.08532121198734768
2022-04-18T22:00:00.0;0.08228827991796799
2022-04-18T23:00:00.0;0.07745638505513609
2022-04-19T00:00:00.0;0.07652213519368625
2022-04-19T01:00:00.0;0.07348560293648014
2022-04-19T02:00:00.0;0.07055579264143012
2022-04-19T03:00:00.0;0.0673064376297467
2022-04-19T04:00:00.0;0.06469873774593751
2022-04-19T05:00:00.0;0.06318088644984521
2022-04-19T06:00:00.0;0.06184734691194303
2022-04-19T07:00:00.0;0.059157160504840274
2022-04-19T08:00:00.0;0.05552060122821421
2022-04-19T09:00:00.0;0.0492705636193326
2022-04-19T10:00:00.0;0.04486309286110997
2022-04-19T11:00:00.0;0.04276258561496685
2022-04-19T12:00:00.0;0.04298811420422896
2022-04-19T13:00:00.0;0.04575285107935221
2022-04-19T14:00:00.0;0.04943720671952552
2022-04-19T15:00:00.0;0.054779938077331496
2022-04-19T16:00:00.0;0.06366593856653953
2022-04-19T17:00:00.0;0.06893051332565936
2022-04-19T18:00:00.0;0.07602397165101206
2022-04-19T19:00:00.0;0.08247387581963324
2022-04-19T20:00:00.0;0.0870954459441671
2022-04-19T21:00:00.0;0.08758145944792119
2022-04-19T22:00:00.0;0.08458915773824184
2022-04-19T23:00:00.0;0.07939883139023543
2022-04-20T00:00:00.0;0.07403845023000377
2022-04-20T01:00:00.0;0.07089658972718958
2022-04-20T02:00:00.0;0.06818108423666505
2022-04-20T03:00:00.0;0.06547251773858913
2022-04-20T04:00:00.0;0.06385083863866473
2022-04-20T05:00:00.0;0.06489833289823371
2022-04-20T06:00:00.0;0.06544081819192082
2022-04-20T07:00:00.0;0.06293060242868302
2022-04-20T08:00:00.0;0.05706231650491844
2022-04-20T09:00:00.0;0.049618005868799935
2022-04-20T10:00:00.0;0.044197620182953506
2022-04-20T11:00:00.0;0.041740094429094834
2022-04-20T12:00:00.0;0.041206013577758806
2022-04-20T13:00:00.0;0.04210072517193351
2022-04-20T14:00:00.0;0.04523333800821222
2022-04-20T15:00:00.0;0.050934972914460065
2022-04-20T16:00:00.0;0.05981422565383895
2022-04-20T17:00:00.0;0.0670726697215874
2022-04-20T18:00:00.0;0.07518487826801387
2022-04-20T19:00:00.0;0.08067837069050451
2022-04-20T20:00:00.0;0.08454189915364868
2022-04-20T21:00:00.0;0.08323779826319884
2022-04-20T22:00:00.0;0.08056952455053742
2022-04-20T23:00:00.0;0.07637620286546211
2022-04-21T00:00:00.0;0.07546297568022856
2022-04-21T01:00:00.0;0.07235742223223979
2022-04-21T02:00:00.0;0.0695538043980136
2022-04-21T03:00:00.0;0.06664699836118351
2022-04-21T04:00:00.0;0.06465567722566698
2022-04-21T05:00:00.0;0.06480150406785462
2022-04-21T06:00:00.0;0.06481891154957374
2022-04-21T07:00:00.0;0.06252295329216169
2022-04-21T08:00:00.0;0.05760181404204743
2022-04-21T09:00:00.0;0.05070629610879796
2022-04-21T10:00:00.0;0.04576714065149774
2022-04-21T11:00:00.0;0.043495713273358466
2022-04-21T12:00:00.0;0.043158290814761455
2022-04-21T13:00:00.0;0.044573950932682994
2022-04-21T14:00:00.0;0.047681417378810785
2022-04-21T15:00:00.0;0.05313431860533539
2022-04-21T16:00:00.0;0.061858518597772055
2022-04-21T17:00:00.0;0.06842299337036899
2022-04-21T18:00:00.0;0.07621278942917807
2022-04-21T19:00:00.0;0.08199527379614993
2022-04-21T20:00:00.0;0.08601967169709472
2022-04-21T21:00:00.0;0.08530612676703167
2022-04-21T22:00:00.0;0.0824499608439128
2022-04-21T23:00:00.0;0.07789612205639017
2022-04-22T00:00:00.0;0.07426708667466049
2022-04-22T01:00:00.0;0.0709970851160943
2022-04-22T02:00:00.0;0.06819921143943869
2022-04-22T03:00:00.0;0.06551389226378454
2022-04-22T04:00:00.0;0.0637676688815476
2022-04-22T05:00:00.0;0.06453655715002925
2022-04-22T06:00:00.0;0.06568974222173281
2022-04-22T07:00:00.0;0.06460411788866949
2022-04-22T08:00:00.0;0.059808127346655277
2022-04-22T09:00:00.0;0.05323216318299807
2022-04-22T10:00:00.0;0.04806115180316281
2022-04-22T11:00:00.0;0.045694619320983565
2022-04-22T12:00:00.0;0.044851917294027405
2022-04-22T13:00:00.0;0.04524885353970516
2022-04-22T14:00:00.0;0.04822363981345889
2022-04-22T15:00:00.0;0.05412348499273036
2022-04-22T16:00:00.0;0.06287048229116828
2022-04-22T17:00:00.0;0.07075091983665671
2022-04-22T18:00:00.0;0.07796088590594161
2022-04-22T19:00:00.0;0.08196938783307911
2022-04-22T20:00:00.0;0.08430285263706164
2022-04-22T21:00:00.0;0.08288621184967465
2022-04-22T22:00:00.0;0.08014789869957356
2022-04-22T23:00:00.0;0.07650086556862026
2022-04-23T00:00:00.0;0.07132560637550933
2022-04-23T01:00:00.0;0.06814158590305093
2022-04-23T02:00:00.0;0.06536651399143904
2022-04-23T03:00:00.0;0.06265373685629064
2022-04-23T04:00:00.0;0.06072352848099083
2022-04-23T05:00:00.0;0.06092101452007141
2022-04-23T06:00:00.0;0.0614153788349084
2022-04-23T07:00:00.0;0.059373410715136035
2022-04-23T08:00:00.0;0.05352142928921426
2022-04-23T09:00:00.0;0.04615985090969238
2022-04-23T10:00:00.0;0.040774918304778786
2022-04-23T11:00:00.0;0.0385571274686784
2022-04-23T12:00:00.0;0.03782877234844995
2022-04-23T13:00:00.0;0.038732258596574004
2022-04-23T14:00:00.0;0.04285980796022254
2022-04-23T15:00:00.0;0.05004081763311904
2022-04-23T16:00:00.0;0.06017615711431409
2022-04-23T17:00:00.0;0.06755880542270645
2022-04-23T18:00:00.0;0.07456756978029193
2022-04-23T19:00:00.0;0.07818973191138913
2022-04-23T20:00:00.0;0.08018212897874517
2022-04-23T21:00:00.0;0.07932125240974126
2022-04-23T22:00:00.0;0.07663881064613282
2022-04-23T23:00:00.0;0.07326923166478527
2022-04-24T00:00:00.0;0.07080526186223078
2022-04-24T01:00:00.0;0.06761249038417802
2022-04-24T02:00:00.0;0.06480530995779878
2022-04-24T03:00:00.0;0.06205358944426742
2022-04-24T04:00:00.0;0.059975521599723705
2022-04-24T05:00:00.0;0.05977248390948061
2022-04-24T06:00:00.0;0.06013070383393122
2022-04-24T07:00:00.0;0.058218220180068385
2022-04-24T08:00:00.0;0.052564247180445466
2022-04-24T09:00:00.0;0.04533242215359676
2022-04-24T10:00:00.0;0.040020754735579506
2022-04-24T11:00:00.0;0.037880943158029506
2022-04-24T12:00:00.0;0.037156834262326945
2022-04-24T13:00:00.0;0.03819540507670063
2022-04-24T14:00:00.0;0.04261876899910316
2022-04-24T15:00:00.0;0.05014998005762027
2022-04-24T16:00:00.0;0.06059953535849473
2022-04-24T17:00:00.0;0.06789625757149254
2022-04-24T18:00:00.0;0.07452095104780515
2022-04-24T19:00:00.0;0.07770513966490208
2022-04-24T20:00:00.0;0.07925221035441037
2022-04-24T21:00:00.0;0.07862612378412588
2022-04-24T22:00:00.0;0.07592266796503827
2022-04-24T23:00:00.0;0.07270123559507317
2022-04-25T00:00:00.0;0.07739137041523782
2022-04-25T01:00:00.0;0.07416478874489506
2022-04-25T02:00:00.0;0.07124517705167858
2022-04-25T03:00:00.0;0.06828440192037814
2022-04-25T04:00:00.0;0.0660953895062104
2022-04-25T05:00:00.0;0.065739456337932
2022-04-25T06:00:00.0;0.06612733215447208
2022-04-25T07:00:00.0;0.06533558643079397
2022-04-25T08:00:00.0;0.06224127155735571
2022-04-25T09:00:00.0;0.05674040623098403
2022-04-25T10:00:00.0;0.05240282089732082
2022-04-25T11:00:00.0;0.050193926305120096
2022-04-25T12:00:00.0;0.04973552165838082
2022-04-25T13:00:00.0;0.05086763826295979
2022-04-25T14:00:00.0;0.05350410954253093
2022-04-25T15:00:00.0;0.05838912028236737
2022-04-25T16:00:00.0;0.06626411002109135
2022-04-25T17:00:00.0;0.07316292264975886
2022-04-25T18:00:00.0;0.0800783538069298
2022-04-25T19:00:00.0;0.08506244272224936
2022-04-25T20:00:00.0;0.08817577268895326
2022-04-25T21:00:00.0;0.08747889745683537
2022-04-25T22:00:00.0;0.08452902515590119
2022-04-25T23:00:00.0;0.08012165127982743
2022-04-26T00:00:00.0;0.07337775584998268
2022-04-26T01:00:00.0;0.07022824784200363
2022-04-26T02:00:00.0;0.06757980640313528
2022-04-26T03:00:00.0;0.06502061527003627
2022-04-26T04:00:00.0;0.06367353927023314
2022-04-26T05:00:00.0;0.06545062217191329
2022-04-26T06:00:00.0;0.06648191660142283
2022-04-26T07:00:00.0;0.06392928396633839
2022-04-26T08:00:00.0;0.05729639128335301
2022-04-26T09:00:00.0;0.04942308794526152
2022-04-26T10:00:00.0;0.043749210014799665
2022-04-26T11:00:00.0;0.04122388236343486
2022-04-26T12:00:00.0;0.04047878086228587
2022-04-26T13:00:00.0;0.040849516760277475
2022-04-26T14:00:00.0;0.04381042426301025
2022-04-26T15:00:00.0;0.04961029976206282
2022-04-26T16:00:00.0;0.05850642596672404
2022-04-26T17:00:00.0;0.06622795205129679
2022-04-26T18:00:00.0;0.07475142606191305
2022-04-26T19:00:00.0;0.080100880580367
2022-04-26T20:00:00.0;0.08384956846841672
2022-04-26T21:00:00.0;0.08206272043207119
2022-04-26T22:00:00.0;0.07946315449747152
2022-04-26T23:00:00.0;0.07550931070130358
2022-04-27T00:00:00.0;0.07626665508817818
2022-04-27T01:00:00.0;0.07326126686562925
2022-04-27T02:00:00.0;0.07035598855477457
2022-04-27T03:00:00.0;0.06706613706769485
2022-04-27T04:00:00.0;0.06454156567655255
2022-04-27T05:00:00.0;0.06325411127909399
2022-04-27T06:00:00.0;0.062384087660838104
2022-04-27T07:00:00.0;0.05941137327478433
2022-04-27T08:00:00.0;0.05480832064639983
2022-04-27T09:00:00.0;0.048255067740063405
2022-04-27T10:00:00.0;0.0439229628610372
2022-04-27T11:00:00.0;0.04214184918769374
2022-04-27T12:00:00.0;0.04261410532661918
2022-04-27T13:00:00.0;0.04550691775269744
2022-04-27T14:00:00.0;0.049297946880858576
2022-04-27T15:00:00.0;0.05446917671569584
2022-04-27T16:00:00.0;0.06358563937297734
2022-04-27T17:00:00.0;0.06870722972856456
2022-04-27T18:00:00.0;0.07613059268951503
2022-04-27T19:00:00.0;0.08253443127138083
2022-04-27T20:00:00.0;0.08679166031506304
2022-04-27T21:00:00.0;0.08703198346354264
2022-04-27T22:00:00.0;0.08392212372163138
2022-04-27T23:00:00.0;0.0787599447989153
2022-04-28T00:00:00.0;0.07640727342632302
2022-04-28T01:00:00.0;0.07342369143774743
2022-04-28T02:00:00.0;0.07051930214528788
2022-04-28T03:00:00.0;0.06731893981389432
2022-04-28T04:00:00.0;0.06474590938440361
2022-04-28T05:00:00.0;0.06324645460008527
2022-04-28T06:00:00.0;0.06180822373376682
2022-04-28T07:00:00.0;0.05888138185887699
2022-04-28T08:00:00.0;0.05492957513937819
2022-04-28T09:00:00.0;0.04861897633543981
2022-04-28T10:00:00.0;0.04448091110667648
2022-04-28T11:00:00.0;0.04245037177092019
2022-04-28T12:00:00.0;0.04268983637917315
2022-04-28T13:00:00.0;0.04532773008657453
2022-04-28T14:00:00.0;0.04907060168123665
2022-04-28T15:00:00.0;0.05430689724230893
2022-04-28T16:00:00.0;0.06304271215619721
2022-04-28T17:00:00.0;0.06812628387430249
2022-04-28T18:00:00.0;0.07547578680805031
2022-04-28T19:00:00.0;0.0822027048697451
2022-04-28T20:00:00.0;0.08699476734402613
2022-04-28T21:00:00.0;0.08749505591714936
2022-04-28T22:00:00.0;0.08453486873133562
2022-04-28T23:00:00.0;0.07935335983951303
2022-04-29T00:00:00.0;0.0772897389725671
2022-04-29T01:00:00.0;0.07423742715002082
2022-04-29T02:00:00.0;0.07130116808729738
2022-04-29T03:00:00.0;0.06813170294255606
2022-04-29T04:00:00.0;0.06558190062095305
2022-04-29T05:00:00.0;0.06421053311232337
2022-04-29T06:00:00.0;0.06327254741060631
2022-04-29T07:00:00.0;0.06119944643546001
2022-04-29T08:00:00.0;0.057843255063356504
2022-04-29T09:00:00.0;0.05201991125581791
2022-04-29T10:00:00.0;0.04803070222518926
2022-04-29T11:00:00.0;0.04601541811204545
2022-04-29T12:00:00.0;0.046055487991283985
2022-04-29T13:00:00.0;0.04826888425574835
2022-04-29T14:00:00.0;0.05157766107551364
2022-04-29T15:00:00.0;0.056567465004699315
2022-04-29T16:00:00.0;0.06488683528871443
2022-04-29T17:00:00.0;0.07038196217759496
2022-04-29T18:00:00.0;0.07751319922582331
2022-04-29T19:00:00.0;0.08373334997651755
2022-04-29T20:00:00.0;0.08797393227737382
2022-04-29T21:00:00.0;0.08822414718709935
2022-04-29T22:00:00.0;0.08520249504981645
2022-04-29T23:00:00.0;0.08018897149462424
2022-04-30T00:00:00.0;0.07677586269215081
2022-04-30T01:00:00.0;0.07377824572840955
2022-04-30T02:00:00.0;0.07085673479101211
2022-04-30T03:00:00.0;0.06758127002074132
2022-04-30T04:00:00.0;0.06498727258277986
2022-04-30T05:00:00.0;0.06356783288784516
2022-04-30T06:00:00.0;0.062430216253722914
2022-04-30T07:00:00.0;0.05969821868088869
2022-04-30T08:00:00.0;0.055671292584316155
2022-04-30T09:00:00.0;0.049242660202323194
2022-04-30T10:00:00.0;0.04491416249174698
2022-04-30T11:00:00.0;0.04297307315918659
2022-04-30T12:00:00.0;0.043233848277630264
2022-04-30T13:00:00.0;0.045991550949075116
2022-04-30T14:00:00.0;0.04956500644935031
2022-04-30T15:00:00.0;0.05481732767478082
2022-04-30T16:00:00.0;0.06374832252735142
2022-04-30T17:00:00.0;0.06886511301779667
2022-04-30T18:00:00.0;0.07623314426251593
2022-04-30T19:00:00.0;0.08278679041896764
2022-04-30T20:00:00.0;0.0873527392712432
2022-04-30T21:00:00.0;0.08774637000979059
2022-04-30T22:00:00.0;0.08464330513622956
2022-04-30T23:00:00.0;0.07940151766070756
2022-05-01T00:00:00.0;0.07624500384814532
2022-05-01T01:00:00.0;0.07326633655959322
2022-05-01T02:00:00.0;0.07036334024320957
2022-05-01T03:00:00.0;0.0670651385464176
2022-05-01T04:00:00.0;0.06454556358556983
2022-05-01T05:00:00.0;0.06327252107769443
2022-05-01T06:00:00.0;0.06240453040648146
2022-05-01T07:00:00.0;0.059391388210091184
2022-05-01T08:00:00.0;0.054718919491852515
2022-05-01T09:00:00.0;0.04804445695222642
2022-05-01T10:00:00.0;0.043653172507778615
2022-05-01T11:00:00.0;0.041849035939318616
2022-05-01T12:00:00.0;0.042304661523531586
2022-05-01T13:00:00.0;0.04525267294978391
2022-05-01T14:00:00.0;0.04904585137271736
2022-05-01T15:00:00.0;0.05428627338287364
2022-05-01T16:00:00.0;0.06345699317445742
2022-05-01T17:00:00.0;0.0685323930342067
2022-05-01T18:00:00.0;0.07601836287755473
2022-05-01T19:00:00.0;0.08250446077757405
2022-05-01T20:00:00.0;0.08683103118064041
2022-05-01T21:00:00.0;0.08704878825075296
2022-05-01T22:00:00.0;0.08392661588529138
2022-05-01T23:00:00.0;0.07873472709730318
2022-05-02T00:00:00.0;0.07627203501562396
2022-05-02T01:00:00.0;0.07329523779892709
2022-05-02T02:00:00.0;0.07039175409216109
2022-05-02T03:00:00.0;0.06709421110241673
2022-05-02T04:00:00.0;0.06456524564576181
2022-05-02T05:00:00.0;0.06327155919056215
2022-05-02T06:00:00.0;0.06235367757327744
2022-05-02T07:00:00.0;0.0593329896111035
2022-05-02T08:00:00.0;0.0546991838625571
2022-05-02T09:00:00.0;0.04802684721014804
2022-05-02T10:00:00.0;0.043638005838489986
2022-05-02T11:00:00.0;0.04182092722400844
2022-05-02T12:00:00.0;0.042263843643459836
2022-05-02T13:00:00.0;0.04520894937831817
2022-05-02T14:00:00.0;0.04899396903302298
2022-05-02T15:00:00.0;0.054244949312089195
2022-05-02T16:00:00.0;0.06340782253187116
2022-05-02T17:00:00.0;0.06846566955499474
2022-05-02T18:00:00.0;0.07595436741387503
2022-05-02T19:00:00.0;0.08247410782757253
2022-05-02T20:00:00.0;0.08685265196363304
2022-05-02T21:00:00.0;0.08710023526989377
2022-05-02T22:00:00.0;0.08398058720859318
2022-05-02T23:00:00.0;0.07877401358780352
2022-05-03T00:00:00.0;0.07677113519940536
2022-05-03T01:00:00.0;0.07379172196176946
2022-05-03T02:00:00.0;0.07087942717387553
2022-05-03T03:00:00.0;0.06765356641031386
2022-05-03T04:00:00.0;0.06505493163836709
2022-05-03T05:00:00.0;0.06356700065980059
2022-05-03T06:00:00.0;0.06219965751690986
2022-05-03T07:00:00.0;0.059398753713972956
2022-05-03T08:00:00.0;0.055484942244525874
2022-05-03T09:00:00.0;0.0491478461242323
2022-05-03T10:00:00.0;0.04499756533053241
2022-05-03T11:00:00.0;0.04300733121807181
2022-05-03T12:00:00.0;0.04320579292422428
2022-05-03T13:00:00.0;0.04582188010497998
2022-05-03T14:00:00.0;0.04940759218621101
2022-05-03T15:00:00.0;0.054623139148929654
2022-05-03T16:00:00.0;0.06336300193873526
2022-05-03T17:00:00.0;0.06841319514335163
2022-05-03T18:00:00.0;0.07583056634329062
2022-05-03T19:00:00.0;0.08256782405728565
2022-05-03T20:00:00.0;0.08735267512015331
2022-05-03T21:00:00.0;0.08784606769775835
2022-05-03T22:00:00.0;0.0848092457292717
2022-05-03T23:00:00.0;0.07957316754196167
2022-05-04T00:00:00.0;0.0763006745265102
2022-05-04T01:00:00.0;0.07333744701335972
2022-05-04T02:00:00.0;0.0704411090344244
2022-05-04T03:00:00.0;0.06719216064103542
2022-05-04T04:00:00.0;0.06465893911524058
2022-05-04T05:00:00.0;0.06330276665778212
2022-05-04T06:00:00.0;0.062182247458957486
2022-05-04T07:00:00.0;0.059132698192839284
2022-05-04T08:00:00.0;0.05464083510722354
2022-05-04T09:00:00.0;0.04807892159031038
2022-05-04T10:00:00.0;0.04386261014256513
2022-05-04T11:00:00.0;0.04199573932597142
2022-05-04T12:00:00.0;0.042370141849551325
2022-05-04T13:00:00.0;0.04516414627660414
2022-05-04T14:00:00.0;0.04894444835728238
2022-05-04T15:00:00.0;0.054153061132922425
2022-05-04T16:00:00.0;0.06311713943320521
2022-05-04T17:00:00.0;0.0681314859404317
2022-05-04T18:00:00.0;0.07565192215792488
2022-05-04T19:00:00.0;0.08232329530267801
2022-05-04T20:00:00.0;0.08688931356223926
2022-05-04T21:00:00.0;0.08722417356669067
2022-05-04T22:00:00.0;0.08416683602043058
2022-05-04T23:00:00.0;0.07897284153408117
2022-05-05T00:00:00.0;0.07630167976504067
2022-05-05T01:00:00.0;0.07334950999249308
2022-05-05T02:00:00.0;0.07046041918130236
2022-05-05T03:00:00.0;0.06725691138694481
2022-05-05T04:00:00.0;0.06472873895208274
2022-05-05T05:00:00.0;0.06333328844243111
2022-05-05T06:00:00.0;0.06206889283216013
2022-05-05T07:00:00.0;0.05899927707481907
2022-05-05T08:00:00.0;0.05460460128919554
2022-05-05T09:00:00.0;0.048145335371903096
2022-05-05T10:00:00.0;0.044090254913123364
2022-05-05T11:00:00.0;0.04218869130310379
2022-05-05T12:00:00.0;0.04251042364674186
2022-05-05T13:00:00.0;0.04516396345781952
2022-05-05T14:00:00.0;0.04894768540425194
2022-05-05T15:00:00.0;0.05410591042445969
2022-05-05T16:00:00.0;0.0628890805754212
2022-05-05T17:00:00.0;0.06787916078665324
2022-05-05T18:00:00.0;0.07542705242763627
2022-05-05T19:00:00.0;0.08220965807432715
2022-05-05T20:00:00.0;0.08690315964002748
2022-05-05T21:00:00.0;0.08729192116172212
2022-05-05T22:00:00.0;0.08429122492672271
2022-05-05T23:00:00.0;0.07912336478188042
2022-05-06T00:00:00.0;0.07634856308600355
2022-05-06T01:00:00.0;0.0733901535322074
2022-05-06T02:00:00.0;0.07049405080588544
2022-05-06T03:00:00.0;0.06725338197837512
2022-05-06T04:00:00.0;0.06470477446174806
2022-05-06T05:00:00.0;0.06330699244079681
2022-05-06T06:00:00.0;0.06207860006839439
2022-05-06T07:00:00.0;0.05901419697609286
2022-05-06T08:00:00.0;0.05460532470182013
2022-05-06T09:00:00.0;0.048063917450986565
2022-05-06T10:00:00.0;0.04387709598250412
2022-05-06T11:00:00.0;0.04198240259994739
2022-05-06T12:00:00.0;0.04232636039728073
2022-05-06T13:00:00.0;0.04509285292151481
2022-05-06T14:00:00.0;0.048859059684084584
2022-05-06T15:00:00.0;0.054077738554631674
2022-05-06T16:00:00.0;0.06299945603898452
2022-05-06T17:00:00.0;0.06798046296411268
2022-05-06T18:00:00.0;0.0755093560766765
2022-05-06T19:00:00.0;0.08225525989263867
2022-05-06T20:00:00.0;0.0869300103040639
2022-05-06T21:00:00.0;0.08732441134442305
2022-05-06T22:00:00.0;0.08428024301401617
2022-05-06T23:00:00.0;0.07906527696005383
2022-05-07T00:00:00.0;0.07678561661628903
2022-05-07T01:00:00.0;0.07379934689993323
2022-05-07T02:00:00.0;0.07088087337228666
2022-05-07T03:00:00.0;0.0676058871255828
2022-05-07T04:00:00.0;0.06495886867983335
2022-05-07T05:00:00.0;0.06341241048060138
2022-05-07T06:00:00.0;0.061945944906418866
2022-05-07T07:00:00.0;0.059036869872765074
2022-05-07T08:00:00.0;0.0550987174247516
2022-05-07T09:00:00.0;0.04864217132980377
2022-05-07T10:00:00.0;0.044340665124307566
2022-05-07T11:00:00.0;0.042358188333995045
2022-05-07T12:00:00.0;0.04260287775938468
2022-05-07T13:00:00.0;0.04539101945905828
2022-05-07T14:00:00.0;0.048991576593476534
2022-05-07T15:00:00.0;0.05429571426290113
2022-05-07T16:00:00.0;0.06323543101921619
2022-05-07T17:00:00.0;0.06819903062555967
2022-05-07T18:00:00.0;0.07561285532287355
2022-05-07T19:00:00.0;0.08239610423705018
2022-05-07T20:00:00.0;0.08728486336256633
2022-05-07T21:00:00.0;0.08787946786657086
2022-05-07T22:00:00.0;0.08479772272796572
2022-05-07T23:00:00.0;0.07946273094570587
2022-05-08T00:00:00.0;0.07510380463572468
2022-05-08T01:00:00.0;0.07205908002242478
2022-05-08T02:00:00.0;0.06927169419984416
2022-05-08T03:00:00.0;0.06632462662867011
2022-05-08T04:00:00.0;0.06428415284475086
2022-05-08T05:00:00.0;0.06428572510224999
2022-05-08T06:00:00.0;0.06393459789957812
2022-05-08T07:00:00.0;0.06108079358154005
2022-05-08T08:00:00.0;0.05577889541119903
2022-05-08T09:00:00.0;0.04855869164474827
2022-05-08T10:00:00.0;0.04358480044479186
2022-05-08T11:00:00.0;0.0413460657299717
2022-05-08T12:00:00.0;0.041144181506462256
2022-05-08T13:00:00.0;0.04286307594927134
2022-05-08T14:00:00.0;0.04620537040992063
2022-05-08T15:00:00.0;0.051786802380698695
2022-05-08T16:00:00.0;0.060770231603876596
2022-05-08T17:00:00.0;0.06695408584113535
2022-05-08T18:00:00.0;0.07494649475249075
2022-05-08T19:00:00.0;0.08115156124377335
2022-05-08T20:00:00.0;0.08559588479495348
2022-05-08T21:00:00.0;0.08509746415168822
2022-05-08T22:00:00.0;0.08223898965813885
2022-05-08T23:00:00.0;0.07751733632845169
2022-05-09T00:00:00.0;0.07645009440014394
2022-05-09T01:00:00.0;0.07348698609541851
2022-05-09T02:00:00.0;0.07058119795019986
2022-05-09T03:00:00.0;0.06729365807363454
2022-05-09T04:00:00.0;0.06470350890652628
2022-05-09T05:00:00.0;0.06326903405584733
2022-05-09T06:00:00.0;0.062004799183991544
2022-05-09T07:00:00.0;0.058931938240223865
2022-05-09T08:00:00.0;0.05456475417884637
2022-05-09T09:00:00.0;0.047919213018764846
2022-05-09T10:00:00.0;0.04356656127829477
2022-05-09T11:00:00.0;0.041659964272222114
2022-05-09T12:00:00.0;0.04201265319629584
2022-05-09T13:00:00.0;0.04492111397563277
2022-05-09T14:00:00.0;0.04865285463903756
2022-05-09T15:00:00.0;0.05396705112538799
2022-05-09T16:00:00.0;0.06305571186641189
2022-05-09T17:00:00.0;0.06799499008196892
2022-05-09T18:00:00.0;0.0755050693531532
2022-05-09T19:00:00.0;0.08226013570299678
2022-05-09T20:00:00.0;0.08699669867086993
2022-05-09T21:00:00.0;0.08744733702019687
2022-05-09T22:00:00.0;0.08435136935959286
2022-05-09T23:00:00.0;0.079051391444287
2022-05-10T00:00:00.0;0.07560831740140665
2022-05-10T01:00:00.0;0.07226434665944041
2022-05-10T02:00:00.0;0.06940363846485408
2022-05-10T03:00:00.0;0.06668138479223534
2022-05-10T04:00:00.0;0.06485174935779509
2022-05-10T05:00:00.0;0.06544672693841033
2022-05-10T06:00:00.0;0.06687187868261919
2022-05-10T07:00:00.0;0.06665563779618562
2022-05-10T08:00:00.0;0.06289946154285615
2022-05-10T09:00:00.0;0.05707160413228546
2022-05-10T10:00:00.0;0.05215933754161064
2022-05-10T11:00:00.0;0.04979994534380081
2022-05-10T12:00:00.0;0.048881917140286286
2022-05-10T13:00:00.0;0.04911386157398186
2022-05-10T14:00:00.0;0.05169634449665174
2022-05-10T15:00:00.0;0.05719129206997538
2022-05-10T16:00:00.0;0.06540480342649418
2022-05-10T17:00:00.0;0.07351531222503667
2022-05-10T18:00:00.0;0.08031142301134281
2022-05-10T19:00:00.0;0.08395979860784525
2022-05-10T20:00:00.0;0.08589020684744067
2022-05-10T21:00:00.0;0.08441816253054969
2022-05-10T22:00:00.0;0.08160954512968767
2022-05-10T23:00:00.0;0.07797973184193406
2022-05-11T00:00:00.0;0.07418234037101153
2022-05-11T01:00:00.0;0.07098077539090088
2022-05-11T02:00:00.0;0.06828305017134054
2022-05-11T03:00:00.0;0.06569077163664563
2022-05-11T04:00:00.0;0.06425667877155933
2022-05-11T05:00:00.0;0.0658334078659979
2022-05-11T06:00:00.0;0.06702156571933851
2022-05-11T07:00:00.0;0.0650862397246974
2022-05-11T08:00:00.0;0.059200520203059645
2022-05-11T09:00:00.0;0.0518621723120828
2022-05-11T10:00:00.0;0.046379142242565986
2022-05-11T11:00:00.0;0.043874666847866464
2022-05-11T12:00:00.0;0.04307925320170663
2022-05-11T13:00:00.0;0.04336559661715409
2022-05-11T14:00:00.0;0.04612063565403316
2022-05-11T15:00:00.0;0.051717244599203856
2022-05-11T16:00:00.0;0.060315345842969034
2022-05-11T17:00:00.0;0.06817557206151302
2022-05-11T18:00:00.0;0.07633902812896515
2022-05-11T19:00:00.0;0.08135391278149043
2022-05-11T20:00:00.0;0.08473735138771159
2022-05-11T21:00:00.0;0.08296103354709683
2022-05-11T22:00:00.0;0.08030938468213752
2022-05-11T23:00:00.0;0.07639763968987562
2022-05-12T00:00:00.0;0.07544293964727188
2022-05-12T01:00:00.0;0.07241880293279501
2022-05-12T02:00:00.0;0.06960411724154097
2022-05-12T03:00:00.0;0.0665808394952015
2022-05-12T04:00:00.0;0.06440412653457675
2022-05-12T05:00:00.0;0.0640568454874703
2022-05-12T06:00:00.0;0.06343409932474026
2022-05-12T07:00:00.0;0.06052112062934977
2022-05-12T08:00:00.0;0.055480736990430796
2022-05-12T09:00:00.0;0.04838885458580911
2022-05-12T10:00:00.0;0.043552497162356485
2022-05-12T11:00:00.0;0.04137007238480304
2022-05-12T12:00:00.0;0.04127491978976591
2022-05-12T13:00:00.0;0.04325870116244679
2022-05-12T14:00:00.0;0.04667593074164278
2022-05-12T15:00:00.0;0.052214442808246796
2022-05-12T16:00:00.0;0.06121502537635754
2022-05-12T17:00:00.0;0.06709675700618926
2022-05-12T18:00:00.0;0.07498482195574134
2022-05-12T19:00:00.0;0.08135799955644453
2022-05-12T20:00:00.0;0.08593900198402557
2022-05-12T21:00:00.0;0.08569373226119746
2022-05-12T22:00:00.0;0.08278438727206629
2022-05-12T23:00:00.0;0.0779118743043625
2022-05-13T00:00:00.0;0.07380402705404059
2022-05-13T01:00:00.0;0.07058697036707164
2022-05-13T02:00:00.0;0.06785213037454933
2022-05-13T03:00:00.0;0.06521855118456499
2022-05-13T04:00:00.0;0.06363302280460141
2022-05-13T05:00:00.0;0.0648044629612198
2022-05-13T06:00:00.0;0.06588617018240048
2022-05-13T07:00:00.0;0.06415877744718824
2022-05-13T08:00:00.0;0.05856363557740041
2022-05-13T09:00:00.0;0.05142201170448245
2022-05-13T10:00:00.0;0.04603458163942862
2022-05-13T11:00:00.0;0.0436064861931975
2022-05-13T12:00:00.0;0.04280807060084628
2022-05-13T13:00:00.0;0.04320995336417083
2022-05-13T14:00:00.0;0.0462150742863123
2022-05-13T15:00:00.0;0.052113374336364794
2022-05-13T16:00:00.0;0.0609660689925096
2022-05-13T17:00:00.0;0.06876463557314394
2022-05-13T18:00:00.0;0.07651608179419189
2022-05-13T19:00:00.0;0.08107170794869346
2022-05-13T20:00:00.0;0.08398468935560247
2022-05-13T21:00:00.0;0.08243107271534232
2022-05-13T22:00:00.0;0.07975237343093092
2022-05-13T23:00:00.0;0.07598608229611772
2022-05-14T00:00:00.0;0.07648510165985074
2022-05-14T01:00:00.0;0.07352801314405713
2022-05-14T02:00:00.0;0.07061718235573342
2022-05-14T03:00:00.0;0.06733390007796256
2022-05-14T04:00:00.0;0.06467942736318444
2022-05-14T05:00:00.0;0.06310516835045557
2022-05-14T06:00:00.0;0.06155618519268267
2022-05-14T07:00:00.0;0.058467770377404485
2022-05-14T08:00:00.0;0.05433024945863078
2022-05-14T09:00:00.0;0.047686785624657245
2022-05-14T10:00:00.0;0.043320143426978826
2022-05-14T11:00:00.0;0.041337977614528516
2022-05-14T12:00:00.0;0.04159863100263587
2022-05-14T13:00:00.0;0.044486075989043215
2022-05-14T14:00:00.0;0.048201602090398026
2022-05-14T15:00:00.0;0.05365530525345456
2022-05-14T16:00:00.0;0.06276498771832037
2022-05-14T17:00:00.0;0.06762731022131749
2022-05-14T18:00:00.0;0.07510461958804095
2022-05-14T19:00:00.0;0.0819645913333488
2022-05-14T20:00:00.0;0.08692659335214237
2022-05-14T21:00:00.0;0.08756245058850042
2022-05-14T22:00:00.0;0.08448037662121613
2022-05-14T23:00:00.0;0.07913047506415462
2022-05-15T00:00:00.0;0.07667297267828665
2022-05-15T01:00:00.0;0.07371419956337236
2022-05-15T02:00:00.0;0.07080192643436685
2022-05-15T03:00:00.0;0.06751586357618226
2022-05-15T04:00:00.0;0.0648668049579762
2022-05-15T05:00:00.0;0.06331211019514314
2022-05-15T06:00:00.0;0.06177812692175352
2022-05-15T07:00:00.0;0.0587204219337488
2022-05-15T08:00:00.0;0.05464023584946477
2022-05-15T09:00:00.0;0.0480350366836643
2022-05-15T10:00:00.0;0.043685015478445936
2022-05-15T11:00:00.0;0.0416964248841829
2022-05-15T12:00:00.0;0.04196038430894433
2022-05-15T13:00:00.0;0.04483914473255473
2022-05-15T14:00:00.0;0.048492770185221336
2022-05-15T15:00:00.0;0.05386625506071631
2022-05-15T16:00:00.0;0.06289780531302713
2022-05-15T17:00:00.0;0.06776266442695725
2022-05-15T18:00:00.0;0.07526190179955818
2022-05-15T19:00:00.0;0.0821771567486588
2022-05-15T20:00:00.0;0.08719028178180961
2022-05-15T21:00:00.0;0.0878087501045635
2022-05-15T22:00:00.0;0.08472122812462203
2022-05-15T23:00:00.0;0.07933845226643467
2022-05-16T00:00:00.0;0.07553738153332777
2022-05-16T01:00:00.0;0.07240543991139833
2022-05-16T02:00:00.0;0.06960057516492506
2022-05-16T03:00:00.0;0.06672229358972512
2022-05-16T04:00:00.0;0.06477342945862033
2022-05-16T05:00:00.0;0.06503485113283324
2022-05-16T06:00:00.0;0.06523808777171951
2022-05-16T07:00:00.0;0.06316122265901608
2022-05-16T08:00:00.0;0.05833627889471407
2022-05-16T09:00:00.0;0.05153952031943831
2022-05-16T10:00:00.0;0.0465890537347637
2022-05-16T11:00:00.0;0.04429544909247548
2022-05-16T12:00:00.0;0.043888475065798564
2022-05-16T13:00:00.0;0.04514391821541269
2022-05-16T14:00:00.0;0.04815031676715526
2022-05-16T15:00:00.0;0.053562730937799716
2022-05-16T16:00:00.0;0.062186947008608245
2022-05-16T17:00:00.0;0.06894716114703432
2022-05-16T18:00:00.0;0.07667961684371087
2022-05-16T19:00:00.0;0.08227434808067996
2022-05-16T20:00:00.0;0.08611754051364141
2022-05-16T21:00:00.0;0.08527880593796831
2022-05-16T22:00:00.0;0.08243249233324398
2022-05-16T23:00:00.0;0.077968074091595
2022-05-17T00:00:00.0;0.07654054417738296
2022-05-17T01:00:00.0;0.07359298897575214
2022-05-17T02:00:00.0;0.07069171612423313
2022-05-17T03:00:00.0;0.06744480068358649
2022-05-17T04:00:00.0;0.06482779646880728
2022-05-17T05:00:00.0;0.06329166600130448
2022-05-17T06:00:00.0;0.061740345098594905
2022-05-17T07:00:00.0;0.0586254969382289
2022-05-17T08:00:00.0;0.05446868464373109
2022-05-17T09:00:00.0;0.047917026110311324
2022-05-17T10:00:00.0;0.04370886770855092
2022-05-17T11:00:00.0;0.04173002329876141
2022-05-17T12:00:00.0;0.041996028549815885
2022-05-17T13:00:00.0;0.0447760301341956
2022-05-17T14:00:00.0;0.04848362025632063
2022-05-17T15:00:00.0;0.05379018776503974
2022-05-17T16:00:00.0;0.06269979821612043
2022-05-17T17:00:00.0;0.06756036620668067
2022-05-17T18:00:00.0;0.07510271420435218
2022-05-17T19:00:00.0;0.08206339288248918
2022-05-17T20:00:00.0;0.08708007767996284
2022-05-17T21:00:00.0;0.08767517879984782
2022-05-17T22:00:00.0;0.08463549479459251
2022-05-17T23:00:00.0;0.07930895018481536
2022-05-18T00:00:00.0;0.0766251296408136
2022-05-18T01:00:00.0;0.07367276023772579
2022-05-18T02:00:00.0;0.07076290999409042
2022-05-18T03:00:00.0;0.06747397136515554
2022-05-18T04:00:00.0;0.06482234255701975
2022-05-18T05:00:00.0;0.06325899453989699
2022-05-18T06:00:00.0;0.06168941243955006
2022-05-18T07:00:00.0;0.05857015791182681
2022-05-18T08:00:00.0;0.05444138720488571
2022-05-18T09:00:00.0;0.04779681995424917
2022-05-18T10:00:00.0;0.04343989122090729
2022-05-18T11:00:00.0;0.041453757130269255
2022-05-18T12:00:00.0;0.041730660085022624
2022-05-18T13:00:00.0;0.04463781022604677
2022-05-18T14:00:00.0;0.048316255970765214
2022-05-18T15:00:00.0;0.05370515363746741
2022-05-18T16:00:00.0;0.06276553101308821
2022-05-18T17:00:00.0;0.06759409410778842
2022-05-18T18:00:00.0;0.07511842666955892
2022-05-18T19:00:00.0;0.08207762241817773
2022-05-18T20:00:00.0;0.08713507344147445
2022-05-18T21:00:00.0;0.08777226195742072
2022-05-18T22:00:00.0;0.08468558761922305
2022-05-18T23:00:00.0;0.07928719336996431
2022-05-19T00:00:00.0;0.0766922521537143
2022-05-19T01:00:00.0;0.07372791699738122
2022-05-19T02:00:00.0;0.07081663479827258
2022-05-19T03:00:00.0;0.06755331410356397
2022-05-19T04:00:00.0;0.06492323715146607
2022-05-19T05:00:00.0;0.0633915091811921
2022-05-19T06:00:00.0;0.06190907442342874
2022-05-19T07:00:00.0;0.058928048555787683
2022-05-19T08:00:00.0;0.054893948284231844
2022-05-19T09:00:00.0;0.048379071142377515
2022-05-19T10:00:00.0;0.04410559115305812
2022-05-19T11:00:00.0;0.04211736071692043
2022-05-19T12:00:00.0;0.0423606264854771
2022-05-19T13:00:00.0;0.04514669404701197
2022-05-19T14:00:00.0;0.04878356534048559
2022-05-19T15:00:00.0;0.054100633012244666
2022-05-19T16:00:00.0;0.06302813856386338
2022-05-19T17:00:00.0;0.06795168886449399
2022-05-19T18:00:00.0;0.07542873966209536
2022-05-19T19:00:00.0;0.08229137338808619
2022-05-19T20:00:00.0;0.0872320526032932
2022-05-19T21:00:00.0;0.08780852989080354
2022-05-19T22:00:00.0;0.08474150933882676
2022-05-19T23:00:00.0;0.07941059820541141
2022-05-20T00:00:00.0;0.07667228772467917
2022-05-20T01:00:00.0;0.07370793074005373
2022-05-20T02:00:00.0;0.07079943718744582
2022-05-20T03:00:00.0;0.06755441867928365
2022-05-20T04:00:00.0;0.06493948479124274
2022-05-20T05:00:00.0;0.06342174740293587
2022-05-20T06:00:00.0;0.06195807356880513
2022-05-20T07:00:00.0;0.05899823800085963
2022-05-20T08:00:00.0;0.054967815459093045
2022-05-20T09:00:00.0;0.04850378883334011
2022-05-20T10:00:00.0;0.044294072267760755
2022-05-20T11:00:00.0;0.042308086795673244
2022-05-20T12:00:00.0;0.042542768398070474
2022-05-20T13:00:00.0;0.04526726461480594
2022-05-20T14:00:00.0;0.04890839199102204
2022-05-20T15:00:00.0;0.05418652595582895
2022-05-20T16:00:00.0;0.06304254467389694
2022-05-20T17:00:00.0;0.06799076507280982
2022-05-20T18:00:00.0;0.07546737814399633
2022-05-20T19:00:00.0;0.08231680015870307
2022-05-20T20:00:00.0;0.08722665556899074
2022-05-20T21:00:00.0;0.08777981876245453
2022-05-20T22:00:00.0;0.08473198522190178
2022-05-20T23:00:00.0;0.07943573361419351
2022-05-21T00:00:00.0;0.07310630813313039
2022-05-21T01:00:00.0;0.06995223499488067
2022-05-21T02:00:00.0;0.0672870435321287
2022-05-21T03:00:00.0;0.06470753683716865
2022-05-21T04:00:00.0;0.06328332710323932
2022-05-21T05:00:00.0;0.064851469103083
2022-05-21T06:00:00.0;0.06581174119452697
2022-05-21T07:00:00.0;0.06332665661989487
2022-05-21T08:00:00.0;0.05679705883839252
2022-05-21T09:00:00.0;0.048991443830701864
2022-05-21T10:00:00.0;0.04335578609320883
2022-05-21T11:00:00.0;0.04087113782089997
2022-05-21T12:00:00.0;0.04012825144439124
2022-05-21T13:00:00.0;0.040569456802816685
2022-05-21T14:00:00.0;0.043684681655951615
2022-05-21T15:00:00.0;0.04966724643900618
2022-05-21T16:00:00.0;0.05872728936552047
2022-05-21T17:00:00.0;0.06640399045085199
2022-05-21T18:00:00.0;0.07472710650405638
2022-05-21T19:00:00.0;0.07984808372067798
2022-05-21T20:00:00.0;0.08336445854414047
2022-05-21T21:00:00.0;0.08170009322350685
2022-05-21T22:00:00.0;0.07908956490295699
2022-05-21T23:00:00.0;0.07521300463413096
2022-05-22T00:00:00.0;0.0766251296408136
2022-05-22T01:00:00.0;0.07367276023772579
2022-05-22T02:00:00.0;0.07076290999409042
2022-05-22T03:00:00.0;0.06747397136515554
2022-05-22T04:00:00.0;0.06482234255701975
2022-05-22T05:00:00.0;0.06325899453989699
2022-05-22T06:00:00.0;0.06168941243955006
2022-05-22T07:00:00.0;0.05857015791182681
2022-05-22T08:00:00.0;0.05444138720488571
2022-05-22T09:00:00.0;0.04779681995424917
2022-05-22T10:00:00.0;0.04343989122090729
2022-05-22T11:00:00.0;0.041453757130269255
2022-05-22T12:00:00.0;0.041730660085022624
2022-05-22T13:00:00.0;0.04463781022604677
2022-05-22T14:00:00.0;0.048316255970765214
2022-05-22T15:00:00.0;0.05370515363746741
2022-05-22T16:00:00.0;0.06276553101308821
2022-05-22T17:00:00.0;0.06759409410778842
2022-05-22T18:00:00.0;0.07511842666955892
2022-05-22T19:00:00.0;0.08207762241817773
2022-05-22T20:00:00.0;0.08713507344147445
2022-05-22T21:00:00.0;0.08777226195742072
2022-05-22T22:00:00.0;0.08468558761922305
2022-05-22T23:00:00.0;0.07928719336996431
2022-05-23T00:00:00.0;0.0770524762815434
2022-05-23T01:00:00.0;0.07404290723391393
2022-05-23T02:00:00.0;0.0711114151385381
2022-05-23T03:00:00.0;0.06784816365311581
2022-05-23T04:00:00.0;0.0652194924599333
2022-05-23T05:00:00.0;0.06373343759448749
2022-05-23T06:00:00.0;0.06248183361421061
2022-05-23T07:00:00.0;0.05991235582363518
2022-05-23T08:00:00.0;0.056217555792057505
2022-05-23T09:00:00.0;0.04992463466790562
2022-05-23T10:00:00.0;0.04562940579927225
2022-05-23T11:00:00.0;0.04362132956976659
2022-05-23T12:00:00.0;0.04378261749768648
2022-05-23T13:00:00.0;0.04643618318820693
2022-05-23T14:00:00.0;0.049892927532042185
2022-05-23T15:00:00.0;0.05514415407887899
2022-05-23T16:00:00.0;0.06394703997906082
2022-05-23T17:00:00.0;0.06909980869926081
2022-05-23T18:00:00.0;0.07639998440652278
2022-05-23T19:00:00.0;0.08296668933397136
2022-05-23T20:00:00.0;0.0876282089117252
2022-05-23T21:00:00.0;0.08809818372015797
2022-05-23T22:00:00.0;0.08500393802213678
2022-05-23T23:00:00.0;0.07974505136500612
2022-05-24T00:00:00.0;0.07450186667906664
2022-05-24T01:00:00.0;0.07127962820639057
2022-05-24T02:00:00.0;0.06856233081749323
2022-05-24T03:00:00.0;0.06595691221485175
2022-05-24T04:00:00.0;0.06448826216282516
2022-05-24T05:00:00.0;0.06598542433712111
2022-05-24T06:00:00.0;0.06723587768506252
2022-05-24T07:00:00.0;0.06554570394801955
2022-05-24T08:00:00.0;0.059956710842915366
2022-05-24T09:00:00.0;0.05283081091050965
2022-05-24T10:00:00.0;0.047423572645103114
2022-05-24T11:00:00.0;0.04492737835004289
2022-05-24T12:00:00.0;0.044111984138105964
2022-05-24T13:00:00.0;0.04436481259313577
2022-05-24T14:00:00.0;0.047038094662138936
2022-05-24T15:00:00.0;0.05255397994209432
2022-05-24T16:00:00.0;0.061033725919290856
2022-05-24T17:00:00.0;0.06894903440772229
2022-05-24T18:00:00.0;0.07696951580786944
2022-05-24T19:00:00.0;0.0818515320404182
2022-05-24T20:00:00.0;0.08508991844703549
2022-05-24T21:00:00.0;0.08331778248474055
2022-05-24T22:00:00.0;0.08064544981837127
2022-05-24T23:00:00.0;0.07675042361081631
2022-05-25T00:00:00.0;0.07773763753892926
2022-05-25T01:00:00.0;0.07463636078462577
2022-05-25T02:00:00.0;0.07167017049125933
2022-05-25T03:00:00.0;0.06844810298593734
2022-05-25T04:00:00.0;0.0658562395427844
2022-05-25T05:00:00.0;0.06449410813418352
2022-05-25T06:00:00.0;0.06375231578644064
2022-05-25T07:00:00.0;0.062064290392126964
2022-05-25T08:00:00.0;0.05906527187668058
2022-05-25T09:00:00.0;0.05333614201520397
2022-05-25T10:00:00.0;0.049139836018204805
2022-05-25T11:00:00.0;0.047096580142895444
2022-05-25T12:00:00.0;0.04707250347540714
2022-05-25T13:00:00.0;0.049319499359589805
2022-05-25T14:00:00.0;0.052420791721086046
2022-05-25T15:00:00.0;0.05745129132496242
2022-05-25T16:00:00.0;0.06584134331874775
2022-05-25T17:00:00.0;0.07151390817830584
2022-05-25T18:00:00.0;0.0784546950951834
2022-05-25T19:00:00.0;0.084392122806164
2022-05-25T20:00:00.0;0.08841884884347137
2022-05-25T21:00:00.0;0.08862073132784505
2022-05-25T22:00:00.0;0.08551434653260774
2022-05-25T23:00:00.0;0.0804791312188954
2022-05-26T00:00:00.0;0.07374999795257833
2022-05-26T01:00:00.0;0.0705764057169581
2022-05-26T02:00:00.0;0.0679051630711697
2022-05-26T03:00:00.0;0.06533066400755802
2022-05-26T04:00:00.0;0.06394332953888343
2022-05-26T05:00:00.0;0.06562771848421542
2022-05-26T06:00:00.0;0.06673158598613825
2022-05-26T07:00:00.0;0.0644645510922222
2022-05-26T08:00:00.0;0.058177339069644535
2022-05-26T09:00:00.0;0.05055153358320736
2022-05-26T10:00:00.0;0.04496595167035124
2022-05-26T11:00:00.0;0.04245027134336576
2022-05-26T12:00:00.0;0.04168189286117196
2022-05-26T13:00:00.0;0.042013584464469296
2022-05-26T14:00:00.0;0.04487924664668617
2022-05-26T15:00:00.0;0.05058508060326958
2022-05-26T16:00:00.0;0.05934332516197511
2022-05-26T17:00:00.0;0.06712902104866353
2022-05-26T18:00:00.0;0.0754859322773309
2022-05-26T19:00:00.0;0.08068059760073648
2022-05-26T20:00:00.0;0.08426030242102153
2022-05-26T21:00:00.0;0.08247832619378632
2022-05-26T22:00:00.0;0.07985466402193661
2022-05-26T23:00:00.0;0.07592029729358836
2022-05-27T00:00:00.0;0.07264754833262124
2022-05-27T01:00:00.0;0.06948575990290928
2022-05-27T02:00:00.0;0.06679226008779955
2022-05-27T03:00:00.0;0.06417841910845253
2022-05-27T04:00:00.0;0.06262384962462147
2022-05-27T05:00:00.0;0.06383887137148894
2022-05-27T06:00:00.0;0.06467911226863712
2022-05-27T07:00:00.0;0.06230818719071116
2022-05-27T08:00:00.0;0.055953162800164054
2022-05-27T09:00:00.0;0.04826194435219242
2022-05-27T10:00:00.0;0.04269088059362511
2022-05-27T11:00:00.0;0.04027498244394371
2022-05-27T12:00:00.0;0.039535839735460106
2022-05-27T13:00:00.0;0.04009614189818177
2022-05-27T14:00:00.0;0.04347217055437138
2022-05-27T15:00:00.0;0.04976348908365664
2022-05-27T16:00:00.0;0.05910055921632843
2022-05-27T17:00:00.0;0.06670150387995125
2022-05-27T18:00:00.0;0.0746860052723342
2022-05-27T19:00:00.0;0.07942084477291633
2022-05-27T20:00:00.0;0.08254459925533657
2022-05-27T21:00:00.0;0.08108723566187674
2022-05-27T22:00:00.0;0.07845818037764511
2022-05-27T23:00:00.0;0.0747122330165169
2022-05-28T00:00:00.0;0.07337775584998268
2022-05-28T01:00:00.0;0.07022824784200363
2022-05-28T02:00:00.0;0.06757980640313528
2022-05-28T03:00:00.0;0.06502061527003627
2022-05-28T04:00:00.0;0.06367353927023314
2022-05-28T05:00:00.0;0.06545062217191329
2022-05-28T06:00:00.0;0.06648191660142283
2022-05-28T07:00:00.0;0.06392928396633839
2022-05-28T08:00:00.0;0.05729639128335301
2022-05-28T09:00:00.0;0.04942308794526152
2022-05-28T10:00:00.0;0.043749210014799665
2022-05-28T11:00:00.0;0.04122388236343486
2022-05-28T12:00:00.0;0.04047878086228587
2022-05-28T13:00:00.0;0.040849516760277475
2022-05-28T14:00:00.0;0.04381042426301025
2022-05-28T15:00:00.0;0.04961029976206282
2022-05-28T16:00:00.0;0.05850642596672404
2022-05-28T17:00:00.0;0.06622795205129679
2022-05-28T18:00:00.0;0.07475142606191305
2022-05-28T19:00:00.0;0.080100880580367
2022-05-28T20:00:00.0;0.08384956846841672
2022-05-28T21:00:00.0;0.08206272043207119
2022-05-28T22:00:00.0;0.07946315449747152
2022-05-28T23:00:00.0;0.07550931070130358
2022-05-29T00:00:00.0;0.0733933332746269
2022-05-29T01:00:00.0;0.07024477092672887
2022-05-29T02:00:00.0;0.06759507552813188
2022-05-29T03:00:00.0;0.06503238384740334
2022-05-29T04:00:00.0;0.06367904999914323
2022-05-29T05:00:00.0;0.06544010908765353
2022-05-29T06:00:00.0;0.0664589272946022
2022-05-29T07:00:00.0;0.06390357661398224
2022-05-29T08:00:00.0;0.05728269602873932
2022-05-29T09:00:00.0;0.0494152868516046
2022-05-29T10:00:00.0;0.04374772623420856
2022-05-29T11:00:00.0;0.04122498505659205
2022-05-29T12:00:00.0;0.04048478603924176
2022-05-29T13:00:00.0;0.04086768893871897
2022-05-29T14:00:00.0;0.043832038422145635
2022-05-29T15:00:00.0;0.049629942489319324
2022-05-29T16:00:00.0;0.058526856595344276
2022-05-29T17:00:00.0;0.06623450533906378
2022-05-29T18:00:00.0;0.07475318653812499
2022-05-29T19:00:00.0;0.08011036287252152
2022-05-29T20:00:00.0;0.08386532880567156
2022-05-29T21:00:00.0;0.08209010870289954
2022-05-29T22:00:00.0;0.07948820614340253
2022-05-29T23:00:00.0;0.07552743293988047
2022-05-30T00:00:00.0;0.0765273956430466
2022-05-30T01:00:00.0;0.07358058879332628
2022-05-30T02:00:00.0;0.07068064926942863
2022-05-30T03:00:00.0;0.06744026619630382
2022-05-30T04:00:00.0;0.06482864426160166
2022-05-30T05:00:00.0;0.06329674467339201
2022-05-30T06:00:00.0;0.06174826241427934
2022-05-30T07:00:00.0;0.05863409920934356
2022-05-30T08:00:00.0;0.054472927941543695
2022-05-30T09:00:00.0;0.04793571176510734
2022-05-30T10:00:00.0;0.043750679226038876
2022-05-30T11:00:00.0;0.04177296797335522
2022-05-30T12:00:00.0;0.04203727921192267
2022-05-30T13:00:00.0;0.04479751596798493
2022-05-30T14:00:00.0;0.048509636488496405
2022-05-30T15:00:00.0;0.05380340604275321
2022-05-30T16:00:00.0;0.06268958026728026
2022-05-30T17:00:00.0;0.06755512331448829
2022-05-30T18:00:00.0;0.07510027175289657
2022-05-30T19:00:00.0;0.08206118094758923
2022-05-30T20:00:00.0;0.08707152876825554
2022-05-30T21:00:00.0;0.08766008753972986
2022-05-30T22:00:00.0;0.08462770802842791
2022-05-30T23:00:00.0;0.07931233221070393
2022-05-31T00:00:00.0;0.07658813432333193
2022-05-31T01:00:00.0;0.07363787051740112
2022-05-31T02:00:00.0;0.07073177178533332
2022-05-31T03:00:00.0;0.06746121292437819
2022-05-31T04:00:00.0;0.06482472794559496
2022-05-31T05:00:00.0;0.06327328412392641
2022-05-31T06:00:00.0;0.06171168896101281
2022-05-31T07:00:00.0;0.05859436165521057
2022-05-31T08:00:00.0;0.05445332634165416
2022-05-31T09:00:00.0;0.047849394767064575
2022-05-31T10:00:00.0;0.04355753401852154
2022-05-31T11:00:00.0;0.04157458823053498
2022-05-31T12:00:00.0;0.0418467248342889
2022-05-31T13:00:00.0;0.044698263750527906
2022-05-31T14:00:00.0;0.04838945643131825
2022-05-31T15:00:00.0;0.053742345188104175
2022-05-31T16:00:00.0;0.06273678132497218
2022-05-31T17:00:00.0;0.06757934246656233
2022-05-31T18:00:00.0;0.07511155447645189
2022-05-31T19:00:00.0;0.08207139881699303
2022-05-31T20:00:00.0;0.0871110198325593
2022-05-31T21:00:00.0;0.08772980049784053
2022-05-31T22:00:00.0;0.08466367841785916
2022-05-31T23:00:00.0;0.07929670919266196
2022-06-01T00:00:00.0;0.0765723189992861
2022-06-01T01:00:00.0;0.07362295532622654
2022-06-01T02:00:00.0;0.07071846034769141
2022-06-01T03:00:00.0;0.06745575875101388
2022-06-01T04:00:00.0;0.06482574768798023
2022-06-01T05:00:00.0;0.06327939285382224
2022-06-01T06:00:00.0;0.061721212069058104
2022-06-01T07:00:00.0;0.05860470864155354
2022-06-01T08:00:00.0;0.054458430266412054
2022-06-01T09:00:00.0;0.047871870252015794
2022-06-01T10:00:00.0;0.04360782576062783
2022-06-01T11:00:00.0;0.04162624295701392
2022-06-01T12:00:00.0;0.041896341968156024
2022-06-01T13:00:00.0;0.044724107347622485
2022-06-01T14:00:00.0;0.048420749283569736
2022-06-01T15:00:00.0;0.053758244400899935
2022-06-01T16:00:00.0;0.06272449096865892
2022-06-01T17:00:00.0;0.06757303620939036
2022-06-01T18:00:00.0;0.07510861664625361
2022-06-01T19:00:00.0;0.08206873825678791
2022-06-01T20:00:00.0;0.08710073702799481
2022-06-01T21:00:00.0;0.08771164842378269
2022-06-01T22:00:00.0;0.08465431233742676
2022-06-01T23:00:00.0;0.07930077716206378
2022-06-02T00:00:00.0;0.0766251296408136
2022-06-02T01:00:00.0;0.07367276023772579
2022-06-02T02:00:00.0;0.07076290999409042
2022-06-02T03:00:00.0;0.06747397136515554
2022-06-02T04:00:00.0;0.06482234255701975
2022-06-02T05:00:00.0;0.06325899453989699
2022-06-02T06:00:00.0;0.06168941243955006
2022-06-02T07:00:00.0;0.05857015791182681
2022-06-02T08:00:00.0;0.05444138720488571
2022-06-02T09:00:00.0;0.04779681995424917
2022-06-02T10:00:00.0;0.04343989122090729
2022-06-02T11:00:00.0;0.041453757130269255
2022-06-02T12:00:00.0;0.041730660085022624
2022-06-02T13:00:00.0;0.04463781022604677
2022-06-02T14:00:00.0;0.048316255970765214
2022-06-02T15:00:00.0;0.05370515363746741
2022-06-02T16:00:00.0;0.06276553101308821
2022-06-02T17:00:00.0;0.06759409410778842
2022-06-02T18:00:00.0;0.07511842666955892
2022-06-02T19:00:00.0;0.08207762241817773
2022-06-02T20:00:00.0;0.08713507344147445
2022-06-02T21:00:00.0;0.08777226195742072
2022-06-02T22:00:00.0;0.08468558761922305
2022-06-02T23:00:00.0;0.07928719336996431
2022-06-03T00:00:00.0;0.07614868098148381
2022-06-03T01:00:00.0;0.07316738776794098
2022-06-03T02:00:00.0;0.07029589093927739
2022-06-03T03:00:00.0;0.06711401950938871
2022-06-03T04:00:00.0;0.06465379226959408
2022-06-03T05:00:00.0;0.06358054608101388
2022-06-03T06:00:00.0;0.06239255976099608
2022-06-03T07:00:00.0;0.05935643894638492
2022-06-03T08:00:00.0;0.054860268107788726
2022-06-03T09:00:00.0;0.048035422977472604
2022-06-03T10:00:00.0;0.043485273900619625
2022-06-03T11:00:00.0;0.04142003033085329
2022-06-03T12:00:00.0;0.04154698668746061
2022-06-03T13:00:00.0;0.04408199883531316
2022-06-03T14:00:00.0;0.04765516870006447
2022-06-03T15:00:00.0;0.05310436427204338
2022-06-03T16:00:00.0;0.06214064302051568
2022-06-03T17:00:00.0;0.06739365627919372
2022-06-03T18:00:00.0;0.07506458102112147
2022-06-03T19:00:00.0;0.08178759852221439
2022-06-03T20:00:00.0;0.08665303024581443
2022-06-03T21:00:00.0;0.08693456861493533
2022-06-03T22:00:00.0;0.0839193619182201
2022-06-03T23:00:00.0;0.07873290943207242
2022-06-04T00:00:00.0;0.07235457590066931
2022-06-04T01:00:00.0;0.06918786034416811
2022-06-04T02:00:00.0;0.06647628229546948
2022-06-04T03:00:00.0;0.06384051481169675
2022-06-04T04:00:00.0;0.062202695198026604
2022-06-04T05:00:00.0;0.06319220786765775
2022-06-04T06:00:00.0;0.06395579464022068
2022-06-04T07:00:00.0;0.06165777391298824
2022-06-04T08:00:00.0;0.0554142352952693
2022-06-04T09:00:00.0;0.04779607259078396
2022-06-04T10:00:00.0;0.04226625973317684
2022-06-04T11:00:00.0;0.039894266674135044
2022-06-04T12:00:00.0;0.03915751474079025
2022-06-04T13:00:00.0;0.039793874309486985
2022-06-04T14:00:00.0;0.04333645706295899
2022-06-04T15:00:00.0;0.04982495140365381
2022-06-04T16:00:00.0;0.05933893619670941
2022-06-04T17:00:00.0;0.0668915014184558
2022-06-04T18:00:00.0;0.0746597572710915
2022-06-04T19:00:00.0;0.07914800213628731
2022-06-04T20:00:00.0;0.08202102205996611
2022-06-04T21:00:00.0;0.08069585357026442
2022-06-04T22:00:00.0;0.0780549666268497
2022-06-04T23:00:00.0;0.07439243106677745
2022-06-05T00:00:00.0;0.0736592436868898
2022-06-05T01:00:00.0;0.07056111542591689
2022-06-05T02:00:00.0;0.06773176785354307
2022-06-05T03:00:00.0;0.06478831562263956
2022-06-05T04:00:00.0;0.06258805906084125
2022-06-05T05:00:00.0;0.062126886270451334
2022-06-05T06:00:00.0;0.06181586110916085
2022-06-05T07:00:00.0;0.059366693151604456
2022-06-05T08:00:00.0;0.05428560415920397
2022-06-05T09:00:00.0;0.0472637280584838
2022-06-05T10:00:00.0;0.042287943525174954
2022-06-05T11:00:00.0;0.04013518040141294
2022-06-05T12:00:00.0;0.03982136315934012
2022-06-05T13:00:00.0;0.041523173197841934
2022-06-05T14:00:00.0;0.0453999610240929
2022-06-05T15:00:00.0;0.05174915783050173
2022-06-05T16:00:00.0;0.061343446359915
2022-06-05T17:00:00.0;0.06773351856526984
2022-06-05T18:00:00.0;0.07496608748163942
2022-06-05T19:00:00.0;0.08000031088102116
2022-06-05T20:00:00.0;0.08330345357020884
2022-06-05T21:00:00.0;0.08300560879224321
2022-06-05T22:00:00.0;0.080169136015878
2022-06-05T23:00:00.0;0.07594511907716797
2022-06-06T00:00:00.0;0.07494316481420858
2022-06-06T01:00:00.0;0.07171153665708266
2022-06-06T02:00:00.0;0.06896426747938371
2022-06-06T03:00:00.0;0.0663126473579415
2022-06-06T04:00:00.0;0.06475141166693996
2022-06-06T05:00:00.0;0.06601955333218802
2022-06-06T06:00:00.0;0.06720387094176632
2022-06-06T07:00:00.0;0.06570838030649312
2022-06-06T08:00:00.0;0.06050512665191818
2022-06-06T09:00:00.0;0.05362886023600699
2022-06-06T10:00:00.0;0.048352021129512826
2022-06-06T11:00:00.0;0.04588867493263192
2022-06-06T12:00:00.0;0.045103329882891556
2022-06-06T13:00:00.0;0.04544524645460114
2022-06-06T14:00:00.0;0.048078474200574574
2022-06-06T15:00:00.0;0.05350213695383542
2022-06-06T16:00:00.0;0.06188275010900855
2022-06-06T17:00:00.0;0.06971166630153998
2022-06-06T18:00:00.0;0.07755604409074161
2022-06-06T19:00:00.0;0.08239383979998643
2022-06-06T20:00:00.0;0.08556284288712603
2022-06-06T21:00:00.0;0.08390854322990501
2022-06-06T22:00:00.0;0.08119461503422785
2022-06-06T23:00:00.0;0.07724671217709231
2022-06-07T00:00:00.0;0.0761765899536228
2022-06-07T01:00:00.0;0.07313514103195846
2022-06-07T02:00:00.0;0.07027088896415484
2022-06-07T03:00:00.0;0.06717329376402896
2022-06-07T04:00:00.0;0.06484664319588519
2022-06-07T05:00:00.0;0.06412920086367672
2022-06-07T06:00:00.0;0.06341002122217045
2022-06-07T07:00:00.0;0.06083348072951567
2022-06-07T08:00:00.0;0.05643651995782707
2022-06-07T09:00:00.0;0.049763537276205964
2022-06-07T10:00:00.0;0.045141681404500124
2022-06-07T11:00:00.0;0.04301196426402835
2022-06-07T12:00:00.0;0.04296164786480776
2022-06-07T13:00:00.0;0.045081512507110705
2022-06-07T14:00:00.0;0.048425680992948424
2022-06-07T15:00:00.0;0.05380916361871329
2022-06-07T16:00:00.0;0.06263922600454998
2022-06-07T17:00:00.0;0.06839176233987745
2022-06-07T18:00:00.0;0.07598516106056896
2022-06-07T19:00:00.0;0.08227245152827975
2022-06-07T20:00:00.0;0.0867264745086594
2022-06-07T21:00:00.0;0.08666715225499874
2022-06-07T22:00:00.0;0.08368981269025373
2022-06-07T23:00:00.0;0.0787361406614473
2022-06-08T00:00:00.0;0.07784705673417852
2022-06-08T01:00:00.0;0.07473113440067122
2022-06-08T02:00:00.0;0.0717594028586428
2022-06-08T03:00:00.0;0.06854391237137483
2022-06-08T04:00:00.0;0.06595792706908836
2022-06-08T05:00:00.0;0.06461558604526815
2022-06-08T06:00:00.0;0.0639552098283401
2022-06-08T07:00:00.0;0.06240795102117626
2022-06-08T08:00:00.0;0.05952004773990827
2022-06-08T09:00:00.0;0.05388095447286181
2022-06-08T10:00:00.0;0.049700446305773895
2022-06-08T11:00:00.0;0.04765157229532991
2022-06-08T12:00:00.0;0.04759789318806757
2022-06-08T13:00:00.0;0.04977996050172385
2022-06-08T14:00:00.0;0.05282448773028528
2022-06-08T15:00:00.0;0.05781973758206577
2022-06-08T16:00:00.0;0.06614386063821404
2022-06-08T17:00:00.0;0.07189943613891557
2022-06-08T18:00:00.0;0.07878282922068998
2022-06-08T19:00:00.0;0.08461976233149815
2022-06-08T20:00:00.0;0.08854511282020827
2022-06-08T21:00:00.0;0.08870418137423368
2022-06-08T22:00:00.0;0.08559585798390783
2022-06-08T23:00:00.0;0.08059636263849977
2022-06-09T00:00:00.0;0.0766251296408136
2022-06-09T01:00:00.0;0.07367276023772579
2022-06-09T02:00:00.0;0.07076290999409042
2022-06-09T03:00:00.0;0.06747397136515554
2022-06-09T04:00:00.0;0.06482234255701975
2022-06-09T05:00:00.0;0.06325899453989699
2022-06-09T06:00:00.0;0.06168941243955006
2022-06-09T07:00:00.0;0.05857015791182681
2022-06-09T08:00:00.0;0.05444138720488571
2022-06-09T09:00:00.0;0.04779681995424917
2022-06-09T10:00:00.0;0.04343989122090729
2022-06-09T11:00:00.0;0.041453757130269255
2022-06-09T12:00:00.0;0.041730660085022624
2022-06-09T13:00:00.0;0.04463781022604677
2022-06-09T14:00:00.0;0.048316255970765214
2022-06-09T15:00:00.0;0.05370515363746741
2022-06-09T16:00:00.0;0.06276553101308821
2022-06-09T17:00:00.0;0.06759409410778842
2022-06-09T18:00:00.0;0.07511842666955892
2022-06-09T19:00:00.0;0.08207762241817773
2022-06-09T20:00:00.0;0.08713507344147445
2022-06-09T21:00:00.0;0.08777226195742072
2022-06-09T22:00:00.0;0.08468558761922305
2022-06-09T23:00:00.0;0.07928719336996431
2022-06-10T00:00:00.0;0.07629226559111918
2022-06-10T01:00:00.0;0.07315730616290357
2022-06-10T02:00:00.0;0.07029916997366836
2022-06-10T03:00:00.0;0.06732275955808625
2022-06-10T04:00:00.0;0.06518498263067092
2022-06-10T05:00:00.0;0.06497354829508313
2022-06-10T06:00:00.0;0.06496006756776676
2022-06-10T07:00:00.0;0.06311827450013613
2022-06-10T08:00:00.0;0.05893679157877856
2022-06-10T09:00:00.0;0.05253725510552303
2022-06-10T10:00:00.0;0.04782735917503131
2022-06-10T11:00:00.0;0.045604519254610947
2022-06-10T12:00:00.0;0.045288186586293064
2022-06-10T13:00:00.0;0.046788175838807386
2022-06-10T14:00:00.0;0.049775654532830615
2022-06-10T15:00:00.0;0.05504342692199461
2022-06-10T16:00:00.0;0.063541855302823
2022-06-10T17:00:00.0;0.07004369371629052
2022-06-10T18:00:00.0;0.07748944605775279
2022-06-10T19:00:00.0;0.08310334639045908
2022-06-10T20:00:00.0;0.08691699020062076
2022-06-10T21:00:00.0;0.0863561075322361
2022-06-10T22:00:00.0;0.08342977157185603
2022-06-10T23:00:00.0;0.07882319082770593
2022-06-11T00:00:00.0;0.07391220734916319
2022-06-11T01:00:00.0;0.07079514433511368
2022-06-11T02:00:00.0;0.06810368033813971
2022-06-11T03:00:00.0;0.06542438764966266
2022-06-11T04:00:00.0;0.06386260886259734
2022-06-11T05:00:00.0;0.06508992495963553
2022-06-11T06:00:00.0;0.06569316815448585
2022-06-11T07:00:00.0;0.06304728111153363
2022-06-11T08:00:00.0;0.05682651583685786
2022-06-11T09:00:00.0;0.04915543739997476
2022-06-11T10:00:00.0;0.043698302449558094
2022-06-11T11:00:00.0;0.041261715062000485
2022-06-11T12:00:00.0;0.040684814651581615
2022-06-11T13:00:00.0;0.04147299260646212
2022-06-11T14:00:00.0;0.04455199227038416
2022-06-11T15:00:00.0;0.05028422919969467
2022-06-11T16:00:00.0;0.05920738779736509
2022-06-11T17:00:00.0;0.06645279117275767
2022-06-11T18:00:00.0;0.07481182687733821
2022-06-11T19:00:00.0;0.08042621197328942
2022-06-11T20:00:00.0;0.08439029558254621
2022-06-11T21:00:00.0;0.08300239452701905
2022-06-11T22:00:00.0;0.0803226604832533
2022-06-11T23:00:00.0;0.07613107314260147
2022-06-12T00:00:00.0;0.0764872102923308
2022-06-12T01:00:00.0;0.07352646820728559
2022-06-12T02:00:00.0;0.07062772026796238
2022-06-12T03:00:00.0;0.0673697747755327
2022-06-12T04:00:00.0;0.06477355168443961
2022-06-12T05:00:00.0;0.06335207524898508
2022-06-12T06:00:00.0;0.06189295508483251
2022-06-12T07:00:00.0;0.05879776557927871
2022-06-12T08:00:00.0;0.054562642202856615
2022-06-12T09:00:00.0;0.047865889250309934
2022-06-12T10:00:00.0;0.04345302831237719
2022-06-12T11:00:00.0;0.04144399410940484
2022-06-12T12:00:00.0;0.04167749147004318
2022-06-12T13:00:00.0;0.044476917455360566
2022-06-12T14:00:00.0;0.048124888603306194
2022-06-12T15:00:00.0;0.05353124092676478
2022-06-12T16:00:00.0;0.06258464238401418
2022-06-12T17:00:00.0;0.06753607263120379
2022-06-12T18:00:00.0;0.07510283977135761
2022-06-12T19:00:00.0;0.08199366813266883
2022-06-12T20:00:00.0;0.08699553462195186
2022-06-12T21:00:00.0;0.08752977177980854
2022-06-12T22:00:00.0;0.08446378544305205
2022-06-12T23:00:00.0;0.07912674275667879
2022-06-13T00:00:00.0;0.0752976317845048
2022-06-13T01:00:00.0;0.07226467385288733
2022-06-13T02:00:00.0;0.06946168523045747
2022-06-13T03:00:00.0;0.06647106096222356
2022-06-13T04:00:00.0;0.06435272187311951
2022-06-13T05:00:00.0;0.06415491264810601
2022-06-13T06:00:00.0;0.06364854600748135
2022-06-13T07:00:00.0;0.06076092152799569
2022-06-13T08:00:00.0;0.055608487772310214
2022-06-13T09:00:00.0;0.048461624011591806
2022-06-13T10:00:00.0;0.04356633802446515
2022-06-13T11:00:00.0;0.041359786346538176
2022-06-13T12:00:00.0;0.041218902864701104
2022-06-13T13:00:00.0;0.04308918916213451
2022-06-13T14:00:00.0;0.046474311581787914
2022-06-13T15:00:00.0;0.052031213373231154
2022-06-13T16:00:00.0;0.06102444631418272
2022-06-13T17:00:00.0;0.067035627245573
2022-06-13T18:00:00.0;0.07496840004765
2022-06-13T19:00:00.0;0.08126954773346513
2022-06-13T20:00:00.0;0.08579198789310274
2022-06-13T21:00:00.0;0.08543825157746128
2022-06-13T22:00:00.0;0.08255070287222652
2022-06-13T23:00:00.0;0.0777428281483832
2022-06-14T00:00:00.0;0.0766251296408136
2022-06-14T01:00:00.0;0.07367276023772579
2022-06-14T02:00:00.0;0.07076290999409042
2022-06-14T03:00:00.0;0.06747397136515554
2022-06-14T04:00:00.0;0.06482234255701975
2022-06-14T05:00:00.0;0.06325899453989699
2022-06-14T06:00:00.0;0.06168941243955006
2022-06-14T07:00:00.0;0.05857015791182681
2022-06-14T08:00:00.0;0.05444138720488571
2022-06-14T09:00:00.0;0.04779681995424917
2022-06-14T10:00:00.0;0.04343989122090729
2022-06-14T11:00:00.0;0.041453757130269255
2022-06-14T12:00:00.0;0.041730660085022624
2022-06-14T13:00:00.0;0.04463781022604677
2022-06-14T14:00:00.0;0.048316255970765214
2022-06-14T15:00:00.0;0.05370515363746741
2022-06-14T16:00:00.0;0.06276553101308821
2022-06-14T17:00:00.0;0.06759409410778842
2022-06-14T18:00:00.0;0.07511842666955892
2022-06-14T19:00:00.0;0.08207762241817773
2022-06-14T20:00:00.0;0.08713507344147445
2022-06-14T21:00:00.0;0.08777226195742072
2022-06-14T22:00:00.0;0.08468558761922305
2022-06-14T23:00:00.0;0.07928719336996431
2022-06-15T00:00:00.0;0.0766251296408136
2022-06-15T01:00:00.0;0.07367276023772579
2022-06-15T02:00:00.0;0.07076290999409042
2022-06-15T03:00:00.0;0.06747397136515554
2022-06-15T04:00:00.0;0.06482234255701975
2022-06-15T05:00:00.0;0.06325899453989699
2022-06-15T06:00:00.0;0.06168941243955006
2022-06-15T07:00:00.0;0.05857015791182681
2022-06-15T08:00:00.0;0.05444138720488571
2022-06-15T09:00:00.0;0.04779681995424917
2022-06-15T10:00:00.0;0.04343989122090729
2022-06-15T11:00:00.0;0.041453757130269255
2022-06-15T12:00:00.0;0.041730660085022624
2022-06-15T13:00:00.0;0.04463781022604677
2022-06-15T14:00:00.0;0.048316255970765214
2022-06-15T15:00:00.0;0.05370515363746741
2022-06-15T16:00:00.0;0.06276553101308821
2022-06-15T17:00:00.0;0.06759409410778842
2022-06-15T18:00:00.0;0.07511842666955892
2022-06-15T19:00:00.0;0.08207762241817773
2022-06-15T20:00:00.0;0.08713507344147445
2022-06-15T21:00:00.0;0.08777226195742072
2022-06-15T22:00:00.0;0.08468558761922305
2022-06-15T23:00:00.0;0.07928719336996431
2022-06-16T00:00:00.0;0.07660318330213532
2022-06-16T01:00:00.0;0.07365206298005215
2022-06-16T02:00:00.0;0.07074443820571999
2022-06-16T03:00:00.0;0.06746640281104203
2022-06-16T04:00:00.0;0.06482375761571135
2022-06-16T05:00:00.0;0.06326747139783548
2022-06-16T06:00:00.0;0.061702627303426766
2022-06-16T07:00:00.0;0.05858451604106426
2022-06-16T08:00:00.0;0.05444846973199679
2022-06-16T09:00:00.0;0.04782800835122848
2022-06-16T10:00:00.0;0.043509679206394425
2022-06-16T11:00:00.0;0.04152543647862503
2022-06-16T12:00:00.0;0.04179951194167366
2022-06-16T13:00:00.0;0.04467367242734336
2022-06-16T14:00:00.0;0.048359679901361266
2022-06-16T15:00:00.0;0.053727216385453004
2022-06-16T16:00:00.0;0.06274847614141149
2022-06-16T17:00:00.0;0.06758534314857395
2022-06-16T18:00:00.0;0.07511434995154011
2022-06-16T19:00:00.0;0.08207393045744606
2022-06-16T20:00:00.0;0.08712080437491086
2022-06-16T21:00:00.0;0.08774707299740753
2022-06-16T22:00:00.0;0.08467259065674149
2022-06-16T23:00:00.0;0.07929283834024545
2022-06-17T00:00:00.0;0.07538329708667721
2022-06-17T01:00:00.0;0.07237454806398298
2022-06-17T02:00:00.0;0.06956804211887715
2022-06-17T03:00:00.0;0.06660213911463005
2022-06-17T04:00:00.0;0.06445061736397117
2022-06-17T05:00:00.0;0.0640504522208599
2022-06-17T06:00:00.0;0.063380931289904
2022-06-17T07:00:00.0;0.06045858008917885
2022-06-17T08:00:00.0;0.055443247247898786
2022-06-17T09:00:00.0;0.04856745303041994
2022-06-17T10:00:00.0;0.04405668048113033
2022-06-17T11:00:00.0;0.04190511298996033
2022-06-17T12:00:00.0;0.041821229190423484
2022-06-17T13:00:00.0;0.04364172556426659
2022-06-17T14:00:00.0;0.04713716689296551
2022-06-17T15:00:00.0;0.052505478195358196
2022-06-17T16:00:00.0;0.061223168889635624
2022-06-17T17:00:00.0;0.06707521279562995
2022-06-17T18:00:00.0;0.07496632566446701
2022-06-17T19:00:00.0;0.08139288010143209
2022-06-17T20:00:00.0;0.08593708956518685
2022-06-17T21:00:00.0;0.08568752072208399
2022-06-17T22:00:00.0;0.08285265902519384
2022-06-17T23:00:00.0;0.0780720621913182
2022-06-18T00:00:00.0;0.0766251296408136
2022-06-18T01:00:00.0;0.07367276023772579
2022-06-18T02:00:00.0;0.07076290999409042
2022-06-18T03:00:00.0;0.06747397136515554
2022-06-18T04:00:00.0;0.06482234255701975
2022-06-18T05:00:00.0;0.06325899453989699
2022-06-18T06:00:00.0;0.06168941243955006
2022-06-18T07:00:00.0;0.05857015791182681
2022-06-18T08:00:00.0;0.05444138720488571
2022-06-18T09:00:00.0;0.04779681995424917
2022-06-18T10:00:00.0;0.04343989122090729
2022-06-18T11:00:00.0;0.041453757130269255
2022-06-18T12:00:00.0;0.041730660085022624
2022-06-18T13:00:00.0;0.04463781022604677
2022-06-18T14:00:00.0;0.048316255970765214
2022-06-18T15:00:00.0;0.05370515363746741
2022-06-18T16:00:00.0;0.06276553101308821
2022-06-18T17:00:00.0;0.06759409410778842
2022-06-18T18:00:00.0;0.07511842666955892
2022-06-18T19:00:00.0;0.08207762241817773
2022-06-18T20:00:00.0;0.08713507344147445
2022-06-18T21:00:00.0;0.08777226195742072
2022-06-18T22:00:00.0;0.08468558761922305
2022-06-18T23:00:00.0;0.07928719336996431
2022-06-19T00:00:00.0;0.07432698818884095
2022-06-19T01:00:00.0;0.07123510531152241
2022-06-19T02:00:00.0;0.0685102520681837
2022-06-19T03:00:00.0;0.06573775012860959
2022-06-19T04:00:00.0;0.06400934330790924
2022-06-19T05:00:00.0;0.06480999255640084
2022-06-19T06:00:00.0;0.06508103076949079
2022-06-19T07:00:00.0;0.06236277019655809
2022-06-19T08:00:00.0;0.05646185162964719
2022-06-19T09:00:00.0;0.04894771730173483
2022-06-19T10:00:00.0;0.043658793751969585
2022-06-19T11:00:00.0;0.04129107652604799
2022-06-19T12:00:00.0;0.04084471478893199
2022-06-19T13:00:00.0;0.04195686408104081
2022-06-19T14:00:00.0;0.045127513531430935
2022-06-19T15:00:00.0;0.050807257048719544
2022-06-19T16:00:00.0;0.0597513951341228
2022-06-19T17:00:00.0;0.06662728588319435
2022-06-19T18:00:00.0;0.07485870316260954
2022-06-19T19:00:00.0;0.08067869742526552
2022-06-19T20:00:00.0;0.08480994684515666
2022-06-19T21:00:00.0;0.08373166333948105
2022-06-19T22:00:00.0;0.08098971187152197
2022-06-19T23:00:00.0;0.07661361486598903
2022-06-20T00:00:00.0;0.07544069455973999
2022-06-20T01:00:00.0;0.07241924183225572
2022-06-20T02:00:00.0;0.06960523815142859
2022-06-20T03:00:00.0;0.06658898903339767
2022-06-20T04:00:00.0;0.06441336066573677
2022-06-20T05:00:00.0;0.06405143987434064
2022-06-20T06:00:00.0;0.06341646441693245
2022-06-20T07:00:00.0;0.06050094280150482
2022-06-20T08:00:00.0;0.0554693685042101
2022-06-20T09:00:00.0;0.04841204595422091
2022-06-20T10:00:00.0;0.04362667380938925
2022-06-20T11:00:00.0;0.041449923869552235
2022-06-20T12:00:00.0;0.04135852164433829
2022-06-20T13:00:00.0;0.04332323464085398
2022-06-20T14:00:00.0;0.046753527735274296
2022-06-20T15:00:00.0;0.05226595131513758
2022-06-20T16:00:00.0;0.06122489523718739
2022-06-20T17:00:00.0;0.06709633877078043
2022-06-20T18:00:00.0;0.07498282401782232
2022-06-20T19:00:00.0;0.08136719482173657
2022-06-20T20:00:00.0;0.08594539986608472
2022-06-20T21:00:00.0;0.0857044219692047
2022-06-20T22:00:00.0;0.08280513745210268
2022-06-20T23:00:00.0;0.07794332434815904
2022-06-21T00:00:00.0;0.07644081859509654
2022-06-21T01:00:00.0;0.07349893929833246
2022-06-21T02:00:00.0;0.07060777912325464
2022-06-21T03:00:00.0;0.06741040868421476
2022-06-21T04:00:00.0;0.06483422658701779
2022-06-21T05:00:00.0;0.06333018539199958
2022-06-21T06:00:00.0;0.0618003942946936
2022-06-21T07:00:00.0;0.05869074120606505
2022-06-21T08:00:00.0;0.054500868104971054
2022-06-21T09:00:00.0;0.04805874820322797
2022-06-21T10:00:00.0;0.04402598882799266
2022-06-21T11:00:00.0;0.04205573889339803
2022-06-21T12:00:00.0;0.04230889583928423
2022-06-21T13:00:00.0;0.04493899029619818
2022-06-21T14:00:00.0;0.04868094140529861
2022-06-21T15:00:00.0;0.05389044231874713
2022-06-21T16:00:00.0;0.0626222997762342
2022-06-21T17:00:00.0;0.06752060128206062
2022-06-21T18:00:00.0;0.0750841893340217
2022-06-21T19:00:00.0;0.08204661637415486
2022-06-21T20:00:00.0;0.08701523811867666
2022-06-21T21:00:00.0;0.08756071853650596
2022-06-21T22:00:00.0;0.08457643575652567
2022-06-21T23:00:00.0;0.07933460129484916
2022-06-22T00:00:00.0;0.07643019414885219
2022-06-22T01:00:00.0;0.07348891954493385
2022-06-22T02:00:00.0;0.07059883674222901
2022-06-22T03:00:00.0;0.06740674467002518
2022-06-22T04:00:00.0;0.06483491163135352
2022-06-22T05:00:00.0;0.0633342891253288
2022-06-22T06:00:00.0;0.06180679174499009
2022-06-22T07:00:00.0;0.05869769212277553
2022-06-22T08:00:00.0;0.05450429682853487
2022-06-22T09:00:00.0;0.04807384682409642
2022-06-22T10:00:00.0;0.04405977390308781
2022-06-22T11:00:00.0;0.042090439596535786
2022-06-22T12:00:00.0;0.04234222772486823
2022-06-22T13:00:00.0;0.04495635155337483
2022-06-22T14:00:00.0;0.048701963372702786
2022-06-22T15:00:00.0;0.053901123119923657
2022-06-22T16:00:00.0;0.06261404333902205
2022-06-22T17:00:00.0;0.0675163648535099
2022-06-22T18:00:00.0;0.07508221575327642
2022-06-22T19:00:00.0;0.08204482905833399
2022-06-22T20:00:00.0;0.08700833031811439
2022-06-22T21:00:00.0;0.08754852430422265
2022-06-22T22:00:00.0;0.08457014379451554
2022-06-22T23:00:00.0;0.07933733408249917
2022-06-23T00:00:00.0;0.0763965622564853
2022-06-23T01:00:00.0;0.07345720181959599
2022-06-23T02:00:00.0;0.07057052946020785
2022-06-23T03:00:00.0;0.06739514616145162
2022-06-23T04:00:00.0;0.06483708015259555
2022-06-23T05:00:00.0;0.06334727957343846
2022-06-23T06:00:00.0;0.06182704299901746
2022-06-23T07:00:00.0;0.05871969538556039
2022-06-23T08:00:00.0;0.05451515052003108
2022-06-23T09:00:00.0;0.04812164180373657
2022-06-23T10:00:00.0;0.044166721219030265
2022-06-23T11:00:00.0;0.042200285350953874
2022-06-23T12:00:00.0;0.042447740460550214
2022-06-23T13:00:00.0;0.045011308952498566
2022-06-23T14:00:00.0;0.048768508821643644
2022-06-23T15:00:00.0;0.053934933404930496
2022-06-23T16:00:00.0;0.06258790742555735
2022-06-23T17:00:00.0;0.0675029543560815
2022-06-23T18:00:00.0;0.07507596834483037
2022-06-23T19:00:00.0;0.08203917127514884
2022-06-23T20:00:00.0;0.08698646354033986
2022-06-23T21:00:00.0;0.08750992322344939
2022-06-23T22:00:00.0;0.0845502264657217
2022-06-23T23:00:00.0;0.07934598477524989
2022-06-24T00:00:00.0;0.07614258773433957
2022-06-24T01:00:00.0;0.07321768231684678
2022-06-24T02:00:00.0;0.07035676425347659
2022-06-24T03:00:00.0;0.0673075588904043
2022-06-24T04:00:00.0;0.0648534559526903
2022-06-24T05:00:00.0;0.06344537821193058
2022-06-24T06:00:00.0;0.06197997232301571
2022-06-24T07:00:00.0;0.05888585517491955
2022-06-24T08:00:00.0;0.05459711323212573
2022-06-24T09:00:00.0;0.04848257026362374
2022-06-24T10:00:00.0;0.044974344327624406
2022-06-24T11:00:00.0;0.04302979630096912
2022-06-24T12:00:00.0;0.043244530196101916
2022-06-24T13:00:00.0;0.04542632512311886
2022-06-24T14:00:00.0;0.04927103328298984
2022-06-24T15:00:00.0;0.054190255076531586
2022-06-24T16:00:00.0;0.06239053952069407
2022-06-24T17:00:00.0;0.06740168367410616
2022-06-24T18:00:00.0;0.07502879042937345
2022-06-24T19:00:00.0;0.08199644597247531
2022-06-24T20:00:00.0;0.08682133443087528
2022-06-24T21:00:00.0;0.08721842338940054
2022-06-24T22:00:00.0;0.08439981881075977
2022-06-24T23:00:00.0;0.079411311327013
2022-06-25T00:00:00.0;0.07593138893529028
2022-06-25T01:00:00.0;0.0729517783053199
2022-06-25T02:00:00.0;0.07010041686710336
2022-06-25T03:00:00.0;0.06700178239009703
2022-06-25T04:00:00.0;0.06462981035244714
2022-06-25T05:00:00.0;0.06369069547856886
2022-06-25T06:00:00.0;0.06260276341061721
2022-06-25T07:00:00.0;0.05958908009884397
2022-06-25T08:00:00.0;0.054980940041842966
2022-06-25T09:00:00.0;0.048260620115647815
2022-06-25T10:00:00.0;0.04389604059014264
2022-06-25T11:00:00.0;0.04182661211208281
2022-06-25T12:00:00.0;0.04190868816917921
2022-06-25T13:00:00.0;0.04418266497572246
2022-06-25T14:00:00.0;0.04777933341513226
2022-06-25T15:00:00.0;0.05311694340598952
2022-06-25T16:00:00.0;0.06192323421777063
2022-06-25T17:00:00.0;0.0673050187808907
2022-06-25T18:00:00.0;0.0750308251353622
2022-06-25T19:00:00.0;0.08171103039814705
2022-06-25T20:00:00.0;0.08647890753433339
2022-06-25T21:00:00.0;0.08662971872404958
2022-06-25T22:00:00.0;0.08369838742845509
2022-06-25T23:00:00.0;0.07865975694261136
2022-06-26T00:00:00.0;0.0766251296408136
2022-06-26T01:00:00.0;0.07367276023772579
2022-06-26T02:00:00.0;0.07076290999409042
2022-06-26T03:00:00.0;0.06747397136515554
2022-06-26T04:00:00.0;0.06482234255701975
2022-06-26T05:00:00.0;0.06325899453989699
2022-06-26T06:00:00.0;0.06168941243955006
2022-06-26T07:00:00.0;0.05857015791182681
2022-06-26T08:00:00.0;0.05444138720488571
2022-06-26T09:00:00.0;0.04779681995424917
2022-06-26T10:00:00.0;0.04343989122090729
2022-06-26T11:00:00.0;0.041453757130269255
2022-06-26T12:00:00.0;0.041730660085022624
2022-06-26T13:00:00.0;0.04463781022604677
2022-06-26T14:00:00.0;0.048316255970765214
2022-06-26T15:00:00.0;0.05370515363746741
2022-06-26T16:00:00.0;0.06276553101308821
2022-06-26T17:00:00.0;0.06759409410778842
2022-06-26T18:00:00.0;0.07511842666955892
2022-06-26T19:00:00.0;0.08207762241817773
2022-06-26T20:00:00.0;0.08713507344147445
2022-06-26T21:00:00.0;0.08777226195742072
2022-06-26T22:00:00.0;0.08468558761922305
2022-06-26T23:00:00.0;0.07928719336996431
2022-06-27T00:00:00.0;0.07613688888112184
2022-06-27T01:00:00.0;0.07320858842347118
2022-06-27T02:00:00.0;0.07035070241274308
2022-06-27T03:00:00.0;0.06733125313549598
2022-06-27T04:00:00.0;0.06490187026864715
2022-06-27T05:00:00.0;0.06351992696371567
2022-06-27T06:00:00.0;0.062102161703084025
2022-06-27T07:00:00.0;0.059073056251244004
2022-06-27T08:00:00.0;0.054815492708140116
2022-06-27T09:00:00.0;0.04880009416480223
2022-06-27T10:00:00.0;0.04539390295024117
2022-06-27T11:00:00.0;0.0434515302405961
2022-06-27T12:00:00.0;0.043646221665947976
2022-06-27T13:00:00.0;0.045718088857702004
2022-06-27T14:00:00.0;0.04955633727945898
2022-06-27T15:00:00.0;0.05440738068211351
2022-06-27T16:00:00.0;0.062482204781171787
2022-06-27T17:00:00.0;0.06755047541450679
2022-06-27T18:00:00.0;0.07516373397294134
2022-06-27T19:00:00.0;0.08208793447498104
2022-06-27T20:00:00.0;0.0868419841797466
2022-06-27T21:00:00.0;0.08719326510948094
2022-06-27T22:00:00.0;0.0844038277616847
2022-06-27T23:00:00.0;0.07947701005654226
2022-06-28T00:00:00.0;0.07631340292608667
2022-06-28T01:00:00.0;0.07337877552195891
2022-06-28T02:00:00.0;0.0705005359376131
2022-06-28T03:00:00.0;0.06736646730520178
2022-06-28T04:00:00.0;0.06484244211000417
2022-06-28T05:00:00.0;0.06337940018546323
2022-06-28T06:00:00.0;0.06187711692011224
2022-06-28T07:00:00.0;0.05877410138150654
2022-06-28T08:00:00.0;0.05454198771691942
2022-06-28T09:00:00.0;0.04823982125257436
2022-06-28T10:00:00.0;0.04443116269275654
2022-06-28T11:00:00.0;0.04247189359960338
2022-06-28T12:00:00.0;0.04270863474363487
2022-06-28T13:00:00.0;0.04514719843685236
2022-06-28T14:00:00.0;0.04893305130157988
2022-06-28T15:00:00.0;0.054018533834876065
2022-06-28T16:00:00.0;0.06252328290073517
2022-06-28T17:00:00.0;0.06746979511620606
2022-06-28T18:00:00.0;0.07506052079589572
2022-06-28T19:00:00.0;0.08202518165315292
2022-06-28T20:00:00.0;0.08693239502174839
2022-06-28T21:00:00.0;0.0874144769132998
2022-06-28T22:00:00.0;0.08450097821921339
2022-06-28T23:00:00.0;0.07936737476451329
2022-06-29T00:00:00.0;0.07630294225395387
2022-06-29T01:00:00.0;0.07336891022142993
2022-06-29T02:00:00.0;0.07049173140193715
2022-06-29T03:00:00.0;0.06736285977119526
2022-06-29T04:00:00.0;0.06484311659449284
2022-06-29T05:00:00.0;0.06338344066041036
2022-06-29T06:00:00.0;0.0618834157547525
2022-06-29T07:00:00.0;0.058780945150966
2022-06-29T08:00:00.0;0.054545363587266936
2022-06-29T09:00:00.0;0.04825468713065685
2022-06-29T10:00:00.0;0.044464426976411855
2022-06-29T11:00:00.0;0.042506059397043876
2022-06-29T12:00:00.0;0.04274145282362166
2022-06-29T13:00:00.0;0.04516429207307221
2022-06-29T14:00:00.0;0.04895374921877426
2022-06-29T15:00:00.0;0.05402904999323893
2022-06-29T16:00:00.0;0.06251515373516033
2022-06-29T17:00:00.0;0.06746562399151268
2022-06-29T18:00:00.0;0.07505857763757678
2022-06-29T19:00:00.0;0.08202342188851486
2022-06-29T20:00:00.0;0.08692559370380872
2022-06-29T21:00:00.0;0.08740247065312462
2022-06-29T22:00:00.0;0.08449478324677472
2022-06-29T23:00:00.0;0.07937006542668595
2022-06-30T00:00:00.0;0.07619122486525572
2022-06-30T01:00:00.0;0.07325716629909965
2022-06-30T02:00:00.0;0.07039552916012538
2022-06-30T03:00:00.0;0.06736838115465768
2022-06-30T04:00:00.0;0.06493280036213507
2022-06-30T05:00:00.0;0.06355078854021623
2022-06-30T06:00:00.0;0.06215455336179125
2022-06-30T07:00:00.0;0.059168996290537144
2022-06-30T08:00:00.0;0.054953144584127686
2022-06-30T09:00:00.0;0.048944630788188496
2022-06-30T10:00:00.0;0.0455088140758601
2022-06-30T11:00:00.0;0.043562965620507335
2022-06-30T12:00:00.0;0.04375081993532402
2022-06-30T13:00:00.0;0.04583172257834501
2022-06-30T14:00:00.0;0.049645212541141945
2022-06-30T15:00:00.0;0.05450425728076519
2022-06-30T16:00:00.0;0.06259329749464956
2022-06-30T17:00:00.0;0.0676804041198735
2022-06-30T18:00:00.0;0.07527129552164277
2022-06-30T19:00:00.0;0.08216332904736885
2022-06-30T20:00:00.0;0.08689476677172742
2022-06-30T21:00:00.0;0.08724228688679148
2022-06-30T22:00:00.0;0.0844412981686173
2022-06-30T23:00:00.0;0.07950906747591875
2022-07-01T00:00:00.0;0.07390914866700583
2022-07-01T01:00:00.0;0.07083066544458641
2022-07-01T02:00:00.0;0.06814633794805448
2022-07-01T03:00:00.0;0.06555740823947402
2022-07-01T04:00:00.0;0.06399936924309509
2022-07-01T05:00:00.0;0.06499686097680983
2022-07-01T06:00:00.0;0.06540974335603694
2022-07-01T07:00:00.0;0.06272405239274212
2022-07-01T08:00:00.0;0.05664581148144496
2022-07-01T09:00:00.0;0.049460286356093446
2022-07-01T10:00:00.0;0.044715231613581014
2022-07-01T11:00:00.0;0.04236126235341972
2022-07-01T12:00:00.0;0.04184466108400916
2022-07-01T13:00:00.0;0.04239245340223776
2022-07-01T14:00:00.0;0.045657157281096504
2022-07-01T15:00:00.0;0.05102728283835811
2022-07-01T16:00:00.0;0.059379513606646075
2022-07-01T17:00:00.0;0.06645873790219331
2022-07-01T18:00:00.0;0.07478750657951573
2022-07-01T19:00:00.0;0.08056952607874147
2022-07-01T20:00:00.0;0.08450636319579301
2022-07-01T21:00:00.0;0.08319820647253964
2022-07-01T22:00:00.0;0.08065258610885746
2022-07-01T23:00:00.0;0.07659570443299964
2022-07-02T00:00:00.0;0.07487790135363569
2022-07-02T01:00:00.0;0.07181946281002168
2022-07-02T02:00:00.0;0.06905026186875363
2022-07-02T03:00:00.0;0.06615395912017899
2022-07-02T04:00:00.0;0.06420423644162768
2022-07-02T05:00:00.0;0.06443818549242351
2022-07-02T06:00:00.0;0.06426798804476222
2022-07-02T07:00:00.0;0.06145360073058493
2022-07-02T08:00:00.0;0.05597750352755578
2022-07-02T09:00:00.0;0.04867182283948885
2022-07-02T10:00:00.0;0.043606318180430856
2022-07-02T11:00:00.0;0.04133007451133098
2022-07-02T12:00:00.0;0.041057094634604836
2022-07-02T13:00:00.0;0.04259954363591404
2022-07-02T14:00:00.0;0.045891922609671544
2022-07-02T15:00:00.0;0.051501944218469084
2022-07-02T16:00:00.0;0.0604739473228825
2022-07-02T17:00:00.0;0.06685905028494757
2022-07-02T18:00:00.0;0.07492096438637462
2022-07-02T19:00:00.0;0.08101404936563203
2022-07-02T20:00:00.0;0.08536732892040985
2022-07-02T21:00:00.0;0.08470028038016132
2022-07-02T22:00:00.0;0.08187569154135753
2022-07-02T23:00:00.0;0.07725452824131147
2022-07-03T00:00:00.0;0.0766251296408136
2022-07-03T01:00:00.0;0.07367276023772579
2022-07-03T02:00:00.0;0.07076290999409042
2022-07-03T03:00:00.0;0.06747397136515554
2022-07-03T04:00:00.0;0.06482234255701975
2022-07-03T05:00:00.0;0.06325899453989699
2022-07-03T06:00:00.0;0.06168941243955006
2022-07-03T07:00:00.0;0.05857015791182681
2022-07-03T08:00:00.0;0.05444138720488571
2022-07-03T09:00:00.0;0.04779681995424917
2022-07-03T10:00:00.0;0.04343989122090729
2022-07-03T11:00:00.0;0.041453757130269255
2022-07-03T12:00:00.0;0.041730660085022624
2022-07-03T13:00:00.0;0.04463781022604677
2022-07-03T14:00:00.0;0.048316255970765214
2022-07-03T15:00:00.0;0.05370515363746741
2022-07-03T16:00:00.0;0.06276553101308821
2022-07-03T17:00:00.0;0.06759409410778842
2022-07-03T18:00:00.0;0.07511842666955892
2022-07-03T19:00:00.0;0.08207762241817773
2022-07-03T20:00:00.0;0.08713507344147445
2022-07-03T21:00:00.0;0.08777226195742072
2022-07-03T22:00:00.0;0.08468558761922305
2022-07-03T23:00:00.0;0.07928719336996431
2022-07-04T00:00:00.0;0.07636282071596315
2022-07-04T01:00:00.0;0.0734253806867533
2022-07-04T02:00:00.0;0.07054212988955717
2022-07-04T03:00:00.0;0.06738350983891699
2022-07-04T04:00:00.0;0.06483925574374466
2022-07-04T05:00:00.0;0.06336031237357086
2022-07-04T06:00:00.0;0.06184736027706218
2022-07-04T07:00:00.0;0.058741770384337616
2022-07-04T08:00:00.0;0.054526039597203396
2022-07-04T09:00:00.0;0.04816959260664384
2022-07-04T10:00:00.0;0.04427401720925409
2022-07-04T11:00:00.0;0.042310489229268264
2022-07-04T12:00:00.0;0.04255359719343275
2022-07-04T13:00:00.0;0.04506644552612029
2022-07-04T14:00:00.0;0.04883527122494547
2022-07-04T15:00:00.0;0.05396885391969602
2022-07-04T16:00:00.0;0.06256168630265317
2022-07-04T17:00:00.0;0.06748950013716731
2022-07-04T18:00:00.0;0.07506970056831211
2022-07-04T19:00:00.0;0.08203349504621335
2022-07-04T20:00:00.0;0.08696452547154732
2022-07-04T21:00:00.0;0.08747119629375714
2022-07-04T22:00:00.0;0.08453024420158801
2022-07-04T23:00:00.0;0.07935466367136461
2022-07-05T00:00:00.0;0.07624093682315354
2022-07-05T01:00:00.0;0.07331043384424228
2022-07-05T02:00:00.0;0.07043954268780349
2022-07-05T03:00:00.0;0.06734147618347146
2022-07-05T04:00:00.0;0.06484711458819314
2022-07-05T05:00:00.0;0.06340739049714691
2022-07-05T06:00:00.0;0.0619207519746867
2022-07-05T07:00:00.0;0.05882151146145204
2022-07-05T08:00:00.0;0.05456537399315354
2022-07-05T09:00:00.0;0.04834280433412407
2022-07-05T10:00:00.0;0.04466160037140285
2022-07-05T11:00:00.0;0.04270857649747877
2022-07-05T12:00:00.0;0.04293598135503798
2022-07-05T13:00:00.0;0.045265614269609906
2022-07-05T14:00:00.0;0.04907643572075181
2022-07-05T15:00:00.0;0.0540913843175898
2022-07-05T16:00:00.0;0.062466968264177594
2022-07-05T17:00:00.0;0.06744089973094405
2022-07-05T18:00:00.0;0.07504705960439986
2022-07-05T19:00:00.0;0.08201299091781764
2022-07-05T20:00:00.0;0.08688527902388128
2022-07-05T21:00:00.0;0.08733130377923616
2022-07-05T22:00:00.0;0.08445806266802221
2022-07-05T23:00:00.0;0.0793860142744308
2022-07-06T00:00:00.0;0.0766017099425229
2022-07-06T01:00:00.0;0.07362386851528295
2022-07-06T02:00:00.0;0.07073407982154106
2022-07-06T03:00:00.0;0.06765081855841679
2022-07-06T04:00:00.0;0.06517011739837744
2022-07-06T05:00:00.0;0.06378943575855643
2022-07-06T06:00:00.0;0.06255938011636908
2022-07-06T07:00:00.0;0.05990773324755588
2022-07-06T08:00:00.0;0.05600951102511533
2022-07-06T09:00:00.0;0.050060071409035525
2022-07-06T10:00:00.0;0.04640744321264282
2022-07-06T11:00:00.0;0.04443546505131502
2022-07-06T12:00:00.0;0.04457019974663763
2022-07-06T13:00:00.0;0.04671165394942355
2022-07-06T14:00:00.0;0.0503374638641282
2022-07-06T15:00:00.0;0.055252192843149826
2022-07-06T16:00:00.0;0.06343986222452867
2022-07-06T17:00:00.0;0.0686734465727703
2022-07-06T18:00:00.0;0.07609421839395861
2022-07-06T19:00:00.0;0.08273993232405508
2022-07-06T20:00:00.0;0.08729536856782553
2022-07-06T21:00:00.0;0.087611209760351
2022-07-06T22:00:00.0;0.08472493250106448
2022-07-06T23:00:00.0;0.07975613174450542
2022-07-07T00:00:00.0;0.0762389498946834
2022-07-07T01:00:00.0;0.0729043213744956
2022-07-07T02:00:00.0;0.07008062120751259
2022-07-07T03:00:00.0;0.06740376751202705
2022-07-07T04:00:00.0;0.06574724964473885
2022-07-07T05:00:00.0;0.06681185162598108
2022-07-07T06:00:00.0;0.0684009702273041
2022-07-07T07:00:00.0;0.06804355019851253
2022-07-07T08:00:00.0;0.06406769023705447
2022-07-07T09:00:00.0;0.05809674929776651
2022-07-07T10:00:00.0;0.05310154806180726
2022-07-07T11:00:00.0;0.05065037340621843
2022-07-07T12:00:00.0;0.04972635619650342
2022-07-07T13:00:00.0;0.04979698283044398
2022-07-07T14:00:00.0;0.05202579865965179
2022-07-07T15:00:00.0;0.057102835180010164
2022-07-07T16:00:00.0;0.06493915073581932
2022-07-07T17:00:00.0;0.07315391026814748
2022-07-07T18:00:00.0;0.08039711953585091
2022-07-07T19:00:00.0;0.08455680556769848
2022-07-07T20:00:00.0;0.08700662547769816
2022-07-07T21:00:00.0;0.08525722401474171
2022-07-07T22:00:00.0;0.08247244525752276
2022-07-07T23:00:00.0;0.07866830959502726
2022-07-08T00:00:00.0;0.07614426364210658
2022-07-08T01:00:00.0;0.07321297355866127
2022-07-08T02:00:00.0;0.07035076767583913
2022-07-08T03:00:00.0;0.06728618079248413
2022-07-08T04:00:00.0;0.06483098444191958
2022-07-08T05:00:00.0;0.06346016442337434
2022-07-08T06:00:00.0;0.062025678161646065
2022-07-08T07:00:00.0;0.05893801805388987
2022-07-08T08:00:00.0;0.05462632599957333
2022-07-08T09:00:00.0;0.04843097864681971
2022-07-08T10:00:00.0;0.044804076498211054
2022-07-08T11:00:00.0;0.04284589774215488
2022-07-08T12:00:00.0;0.04305090849398559
2022-07-08T13:00:00.0;0.04527383502748255
2022-07-08T14:00:00.0;0.049087727584941315
2022-07-08T15:00:00.0;0.0540673920778229
2022-07-08T16:00:00.0;0.062363265493335984
2022-07-08T17:00:00.0;0.06740117837536963
2022-07-08T18:00:00.0;0.07503299136789732
2022-07-08T19:00:00.0;0.08197317466311428
2022-07-08T20:00:00.0;0.08680309128569903
2022-07-08T21:00:00.0;0.08718770604754697
2022-07-08T22:00:00.0;0.08434648637507332
2022-07-08T23:00:00.0;0.07933492152101426
2022-07-09T00:00:00.0;0.07666195690539154
2022-07-09T01:00:00.0;0.07369873644580774
2022-07-09T02:00:00.0;0.07078792992917476
2022-07-09T03:00:00.0;0.06750987438340973
2022-07-09T04:00:00.0;0.06487408666013847
2022-07-09T05:00:00.0;0.06335421441895642
2022-07-09T06:00:00.0;0.061859060334266046
2022-07-09T07:00:00.0;0.05883165215606347
2022-07-09T08:00:00.0;0.054747717819614836
2022-07-09T09:00:00.0;0.04814698312354261
2022-07-09T10:00:00.0;0.04378742228817103
2022-07-09T11:00:00.0;0.04179278063801558
2022-07-09T12:00:00.0;0.04204190645349953
2022-07-09T13:00:00.0;0.044885368411258675
2022-07-09T14:00:00.0;0.0485221926653684
2022-07-09T15:00:00.0;0.05389327283954696
2022-07-09T16:00:00.0;0.06291158127272643
2022-07-09T17:00:00.0;0.0678182903160872
2022-07-09T18:00:00.0;0.07531670528157729
2022-07-09T19:00:00.0;0.08219903451952337
2022-07-09T20:00:00.0;0.08718189853265851
2022-07-09T21:00:00.0;0.08777004702113163
2022-07-09T22:00:00.0;0.0846867465950465
2022-07-09T23:00:00.0;0.07932385070970967
2022-07-10T00:00:00.0;0.07602521319808589
2022-07-10T01:00:00.0;0.0730364246150119
2022-07-10T02:00:00.0;0.07017486676096728
2022-07-10T03:00:00.0;0.0670207409223023
2022-07-10T04:00:00.0;0.06461011383756994
2022-07-10T05:00:00.0;0.06366387353981234
2022-07-10T06:00:00.0;0.06257477465336923
2022-07-10T07:00:00.0;0.059560197262341276
2022-07-10T08:00:00.0;0.05496881767672214
2022-07-10T09:00:00.0;0.04809725500451803
2022-07-10T10:00:00.0;0.0434970344518543
2022-07-10T11:00:00.0;0.041411290305913666
2022-07-10T12:00:00.0;0.0414993892248126
2022-07-10T13:00:00.0;0.04393796484747968
2022-07-10T14:00:00.0;0.04748385332673378
2022-07-10T15:00:00.0;0.05294867460898024
2022-07-10T16:00:00.0;0.06197870839481345
2022-07-10T17:00:00.0;0.06734171445100076
2022-07-10T18:00:00.0;0.075050627360579
2022-07-10T19:00:00.0;0.08171244119546822
2022-07-10T20:00:00.0;0.08652811268396442
2022-07-10T21:00:00.0;0.08671748721877957
2022-07-10T22:00:00.0;0.0837208007783516
2022-07-10T23:00:00.0;0.07858927127118255
2022-07-11T00:00:00.0;0.07576410741984271
2022-07-11T01:00:00.0;0.07286074329807134
2022-07-11T02:00:00.0;0.07003820504529853
2022-07-11T03:00:00.0;0.06717703375893898
2022-07-11T04:00:00.0;0.06487785965239071
2022-07-11T05:00:00.0;0.06359156769280658
2022-07-11T06:00:00.0;0.06220787210663828
2022-07-11T07:00:00.0;0.05913347138776669
2022-07-11T08:00:00.0;0.05471925648015121
2022-07-11T09:00:00.0;0.04902043648679781
2022-07-11T10:00:00.0;0.04617788807505692
2022-07-11T11:00:00.0;0.04426595795446058
2022-07-11T12:00:00.0;0.04443192973189648
2022-07-11T13:00:00.0;0.04604479444614616
2022-07-11T14:00:00.0;0.05001991003868087
2022-07-11T15:00:00.0;0.054570742952831236
2022-07-11T16:00:00.0;0.06209641605479232
2022-07-11T17:00:00.0;0.06725076712058925
2022-07-11T18:00:00.0;0.07495848450998997
2022-07-11T19:00:00.0;0.08193277546782693
2022-07-11T20:00:00.0;0.08657525416756887
2022-07-11T21:00:00.0;0.08678402174968294
2022-07-11T22:00:00.0;0.08417567689261861
2022-07-11T23:00:00.0;0.0795086628788435
2022-07-12T00:00:00.0;0.07579454229879
2022-07-12T01:00:00.0;0.07288944596875696
2022-07-12T02:00:00.0;0.07006382146593412
2022-07-12T03:00:00.0;0.06718752972510568
2022-07-12T04:00:00.0;0.06487589726856835
2022-07-12T05:00:00.0;0.06357981210345778
2022-07-12T06:00:00.0;0.062189545916184
2022-07-12T07:00:00.0;0.05911355973272221
2022-07-12T08:00:00.0;0.0547094345295094
2022-07-12T09:00:00.0;0.04897718484922216
2022-07-12T10:00:00.0;0.04608110706199535
2022-07-12T11:00:00.0;0.044166554025531546
2022-07-12T12:00:00.0;0.04433644692935758
2022-07-12T13:00:00.0;0.045995061241385
2022-07-12T14:00:00.0;0.0499596903323107
2022-07-12T15:00:00.0;0.05454014663906659
2022-07-12T16:00:00.0;0.06212006751495393
2022-07-12T17:00:00.0;0.06726290282979656
2022-07-12T18:00:00.0;0.07496413804615489
2022-07-12T19:00:00.0;0.08193789542790744
2022-07-12T20:00:00.0;0.08659504231172903
2022-07-12T21:00:00.0;0.08681895345104997
2022-07-12T22:00:00.0;0.08419370090043182
2022-07-12T23:00:00.0;0.07950083451213114
2022-07-13T00:00:00.0;0.07587501710498219
2022-07-13T01:00:00.0;0.07296534053251139
2022-07-13T02:00:00.0;0.07013155547892484
2022-07-13T03:00:00.0;0.06721528277924231
2022-07-13T04:00:00.0;0.06487070840423766
2022-07-13T05:00:00.0;0.06354872839925914
2022-07-13T06:00:00.0;0.06214108846617726
2022-07-13T07:00:00.0;0.05906091005458662
2022-07-13T08:00:00.0;0.054683463682847
2022-07-13T09:00:00.0;0.04886282043340097
2022-07-13T10:00:00.0;0.04582520220747946
2022-07-13T11:00:00.0;0.04390371375174035
2022-07-13T12:00:00.0;0.0440839747561541
2022-07-13T13:00:00.0;0.04586355850002684
2022-07-13T14:00:00.0;0.049800459562657114
2022-07-13T15:00:00.0;0.05445924497276885
2022-07-13T16:00:00.0;0.0621826058505249
2022-07-13T17:00:00.0;0.06729499163317755
2022-07-13T18:00:00.0;0.07497908692201403
2022-07-13T19:00:00.0;0.08195143344118179
2022-07-13T20:00:00.0;0.08664736540685124
2022-07-13T21:00:00.0;0.08691131859245056
2022-07-13T22:00:00.0;0.08424135933002791
2022-07-13T23:00:00.0;0.07948013502799421
2022-07-14T00:00:00.0;0.07582469309941375
2022-07-14T01:00:00.0;0.07291788072950334
2022-07-14T02:00:00.0;0.0700891987836036
2022-07-14T03:00:00.0;0.0671979277222127
2022-07-14T04:00:00.0;0.06487395320158265
2022-07-14T05:00:00.0;0.06356816624045684
2022-07-14T06:00:00.0;0.06217139078188769
2022-07-14T07:00:00.0;0.05909383393251861
2022-07-14T08:00:00.0;0.05469970425668491
2022-07-14T09:00:00.0;0.04893433692124279
2022-07-14T10:00:00.0;0.045985229400249496
2022-07-14T11:00:00.0;0.044068077930142835
2022-07-14T12:00:00.0;0.04424185536067305
2022-07-14T13:00:00.0;0.04594579224499006
2022-07-14T14:00:00.0;0.04990003271502454
2022-07-14T15:00:00.0;0.05450983591045363
2022-07-14T16:00:00.0;0.06214349821303649
2022-07-14T17:00:00.0;0.06727492526462772
2022-07-14T18:00:00.0;0.07496973881236861
2022-07-14T19:00:00.0;0.0819429675984213
2022-07-14T20:00:00.0;0.0866146457538955
2022-07-14T21:00:00.0;0.08685355910087661
2022-07-14T22:00:00.0;0.08421155667265152
2022-07-14T23:00:00.0;0.0794930792151785
2022-07-15T00:00:00.0;0.0760276129588505
2022-07-15T01:00:00.0;0.07310925135762619
2022-07-15T02:00:00.0;0.0702599923157103
2022-07-15T03:00:00.0;0.06726790795715601
2022-07-15T04:00:00.0;0.06486086931023279
2022-07-15T05:00:00.0;0.06348978766230035
2022-07-15T06:00:00.0;0.06204920373467011
2022-07-15T07:00:00.0;0.05896107604477484
2022-07-15T08:00:00.0;0.054634217916256805
2022-07-15T09:00:00.0;0.04864596330121093
2022-07-15T10:00:00.0;0.045339956928470766
2022-07-15T11:00:00.0;0.0434053175715201
2022-07-15T12:00:00.0;0.043605238507247006
2022-07-15T13:00:00.0;0.04561420377582099
2022-07-15T14:00:00.0;0.04949852711439037
2022-07-15T15:00:00.0;0.05430583970928066
2022-07-15T16:00:00.0;0.062301190674366146
2022-07-15T17:00:00.0;0.0673558382332904
2022-07-15T18:00:00.0;0.07500743289243678
2022-07-15T19:00:00.0;0.08197710414227481
2022-07-15T20:00:00.0;0.08674658015187517
2022-07-15T21:00:00.0;0.08708646082996063
2022-07-15T22:00:00.0;0.08433172896373502
2022-07-15T23:00:00.0;0.07944088478800028
2022-07-16T00:00:00.0;0.07557478027933463
2022-07-16T01:00:00.0;0.07256056505600338
2022-07-16T02:00:00.0;0.06972905247706843
2022-07-16T03:00:00.0;0.06666305771475405
2022-07-16T04:00:00.0;0.06440341006675972
2022-07-16T05:00:00.0;0.06384192650304749
2022-07-16T06:00:00.0;0.06306715636655286
2022-07-16T07:00:00.0;0.060134422495998256
2022-07-16T08:00:00.0;0.05524602789069088
2022-07-16T09:00:00.0;0.04823146138730558
2022-07-16T10:00:00.0;0.043472444544383475
2022-07-16T11:00:00.0;0.04132571445738958
2022-07-16T12:00:00.0;0.04128616313736027
2022-07-16T13:00:00.0;0.04341839495904823
2022-07-16T14:00:00.0;0.04689925282539443
2022-07-16T15:00:00.0;0.05244495821551272
2022-07-16T16:00:00.0;0.061480806289394195
2022-07-16T17:00:00.0;0.06719894232015498
2022-07-16T18:00:00.0;0.07500074536294235
2022-07-16T19:00:00.0;0.08142415824518735
2022-07-16T20:00:00.0;0.08603850904218709
2022-07-16T21:00:00.0;0.0859439881190359
2022-07-16T22:00:00.0;0.08300654767583616
2022-07-16T23:00:00.0;0.07806839008811547
2022-07-17T00:00:00.0;0.07640167791752063
2022-07-17T01:00:00.0;0.07343588811548094
2022-07-17T02:00:00.0;0.07053141466400156
2022-07-17T03:00:00.0;0.06724545613876755
2022-07-17T04:00:00.0;0.06467245482512304
2022-07-17T05:00:00.0;0.06327261474854753
2022-07-17T06:00:00.0;0.062089106795946085
2022-07-17T07:00:00.0;0.05902855840919434
2022-07-17T08:00:00.0;0.054597945060445595
2022-07-17T09:00:00.0;0.04795483205786977
2022-07-17T10:00:00.0;0.04360760135823217
2022-07-17T11:00:00.0;0.04172210533635507
2022-07-17T12:00:00.0;0.04209438461630496
2022-07-17T13:00:00.0;0.044999516556622404
2022-07-17T14:00:00.0;0.04874609704488382
2022-07-17T15:00:00.0;0.05403829492086561
2022-07-17T16:00:00.0;0.06313002891488258
2022-07-17T17:00:00.0;0.06809931099476371
2022-07-17T18:00:00.0;0.07560616707342258
2022-07-17T19:00:00.0;0.08230766171663419
2022-07-17T20:00:00.0;0.08695876584308224
2022-07-17T21:00:00.0;0.08735919100444406
2022-07-17T22:00:00.0;0.08426213991515855
2022-07-17T23:00:00.0;0.07899008662847908
2022-07-18T00:00:00.0;0.07605556167007657
2022-07-18T01:00:00.0;0.0731356093614086
2022-07-18T02:00:00.0;0.07028351617937441
2022-07-18T03:00:00.0;0.06727754652769016
2022-07-18T04:00:00.0;0.0648590672298348
2022-07-18T05:00:00.0;0.06347899236482041
2022-07-18T06:00:00.0;0.06203237457606665
2022-07-18T07:00:00.0;0.05894279093518608
2022-07-18T08:00:00.0;0.0546251983021936
2022-07-18T09:00:00.0;0.04860624480813755
2022-07-18T10:00:00.0;0.045251081773392585
2022-07-18T11:00:00.0;0.0433140337616128
2022-07-18T12:00:00.0;0.04351755551432828
2022-07-18T13:00:00.0;0.04556853318253146
2022-07-18T14:00:00.0;0.04944322664198256
2022-07-18T15:00:00.0;0.05427774275054223
2022-07-18T16:00:00.0;0.06232291009146245
2022-07-18T17:00:00.0;0.06736698259935628
2022-07-18T18:00:00.0;0.07501262460192092
2022-07-18T19:00:00.0;0.08198180586249612
2022-07-18T20:00:00.0;0.08676475183995022
2022-07-18T21:00:00.0;0.08711853902668466
2022-07-18T22:00:00.0;0.08434828062442604
2022-07-18T23:00:00.0;0.07943369590576438
2022-07-19T00:00:00.0;0.07606213749814154
2022-07-19T01:00:00.0;0.07314181092467952
2022-07-19T02:00:00.0;0.07028905092055185
2022-07-19T03:00:00.0;0.06727981430963231
2022-07-19T04:00:00.0;0.06485864323279393
2022-07-19T05:00:00.0;0.06347645242587424
2022-07-19T06:00:00.0;0.06202841497833925
2022-07-19T07:00:00.0;0.05893848877843073
2022-07-19T08:00:00.0;0.05462307614955436
2022-07-19T09:00:00.0;0.04859689976251675
2022-07-19T10:00:00.0;0.045230171051094364
2022-07-19T11:00:00.0;0.04329255632624162
2022-07-19T12:00:00.0;0.043496925286301245
2022-07-19T13:00:00.0;0.04555778771499745
2022-07-19T14:00:00.0;0.04943021543743993
2022-07-19T15:00:00.0;0.054271132042509294
2022-07-19T16:00:00.0;0.06232802027888189
2022-07-19T17:00:00.0;0.06736960466784987
2022-07-19T18:00:00.0;0.07501384611759851
2022-07-19T19:00:00.0;0.08198291209253067
2022-07-19T20:00:00.0;0.08676902731066748
2022-07-19T21:00:00.0;0.08712608644826648
2022-07-19T22:00:00.0;0.08435217493189566
2022-07-19T23:00:00.0;0.07943200449133099
2022-07-20T00:00:00.0;0.07370811118954146
2022-07-20T01:00:00.0;0.07059307293143903
2022-07-20T02:00:00.0;0.06792502776362855
2022-07-20T03:00:00.0;0.0653754370032741
2022-07-20T04:00:00.0;0.06392874072066934
2022-07-20T05:00:00.0;0.06528214056622579
2022-07-20T06:00:00.0;0.0660168174051415
2022-07-20T07:00:00.0;0.06347801240355883
2022-07-20T08:00:00.0;0.05722048802268888
2022-07-20T09:00:00.0;0.04985153460031944
2022-07-20T10:00:00.0;0.044804902884049806
2022-07-20T11:00:00.0;0.04237906561732327
2022-07-20T12:00:00.0;0.04174162595010596
2022-07-20T13:00:00.0;0.04210539117227622
2022-07-20T14:00:00.0;0.045222041622293443
2022-07-20T15:00:00.0;0.05070687716403433
2022-07-20T16:00:00.0;0.05916578226618059
2022-07-20T17:00:00.0;0.06658529109392941
2022-07-20T18:00:00.0;0.07496985706793982
2022-07-20T19:00:00.0;0.08050713484862125
2022-07-20T20:00:00.0;0.08427897352883476
2022-07-20T21:00:00.0;0.08271933879036261
2022-07-20T22:00:00.0;0.0801750947619595
2022-07-20T23:00:00.0;0.07622285413252654
2022-07-21T00:00:00.0;0.07738829760500587
2022-07-21T01:00:00.0;0.0742674442085389
2022-07-21T02:00:00.0;0.0713627151805212
2022-07-21T03:00:00.0;0.06859985257794553
2022-07-21T04:00:00.0;0.06638849841459205
2022-07-21T05:00:00.0;0.06539658454686442
2022-07-21T06:00:00.0;0.06522258297925193
2022-07-21T07:00:00.0;0.06423932213528397
2022-07-21T08:00:00.0;0.0614753095061461
2022-07-21T09:00:00.0;0.057115319150569104
2022-07-21T10:00:00.0;0.054509597297576894
2022-07-21T11:00:00.0;0.05251431564031652
2022-07-21T12:00:00.0;0.05224038802007928
2022-07-21T13:00:00.0;0.052886905665137623
2022-07-21T14:00:00.0;0.05601920124248421
2022-07-21T15:00:00.0;0.06004521154648255
2022-07-21T16:00:00.0;0.066589335707173
2022-07-21T17:00:00.0;0.07297726583379556
2022-07-21T18:00:00.0;0.0798326629741542
2022-07-21T19:00:00.0;0.08531413629057727
2022-07-21T20:00:00.0;0.08845010004727231
2022-07-21T21:00:00.0;0.08802226164272525
2022-07-21T22:00:00.0;0.08538579855168456
2022-07-21T23:00:00.0;0.08125044063261266
2022-07-22T00:00:00.0;0.07596837370568342
2022-07-22T01:00:00.0;0.0730533837204241
2022-07-22T02:00:00.0;0.07021013183721474
2022-07-22T03:00:00.0;0.06724747833106615
2022-07-22T04:00:00.0;0.06486468894599558
2022-07-22T05:00:00.0;0.0635126690522598
2022-07-22T06:00:00.0;0.0620848743163665
2022-07-22T07:00:00.0;0.05899983261667375
2022-07-22T08:00:00.0;0.0546533356207061
2022-07-22T09:00:00.0;0.048730149432283515
2022-07-22T10:00:00.0;0.045528334051456884
2022-07-22T11:00:00.0;0.04359880000730796
2022-07-22T12:00:00.0;0.04379108875894346
2022-07-22T13:00:00.0;0.045711005800654396
2022-07-22T14:00:00.0;0.049615740343248234
2022-07-22T15:00:00.0;0.054365393183445035
2022-07-22T16:00:00.0;0.06225515484689624
2022-07-22T17:00:00.0;0.06733221696798689
2022-07-22T18:00:00.0;0.07499642870014996
2022-07-22T19:00:00.0;0.0819671385165879
2022-07-22T20:00:00.0;0.08670806398482746
2022-07-22T21:00:00.0;0.08701846884272708
2022-07-22T22:00:00.0;0.08429664655832175
2022-07-22T23:00:00.0;0.07945612212797332
2022-07-23T00:00:00.0;0.07612065282900697
2022-07-23T01:00:00.0;0.07319699584178727
2022-07-23T02:00:00.0;0.07033830208832142
2022-07-23T03:00:00.0;0.0672999942792672
2022-07-23T04:00:00.0;0.06485487027418124
2022-07-23T05:00:00.0;0.06345385065369522
2022-07-23T06:00:00.0;0.061993180302367897
2022-07-23T07:00:00.0;0.058900205824027524
2022-07-23T08:00:00.0;0.05460419206946504
2022-07-23T09:00:00.0;0.04851374241243843
2022-07-23T10:00:00.0;0.04504409595578683
2022-07-23T11:00:00.0;0.04310143830666016
2022-07-23T12:00:00.0;0.04331334618312163
2022-07-23T13:00:00.0;0.04546216864134716
2022-07-23T14:00:00.0;0.049314434591096724
2022-07-23T15:00:00.0;0.05421230633052595
2022-07-23T16:00:00.0;0.06237349353406401
2022-07-23T17:00:00.0;0.06739293727386361
2022-07-23T18:00:00.0;0.07502471583519528
2022-07-23T19:00:00.0;0.08199275593513797
2022-07-23T20:00:00.0;0.08680707279804234
2022-07-23T21:00:00.0;0.08719324755203578
2022-07-23T22:00:00.0;0.08438682861928301
2022-07-23T23:00:00.0;0.07941695335644385
2022-07-24T00:00:00.0;0.07450730707764476
2022-07-24T01:00:00.0;0.07143303448259565
2022-07-24T02:00:00.0;0.06868898753753727
2022-07-24T03:00:00.0;0.06587570351738328
2022-07-24T04:00:00.0;0.06404837203163367
2022-07-24T05:00:00.0;0.06456351040235206
2022-07-24T06:00:00.0;0.06462398815123664
2022-07-24T07:00:00.0;0.06187202156537044
2022-07-24T08:00:00.0;0.056173655238953325
2022-07-24T09:00:00.0;0.04881441105875373
2022-07-24T10:00:00.0;0.043711020908415645
2022-07-24T11:00:00.0;0.04139620104051275
2022-07-24T12:00:00.0;0.04102702776437737
2022-07-24T13:00:00.0;0.04229031127359138
2022-07-24T14:00:00.0;0.045555449353377936
2022-07-24T15:00:00.0;0.05118745777199485
2022-07-24T16:00:00.0;0.060093436333047784
2022-07-24T17:00:00.0;0.06674585592528265
2022-07-24T18:00:00.0;0.0748769369594161
2022-07-24T19:00:00.0;0.08079438537288489
2022-07-24T20:00:00.0;0.08497728949148182
2022-07-24T21:00:00.0;0.08409088676296128
2022-07-24T22:00:00.0;0.08133150713405472
2022-07-24T23:00:00.0;0.07688596052782051
2022-07-25T00:00:00.0;0.07600088529693609
2022-07-25T01:00:00.0;0.07296109975812544
2022-07-25T02:00:00.0;0.070124017703394
2022-07-25T03:00:00.0;0.06721799450368508
2022-07-25T04:00:00.0;0.0650414259135275
2022-07-25T05:00:00.0;0.06443739886609252
2022-07-25T06:00:00.0;0.06389468884571484
2022-07-25T07:00:00.0;0.06154758689948566
2022-07-25T08:00:00.0;0.057224569828059416
2022-07-25T09:00:00.0;0.05112536204406114
2022-07-25T10:00:00.0;0.04721716458844567
2022-07-25T11:00:00.0;0.04511830847563828
2022-07-25T12:00:00.0;0.04498547047385727
2022-07-25T13:00:00.0;0.04646046044348616
2022-07-25T14:00:00.0;0.04985798377990369
2022-07-25T15:00:00.0;0.0548096185125153
2022-07-25T16:00:00.0;0.06285778162647726
2022-07-25T17:00:00.0;0.0688479429188455
2022-07-25T18:00:00.0;0.07642267811607181
2022-07-25T19:00:00.0;0.08258163613896446
2022-07-25T20:00:00.0;0.08671107500453212
2022-07-25T21:00:00.0;0.08642460466276898
2022-07-25T22:00:00.0;0.08365116043796522
2022-07-25T23:00:00.0;0.07906027050706961
2022-07-26T00:00:00.0;0.074350080010401
2022-07-26T01:00:00.0;0.07124705587932639
2022-07-26T02:00:00.0;0.06854029355022122
2022-07-26T03:00:00.0;0.06598653601594012
2022-07-26T04:00:00.0;0.06440914275698317
2022-07-26T05:00:00.0;0.06527528871957204
2022-07-26T06:00:00.0;0.0657889318149671
2022-07-26T07:00:00.0;0.06351287993565322
2022-07-26T08:00:00.0;0.057917284540830685
2022-07-26T09:00:00.0;0.05124817218901845
2022-07-26T10:00:00.0;0.04688015307378759
2022-07-26T11:00:00.0;0.0445581468243241
2022-07-26T12:00:00.0;0.044003611799683796
2022-07-26T13:00:00.0;0.04432658424489089
2022-07-26T14:00:00.0;0.0475093748865245
2022-07-26T15:00:00.0;0.05260995930412082
2022-07-26T16:00:00.0;0.060529153396778404
2022-07-26T17:00:00.0;0.06771510967560838
2022-07-26T18:00:00.0;0.07582096748872814
2022-07-26T19:00:00.0;0.08140313134233187
2022-07-26T20:00:00.0;0.08504954891360117
2022-07-26T21:00:00.0;0.08371204937462713
2022-07-26T22:00:00.0;0.08119980452157162
2022-07-26T23:00:00.0;0.07726611604919997
2022-07-27T00:00:00.0;0.07561500651401876
2022-07-27T01:00:00.0;0.07269054821451
2022-07-27T02:00:00.0;0.06987787186339134
2022-07-27T03:00:00.0;0.067022348223823
2022-07-27T04:00:00.0;0.064782291683216
2022-07-27T05:00:00.0;0.06372174683773049
2022-07-27T06:00:00.0;0.06251736628839973
2022-07-27T07:00:00.0;0.059481512709405944
2022-07-27T08:00:00.0;0.054907314135737004
2022-07-27T09:00:00.0;0.04900087839229406
2022-07-27T10:00:00.0;0.04587626641998877
2022-07-27T11:00:00.0;0.04391375608240102
2022-07-27T12:00:00.0;0.04401377195323323
2022-07-27T13:00:00.0;0.04558411385345545
2022-07-27T14:00:00.0;0.049468384244911054
2022-07-27T15:00:00.0;0.05415069895001835
2022-07-27T16:00:00.0;0.06184614420511579
2022-07-27T17:00:00.0;0.06718579453821356
2022-07-27T18:00:00.0;0.07494908177343317
2022-07-27T19:00:00.0;0.08179691506971769
2022-07-27T20:00:00.0;0.08638738413609712
2022-07-27T21:00:00.0;0.08645937149427799
2022-07-27T22:00:00.0;0.08383187129987747
2022-07-27T23:00:00.0;0.0791897584821373
2022-07-28T00:00:00.0;0.0749313157065439
2022-07-28T01:00:00.0;0.07196974230688925
2022-07-28T02:00:00.0;0.06921288230927186
2022-07-28T03:00:00.0;0.0665211519861189
2022-07-28T04:00:00.0;0.06455603581472288
2022-07-28T05:00:00.0;0.06417239224951607
2022-07-28T06:00:00.0;0.06349375747342591
2022-07-28T07:00:00.0;0.06057263069519393
2022-07-28T08:00:00.0;0.0554876294273193
2022-07-28T09:00:00.0;0.04937761465407607
2022-07-28T10:00:00.0;0.04605651273906519
2022-07-28T11:00:00.0;0.04398989559434515
2022-07-28T12:00:00.0;0.04388167943650766
2022-07-28T13:00:00.0;0.04489106290246129
2022-07-28T14:00:00.0;0.048645370841070214
2022-07-28T15:00:00.0;0.05337316229871925
2022-07-28T16:00:00.0;0.06096939270049862
2022-07-28T17:00:00.0;0.06689899084684471
2022-07-28T18:00:00.0;0.0748690998684102
2022-07-28T19:00:00.0;0.08139717833926549
2022-07-28T20:00:00.0;0.08570915917410372
2022-07-28T21:00:00.0;0.08528008703296995
2022-07-28T22:00:00.0;0.0827702759435714
2022-07-28T23:00:00.0;0.07844739367269858
2022-07-29T00:00:00.0;0.07501978533018092
2022-07-29T01:00:00.0;0.0720689207850342
2022-07-29T02:00:00.0;0.06930588792528997
2022-07-29T03:00:00.0;0.06660662537396643
2022-07-29T04:00:00.0;0.06460631447787968
2022-07-29T05:00:00.0;0.06409958533489772
2022-07-29T06:00:00.0;0.0633235431538858
2022-07-29T07:00:00.0;0.06038142503768632
2022-07-29T08:00:00.0;0.05538459547706552
2022-07-29T09:00:00.0;0.04937507720329463
2022-07-29T10:00:00.0;0.04618807988525988
2022-07-29T11:00:00.0;0.04414759892270698
2022-07-29T12:00:00.0;0.044075661605798
2022-07-29T13:00:00.0;0.045121372873096074
2022-07-29T14:00:00.0;0.048920894108630486
2022-07-29T15:00:00.0;0.05358757199942116
2022-07-29T16:00:00.0;0.061109680009999015
2022-07-29T17:00:00.0;0.06693720532521902
2022-07-29T18:00:00.0;0.07487579684956426
2022-07-29T19:00:00.0;0.08147102274666777
2022-07-29T20:00:00.0;0.08581507661330015
2022-07-29T21:00:00.0;0.085463338992878
2022-07-29T22:00:00.0;0.08295866207046695
2022-07-29T23:00:00.0;0.07861478729059472
2022-07-30T00:00:00.0;0.0758464680604229
2022-07-30T01:00:00.0;0.07293841636350801
2022-07-30T02:00:00.0;0.0701075263268641
2022-07-30T03:00:00.0;0.06720543717393188
2022-07-30T04:00:00.0;0.06487254919300123
2022-07-30T05:00:00.0;0.06355975557780388
2022-07-30T06:00:00.0;0.062158279112106474
2022-07-30T07:00:00.0;0.05907958792506866
2022-07-30T08:00:00.0;0.05469267703661186
2022-07-30T09:00:00.0;0.04890339207262279
2022-07-30T10:00:00.0;0.04591598638504012
2022-07-30T11:00:00.0;0.04399695832160633
2022-07-30T12:00:00.0;0.044173541164124704
2022-07-30T13:00:00.0;0.045910210089516054
2022-07-30T14:00:00.0;0.04985694787935083
2022-07-30T15:00:00.0;0.0544879454491706
2022-07-30T16:00:00.0;0.06216041990422246
2022-07-30T17:00:00.0;0.0672836078881159
2022-07-30T18:00:00.0;0.07497378369553599
2022-07-30T19:00:00.0;0.08194663072884856
2022-07-30T20:00:00.0;0.08662880339415678
2022-07-30T21:00:00.0;0.08687855136178121
2022-07-30T22:00:00.0;0.0842244521426168
2022-07-30T23:00:00.0;0.07948747832613857
2022-07-31T00:00:00.0;0.07651326683354295
2022-07-31T01:00:00.0;0.07345106086773776
2022-07-31T02:00:00.0;0.07057994884602924
2022-07-31T03:00:00.0;0.06762576324292253
2022-07-31T04:00:00.0;0.06536141049495568
2022-07-31T05:00:00.0;0.06456245619023951
2022-07-31T06:00:00.0;0.06402548451351667
2022-07-31T07:00:00.0;0.06197142768939726
2022-07-31T08:00:00.0;0.058095705937039784
2022-07-31T09:00:00.0;0.05226794203821418
2022-07-31T10:00:00.0;0.04844428648999466
2022-07-31T11:00:00.0;0.04636760526353072
2022-07-31T12:00:00.0;0.046239309966515534
2022-07-31T13:00:00.0;0.047776151685646744
2022-07-31T14:00:00.0;0.05108034347811009
2022-07-31T15:00:00.0;0.05594452619260307
2022-07-31T16:00:00.0;0.06389340184969694
2022-07-31T17:00:00.0;0.06986849291015676
2022-07-31T18:00:00.0;0.07723170385987968
2022-07-31T19:00:00.0;0.08326435054828134
2022-07-31T20:00:00.0;0.08725713154035622
2022-07-31T21:00:00.0;0.08705136527600443
2022-07-31T22:00:00.0;0.0842250195878073
2022-07-31T23:00:00.0;0.07959608848957318
2022-08-01T00:00:00.0;0.07573329249860375
2022-08-01T01:00:00.0;0.07283168221529006
2022-08-01T02:00:00.0;0.07001226875077024
2022-08-01T03:00:00.0;0.0671664067289674
2022-08-01T04:00:00.0;0.06487984654062612
2022-08-01T05:00:00.0;0.06360347007495595
2022-08-01T06:00:00.0;0.06222642713741192
2022-08-01T07:00:00.0;0.05915363168092888
2022-08-01T08:00:00.0;0.05472920107812265
2022-08-01T09:00:00.0;0.0490642282103548
2022-08-01T10:00:00.0;0.046275877598855764
2022-08-01T11:00:00.0;0.044366603146646096
2022-08-01T12:00:00.0;0.044528604834334344
2022-08-01T13:00:00.0;0.04609514867263517
2022-08-01T14:00:00.0;0.0500808817123992
2022-08-01T15:00:00.0;0.05460172132473452
2022-08-01T16:00:00.0;0.06207246925732587
2022-08-01T17:00:00.0;0.06723847987200021
2022-08-01T18:00:00.0;0.07495276037775521
2022-08-01T19:00:00.0;0.08192759157447545
2022-08-01T20:00:00.0;0.08655521892757935
2022-08-01T21:00:00.0;0.08674865385391332
2022-08-01T22:00:00.0;0.08415742781786012
2022-08-01T23:00:00.0;0.0795165889988747
2022-08-02T00:00:00.0;0.07384828111870818
2022-08-02T01:00:00.0;0.07077189418461692
2022-08-02T02:00:00.0;0.06809349581164657
2022-08-02T03:00:00.0;0.06553164133323353
2022-08-02T04:00:00.0;0.06399842951976094
2022-08-02T05:00:00.0;0.06502372830194128
2022-08-02T06:00:00.0;0.0654565555360926
2022-08-02T07:00:00.0;0.06277545886896338
2022-08-02T08:00:00.0;0.05667192647754477
2022-08-02T09:00:00.0;0.0495360826717515
2022-08-02T10:00:00.0;0.04487291028263739
2022-08-02T11:00:00.0;0.04252125321445453
2022-08-02T12:00:00.0;0.041994648098684126
2022-08-02T13:00:00.0;0.04245934325145988
2022-08-02T14:00:00.0;0.045738442169842616
2022-08-02T15:00:00.0;0.05106211537192387
2022-08-02T16:00:00.0;0.05932599665506256
2022-08-02T17:00:00.0;0.06643421210077899
2022-08-02T18:00:00.0;0.07477704596276333
2022-08-02T19:00:00.0;0.08055416338651641
2022-08-02T20:00:00.0;0.08446258320555496
2022-08-02T21:00:00.0;0.08312124578220818
2022-08-02T22:00:00.0;0.08060472300509378
2022-08-02T23:00:00.0;0.07659483856180604
2022-08-03T00:00:00.0;0.07384500284210511
2022-08-03T01:00:00.0;0.07077026401301054
2022-08-03T02:00:00.0;0.06809005524334337
2022-08-03T03:00:00.0;0.06552678622378785
2022-08-03T04:00:00.0;0.06398397988539904
2022-08-03T05:00:00.0;0.06497697054218175
2022-08-03T06:00:00.0;0.06538971389056146
2022-08-03T07:00:00.0;0.06270918964721363
2022-08-03T08:00:00.0;0.05662585126997183
2022-08-03T09:00:00.0;0.04951318652970727
2022-08-03T10:00:00.0;0.04487848881932635
2022-08-03T11:00:00.0;0.04253380057414124
2022-08-03T12:00:00.0;0.042013143305556236
2022-08-03T13:00:00.0;0.04248492167534002
2022-08-03T14:00:00.0;0.045781441729062324
2022-08-03T15:00:00.0;0.051103583289757885
2022-08-03T16:00:00.0;0.05936093452752867
2022-08-03T17:00:00.0;0.06645017169042505
2022-08-03T18:00:00.0;0.0747763430167689
2022-08-03T19:00:00.0;0.08055128613247346
2022-08-03T20:00:00.0;0.08445036443353789
2022-08-03T21:00:00.0;0.08312818388322143
2022-08-03T22:00:00.0;0.08061304828625607
2022-08-03T23:00:00.0;0.07660599306345932
2022-08-04T00:00:00.0;0.07563974374704484
2022-08-04T01:00:00.0;0.07274345781283073
2022-08-04T02:00:00.0;0.0699335306629987
2022-08-04T03:00:00.0;0.06713414491077514
2022-08-04T04:00:00.0;0.06488587838839455
2022-08-04T05:00:00.0;0.063639603640965
2022-08-04T06:00:00.0;0.06228275698977631
2022-08-04T07:00:00.0;0.05921483483123906
2022-08-04T08:00:00.0;0.05475939115122943
2022-08-04T09:00:00.0;0.04919717228104056
2022-08-04T10:00:00.0;0.04657335678259751
2022-08-04T11:00:00.0;0.04467214447859847
2022-08-04T12:00:00.0;0.04482209366300137
2022-08-04T13:00:00.0;0.04624801536300347
2022-08-04T14:00:00.0;0.0502659811294178
2022-08-04T15:00:00.0;0.05469576628413605
2022-08-04T16:00:00.0;0.06199977093726696
2022-08-04T17:00:00.0;0.06720117791829133
2022-08-04T18:00:00.0;0.07493538290597238
2022-08-04T19:00:00.0;0.0819118541741594
2022-08-04T20:00:00.0;0.08649439541699279
2022-08-04T21:00:00.0;0.08664128306205392
2022-08-04T22:00:00.0;0.08410202679484523
2022-08-04T23:00:00.0;0.07954065132335299
2022-08-05T00:00:00.0;0.07583485068143118
2022-08-05T01:00:00.0;0.07291988293264824
2022-08-05T02:00:00.0;0.07009517064644388
2022-08-05T03:00:00.0;0.06725370522195777
2022-08-05T04:00:00.0;0.06497118079072547
2022-08-05T05:00:00.0;0.06371163145549802
2022-08-05T06:00:00.0;0.06240721154344404
2022-08-05T07:00:00.0;0.05946096454814779
2022-08-05T08:00:00.0;0.05513756875477615
2022-08-05T09:00:00.0;0.04955027206353906
2022-08-05T10:00:00.0;0.04677074780260782
2022-08-05T11:00:00.0;0.04485615200756723
2022-08-05T12:00:00.0;0.04499190275573304
2022-08-05T13:00:00.0;0.04650461228485722
2022-08-05T14:00:00.0;0.05043819268506949
2022-08-05T15:00:00.0;0.054930287865339295
2022-08-05T16:00:00.0;0.062347157325079956
2022-08-05T17:00:00.0;0.06758672794648866
2022-08-05T18:00:00.0;0.0752486933848491
2022-08-05T19:00:00.0;0.08213301262103995
2022-08-05T20:00:00.0;0.08667086681153822
2022-08-05T21:00:00.0;0.08682728953958495
2022-08-05T22:00:00.0;0.08423261485618327
2022-08-05T23:00:00.0;0.07962132370180149
2022-08-06T00:00:00.0;0.07577994147242212
2022-08-06T01:00:00.0;0.07280308534280959
2022-08-06T02:00:00.0;0.06993094507088982
2022-08-06T03:00:00.0;0.06676187692707505
2022-08-06T04:00:00.0;0.06442055866117982
2022-08-06T05:00:00.0;0.06338358077174054
2022-08-06T06:00:00.0;0.06293469389084504
2022-08-06T07:00:00.0;0.05999017884570159
2022-08-06T08:00:00.0;0.05494866776309184
2022-08-06T09:00:00.0;0.04855486185056877
2022-08-06T10:00:00.0;0.044619931658089265
2022-08-06T11:00:00.0;0.042932646799853286
2022-08-06T12:00:00.0;0.04344548882892637
2022-08-06T13:00:00.0;0.04600938623864435
2022-08-06T14:00:00.0;0.04995444922404347
2022-08-06T15:00:00.0;0.054856162186290414
2022-08-06T16:00:00.0;0.06360325563196881
2022-08-06T17:00:00.0;0.06890761253567405
2022-08-06T18:00:00.0;0.07643125022500946
2022-08-06T19:00:00.0;0.08267869857818871
2022-08-06T20:00:00.0;0.0864993901179908
2022-08-06T21:00:00.0;0.08636727673883647
2022-08-06T22:00:00.0;0.08337656878000112
2022-08-06T23:00:00.0;0.07851984703837982
2022-08-07T00:00:00.0;0.07582123731087805
2022-08-07T01:00:00.0;0.07281404816779387
2022-08-07T02:00:00.0;0.06991921842164443
2022-08-07T03:00:00.0;0.06661397684747453
2022-08-07T04:00:00.0;0.06424200697738545
2022-08-07T05:00:00.0;0.06328981191585992
2022-08-07T06:00:00.0;0.06319368192192457
2022-08-07T07:00:00.0;0.06029740254232503
2022-08-07T08:00:00.0;0.055025745131536054
2022-08-07T09:00:00.0;0.04832537776469483
2022-08-07T10:00:00.0;0.04390745466333842
2022-08-07T11:00:00.0;0.042303734236865106
2022-08-07T12:00:00.0;0.042954823488762894
2022-08-07T13:00:00.0;0.045938230079497114
2022-08-07T14:00:00.0;0.049859582631257206
2022-08-07T15:00:00.0;0.05493080823267184
2022-08-07T16:00:00.0;0.06421146767658237
2022-08-07T17:00:00.0;0.06956033380666458
2022-08-07T18:00:00.0;0.07700551619590237
2022-08-07T19:00:00.0;0.0829721608189058
2022-08-07T20:00:00.0;0.0864930268447929
2022-08-07T21:00:00.0;0.08624701964310355
2022-08-07T22:00:00.0;0.0830893660546143
2022-08-07T23:00:00.0;0.07812962160147251
2022-08-08T00:00:00.0;0.075601567483004
2022-08-08T01:00:00.0;0.07266117827116347
2022-08-08T02:00:00.0;0.06982452506827896
2022-08-08T03:00:00.0;0.0668528387671089
2022-08-08T04:00:00.0;0.06459746486634678
2022-08-08T05:00:00.0;0.06352565817036601
2022-08-08T06:00:00.0;0.06277516606890936
2022-08-08T07:00:00.0;0.059792559619340026
2022-08-08T08:00:00.0;0.054921216917567524
2022-08-08T09:00:00.0;0.048968969989944953
2022-08-08T10:00:00.0;0.04573366811972565
2022-08-08T11:00:00.0;0.04397982546104967
2022-08-08T12:00:00.0;0.044344682804432385
2022-08-08T13:00:00.0;0.04630432079898692
2022-08-08T14:00:00.0;0.05031976006697183
2022-08-08T15:00:00.0;0.054926245265685195
2022-08-08T16:00:00.0;0.06292285799813274
2022-08-08T17:00:00.0;0.06823815678082924
2022-08-08T18:00:00.0;0.07586529322132693
2022-08-08T19:00:00.0;0.08237925412017894
2022-08-08T20:00:00.0;0.08641464825347923
2022-08-08T21:00:00.0;0.08632020888121511
2022-08-08T22:00:00.0;0.08356401499912322
2022-08-08T23:00:00.0;0.07892270469867804
2022-08-09T00:00:00.0;0.07584857084012606
2022-08-09T01:00:00.0;0.07289683837407497
2022-08-09T02:00:00.0;0.07004912372328993
2022-08-09T03:00:00.0;0.067126355213801
2022-08-09T04:00:00.0;0.06478203894117768
2022-08-09T05:00:00.0;0.06346236832746133
2022-08-09T06:00:00.0;0.06214465775833929
2022-08-09T07:00:00.0;0.05924670970483961
2022-08-09T08:00:00.0;0.05510939267544022
2022-08-09T09:00:00.0;0.049412362730872905
2022-08-09T10:00:00.0;0.04625714449466191
2022-08-09T11:00:00.0;0.04427482848832357
2022-08-09T12:00:00.0;0.0444423226759991
2022-08-09T13:00:00.0;0.04624030885045167
2022-08-09T14:00:00.0;0.050175696832302205
2022-08-09T15:00:00.0;0.05486811722611448
2022-08-09T16:00:00.0;0.06260801449136613
2022-08-09T17:00:00.0;0.06790278329306852
2022-08-09T18:00:00.0;0.0753715393686992
2022-08-09T19:00:00.0;0.08210852764786407
2022-08-09T20:00:00.0;0.08663150863482594
2022-08-09T21:00:00.0;0.08685383541509258
2022-08-09T22:00:00.0;0.08420402168067463
2022-08-09T23:00:00.0;0.07949705580654777
2022-08-10T00:00:00.0;0.07590149283285128
2022-08-10T01:00:00.0;0.07290781195033198
2022-08-10T02:00:00.0;0.07004338562278382
2022-08-10T03:00:00.0;0.06704473066417971
2022-08-10T04:00:00.0;0.06467236466808206
2022-08-10T05:00:00.0;0.06343596575130477
2022-08-10T06:00:00.0;0.062234416484874204
2022-08-10T07:00:00.0;0.059441838297119666
2022-08-10T08:00:00.0;0.05538193660975106
2022-08-10T09:00:00.0;0.04945794851688167
2022-08-10T10:00:00.0;0.04581119957353467
2022-08-10T11:00:00.0;0.0437559478155152
2022-08-10T12:00:00.0;0.04389840255826275
2022-08-10T13:00:00.0;0.045910578717312515
2022-08-10T14:00:00.0;0.049739714606894345
2022-08-10T15:00:00.0;0.05467414706588542
2022-08-10T16:00:00.0;0.06279345299457734
2022-08-10T17:00:00.0;0.06822915423863278
2022-08-10T18:00:00.0;0.07559024958102802
2022-08-10T19:00:00.0;0.08213359188877854
2022-08-10T20:00:00.0;0.08661369998063041
2022-08-10T21:00:00.0;0.08681175292426055
2022-08-10T22:00:00.0;0.0840759428795885
2022-08-10T23:00:00.0;0.07928070550344259
2022-08-11T00:00:00.0;0.07584714128824473
2022-08-11T01:00:00.0;0.07288577206188898
2022-08-11T02:00:00.0;0.07003449651112263
2022-08-11T03:00:00.0;0.0671080578879594
2022-08-11T04:00:00.0;0.06476196926469369
2022-08-11T05:00:00.0;0.0634413753929941
2022-08-11T06:00:00.0;0.06214276221576533
2022-08-11T07:00:00.0;0.059285235389339316
2022-08-11T08:00:00.0;0.055202971272568534
2022-08-11T09:00:00.0;0.04952860816474313
2022-08-11T10:00:00.0;0.046339291721523526
2022-08-11T11:00:00.0;0.04434302032071545
2022-08-11T12:00:00.0;0.04450824228610616
2022-08-11T13:00:00.0;0.04631705377257463
2022-08-11T14:00:00.0;0.05025056390007136
2022-08-11T15:00:00.0;0.054954839184144025
2022-08-11T16:00:00.0;0.062706393707776
2022-08-11T17:00:00.0;0.06804015919466237
2022-08-11T18:00:00.0;0.07545992272156186
2022-08-11T19:00:00.0;0.08214432612361536
2022-08-11T20:00:00.0;0.0866308776783585
2022-08-11T21:00:00.0;0.08684614229208774
2022-08-11T22:00:00.0;0.08419833939246212
2022-08-11T23:00:00.0;0.07949968083308494
2022-08-12T00:00:00.0;0.07497986154218883
2022-08-12T01:00:00.0;0.07202860018806624
2022-08-12T02:00:00.0;0.06926519532137952
2022-08-12T03:00:00.0;0.06661569334291971
2022-08-12T04:00:00.0;0.06462810567792941
2022-08-12T05:00:00.0;0.06403102266942882
2022-08-12T06:00:00.0;0.063217945506168
2022-08-12T07:00:00.0;0.06034098533857343
2022-08-12T08:00:00.0;0.05550412909625009
2022-08-12T09:00:00.0;0.04979037646667159
2022-08-12T10:00:00.0;0.046908113071332476
2022-08-12T11:00:00.0;0.044878832343082285
2022-08-12T12:00:00.0;0.04482399892897963
2022-08-12T13:00:00.0;0.04573296475627176
2022-08-12T14:00:00.0;0.049621869063581577
2022-08-12T15:00:00.0;0.05411982125392142
2022-08-12T16:00:00.0;0.06135302025449323
2022-08-12T17:00:00.0;0.06719952911181867
2022-08-12T18:00:00.0;0.0750348490988988
2022-08-12T19:00:00.0;0.0815987742488518
2022-08-12T20:00:00.0;0.08584108919648639
2022-08-12T21:00:00.0;0.0854921850458282
2022-08-12T22:00:00.0;0.08306973696440917
2022-08-12T23:00:00.0;0.07883141087522205
2022-08-13T00:00:00.0;0.07582764205836849
2022-08-13T01:00:00.0;0.07286019786596279
2022-08-13T02:00:00.0;0.07000815982906204
2022-08-13T03:00:00.0;0.06708817023042264
2022-08-13T04:00:00.0;0.06474832054871664
2022-08-13T05:00:00.0;0.06343297839417486
2022-08-13T06:00:00.0;0.062152465759826706
2022-08-13T07:00:00.0;0.05932578374335825
2022-08-13T08:00:00.0;0.055278107190542145
2022-08-13T09:00:00.0;0.049640759123822556
2022-08-13T10:00:00.0;0.046458670007282286
2022-08-13T11:00:00.0;0.04445367053659942
2022-08-13T12:00:00.0;0.044614836562288464
2022-08-13T13:00:00.0;0.04640392892543847
2022-08-13T14:00:00.0;0.0503424051313629
2022-08-13T15:00:00.0;0.05503749432183748
2022-08-13T16:00:00.0;0.06276479523362871
2022-08-13T17:00:00.0;0.06813436970574989
2022-08-13T18:00:00.0;0.07552184017383338
2022-08-13T19:00:00.0;0.08216769003377647
2022-08-13T20:00:00.0;0.08661842036542947
2022-08-13T21:00:00.0;0.08681928740325537
2022-08-13T22:00:00.0;0.0841832165437193
2022-08-13T23:00:00.0;0.07950636524062259
2022-08-14T00:00:00.0;0.07595373780094328
2022-08-14T01:00:00.0;0.07296167663448405
2022-08-14T02:00:00.0;0.07009020128779883
2022-08-14T03:00:00.0;0.0670997046645723
2022-08-14T04:00:00.0;0.06470400754771273
2022-08-14T05:00:00.0;0.06334560844834919
2022-08-14T06:00:00.0;0.06207159137715882
2022-08-14T07:00:00.0;0.05931074711187153
2022-08-14T08:00:00.0;0.055404522347821845
2022-08-14T09:00:00.0;0.04966653077092657
2022-08-14T10:00:00.0;0.04619695727817855
2022-08-14T11:00:00.0;0.04415582518429696
2022-08-14T12:00:00.0;0.04432948974076578
2022-08-14T13:00:00.0;0.046331412355880335
2022-08-14T14:00:00.0;0.050222187633874156
2022-08-14T15:00:00.0;0.05506378241066756
2022-08-14T16:00:00.0;0.0630413320088419
2022-08-14T17:00:00.0;0.06843220818087253
2022-08-14T18:00:00.0;0.07570435340216602
2022-08-14T19:00:00.0;0.08225357845902224
2022-08-14T20:00:00.0;0.08670094097951486
2022-08-14T21:00:00.0;0.08695315248990128
2022-08-14T22:00:00.0;0.0842492142488647
2022-08-14T23:00:00.0;0.0794779822817991
2022-08-15T00:00:00.0;0.07576867302643718
2022-08-15T01:00:00.0;0.07284445436394779
2022-08-15T02:00:00.0;0.07003504209538894
2022-08-15T03:00:00.0;0.06732068829248537
2022-08-15T04:00:00.0;0.06514360613615074
2022-08-15T05:00:00.0;0.06399040067685234
2022-08-15T06:00:00.0;0.06286269844396235
2022-08-15T07:00:00.0;0.06014639309688849
2022-08-15T08:00:00.0;0.05591679116372282
2022-08-15T09:00:00.0;0.05072726984661707
2022-08-15T10:00:00.0;0.04838616924541566
2022-08-15T11:00:00.0;0.0464831711633388
2022-08-15T12:00:00.0;0.0465428192233939
2022-08-15T13:00:00.0;0.04760129841231797
2022-08-15T14:00:00.0;0.05152820009763313
2022-08-15T15:00:00.0;0.05573667933707255
2022-08-15T16:00:00.0;0.06263204694038715
2022-08-15T17:00:00.0;0.06808904656704312
2022-08-15T18:00:00.0;0.07571239175320871
2022-08-15T19:00:00.0;0.08244543402629201
2022-08-15T20:00:00.0;0.08671307914939694
2022-08-15T21:00:00.0;0.08668617526257891
2022-08-15T22:00:00.0;0.08421926619776374
2022-08-15T23:00:00.0;0.07986315321498708
2022-08-16T00:00:00.0;0.07518335875932476
2022-08-16T01:00:00.0;0.07227324797969192
2022-08-16T02:00:00.0;0.0694832851090223
2022-08-16T03:00:00.0;0.06674613684700154
2022-08-16T04:00:00.0;0.06466513591926204
2022-08-16T05:00:00.0;0.06370520225191152
2022-08-16T06:00:00.0;0.06296129614598363
2022-08-16T07:00:00.0;0.05998881475240291
2022-08-16T08:00:00.0;0.055035259172707
2022-08-16T09:00:00.0;0.04960282254880692
2022-08-16T10:00:00.0;0.04719804247427094
2022-08-16T11:00:00.0;0.045460078731766586
2022-08-16T12:00:00.0;0.045740292424065354
2022-08-16T13:00:00.0;0.04698856030249824
2022-08-16T14:00:00.0;0.051150289983829034
2022-08-16T15:00:00.0;0.055319789324355606
2022-08-16T16:00:00.0;0.06246453020720944
2022-08-16T17:00:00.0;0.06792415124308071
2022-08-16T18:00:00.0;0.0756564811652922
2022-08-16T19:00:00.0;0.08224259243929317
2022-08-16T20:00:00.0;0.08615042381570927
2022-08-16T21:00:00.0;0.08587900890713378
2022-08-16T22:00:00.0;0.08338847204005079
2022-08-16T23:00:00.0;0.07911812615143463
2022-08-17T00:00:00.0;0.07503490492772302
2022-08-17T01:00:00.0;0.07216840580209362
2022-08-17T02:00:00.0;0.0694228724644009
2022-08-17T03:00:00.0;0.0669575514558065
2022-08-17T04:00:00.0;0.06498478721642359
2022-08-17T05:00:00.0;0.06396343560882278
2022-08-17T06:00:00.0;0.06279503722404989
2022-08-17T07:00:00.0;0.059839316685264723
2022-08-17T08:00:00.0;0.05522459046513103
2022-08-17T09:00:00.0;0.05044254555128049
2022-08-17T10:00:00.0;0.048997260445378214
2022-08-17T11:00:00.0;0.04715027392472117
2022-08-17T12:00:00.0;0.04719822214598164
2022-08-17T13:00:00.0;0.0475885643547326
2022-08-17T14:00:00.0;0.05180442751687016
2022-08-17T15:00:00.0;0.055567405073120225
2022-08-17T16:00:00.0;0.06164956061353168
2022-08-17T17:00:00.0;0.06714836525307558
2022-08-17T18:00:00.0;0.07499261097596115
2022-08-17T19:00:00.0;0.0819253771540785
2022-08-17T20:00:00.0;0.086131509869202
2022-08-17T21:00:00.0;0.0859238637638873
2022-08-17T22:00:00.0;0.08375303889062581
2022-08-17T23:00:00.0;0.07977631853717465
2022-08-18T00:00:00.0;0.07495755351289725
2022-08-18T01:00:00.0;0.07210009459559569
2022-08-18T02:00:00.0;0.0693593449722429
2022-08-18T03:00:00.0;0.06689888044235795
2022-08-18T04:00:00.0;0.06492986473319247
2022-08-18T05:00:00.0;0.0639031022493967
2022-08-18T06:00:00.0;0.06269353398608679
2022-08-18T07:00:00.0;0.059661149621601385
2022-08-18T08:00:00.0;0.05497954772946738
2022-08-18T09:00:00.0;0.05016664696881922
2022-08-18T10:00:00.0;0.04874267909453689
2022-08-18T11:00:00.0;0.04690025879667255
2022-08-18T12:00:00.0;0.046962316909294345
2022-08-18T13:00:00.0;0.04736277276551196
2022-08-18T14:00:00.0;0.05161579085463882
2022-08-18T15:00:00.0;0.05538157503952203
2022-08-18T16:00:00.0;0.06146962934631378
2022-08-18T17:00:00.0;0.06692915901787028
2022-08-18T18:00:00.0;0.07480866030041246
2022-08-18T19:00:00.0;0.08179709154368517
2022-08-18T20:00:00.0;0.08605084909235165
2022-08-18T21:00:00.0;0.08585829767295383
2022-08-18T22:00:00.0;0.08369802314719904
2022-08-18T23:00:00.0;0.07971612221416052
2022-08-19T00:00:00.0;0.07495929644928047
2022-08-19T01:00:00.0;0.07206430412779456
2022-08-19T02:00:00.0;0.06930140832226153
2022-08-19T03:00:00.0;0.06669582730455795
2022-08-19T04:00:00.0;0.06471016144909682
2022-08-19T05:00:00.0;0.06382844759072759
2022-08-19T06:00:00.0;0.06305658565443328
2022-08-19T07:00:00.0;0.060087142841762066
2022-08-19T08:00:00.0;0.05510855653538649
2022-08-19T09:00:00.0;0.04992578207351427
2022-08-19T10:00:00.0;0.04792828504473151
2022-08-19T11:00:00.0;0.04617201223506188
2022-08-19T12:00:00.0;0.0463756938392053
2022-08-19T13:00:00.0;0.04721876020464037
2022-08-19T14:00:00.0;0.05143277902896022
2022-08-19T15:00:00.0;0.05540047079029848
2022-08-19T16:00:00.0;0.06209708961798396
2022-08-19T17:00:00.0;0.06764911064673443
2022-08-19T18:00:00.0;0.07545400802738174
2022-08-19T19:00:00.0;0.08210021216694122
2022-08-19T20:00:00.0;0.08599669347488177
2022-08-19T21:00:00.0;0.08564062733632107
2022-08-19T22:00:00.0;0.08329651321248834
2022-08-19T23:00:00.0;0.07921641662026838
2022-08-20T00:00:00.0;0.07530578411083916
2022-08-20T01:00:00.0;0.07238294920198038
2022-08-20T02:00:00.0;0.06958951499055917
2022-08-20T03:00:00.0;0.06693551083144225
2022-08-20T04:00:00.0;0.06481289727923673
2022-08-20T05:00:00.0;0.06366759826137534
2022-08-20T06:00:00.0;0.06247092780379243
2022-08-20T07:00:00.0;0.059609539298472784
2022-08-20T08:00:00.0;0.0553036792938761
2022-08-20T09:00:00.0;0.05020717802816875
2022-08-20T10:00:00.0;0.04799910509281404
2022-08-20T11:00:00.0;0.04606067657768727
2022-08-20T12:00:00.0;0.046157811260774756
2022-08-20T13:00:00.0;0.04714254622559657
2022-08-20T14:00:00.0;0.051264467619469324
2022-08-20T15:00:00.0;0.05543129329681121
2022-08-20T16:00:00.0;0.06220663254606415
2022-08-20T17:00:00.0;0.06771467299835611
2022-08-20T18:00:00.0;0.07528891309343796
2022-08-20T19:00:00.0;0.08202461575300476
2022-08-20T20:00:00.0;0.08627866094452893
2022-08-20T21:00:00.0;0.08622960807639495
2022-08-20T22:00:00.0;0.08388158211406785
2022-08-20T23:00:00.0;0.07963713321511579
2022-08-21T00:00:00.0;0.0742434653780437
2022-08-21T01:00:00.0;0.07128355708476292
2022-08-21T02:00:00.0;0.06846579380776131
2022-08-21T03:00:00.0;0.06569755161927701
2022-08-21T04:00:00.0;0.06344228652276529
2022-08-21T05:00:00.0;0.06223675531091437
2022-08-21T06:00:00.0;0.0611952036598878
2022-08-21T07:00:00.0;0.058448125913062005
2022-08-21T08:00:00.0;0.053811348095938155
2022-08-21T09:00:00.0;0.04804964228203844
2022-08-21T10:00:00.0;0.045032647867443945
2022-08-21T11:00:00.0;0.043128258005407184
2022-08-21T12:00:00.0;0.04308173890976867
2022-08-21T13:00:00.0;0.04437020611884382
2022-08-21T14:00:00.0;0.048659427678997266
2022-08-21T15:00:00.0;0.05385916036352242
2022-08-21T16:00:00.0;0.06185635848324089
2022-08-21T17:00:00.0;0.06749474053723575
2022-08-21T18:00:00.0;0.07480630501246091
2022-08-21T19:00:00.0;0.08073859348508718
2022-08-21T20:00:00.0;0.08439427800209233
2022-08-21T21:00:00.0;0.0844568526306121
2022-08-21T22:00:00.0;0.081917482012196
2022-08-21T23:00:00.0;0.07779279659188035
2022-08-22T00:00:00.0;0.07483657537216726
2022-08-22T01:00:00.0;0.07195390305678741
2022-08-22T02:00:00.0;0.06920419773461757
2022-08-22T03:00:00.0;0.06667116650257138
2022-08-22T04:00:00.0;0.06473590290967227
2022-08-22T05:00:00.0;0.06386056529472252
2022-08-22T06:00:00.0;0.06309198929452943
2022-08-22T07:00:00.0;0.06012370595518067
2022-08-22T08:00:00.0;0.05512229266804176
2022-08-22T09:00:00.0;0.050142649467382824
2022-08-22T10:00:00.0;0.0484607347902037
2022-08-22T11:00:00.0;0.046728679738519394
2022-08-22T12:00:00.0;0.04692763177040949
2022-08-22T13:00:00.0;0.047556245594349934
2022-08-22T14:00:00.0;0.051840070862312806
2022-08-22T15:00:00.0;0.05563644307506669
2022-08-22T16:00:00.0;0.062036482796986786
2022-08-22T17:00:00.0;0.06761076764205122
2022-08-22T18:00:00.0;0.0754361285823446
2022-08-22T19:00:00.0;0.08210540132748469
2022-08-22T20:00:00.0;0.08593409292311406
2022-08-22T21:00:00.0;0.08552712828535294
2022-08-22T22:00:00.0;0.08326887426881924
2022-08-22T23:00:00.0;0.07931179675319684
2022-08-23T00:00:00.0;0.07485302405002703
2022-08-23T01:00:00.0;0.07196541968998266
2022-08-23T02:00:00.0;0.06921380635986735
2022-08-23T03:00:00.0;0.06668769394177358
2022-08-23T04:00:00.0;0.06474586859310487
2022-08-23T05:00:00.0;0.06384793996431415
2022-08-23T06:00:00.0;0.06303311882266228
2022-08-23T07:00:00.0;0.06009135285809885
2022-08-23T08:00:00.0;0.05518440527427523
2022-08-23T09:00:00.0;0.050248145583060254
2022-08-23T10:00:00.0;0.048572234317877806
2022-08-23T11:00:00.0;0.04681204559835882
2022-08-23T12:00:00.0;0.046989482257701665
2022-08-23T13:00:00.0;0.047595687119909226
2022-08-23T14:00:00.0;0.05187330568857776
2022-08-23T15:00:00.0;0.055676188292577124
2022-08-23T16:00:00.0;0.06204269237500598
2022-08-23T17:00:00.0;0.06763485972539358
2022-08-23T18:00:00.0;0.07542459764466404
2022-08-23T19:00:00.0;0.08209303004743052
2022-08-23T20:00:00.0;0.08595049570032247
2022-08-23T21:00:00.0;0.08556814513364834
2022-08-23T22:00:00.0;0.08332543414589015
2022-08-23T23:00:00.0;0.0793717871304042
2022-08-24T00:00:00.0;0.07497478108781827
2022-08-24T01:00:00.0;0.07210834918903691
2022-08-24T02:00:00.0;0.06936596739845591
2022-08-24T03:00:00.0;0.06690398864565766
2022-08-24T04:00:00.0;0.06492927201056345
2022-08-24T05:00:00.0;0.06389381250661332
2022-08-24T06:00:00.0;0.06267858735830058
2022-08-24T07:00:00.0;0.05965829942373091
2022-08-24T08:00:00.0;0.055004331388780026
2022-08-24T09:00:00.0;0.05022121357620956
2022-08-24T10:00:00.0;0.04880143013179392
2022-08-24T11:00:00.0;0.0469648685172824
2022-08-24T12:00:00.0;0.04703257869775497
2022-08-24T13:00:00.0;0.04742791860389549
2022-08-24T14:00:00.0;0.051676784176925866
2022-08-24T15:00:00.0;0.055429270951082764
2022-08-24T16:00:00.0;0.061514585716865376
2022-08-24T17:00:00.0;0.06698464639952652
2022-08-24T18:00:00.0;0.07484233900870307
2022-08-24T19:00:00.0;0.08180625941912412
2022-08-24T20:00:00.0;0.08604509410128365
2022-08-24T21:00:00.0;0.08586594883525286
2022-08-24T22:00:00.0;0.0837050524337858
2022-08-24T23:00:00.0;0.07972453180972056
2022-08-25T00:00:00.0;0.07507256844708193
2022-08-25T01:00:00.0;0.07215220312995767
2022-08-25T02:00:00.0;0.06939441517359148
2022-08-25T03:00:00.0;0.06690643179687428
2022-08-25T04:00:00.0;0.06495369009926191
2022-08-25T05:00:00.0;0.06407739740074536
2022-08-25T06:00:00.0;0.06313379691903291
2022-08-25T07:00:00.0;0.06042606350691646
2022-08-25T08:00:00.0;0.05596226736436684
2022-08-25T09:00:00.0;0.051133550113023
2022-08-25T10:00:00.0;0.049351966362890555
2022-08-25T11:00:00.0;0.04742712178153204
2022-08-25T12:00:00.0;0.04740739461019683
2022-08-25T13:00:00.0;0.04781111475824093
2022-08-25T14:00:00.0;0.05190020418893232
2022-08-25T15:00:00.0;0.05579256885427218
2022-08-25T16:00:00.0;0.06203839204624144
2022-08-25T17:00:00.0;0.06781231754953386
2022-08-25T18:00:00.0;0.07550522409999566
2022-08-25T19:00:00.0;0.08213243886850322
2022-08-25T20:00:00.0;0.08614497901727058
2022-08-25T21:00:00.0;0.08581681361179479
2022-08-25T22:00:00.0;0.08361250760764552
2022-08-25T23:00:00.0;0.07966594084227756
2022-08-26T00:00:00.0;0.07630871835463318
2022-08-26T01:00:00.0;0.07329334620869776
2022-08-26T02:00:00.0;0.07046903526143651
2022-08-26T03:00:00.0;0.06792373836873518
2022-08-26T04:00:00.0;0.0658892438024684
2022-08-26T05:00:00.0;0.0649569978274408
2022-08-26T06:00:00.0;0.06446657985431062
2022-08-26T07:00:00.0;0.06277334961069628
2022-08-26T08:00:00.0;0.059259923594566825
2022-08-26T09:00:00.0;0.05498600890739712
2022-08-26T10:00:00.0;0.053189674296799834
2022-08-26T11:00:00.0;0.05126749179017777
2022-08-26T12:00:00.0;0.051083080084877365
2022-08-26T13:00:00.0;0.05130687201181276
2022-08-26T14:00:00.0;0.05491087248234418
2022-08-26T15:00:00.0;0.05862763082921981
2022-08-26T16:00:00.0;0.06461264622249421
2022-08-26T17:00:00.0;0.07075822612369961
2022-08-26T18:00:00.0;0.0780218876987065
2022-08-26T19:00:00.0;0.08403796854450706
2022-08-26T20:00:00.0;0.08745982145611221
2022-08-26T21:00:00.0;0.08700359795063992
2022-08-26T22:00:00.0;0.08465903127391071
2022-08-26T23:00:00.0;0.08076762405729651
2022-08-27T00:00:00.0;0.07569588637784092
2022-08-27T01:00:00.0;0.07275213708137293
2022-08-27T02:00:00.0;0.06996572606292303
2022-08-27T03:00:00.0;0.0674589055892306
2022-08-27T04:00:00.0;0.06545410949956415
2022-08-27T05:00:00.0;0.0644789947811244
2022-08-27T06:00:00.0;0.06366240025253014
2022-08-27T07:00:00.0;0.06136178559379992
2022-08-27T08:00:00.0;0.05731852375807265
2022-08-27T09:00:00.0;0.0528001474843737
2022-08-27T10:00:00.0;0.051172702883387974
2022-08-27T11:00:00.0;0.04928669718551377
2022-08-27T12:00:00.0;0.04921407390237423
2022-08-27T13:00:00.0;0.04951799321396745
2022-08-27T14:00:00.0;0.053416360987355756
2022-08-27T15:00:00.0;0.057155355408093016
2022-08-27T16:00:00.0;0.06318710495186251
2022-08-27T17:00:00.0;0.06902152110351803
2022-08-27T18:00:00.0;0.07656450186571687
2022-08-27T19:00:00.0;0.08302160026748938
2022-08-27T20:00:00.0;0.08682077040012136
2022-08-27T21:00:00.0;0.08648413754764915
2022-08-27T22:00:00.0;0.08422315809854782
2022-08-27T23:00:00.0;0.08029070670922384
2022-08-28T00:00:00.0;0.07527851854276155
2022-08-28T01:00:00.0;0.07214335850674353
2022-08-28T02:00:00.0;0.06938004190133552
2022-08-28T03:00:00.0;0.06679970173262113
2022-08-28T04:00:00.0;0.06508993633487888
2022-08-28T05:00:00.0;0.06555410055598676
2022-08-28T06:00:00.0;0.06606816070906417
2022-08-28T07:00:00.0;0.06438457048408436
2022-08-28T08:00:00.0;0.05968547279782078
2022-08-28T09:00:00.0;0.053776079305338224
2022-08-28T10:00:00.0;0.049902852354977864
2022-08-28T11:00:00.0;0.04765039298515047
2022-08-28T12:00:00.0;0.04710198957612647
2022-08-28T13:00:00.0;0.047341424831915446
2022-08-28T14:00:00.0;0.05040684586170075
2022-08-28T15:00:00.0;0.05515703159181602
2022-08-28T16:00:00.0;0.06257482614268035
2022-08-28T17:00:00.0;0.06974126968913666
2022-08-28T18:00:00.0;0.07743614815091279
2022-08-28T19:00:00.0;0.08279491034556677
2022-08-28T20:00:00.0;0.08610645217798454
2022-08-28T21:00:00.0;0.08489259867474373
2022-08-28T22:00:00.0;0.0823586240522673
2022-08-28T23:00:00.0;0.07846567024260963
2022-08-29T00:00:00.0;0.07519507492449028
2022-08-29T01:00:00.0;0.07221390299261458
2022-08-29T02:00:00.0;0.06945065022150153
2022-08-29T03:00:00.0;0.06696930867523558
2022-08-29T04:00:00.0;0.064921692699916
2022-08-29T05:00:00.0;0.0637750219578084
2022-08-29T06:00:00.0;0.06248746063295324
2022-08-29T07:00:00.0;0.05962185314344837
2022-08-29T08:00:00.0;0.055321246997725865
2022-08-29T09:00:00.0;0.050918972102949434
2022-08-29T10:00:00.0;0.04955269613790023
2022-08-29T11:00:00.0;0.04779105115208164
2022-08-29T12:00:00.0;0.04793103591082103
2022-08-29T13:00:00.0;0.048260956727166786
2022-08-29T14:00:00.0;0.05245672291116931
2022-08-29T15:00:00.0;0.05603917196149501
2022-08-29T16:00:00.0;0.06208945544734469
2022-08-29T17:00:00.0;0.06769417912528605
2022-08-29T18:00:00.0;0.07527299810596504
2022-08-29T19:00:00.0;0.08192349161598506
2022-08-29T20:00:00.0;0.0859715034149453
2022-08-29T21:00:00.0;0.08596378639541909
2022-08-29T22:00:00.0;0.08379493789464533
2022-08-29T23:00:00.0;0.07983206766890405
2022-08-30T00:00:00.0;0.07522887333381977
2022-08-30T01:00:00.0;0.07217415012661188
2022-08-30T02:00:00.0;0.06940139337608578
2022-08-30T03:00:00.0;0.0668509277597911
2022-08-30T04:00:00.0;0.06500687281084629
2022-08-30T05:00:00.0;0.06481356634795873
2022-08-30T06:00:00.0;0.06470321956971287
2022-08-30T07:00:00.0;0.0626847272648691
2022-08-30T08:00:00.0;0.05824018989253336
2022-08-30T09:00:00.0;0.05290131326790788
2022-08-30T10:00:00.0;0.04995511834829687
2022-08-30T11:00:00.0;0.04784722727611848
2022-08-30T12:00:00.0;0.04752493902632999
2022-08-30T13:00:00.0;0.04784945914458236
2022-08-30T14:00:00.0;0.051371143110130746
2022-08-30T15:00:00.0;0.055763964289908846
2022-08-30T16:00:00.0;0.06267092779156501
2022-08-30T17:00:00.0;0.06925964424404751
2022-08-30T18:00:00.0;0.07683435915876723
2022-08-30T19:00:00.0;0.08262846362820986
2022-08-30T20:00:00.0;0.08613284783047535
2022-08-30T21:00:00.0;0.0853301860017834
2022-08-30T22:00:00.0;0.08293466166165986
2022-08-30T23:00:00.0;0.07904426155784307
2022-08-31T00:00:00.0;0.07419169262681916
2022-08-31T01:00:00.0;0.07100548837861545
2022-08-31T02:00:00.0;0.06823773491907335
2022-08-31T03:00:00.0;0.06560484229204971
2022-08-31T04:00:00.0;0.06387439740878993
2022-08-31T05:00:00.0;0.06448549504808622
2022-08-31T06:00:00.0;0.0652334954589561
2022-08-31T07:00:00.0;0.06361701730661509
2022-08-31T08:00:00.0;0.058563750138176586
2022-08-31T09:00:00.0;0.05207183648304761
2022-08-31T10:00:00.0;0.04742083728489315
2022-08-31T11:00:00.0;0.04511864028643257
2022-08-31T12:00:00.0;0.04443518725824169
2022-08-31T13:00:00.0;0.04483980246679053
2022-08-31T14:00:00.0;0.04803966431978087
2022-08-31T15:00:00.0;0.053614681545776734
2022-08-31T16:00:00.0;0.06199025397580687
2022-08-31T17:00:00.0;0.06945460229385986
2022-08-31T18:00:00.0;0.07694734822859965
2022-08-31T19:00:00.0;0.08160462930429963
2022-08-31T20:00:00.0;0.08443013680300479
2022-08-31T21:00:00.0;0.08316826041830613
2022-08-31T22:00:00.0;0.08054184825942064
2022-08-31T23:00:00.0;0.07680536068483494
2022-09-01T00:00:00.0;0.07452481654511724
2022-09-01T01:00:00.0;0.07147792637198652
2022-09-01T02:00:00.0;0.06872272394309109
2022-09-01T03:00:00.0;0.06619076481625574
2022-09-01T04:00:00.0;0.06437448789951052
2022-09-01T05:00:00.0;0.06412713082384787
2022-09-01T06:00:00.0;0.06376600015522026
2022-09-01T07:00:00.0;0.06132804661240776
2022-09-01T08:00:00.0;0.056713844038431264
2022-09-01T09:00:00.0;0.0512877402574043
2022-09-01T10:00:00.0;0.04828281871051552
2022-09-01T11:00:00.0;0.04609531915305826
2022-09-01T12:00:00.0;0.04590209427773419
2022-09-01T13:00:00.0;0.04641618791293496
2022-09-01T14:00:00.0;0.05027251814193266
2022-09-01T15:00:00.0;0.054743573274831626
2022-09-01T16:00:00.0;0.06175599014236751
2022-09-01T17:00:00.0;0.06828386166043929
2022-09-01T18:00:00.0;0.0758032024764671
2022-09-01T19:00:00.0;0.08174487844282623
2022-09-01T20:00:00.0;0.08545090523306142
2022-09-01T21:00:00.0;0.08473122110160307
2022-09-01T22:00:00.0;0.08246308211456276
2022-09-01T23:00:00.0;0.07857608033386616
2022-09-02T00:00:00.0;0.07424343728449795
2022-09-02T01:00:00.0;0.07112836255737273
2022-09-02T02:00:00.0;0.06838082334572233
2022-09-02T03:00:00.0;0.0658247870868901
2022-09-02T04:00:00.0;0.06410589607014866
2022-09-02T05:00:00.0;0.06430995425653827
2022-09-02T06:00:00.0;0.06434690317502478
2022-09-02T07:00:00.0;0.06206230726442962
2022-09-02T08:00:00.0;0.057245078817331096
2022-09-02T09:00:00.0;0.051366264720795626
2022-09-02T10:00:00.0;0.04759255289085313
2022-09-02T11:00:00.0;0.045261597847677804
2022-09-02T12:00:00.0;0.04493596464364117
2022-09-02T13:00:00.0;0.04547604748862514
2022-09-02T14:00:00.0;0.04912824725928932
2022-09-02T15:00:00.0;0.053960390610776635
2022-09-02T16:00:00.0;0.06146100924546427
2022-09-02T17:00:00.0;0.06843882973978554
2022-09-02T18:00:00.0;0.07595440288542739
2022-09-02T19:00:00.0;0.0815188196385593
2022-09-02T20:00:00.0;0.08506911109355593
2022-09-02T21:00:00.0;0.08407825968681495
2022-09-02T22:00:00.0;0.08174601150014461
2022-09-02T23:00:00.0;0.07788115673062951
2022-09-03T00:00:00.0;0.0734759452406517
2022-09-03T01:00:00.0;0.0703999127060121
2022-09-03T02:00:00.0;0.06754239218175472
2022-09-03T03:00:00.0;0.0646651903600227
2022-09-03T04:00:00.0;0.06234135349136362
2022-09-03T05:00:00.0;0.06123154658481185
2022-09-03T06:00:00.0;0.0605558265890881
2022-09-03T07:00:00.0;0.058230756099876387
2022-09-03T08:00:00.0;0.053726617138771866
2022-09-03T09:00:00.0;0.04756316744396012
2022-09-03T10:00:00.0;0.04353412860073861
2022-09-03T11:00:00.0;0.04150438761617643
2022-09-03T12:00:00.0;0.041307177906536104
2022-09-03T13:00:00.0;0.042879599649302616
2022-09-03T14:00:00.0;0.047193890264305004
2022-09-03T15:00:00.0;0.05325505941309855
2022-09-03T16:00:00.0;0.062274574230554984
2022-09-03T17:00:00.0;0.06842342000668211
2022-09-03T18:00:00.0;0.07520568828773112
2022-09-03T19:00:00.0;0.08011885875142467
2022-09-03T20:00:00.0;0.08307535485451503
2022-09-03T21:00:00.0;0.08307291202426534
2022-09-03T22:00:00.0;0.08040347004111945
2022-09-03T23:00:00.0;0.07642094453884869
2022-09-04T00:00:00.0;0.07516504365343794
2022-09-04T01:00:00.0;0.07205643045257026
2022-09-04T02:00:00.0;0.06915566939627923
2022-09-04T03:00:00.0;0.06585658318131397
2022-09-04T04:00:00.0;0.06370218117882281
2022-09-04T05:00:00.0;0.06319620856652312
2022-09-04T06:00:00.0;0.06427804514105886
2022-09-04T07:00:00.0;0.06182781317861707
2022-09-04T08:00:00.0;0.0561234284763408
2022-09-04T09:00:00.0;0.049641174379645533
2022-09-04T10:00:00.0;0.04509313355385516
2022-09-04T11:00:00.0;0.04366369751699232
2022-09-04T12:00:00.0;0.04454735861460002
2022-09-04T13:00:00.0;0.0475288698641008
2022-09-04T14:00:00.0;0.051635836040020595
2022-09-04T15:00:00.0;0.05648518295263702
2022-09-04T16:00:00.0;0.0658454563912863
2022-09-04T17:00:00.0;0.07186540573182787
2022-09-04T18:00:00.0;0.07892690406490048
2022-09-04T19:00:00.0;0.08383270484882138
2022-09-04T20:00:00.0;0.08598556671243585
2022-09-04T21:00:00.0;0.08503233019957054
2022-09-04T22:00:00.0;0.08188826449426453
2022-09-04T23:00:00.0;0.07736654243522216
2022-09-05T00:00:00.0;0.07467130748755275
2022-09-05T01:00:00.0;0.07156859228092277
2022-09-05T02:00:00.0;0.06871088111841309
2022-09-05T03:00:00.0;0.06567450021245928
2022-09-05T04:00:00.0;0.06359639054819584
2022-09-05T05:00:00.0;0.06311478025431308
2022-09-05T06:00:00.0;0.06363158920750782
2022-09-05T07:00:00.0;0.06125697488960409
2022-09-05T08:00:00.0;0.05602375536630199
2022-09-05T09:00:00.0;0.049850265832579635
2022-09-05T10:00:00.0;0.045696404037670495
2022-09-05T11:00:00.0;0.04396124579530778
2022-09-05T12:00:00.0;0.0443901838008474
2022-09-05T13:00:00.0;0.04651553372237682
2022-09-05T14:00:00.0;0.050582922865275576
2022-09-05T15:00:00.0;0.05555795770212446
2022-09-05T16:00:00.0;0.06430720935207836
2022-09-05T17:00:00.0;0.07056637804443931
2022-09-05T18:00:00.0;0.07765645912864058
2022-09-05T19:00:00.0;0.08272625611222105
2022-09-05T20:00:00.0;0.08532025413316392
2022-09-05T21:00:00.0;0.08452537607558458
2022-09-05T22:00:00.0;0.0816814553688123
2022-09-05T23:00:00.0;0.07743591351358059
2022-09-06T00:00:00.0;0.07377011399124377
2022-09-06T01:00:00.0;0.07068590492873074
2022-09-06T02:00:00.0;0.06791088257251199
2022-09-06T03:00:00.0;0.06498378558509724
2022-09-06T04:00:00.0;0.06335858308891519
2022-09-06T05:00:00.0;0.06390758303911963
2022-09-06T06:00:00.0;0.06590626317346596
2022-09-06T07:00:00.0;0.06339611143312071
2022-09-06T08:00:00.0;0.056316668930950685
2022-09-06T09:00:00.0;0.04974009730257389
2022-09-06T10:00:00.0;0.0456957716985626
2022-09-06T11:00:00.0;0.04435456718409358
2022-09-06T12:00:00.0;0.04503790320199967
2022-09-06T13:00:00.0;0.04682095263656402
2022-09-06T14:00:00.0;0.0509665369399603
2022-09-06T15:00:00.0;0.05547064176270457
2022-09-06T16:00:00.0;0.06418415909362937
2022-09-06T17:00:00.0;0.07089724280923027
2022-09-06T18:00:00.0;0.07856970453400981
2022-09-06T19:00:00.0;0.08317095513574285
2022-09-06T20:00:00.0;0.08468521527241667
2022-09-06T21:00:00.0;0.08282432882775685
2022-09-06T22:00:00.0;0.07996023516079463
2022-09-06T23:00:00.0;0.07615182621772185
2022-09-07T00:00:00.0;0.0742682525516576
2022-09-07T01:00:00.0;0.07125960671209475
2022-09-07T02:00:00.0;0.06846594286543922
2022-09-07T03:00:00.0;0.06557253206200045
2022-09-07T04:00:00.0;0.06379485485156654
2022-09-07T05:00:00.0;0.06367326549542336
2022-09-07T06:00:00.0;0.06502282412838578
2022-09-07T07:00:00.0;0.06236436647311715
2022-09-07T08:00:00.0;0.05582677899532141
2022-09-07T09:00:00.0;0.04997296962599739
2022-09-07T10:00:00.0;0.04694501564333041
2022-09-07T11:00:00.0;0.04572125620847248
2022-09-07T12:00:00.0;0.0465585926148474
2022-09-07T13:00:00.0;0.04831278139917019
2022-09-07T14:00:00.0;0.05271021345018923
2022-09-07T15:00:00.0;0.05671530094218555
2022-09-07T16:00:00.0;0.0646937471679359
2022-09-07T17:00:00.0;0.07083741222629064
2022-09-07T18:00:00.0;0.07841075507304239
2022-09-07T19:00:00.0;0.08354144830573651
2022-09-07T20:00:00.0;0.08536460712828244
2022-09-07T21:00:00.0;0.08393140479101752
2022-09-07T22:00:00.0;0.08118498650263221
2022-09-07T23:00:00.0;0.07731977784283793
2022-09-08T00:00:00.0;0.07541657270773174
2022-09-08T01:00:00.0;0.07237922616462761
2022-09-08T02:00:00.0;0.06955723852647144
2022-09-08T03:00:00.0;0.06678674927898205
2022-09-08T04:00:00.0;0.064865143044156
2022-09-08T05:00:00.0;0.06439685655089913
2022-09-08T06:00:00.0;0.06497635136517893
2022-09-08T07:00:00.0;0.06292419573045106
2022-09-08T08:00:00.0;0.057933032684596715
2022-09-08T09:00:00.0;0.05276498357723623
2022-09-08T10:00:00.0;0.05009805964460715
2022-09-08T11:00:00.0;0.048517815759876314
2022-09-08T12:00:00.0;0.048838939277879016
2022-09-08T13:00:00.0;0.04994294753565475
2022-09-08T14:00:00.0;0.05385106988471601
2022-09-08T15:00:00.0;0.05780986179159631
2022-09-08T16:00:00.0;0.06499223564636548
2022-09-08T17:00:00.0;0.07122514500670431
2022-09-08T18:00:00.0;0.07858299686350882
2022-09-08T19:00:00.0;0.08399972188903258
2022-09-08T20:00:00.0;0.0865125862214478
2022-09-08T21:00:00.0;0.08551820432355027
2022-09-08T22:00:00.0;0.08290001152546822
2022-09-08T23:00:00.0;0.0789792219135954
2022-09-09T00:00:00.0;0.07562359391671278
2022-09-09T01:00:00.0;0.072443357850171
2022-09-09T02:00:00.0;0.06962503506452655
2022-09-09T03:00:00.0;0.0669984413920531
2022-09-09T04:00:00.0;0.06514364667529898
2022-09-09T05:00:00.0;0.06524311971528354
2022-09-09T06:00:00.0;0.06580801613993555
2022-09-09T07:00:00.0;0.06467030713718047
2022-09-09T08:00:00.0;0.06065187036627368
2022-09-09T09:00:00.0;0.055222195513204814
2022-09-09T10:00:00.0;0.05153200342632162
2022-09-09T11:00:00.0;0.04933641521432121
2022-09-09T12:00:00.0;0.04875077444063151
2022-09-09T13:00:00.0;0.04899647938254066
2022-09-09T14:00:00.0;0.052058429295939755
2022-09-09T15:00:00.0;0.05683845347781594
2022-09-09T16:00:00.0;0.06419440549795138
2022-09-09T17:00:00.0;0.07142424754188019
2022-09-09T18:00:00.0;0.07863814247580073
2022-09-09T19:00:00.0;0.08350532947810053
2022-09-09T20:00:00.0;0.0862985550920553
2022-09-09T21:00:00.0;0.08521590928592408
2022-09-09T22:00:00.0;0.08263023649948245
2022-09-09T23:00:00.0;0.07884824745621173
2022-09-10T00:00:00.0;0.07309862346558549
2022-09-10T01:00:00.0;0.07004086473624142
2022-09-10T02:00:00.0;0.06723438254331866
2022-09-10T03:00:00.0;0.06462033796030014
2022-09-10T04:00:00.0;0.06243498981995844
2022-09-10T05:00:00.0;0.06128563466273588
2022-09-10T06:00:00.0;0.060486939626278984
2022-09-10T07:00:00.0;0.058075358246971985
2022-09-10T08:00:00.0;0.053426616156291386
2022-09-10T09:00:00.0;0.04807035819495331
2022-09-10T10:00:00.0;0.04531513802963548
2022-09-10T11:00:00.0;0.04347835045809542
2022-09-10T12:00:00.0;0.04329881995779457
2022-09-10T13:00:00.0;0.044015219362378726
2022-09-10T14:00:00.0;0.048563451191067676
2022-09-10T15:00:00.0;0.05392406914471872
2022-09-10T16:00:00.0;0.06187531494099536
2022-09-10T17:00:00.0;0.06801453959994211
2022-09-10T18:00:00.0;0.07492098443739578
2022-09-10T19:00:00.0;0.07993015482929194
2022-09-10T20:00:00.0;0.08267548029188089
2022-09-10T21:00:00.0;0.0826370141830443
2022-09-10T22:00:00.0;0.08025347731541747
2022-09-10T23:00:00.0;0.07669429056594469
2022-09-11T00:00:00.0;0.07423805053464519
2022-09-11T01:00:00.0;0.07117337167220761
2022-09-11T02:00:00.0;0.06834149517064222
2022-09-11T03:00:00.0;0.06521275748860347
2022-09-11T04:00:00.0;0.06341634453145574
2022-09-11T05:00:00.0;0.0634908644970975
2022-09-11T06:00:00.0;0.06564420438225976
2022-09-11T07:00:00.0;0.06309616962166786
2022-09-11T08:00:00.0;0.05601351798963781
2022-09-11T09:00:00.0;0.049674388473181876
2022-09-11T10:00:00.0;0.04587651204178481
2022-09-11T11:00:00.0;0.04486877310266899
2022-09-11T12:00:00.0;0.04601702508737232
2022-09-11T13:00:00.0;0.048505907905845656
2022-09-11T14:00:00.0;0.052922743706346746
2022-09-11T15:00:00.0;0.05713509457130489
2022-09-11T16:00:00.0;0.06601994819507488
2022-09-11T17:00:00.0;0.07228503524698424
2022-09-11T18:00:00.0;0.07969998486712927
2022-09-11T19:00:00.0;0.0842170781474598
2022-09-11T20:00:00.0;0.08528848564072702
2022-09-11T21:00:00.0;0.0835456038230783
2022-09-11T22:00:00.0;0.08050790436791454
2022-09-11T23:00:00.0;0.07653458944499782
2022-09-12T00:00:00.0;0.07518992304720391
2022-09-12T01:00:00.0;0.07210787929791507
2022-09-12T02:00:00.0;0.06925207196419829
2022-09-12T03:00:00.0;0.06632992284079876
2022-09-12T04:00:00.0;0.0643003751369716
2022-09-12T05:00:00.0;0.06367319543183952
2022-09-12T06:00:00.0;0.06417094667773365
2022-09-12T07:00:00.0;0.06199300923709051
2022-09-12T08:00:00.0;0.057130263374010705
2022-09-12T09:00:00.0;0.051714923059496064
2022-09-12T10:00:00.0;0.04844621170063254
2022-09-12T11:00:00.0;0.04679311332525125
2022-09-12T12:00:00.0;0.047274633373284455
2022-09-12T13:00:00.0;0.04900195996648539
2022-09-12T14:00:00.0;0.05307716109269292
2022-09-12T15:00:00.0;0.05737520849548711
2022-09-12T16:00:00.0;0.0651857399530277
2022-09-12T17:00:00.0;0.07139664970436549
2022-09-12T18:00:00.0;0.07844546132256719
2022-09-12T19:00:00.0;0.08368785857077911
2022-09-12T20:00:00.0;0.08619659993498797
2022-09-12T21:00:00.0;0.08534829153172029
2022-09-12T22:00:00.0;0.08265195769667846
2022-09-12T23:00:00.0;0.0785542276481604
2022-09-13T00:00:00.0;0.07484355087451049
2022-09-13T01:00:00.0;0.07175896116241984
2022-09-13T02:00:00.0;0.06891234814583583
2022-09-13T03:00:00.0;0.06585966275951004
2022-09-13T04:00:00.0;0.06400329359630721
2022-09-13T05:00:00.0;0.0639182007933853
2022-09-13T06:00:00.0;0.0657330241231497
2022-09-13T07:00:00.0;0.06355868063909062
2022-09-13T08:00:00.0;0.05729585971233297
2022-09-13T09:00:00.0;0.05137494340256025
2022-09-13T10:00:00.0;0.04781365321756294
2022-09-13T11:00:00.0;0.04662986374077299
2022-09-13T12:00:00.0;0.047505743514215215
2022-09-13T13:00:00.0;0.04960397279296773
2022-09-13T14:00:00.0;0.053759633102520445
2022-09-13T15:00:00.0;0.057903926131387694
2022-09-13T16:00:00.0;0.06631307954176224
2022-09-13T17:00:00.0;0.07266973371275433
2022-09-13T18:00:00.0;0.07995176299931242
2022-09-13T19:00:00.0;0.08456196775216958
2022-09-13T20:00:00.0;0.08591198690006163
2022-09-13T21:00:00.0;0.08435580261325976
2022-09-13T22:00:00.0;0.08139441292267231
2022-09-13T23:00:00.0;0.07743186543756637
2022-09-14T00:00:00.0;0.07451319509524941
2022-09-14T01:00:00.0;0.07144344031811044
2022-09-14T02:00:00.0;0.0686322894001006
2022-09-14T03:00:00.0;0.06579011449439885
2022-09-14T04:00:00.0;0.06392587079934019
2022-09-14T05:00:00.0;0.06354523564301864
2022-09-14T06:00:00.0;0.06444777350245193
2022-09-14T07:00:00.0;0.06196202823716721
2022-09-14T08:00:00.0;0.056194081827910754
2022-09-14T09:00:00.0;0.050826887266146495
2022-09-14T10:00:00.0;0.04800315320143182
2022-09-14T11:00:00.0;0.046643043238077476
2022-09-14T12:00:00.0;0.047370730273397846
2022-09-14T13:00:00.0;0.048912394215214185
2022-09-14T14:00:00.0;0.05326658671749026
2022-09-14T15:00:00.0;0.05719067628757272
2022-09-14T16:00:00.0;0.06483865272048163
2022-09-14T17:00:00.0;0.07105562721456787
2022-09-14T18:00:00.0;0.07833439215295905
2022-09-14T19:00:00.0;0.08345756760208382
2022-09-14T20:00:00.0;0.08549284483348686
2022-09-14T21:00:00.0;0.08435495145177203
2022-09-14T22:00:00.0;0.08172251224671163
2022-09-14T23:00:00.0;0.07787234456684752
2022-09-15T00:00:00.0;0.07672529396633908
2022-09-15T01:00:00.0;0.0735399813511359
2022-09-15T02:00:00.0;0.07068853599212836
2022-09-15T03:00:00.0;0.06806674103005388
2022-09-15T04:00:00.0;0.06615078804827207
2022-09-15T05:00:00.0;0.0659890105377825
2022-09-15T06:00:00.0;0.0665042090510577
2022-09-15T07:00:00.0;0.06574416944504788
2022-09-15T08:00:00.0;0.062441981356530785
2022-09-15T09:00:00.0;0.0577160641003754
2022-09-15T10:00:00.0;0.05461312363001102
2022-09-15T11:00:00.0;0.052468915362156615
2022-09-15T12:00:00.0;0.05192989316582265
2022-09-15T13:00:00.0;0.05203911589875316
2022-09-15T14:00:00.0;0.05492131608479175
2022-09-15T15:00:00.0;0.05912579277019932
2022-09-15T16:00:00.0;0.06576268799648423
2022-09-15T17:00:00.0;0.07289921074879091
2022-09-15T18:00:00.0;0.0799536526069417
2022-09-15T19:00:00.0;0.08496385049822933
2022-09-15T20:00:00.0;0.08775332496786957
2022-09-15T21:00:00.0;0.08673184613640603
2022-09-15T22:00:00.0;0.08416390647255205
2022-09-15T23:00:00.0;0.08033445025204976
2022-09-16T00:00:00.0;0.0761088502137634
2022-09-16T01:00:00.0;0.07276466125261925
2022-09-16T02:00:00.0;0.0699218126822061
2022-09-16T03:00:00.0;0.06722473430007465
2022-09-16T04:00:00.0;0.0654957675565986
2022-09-16T05:00:00.0;0.06636809354007314
2022-09-16T06:00:00.0;0.06791714192194344
2022-09-16T07:00:00.0;0.06768399017915586
2022-09-16T08:00:00.0;0.06387603889675615
2022-09-16T09:00:00.0;0.058020223501912216
2022-09-16T10:00:00.0;0.05307752676878541
2022-09-16T11:00:00.0;0.05066174620063036
2022-09-16T12:00:00.0;0.049733873332963134
2022-09-16T13:00:00.0;0.04985226711055773
2022-09-16T14:00:00.0;0.05218331822622007
2022-09-16T15:00:00.0;0.05738593343470622
2022-09-16T16:00:00.0;0.06532192446716621
2022-09-16T17:00:00.0;0.07351585630301168
2022-09-16T18:00:00.0;0.08055581574967334
2022-09-16T19:00:00.0;0.08449226674169891
2022-09-16T20:00:00.0;0.08671228669864042
2022-09-16T21:00:00.0;0.08506358063932909
2022-09-16T22:00:00.0;0.08226404103782675
2022-09-16T23:00:00.0;0.07852742692691586
2022-09-17T00:00:00.0;0.06950247754353796
2022-09-17T01:00:00.0;0.06627122384867927
2022-09-17T02:00:00.0;0.06335865613219514
2022-09-17T03:00:00.0;0.06048585793883036
2022-09-17T04:00:00.0;0.057957840067915406
2022-09-17T05:00:00.0;0.05654490583103356
2022-09-17T06:00:00.0;0.056548705658845996
2022-09-17T07:00:00.0;0.0551669773440044
2022-09-17T08:00:00.0;0.05027490860292814
2022-09-17T09:00:00.0;0.04355380927688806
2022-09-17T10:00:00.0;0.038502422067977195
2022-09-17T11:00:00.0;0.03659358181437778
2022-09-17T12:00:00.0;0.035869050648498164
2022-09-17T13:00:00.0;0.03727728544469101
2022-09-17T14:00:00.0;0.04250483525253753
2022-09-17T15:00:00.0;0.05099830641483014
2022-09-17T16:00:00.0;0.0622820226256794
2022-09-17T17:00:00.0;0.06936508679537105
2022-09-17T18:00:00.0;0.0747871619385604
2022-09-17T19:00:00.0;0.07661914691944949
2022-09-17T20:00:00.0;0.07678498005172009
2022-09-17T21:00:00.0;0.07684112842355675
2022-09-17T22:00:00.0;0.07406368975760957
2022-09-17T23:00:00.0;0.07128168894611753
2022-09-18T00:00:00.0;0.07511056899014294
2022-09-18T01:00:00.0;0.07172506561466403
2022-09-18T02:00:00.0;0.0687836230260841
2022-09-18T03:00:00.0;0.0659769424112444
2022-09-18T04:00:00.0;0.06384627710212473
2022-09-18T05:00:00.0;0.06364369834557573
2022-09-18T06:00:00.0;0.06491149202229951
2022-09-18T07:00:00.0;0.06523245487030213
2022-09-18T08:00:00.0;0.06219826302257006
2022-09-18T09:00:00.0;0.05686643972289281
2022-09-18T10:00:00.0;0.0521780281651389
2022-09-18T11:00:00.0;0.049964735418020954
2022-09-18T12:00:00.0;0.04902865071221694
2022-09-18T13:00:00.0;0.04945275240896733
2022-09-18T14:00:00.0;0.05244538144446833
2022-09-18T15:00:00.0;0.058446334867261404
2022-09-18T16:00:00.0;0.06705538581824677
2022-09-18T17:00:00.0;0.07508665089500804
2022-09-18T18:00:00.0;0.0810330796755989
2022-09-18T19:00:00.0;0.08375093740748489
2022-09-18T20:00:00.0;0.08472253419686876
2022-09-18T21:00:00.0;0.08366396489229268
2022-09-18T22:00:00.0;0.08079248406655787
2022-09-18T23:00:00.0;0.0774414890849579
2022-09-19T00:00:00.0;0.0740955220236187
2022-09-19T01:00:00.0;0.0708012133145178
2022-09-19T02:00:00.0;0.06795691355004543
2022-09-19T03:00:00.0;0.06519661079986755
2022-09-19T04:00:00.0;0.0633126108416692
2022-09-19T05:00:00.0;0.063694540740028
2022-09-19T06:00:00.0;0.06494114566219393
2022-09-19T07:00:00.0;0.064126478240495
2022-09-19T08:00:00.0;0.05959457843661599
2022-09-19T09:00:00.0;0.0533119266923115
2022-09-19T10:00:00.0;0.0482843106631039
2022-09-19T11:00:00.0;0.046067721974425914
2022-09-19T12:00:00.0;0.04533906492107459
2022-09-19T13:00:00.0;0.045956419913464254
2022-09-19T14:00:00.0;0.04917816322579224
2022-09-19T15:00:00.0;0.05519559247261193
2022-09-19T16:00:00.0;0.06413804974126808
2022-09-19T17:00:00.0;0.07196522413694795
2022-09-19T18:00:00.0;0.0787222303665126
2022-09-19T19:00:00.0;0.08220994485480304
2022-09-19T20:00:00.0;0.08390005355159658
2022-09-19T21:00:00.0;0.08260410676030408
2022-09-19T22:00:00.0;0.07980686709866412
2022-09-19T23:00:00.0;0.07629192078800907
2022-09-20T00:00:00.0;0.0742049688679479
2022-09-20T01:00:00.0;0.07097278514161033
2022-09-20T02:00:00.0;0.06813564566853275
2022-09-20T03:00:00.0;0.06500350797641911
2022-09-20T04:00:00.0;0.06323620182563215
2022-09-20T05:00:00.0;0.06357911599106557
2022-09-20T06:00:00.0;0.0659864084732902
2022-09-20T07:00:00.0;0.06368707167600146
2022-09-20T08:00:00.0;0.05671195878782032
2022-09-20T09:00:00.0;0.05048663922537835
2022-09-20T10:00:00.0;0.046314404527066304
2022-09-20T11:00:00.0;0.04531945346963497
2022-09-20T12:00:00.0;0.04644737436825405
2022-09-20T13:00:00.0;0.04876191432803852
2022-09-20T14:00:00.0;0.05297884517494863
2022-09-20T15:00:00.0;0.057187328479685454
2022-09-20T16:00:00.0;0.06628413008252823
2022-09-20T17:00:00.0;0.07303263350848338
2022-09-20T18:00:00.0;0.08022109900031645
2022-09-20T19:00:00.0;0.08414356009028857
2022-09-20T20:00:00.0;0.08486291278942705
2022-09-20T21:00:00.0;0.08305929636787734
2022-09-20T22:00:00.0;0.07998994204922906
2022-09-20T23:00:00.0;0.07610560475685421
2022-09-21T00:00:00.0;0.07382152844897136
2022-09-21T01:00:00.0;0.070681522806337
2022-09-21T02:00:00.0;0.06782640389236667
2022-09-21T03:00:00.0;0.06449527857933399
2022-09-21T04:00:00.0;0.06282071337198544
2022-09-21T05:00:00.0;0.0633763419098502
2022-09-21T06:00:00.0;0.06689959709367109
2022-09-21T07:00:00.0;0.06455158453381829
2022-09-21T08:00:00.0;0.056467887648684295
2022-09-21T09:00:00.0;0.049661847486602975
2022-09-21T10:00:00.0;0.045144250601556773
2022-09-21T11:00:00.0;0.04448074581000117
2022-09-21T12:00:00.0;0.04604577496792591
2022-09-21T13:00:00.0;0.0491735338199564
2022-09-21T14:00:00.0;0.053700327817315395
2022-09-21T15:00:00.0;0.05796493044747654
2022-09-21T16:00:00.0;0.06773520588184996
2022-09-21T17:00:00.0;0.07437071540651478
2022-09-21T18:00:00.0;0.08162784503582009
2022-09-21T19:00:00.0;0.08516101213791157
2022-09-21T20:00:00.0;0.08490012747807332
2022-09-21T21:00:00.0;0.08247419466502875
2022-09-21T22:00:00.0;0.07915824387396725
2022-09-21T23:00:00.0;0.07529827371020956
2022-09-22T00:00:00.0;0.07393333779465765
2022-09-22T01:00:00.0;0.07080782905769885
2022-09-22T02:00:00.0;0.06796517499411375
2022-09-22T03:00:00.0;0.06479643757143205
2022-09-22T04:00:00.0;0.06309524761877965
2022-09-22T05:00:00.0;0.06341133863138206
2022-09-22T06:00:00.0;0.06624768298588764
2022-09-22T07:00:00.0;0.06394037755919753
2022-09-22T08:00:00.0;0.056591579965884375
2022-09-22T09:00:00.0;0.05026897921284074
2022-09-22T10:00:00.0;0.04625043289331841
2022-09-22T11:00:00.0;0.04534916019653238
2022-09-22T12:00:00.0;0.046651901379112584
2022-09-22T13:00:00.0;0.04927213644793689
2022-09-22T14:00:00.0;0.05377086978468904
2022-09-22T15:00:00.0;0.05793135099068489
2022-09-22T16:00:00.0;0.06702236905300367
2022-09-22T17:00:00.0;0.0736354181965752
2022-09-22T18:00:00.0;0.08082826317866748
2022-09-22T19:00:00.0;0.0847326382311932
2022-09-22T20:00:00.0;0.0850411364520925
2022-09-22T21:00:00.0;0.08291953489947801
2022-09-22T22:00:00.0;0.07983737359792102
2022-09-22T23:00:00.0;0.07604603723941279
2022-09-23T00:00:00.0;0.07522844372448789
2022-09-23T01:00:00.0;0.07193347346196208
2022-09-23T02:00:00.0;0.06906616637732473
2022-09-23T03:00:00.0;0.06606574386927311
2022-09-23T04:00:00.0;0.06396477030606829
2022-09-23T05:00:00.0;0.06331236173906556
2022-09-23T06:00:00.0;0.0640416911717056
2022-09-23T07:00:00.0;0.061740274342659676
2022-09-23T08:00:00.0;0.056513466580038176
2022-09-23T09:00:00.0;0.05158201204976937
2022-09-23T10:00:00.0;0.04855315352035342
2022-09-23T11:00:00.0;0.047420043195512976
2022-09-23T12:00:00.0;0.04836786144081087
2022-09-23T13:00:00.0;0.05011504934941944
2022-09-23T14:00:00.0;0.05427543774823886
2022-09-23T15:00:00.0;0.05801185934681896
2022-09-23T16:00:00.0;0.06601212550362397
2022-09-23T17:00:00.0;0.07229714890808889
2022-09-23T18:00:00.0;0.07912281889060775
2022-09-23T19:00:00.0;0.08371108095108613
2022-09-23T20:00:00.0;0.08549595084971202
2022-09-23T21:00:00.0;0.08481714154896029
2022-09-23T22:00:00.0;0.08200345874633176
2022-09-23T23:00:00.0;0.07796532562459342
2022-09-24T00:00:00.0;0.07563330514220433
2022-09-24T01:00:00.0;0.0721390260863488
2022-09-24T02:00:00.0;0.06932406103048072
2022-09-24T03:00:00.0;0.0667210290716842
2022-09-24T04:00:00.0;0.06467104898679489
2022-09-24T05:00:00.0;0.06429544220070502
2022-09-24T06:00:00.0;0.06385104162930252
2022-09-24T07:00:00.0;0.062017775159069144
2022-09-24T08:00:00.0;0.058374339407374194
2022-09-24T09:00:00.0;0.05411154448709455
2022-09-24T10:00:00.0;0.05115663008515668
2022-09-24T11:00:00.0;0.04934028853472511
2022-09-24T12:00:00.0;0.04932356898154975
2022-09-24T13:00:00.0;0.0493905312056806
2022-09-24T14:00:00.0;0.05274169418168585
2022-09-24T15:00:00.0;0.056573871882826796
2022-09-24T16:00:00.0;0.0635796325815552
2022-09-24T17:00:00.0;0.07066973396517429
2022-09-24T18:00:00.0;0.07746482950698698
2022-09-24T19:00:00.0;0.08223892217040846
2022-09-24T20:00:00.0;0.08527080564882651
2022-09-24T21:00:00.0;0.08510349126356696
2022-09-24T22:00:00.0;0.08268878747803347
2022-09-24T23:00:00.0;0.07881634031716671
2022-09-25T00:00:00.0;0.07358547443317136
2022-09-25T01:00:00.0;0.07039658611549793
2022-09-25T02:00:00.0;0.06748549990263138
2022-09-25T03:00:00.0;0.06424206245886666
2022-09-25T04:00:00.0;0.06214575547956024
2022-09-25T05:00:00.0;0.06171173977202596
2022-09-25T06:00:00.0;0.06344339676922514
2022-09-25T07:00:00.0;0.06144134183421172
2022-09-25T08:00:00.0;0.055458013819189786
2022-09-25T09:00:00.0;0.04905666760067535
2022-09-25T10:00:00.0;0.044374411662173374
2022-09-25T11:00:00.0;0.04305774093628423
2022-09-25T12:00:00.0;0.04388104606716947
2022-09-25T13:00:00.0;0.04667639717574823
2022-09-25T14:00:00.0;0.051207078306254934
2022-09-25T15:00:00.0;0.05658063160612663
2022-09-25T16:00:00.0;0.06644092571516633
2022-09-25T17:00:00.0;0.07302483410327498
2022-09-25T18:00:00.0;0.07951262179404228
2022-09-25T19:00:00.0;0.08308585195488363
2022-09-25T20:00:00.0;0.08381490076973357
2022-09-25T21:00:00.0;0.08257540772986173
2022-09-25T22:00:00.0;0.07947692602714071
2022-09-25T23:00:00.0;0.07557950951190467
2022-09-26T00:00:00.0;0.07772920844571428
2022-09-26T01:00:00.0;0.07429815954229477
2022-09-26T02:00:00.0;0.07138317552174042
2022-09-26T03:00:00.0;0.06864503704899291
2022-09-26T04:00:00.0;0.06682734577582522
2022-09-26T05:00:00.0;0.06752085066699222
2022-09-26T06:00:00.0;0.06940051308639582
2022-09-26T07:00:00.0;0.07018647386531908
2022-09-26T08:00:00.0;0.06759453462778352
2022-09-26T09:00:00.0;0.06261444288910373
2022-09-26T10:00:00.0;0.057972731745590714
2022-09-26T11:00:00.0;0.05556017982383723
2022-09-26T12:00:00.0;0.05454297401508325
2022-09-26T13:00:00.0;0.05445728814801607
2022-09-26T14:00:00.0;0.05630479258779547
2022-09-26T15:00:00.0;0.06100533700304389
2022-09-26T16:00:00.0;0.06828964809594337
2022-09-26T17:00:00.0;0.07676130924056634
2022-09-26T18:00:00.0;0.08333769009645935
2022-09-26T19:00:00.0;0.08687768286975421
2022-09-26T20:00:00.0;0.08865098483629798
2022-09-26T21:00:00.0;0.08692108749481249
2022-09-26T22:00:00.0;0.08403984027430277
2022-09-26T23:00:00.0;0.08031368038796179
2022-09-27T00:00:00.0;0.07471697746146624
2022-09-27T01:00:00.0;0.07141457869679277
2022-09-27T02:00:00.0;0.0685343590110192
2022-09-27T03:00:00.0;0.06560085202200502
2022-09-27T04:00:00.0;0.06375967393016488
2022-09-27T05:00:00.0;0.06418217976610155
2022-09-27T06:00:00.0;0.06636438320802143
2022-09-27T07:00:00.0;0.06567652346912546
2022-09-27T08:00:00.0;0.060657906774363925
2022-09-27T09:00:00.0;0.05462848149740308
2022-09-27T10:00:00.0;0.04984790940308374
2022-09-27T11:00:00.0;0.048083915111707926
2022-09-27T12:00:00.0;0.04794296094287068
2022-09-27T13:00:00.0;0.049122979234892256
2022-09-27T14:00:00.0;0.05246488154904545
2022-09-27T15:00:00.0;0.05776836537696108
2022-09-27T16:00:00.0;0.06666462811576294
2022-09-27T17:00:00.0;0.07437923419609892
2022-09-27T18:00:00.0;0.081044104836114
2022-09-27T19:00:00.0;0.08422641961008848
2022-09-27T20:00:00.0;0.08500863717433209
2022-09-27T21:00:00.0;0.08327348901246373
2022-09-27T22:00:00.0;0.08028331740297504
2022-09-27T23:00:00.0;0.07673207092783725
2022-09-28T00:00:00.0;0.07344727801410682
2022-09-28T01:00:00.0;0.07027505828853746
2022-09-28T02:00:00.0;0.06742250687672653
2022-09-28T03:00:00.0;0.06405612900050633
2022-09-28T04:00:00.0;0.06250847035569829
2022-09-28T05:00:00.0;0.06337207639588356
2022-09-28T06:00:00.0;0.06766779864309651
2022-09-28T07:00:00.0;0.06543564320531697
2022-09-28T08:00:00.0;0.05676155712392818
2022-09-28T09:00:00.0;0.049867065257338986
2022-09-28T10:00:00.0;0.04522292277915159
2022-09-28T11:00:00.0;0.04475828797392192
2022-09-28T12:00:00.0;0.04652931211095755
2022-09-28T13:00:00.0;0.04977806259648929
2022-09-28T14:00:00.0;0.054415673531085104
2022-09-28T15:00:00.0;0.058563314709063445
2022-09-28T16:00:00.0;0.06854615468213486
2022-09-28T17:00:00.0;0.07543827313264528
2022-09-28T18:00:00.0;0.08264189336840386
2022-09-28T19:00:00.0;0.08564599110273091
2022-09-28T20:00:00.0;0.08459328014090177
2022-09-28T21:00:00.0;0.08172402176967823
2022-09-28T22:00:00.0;0.07834058392355428
2022-09-28T23:00:00.0;0.07466857533051723
2022-09-29T00:00:00.0;0.07348921380293312
2022-09-29T01:00:00.0;0.07032573403427685
2022-09-29T02:00:00.0;0.06747628702043498
2022-09-29T03:00:00.0;0.06413506362153848
2022-09-29T04:00:00.0;0.06257570516375888
2022-09-29T05:00:00.0;0.06338682137987627
2022-09-29T06:00:00.0;0.06752967833829811
2022-09-29T07:00:00.0;0.06527530296030905
2022-09-29T08:00:00.0;0.056712076105589176
2022-09-29T09:00:00.0;0.04987538373658262
2022-09-29T10:00:00.0;0.045320655780633934
2022-09-29T11:00:00.0;0.04481776403386391
2022-09-29T12:00:00.0;0.04654133534631982
2022-09-29T13:00:00.0;0.04971099729324674
2022-09-29T14:00:00.0;0.054337929246183504
2022-09-29T15:00:00.0;0.058474967408859595
2022-09-29T16:00:00.0;0.0683496609481475
2022-09-29T17:00:00.0;0.07520200073538937
2022-09-29T18:00:00.0;0.0824243881463238
2022-09-29T19:00:00.0;0.08553911878754666
2022-09-29T20:00:00.0;0.08463375242810812
2022-09-29T21:00:00.0;0.08183881812396478
2022-09-29T22:00:00.0;0.07848934382869241
2022-09-29T23:00:00.0;0.07480873046140087
2022-09-30T00:00:00.0;0.07612888994796461
2022-09-30T01:00:00.0;0.07288795681957079
2022-09-30T02:00:00.0;0.06994923103692698
2022-09-30T03:00:00.0;0.06707137748205833
2022-09-30T04:00:00.0;0.06479629215758706
2022-09-30T05:00:00.0;0.063614347771481
2022-09-30T06:00:00.0;0.06318584924429914
2022-09-30T07:00:00.0;0.06193721351098297
2022-09-30T08:00:00.0;0.05958105805126038
2022-09-30T09:00:00.0;0.05508066032727257
2022-09-30T10:00:00.0;0.05154228525549751
2022-09-30T11:00:00.0;0.04921595971824543
2022-09-30T12:00:00.0;0.04916196424035072
2022-09-30T13:00:00.0;0.0506035560670094
2022-09-30T14:00:00.0;0.05429494283842508
2022-09-30T15:00:00.0;0.05890515352999828
2022-09-30T16:00:00.0;0.06624666974334055
2022-09-30T17:00:00.0;0.07294918257852036
2022-09-30T18:00:00.0;0.07901303318609465
2022-09-30T19:00:00.0;0.08401420044264
2022-09-30T20:00:00.0;0.08708264636949613
2022-09-30T21:00:00.0;0.08683022981812699
2022-09-30T22:00:00.0;0.08433329889748446
2022-09-30T23:00:00.0;0.08016937278032579
2022-10-01T00:00:00.0;0.07139456256224115
2022-10-01T01:00:00.0;0.06812618012174919
2022-10-01T02:00:00.0;0.06522636449549869
2022-10-01T03:00:00.0;0.06239708778201389
2022-10-01T04:00:00.0;0.060074898663578354
2022-10-01T05:00:00.0;0.05925668672991513
2022-10-01T06:00:00.0;0.059699137354628194
2022-10-01T07:00:00.0;0.05870599165931107
2022-10-01T08:00:00.0;0.05420124416646585
2022-10-01T09:00:00.0;0.047781615551147384
2022-10-01T10:00:00.0;0.042783539974606453
2022-10-01T11:00:00.0;0.04073982568101786
2022-10-01T12:00:00.0;0.0399538661510473
2022-10-01T13:00:00.0;0.04100176585478184
2022-10-01T14:00:00.0;0.045418095740109354
2022-10-01T15:00:00.0;0.052993725260499974
2022-10-01T16:00:00.0;0.063332342646699
2022-10-01T17:00:00.0;0.07073398835882651
2022-10-01T18:00:00.0;0.07654985757974149
2022-10-01T19:00:00.0;0.0789107721774475
2022-10-01T20:00:00.0;0.07958806794362125
2022-10-01T21:00:00.0;0.07918318795120857
2022-10-01T22:00:00.0;0.07639325087508425
2022-10-01T23:00:00.0;0.07335762407546048
2022-10-02T00:00:00.0;0.07107783556660342
2022-10-02T01:00:00.0;0.06781341810490929
2022-10-02T02:00:00.0;0.06494285175224111
2022-10-02T03:00:00.0;0.06205922827132997
2022-10-02T04:00:00.0;0.059920106888930055
2022-10-02T05:00:00.0;0.05944722517647311
2022-10-02T06:00:00.0;0.060291538839012206
2022-10-02T07:00:00.0;0.05874826948865261
2022-10-02T08:00:00.0;0.05347142075577946
2022-10-02T09:00:00.0;0.04682061752890772
2022-10-02T10:00:00.0;0.041648149726712595
2022-10-02T11:00:00.0;0.03969300276635631
2022-10-02T12:00:00.0;0.03936351073093304
2022-10-02T13:00:00.0;0.040882219057118994
2022-10-02T14:00:00.0;0.04554946322964538
2022-10-02T15:00:00.0;0.052707595868457434
2022-10-02T16:00:00.0;0.06310943988463034
2022-10-02T17:00:00.0;0.07050565953142528
2022-10-02T18:00:00.0;0.07650826061779152
2022-10-02T19:00:00.0;0.07910209409797465
2022-10-02T20:00:00.0;0.07978595702548677
2022-10-02T21:00:00.0;0.07901568264364035
2022-10-02T22:00:00.0;0.07626375389771417
2022-10-02T23:00:00.0;0.07311797574076914
2022-10-03T00:00:00.0;0.07379319134127542
2022-10-03T01:00:00.0;0.0705466627354024
2022-10-03T02:00:00.0;0.06767276818720908
2022-10-03T03:00:00.0;0.06434842484553714
2022-10-03T04:00:00.0;0.06267998159109553
2022-10-03T05:00:00.0;0.06324785820023343
2022-10-03T06:00:00.0;0.06696309681689541
2022-10-03T07:00:00.0;0.06490348936323238
2022-10-03T08:00:00.0;0.05713344936741582
2022-10-03T09:00:00.0;0.05070942675895273
2022-10-03T10:00:00.0;0.04618801425658115
2022-10-03T11:00:00.0;0.045543234980164125
2022-10-03T12:00:00.0;0.04716173182423531
2022-10-03T13:00:00.0;0.050202387685091436
2022-10-03T14:00:00.0;0.0547377918446527
2022-10-03T15:00:00.0;0.058865259846396706
2022-10-03T16:00:00.0;0.06856176787521548
2022-10-03T17:00:00.0;0.07551792764764172
2022-10-03T18:00:00.0;0.0824121209702931
2022-10-03T19:00:00.0;0.08545241657057373
2022-10-03T20:00:00.0;0.0847539999526924
2022-10-03T21:00:00.0;0.08227643663487078
2022-10-03T22:00:00.0;0.0789981553771038
2022-10-03T23:00:00.0;0.07528405451920349
2022-10-04T00:00:00.0;0.07736127332357631
2022-10-04T01:00:00.0;0.07401924323822094
2022-10-04T02:00:00.0;0.07100528134064588
2022-10-04T03:00:00.0;0.06784952746342468
2022-10-04T04:00:00.0;0.06552684478350473
2022-10-04T05:00:00.0;0.0646961961937944
2022-10-04T06:00:00.0;0.06559351692972247
2022-10-04T07:00:00.0;0.06527172354557394
2022-10-04T08:00:00.0;0.06279654611744269
2022-10-04T09:00:00.0;0.05800404139360447
2022-10-04T10:00:00.0;0.053653684087269504
2022-10-04T11:00:00.0;0.0516221693350247
2022-10-04T12:00:00.0;0.05166461620236964
2022-10-04T13:00:00.0;0.05355718052616963
2022-10-04T14:00:00.0;0.05665501044074828
2022-10-04T15:00:00.0;0.06132366804276303
2022-10-04T16:00:00.0;0.06939920434945639
2022-10-04T17:00:00.0;0.07646991786792406
2022-10-04T18:00:00.0;0.08236261320702247
2022-10-04T19:00:00.0;0.08638911221615185
2022-10-04T20:00:00.0;0.0883051938547515
2022-10-04T21:00:00.0;0.08753606072461059
2022-10-04T22:00:00.0;0.08453896412555406
2022-10-04T23:00:00.0;0.08026063192141242
2022-10-05T00:00:00.0;0.07639613895805976
2022-10-05T01:00:00.0;0.07296104798136743
2022-10-05T02:00:00.0;0.06999152480203907
2022-10-05T03:00:00.0;0.06717976005883251
2022-10-05T04:00:00.0;0.06507170823163921
2022-10-05T05:00:00.0;0.06496877342023971
2022-10-05T06:00:00.0;0.06651468005090654
2022-10-05T07:00:00.0;0.06740330595326706
2022-10-05T08:00:00.0;0.06502350849834491
2022-10-05T09:00:00.0;0.060169728154038676
2022-10-05T10:00:00.0;0.05563049979827238
2022-10-05T11:00:00.0;0.05337809620374116
2022-10-05T12:00:00.0;0.05238402605293559
2022-10-05T13:00:00.0;0.05260953440983856
2022-10-05T14:00:00.0;0.05514440794161785
2022-10-05T15:00:00.0;0.06064736318666667
2022-10-05T16:00:00.0;0.06868403454112743
2022-10-05T17:00:00.0;0.07693392645307648
2022-10-05T18:00:00.0;0.08279362618090265
2022-10-05T19:00:00.0;0.08549506747010913
2022-10-05T20:00:00.0;0.08642276228254156
2022-10-05T21:00:00.0;0.08518970128844308
2022-10-05T22:00:00.0;0.08227831547125028
2022-10-05T23:00:00.0;0.0788557129149934
2022-10-06T00:00:00.0;0.07337260531149153
2022-10-06T01:00:00.0;0.0700105911871298
2022-10-06T02:00:00.0;0.06710476117436236
2022-10-06T03:00:00.0;0.06431217473119187
2022-10-06T04:00:00.0;0.06220360243226719
2022-10-06T05:00:00.0;0.06193267460164533
2022-10-06T06:00:00.0;0.062815033502351
2022-10-06T07:00:00.0;0.06235155006196849
2022-10-06T08:00:00.0;0.05868865998188331
2022-10-06T09:00:00.0;0.05286768047411297
2022-10-06T10:00:00.0;0.047850650622494544
2022-10-06T11:00:00.0;0.04554783362348499
2022-10-06T12:00:00.0;0.04476521501438226
2022-10-06T13:00:00.0;0.045552199101460744
2022-10-06T14:00:00.0;0.0492024454338038
2022-10-06T15:00:00.0;0.055730982728488435
2022-10-06T16:00:00.0;0.06497037835924094
2022-10-06T17:00:00.0;0.07288762238866493
2022-10-06T18:00:00.0;0.07877921107522652
2022-10-06T19:00:00.0;0.0815365557974439
2022-10-06T20:00:00.0;0.08267644079941074
2022-10-06T21:00:00.0;0.08178797729103295
2022-10-06T22:00:00.0;0.07906932331536008
2022-10-06T23:00:00.0;0.07579006131023264
2022-10-07T00:00:00.0;0.07451240445655838
2022-10-07T01:00:00.0;0.0711393854690613
2022-10-07T02:00:00.0;0.06819503741814699
2022-10-07T03:00:00.0;0.06537565983916001
2022-10-07T04:00:00.0;0.0631835162511804
2022-10-07T05:00:00.0;0.06280225074059255
2022-10-07T06:00:00.0;0.06393197979437229
2022-10-07T07:00:00.0;0.06412079136063664
2022-10-07T08:00:00.0;0.06095216299964621
2022-10-07T09:00:00.0;0.0555166605589794
2022-10-07T10:00:00.0;0.050807933541042016
2022-10-07T11:00:00.0;0.04863567026915567
2022-10-07T12:00:00.0;0.04771950345027711
2022-10-07T13:00:00.0;0.04825610483616804
2022-10-07T14:00:00.0;0.05150233042128863
2022-10-07T15:00:00.0;0.057789601079514384
2022-10-07T16:00:00.0;0.06669529815084611
2022-10-07T17:00:00.0;0.07462578029892997
2022-10-07T18:00:00.0;0.08045857152289461
2022-10-07T19:00:00.0;0.08302072887021338
2022-10-07T20:00:00.0;0.08384262587171043
2022-10-07T21:00:00.0;0.08292555442731615
2022-10-07T22:00:00.0;0.08005898745376487
2022-10-07T23:00:00.0;0.07678508756927768
2022-10-08T00:00:00.0;0.0698497138897711
2022-10-08T01:00:00.0;0.06661746842726968
2022-10-08T02:00:00.0;0.06369916282975811
2022-10-08T03:00:00.0;0.06070359786821846
2022-10-08T04:00:00.0;0.05827469819357349
2022-10-08T05:00:00.0;0.057043947181716285
2022-10-08T06:00:00.0;0.0577678429220965
2022-10-08T07:00:00.0;0.056217655876774034
2022-10-08T08:00:00.0;0.05065521771516293
2022-10-08T09:00:00.0;0.04398760036706963
2022-10-08T10:00:00.0;0.03907202531572505
2022-10-08T11:00:00.0;0.03751169920638231
2022-10-08T12:00:00.0;0.037325133451906856
2022-10-08T13:00:00.0;0.03921236672824338
2022-10-08T14:00:00.0;0.04456654378230697
2022-10-08T15:00:00.0;0.0524073011272185
2022-10-08T16:00:00.0;0.06365639624495362
2022-10-08T17:00:00.0;0.07062956137873888
2022-10-08T18:00:00.0;0.07615079084646646
2022-10-08T19:00:00.0;0.0779451103275484
2022-10-08T20:00:00.0;0.07760175200309918
2022-10-08T21:00:00.0;0.07725770537580195
2022-10-08T22:00:00.0;0.07436114795616323
2022-10-08T23:00:00.0;0.07149526814536299
2022-10-09T00:00:00.0;0.07516863427855605
2022-10-09T01:00:00.0;0.07183836542383362
2022-10-09T02:00:00.0;0.06886828642778783
2022-10-09T03:00:00.0;0.06567146673115781
2022-10-09T04:00:00.0;0.06347564087945437
2022-10-09T05:00:00.0;0.06273508454556075
2022-10-09T06:00:00.0;0.06363578201844249
2022-10-09T07:00:00.0;0.062234922021902284
2022-10-09T08:00:00.0;0.058595783855022524
2022-10-09T09:00:00.0;0.0532272800011904
2022-10-09T10:00:00.0;0.04844191960210156
2022-10-09T11:00:00.0;0.046438787566125454
2022-10-09T12:00:00.0;0.04700044696576359
2022-10-09T13:00:00.0;0.049649754804334784
2022-10-09T14:00:00.0;0.05370672342239095
2022-10-09T15:00:00.0;0.05868102881830644
2022-10-09T16:00:00.0;0.06754232703020048
2022-10-09T17:00:00.0;0.07453732880455786
2022-10-09T18:00:00.0;0.08033169237379251
2022-10-09T19:00:00.0;0.08429299768468317
2022-10-09T20:00:00.0;0.08606211405498514
2022-10-09T21:00:00.0;0.08519574939484563
2022-10-09T22:00:00.0;0.0823692488684485
2022-10-09T23:00:00.0;0.07818094032693429
2022-10-10T00:00:00.0;0.0774529241615506
2022-10-10T01:00:00.0;0.07406176708146348
2022-10-10T02:00:00.0;0.07102766551137935
2022-10-10T03:00:00.0;0.06790189521846939
2022-10-10T04:00:00.0;0.06552057874232256
2022-10-10T05:00:00.0;0.06451773127362077
2022-10-10T06:00:00.0;0.06509708540913833
2022-10-10T07:00:00.0;0.06498913057259846
2022-10-10T08:00:00.0;0.06324797325900937
2022-10-10T09:00:00.0;0.05875150485203414
2022-10-10T10:00:00.0;0.05433964459972778
2022-10-10T11:00:00.0;0.05208490237800799
2022-10-10T12:00:00.0;0.051985342406677876
2022-10-10T13:00:00.0;0.05379208756727645
2022-10-10T14:00:00.0;0.05685661622735655
2022-10-10T15:00:00.0;0.061623549725915876
2022-10-10T16:00:00.0;0.0695425341089018
2022-10-10T17:00:00.0;0.07677838765969225
2022-10-10T18:00:00.0;0.08234306753841857
2022-10-10T19:00:00.0;0.0862959634151202
2022-10-10T20:00:00.0;0.0883859483180938
2022-10-10T21:00:00.0;0.08779875269420447
2022-10-10T22:00:00.0;0.08490486509793811
2022-10-10T23:00:00.0;0.08063903737575398
2022-10-11T00:00:00.0;0.07307015111371114
2022-10-11T01:00:00.0;0.06989329992152388
2022-10-11T02:00:00.0;0.06703240820840722
2022-10-11T03:00:00.0;0.06369600916365972
2022-10-11T04:00:00.0;0.06205697339941015
2022-10-11T05:00:00.0;0.06269957420784682
2022-10-11T06:00:00.0;0.06666404756435071
2022-10-11T07:00:00.0;0.06450153776700693
2022-10-11T08:00:00.0;0.056115306714791514
2022-10-11T09:00:00.0;0.04924348650693288
2022-10-11T10:00:00.0;0.04457796738629195
2022-10-11T11:00:00.0;0.044021464572769384
2022-10-11T12:00:00.0;0.04561525802684282
2022-10-11T13:00:00.0;0.04875442480991625
2022-10-11T14:00:00.0;0.05348347257920293
2022-10-11T15:00:00.0;0.05799994897228826
2022-10-11T16:00:00.0;0.06812965595120905
2022-10-11T17:00:00.0;0.075019743604879
2022-10-11T18:00:00.0;0.08204324037620184
2022-10-11T19:00:00.0;0.0849021359905173
2022-10-11T20:00:00.0;0.08387492706849442
2022-10-11T21:00:00.0;0.08125113768780687
2022-10-11T22:00:00.0;0.07790883118460541
2022-10-11T23:00:00.0;0.0743225837419761
2022-10-12T00:00:00.0;0.07364564198684012
2022-10-12T01:00:00.0;0.07036671028686768
2022-10-12T02:00:00.0;0.06747299607083182
2022-10-12T03:00:00.0;0.0641669081904962
2022-10-12T04:00:00.0;0.06252853366624526
2022-10-12T05:00:00.0;0.06311481872563679
2022-10-12T06:00:00.0;0.0669497102860086
2022-10-12T07:00:00.0;0.06523225680748396
2022-10-12T08:00:00.0;0.05795998804950938
2022-10-12T09:00:00.0;0.05168541516192604
2022-10-12T10:00:00.0;0.04693022291267435
2022-10-12T11:00:00.0;0.04606018280654081
2022-10-12T12:00:00.0;0.0475640972386498
2022-10-12T13:00:00.0;0.050611435673491044
2022-10-12T14:00:00.0;0.05516262751309977
2022-10-12T15:00:00.0;0.05945480710965218
2022-10-12T16:00:00.0;0.06910982038278735
2022-10-12T17:00:00.0;0.07640359107132201
2022-10-12T18:00:00.0;0.08293931477885684
2022-10-12T19:00:00.0;0.08567525623275744
2022-10-12T20:00:00.0;0.08479192710654758
2022-10-12T21:00:00.0;0.08218654205046443
2022-10-12T22:00:00.0;0.07899380031255002
2022-10-12T23:00:00.0;0.07539604339643592
2022-10-13T00:00:00.0;0.07450386090303508
2022-10-13T01:00:00.0;0.07099504595822004
2022-10-13T02:00:00.0;0.0680584849149735
2022-10-13T03:00:00.0;0.06492139406151436
2022-10-13T04:00:00.0;0.06265092591963832
2022-10-13T05:00:00.0;0.0618433056606169
2022-10-13T06:00:00.0;0.06305972557318751
2022-10-13T07:00:00.0;0.06141246051543626
2022-10-13T08:00:00.0;0.056465384066618496
2022-10-13T09:00:00.0;0.05166618377332484
2022-10-13T10:00:00.0;0.048004936255947886
2022-10-13T11:00:00.0;0.04703905458013595
2022-10-13T12:00:00.0;0.04801191740952778
2022-10-13T13:00:00.0;0.04996784082884923
2022-10-13T14:00:00.0;0.05426924452947181
2022-10-13T15:00:00.0;0.0586227526791666
2022-10-13T16:00:00.0;0.06760979978112157
2022-10-13T17:00:00.0;0.07443707099730924
2022-10-13T18:00:00.0;0.08038393851427185
2022-10-13T19:00:00.0;0.08338655780758247
2022-10-13T20:00:00.0;0.08379077934488387
2022-10-13T21:00:00.0;0.08318749101169552
2022-10-13T22:00:00.0;0.080195446353866
2022-10-13T23:00:00.0;0.07646571483455122
2022-10-14T00:00:00.0;0.07509098202228921
2022-10-14T01:00:00.0;0.07154186290655543
2022-10-14T02:00:00.0;0.06862678676484028
2022-10-14T03:00:00.0;0.06543646769185951
2022-10-14T04:00:00.0;0.06336169593794568
2022-10-14T05:00:00.0;0.06300690720394153
2022-10-14T06:00:00.0;0.06492829928557874
2022-10-14T07:00:00.0;0.06304526430368981
2022-10-14T08:00:00.0;0.057390646891014245
2022-10-14T09:00:00.0;0.05270317990298872
2022-10-14T10:00:00.0;0.04920247350450559
2022-10-14T11:00:00.0;0.048531367907127025
2022-10-14T12:00:00.0;0.0499957015059263
2022-10-14T13:00:00.0;0.05214853383064869
2022-10-14T14:00:00.0;0.05636627795240924
2022-10-14T15:00:00.0;0.05980593146506471
2022-10-14T16:00:00.0;0.06847759047832605
2022-10-14T17:00:00.0;0.0753498687675515
2022-10-14T18:00:00.0;0.08159289609425709
2022-10-14T19:00:00.0;0.08474405448709343
2022-10-14T20:00:00.0;0.08492240015692018
2022-10-14T21:00:00.0;0.08384378952706387
2022-10-14T22:00:00.0;0.08079276413141956
2022-10-14T23:00:00.0;0.07694883961948405
2022-10-15T00:00:00.0;0.07804506519626989
2022-10-15T01:00:00.0;0.07460300655563441
2022-10-15T02:00:00.0;0.07154066580642002
2022-10-15T03:00:00.0;0.06845076677043545
2022-10-15T04:00:00.0;0.06600528001793023
2022-10-15T05:00:00.0;0.06487205084045453
2022-10-15T06:00:00.0;0.06527940169821135
2022-10-15T07:00:00.0;0.0656593943706612
2022-10-15T08:00:00.0;0.06478735921231628
2022-10-15T09:00:00.0;0.06069925684691475
2022-10-15T10:00:00.0;0.05634057706471174
2022-10-15T11:00:00.0;0.05390896837791698
2022-10-15T12:00:00.0;0.05357636651548885
2022-10-15T13:00:00.0;0.05511623770003915
2022-10-15T14:00:00.0;0.05791958786606559
2022-10-15T15:00:00.0;0.06267066664668165
2022-10-15T16:00:00.0;0.07026339554681328
2022-10-15T17:00:00.0;0.07770494724236476
2022-10-15T18:00:00.0;0.08299762765377929
2022-10-15T19:00:00.0;0.08682692986959903
2022-10-15T20:00:00.0;0.08899363021710249
2022-10-15T21:00:00.0;0.08852681660069137
2022-10-15T22:00:00.0;0.08567458169468255
2022-10-15T23:00:00.0;0.08142922742704092
2022-10-16T00:00:00.0;0.06818344278848187
2022-10-16T01:00:00.0;0.06494657830512927
2022-10-16T02:00:00.0;0.061977615224568815
2022-10-16T03:00:00.0;0.05902967376580769
2022-10-16T04:00:00.0;0.05620659801437647
2022-10-16T05:00:00.0;0.053985472833571656
2022-10-16T06:00:00.0;0.0536577126998299
2022-10-16T07:00:00.0;0.05239765226522381
2022-10-16T08:00:00.0;0.04774136878780297
2022-10-16T09:00:00.0;0.0411633217988506
2022-10-16T10:00:00.0;0.036220809929791306
2022-10-16T11:00:00.0;0.03447390632418481
2022-10-16T12:00:00.0;0.03377119254684955
2022-10-16T13:00:00.0;0.03549040336668975
2022-10-16T14:00:00.0;0.0414042648972004
2022-10-16T15:00:00.0;0.050700008201264454
2022-10-16T16:00:00.0;0.06273277809994157
2022-10-16T17:00:00.0;0.06959655123768385
2022-10-16T18:00:00.0;0.07428605689804711
2022-10-16T19:00:00.0;0.07526346273277612
2022-10-16T20:00:00.0;0.07456670234174066
2022-10-16T21:00:00.0;0.07512363371679691
2022-10-16T22:00:00.0;0.07231429602509194
2022-10-16T23:00:00.0;0.0698393183625792
2022-10-17T00:00:00.0;0.07461605331973191
2022-10-17T01:00:00.0;0.07121297464000491
2022-10-17T02:00:00.0;0.06818697446699701
2022-10-17T03:00:00.0;0.06516435224855474
2022-10-17T04:00:00.0;0.06262449317266604
2022-10-17T05:00:00.0;0.0612912575428565
2022-10-17T06:00:00.0;0.062107443455542546
2022-10-17T07:00:00.0;0.062258065491637544
2022-10-17T08:00:00.0;0.05948707889829
2022-10-17T09:00:00.0;0.054641099980332626
2022-10-17T10:00:00.0;0.05042719280401794
2022-10-17T11:00:00.0;0.048652034558646744
2022-10-17T12:00:00.0;0.04821514811779271
2022-10-17T13:00:00.0;0.04944583332154409
2022-10-17T14:00:00.0;0.05322346961708366
2022-10-17T15:00:00.0;0.05938497052159432
2022-10-17T16:00:00.0;0.06856271014279615
2022-10-17T17:00:00.0;0.07591706185502102
2022-10-17T18:00:00.0;0.08111261809756155
2022-10-17T19:00:00.0;0.08332604467650023
2022-10-17T20:00:00.0;0.08355565307528443
2022-10-17T21:00:00.0;0.08319855970270165
2022-10-17T22:00:00.0;0.08020291254182768
2022-10-17T23:00:00.0;0.0768582743934083
2022-10-18T00:00:00.0;0.07367526144216965
2022-10-18T01:00:00.0;0.07037121555524065
2022-10-18T02:00:00.0;0.0674684899819171
2022-10-18T03:00:00.0;0.06417563163612915
2022-10-18T04:00:00.0;0.06252204944584074
2022-10-18T05:00:00.0;0.06305733408963757
2022-10-18T06:00:00.0;0.06681619550331935
2022-10-18T07:00:00.0;0.06521905027086282
2022-10-18T08:00:00.0;0.058241325130165826
2022-10-18T09:00:00.0;0.05210538151784069
2022-10-18T10:00:00.0;0.04732377620788224
2022-10-18T11:00:00.0;0.046369539022250814
2022-10-18T12:00:00.0;0.047820317719677166
2022-10-18T13:00:00.0;0.05082385439607474
2022-10-18T14:00:00.0;0.05536011870013544
2022-10-18T15:00:00.0;0.05967899205613349
2022-10-18T16:00:00.0;0.06926445535806063
2022-10-18T17:00:00.0;0.0766586342715398
2022-10-18T18:00:00.0;0.08304219262159702
2022-10-18T19:00:00.0;0.08569883501038203
2022-10-18T20:00:00.0;0.08482463674253109
2022-10-18T21:00:00.0;0.08226208286801898
2022-10-18T22:00:00.0;0.07911093931511716
2022-10-18T23:00:00.0;0.07553814345857246
2022-10-19T00:00:00.0;0.07609626319618223
2022-10-19T01:00:00.0;0.07265599020411088
2022-10-19T02:00:00.0;0.06962267181955917
2022-10-19T03:00:00.0;0.0665139274995036
2022-10-19T04:00:00.0;0.06407602465946576
2022-10-19T05:00:00.0;0.06274015165391895
2022-10-19T06:00:00.0;0.06249320537095857
2022-10-19T07:00:00.0;0.06181211739204291
2022-10-19T08:00:00.0;0.060530113193930764
2022-10-19T09:00:00.0;0.05603851471950501
2022-10-19T10:00:00.0;0.05121970749680583
2022-10-19T11:00:00.0;0.04856604362817095
2022-10-19T12:00:00.0;0.048565836729749526
2022-10-19T13:00:00.0;0.050808466107183724
2022-10-19T14:00:00.0;0.054503122813212804
2022-10-19T15:00:00.0;0.059726059019274205
2022-10-19T16:00:00.0;0.06796380897409053
2022-10-19T17:00:00.0;0.07525469864178871
2022-10-19T18:00:00.0;0.08028407880970671
2022-10-19T19:00:00.0;0.0843246970448925
2022-10-19T20:00:00.0;0.08693504674861549
2022-10-19T21:00:00.0;0.08675662493365
2022-10-19T22:00:00.0;0.08416336050574355
2022-10-19T23:00:00.0;0.07987795065704953
2022-10-20T00:00:00.0;0.07538857116835274
2022-10-20T01:00:00.0;0.07197689477808596
2022-10-20T02:00:00.0;0.06891853359838894
2022-10-20T03:00:00.0;0.06591880924470322
2022-10-20T04:00:00.0;0.06333729026033943
2022-10-20T05:00:00.0;0.061932355555706045
2022-10-20T06:00:00.0;0.06265134648764921
2022-10-20T07:00:00.0;0.06338602037126256
2022-10-20T08:00:00.0;0.061574271760129466
2022-10-20T09:00:00.0;0.05699352643359793
2022-10-20T10:00:00.0;0.05267972625401549
2022-10-20T11:00:00.0;0.050614839377114265
2022-10-20T12:00:00.0;0.04986401265249202
2022-10-20T13:00:00.0;0.05090153894452813
2022-10-20T14:00:00.0;0.05432814672086779
2022-10-20T15:00:00.0;0.06056634673103339
2022-10-20T16:00:00.0;0.06940993958391017
2022-10-20T17:00:00.0;0.07698562940077439
2022-10-20T18:00:00.0;0.0819590282627464
2022-10-20T19:00:00.0;0.08417106791595842
2022-10-20T20:00:00.0;0.08459874931471931
2022-10-20T21:00:00.0;0.0842538450111454
2022-10-20T22:00:00.0;0.08128513010510402
2022-10-20T23:00:00.0;0.07790439616284622
2022-10-21T00:00:00.0;0.07612684753296345
2022-10-21T01:00:00.0;0.07258431502064738
2022-10-21T02:00:00.0;0.06955975853141357
2022-10-21T03:00:00.0;0.0664773630199953
2022-10-21T04:00:00.0;0.0639531300012269
2022-10-21T05:00:00.0;0.062417055541381355
2022-10-21T06:00:00.0;0.0617625142038183
2022-10-21T07:00:00.0;0.06078627353836004
2022-10-21T08:00:00.0;0.059496114854442186
2022-10-21T09:00:00.0;0.055441835935996706
2022-10-21T10:00:00.0;0.05107365042920004
2022-10-21T11:00:00.0;0.048656991097369436
2022-10-21T12:00:00.0;0.04885181042999418
2022-10-21T13:00:00.0;0.05090481023643933
2022-10-21T14:00:00.0;0.05468743853076764
2022-10-21T15:00:00.0;0.05951966972872314
2022-10-21T16:00:00.0;0.06758815042537163
2022-10-21T17:00:00.0;0.0747272580215638
2022-10-21T18:00:00.0;0.07972048489467648
2022-10-21T19:00:00.0;0.08376563215074875
2022-10-21T20:00:00.0;0.0864459402882349
2022-10-21T21:00:00.0;0.08665559717677855
2022-10-21T22:00:00.0;0.08410067603985341
2022-10-21T23:00:00.0;0.07980434188239656
2022-10-22T00:00:00.0;0.07108445986250822
2022-10-22T01:00:00.0;0.06757898600111382
2022-10-22T02:00:00.0;0.06459751464129639
2022-10-22T03:00:00.0;0.06165643980279993
2022-10-22T04:00:00.0;0.05881518170958486
2022-10-22T05:00:00.0;0.05659477342068375
2022-10-22T06:00:00.0;0.055835047215411444
2022-10-22T07:00:00.0;0.05453928646016994
2022-10-22T08:00:00.0;0.050990367129306075
2022-10-22T09:00:00.0;0.046012448074053074
2022-10-22T10:00:00.0;0.042042144178787974
2022-10-22T11:00:00.0;0.040523405560618064
2022-10-22T12:00:00.0;0.04033888150917771
2022-10-22T13:00:00.0;0.041685013828240906
2022-10-22T14:00:00.0;0.0468781097212567
2022-10-22T15:00:00.0;0.05405092090850818
2022-10-22T16:00:00.0;0.06443982837862551
2022-10-22T17:00:00.0;0.0712862110155332
2022-10-22T18:00:00.0;0.07601332916125962
2022-10-22T19:00:00.0;0.07774870615268084
2022-10-22T20:00:00.0;0.07792067703596105
2022-10-22T21:00:00.0;0.07881724582138087
2022-10-22T22:00:00.0;0.07608816343747825
2022-10-22T23:00:00.0;0.07310334201365308
2022-10-23T00:00:00.0;0.07468375310875942
2022-10-23T01:00:00.0;0.07125753280654021
2022-10-23T02:00:00.0;0.0682124471508342
2022-10-23T03:00:00.0;0.06519152837760545
2022-10-23T04:00:00.0;0.06264071822472406
2022-10-23T05:00:00.0;0.0611679837156158
2022-10-23T06:00:00.0;0.061491638727185466
2022-10-23T07:00:00.0;0.061615642558283605
2022-10-23T08:00:00.0;0.059781321045627105
2022-10-23T09:00:00.0;0.05509525210009648
2022-10-23T10:00:00.0;0.050500585860363864
2022-10-23T11:00:00.0;0.04823542100494429
2022-10-23T12:00:00.0;0.047735507582418006
2022-10-23T13:00:00.0;0.04924097179273596
2022-10-23T14:00:00.0;0.05307921532224551
2022-10-23T15:00:00.0;0.05934719889960172
2022-10-23T16:00:00.0;0.0683429534272444
2022-10-23T17:00:00.0;0.07586512056015188
2022-10-23T18:00:00.0;0.08068369288905874
2022-10-23T19:00:00.0;0.0832101785138969
2022-10-23T20:00:00.0;0.08411514562871854
2022-10-23T21:00:00.0;0.0838980837024483
2022-10-23T22:00:00.0;0.08110710830688032
2022-10-23T23:00:00.0;0.07759019706710861
2022-10-24T00:00:00.0;0.07534571848796626
2022-10-24T01:00:00.0;0.07185706932590627
2022-10-24T02:00:00.0;0.06876858924794496
2022-10-24T03:00:00.0;0.06582714989188372
2022-10-24T04:00:00.0;0.06324788024174724
2022-10-24T05:00:00.0;0.061887853891762136
2022-10-24T06:00:00.0;0.06312956597919314
2022-10-24T07:00:00.0;0.06472696343506776
2022-10-24T08:00:00.0;0.06332331818772924
2022-10-24T09:00:00.0;0.05913401385365111
2022-10-24T10:00:00.0;0.05490912059792061
2022-10-24T11:00:00.0;0.05289152892308755
2022-10-24T12:00:00.0;0.0518820908494241
2022-10-24T13:00:00.0;0.052448416487666766
2022-10-24T14:00:00.0;0.05571810191408186
2022-10-24T15:00:00.0;0.06211310431621965
2022-10-24T16:00:00.0;0.0708868731309454
2022-10-24T17:00:00.0;0.07896649989483638
2022-10-24T18:00:00.0;0.08352886880907483
2022-10-24T19:00:00.0;0.08479248125438828
2022-10-24T20:00:00.0;0.08424449319175338
2022-10-24T21:00:00.0;0.08368983844391946
2022-10-24T22:00:00.0;0.08068974814639847
2022-10-24T23:00:00.0;0.07771460507757975
2022-10-25T00:00:00.0;0.07157112259062513
2022-10-25T01:00:00.0;0.06814534402776633
2022-10-25T02:00:00.0;0.06513703453178647
2022-10-25T03:00:00.0;0.06217807695808137
2022-10-25T04:00:00.0;0.059487533632264784
2022-10-25T05:00:00.0;0.057654217535086254
2022-10-25T06:00:00.0;0.05781034070035558
2022-10-25T07:00:00.0;0.05736726844903232
2022-10-25T08:00:00.0;0.05407636048538191
2022-10-25T09:00:00.0;0.04885738687750392
2022-10-25T10:00:00.0;0.044429868991153885
2022-10-25T11:00:00.0;0.04266363103823817
2022-10-25T12:00:00.0;0.04217981961193189
2022-10-25T13:00:00.0;0.04353065064358347
2022-10-25T14:00:00.0;0.04836840205520912
2022-10-25T15:00:00.0;0.05578519217538573
2022-10-25T16:00:00.0;0.0661143214728145
2022-10-25T17:00:00.0;0.07342016996122372
2022-10-25T18:00:00.0;0.07808040116587861
2022-10-25T19:00:00.0;0.07948479032913618
2022-10-25T20:00:00.0;0.07916589400479751
2022-10-25T21:00:00.0;0.07935742446459206
2022-10-25T22:00:00.0;0.07654199301972464
2022-10-25T23:00:00.0;0.07368013698567737
2022-10-26T00:00:00.0;0.07418416804352428
2022-10-26T01:00:00.0;0.0707267954236266
2022-10-26T02:00:00.0;0.0677133471277869
2022-10-26T03:00:00.0;0.06465442239605727
2022-10-26T04:00:00.0;0.06229520828762207
2022-10-26T05:00:00.0;0.061246480194726644
2022-10-26T06:00:00.0;0.06242333973218758
2022-10-26T07:00:00.0;0.06222053531941958
2022-10-26T08:00:00.0;0.05915215278593528
2022-10-26T09:00:00.0;0.05434244694267325
2022-10-26T10:00:00.0;0.049863493117159804
2022-10-26T11:00:00.0;0.04802972488241238
2022-10-26T12:00:00.0;0.048020263561045114
2022-10-26T13:00:00.0;0.04971394932871289
2022-10-26T14:00:00.0;0.05379887602874142
2022-10-26T15:00:00.0;0.05956943777065223
2022-10-26T16:00:00.0;0.06872188371868825
2022-10-26T17:00:00.0;0.07631558917866622
2022-10-26T18:00:00.0;0.08134968407213392
2022-10-26T19:00:00.0;0.08355546421207709
2022-10-26T20:00:00.0;0.0836849083128463
2022-10-26T21:00:00.0;0.08297455486398825
2022-10-26T22:00:00.0;0.08011161598694926
2022-10-26T23:00:00.0;0.07673842480044943
2022-10-27T00:00:00.0;0.07573535623464935
2022-10-27T01:00:00.0;0.072273455125564
2022-10-27T02:00:00.0;0.06923194652904019
2022-10-27T03:00:00.0;0.06616529605877594
2022-10-27T04:00:00.0;0.06387003457727256
2022-10-27T05:00:00.0;0.06304579881050507
2022-10-27T06:00:00.0;0.06464316205359971
2022-10-27T07:00:00.0;0.0651460315052522
2022-10-27T08:00:00.0;0.06276891399302542
2022-10-27T09:00:00.0;0.058273290258464575
2022-10-27T10:00:00.0;0.05380543053780823
2022-10-27T11:00:00.0;0.051834502509949594
2022-10-27T12:00:00.0;0.05165525272009741
2022-10-27T13:00:00.0;0.05314866979531156
2022-10-27T14:00:00.0;0.056616257848223155
2022-10-27T15:00:00.0;0.061953173822158744
2022-10-27T16:00:00.0;0.07048866674163476
2022-10-27T17:00:00.0;0.07834031739280034
2022-10-27T18:00:00.0;0.08340519951621726
2022-10-27T19:00:00.0;0.08571983859766055
2022-10-27T20:00:00.0;0.08591271199995133
2022-10-27T21:00:00.0;0.08487131519096323
2022-10-27T22:00:00.0;0.08193886431212855
2022-10-27T23:00:00.0;0.07844652567815898
2022-10-28T00:00:00.0;0.07619340463261086
2022-10-28T01:00:00.0;0.07269783271683743
2022-10-28T02:00:00.0;0.0696327798292928
2022-10-28T03:00:00.0;0.06659205560172403
2022-10-28T04:00:00.0;0.06413829390446957
2022-10-28T05:00:00.0;0.06288162218017768
2022-10-28T06:00:00.0;0.06339201163385604
2022-10-28T07:00:00.0;0.06382394632234858
2022-10-28T08:00:00.0;0.06275871574118956
2022-10-28T09:00:00.0;0.058606343412550034
2022-10-28T10:00:00.0;0.05402497189271108
2022-10-28T11:00:00.0;0.051576749449682324
2022-10-28T12:00:00.0;0.05119510849229027
2022-10-28T13:00:00.0;0.05273335464845487
2022-10-28T14:00:00.0;0.056126128291830855
2022-10-28T15:00:00.0;0.06158262639464459
2022-10-28T16:00:00.0;0.069797458682584
2022-10-28T17:00:00.0;0.07757358240839936
2022-10-28T18:00:00.0;0.0823184121139044
2022-10-28T19:00:00.0;0.08519798589533523
2022-10-28T20:00:00.0;0.08649524680483327
2022-10-28T21:00:00.0;0.08604017980745489
2022-10-28T22:00:00.0;0.08330405267619438
2022-10-28T23:00:00.0;0.07953216076545531
2022-10-29T00:00:00.0;0.0746021206303949
2022-10-29T01:00:00.0;0.07113736486876895
2022-10-29T02:00:00.0;0.06814885876199764
2022-10-29T03:00:00.0;0.0649877153371285
2022-10-29T04:00:00.0;0.06293296721025275
2022-10-29T05:00:00.0;0.06244579052504105
2022-10-29T06:00:00.0;0.06415899318076777
2022-10-29T07:00:00.0;0.06331246507574259
2022-10-29T08:00:00.0;0.05977516044194173
2022-10-29T09:00:00.0;0.05485447776879975
2022-10-29T10:00:00.0;0.04998194008196161
2022-10-29T11:00:00.0;0.04802272219391756
2022-10-29T12:00:00.0;0.048690102577751616
2022-10-29T13:00:00.0;0.05121373035228923
2022-10-29T14:00:00.0;0.05542361847696515
2022-10-29T15:00:00.0;0.06026066695223354
2022-10-29T16:00:00.0;0.0690824205596791
2022-10-29T17:00:00.0;0.07678523072461595
2022-10-29T18:00:00.0;0.08200122257398526
2022-10-29T19:00:00.0;0.08490448437522329
2022-10-29T20:00:00.0;0.08550878626724534
2022-10-29T21:00:00.0;0.08417513805930427
2022-10-29T22:00:00.0;0.08142957307071956
2022-10-29T23:00:00.0;0.07767511344329134
2022-10-30T00:00:00.0;0.07371377807940249
2022-10-30T01:00:00.0;0.0703271716716349
2022-10-30T02:00:00.0;0.06739124216866495
2022-10-30T03:00:00.0;0.06415184458032896
2022-10-30T04:00:00.0;0.062408193783028795
2022-10-30T05:00:00.0;0.06268114768761497
2022-10-30T06:00:00.0;0.06601921153851002
2022-10-30T07:00:00.0;0.06483257748089023
2022-10-30T08:00:00.0;0.05897904926120292
2022-10-30T09:00:00.0;0.05331709465881746
2022-10-30T10:00:00.0;0.04844491897438135
2022-10-30T11:00:00.0;0.04716383795764472
2022-10-30T12:00:00.0;0.04836911774094076
2022-10-30T13:00:00.0;0.05119174653697334
2022-10-30T14:00:00.0;0.05569025719144355
2022-10-30T15:00:00.0;0.0602145941286157
2022-10-30T16:00:00.0;0.06959472701993498
2022-10-30T17:00:00.0;0.07729801294094601
2022-10-30T18:00:00.0;0.08312701648726374
2022-10-30T19:00:00.0;0.08553004854283511
2022-10-30T20:00:00.0;0.08477285589376125
2022-10-30T21:00:00.0;0.08246592297781465
2022-10-30T22:00:00.0;0.07946918724413929
2022-10-30T23:00:00.0;0.07598080058096984
2022-10-31T00:00:00.0;0.0757889872731757
2022-10-31T01:00:00.0;0.07219444902283717
2022-10-31T02:00:00.0;0.06916069799125686
2022-10-31T03:00:00.0;0.0660880024958225
2022-10-31T04:00:00.0;0.0636689453678731
2022-10-31T05:00:00.0;0.062331957107291384
2022-10-31T06:00:00.0;0.062223267214410904
2022-10-31T07:00:00.0;0.061556861216547305
2022-10-31T08:00:00.0;0.06025455776497868
2022-10-31T09:00:00.0;0.05633766284457022
2022-10-31T10:00:00.0;0.05182797153216571
2022-10-31T11:00:00.0;0.04940180754112427
2022-10-31T12:00:00.0;0.04965211665956126
2022-10-31T13:00:00.0;0.05170842496803752
2022-10-31T14:00:00.0;0.055576977387546966
2022-10-31T15:00:00.0;0.060378926326489696
2022-10-31T16:00:00.0;0.06846713754233297
2022-10-31T17:00:00.0;0.07601056135402066
2022-10-31T18:00:00.0;0.08071762280509734
2022-10-31T19:00:00.0;0.08420929750714634
2022-10-31T20:00:00.0;0.08624587706288886
2022-10-31T21:00:00.0;0.08610433496283042
2022-10-31T22:00:00.0;0.08358639241533927
2022-10-31T23:00:00.0;0.07951795338309832
2022-11-01T00:00:00.0;0.07579225707107135
2022-11-01T01:00:00.0;0.07228791016455206
2022-11-01T02:00:00.0;0.0691919786908451
2022-11-01T03:00:00.0;0.06625094471428175
2022-11-01T04:00:00.0;0.06368687537694981
2022-11-01T05:00:00.0;0.062380535015603124
2022-11-01T06:00:00.0;0.06372009727402318
2022-11-01T07:00:00.0;0.06549564553716
2022-11-01T08:00:00.0;0.06429478897425024
2022-11-01T09:00:00.0;0.06025441297039361
2022-11-01T10:00:00.0;0.05607426029883648
2022-11-01T11:00:00.0;0.054039792330494565
2022-11-01T12:00:00.0;0.05301123125201629
2022-11-01T13:00:00.0;0.05350567921658739
2022-11-01T14:00:00.0;0.056610511082410254
2022-11-01T15:00:00.0;0.06282466415862857
2022-11-01T16:00:00.0;0.07139524759102249
2022-11-01T17:00:00.0;0.07955067785344716
2022-11-01T18:00:00.0;0.08410512031178567
2022-11-01T19:00:00.0;0.08538657656816254
2022-11-01T20:00:00.0;0.08484786385145351
2022-11-01T21:00:00.0;0.08422390625727001
2022-11-01T22:00:00.0;0.08121192331530212
2022-11-01T23:00:00.0;0.07820559697998808
2022-11-02T00:00:00.0;0.07413977924946398
2022-11-02T01:00:00.0;0.07065921603137902
2022-11-02T02:00:00.0;0.06758545345276838
2022-11-02T03:00:00.0;0.06464472566763113
2022-11-02T04:00:00.0;0.06205117619522126
2022-11-02T05:00:00.0;0.06056417185423331
2022-11-02T06:00:00.0;0.06153270962877548
2022-11-02T07:00:00.0;0.06266699774369211
2022-11-02T08:00:00.0;0.06094224430398645
2022-11-02T09:00:00.0;0.05649310712522019
2022-11-02T10:00:00.0;0.052065841325012845
2022-11-02T11:00:00.0;0.04999490593407237
2022-11-02T12:00:00.0;0.049090413703964025
2022-11-02T13:00:00.0;0.049924568060991485
2022-11-02T14:00:00.0;0.053677209900613386
2022-11-02T15:00:00.0;0.06046664778148694
2022-11-02T16:00:00.0;0.06969118173281685
2022-11-02T17:00:00.0;0.07769913933229684
2022-11-02T18:00:00.0;0.08212145104466147
2022-11-02T19:00:00.0;0.08331182142962551
2022-11-02T20:00:00.0;0.08277921901211452
2022-11-02T21:00:00.0;0.08237751052692152
2022-11-02T22:00:00.0;0.07947873480454179
2022-11-02T23:00:00.0;0.07657956618976375
2022-11-03T00:00:00.0;0.07674203529194798
2022-11-03T01:00:00.0;0.07320429961149419
2022-11-03T02:00:00.0;0.07009251917498284
2022-11-03T03:00:00.0;0.0671523474321275
2022-11-03T04:00:00.0;0.0646206088420109
2022-11-03T05:00:00.0;0.06342845745493028
2022-11-03T06:00:00.0;0.06497614497918562
2022-11-03T07:00:00.0;0.06713061628093796
2022-11-03T08:00:00.0;0.06636108700574281
2022-11-03T09:00:00.0;0.06263747844341903
2022-11-03T10:00:00.0;0.058552488058044826
2022-11-03T11:00:00.0;0.056482124566605264
2022-11-03T12:00:00.0;0.05541288925710191
2022-11-03T13:00:00.0;0.055754454914066276
2022-11-03T14:00:00.0;0.05850864670664913
2022-11-03T15:00:00.0;0.06433813705154394
2022-11-03T16:00:00.0;0.07247654942808572
2022-11-03T17:00:00.0;0.08079321214543712
2022-11-03T18:00:00.0;0.08533079519796537
2022-11-03T19:00:00.0;0.08665020486702972
2022-11-03T20:00:00.0;0.08613122061698586
2022-11-03T21:00:00.0;0.08535985731902224
2022-11-03T22:00:00.0;0.0823225789712111
2022-11-03T23:00:00.0;0.07924992648068085
2022-11-04T00:00:00.0;0.07531334020450654
2022-11-04T01:00:00.0;0.0716378621426179
2022-11-04T02:00:00.0;0.06864430517470246
2022-11-04T03:00:00.0;0.06554728248179784
2022-11-04T04:00:00.0;0.06333622158098855
2022-11-04T05:00:00.0;0.06252533152581978
2022-11-04T06:00:00.0;0.06366197806265937
2022-11-04T07:00:00.0;0.0627686454315691
2022-11-04T08:00:00.0;0.05972534127295137
2022-11-04T09:00:00.0;0.055863177598929135
2022-11-04T10:00:00.0;0.051848432412267775
2022-11-04T11:00:00.0;0.05024148615436667
2022-11-04T12:00:00.0;0.05110134335076773
2022-11-04T13:00:00.0;0.05306500154895449
2022-11-04T14:00:00.0;0.057138014357238504
2022-11-04T15:00:00.0;0.061151657968283056
2022-11-04T16:00:00.0;0.06937360516306
2022-11-04T17:00:00.0;0.07700581650839597
2022-11-04T18:00:00.0;0.08204019998702627
2022-11-04T19:00:00.0;0.08481179207861912
2022-11-04T20:00:00.0;0.08543614542691826
2022-11-04T21:00:00.0;0.08470773334789355
2022-11-04T22:00:00.0;0.08201149794357544
2022-11-04T23:00:00.0;0.0782661295531266
2022-11-05T00:00:00.0;0.07664597121358357
2022-11-05T01:00:00.0;0.07307191496627875
2022-11-05T02:00:00.0;0.0699945666810465
2022-11-05T03:00:00.0;0.06694170825021228
2022-11-05T04:00:00.0;0.06455942965541957
2022-11-05T05:00:00.0;0.06335780213819993
2022-11-05T06:00:00.0;0.06370481616153395
2022-11-05T07:00:00.0;0.06406698254780155
2022-11-05T08:00:00.0;0.0637078555776902
2022-11-05T09:00:00.0;0.05994749392520637
2022-11-05T10:00:00.0;0.0551665084092888
2022-11-05T11:00:00.0;0.05240975912675059
2022-11-05T12:00:00.0;0.052215552804799704
2022-11-05T13:00:00.0;0.05402656075330903
2022-11-05T14:00:00.0;0.057408217124761025
2022-11-05T15:00:00.0;0.06241781867154417
2022-11-05T16:00:00.0;0.0702013625353545
2022-11-05T17:00:00.0;0.07821786905132656
2022-11-05T18:00:00.0;0.08266015478489287
2022-11-05T19:00:00.0;0.08582904582489685
2022-11-05T20:00:00.0;0.08761359095569786
2022-11-05T21:00:00.0;0.08710988566976205
2022-11-05T22:00:00.0;0.08455904312261515
2022-11-05T23:00:00.0;0.08059162829008579
2022-11-06T00:00:00.0;0.0784093259803641
2022-11-06T01:00:00.0;0.0748129778884494
2022-11-06T02:00:00.0;0.07167337534828902
2022-11-06T03:00:00.0;0.06873471721587562
2022-11-06T04:00:00.0;0.06625973372141905
2022-11-06T05:00:00.0;0.06526803567105305
2022-11-06T06:00:00.0;0.0671810772433629
2022-11-06T07:00:00.0;0.07000072999487186
2022-11-06T08:00:00.0;0.06998837534703614
2022-11-06T09:00:00.0;0.06682083702727241
2022-11-06T10:00:00.0;0.06290289952872347
2022-11-06T11:00:00.0;0.06076952314637839
2022-11-06T12:00:00.0;0.05962888615050658
2022-11-06T13:00:00.0;0.05970207415646417
2022-11-06T14:00:00.0;0.06184073390562005
2022-11-06T15:00:00.0;0.0669949670420221
2022-11-06T16:00:00.0;0.07437472359619705
2022-11-06T17:00:00.0;0.08297442225274033
2022-11-06T18:00:00.0;0.087482409416774
2022-11-06T19:00:00.0;0.08886844450446402
2022-11-06T20:00:00.0;0.08838409264337638
2022-11-06T21:00:00.0;0.08735396561306986
2022-11-06T22:00:00.0;0.08427228237820712
2022-11-06T23:00:00.0;0.08108319746318057
2022-11-07T00:00:00.0;0.0784694334928642
2022-11-07T01:00:00.0;0.07486584849664847
2022-11-07T02:00:00.0;0.07172443555633594
2022-11-07T03:00:00.0;0.0687861017685399
2022-11-07T04:00:00.0;0.06631716253693247
2022-11-07T05:00:00.0;0.06533538057797943
2022-11-07T06:00:00.0;0.06726026187830712
2022-11-07T07:00:00.0;0.07010658510437798
2022-11-07T08:00:00.0;0.07015536251579631
2022-11-07T09:00:00.0;0.06702913373274394
2022-11-07T10:00:00.0;0.06310504007425125
2022-11-07T11:00:00.0;0.060954618326652894
2022-11-07T12:00:00.0;0.059819367763391994
2022-11-07T13:00:00.0;0.059893889472795565
2022-11-07T14:00:00.0;0.06201599608579361
2022-11-07T15:00:00.0;0.06713185071047302
2022-11-07T16:00:00.0;0.07446962595396431
2022-11-07T17:00:00.0;0.08309939904410611
2022-11-07T18:00:00.0;0.0875822047860942
2022-11-07T19:00:00.0;0.08896690023660395
2022-11-07T20:00:00.0;0.08848983583980778
2022-11-07T21:00:00.0;0.0874452700363521
2022-11-07T22:00:00.0;0.08437232044806856
2022-11-07T23:00:00.0;0.08117780734915854
2022-11-08T00:00:00.0;0.07717907350961578
2022-11-08T01:00:00.0;0.07359285344810472
2022-11-08T02:00:00.0;0.07046856122080991
2022-11-08T03:00:00.0;0.0675305300706403
2022-11-08T04:00:00.0;0.06503951261036817
2022-11-08T05:00:00.0;0.06391729020418035
2022-11-08T06:00:00.0;0.0655521382846842
2022-11-08T07:00:00.0;0.0678983583343697
2022-11-08T08:00:00.0;0.06754601327078742
2022-11-08T09:00:00.0;0.06410560595529374
2022-11-08T10:00:00.0;0.05998568205396176
2022-11-08T11:00:00.0;0.05780330439887524
2022-11-08T12:00:00.0;0.056766809736896066
2022-11-08T13:00:00.0;0.057109188920998845
2022-11-08T14:00:00.0;0.05973847468836787
2022-11-08T15:00:00.0;0.06530024256394092
2022-11-08T16:00:00.0;0.07314521783206397
2022-11-08T17:00:00.0;0.0816645152496965
2022-11-08T18:00:00.0;0.08603846492322983
2022-11-08T19:00:00.0;0.0873511534296819
2022-11-08T20:00:00.0;0.08688028276442786
2022-11-08T21:00:00.0;0.08600805959050135
2022-11-08T22:00:00.0;0.0830259436164562
2022-11-08T23:00:00.0;0.07991481621818435
2022-11-09T00:00:00.0;0.07630760999146992
2022-11-09T01:00:00.0;0.07273006586401135
2022-11-09T02:00:00.0;0.06961685548976948
2022-11-09T03:00:00.0;0.06667918940733954
2022-11-09T04:00:00.0;0.06417564237413122
2022-11-09T05:00:00.0;0.06296017332377311
2022-11-09T06:00:00.0;0.06439835009919413
2022-11-09T07:00:00.0;0.06640842028886332
2022-11-09T08:00:00.0;0.06580532319274054
2022-11-09T09:00:00.0;0.06216539463954239
2022-11-09T10:00:00.0;0.05790596046030201
2022-11-09T11:00:00.0;0.05569320184140071
2022-11-09T12:00:00.0;0.05472814464662715
2022-11-09T13:00:00.0;0.05525798215384453
2022-11-09T14:00:00.0;0.058233156386505995
2022-11-09T15:00:00.0;0.06408771930481008
2022-11-09T16:00:00.0;0.07226652544798207
2022-11-09T17:00:00.0;0.08072304631125973
2022-11-09T18:00:00.0;0.08500911609099104
2022-11-09T19:00:00.0;0.08627094521927768
2022-11-09T20:00:00.0;0.08580785431415056
2022-11-09T21:00:00.0;0.08504898174306488
2022-11-09T22:00:00.0;0.08213436670788708
2022-11-09T23:00:00.0;0.07907882208383375
2022-11-10T00:00:00.0;0.0772946163558545
2022-11-10T01:00:00.0;0.07368535393018046
2022-11-10T02:00:00.0;0.07056289609767379
2022-11-10T03:00:00.0;0.06760615229048143
2022-11-10T04:00:00.0;0.06515491606197125
2022-11-10T05:00:00.0;0.06405330580932331
2022-11-10T06:00:00.0;0.0655064988480823
2022-11-10T07:00:00.0;0.06760211426905112
2022-11-10T08:00:00.0;0.06746073375402156
2022-11-10T09:00:00.0;0.06410834748852001
2022-11-10T10:00:00.0;0.059852594031756585
2022-11-10T11:00:00.0;0.057511674166982246
2022-11-10T12:00:00.0;0.05663954623442497
2022-11-10T13:00:00.0;0.05724059937491571
2022-11-10T14:00:00.0;0.059942855040000645
2022-11-10T15:00:00.0;0.06527623746788365
2022-11-10T16:00:00.0;0.07296515668056971
2022-11-10T17:00:00.0;0.08150203021600477
2022-11-10T18:00:00.0;0.08580012164715163
2022-11-10T19:00:00.0;0.08742880608007336
2022-11-10T20:00:00.0;0.08737298664759106
2022-11-10T21:00:00.0;0.08651441430158562
2022-11-10T22:00:00.0;0.08363727670942359
2022-11-10T23:00:00.0;0.08035940658842948
2022-11-11T00:00:00.0;0.0715670864125321
2022-11-11T01:00:00.0;0.06806120506154609
2022-11-11T02:00:00.0;0.06501213245788069
2022-11-11T03:00:00.0;0.062075163972996464
2022-11-11T04:00:00.0;0.059484366908645885
2022-11-11T05:00:00.0;0.057748818154565125
2022-11-11T06:00:00.0;0.05812351579677694
2022-11-11T07:00:00.0;0.05829217689211709
2022-11-11T08:00:00.0;0.05616348383052903
2022-11-11T09:00:00.0;0.05133667848124933
2022-11-11T10:00:00.0;0.04637650302210894
2022-11-11T11:00:00.0;0.04406902921263861
2022-11-11T12:00:00.0;0.04345455829638488
2022-11-11T13:00:00.0;0.04495154654424416
2022-11-11T14:00:00.0;0.04978133916607241
2022-11-11T15:00:00.0;0.057295647745123315
2022-11-11T16:00:00.0;0.06736027028727987
2022-11-11T17:00:00.0;0.0753804150437939
2022-11-11T18:00:00.0;0.0793035962571476
2022-11-11T19:00:00.0;0.0803066313261762
2022-11-11T20:00:00.0;0.07985702241188192
2022-11-11T21:00:00.0;0.07973914838969423
2022-11-11T22:00:00.0;0.0771423696330545
2022-11-11T23:00:00.0;0.07439505699155251
2022-11-12T00:00:00.0;0.07328422671526026
2022-11-12T01:00:00.0;0.07000856339740669
2022-11-12T02:00:00.0;0.06711080052000364
2022-11-12T03:00:00.0;0.06382643701152588
2022-11-12T04:00:00.0;0.06211783409456388
2022-11-12T05:00:00.0;0.06253782608930337
2022-11-12T06:00:00.0;0.06613491765082903
2022-11-12T07:00:00.0;0.06444308053752273
2022-11-12T08:00:00.0;0.05730278468621282
2022-11-12T09:00:00.0;0.05099999096500018
2022-11-12T10:00:00.0;0.04623329019507582
2022-11-12T11:00:00.0;0.045318171920667484
2022-11-12T12:00:00.0;0.0466905331453238
2022-11-12T13:00:00.0;0.049657218674077006
2022-11-12T14:00:00.0;0.054299648091830494
2022-11-12T15:00:00.0;0.05890378904104163
2022-11-12T16:00:00.0;0.06871760230384003
2022-11-12T17:00:00.0;0.07598622200989123
2022-11-12T18:00:00.0;0.08241199748158479
2022-11-12T19:00:00.0;0.08502536656997031
2022-11-12T20:00:00.0;0.08412980790988067
2022-11-12T21:00:00.0;0.08170959567882757
2022-11-12T22:00:00.0;0.07853771146357635
2022-11-12T23:00:00.0;0.0750166043045099
2022-11-13T00:00:00.0;0.07384856340083717
2022-11-13T01:00:00.0;0.07044430965160271
2022-11-13T02:00:00.0;0.06750344411109592
2022-11-13T03:00:00.0;0.06426647175111178
2022-11-13T04:00:00.0;0.0625323716124061
2022-11-13T05:00:00.0;0.06281808223431004
2022-11-13T06:00:00.0;0.06616884804747657
2022-11-13T07:00:00.0;0.06505440681368967
2022-11-13T08:00:00.0;0.059366173089658025
2022-11-13T09:00:00.0;0.05380684111671731
2022-11-13T10:00:00.0;0.04892074322064272
2022-11-13T11:00:00.0;0.04759433402140108
2022-11-13T12:00:00.0;0.048801677648084775
2022-11-13T13:00:00.0;0.05161881466475109
2022-11-13T14:00:00.0;0.0560780401694336
2022-11-13T15:00:00.0;0.060527075932804264
2022-11-13T16:00:00.0;0.06981047273795472
2022-11-13T17:00:00.0;0.07758629369595138
2022-11-13T18:00:00.0;0.0833464807236796
2022-11-13T19:00:00.0;0.08573900438925924
2022-11-13T20:00:00.0;0.08500050282434987
2022-11-13T21:00:00.0;0.08267109085170254
2022-11-13T22:00:00.0;0.07969652616834727
2022-11-13T23:00:00.0;0.07619914702829372
2022-11-14T00:00:00.0;0.0739298767038646
2022-11-14T01:00:00.0;0.07047860541174703
2022-11-14T02:00:00.0;0.06751984459335147
2022-11-14T03:00:00.0;0.06430909394565257
2022-11-14T04:00:00.0;0.06253721477438928
2022-11-14T05:00:00.0;0.06270582523062872
2022-11-14T06:00:00.0;0.06586511253146916
2022-11-14T07:00:00.0;0.06497715608076352
2022-11-14T08:00:00.0;0.05989395190816196
2022-11-14T09:00:00.0;0.054605166196341995
2022-11-14T10:00:00.0;0.04967004036437846
2022-11-14T11:00:00.0;0.048169008004765784
2022-11-14T12:00:00.0;0.04926213186251558
2022-11-14T13:00:00.0;0.05199181013299996
2022-11-14T14:00:00.0;0.05641488902233621
2022-11-14T15:00:00.0;0.06092499700528734
2022-11-14T16:00:00.0;0.07006666416828207
2022-11-14T17:00:00.0;0.07802155162646406
2022-11-14T18:00:00.0;0.08348925274335278
2022-11-14T19:00:00.0;0.08575785186739612
2022-11-14T20:00:00.0;0.08508301921431526
2022-11-14T21:00:00.0;0.08286299745433766
2022-11-14T22:00:00.0;0.07997128360104844
2022-11-14T23:00:00.0;0.07650928999482572
2022-11-15T00:00:00.0;0.0774239948632544
2022-11-15T01:00:00.0;0.07377099355695073
2022-11-15T02:00:00.0;0.07067017886695143
2022-11-15T03:00:00.0;0.06763732675695792
2022-11-15T04:00:00.0;0.0654163514707723
2022-11-15T05:00:00.0;0.06468540595202259
2022-11-15T06:00:00.0;0.06635288571101505
2022-11-15T07:00:00.0;0.06775543788988793
2022-11-15T08:00:00.0;0.06734882631582478
2022-11-15T09:00:00.0;0.06403018822367737
2022-11-15T10:00:00.0;0.059459764676764705
2022-11-15T11:00:00.0;0.056977585902846545
2022-11-15T12:00:00.0;0.056738592421631207
2022-11-15T13:00:00.0;0.058077740901488435
2022-11-15T14:00:00.0;0.0610161177222878
2022-11-15T15:00:00.0;0.0655442715108516
2022-11-15T16:00:00.0;0.07295318151066227
2022-11-15T17:00:00.0;0.08158383748846029
2022-11-15T18:00:00.0;0.0859021624622531
2022-11-15T19:00:00.0;0.08812433491889943
2022-11-15T20:00:00.0;0.08857828381108487
2022-11-15T21:00:00.0;0.08734845843681242
2022-11-15T22:00:00.0;0.08464245974738015
2022-11-15T23:00:00.0;0.08103871494402154
2022-11-16T00:00:00.0;0.0777511833109115
2022-11-16T01:00:00.0;0.07404827099199408
2022-11-16T02:00:00.0;0.0709359472103257
2022-11-16T03:00:00.0;0.0679376655041596
2022-11-16T04:00:00.0;0.06562337735494085
2022-11-16T05:00:00.0;0.06471764851308925
2022-11-16T06:00:00.0;0.06614452708091627
2022-11-16T07:00:00.0;0.0677555153691535
2022-11-16T08:00:00.0;0.06773619812757062
2022-11-16T09:00:00.0;0.06474744270796236
2022-11-16T10:00:00.0;0.0604371652960488
2022-11-16T11:00:00.0;0.05800604231556573
2022-11-16T12:00:00.0;0.057646197003529645
2022-11-16T13:00:00.0;0.05867751885336816
2022-11-16T14:00:00.0;0.06147076753618624
2022-11-16T15:00:00.0;0.06593526715676636
2022-11-16T16:00:00.0;0.07316226923422539
2022-11-16T17:00:00.0;0.08179242996106446
2022-11-16T18:00:00.0;0.08601408925718955
2022-11-16T19:00:00.0;0.08812254957425657
2022-11-16T20:00:00.0;0.0885687254873029
2022-11-16T21:00:00.0;0.08758279148506326
2022-11-16T22:00:00.0;0.08487013447347275
2022-11-16T23:00:00.0;0.08130703956457001
2022-11-17T00:00:00.0;0.08013583479906997
2022-11-17T01:00:00.0;0.07641947331271845
2022-11-17T02:00:00.0;0.07324171336550282
2022-11-17T03:00:00.0;0.07030774582695254
2022-11-17T04:00:00.0;0.06793782036473504
2022-11-17T05:00:00.0;0.06718483224824236
2022-11-17T06:00:00.0;0.06946078774810112
2022-11-17T07:00:00.0;0.07300038995372245
2022-11-17T08:00:00.0;0.07416381376179373
2022-11-17T09:00:00.0;0.07181825438486308
2022-11-17T10:00:00.0;0.06793231114200675
2022-11-17T11:00:00.0;0.06556264826576925
2022-11-17T12:00:00.0;0.06444023299170873
2022-11-17T13:00:00.0;0.06436296270452382
2022-11-17T14:00:00.0;0.06592949277511596
2022-11-17T15:00:00.0;0.07022200369695399
2022-11-17T16:00:00.0;0.07664677513651845
2022-11-17T17:00:00.0;0.08576960636258567
2022-11-17T18:00:00.0;0.08996777243513773
2022-11-17T19:00:00.0;0.09137948323881781
2022-11-17T20:00:00.0;0.0910009067682832
2022-11-17T21:00:00.0;0.089643665760129
2022-11-17T22:00:00.0;0.08663564324146288
2022-11-17T23:00:00.0;0.08331174290430486
2022-11-18T00:00:00.0;0.0748288199888843
2022-11-18T01:00:00.0;0.07093031075091528
2022-11-18T02:00:00.0;0.06789711533447564
2022-11-18T03:00:00.0;0.06494571350137839
2022-11-18T04:00:00.0;0.06239726490903559
2022-11-18T05:00:00.0;0.06077579980611975
2022-11-18T06:00:00.0;0.06070901153943151
2022-11-18T07:00:00.0;0.060212445354652706
2022-11-18T08:00:00.0;0.05865380177400036
2022-11-18T09:00:00.0;0.05588580943353935
2022-11-18T10:00:00.0;0.05239605469874876
2022-11-18T11:00:00.0;0.05071555132457882
2022-11-18T12:00:00.0;0.05122314187391933
2022-11-18T13:00:00.0;0.0524227078777545
2022-11-18T14:00:00.0;0.056631937128302216
2022-11-18T15:00:00.0;0.0609740742394437
2022-11-18T16:00:00.0;0.06902547418924293
2022-11-18T17:00:00.0;0.07685951159195988
2022-11-18T18:00:00.0;0.08100768689433598
2022-11-18T19:00:00.0;0.08302582056763615
2022-11-18T20:00:00.0;0.08353085111124489
2022-11-18T21:00:00.0;0.08383127946990662
2022-11-18T22:00:00.0;0.08134291853912803
2022-11-18T23:00:00.0;0.07792925436806038
2022-11-19T00:00:00.0;0.0740688777832881
2022-11-19T01:00:00.0;0.07021372989739398
2022-11-19T02:00:00.0;0.0671857469354085
2022-11-19T03:00:00.0;0.06423348254160288
2022-11-19T04:00:00.0;0.06171950697643577
2022-11-19T05:00:00.0;0.0601664506152211
2022-11-19T06:00:00.0;0.060379543899431135
2022-11-19T07:00:00.0;0.05991356995706014
2022-11-19T08:00:00.0;0.05794382459172305
2022-11-19T09:00:00.0;0.054848720133618065
2022-11-19T10:00:00.0;0.051175958603994404
2022-11-19T11:00:00.0;0.049524277651844625
2022-11-19T12:00:00.0;0.04997809627979778
2022-11-19T13:00:00.0;0.05124375077497384
2022-11-19T14:00:00.0;0.05565100177627771
2022-11-19T15:00:00.0;0.06039765894436017
2022-11-19T16:00:00.0;0.06883776972609709
2022-11-19T17:00:00.0;0.07673994927663173
2022-11-19T18:00:00.0;0.08086393267225798
2022-11-19T19:00:00.0;0.0825544535119319
2022-11-19T20:00:00.0;0.08263303809832007
2022-11-19T21:00:00.0;0.08276438930032752
2022-11-19T22:00:00.0;0.08024718431574479
2022-11-19T23:00:00.0;0.07701648051926757
2022-11-20T00:00:00.0;0.07741114656547327
2022-11-20T01:00:00.0;0.0732053719833009
2022-11-20T02:00:00.0;0.07015474928875494
2022-11-20T03:00:00.0;0.0672766140350067
2022-11-20T04:00:00.0;0.06442596765156706
2022-11-20T05:00:00.0;0.06218278389902762
2022-11-20T06:00:00.0;0.060581729637370324
2022-11-20T07:00:00.0;0.05988717479135371
2022-11-20T08:00:00.0;0.059923061914745064
2022-11-20T09:00:00.0;0.05900315386862983
2022-11-20T10:00:00.0;0.05687687900597295
2022-11-20T11:00:00.0;0.0554642849409335
2022-11-20T12:00:00.0;0.056233837771001535
2022-11-20T13:00:00.0;0.05666630011988165
2022-11-20T14:00:00.0;0.06025103940593281
2022-11-20T15:00:00.0;0.06287401380315731
2022-11-20T16:00:00.0;0.06939656666846411
2022-11-20T17:00:00.0;0.0768675420941321
2022-11-20T18:00:00.0;0.08092573625532858
2022-11-20T19:00:00.0;0.08373752279935992
2022-11-20T20:00:00.0;0.08550850064005178
2022-11-20T21:00:00.0;0.0870184421088019
2022-11-20T22:00:00.0;0.08465128219606202
2022-11-20T23:00:00.0;0.08075449168240041
2022-11-21T00:00:00.0;0.07599268069606648
2022-11-21T01:00:00.0;0.07203723166449426
2022-11-21T02:00:00.0;0.06899751679938158
2022-11-21T03:00:00.0;0.06601665543590644
2022-11-21T04:00:00.0;0.06358561515517482
2022-11-21T05:00:00.0;0.06222570409970616
2022-11-21T06:00:00.0;0.06244372590233108
2022-11-21T07:00:00.0;0.062050255647077564
2022-11-21T08:00:00.0;0.06081172230612203
2022-11-21T09:00:00.0;0.05842600584419832
2022-11-21T10:00:00.0;0.05498406514630557
2022-11-21T11:00:00.0;0.05325471443777471
2022-11-21T12:00:00.0;0.05398869368729145
2022-11-21T13:00:00.0;0.055285219154253835
2022-11-21T14:00:00.0;0.059185613204546156
2022-11-21T15:00:00.0;0.06272678266538688
2022-11-21T16:00:00.0;0.07016906680626712
2022-11-21T17:00:00.0;0.07816930401579092
2022-11-21T18:00:00.0;0.08235436186013483
2022-11-21T19:00:00.0;0.08468619657791483
2022-11-21T20:00:00.0;0.08543721409483487
2022-11-21T21:00:00.0;0.08546362546988268
2022-11-21T22:00:00.0;0.08300217641154292
2022-11-21T23:00:00.0;0.07937032328505914
2022-11-22T00:00:00.0;0.07804265341709443
2022-11-22T01:00:00.0;0.07413386505456221
2022-11-22T02:00:00.0;0.07100738085529817
2022-11-22T03:00:00.0;0.06811705794169738
2022-11-22T04:00:00.0;0.0655428888088429
2022-11-22T05:00:00.0;0.06412782998982221
2022-11-22T06:00:00.0;0.06491403249016223
2022-11-22T07:00:00.0;0.06678515210068366
2022-11-22T08:00:00.0;0.06730522705805685
2022-11-22T09:00:00.0;0.06536131852081803
2022-11-22T10:00:00.0;0.062032034811920954
2022-11-22T11:00:00.0;0.06003787269326795
2022-11-22T12:00:00.0;0.059595069190635154
2022-11-22T13:00:00.0;0.05972674854381413
2022-11-22T14:00:00.0;0.06239618826896899
2022-11-22T15:00:00.0;0.06650569793354581
2022-11-22T16:00:00.0;0.07337523104462972
2022-11-22T17:00:00.0;0.0819526657375642
2022-11-22T18:00:00.0;0.08588571861057875
2022-11-22T19:00:00.0;0.08740103550087937
2022-11-22T20:00:00.0;0.08744635632809837
2022-11-22T21:00:00.0;0.08723497832105648
2022-11-22T22:00:00.0;0.08451416292640304
2022-11-22T23:00:00.0;0.08120282878461633
2022-11-23T00:00:00.0;0.07897072903473529
2022-11-23T01:00:00.0;0.07511966096409169
2022-11-23T02:00:00.0;0.07197884979289941
2022-11-23T03:00:00.0;0.06903252402188023
2022-11-23T04:00:00.0;0.06665357037554882
2022-11-23T05:00:00.0;0.06566493128653089
2022-11-23T06:00:00.0;0.06706691190116215
2022-11-23T07:00:00.0;0.06927694795246038
2022-11-23T08:00:00.0;0.07012042928548742
2022-11-23T09:00:00.0;0.06803911800908694
2022-11-23T10:00:00.0;0.06423294402281957
2022-11-23T11:00:00.0;0.06190562904417792
2022-11-23T12:00:00.0;0.06147398589284879
2022-11-23T13:00:00.0;0.06194795717689678
2022-11-23T14:00:00.0;0.06429350092667882
2022-11-23T15:00:00.0;0.06812518744369422
2022-11-23T16:00:00.0;0.0746487214742518
2022-11-23T17:00:00.0;0.0835268734128837
2022-11-23T18:00:00.0;0.08750673846923249
2022-11-23T19:00:00.0;0.08934490716969666
2022-11-23T20:00:00.0;0.08961555100164552
2022-11-23T21:00:00.0;0.08877552734506555
2022-11-23T22:00:00.0;0.08606174023788025
2022-11-23T23:00:00.0;0.08254683830756959
2022-11-24T00:00:00.0;0.07550390174752293
2022-11-24T01:00:00.0;0.07177822644361817
2022-11-24T02:00:00.0;0.06873174333230794
2022-11-24T03:00:00.0;0.06590973197445282
2022-11-24T04:00:00.0;0.06385941770127014
2022-11-24T05:00:00.0;0.06329851368954822
2022-11-24T06:00:00.0;0.06435160178759826
2022-11-24T07:00:00.0;0.0652674466444571
2022-11-24T08:00:00.0;0.06509715630390357
2022-11-24T09:00:00.0;0.061747175748845584
2022-11-24T10:00:00.0;0.05676430413906561
2022-11-24T11:00:00.0;0.053717610650453905
2022-11-24T12:00:00.0;0.053315081293378544
2022-11-24T13:00:00.0;0.05444713643391991
2022-11-24T14:00:00.0;0.0578995523750058
2022-11-24T15:00:00.0;0.06289395340431982
2022-11-24T16:00:00.0;0.07032250122804225
2022-11-24T17:00:00.0;0.07949100042603538
2022-11-24T18:00:00.0;0.08344917116119124
2022-11-24T19:00:00.0;0.08562974944795973
2022-11-24T20:00:00.0;0.08657474106757732
2022-11-24T21:00:00.0;0.08542976480675964
2022-11-24T22:00:00.0;0.08320145298725187
2022-11-24T23:00:00.0;0.0798676432415138
2022-11-25T00:00:00.0;0.07470080136201246
2022-11-25T01:00:00.0;0.07064316036187462
2022-11-25T02:00:00.0;0.06759300218348933
2022-11-25T03:00:00.0;0.06473013878349732
2022-11-25T04:00:00.0;0.06196301890470785
2022-11-25T05:00:00.0;0.05983973928217122
2022-11-25T06:00:00.0;0.059005322901913834
2022-11-25T07:00:00.0;0.05863223244651407
2022-11-25T08:00:00.0;0.05781506369054974
2022-11-25T09:00:00.0;0.05582174395596086
2022-11-25T10:00:00.0;0.052859230297688097
2022-11-25T11:00:00.0;0.05128641704461215
2022-11-25T12:00:00.0;0.05168015954723903
2022-11-25T13:00:00.0;0.052341558575618584
2022-11-25T14:00:00.0;0.05660707315758912
2022-11-25T15:00:00.0;0.060917293497510724
2022-11-25T16:00:00.0;0.06877967150287403
2022-11-25T17:00:00.0;0.07663548667346423
2022-11-25T18:00:00.0;0.08034989501046802
2022-11-25T19:00:00.0;0.0819658962664559
2022-11-25T20:00:00.0;0.082399712548408
2022-11-25T21:00:00.0;0.08340071503441787
2022-11-25T22:00:00.0;0.08101115678885877
2022-11-25T23:00:00.0;0.07777032280729178
2022-11-26T00:00:00.0;0.07645629009776911
2022-11-26T01:00:00.0;0.07235733182056224
2022-11-26T02:00:00.0;0.06930496796120536
2022-11-26T03:00:00.0;0.06637848401189922
2022-11-26T04:00:00.0;0.06381035777674567
2022-11-26T05:00:00.0;0.06214378439941249
2022-11-26T06:00:00.0;0.061807160889106136
2022-11-26T07:00:00.0;0.061479211774153435
2022-11-26T08:00:00.0;0.060901220779645875
2022-11-26T09:00:00.0;0.05927166500630369
2022-11-26T10:00:00.0;0.05632226397979388
2022-11-26T11:00:00.0;0.054693495842808165
2022-11-26T12:00:00.0;0.05544938215551525
2022-11-26T13:00:00.0;0.05635554748788734
2022-11-26T14:00:00.0;0.06015477203264426
2022-11-26T15:00:00.0;0.06329288862827444
2022-11-26T16:00:00.0;0.07031870701035736
2022-11-26T17:00:00.0;0.07832350894674953
2022-11-26T18:00:00.0;0.08225647497229327
2022-11-26T19:00:00.0;0.0844982171527292
2022-11-26T20:00:00.0;0.08538384857170316
2022-11-26T21:00:00.0;0.0859007325502539
2022-11-26T22:00:00.0;0.08351410261779026
2022-11-26T23:00:00.0;0.07988716658150144
2022-11-27T00:00:00.0;0.07458029450804975
2022-11-27T01:00:00.0;0.07062189610738957
2022-11-27T02:00:00.0;0.06754749887099261
2022-11-27T03:00:00.0;0.0646745872709741
2022-11-27T04:00:00.0;0.06199170088780045
2022-11-27T05:00:00.0;0.06004914967863085
2022-11-27T06:00:00.0;0.059680332129754356
2022-11-27T07:00:00.0;0.059904210516697864
2022-11-27T08:00:00.0;0.05945321979390739
2022-11-27T09:00:00.0;0.057064010708010975
2022-11-27T10:00:00.0;0.053492095422614315
2022-11-27T11:00:00.0;0.05152368475734673
2022-11-27T12:00:00.0;0.05155995002835323
2022-11-27T13:00:00.0;0.05236124044873227
2022-11-27T14:00:00.0;0.05651112010541394
2022-11-27T15:00:00.0;0.061443128398096014
2022-11-27T16:00:00.0;0.06949101901721963
2022-11-27T17:00:00.0;0.07769833657497864
2022-11-27T18:00:00.0;0.08123382882591705
2022-11-27T19:00:00.0;0.08262519774789091
2022-11-27T20:00:00.0;0.08285679015922895
2022-11-27T21:00:00.0;0.08340916844561849
2022-11-27T22:00:00.0;0.08101455596607599
2022-11-27T23:00:00.0;0.0778783643130662
2022-11-28T00:00:00.0;0.07782924160438105
2022-11-28T01:00:00.0;0.07336517777725875
2022-11-28T02:00:00.0;0.0703266981957412
2022-11-28T03:00:00.0;0.06750925485231535
2022-11-28T04:00:00.0;0.06458204862676792
2022-11-28T05:00:00.0;0.06221912689977355
2022-11-28T06:00:00.0;0.060570942051048925
2022-11-28T07:00:00.0;0.059742258742237875
2022-11-28T08:00:00.0;0.05950892386219574
2022-11-28T09:00:00.0;0.059713879448609904
2022-11-28T10:00:00.0;0.058700149103881494
2022-11-28T11:00:00.0;0.058024743902740386
2022-11-28T12:00:00.0;0.05925089531404032
2022-11-28T13:00:00.0;0.05904017514646951
2022-11-28T14:00:00.0;0.06260307435205098
2022-11-28T15:00:00.0;0.06407337525614992
2022-11-28T16:00:00.0;0.07007271428657341
2022-11-28T17:00:00.0;0.0775248518214558
2022-11-28T18:00:00.0;0.08150850263918089
2022-11-28T19:00:00.0;0.08379371636388923
2022-11-28T20:00:00.0;0.08489400130767857
2022-11-28T21:00:00.0;0.08678497681811777
2022-11-28T22:00:00.0;0.08439240569464279
2022-11-28T23:00:00.0;0.08068397269668823
2022-11-29T00:00:00.0;0.0771524800234749
2022-11-29T01:00:00.0;0.07288793187886343
2022-11-29T02:00:00.0;0.06987816751587142
2022-11-29T03:00:00.0;0.06697594532967918
2022-11-29T04:00:00.0;0.06426179993461163
2022-11-29T05:00:00.0;0.06239719134682285
2022-11-29T06:00:00.0;0.06166699859915865
2022-11-29T07:00:00.0;0.0606215594919045
2022-11-29T08:00:00.0;0.059084613568690394
2022-11-29T09:00:00.0;0.05819311246785169
2022-11-29T10:00:00.0;0.056618692057091295
2022-11-29T11:00:00.0;0.055975838770955105
2022-11-29T12:00:00.0;0.05728614170922801
2022-11-29T13:00:00.0;0.05760971097151201
2022-11-29T14:00:00.0;0.061338591384778644
2022-11-29T15:00:00.0;0.0632223875174541
2022-11-29T16:00:00.0;0.06983694854594966
2022-11-29T17:00:00.0;0.07720259531178085
2022-11-29T18:00:00.0;0.08168354638062039
2022-11-29T19:00:00.0;0.08407978637672851
2022-11-29T20:00:00.0;0.08484755716727277
2022-11-29T21:00:00.0;0.08600335007272926
2022-11-29T22:00:00.0;0.08345774697720058
2022-11-29T23:00:00.0;0.07975493945680823
2022-11-30T00:00:00.0;0.07655615691590476
2022-11-30T01:00:00.0;0.07246741043492282
2022-11-30T02:00:00.0;0.06948294825933153
2022-11-30T03:00:00.0;0.06650602386722068
2022-11-30T04:00:00.0;0.06397961533564815
2022-11-30T05:00:00.0;0.06255409142420316
2022-11-30T06:00:00.0;0.0626327801465778
2022-11-30T07:00:00.0;0.061396348384069266
2022-11-30T08:00:00.0;0.0587107359137882
2022-11-30T09:00:00.0;0.05685310068609315
2022-11-30T10:00:00.0;0.054784632663894446
2022-11-30T11:00:00.0;0.05417046223987803
2022-11-30T12:00:00.0;0.05555491462972604
2022-11-30T13:00:00.0;0.056349268791954114
2022-11-30T14:00:00.0;0.060224402231925565
2022-11-30T15:00:00.0;0.0624725464106884
2022-11-30T16:00:00.0;0.06962920543068729
2022-11-30T17:00:00.0;0.07691864154031118
2022-11-30T18:00:00.0;0.08183778478717436
2022-11-30T19:00:00.0;0.08433185470308141
2022-11-30T20:00:00.0;0.08480663328075703
2022-11-30T21:00:00.0;0.08531462585592914
2022-11-30T22:00:00.0;0.08263417985012404
2022-11-30T23:00:00.0;0.07893632917473607
2022-12-01T00:00:00.0;0.07577586162841546
2022-12-01T01:00:00.0;0.07191715354091764
2022-12-01T02:00:00.0;0.06896579955338972
2022-12-01T03:00:00.0;0.065891126510416
2022-12-01T04:00:00.0;0.06361037371147149
2022-12-01T05:00:00.0;0.06275939688601134
2022-12-01T06:00:00.0;0.06389651583051933
2022-12-01T07:00:00.0;0.062410168096370296
2022-12-01T08:00:00.0;0.05822151292625971
2022-12-01T09:00:00.0;0.05509968066058568
2022-12-01T10:00:00.0;0.0523847459526141
2022-12-01T11:00:00.0;0.051808107366387704
2022-12-01T12:00:00.0;0.05328958512201389
2022-12-01T13:00:00.0;0.05469996645840991
2022-12-01T14:00:00.0;0.058766473578304355
2022-12-01T15:00:00.0;0.06149137114756778
2022-12-01T16:00:00.0;0.0693573712995095
2022-12-01T17:00:00.0;0.07654708493462233
2022-12-01T18:00:00.0;0.08203960742368821
2022-12-01T19:00:00.0;0.08466168885621349
2022-12-01T20:00:00.0;0.08475308392909081
2022-12-01T21:00:00.0;0.08441342270963706
2022-12-01T22:00:00.0;0.08155653328565088
2022-12-01T23:00:00.0;0.07786516869599165
2022-12-02T00:00:00.0;0.07824062724647195
2022-12-02T01:00:00.0;0.07367317954994577
2022-12-02T02:00:00.0;0.07062138641755096
2022-12-02T03:00:00.0;0.06787235512791086
2022-12-02T04:00:00.0;0.06481690907323767
2022-12-02T05:00:00.0;0.0621327479967762
2022-12-02T06:00:00.0;0.059845142304996296
2022-12-02T07:00:00.0;0.059117984968019656
2022-12-02T08:00:00.0;0.05970259094850682
2022-12-02T09:00:00.0;0.060565452156130156
2022-12-02T10:00:00.0;0.0599389146716924
2022-12-02T11:00:00.0;0.059212988686993755
2022-12-02T12:00:00.0;0.06035216621928534
2022-12-02T13:00:00.0;0.05977767107994084
2022-12-02T14:00:00.0;0.06323934061379359
2022-12-02T15:00:00.0;0.06447102582768183
2022-12-02T16:00:00.0;0.07003700345389648
2022-12-02T17:00:00.0;0.07750343694703939
2022-12-02T18:00:00.0;0.08122684063493903
2022-12-02T19:00:00.0;0.08354422143191895
2022-12-02T20:00:00.0;0.08495411550686828
2022-12-02T21:00:00.0;0.08731638623680685
2022-12-02T22:00:00.0;0.08503760032301211
2022-12-02T23:00:00.0;0.08131874605528217
2022-12-03T00:00:00.0;0.07746967376174997
2022-12-03T01:00:00.0;0.07298721715192287
2022-12-03T02:00:00.0;0.06992609411519281
2022-12-03T03:00:00.0;0.06714737236877222
2022-12-03T04:00:00.0;0.06414395868215052
2022-12-03T05:00:00.0;0.06156156164698935
2022-12-03T06:00:00.0;0.059601763642604326
2022-12-03T07:00:00.0;0.05906145305801106
2022-12-03T08:00:00.0;0.059526821577694115
2022-12-03T09:00:00.0;0.059845429160054024
2022-12-03T10:00:00.0;0.058633051578422926
2022-12-03T11:00:00.0;0.05767459464616912
2022-12-03T12:00:00.0;0.05863186724577929
2022-12-03T13:00:00.0;0.05833825240455197
2022-12-03T14:00:00.0;0.06196862449955749
2022-12-03T15:00:00.0;0.06390915743808175
2022-12-03T16:00:00.0;0.06998960041407382
2022-12-03T17:00:00.0;0.0776406156842337
2022-12-03T18:00:00.0;0.08122382191045074
2022-12-03T19:00:00.0;0.08326067060132493
2022-12-03T20:00:00.0;0.08438839419653073
2022-12-03T21:00:00.0;0.0864586597619929
2022-12-03T22:00:00.0;0.0841686829731847
2022-12-03T23:00:00.0;0.08057600781910529
2022-12-04T00:00:00.0;0.07831980105033629
2022-12-04T01:00:00.0;0.0737111156822854
2022-12-04T02:00:00.0;0.07065182150063717
2022-12-04T03:00:00.0;0.06789583120553673
2022-12-04T04:00:00.0;0.06481418506214552
2022-12-04T05:00:00.0;0.06209005456624676
2022-12-04T06:00:00.0;0.05977645118728511
2022-12-04T07:00:00.0;0.05910488614196865
2022-12-04T08:00:00.0;0.05981649070459298
2022-12-04T09:00:00.0;0.06081622720084023
2022-12-04T10:00:00.0;0.060208920352813514
2022-12-04T11:00:00.0;0.05950991947213012
2022-12-04T12:00:00.0;0.06067507255312757
2022-12-04T13:00:00.0;0.060077065733825784
2022-12-04T14:00:00.0;0.06351965129930376
2022-12-04T15:00:00.0;0.06469022480167282
2022-12-04T16:00:00.0;0.07024361215424012
2022-12-04T17:00:00.0;0.07775844364951132
2022-12-04T18:00:00.0;0.08138161990345655
2022-12-04T19:00:00.0;0.08358635478935224
2022-12-04T20:00:00.0;0.08492766694773284
2022-12-04T21:00:00.0;0.08735154914429527
2022-12-04T22:00:00.0;0.08506990523882754
2022-12-04T23:00:00.0;0.08135739454019668
2022-12-05T00:00:00.0;0.07830887400294131
2022-12-05T01:00:00.0;0.07370216188232219
2022-12-05T02:00:00.0;0.07064254899181939
2022-12-05T03:00:00.0;0.06788605833136648
2022-12-05T04:00:00.0;0.06480719263653122
2022-12-05T05:00:00.0;0.062088008504963606
2022-12-05T06:00:00.0;0.059784830331689624
2022-12-05T07:00:00.0;0.05912062142450893
2022-12-05T08:00:00.0;0.05983546308586328
2022-12-05T09:00:00.0;0.060825013845435295
2022-12-05T10:00:00.0;0.0602023500953296
2022-12-05T11:00:00.0;0.05949462904885621
2022-12-05T12:00:00.0;0.06065550231569606
2022-12-05T13:00:00.0;0.06006486222428981
2022-12-05T14:00:00.0;0.06350925013504606
2022-12-05T15:00:00.0;0.06469249838930148
2022-12-05T16:00:00.0;0.07025214656196345
2022-12-05T17:00:00.0;0.07777471697401406
2022-12-05T18:00:00.0;0.08139331776708461
2022-12-05T19:00:00.0;0.08359385603411858
2022-12-05T20:00:00.0;0.08493108391067535
2022-12-05T21:00:00.0;0.08734423626681864
2022-12-05T22:00:00.0;0.0850636128576956
2022-12-05T23:00:00.0;0.08135314607348264
2022-12-06T00:00:00.0;0.0778194367917442
2022-12-06T01:00:00.0;0.07335826351565246
2022-12-06T02:00:00.0;0.07032019995558975
2022-12-06T03:00:00.0;0.06750152834996292
2022-12-06T04:00:00.0;0.06457740891536529
2022-12-06T05:00:00.0;0.06222170666876437
2022-12-06T06:00:00.0;0.060586821541547216
2022-12-06T07:00:00.0;0.05975499790968645
2022-12-06T08:00:00.0;0.0595027765230957
2022-12-06T09:00:00.0;0.059691846821860205
2022-12-06T10:00:00.0;0.058669993289882566
2022-12-06T11:00:00.0;0.05799505969563611
2022-12-06T12:00:00.0;0.05922243028068697
2022-12-06T13:00:00.0;0.059019450812206324
2022-12-06T14:00:00.0;0.06258475472675548
2022-12-06T15:00:00.0;0.06406104628303802
2022-12-06T16:00:00.0;0.07006929855054728
2022-12-06T17:00:00.0;0.07752018302111678
2022-12-06T18:00:00.0;0.081511038644676
2022-12-06T19:00:00.0;0.0837978609000982
2022-12-06T20:00:00.0;0.08489332843246283
2022-12-06T21:00:00.0;0.08677365273589042
2022-12-06T22:00:00.0;0.08437886450988516
2022-12-06T23:00:00.0;0.08067051301294224
2022-12-07T00:00:00.0;0.07789529039022297
2022-12-07T01:00:00.0;0.07336326475828751
2022-12-07T02:00:00.0;0.07029158888730022
2022-12-07T03:00:00.0;0.06751615963322052
2022-12-07T04:00:00.0;0.06454253261057022
2022-12-07T05:00:00.0;0.062010566046196584
2022-12-07T06:00:00.0;0.06010197701267721
2022-12-07T07:00:00.0;0.05971619447960101
2022-12-07T08:00:00.0;0.060553558807792424
2022-12-07T09:00:00.0;0.06115758421727962
2022-12-07T10:00:00.0;0.05995366893485991
2022-12-07T11:00:00.0;0.05891589370809721
2022-12-07T12:00:00.0;0.05991477801880967
2022-12-07T13:00:00.0;0.05960296511894236
2022-12-07T14:00:00.0;0.06311557095212599
2022-12-07T15:00:00.0;0.0647785526134032
2022-12-07T16:00:00.0;0.07057516988665902
2022-12-07T17:00:00.0;0.07839065466472867
2022-12-07T18:00:00.0;0.08183607641226155
2022-12-07T19:00:00.0;0.08387777462604996
2022-12-07T20:00:00.0;0.08506041435349383
2022-12-07T21:00:00.0;0.08706744728834817
2022-12-07T22:00:00.0;0.08482544918666171
2022-12-07T23:00:00.0;0.08119234360337386
2022-12-08T00:00:00.0;0.07722189117191536
2022-12-08T01:00:00.0;0.07293076988330056
2022-12-08T02:00:00.0;0.0699142305455319
2022-12-08T03:00:00.0;0.06702495507625032
2022-12-08T04:00:00.0;0.06428572819125745
2022-12-08T05:00:00.0;0.062354838041217976
2022-12-08T06:00:00.0;0.061508969081476274
2022-12-08T07:00:00.0;0.06053890428496627
2022-12-08T08:00:00.0;0.05925454576055846
2022-12-08T09:00:00.0;0.058512303003194606
2022-12-08T10:00:00.0;0.056964529166772616
2022-12-08T11:00:00.0;0.05627307635598319
2022-12-08T12:00:00.0;0.05754714600851121
2022-12-08T13:00:00.0;0.057809748721663924
2022-12-08T14:00:00.0;0.0615173093603076
2022-12-08T15:00:00.0;0.06338806009268413
2022-12-08T16:00:00.0;0.06992154313785257
2022-12-08T17:00:00.0;0.07734078140703989
2022-12-08T18:00:00.0;0.08170902250963068
2022-12-08T19:00:00.0;0.08406455593042043
2022-12-08T20:00:00.0;0.08487271871686869
2022-12-08T21:00:00.0;0.08610949764384862
2022-12-08T22:00:00.0;0.08359668139525288
2022-12-08T23:00:00.0;0.07990285787455867
2022-12-09T00:00:00.0;0.07581487682489352
2022-12-09T01:00:00.0;0.07197258520435076
2022-12-09T02:00:00.0;0.06902603680542553
2022-12-09T03:00:00.0;0.0659825796967458
2022-12-09T04:00:00.0;0.06369153183587194
2022-12-09T05:00:00.0;0.06278323591378081
2022-12-09T06:00:00.0;0.06374045272520631
2022-12-09T07:00:00.0;0.06221943558861413
2022-12-09T08:00:00.0;0.05814572873306236
2022-12-09T09:00:00.0;0.05507368839490725
2022-12-09T10:00:00.0;0.05246340527772464
2022-12-09T11:00:00.0;0.051836946104304914
2022-12-09T12:00:00.0;0.05325769277946083
2022-12-09T13:00:00.0;0.054576441141535925
2022-12-09T14:00:00.0;0.0586328583656829
2022-12-09T15:00:00.0;0.06135378807488039
2022-12-09T16:00:00.0;0.06909168166905447
2022-12-09T17:00:00.0;0.07622666545856567
2022-12-09T18:00:00.0;0.08175611457145719
2022-12-09T19:00:00.0;0.0845272602820055
2022-12-09T20:00:00.0;0.08480549736543641
2022-12-09T21:00:00.0;0.08454627856106865
2022-12-09T22:00:00.0;0.08173059868233827
2022-12-09T23:00:00.0;0.07802798715303227
2022-12-10T00:00:00.0;0.07746108880281306
2022-12-10T01:00:00.0;0.07310555988598334
2022-12-10T02:00:00.0;0.07008270115004284
2022-12-10T03:00:00.0;0.06721913880494974
2022-12-10T04:00:00.0;0.06440783594014059
2022-12-10T05:00:00.0;0.06231599251225864
2022-12-10T06:00:00.0;0.06116718790815452
2022-12-10T07:00:00.0;0.060220591206053505
2022-12-10T08:00:00.0;0.059278102509897686
2022-12-10T09:00:00.0;0.058886594566763366
2022-12-10T10:00:00.0;0.05756785338151912
2022-12-10T11:00:00.0;0.05691015615766806
2022-12-10T12:00:00.0;0.05818208531594034
2022-12-10T13:00:00.0;0.058262014257300675
2022-12-10T14:00:00.0;0.06191520589132513
2022-12-10T15:00:00.0;0.06361044484026937
2022-12-10T16:00:00.0;0.06994445963918612
2022-12-10T17:00:00.0;0.07734954689841111
2022-12-10T18:00:00.0;0.0816037250123564
2022-12-10T19:00:00.0;0.08394933612665761
2022-12-10T20:00:00.0;0.0848687360726398
2022-12-10T21:00:00.0;0.08635977821906321
2022-12-10T22:00:00.0;0.08388395894612087
2022-12-10T23:00:00.0;0.08017858616225516
2022-12-11T00:00:00.0;0.07682158447222925
2022-12-11T01:00:00.0;0.07265458744991729
2022-12-11T02:00:00.0;0.06965886309500378
2022-12-11T03:00:00.0;0.06671518917351418
2022-12-11T04:00:00.0;0.0641052176602679
2022-12-11T05:00:00.0;0.06248425411017407
2022-12-11T06:00:00.0;0.062202904072985246
2022-12-11T07:00:00.0;0.06105148446767227
2022-12-11T08:00:00.0;0.058877151454365506
2022-12-11T09:00:00.0;0.057449549235818985
2022-12-11T10:00:00.0;0.055600985236367896
2022-12-11T11:00:00.0;0.05497404787123483
2022-12-11T12:00:00.0;0.056325495825258476
2022-12-11T13:00:00.0;0.05691030035917212
2022-12-11T14:00:00.0;0.06072033556130821
2022-12-11T15:00:00.0;0.06280630589455524
2022-12-11T16:00:00.0;0.06972167333395539
2022-12-11T17:00:00.0;0.07704503133589939
2022-12-11T18:00:00.0;0.08176913220131396
2022-12-11T19:00:00.0;0.08421965734054203
2022-12-11T20:00:00.0;0.0848248487868397
2022-12-11T21:00:00.0;0.0856211817876482
2022-12-11T22:00:00.0;0.08300075529761901
2022-12-11T23:00:00.0;0.07930069829609696
2022-12-12T00:00:00.0;0.07512093112919405
2022-12-12T01:00:00.0;0.07145530271589165
2022-12-12T02:00:00.0;0.06853173764684664
2022-12-12T03:00:00.0;0.06537502057037141
2022-12-12T04:00:00.0;0.06330045565207444
2022-12-12T05:00:00.0;0.06293171730207785
2022-12-12T06:00:00.0;0.06495721561384217
2022-12-12T07:00:00.0;0.063261104223941
2022-12-12T08:00:00.0;0.057810890101042386
2022-12-12T09:00:00.0;0.05362797082065388
2022-12-12T10:00:00.0;0.050370432875123924
2022-12-12T11:00:00.0;0.049825296139100424
2022-12-12T12:00:00.0;0.051388210848486396
2022-12-12T13:00:00.0;0.05331564642214422
2022-12-12T14:00:00.0;0.057542780501779876
2022-12-12T15:00:00.0;0.06066783470539992
2022-12-12T16:00:00.0;0.06912921092728613
2022-12-12T17:00:00.0;0.0762352238262004
2022-12-12T18:00:00.0;0.08220900457654233
2022-12-12T19:00:00.0;0.08493853077751498
2022-12-12T20:00:00.0;0.08470813799108239
2022-12-12T21:00:00.0;0.08365700980292821
2022-12-12T22:00:00.0;0.08065202493634945
2022-12-12T23:00:00.0;0.07696610435671106
2022-12-13T00:00:00.0;0.07622558827515462
2022-12-13T01:00:00.0;0.07225973732568026
2022-12-13T02:00:00.0;0.06929518889755101
2022-12-13T03:00:00.0;0.06630084555790372
2022-12-13T04:00:00.0;0.06388031942977977
2022-12-13T05:00:00.0;0.06267214586944359
2022-12-13T06:00:00.0;0.06308352312732692
2022-12-13T07:00:00.0;0.0616982360884613
2022-12-13T08:00:00.0;0.058412129805577834
2022-12-13T09:00:00.0;0.05600669536432982
2022-12-13T10:00:00.0;0.05373026349555644
2022-12-13T11:00:00.0;0.053088304253515815
2022-12-13T12:00:00.0;0.05446294050046851
2022-12-13T13:00:00.0;0.05546283926002478
2022-12-13T14:00:00.0;0.0594185724530676
2022-12-13T15:00:00.0;0.06188679772566859
2022-12-13T16:00:00.0;0.06925954845395313
2022-12-13T17:00:00.0;0.07645232126708618
2022-12-13T18:00:00.0;0.08167414844910616
2022-12-13T19:00:00.0;0.08436411750994481
2022-12-13T20:00:00.0;0.08482926928028046
2022-12-13T21:00:00.0;0.08501283863261429
2022-12-13T22:00:00.0;0.08228715610636159
2022-12-13T23:00:00.0;0.07858209996875831
2022-12-14T00:00:00.0;0.07490346064591649
2022-12-14T01:00:00.0;0.07130573842737667
2022-12-14T02:00:00.0;0.06839227869132605
2022-12-14T03:00:00.0;0.06521189656748994
2022-12-14T04:00:00.0;0.06320606672089593
2022-12-14T05:00:00.0;0.0629935709621566
2022-12-14T06:00:00.0;0.0652968014122765
2022-12-14T07:00:00.0;0.06352462843771667
2022-12-14T08:00:00.0;0.057660919896321924
2022-12-14T09:00:00.0;0.053123841900425725
2022-12-14T10:00:00.0;0.049695960523804754
2022-12-14T11:00:00.0;0.04915476890433118
2022-12-14T12:00:00.0;0.050737131348712335
2022-12-14T13:00:00.0;0.05282798905374271
2022-12-14T14:00:00.0;0.05710838870114805
2022-12-14T15:00:00.0;0.06036901555713324
2022-12-14T16:00:00.0;0.06901549840197713
2022-12-14T17:00:00.0;0.07608560355083326
2022-12-14T18:00:00.0;0.08222810053710979
2022-12-14T19:00:00.0;0.08501443005172712
2022-12-14T20:00:00.0;0.08469997225878798
2022-12-14T21:00:00.0;0.08341777245901251
2022-12-14T22:00:00.0;0.080368013427814
2022-12-14T23:00:00.0;0.0766824162608466
2022-12-15T00:00:00.0;0.07740221481727669
2022-12-15T01:00:00.0;0.07308644236192308
2022-12-15T02:00:00.0;0.07007126553485482
2022-12-15T03:00:00.0;0.06722145206442756
2022-12-15T04:00:00.0;0.0644302790669037
2022-12-15T05:00:00.0;0.06235884598416483
2022-12-15T06:00:00.0;0.061188021027895625
2022-12-15T07:00:00.0;0.060184725780961255
2022-12-15T08:00:00.0;0.05916076014704885
2022-12-15T09:00:00.0;0.05866310123077964
2022-12-15T10:00:00.0;0.05735361437940373
2022-12-15T11:00:00.0;0.05666028208589037
2022-12-15T12:00:00.0;0.057894697898873373
2022-12-15T13:00:00.0;0.05797229990204099
2022-12-15T14:00:00.0;0.06163951275468526
2022-12-15T15:00:00.0;0.06338666553097246
2022-12-15T16:00:00.0;0.06969987364039128
2022-12-15T17:00:00.0;0.07704952480102285
2022-12-15T18:00:00.0;0.0813995944475249
2022-12-15T19:00:00.0;0.08387959829278067
2022-12-15T20:00:00.0;0.08490460035302418
2022-12-15T21:00:00.0;0.08636222232983999
2022-12-15T22:00:00.0;0.08389907551939549
2022-12-15T23:00:00.0;0.08018542856330914
2022-12-16T00:00:00.0;0.07689803140233545
2022-12-16T01:00:00.0;0.07270849710564752
2022-12-16T02:00:00.0;0.06970952908211342
2022-12-16T03:00:00.0;0.06677543177142782
2022-12-16T04:00:00.0;0.06414139292505332
2022-12-16T05:00:00.0;0.06246413996551511
2022-12-16T06:00:00.0;0.06207909361936348
2022-12-16T07:00:00.0;0.0609521587304428
2022-12-16T08:00:00.0;0.05892508150870977
2022-12-16T09:00:00.0;0.05762133494346829
2022-12-16T10:00:00.0;0.055836106445763305
2022-12-16T11:00:00.0;0.05520549201910457
2022-12-16T12:00:00.0;0.0565474342238624
2022-12-16T13:00:00.0;0.05707188546962706
2022-12-16T14:00:00.0;0.0608631714487859
2022-12-16T15:00:00.0;0.062902433396495
2022-12-16T16:00:00.0;0.06974830541178517
2022-12-16T17:00:00.0;0.07708143340357942
2022-12-16T18:00:00.0;0.08174935927530147
2022-12-16T19:00:00.0;0.0841873428964394
2022-12-16T20:00:00.0;0.08483009511295456
2022-12-16T21:00:00.0;0.08570947427773581
2022-12-16T22:00:00.0;0.08310633426613814
2022-12-16T23:00:00.0;0.07940564181115338
2022-12-17T00:00:00.0;0.07824964229558343
2022-12-17T01:00:00.0;0.07365362646008115
2022-12-17T02:00:00.0;0.07059228596019551
2022-12-17T03:00:00.0;0.06783308299393315
2022-12-17T04:00:00.0;0.064769289139572
2022-12-17T05:00:00.0;0.0620769175213905
2022-12-17T06:00:00.0;0.0598302507468611
2022-12-17T07:00:00.0;0.05920591689518197
2022-12-17T08:00:00.0;0.059938305738106455
2022-12-17T09:00:00.0;0.06087264317680924
2022-12-17T10:00:00.0;0.06016673502435144
2022-12-17T11:00:00.0;0.059411745004886954
2022-12-17T12:00:00.0;0.060549418894020594
2022-12-17T13:00:00.0;0.05999871126150485
2022-12-17T14:00:00.0;0.06345286905649616
2022-12-17T15:00:00.0;0.06470482271372383
2022-12-17T16:00:00.0;0.07029840860535629
2022-12-17T17:00:00.0;0.07786292898223973
2022-12-17T18:00:00.0;0.08145672780001345
2022-12-17T19:00:00.0;0.08363451766198196
2022-12-17T20:00:00.0;0.08494960607331893
2022-12-17T21:00:00.0;0.08730459571224033
2022-12-17T22:00:00.0;0.08502950405736563
2022-12-17T23:00:00.0;0.08133011661931903
2022-12-18T00:00:00.0;0.07671540653580144
2022-12-18T01:00:00.0;0.07239644878042452
2022-12-18T02:00:00.0;0.06929035927342224
2022-12-18T03:00:00.0;0.06646090142594924
2022-12-18T04:00:00.0;0.06378750247412518
2022-12-18T05:00:00.0;0.06178963585472853
2022-12-18T06:00:00.0;0.06100674266797281
2022-12-18T07:00:00.0;0.06141526332619533
2022-12-18T08:00:00.0;0.0626021640285471
2022-12-18T09:00:00.0;0.062106351044908525
2022-12-18T10:00:00.0;0.0592442237897574
2022-12-18T11:00:00.0;0.05726486000282869
2022-12-18T12:00:00.0;0.05780161731418287
2022-12-18T13:00:00.0;0.058285251069728684
2022-12-18T14:00:00.0;0.061992471057775035
2022-12-18T15:00:00.0;0.06502405070979793
2022-12-18T16:00:00.0;0.07149670060908016
2022-12-18T17:00:00.0;0.08014782036050487
2022-12-18T18:00:00.0;0.08309919168275366
2022-12-18T19:00:00.0;0.08468774618267956
2022-12-18T20:00:00.0;0.08542937215712579
2022-12-18T21:00:00.0;0.08627781530889755
2022-12-18T22:00:00.0;0.0841460086539102
2022-12-18T23:00:00.0;0.08073360144725837
2022-12-19T00:00:00.0;0.07982255309692829
2022-12-19T01:00:00.0;0.075997316769101
2022-12-19T02:00:00.0;0.0728058933933594
2022-12-19T03:00:00.0;0.06987795369017244
2022-12-19T04:00:00.0;0.06759091336625633
2022-12-19T05:00:00.0;0.06686319022200701
2022-12-19T06:00:00.0;0.0690393381935227
2022-12-19T07:00:00.0;0.072516894469359
2022-12-19T08:00:00.0;0.0743297195436214
2022-12-19T09:00:00.0;0.07237717771500726
2022-12-19T10:00:00.0;0.06817489144612789
2022-12-19T11:00:00.0;0.06547139451815967
2022-12-19T12:00:00.0;0.06454865579231592
2022-12-19T13:00:00.0;0.06477940115199436
2022-12-19T14:00:00.0;0.06659349287742698
2022-12-19T15:00:00.0;0.07068449790534473
2022-12-19T16:00:00.0;0.07690948420080262
2022-12-19T17:00:00.0;0.0864440671857422
2022-12-19T18:00:00.0;0.0900835651811847
2022-12-19T19:00:00.0;0.09139521251334641
2022-12-19T20:00:00.0;0.09115142732690103
2022-12-19T21:00:00.0;0.08972324226289954
2022-12-19T22:00:00.0;0.08696536925870292
2022-12-19T23:00:00.0;0.08363455108152759
2022-12-20T00:00:00.0;0.07824165617572659
2022-12-20T01:00:00.0;0.07436675649486194
2022-12-20T02:00:00.0;0.07118513075683625
2022-12-20T03:00:00.0;0.0682612968079472
2022-12-20T04:00:00.0;0.06600256060463522
2022-12-20T05:00:00.0;0.06514001133249098
2022-12-20T06:00:00.0;0.06694238602954224
2022-12-20T07:00:00.0;0.06984447837693568
2022-12-20T08:00:00.0;0.07163430029959532
2022-12-20T09:00:00.0;0.06959121353807085
2022-12-20T10:00:00.0;0.0649803956834676
2022-12-20T11:00:00.0;0.06203321110193731
2022-12-20T12:00:00.0;0.06134167496691951
2022-12-20T13:00:00.0;0.06205300410997229
2022-12-20T14:00:00.0;0.06456651930467142
2022-12-20T15:00:00.0;0.0690095321929083
2022-12-20T16:00:00.0;0.07565335831872862
2022-12-20T17:00:00.0;0.08532769394748485
2022-12-20T18:00:00.0;0.08849996955295422
2022-12-20T19:00:00.0;0.08967159641463153
2022-12-20T20:00:00.0;0.0895190064509
2022-12-20T21:00:00.0;0.08823122133911836
2022-12-20T22:00:00.0;0.08572771140240515
2022-12-20T23:00:00.0;0.08248201571498821
2022-12-21T00:00:00.0;0.0773888691367447
2022-12-21T01:00:00.0;0.07304984598098699
2022-12-21T02:00:00.0;0.0699464591196081
2022-12-21T03:00:00.0;0.06712466112479737
2022-12-21T04:00:00.0;0.06439320833363837
2022-12-21T05:00:00.0;0.062348174874717784
2022-12-21T06:00:00.0;0.06149302173847944
2022-12-21T07:00:00.0;0.06194500898577835
2022-12-21T08:00:00.0;0.0630812761384934
2022-12-21T09:00:00.0;0.06279415197058916
2022-12-21T10:00:00.0;0.06032908465205941
2022-12-21T11:00:00.0;0.058578732933711825
2022-12-21T12:00:00.0;0.059121593510653124
2022-12-21T13:00:00.0;0.05932851895829544
2022-12-21T14:00:00.0;0.06279173857649617
2022-12-21T15:00:00.0;0.06549111357655053
2022-12-21T16:00:00.0;0.07172544325049003
2022-12-21T17:00:00.0;0.08019650478496101
2022-12-21T18:00:00.0;0.08337086576603937
2022-12-21T19:00:00.0;0.08507652507893047
2022-12-21T20:00:00.0;0.08586319761863692
2022-12-21T21:00:00.0;0.08686003464035207
2022-12-21T22:00:00.0;0.08463299546355693
2022-12-21T23:00:00.0;0.08115842472960552
2022-12-22T00:00:00.0;0.07716860678022751
2022-12-22T01:00:00.0;0.07278744151886836
2022-12-22T02:00:00.0;0.06970687663399795
2022-12-22T03:00:00.0;0.06688451047610278
2022-12-22T04:00:00.0;0.0641061683070831
2022-12-22T05:00:00.0;0.06195190429254179
2022-12-22T06:00:00.0;0.06080578498491577
2022-12-22T07:00:00.0;0.060738448379237406
2022-12-22T08:00:00.0;0.061409087671329673
2022-12-22T09:00:00.0;0.06121747660931375
2022-12-22T10:00:00.0;0.05909143800398998
2022-12-22T11:00:00.0;0.05761917745543871
2022-12-22T12:00:00.0;0.058422133269832394
2022-12-22T13:00:00.0;0.058620050114757655
2022-12-22T14:00:00.0;0.0622663221384553
2022-12-22T15:00:00.0;0.06467786147876754
2022-12-22T16:00:00.0;0.07094861255911203
2022-12-22T17:00:00.0;0.07913506220820012
2022-12-22T18:00:00.0;0.082474473595585
2022-12-22T19:00:00.0;0.08433129291575403
2022-12-22T20:00:00.0;0.08522210964450147
2022-12-22T21:00:00.0;0.08649763440760432
2022-12-22T22:00:00.0;0.08426858422049628
2022-12-22T23:00:00.0;0.08074068389566834
2022-12-23T00:00:00.0;0.07657429955454215
2022-12-23T01:00:00.0;0.07228082343004934
2022-12-23T02:00:00.0;0.06917061826007392
2022-12-23T03:00:00.0;0.06633469891922016
2022-12-23T04:00:00.0;0.06369720543097614
2022-12-23T05:00:00.0;0.061763213938477814
2022-12-23T06:00:00.0;0.06111494717461762
2022-12-23T07:00:00.0;0.06161846169609946
2022-12-23T08:00:00.0;0.06284716483723642
2022-12-23T09:00:00.0;0.062219817825951415
2022-12-23T10:00:00.0;0.059159378436192005
2022-12-23T11:00:00.0;0.05706740634564476
2022-12-23T12:00:00.0;0.05754889605960491
2022-12-23T13:00:00.0;0.058127660429810414
2022-12-23T14:00:00.0;0.06185815509510581
2022-12-23T15:00:00.0;0.06505341079906209
2022-12-23T16:00:00.0;0.0716069101164747
2022-12-23T17:00:00.0;0.08035796676260556
2022-12-23T18:00:00.0;0.08325025263857042
2022-12-23T19:00:00.0;0.08478461388777918
2022-12-23T20:00:00.0;0.08547349728155008
2022-12-23T21:00:00.0;0.08618338009435628
2022-12-23T22:00:00.0;0.08406475167072282
2022-12-23T23:00:00.0;0.0806787386566682
2022-12-24T00:00:00.0;0.07406635776970284
2022-12-24T01:00:00.0;0.07014181866141467
2022-12-24T02:00:00.0;0.06702911967198082
2022-12-24T03:00:00.0;0.06412818699513084
2022-12-24T04:00:00.0;0.061704040484013484
2022-12-24T05:00:00.0;0.060157463002855245
2022-12-24T06:00:00.0;0.060495180649879
2022-12-24T07:00:00.0;0.06133018657133491
2022-12-24T08:00:00.0;0.06176955020394006
2022-12-24T09:00:00.0;0.05914688362834998
2022-12-24T10:00:00.0;0.054375936596387266
2022-12-24T11:00:00.0;0.05157147901769247
2022-12-24T12:00:00.0;0.05145550803678812
2022-12-24T13:00:00.0;0.05289830175471328
2022-12-24T14:00:00.0;0.05718879013763965
2022-12-24T15:00:00.0;0.06262818078688084
2022-12-24T16:00:00.0;0.07074158379022844
2022-12-24T17:00:00.0;0.07983553421806734
2022-12-24T18:00:00.0;0.08264982665661541
2022-12-24T19:00:00.0;0.08370894834265959
2022-12-24T20:00:00.0;0.08378088881452964
2022-12-24T21:00:00.0;0.08350836202772939
2022-12-24T22:00:00.0;0.08135406809902014
2022-12-24T23:00:00.0;0.0783166293895979
2022-12-25T00:00:00.0;0.07588200764868543
2022-12-25T01:00:00.0;0.0716275533297341
2022-12-25T02:00:00.0;0.06856952672061689
2022-12-25T03:00:00.0;0.06575294503902526
2022-12-25T04:00:00.0;0.06285648256551717
2022-12-25T05:00:00.0;0.06046985526318836
2022-12-25T06:00:00.0;0.05904115570704659
2022-12-25T07:00:00.0;0.05862091568705628
2022-12-25T08:00:00.0;0.05848519797229849
2022-12-25T09:00:00.0;0.057563319036862584
2022-12-25T10:00:00.0;0.05538813567812522
2022-12-25T11:00:00.0;0.05406392320145612
2022-12-25T12:00:00.0;0.05466843363806072
2022-12-25T13:00:00.0;0.0548670918190139
2022-12-25T14:00:00.0;0.05886165308033677
2022-12-25T15:00:00.0;0.06217885004518097
2022-12-25T16:00:00.0;0.06925493323445552
2022-12-25T17:00:00.0;0.07702817870690011
2022-12-25T18:00:00.0;0.08062633663856222
2022-12-25T19:00:00.0;0.08239461963784113
2022-12-25T20:00:00.0;0.08315298912111907
2022-12-25T21:00:00.0;0.0846992822570299
2022-12-25T22:00:00.0;0.08236886922495888
2022-12-25T23:00:00.0;0.07898888506134155
2022-12-26T00:00:00.0;0.07485308174264
2022-12-26T01:00:00.0;0.07086382181828577
2022-12-26T02:00:00.0;0.067708974864158
2022-12-26T03:00:00.0;0.06479816025207742
2022-12-26T04:00:00.0;0.06256520538904456
2022-12-26T05:00:00.0;0.061351500017085475
2022-12-26T06:00:00.0;0.06223468108827642
2022-12-26T07:00:00.0;0.06379013507871201
2022-12-26T08:00:00.0;0.06540814247698667
2022-12-26T09:00:00.0;0.06320330300415204
2022-12-26T10:00:00.0;0.05786664298426247
2022-12-26T11:00:00.0;0.05450252494905643
2022-12-26T12:00:00.0;0.0543401504930964
2022-12-26T13:00:00.0;0.056014244539909046
2022-12-26T14:00:00.0;0.06004015938741264
2022-12-26T15:00:00.0;0.06517959591500537
2022-12-26T16:00:00.0;0.07272896946811098
2022-12-26T17:00:00.0;0.0825862433613279
2022-12-26T18:00:00.0;0.08483432037201578
2022-12-26T19:00:00.0;0.08574603885962347
2022-12-26T20:00:00.0;0.08581679267421322
2022-12-26T21:00:00.0;0.08495302620484331
2022-12-26T22:00:00.0;0.08297390393139663
2022-12-26T23:00:00.0;0.07990035932643211
2022-12-27T00:00:00.0;0.07484694256494129
2022-12-27T01:00:00.0;0.07086539908064317
2022-12-27T02:00:00.0;0.06770481214259345
2022-12-27T03:00:00.0;0.06478979461924783
2022-12-27T04:00:00.0;0.06259183681468378
2022-12-27T05:00:00.0;0.06143977082243203
2022-12-27T06:00:00.0;0.06243952948224813
2022-12-27T07:00:00.0;0.06410590860621644
2022-12-27T08:00:00.0;0.06584633508076713
2022-12-27T09:00:00.0;0.06360881811192423
2022-12-27T10:00:00.0;0.05812074651870378
2022-12-27T11:00:00.0;0.05465028316849916
2022-12-27T12:00:00.0;0.054455216203229066
2022-12-27T13:00:00.0;0.05619851921419437
2022-12-27T14:00:00.0;0.06021393016122177
2022-12-27T15:00:00.0;0.06541282147423318
2022-12-27T16:00:00.0;0.07295603658222034
2022-12-27T17:00:00.0;0.08293046780591713
2022-12-27T18:00:00.0;0.08509946091697831
2022-12-27T19:00:00.0;0.08597041707042205
2022-12-27T20:00:00.0;0.08601365370337338
2022-12-27T21:00:00.0;0.08502735417383452
2022-12-27T22:00:00.0;0.08307004668440714
2022-12-27T23:00:00.0;0.08000713740810365
2022-12-28T00:00:00.0;0.07517530323060155
2022-12-28T01:00:00.0;0.07120407508783112
2022-12-28T02:00:00.0;0.0680414531285228
2022-12-28T03:00:00.0;0.06512558281825843
2022-12-28T04:00:00.0;0.062921746097898
2022-12-28T05:00:00.0;0.06179768420667918
2022-12-28T06:00:00.0;0.06287507755574236
2022-12-28T07:00:00.0;0.06466098358628679
2022-12-28T08:00:00.0;0.06640618793728931
2022-12-28T09:00:00.0;0.06418747763069228
2022-12-28T10:00:00.0;0.05878426021210681
2022-12-28T11:00:00.0;0.05536441207853251
2022-12-28T12:00:00.0;0.05512132311030457
2022-12-28T13:00:00.0;0.05676480632347157
2022-12-28T14:00:00.0;0.060634943310592604
2022-12-28T15:00:00.0;0.06576072072618167
2022-12-28T16:00:00.0;0.0732169405825124
2022-12-28T17:00:00.0;0.08316234444172008
2022-12-28T18:00:00.0;0.08542838211838541
2022-12-28T19:00:00.0;0.086328421265336
2022-12-28T20:00:00.0;0.08635271616740421
2022-12-28T21:00:00.0;0.08533725482399165
2022-12-28T22:00:00.0;0.08332711477790729
2022-12-28T23:00:00.0;0.0802465251095271
2022-12-29T00:00:00.0;0.07516734299091887
2022-12-29T01:00:00.0;0.071195864779856
2022-12-29T02:00:00.0;0.06803329215427938
2022-12-29T03:00:00.0;0.06511744251758825
2022-12-29T04:00:00.0;0.06291374831606063
2022-12-29T05:00:00.0;0.06178900753915411
2022-12-29T06:00:00.0;0.06286451883960817
2022-12-29T07:00:00.0;0.06464752725504709
2022-12-29T08:00:00.0;0.06639261577901638
2022-12-29T09:00:00.0;0.06417344955441588
2022-12-29T10:00:00.0;0.05876817506980878
2022-12-29T11:00:00.0;0.05534709990358988
2022-12-29T12:00:00.0;0.05510517510236964
2022-12-29T13:00:00.0;0.05675107818368361
2022-12-29T14:00:00.0;0.06062473695541967
2022-12-29T15:00:00.0;0.06575228682492446
2022-12-29T16:00:00.0;0.0732106156520512
2022-12-29T17:00:00.0;0.08315672320327457
2022-12-29T18:00:00.0;0.08542040828998959
2022-12-29T19:00:00.0;0.08631974239634545
2022-12-29T20:00:00.0;0.08634449649080057
2022-12-29T21:00:00.0;0.08532974209877499
2022-12-29T22:00:00.0;0.08332088283890536
2022-12-29T23:00:00.0;0.08024072178507415
2022-12-30T00:00:00.0;0.07628616978338493
2022-12-30T01:00:00.0;0.0723498391453464
2022-12-30T02:00:00.0;0.06918033257016659
2022-12-30T03:00:00.0;0.06626157722352677
2022-12-30T04:00:00.0;0.06403785172960787
2022-12-30T05:00:00.0;0.06300852962433658
2022-12-30T06:00:00.0;0.06434856642811103
2022-12-30T07:00:00.0;0.06653884014504112
2022-12-30T08:00:00.0;0.0683002083783192
2022-12-30T09:00:00.0;0.06614512229424115
2022-12-30T10:00:00.0;0.06102897234238921
2022-12-30T11:00:00.0;0.05778035894274214
2022-12-30T12:00:00.0;0.05737480825950866
2022-12-30T13:00:00.0;0.058680594280910096
2022-12-30T14:00:00.0;0.062059259542190034
2022-12-30T15:00:00.0;0.0669376876504959
2022-12-30T16:00:00.0;0.07409959663033418
2022-12-30T17:00:00.0;0.08394679893345244
2022-12-30T18:00:00.0;0.08654114500187436
2022-12-30T19:00:00.0;0.08753957390167987
2022-12-30T20:00:00.0;0.08749978763480667
2022-12-30T21:00:00.0;0.08638566988385626
2022-12-30T22:00:00.0;0.08419679369113188
2022-12-30T23:00:00.0;0.08105639004911804
2022-12-31T00:00:00.0;0.07531862013849512
2022-12-31T01:00:00.0;0.0713518942489061
2022-12-31T02:00:00.0;0.06818838408042786
2022-12-31T03:00:00.0;0.06527214156119612
2022-12-31T04:00:00.0;0.06306573891829437
2022-12-31T05:00:00.0;0.061953899749186025
2022-12-31T06:00:00.0;0.06306517767935697
2022-12-31T07:00:00.0;0.06490325264623285
2022-12-31T08:00:00.0;0.06665054235809305
2022-12-31T09:00:00.0;0.06444004044233803
2022-12-31T10:00:00.0;0.05907385863490315
2022-12-31T11:00:00.0;0.0556761021130791
2022-12-31T12:00:00.0;0.05541205337197175
2022-12-31T13:00:00.0;0.05701196905022025
2022-12-31T14:00:00.0;0.06081869949414472
2022-12-31T15:00:00.0;0.06591256548184839
2022-12-31T16:00:00.0;0.07333081522856275
2022-12-31T17:00:00.0;0.08326354975018545
2022-12-31T18:00:00.0;0.08557194367875536
2022-12-31T19:00:00.0;0.08648467644323568
2022-12-31T20:00:00.0;0.08650070400215283
2022-12-31T21:00:00.0;0.0854725146391264
2022-12-31T22:00:00.0;0.08343931519693269
2022-12-31T23:00:00.0;0.08035100871168684
