timestamp;generation
2018-01-01T00:00:00.0;-0.2267493234023871
2018-01-01T01:00:00.0;-0.21593267170386685
2018-01-01T02:00:00.0;-0.2056832365137946
2018-01-01T03:00:00.0;-0.19623851814637622
2018-01-01T04:00:00.0;-0.18964959371159473
2018-01-01T05:00:00.0;-0.18976903840554388
2018-01-01T06:00:00.0;-0.20259955482517106
2018-01-01T07:00:00.0;-0.22147381611093417
2018-01-01T08:00:00.0;-0.22795536215317083
2018-01-01T09:00:00.0;-0.2222186687296103
2018-01-01T10:00:00.0;-0.2131409987543206
2018-01-01T11:00:00.0;-0.2050799338546038
2018-01-01T12:00:00.0;-0.19893921336646483
2018-01-01T13:00:00.0;-0.19987775455420664
2018-01-01T14:00:00.0;-0.20437499981547846
2018-01-01T15:00:00.0;-0.21397051874137996
2018-01-01T16:00:00.0;-0.23103408060160677
2018-01-01T17:00:00.0;-0.25563999016483313
2018-01-01T18:00:00.0;-0.26146943547892276
2018-01-01T19:00:00.0;-0.26574124038819996
2018-01-01T20:00:00.0;-0.26469260608806994
2018-01-01T21:00:00.0;-0.25976367664994177
2018-01-01T22:00:00.0;-0.2497970420468821
2018-01-01T23:00:00.0;-0.23676993758348627
2018-01-02T00:00:00.0;-0.2200413647989198
2018-01-02T01:00:00.0;-0.20966224308461842
2018-01-02T02:00:00.0;-0.19992264992356532
2018-01-02T03:00:00.0;-0.19074994600214748
2018-01-02T04:00:00.0;-0.18407491236609264
2018-01-02T05:00:00.0;-0.1833307361254156
2018-01-02T06:00:00.0;-0.19304469321478773
2018-01-02T07:00:00.0;-0.20871060044268006
2018-01-02T08:00:00.0;-0.21420643098949554
2018-01-02T09:00:00.0;-0.20922463600389105
2018-01-02T10:00:00.0;-0.20225238941615872
2018-01-02T11:00:00.0;-0.196109864855369
2018-01-02T12:00:00.0;-0.19152237832164193
2018-01-02T13:00:00.0;-0.1934197030198313
2018-01-02T14:00:00.0;-0.1980747572880226
2018-01-02T15:00:00.0;-0.20792631072978374
2018-01-02T16:00:00.0;-0.2253168177865745
2018-01-02T17:00:00.0;-0.2496152952732093
2018-01-02T18:00:00.0;-0.25720155367389874
2018-01-02T19:00:00.0;-0.26320234436009093
2018-01-02T20:00:00.0;-0.2612529671380062
2018-01-02T21:00:00.0;-0.25587687732153636
2018-01-02T22:00:00.0;-0.24480544517517552
2018-01-02T23:00:00.0;-0.2311101427101222
2018-01-03T00:00:00.0;-0.2281528425027817
2018-01-03T01:00:00.0;-0.21727507140413374
2018-01-03T02:00:00.0;-0.2070993062985352
2018-01-03T03:00:00.0;-0.19756942684726767
2018-01-03T04:00:00.0;-0.1911161417228938
2018-01-03T05:00:00.0;-0.19160152480775025
2018-01-03T06:00:00.0;-0.20533562778776074
2018-01-03T07:00:00.0;-0.225010483357766
2018-01-03T08:00:00.0;-0.23152006330950264
2018-01-03T09:00:00.0;-0.22517251527218116
2018-01-03T10:00:00.0;-0.2159936479222778
2018-01-03T11:00:00.0;-0.20752149909265236
2018-01-03T12:00:00.0;-0.200995573986994
2018-01-03T13:00:00.0;-0.20224476688603724
2018-01-03T14:00:00.0;-0.20707486367582054
2018-01-03T15:00:00.0;-0.2172706195557996
2018-01-03T16:00:00.0;-0.23435997920333818
2018-01-03T17:00:00.0;-0.2601910125117086
2018-01-03T18:00:00.0;-0.2662493659353988
2018-01-03T19:00:00.0;-0.2705572814102858
2018-01-03T20:00:00.0;-0.26881480860125734
2018-01-03T21:00:00.0;-0.2634150691848138
2018-01-03T22:00:00.0;-0.2527568282862581
2018-01-03T23:00:00.0;-0.23870902551413514
2018-01-04T00:00:00.0;-0.2281871257774774
2018-01-04T01:00:00.0;-0.21722123491521944
2018-01-04T02:00:00.0;-0.20673053452619972
2018-01-04T03:00:00.0;-0.1972826241674914
2018-01-04T04:00:00.0;-0.19077723537250665
2018-01-04T05:00:00.0;-0.19107978747939552
2018-01-04T06:00:00.0;-0.2039408154377977
2018-01-04T07:00:00.0;-0.22333821690678188
2018-01-04T08:00:00.0;-0.23029500375953268
2018-01-04T09:00:00.0;-0.2250899602085472
2018-01-04T10:00:00.0;-0.21589153861994675
2018-01-04T11:00:00.0;-0.20794775644396776
2018-01-04T12:00:00.0;-0.20197858501362692
2018-01-04T13:00:00.0;-0.20243361155494655
2018-01-04T14:00:00.0;-0.2062645473232959
2018-01-04T15:00:00.0;-0.21489618638035354
2018-01-04T16:00:00.0;-0.23168980894834457
2018-01-04T17:00:00.0;-0.2555665725590003
2018-01-04T18:00:00.0;-0.2608046526440336
2018-01-04T19:00:00.0;-0.26454009671672946
2018-01-04T20:00:00.0;-0.26347538358598704
2018-01-04T21:00:00.0;-0.25831142795828943
2018-01-04T22:00:00.0;-0.2490657383336497
2018-01-04T23:00:00.0;-0.23704912540470002
2018-01-05T00:00:00.0;-0.2247417806226324
2018-01-05T01:00:00.0;-0.21405871889565853
2018-01-05T02:00:00.0;-0.20392469670492727
2018-01-05T03:00:00.0;-0.19483530563933546
2018-01-05T04:00:00.0;-0.18913136684758788
2018-01-05T05:00:00.0;-0.19067008431659083
2018-01-05T06:00:00.0;-0.20383849037888538
2018-01-05T07:00:00.0;-0.2210847235444517
2018-01-05T08:00:00.0;-0.2261123732607133
2018-01-05T09:00:00.0;-0.2199485952279272
2018-01-05T10:00:00.0;-0.21098207915820605
2018-01-05T11:00:00.0;-0.20349194065083168
2018-01-05T12:00:00.0;-0.19862058875809666
2018-01-05T13:00:00.0;-0.19948402407765292
2018-01-05T14:00:00.0;-0.20364921372403597
2018-01-05T15:00:00.0;-0.2127163877784299
2018-01-05T16:00:00.0;-0.22959564017255538
2018-01-05T17:00:00.0;-0.2511903310376057
2018-01-05T18:00:00.0;-0.2567348167908388
2018-01-05T19:00:00.0;-0.2610113912163688
2018-01-05T20:00:00.0;-0.26060055126181014
2018-01-05T21:00:00.0;-0.25473623434027
2018-01-05T22:00:00.0;-0.24538802041092547
2018-01-05T23:00:00.0;-0.23318314754997924
2018-01-06T00:00:00.0;-0.20617870991321235
2018-01-06T01:00:00.0;-0.1965374633433091
2018-01-06T02:00:00.0;-0.18712714195607213
2018-01-06T03:00:00.0;-0.17867581490277562
2018-01-06T04:00:00.0;-0.17155130865223905
2018-01-06T05:00:00.0;-0.16845587275021623
2018-01-06T06:00:00.0;-0.17011627819833536
2018-01-06T07:00:00.0;-0.17853951753353633
2018-01-06T08:00:00.0;-0.18289155383391406
2018-01-06T09:00:00.0;-0.18177011443142968
2018-01-06T10:00:00.0;-0.17855542597723736
2018-01-06T11:00:00.0;-0.17710964805104004
2018-01-06T12:00:00.0;-0.1765858987765999
2018-01-06T13:00:00.0;-0.17853894738378623
2018-01-06T14:00:00.0;-0.1815658084381596
2018-01-06T15:00:00.0;-0.18874819640640084
2018-01-06T16:00:00.0;-0.20626197520674366
2018-01-06T17:00:00.0;-0.22533511376361037
2018-01-06T18:00:00.0;-0.2344508852012768
2018-01-06T19:00:00.0;-0.24259342463109723
2018-01-06T20:00:00.0;-0.24119014263562116
2018-01-06T21:00:00.0;-0.23616800101061727
2018-01-06T22:00:00.0;-0.22626562359957325
2018-01-06T23:00:00.0;-0.21587453589464944
2018-01-07T00:00:00.0;-0.21193296103778736
2018-01-07T01:00:00.0;-0.2021276705375588
2018-01-07T02:00:00.0;-0.1926239462157466
2018-01-07T03:00:00.0;-0.18372638634276614
2018-01-07T04:00:00.0;-0.1762021241642944
2018-01-07T05:00:00.0;-0.17358410845341157
2018-01-07T06:00:00.0;-0.180491306983277
2018-01-07T07:00:00.0;-0.19223618628979317
2018-01-07T08:00:00.0;-0.1964773262356829
2018-01-07T09:00:00.0;-0.19217307100937142
2018-01-07T10:00:00.0;-0.18512667115530212
2018-01-07T11:00:00.0;-0.1796090668253706
2018-01-07T12:00:00.0;-0.17551224772452956
2018-01-07T13:00:00.0;-0.17717391927048176
2018-01-07T14:00:00.0;-0.1824472362668313
2018-01-07T15:00:00.0;-0.19264475076719495
2018-01-07T16:00:00.0;-0.2106622210841933
2018-01-07T17:00:00.0;-0.2319613933899042
2018-01-07T18:00:00.0;-0.23968394542529484
2018-01-07T19:00:00.0;-0.24652306308940647
2018-01-07T20:00:00.0;-0.24815685719506062
2018-01-07T21:00:00.0;-0.24587675926451544
2018-01-07T22:00:00.0;-0.23604494857945954
2018-01-07T23:00:00.0;-0.22393082522756713
2018-01-08T00:00:00.0;-0.22791329874995403
2018-01-08T01:00:00.0;-0.2170924602558806
2018-01-08T02:00:00.0;-0.20708321215522876
2018-01-08T03:00:00.0;-0.19752291706835096
2018-01-08T04:00:00.0;-0.19108911090424532
2018-01-08T05:00:00.0;-0.1916304497587182
2018-01-08T06:00:00.0;-0.20568259334828082
2018-01-08T07:00:00.0;-0.22538352186543262
2018-01-08T08:00:00.0;-0.23164581943540663
2018-01-08T09:00:00.0;-0.2247751370370997
2018-01-08T10:00:00.0;-0.2156664533230828
2018-01-08T11:00:00.0;-0.20699899709545597
2018-01-08T12:00:00.0;-0.20025309392000273
2018-01-08T13:00:00.0;-0.20190978555982617
2018-01-08T14:00:00.0;-0.20722537103443203
2018-01-08T15:00:00.0;-0.21817919843689867
2018-01-08T16:00:00.0;-0.23542194697071347
2018-01-08T17:00:00.0;-0.26216987320625007
2018-01-08T18:00:00.0;-0.26867269259165455
2018-01-08T19:00:00.0;-0.2733080056483373
2018-01-08T20:00:00.0;-0.2712272706162148
2018-01-08T21:00:00.0;-0.26571247989603985
2018-01-08T22:00:00.0;-0.2543497455699941
2018-01-08T23:00:00.0;-0.23931490329863306
2018-01-09T00:00:00.0;-0.2268315757305653
2018-01-09T01:00:00.0;-0.21604536617352613
2018-01-09T02:00:00.0;-0.20595517353013904
2018-01-09T03:00:00.0;-0.19664853312883795
2018-01-09T04:00:00.0;-0.1904581918665166
2018-01-09T05:00:00.0;-0.19142371430499386
2018-01-09T06:00:00.0;-0.205083818823709
2018-01-09T07:00:00.0;-0.2237776202752279
2018-01-09T08:00:00.0;-0.2297247881975975
2018-01-09T09:00:00.0;-0.22334846887965973
2018-01-09T10:00:00.0;-0.21390304031786322
2018-01-09T11:00:00.0;-0.205704973250258
2018-01-09T12:00:00.0;-0.19974694004632657
2018-01-09T13:00:00.0;-0.20090263074457404
2018-01-09T14:00:00.0;-0.205456787633845
2018-01-09T15:00:00.0;-0.21519764093024935
2018-01-09T16:00:00.0;-0.23236868255911
2018-01-09T17:00:00.0;-0.25663809764082346
2018-01-09T18:00:00.0;-0.2630771003905518
2018-01-09T19:00:00.0;-0.26716693075052855
2018-01-09T20:00:00.0;-0.2655640649786016
2018-01-09T21:00:00.0;-0.2599169997570413
2018-01-09T22:00:00.0;-0.24981016152860203
2018-01-09T23:00:00.0;-0.23664747890028504
2018-01-10T00:00:00.0;-0.22774584970438827
2018-01-10T01:00:00.0;-0.21673581968426403
2018-01-10T02:00:00.0;-0.2059919759803687
2018-01-10T03:00:00.0;-0.1966786612477115
2018-01-10T04:00:00.0;-0.1902818561382071
2018-01-10T05:00:00.0;-0.19066179422712373
2018-01-10T06:00:00.0;-0.2028108673927578
2018-01-10T07:00:00.0;-0.22162404506548833
2018-01-10T08:00:00.0;-0.2286696955294025
2018-01-10T09:00:00.0;-0.22436812062094122
2018-01-10T10:00:00.0;-0.21517796718042628
2018-01-10T11:00:00.0;-0.2077900419372234
2018-01-10T12:00:00.0;-0.20253166387851373
2018-01-10T13:00:00.0;-0.20227610059629136
2018-01-10T14:00:00.0;-0.20520876960379217
2018-01-10T15:00:00.0;-0.21241816994209337
2018-01-10T16:00:00.0;-0.22892039839847686
2018-01-10T17:00:00.0;-0.2505002106080071
2018-01-10T18:00:00.0;-0.2549163893071849
2018-01-10T19:00:00.0;-0.2581817886028821
2018-01-10T20:00:00.0;-0.2579354178282569
2018-01-10T21:00:00.0;-0.2528727030824465
2018-01-10T22:00:00.0;-0.2449797928117269
2018-01-10T23:00:00.0;-0.2348701715886856
2018-01-11T00:00:00.0;-0.22450339617669776
2018-01-11T01:00:00.0;-0.21375855420725265
2018-01-11T02:00:00.0;-0.20333765103549747
2018-01-11T03:00:00.0;-0.19434337446668948
2018-01-11T04:00:00.0;-0.1887579939969907
2018-01-11T05:00:00.0;-0.19035724963588227
2018-01-11T06:00:00.0;-0.20285608198836597
2018-01-11T07:00:00.0;-0.21965405214617312
2018-01-11T08:00:00.0;-0.22479103043018422
2018-01-11T09:00:00.0;-0.21951782503900324
2018-01-11T10:00:00.0;-0.2106781722551042
2018-01-11T11:00:00.0;-0.2037215425891552
2018-01-11T12:00:00.0;-0.19952209906610013
2018-01-11T13:00:00.0;-0.19966112945958303
2018-01-11T14:00:00.0;-0.20297477249848225
2018-01-11T15:00:00.0;-0.21069006862474998
2018-01-11T16:00:00.0;-0.2272050337492579
2018-01-11T17:00:00.0;-0.24659814863153784
2018-01-11T18:00:00.0;-0.2510434652930516
2018-01-11T19:00:00.0;-0.2549289559971936
2018-01-11T20:00:00.0;-0.2554849356102999
2018-01-11T21:00:00.0;-0.2497524456530388
2018-01-11T22:00:00.0;-0.2416914325915946
2018-01-11T23:00:00.0;-0.23122949451060212
2018-01-12T00:00:00.0;-0.2275677681461725
2018-01-12T01:00:00.0;-0.2165760752305138
2018-01-12T02:00:00.0;-0.2058487534754069
2018-01-12T03:00:00.0;-0.19658868515569852
2018-01-12T04:00:00.0;-0.1903797064243076
2018-01-12T05:00:00.0;-0.19109179350890726
2018-01-12T06:00:00.0;-0.2035082301125954
2018-01-12T07:00:00.0;-0.22211900297859793
2018-01-12T08:00:00.0;-0.22884947545352807
2018-01-12T09:00:00.0;-0.22433949790489877
2018-01-12T10:00:00.0;-0.21508059144770184
2018-01-12T11:00:00.0;-0.2076783452757459
2018-01-12T12:00:00.0;-0.20257086548054637
2018-01-12T13:00:00.0;-0.20229453457368132
2018-01-12T14:00:00.0;-0.20524038076332043
2018-01-12T15:00:00.0;-0.21245517628403982
2018-01-12T16:00:00.0;-0.2289163944554823
2018-01-12T17:00:00.0;-0.2499577913673563
2018-01-12T18:00:00.0;-0.2542137044944112
2018-01-12T19:00:00.0;-0.25745768953664144
2018-01-12T20:00:00.0;-0.2574558219755173
2018-01-12T21:00:00.0;-0.2522642124446368
2018-01-12T22:00:00.0;-0.2444768536024526
2018-01-12T23:00:00.0;-0.23443307592227378
2018-01-13T00:00:00.0;-0.20727003111060702
2018-01-13T01:00:00.0;-0.19763636755846456
2018-01-13T02:00:00.0;-0.1883842471594841
2018-01-13T03:00:00.0;-0.17995712962556257
2018-01-13T04:00:00.0;-0.17342641964351088
2018-01-13T05:00:00.0;-0.17160384175861884
2018-01-13T06:00:00.0;-0.17534629844473193
2018-01-13T07:00:00.0;-0.18417995566605933
2018-01-13T08:00:00.0;-0.1875822441960587
2018-01-13T09:00:00.0;-0.1848955127376812
2018-01-13T10:00:00.0;-0.18106777747272093
2018-01-13T11:00:00.0;-0.17878839456029263
2018-01-13T12:00:00.0;-0.17794524978029674
2018-01-13T13:00:00.0;-0.1802146564417711
2018-01-13T14:00:00.0;-0.1839435015723348
2018-01-13T15:00:00.0;-0.1921967350399475
2018-01-13T16:00:00.0;-0.20972489808853298
2018-01-13T17:00:00.0;-0.2288531659075388
2018-01-13T18:00:00.0;-0.23774388468508262
2018-01-13T19:00:00.0;-0.24585447993932766
2018-01-13T20:00:00.0;-0.24473707023105587
2018-01-13T21:00:00.0;-0.2392064954793954
2018-01-13T22:00:00.0;-0.22878412342385263
2018-01-13T23:00:00.0;-0.2172216363272153
2018-01-14T00:00:00.0;-0.20492459611700914
2018-01-14T01:00:00.0;-0.19568985728361615
2018-01-14T02:00:00.0;-0.18743561494776653
2018-01-14T03:00:00.0;-0.17955681184508956
2018-01-14T04:00:00.0;-0.174000331151274
2018-01-14T05:00:00.0;-0.17457956134300623
2018-01-14T06:00:00.0;-0.18129247765945433
2018-01-14T07:00:00.0;-0.18848607388701843
2018-01-14T08:00:00.0;-0.18934035506573177
2018-01-14T09:00:00.0;-0.18349107893083763
2018-01-14T10:00:00.0;-0.17765834700730415
2018-01-14T11:00:00.0;-0.17431691508090225
2018-01-14T12:00:00.0;-0.17345913993222345
2018-01-14T13:00:00.0;-0.1771370665885431
2018-01-14T14:00:00.0;-0.1822090372313671
2018-01-14T15:00:00.0;-0.19252801484298723
2018-01-14T16:00:00.0;-0.21120290026531313
2018-01-14T17:00:00.0;-0.23015010620404386
2018-01-14T18:00:00.0;-0.24278123753804934
2018-01-14T19:00:00.0;-0.25066505641948933
2018-01-14T20:00:00.0;-0.24785481019729827
2018-01-14T21:00:00.0;-0.24086772173308113
2018-01-14T22:00:00.0;-0.22926653631853217
2018-01-14T23:00:00.0;-0.2162697164250737
2018-01-15T00:00:00.0;-0.22785564351789697
2018-01-15T01:00:00.0;-0.21704850800079378
2018-01-15T02:00:00.0;-0.20707933849308505
2018-01-15T03:00:00.0;-0.19751172273719136
2018-01-15T04:00:00.0;-0.19108260491899848
2018-01-15T05:00:00.0;-0.19163741163829393
2018-01-15T06:00:00.0;-0.20576610368687845
2018-01-15T07:00:00.0;-0.22547330764139986
2018-01-15T08:00:00.0;-0.23167608738660975
2018-01-15T09:00:00.0;-0.22467949298841303
2018-01-15T10:00:00.0;-0.21558770161145718
2018-01-15T11:00:00.0;-0.2068732372977446
2018-01-15T12:00:00.0;-0.20007438810924874
2018-01-15T13:00:00.0;-0.20182915967887752
2018-01-15T14:00:00.0;-0.20726159630261207
2018-01-15T15:00:00.0;-0.2183978821872096
2018-01-15T16:00:00.0;-0.23567754953743617
2018-01-15T17:00:00.0;-0.2626461606118099
2018-01-15T18:00:00.0;-0.2692559574819603
2018-01-15T19:00:00.0;-0.2739700711056816
2018-01-15T20:00:00.0;-0.2718079205211249
2018-01-15T21:00:00.0;-0.2662654383686467
2018-01-15T22:00:00.0;-0.25473314114828566
2018-01-15T23:00:00.0;-0.23946073062183015
2018-01-16T00:00:00.0;-0.22785564351789697
2018-01-16T01:00:00.0;-0.21704850800079378
2018-01-16T02:00:00.0;-0.20707933849308505
2018-01-16T03:00:00.0;-0.19751172273719136
2018-01-16T04:00:00.0;-0.19108260491899848
2018-01-16T05:00:00.0;-0.19163741163829393
2018-01-16T06:00:00.0;-0.20576610368687845
2018-01-16T07:00:00.0;-0.22547330764139986
2018-01-16T08:00:00.0;-0.23167608738660975
2018-01-16T09:00:00.0;-0.22467949298841303
2018-01-16T10:00:00.0;-0.21558770161145718
2018-01-16T11:00:00.0;-0.2068732372977446
2018-01-16T12:00:00.0;-0.20007438810924874
2018-01-16T13:00:00.0;-0.20182915967887752
2018-01-16T14:00:00.0;-0.20726159630261207
2018-01-16T15:00:00.0;-0.2183978821872096
2018-01-16T16:00:00.0;-0.23567754953743617
2018-01-16T17:00:00.0;-0.2626461606118099
2018-01-16T18:00:00.0;-0.2692559574819603
2018-01-16T19:00:00.0;-0.2739700711056816
2018-01-16T20:00:00.0;-0.2718079205211249
2018-01-16T21:00:00.0;-0.2662654383686467
2018-01-16T22:00:00.0;-0.25473314114828566
2018-01-16T23:00:00.0;-0.23946073062183015
2018-01-17T00:00:00.0;-0.22726533551147302
2018-01-17T01:00:00.0;-0.2164760788915444
2018-01-17T02:00:00.0;-0.20661339519782285
2018-01-17T03:00:00.0;-0.19715578014692262
2018-01-17T04:00:00.0;-0.1907519542965824
2018-01-17T05:00:00.0;-0.19132352274192502
2018-01-17T06:00:00.0;-0.20542085359939566
2018-01-17T07:00:00.0;-0.22498022215350652
2018-01-17T08:00:00.0;-0.23095894718879387
2018-01-17T09:00:00.0;-0.22392143841557796
2018-01-17T10:00:00.0;-0.2147733742986122
2018-01-17T11:00:00.0;-0.20615587369496077
2018-01-17T12:00:00.0;-0.1995361619797887
2018-01-17T13:00:00.0;-0.201460514289379
2018-01-17T14:00:00.0;-0.20697474800542925
2018-01-17T15:00:00.0;-0.21807313316801233
2018-01-17T16:00:00.0;-0.2353222795605375
2018-01-17T17:00:00.0;-0.2620752227695902
2018-01-17T18:00:00.0;-0.26868737531292736
2018-01-17T19:00:00.0;-0.2734719376913614
2018-01-17T20:00:00.0;-0.2713870835815029
2018-01-17T21:00:00.0;-0.26573022353450626
2018-01-17T22:00:00.0;-0.2541316734023484
2018-01-17T23:00:00.0;-0.2389777594129304
2018-01-18T00:00:00.0;-0.22671771177219863
2018-01-18T01:00:00.0;-0.21597865939455185
2018-01-18T02:00:00.0;-0.20603394424288238
2018-01-18T03:00:00.0;-0.19659710609283657
2018-01-18T04:00:00.0;-0.19041789648894772
2018-01-18T05:00:00.0;-0.19131053990105903
2018-01-18T06:00:00.0;-0.20527457790095185
2018-01-18T07:00:00.0;-0.22420347812898878
2018-01-18T08:00:00.0;-0.22989142183487304
2018-01-18T09:00:00.0;-0.22290182432101585
2018-01-18T10:00:00.0;-0.21394227803688048
2018-01-18T11:00:00.0;-0.20553749878364497
2018-01-18T12:00:00.0;-0.19925816007538033
2018-01-18T13:00:00.0;-0.2009321760716487
2018-01-18T14:00:00.0;-0.20621499541366842
2018-01-18T15:00:00.0;-0.21708663991684332
2018-01-18T16:00:00.0;-0.23429278362970743
2018-01-18T17:00:00.0;-0.2599940475052484
2018-01-18T18:00:00.0;-0.2664049491326825
2018-01-18T19:00:00.0;-0.27118355338730904
2018-01-18T20:00:00.0;-0.269467837959952
2018-01-18T21:00:00.0;-0.2637701024313955
2018-01-18T22:00:00.0;-0.2525642232816069
2018-01-18T23:00:00.0;-0.23773453712164996
2018-01-19T00:00:00.0;-0.2241832476490442
2018-01-19T01:00:00.0;-0.21362181454648876
2018-01-19T02:00:00.0;-0.2038299795535599
2018-01-19T03:00:00.0;-0.1946490773825201
2018-01-19T04:00:00.0;-0.18900627290348154
2018-01-19T05:00:00.0;-0.19064211819632462
2018-01-19T06:00:00.0;-0.20445453147062537
2018-01-19T07:00:00.0;-0.22176577240310433
2018-01-19T08:00:00.0;-0.22622233095231378
2018-01-19T09:00:00.0;-0.21892837551141753
2018-01-19T10:00:00.0;-0.21028919766439164
2018-01-19T11:00:00.0;-0.2024152959529173
2018-01-19T12:00:00.0;-0.19709218573371567
2018-01-19T13:00:00.0;-0.1988452269694604
2018-01-19T14:00:00.0;-0.20411010325585055
2018-01-19T15:00:00.0;-0.21488862362717415
2018-01-19T16:00:00.0;-0.23203399773685557
2018-01-19T17:00:00.0;-0.25563444596651025
2018-01-19T18:00:00.0;-0.26189895788290435
2018-01-19T19:00:00.0;-0.26701258943431183
2018-01-19T20:00:00.0;-0.26602758884805355
2018-01-19T21:00:00.0;-0.25993383002122317
2018-01-19T22:00:00.0;-0.24898341203067637
2018-01-19T23:00:00.0;-0.23448098300384682
2018-01-20T00:00:00.0;-0.21060709354589355
2018-01-20T01:00:00.0;-0.200954164640059
2018-01-20T02:00:00.0;-0.19201753596102203
2018-01-20T03:00:00.0;-0.18393601604514426
2018-01-20T04:00:00.0;-0.17945153126226251
2018-01-20T05:00:00.0;-0.18210749693593126
2018-01-20T06:00:00.0;-0.19222534020932486
2018-01-20T07:00:00.0;-0.20172965842091323
2018-01-20T08:00:00.0;-0.20218786137867328
2018-01-20T09:00:00.0;-0.19526795362182114
2018-01-20T10:00:00.0;-0.18864534891272472
2018-01-20T11:00:00.0;-0.18403801628613134
2018-01-20T12:00:00.0;-0.18284028445200393
2018-01-20T13:00:00.0;-0.18531813411181006
2018-01-20T14:00:00.0;-0.1901631998716702
2018-01-20T15:00:00.0;-0.2000757918715692
2018-01-20T16:00:00.0;-0.21759130775374055
2018-01-20T17:00:00.0;-0.2341512452314453
2018-01-20T18:00:00.0;-0.242347670778501
2018-01-20T19:00:00.0;-0.2492636119148972
2018-01-20T20:00:00.0;-0.2493939549238036
2018-01-20T21:00:00.0;-0.24218603521318127
2018-01-20T22:00:00.0;-0.23190816579676096
2018-01-20T23:00:00.0;-0.21929163654548128
2018-01-21T00:00:00.0;-0.20384181335555818
2018-01-21T01:00:00.0;-0.19463398190448905
2018-01-21T02:00:00.0;-0.18629682735641187
2018-01-21T03:00:00.0;-0.17847981733338864
2018-01-21T04:00:00.0;-0.1728285376043993
2018-01-21T05:00:00.0;-0.17306537415978288
2018-01-21T06:00:00.0;-0.1787653183894644
2018-01-21T07:00:00.0;-0.1853386263616037
2018-01-21T08:00:00.0;-0.1863096886147259
2018-01-21T09:00:00.0;-0.18118790276523922
2018-01-21T10:00:00.0;-0.1757323243179303
2018-01-21T11:00:00.0;-0.17295567934036338
2018-01-21T12:00:00.0;-0.1725725813120023
2018-01-21T13:00:00.0;-0.17601308861466428
2018-01-21T14:00:00.0;-0.18065185734680236
2018-01-21T15:00:00.0;-0.19028478850848435
2018-01-21T16:00:00.0;-0.20886449415188987
2018-01-21T17:00:00.0;-0.22691855152346846
2018-01-21T18:00:00.0;-0.23937369936437278
2018-01-21T19:00:00.0;-0.24730105727308244
2018-01-21T20:00:00.0;-0.2447398220349748
2018-01-21T21:00:00.0;-0.23789566414742644
2018-01-21T22:00:00.0;-0.22678004904400698
2018-01-21T23:00:00.0;-0.2146182300792907
2018-01-22T00:00:00.0;-0.22451556883511598
2018-01-22T01:00:00.0;-0.21391193614649742
2018-01-22T02:00:00.0;-0.2040284251084551
2018-01-22T03:00:00.0;-0.19483968579195363
2018-01-22T04:00:00.0;-0.18914125292625478
2018-01-22T05:00:00.0;-0.1906863790040825
2018-01-22T06:00:00.0;-0.20436211250487424
2018-01-22T07:00:00.0;-0.22180116214796905
2018-01-22T08:00:00.0;-0.22648083976116443
2018-01-22T09:00:00.0;-0.21945966025529534
2018-01-22T10:00:00.0;-0.21075967887230143
2018-01-22T11:00:00.0;-0.20293180091019775
2018-01-22T12:00:00.0;-0.19762949974650065
2018-01-22T13:00:00.0;-0.1991837482397652
2018-01-22T14:00:00.0;-0.20422149273360396
2018-01-22T15:00:00.0;-0.21465099400756338
2018-01-22T16:00:00.0;-0.23172937815528052
2018-01-22T17:00:00.0;-0.25507986287024764
2018-01-22T18:00:00.0;-0.2611476899787172
2018-01-22T19:00:00.0;-0.2660780898993041
2018-01-22T20:00:00.0;-0.2651891448032906
2018-01-22T21:00:00.0;-0.2591838758304565
2018-01-22T22:00:00.0;-0.2485431809177837
2018-01-22T23:00:00.0;-0.23447734852929575
2018-01-23T00:00:00.0;-0.2225655134074861
2018-01-23T01:00:00.0;-0.2120193749552521
2018-01-23T02:00:00.0;-0.202502239204552
2018-01-23T03:00:00.0;-0.1934145582189643
2018-01-23T04:00:00.0;-0.18694254381831318
2018-01-23T05:00:00.0;-0.18695471883561746
2018-01-23T06:00:00.0;-0.19906165596292846
2018-01-23T07:00:00.0;-0.21652490699060073
2018-01-23T08:00:00.0;-0.22171537704826766
2018-01-23T09:00:00.0;-0.21538179522500447
2018-01-23T10:00:00.0;-0.2071199097011545
2018-01-23T11:00:00.0;-0.19979689307469609
2018-01-23T12:00:00.0;-0.19444343881236203
2018-01-23T13:00:00.0;-0.19685873858343272
2018-01-23T14:00:00.0;-0.2023051039191538
2018-01-23T15:00:00.0;-0.21296355620114735
2018-01-23T16:00:00.0;-0.23025273697248264
2018-01-23T17:00:00.0;-0.25567740771673036
2018-01-23T18:00:00.0;-0.26287168179026105
2018-01-23T19:00:00.0;-0.26846507779613177
2018-01-23T20:00:00.0;-0.2665121868097691
2018-01-23T21:00:00.0;-0.2606951208491248
2018-01-23T22:00:00.0;-0.24898148399269074
2018-01-23T23:00:00.0;-0.23447995771529337
2018-01-24T00:00:00.0;-0.22477358049233878
2018-01-24T01:00:00.0;-0.2141734162853728
2018-01-24T02:00:00.0;-0.20432388482185443
2018-01-24T03:00:00.0;-0.19488045326475795
2018-01-24T04:00:00.0;-0.18825248320735738
2018-01-24T05:00:00.0;-0.1882443141503315
2018-01-24T06:00:00.0;-0.20116345296451915
2018-01-24T07:00:00.0;-0.21934888824038032
2018-01-24T08:00:00.0;-0.22507343111686431
2018-01-24T09:00:00.0;-0.21841417551773154
2018-01-24T10:00:00.0;-0.20963013825913207
2018-01-24T11:00:00.0;-0.201410783876951
2018-01-24T12:00:00.0;-0.19504103303034565
2018-01-24T13:00:00.0;-0.19683299059064588
2018-01-24T14:00:00.0;-0.2023739524470454
2018-01-24T15:00:00.0;-0.21352712500644266
2018-01-24T16:00:00.0;-0.2309861427735952
2018-01-24T17:00:00.0;-0.2569580719712939
2018-01-24T18:00:00.0;-0.2638023306972652
2018-01-24T19:00:00.0;-0.26895534976440155
2018-01-24T20:00:00.0;-0.26760851487007
2018-01-24T21:00:00.0;-0.26275091841670595
2018-01-24T22:00:00.0;-0.2514592217050349
2018-01-24T23:00:00.0;-0.23661866499899728
2018-01-25T00:00:00.0;-0.22366185558901833
2018-01-25T01:00:00.0;-0.21316921056408286
2018-01-25T02:00:00.0;-0.20353098065855837
2018-01-25T03:00:00.0;-0.19435886592426255
2018-01-25T04:00:00.0;-0.1888013331212905
2018-01-25T05:00:00.0;-0.19057859340701308
2018-01-25T06:00:00.0;-0.20462680505094827
2018-01-25T07:00:00.0;-0.2217490208872853
2018-01-25T08:00:00.0;-0.22584710829859617
2018-01-25T09:00:00.0;-0.21809341891409909
2018-01-25T10:00:00.0;-0.20955220215418324
2018-01-25T11:00:00.0;-0.20159031881816653
2018-01-25T12:00:00.0;-0.1962146190416624
2018-01-25T13:00:00.0;-0.19830525745707062
2018-01-25T14:00:00.0;-0.20395779319134044
2018-01-25T15:00:00.0;-0.21533317783333608
2018-01-25T16:00:00.0;-0.2325938799860775
2018-01-25T17:00:00.0;-0.2566581774831472
2018-01-25T18:00:00.0;-0.2632607235425803
2018-01-25T19:00:00.0;-0.2686808363808203
2018-01-25T20:00:00.0;-0.26751895844364965
2018-01-25T21:00:00.0;-0.2612813768967232
2018-01-25T22:00:00.0;-0.24979820445955522
2018-01-25T23:00:00.0;-0.23454537341237466
2018-01-26T00:00:00.0;-0.2214346940790551
2018-01-26T01:00:00.0;-0.21094363144962755
2018-01-26T02:00:00.0;-0.20085450302575295
2018-01-26T03:00:00.0;-0.1921174442280916
2018-01-26T04:00:00.0;-0.1871514265275568
2018-01-26T05:00:00.0;-0.18963676266328133
2018-01-26T06:00:00.0;-0.20227258132398615
2018-01-26T07:00:00.0;-0.2172845187682355
2018-01-26T08:00:00.0;-0.2208042974959985
2018-01-26T09:00:00.0;-0.2146857611295734
2018-01-26T10:00:00.0;-0.20627249455446245
2018-01-26T11:00:00.0;-0.19972187753681886
2018-01-26T12:00:00.0;-0.19638088754537333
2018-01-26T13:00:00.0;-0.1970014291888893
2018-01-26T14:00:00.0;-0.2007632360944321
2018-01-26T15:00:00.0;-0.2091054270219238
2018-01-26T16:00:00.0;-0.2257002961284178
2018-01-26T17:00:00.0;-0.24362561706593164
2018-01-26T18:00:00.0;-0.24833571846758543
2018-01-26T19:00:00.0;-0.2529120905282228
2018-01-26T20:00:00.0;-0.25395994683094264
2018-01-26T21:00:00.0;-0.24767309037448573
2018-01-26T22:00:00.0;-0.23921861596537433
2018-01-26T23:00:00.0;-0.22817108600826216
2018-01-27T00:00:00.0;-0.20801740707392385
2018-01-27T01:00:00.0;-0.1983507932105125
2018-01-27T02:00:00.0;-0.18916071193725878
2018-01-27T03:00:00.0;-0.18054333733693959
2018-01-27T04:00:00.0;-0.17352315728354736
2018-01-27T05:00:00.0;-0.17089807848321623
2018-01-27T06:00:00.0;-0.1743769418359035
2018-01-27T07:00:00.0;-0.18400898104196367
2018-01-27T08:00:00.0;-0.18813937515914023
2018-01-27T09:00:00.0;-0.1855379968377365
2018-01-27T10:00:00.0;-0.18183353957203274
2018-01-27T11:00:00.0;-0.17931112621269094
2018-01-27T12:00:00.0;-0.17777216725436865
2018-01-27T13:00:00.0;-0.18038494031945754
2018-01-27T14:00:00.0;-0.18447060337588708
2018-01-27T15:00:00.0;-0.193326683862355
2018-01-27T16:00:00.0;-0.21107232429923206
2018-01-27T17:00:00.0;-0.23249130206968657
2018-01-27T18:00:00.0;-0.2420901913699437
2018-01-27T19:00:00.0;-0.25042517695811645
2018-01-27T20:00:00.0;-0.24837889762449275
2018-01-27T21:00:00.0;-0.2431109766064808
2018-01-27T22:00:00.0;-0.2318643335281951
2018-01-27T23:00:00.0;-0.21932158425257825
2018-01-28T00:00:00.0;-0.22011884926065542
2018-01-28T01:00:00.0;-0.20985032475242676
2018-01-28T02:00:00.0;-0.20025184508874033
2018-01-28T03:00:00.0;-0.19095870478914362
2018-01-28T04:00:00.0;-0.18396678530033156
2018-01-28T05:00:00.0;-0.18301798558318935
2018-01-28T06:00:00.0;-0.19421410935323294
2018-01-28T07:00:00.0;-0.21021385283216676
2018-01-28T08:00:00.0;-0.21521028356108304
2018-01-28T09:00:00.0;-0.20885972150588353
2018-01-28T10:00:00.0;-0.20055527420114372
2018-01-28T11:00:00.0;-0.19295543090376238
2018-01-28T12:00:00.0;-0.18704069594114375
2018-01-28T13:00:00.0;-0.18908048600941427
2018-01-28T14:00:00.0;-0.19503027548505758
2018-01-28T15:00:00.0;-0.20659021883379744
2018-01-28T16:00:00.0;-0.2244120872904349
2018-01-28T17:00:00.0;-0.24951118213022747
2018-01-28T18:00:00.0;-0.25695643190308604
2018-01-28T19:00:00.0;-0.2629182811496278
2018-01-28T20:00:00.0;-0.26260004171369883
2018-01-28T21:00:00.0;-0.2588053060530254
2018-01-28T22:00:00.0;-0.24751776948614798
2018-01-28T23:00:00.0;-0.23283507289417638
2018-01-29T00:00:00.0;-0.22533299926054093
2018-01-29T01:00:00.0;-0.2147014822132212
2018-01-29T02:00:00.0;-0.2048531791232032
2018-01-29T03:00:00.0;-0.19537505830676258
2018-01-29T04:00:00.0;-0.1887624344581374
2018-01-29T05:00:00.0;-0.18882697815426241
2018-01-29T06:00:00.0;-0.2019994826293902
2018-01-29T07:00:00.0;-0.22049783915083407
2018-01-29T08:00:00.0;-0.22630727905564793
2018-01-29T09:00:00.0;-0.21952132872086325
2018-01-29T10:00:00.0;-0.21068625723800047
2018-01-29T11:00:00.0;-0.20233522410941274
2018-01-29T12:00:00.0;-0.19582464750521994
2018-01-29T13:00:00.0;-0.19767235165841404
2018-01-29T14:00:00.0;-0.20327347535815204
2018-01-29T15:00:00.0;-0.2145478981807978
2018-01-29T16:00:00.0;-0.23200435458110663
2018-01-29T17:00:00.0;-0.2583633947871862
2018-01-29T18:00:00.0;-0.2652455978241848
2018-01-29T19:00:00.0;-0.2703665457256381
2018-01-29T20:00:00.0;-0.26880561726428925
2018-01-29T21:00:00.0;-0.26383300197194354
2018-01-29T22:00:00.0;-0.252380510939573
2018-01-29T23:00:00.0;-0.23730038140455217
2018-01-30T00:00:00.0;-0.22004706276028219
2018-01-30T01:00:00.0;-0.20987857562859347
2018-01-30T02:00:00.0;-0.2007467722276364
2018-01-30T03:00:00.0;-0.19202469583718415
2018-01-30T04:00:00.0;-0.18714123713471895
2018-01-30T05:00:00.0;-0.19014267091440315
2018-01-30T06:00:00.0;-0.2045889552349383
2018-01-30T07:00:00.0;-0.2194466503998451
2018-01-30T08:00:00.0;-0.22171374945609407
2018-01-30T09:00:00.0;-0.21289407104924735
2018-01-30T10:00:00.0;-0.20399290475667448
2018-01-30T11:00:00.0;-0.19633661525309876
2018-01-30T12:00:00.0;-0.19190311238727617
2018-01-30T13:00:00.0;-0.1945570762222087
2018-01-30T14:00:00.0;-0.20052247448287228
2018-01-30T15:00:00.0;-0.2123250294382576
2018-01-30T16:00:00.0;-0.2300207690827616
2018-01-30T17:00:00.0;-0.252158969251335
2018-01-30T18:00:00.0;-0.26032290837885497
2018-01-30T19:00:00.0;-0.2659526262781984
2018-01-30T20:00:00.0;-0.2645977172014656
2018-01-30T21:00:00.0;-0.25757041574694106
2018-01-30T22:00:00.0;-0.2459854363886082
2018-01-30T23:00:00.0;-0.2308152059963846
2018-01-31T00:00:00.0;-0.22574200020384347
2018-01-31T01:00:00.0;-0.21504477029221958
2018-01-31T02:00:00.0;-0.20532710184017375
2018-01-31T03:00:00.0;-0.19601743745640496
2018-01-31T04:00:00.0;-0.1896936685079253
2018-01-31T05:00:00.0;-0.19030930537646856
2018-01-31T06:00:00.0;-0.20414963479081139
2018-01-31T07:00:00.0;-0.22300709375323763
2018-01-31T08:00:00.0;-0.22847844092232125
2018-01-31T09:00:00.0;-0.2213697766895133
2018-01-31T10:00:00.0;-0.21230777102515574
2018-01-31T11:00:00.0;-0.203936194106071
2018-01-31T12:00:00.0;-0.19768472464678993
2018-01-31T13:00:00.0;-0.19979360465881657
2018-01-31T14:00:00.0;-0.20543294753322802
2018-01-31T15:00:00.0;-0.21656526312888708
2018-01-31T16:00:00.0;-0.2338316693584172
2018-01-31T17:00:00.0;-0.2599361834064967
2018-01-31T18:00:00.0;-0.2666131762228613
2018-01-31T19:00:00.0;-0.2716291390392301
2018-01-31T20:00:00.0;-0.2698617364021139
2018-01-31T21:00:00.0;-0.26417264480945435
2018-01-31T22:00:00.0;-0.25255100410799936
2018-01-31T23:00:00.0;-0.23753005482139566
2018-02-01T00:00:00.0;-0.22199187820337835
2018-02-01T01:00:00.0;-0.21153985612549528
2018-02-01T02:00:00.0;-0.2022176730041298
2018-02-01T03:00:00.0;-0.19336462386512573
2018-02-01T04:00:00.0;-0.18779479688182338
2018-02-01T05:00:00.0;-0.18947883036705518
2018-02-01T06:00:00.0;-0.20336649780601054
2018-02-01T07:00:00.0;-0.22016882995874107
2018-02-01T08:00:00.0;-0.22372014126998757
2018-02-01T09:00:00.0;-0.21592075475858236
2018-02-01T10:00:00.0;-0.20716945868280395
2018-02-01T11:00:00.0;-0.1994724396740497
2018-02-01T12:00:00.0;-0.19455564952303744
2018-02-01T13:00:00.0;-0.19715986668272178
2018-02-01T14:00:00.0;-0.20306370895031603
2018-02-01T15:00:00.0;-0.21430709901457418
2018-02-01T16:00:00.0;-0.23148544938766372
2018-02-01T17:00:00.0;-0.25508683824375417
2018-02-01T18:00:00.0;-0.2617170162963928
2018-02-01T19:00:00.0;-0.26732530082082034
2018-02-01T20:00:00.0;-0.26636043780930724
2018-02-01T21:00:00.0;-0.25986439561601277
2018-02-01T22:00:00.0;-0.24817247733289396
2018-02-01T23:00:00.0;-0.2333072099054094
2018-02-02T00:00:00.0;-0.21954626035616548
2018-02-02T01:00:00.0;-0.20921419862055476
2018-02-02T02:00:00.0;-0.20023681147409594
2018-02-02T03:00:00.0;-0.19175763336566182
2018-02-02T04:00:00.0;-0.18650905108571322
2018-02-02T05:00:00.0;-0.18861465596266766
2018-02-02T06:00:00.0;-0.20247149793711575
2018-02-02T07:00:00.0;-0.21826885707880425
2018-02-02T08:00:00.0;-0.22070653674938825
2018-02-02T09:00:00.0;-0.2125781955379194
2018-02-02T10:00:00.0;-0.20382680322543759
2018-02-02T11:00:00.0;-0.19655315712338609
2018-02-02T12:00:00.0;-0.19245523725208372
2018-02-02T13:00:00.0;-0.19556164093877249
2018-02-02T14:00:00.0;-0.20171526485792277
2018-02-02T15:00:00.0;-0.2129238450539099
2018-02-02T16:00:00.0;-0.23000968204838487
2018-02-02T17:00:00.0;-0.2523073609995067
2018-02-02T18:00:00.0;-0.2589217332071094
2018-02-02T19:00:00.0;-0.2648723995273672
2018-02-02T20:00:00.0;-0.26433589573909005
2018-02-02T21:00:00.0;-0.2573233965561022
2018-02-02T22:00:00.0;-0.24547794465638378
2018-02-02T23:00:00.0;-0.23089366122313343
2018-02-03T00:00:00.0;-0.20687629878737834
2018-02-03T01:00:00.0;-0.19725737588385914
2018-02-03T02:00:00.0;-0.187954968232072
2018-02-03T03:00:00.0;-0.1796518965839913
2018-02-03T04:00:00.0;-0.17345355872220317
2018-02-03T05:00:00.0;-0.17218681056691262
2018-02-03T06:00:00.0;-0.17615399087858485
2018-02-03T07:00:00.0;-0.1845015643602733
2018-02-03T08:00:00.0;-0.18743063024082238
2018-02-03T09:00:00.0;-0.18467734758007892
2018-02-03T10:00:00.0;-0.18073657963376366
2018-02-03T11:00:00.0;-0.17859383385042227
2018-02-03T12:00:00.0;-0.1781979305537038
2018-02-03T13:00:00.0;-0.18022068163009441
2018-02-03T14:00:00.0;-0.18370323874482872
2018-02-03T15:00:00.0;-0.19154204203121836
2018-02-03T16:00:00.0;-0.20891716522416842
2018-02-03T17:00:00.0;-0.22650655698053984
2018-02-03T18:00:00.0;-0.23489271565073988
2018-02-03T19:00:00.0;-0.24282453498570325
2018-02-03T20:00:00.0;-0.24234137539219558
2018-02-03T21:00:00.0;-0.23663544624674304
2018-02-03T22:00:00.0;-0.22678568292698875
2018-02-03T23:00:00.0;-0.2158956632076384
2018-02-04T00:00:00.0;-0.21430177186840943
2018-02-04T01:00:00.0;-0.2043070073561035
2018-02-04T02:00:00.0;-0.19506104240259506
2018-02-04T03:00:00.0;-0.18624483623937318
2018-02-04T04:00:00.0;-0.1790468751036319
2018-02-04T05:00:00.0;-0.17718826219289735
2018-02-04T06:00:00.0;-0.18565025282743955
2018-02-04T07:00:00.0;-0.19907290775251288
2018-02-04T08:00:00.0;-0.20329363738849626
2018-02-04T09:00:00.0;-0.19815525311145282
2018-02-04T10:00:00.0;-0.19083338623947096
2018-02-04T11:00:00.0;-0.1849065833852575
2018-02-04T12:00:00.0;-0.18059819142188607
2018-02-04T13:00:00.0;-0.18304436191734053
2018-02-04T14:00:00.0;-0.18870300987359823
2018-02-04T15:00:00.0;-0.19933197797601424
2018-02-04T16:00:00.0;-0.2171500032619016
2018-02-04T17:00:00.0;-0.24022653257258778
2018-02-04T18:00:00.0;-0.2481734790336471
2018-02-04T19:00:00.0;-0.2549607944466096
2018-02-04T20:00:00.0;-0.25507351868204675
2018-02-04T21:00:00.0;-0.25131796167207787
2018-02-04T22:00:00.0;-0.24027409843673608
2018-02-04T23:00:00.0;-0.2269874431674276
2018-02-05T00:00:00.0;-0.2156780557482037
2018-02-05T01:00:00.0;-0.2055743744321942
2018-02-05T02:00:00.0;-0.1968291065859235
2018-02-05T03:00:00.0;-0.18900403695958579
2018-02-05T04:00:00.0;-0.18446691475783275
2018-02-05T05:00:00.0;-0.18777588305782966
2018-02-05T06:00:00.0;-0.20125014856324264
2018-02-05T07:00:00.0;-0.21439450550964134
2018-02-05T08:00:00.0;-0.2152430333973572
2018-02-05T09:00:00.0;-0.20720051788041596
2018-02-05T10:00:00.0;-0.19787556525882302
2018-02-05T11:00:00.0;-0.19150531117219027
2018-02-05T12:00:00.0;-0.18913180964075313
2018-02-05T13:00:00.0;-0.1920033336468071
2018-02-05T14:00:00.0;-0.19739137860974484
2018-02-05T15:00:00.0;-0.20719193059820554
2018-02-05T16:00:00.0;-0.22433425456575085
2018-02-05T17:00:00.0;-0.24211070130033713
2018-02-05T18:00:00.0;-0.24928382466215135
2018-02-05T19:00:00.0;-0.2547510918868135
2018-02-05T20:00:00.0;-0.254934709671401
2018-02-05T21:00:00.0;-0.24724956999802958
2018-02-05T22:00:00.0;-0.23694232768842213
2018-02-05T23:00:00.0;-0.2249309661640049
2018-02-06T00:00:00.0;-0.21404017595233724
2018-02-06T01:00:00.0;-0.20424789558804402
2018-02-06T02:00:00.0;-0.19532304151860835
2018-02-06T03:00:00.0;-0.18739645516164632
2018-02-06T04:00:00.0;-0.18379379352564199
2018-02-06T05:00:00.0;-0.18870629283833154
2018-02-06T06:00:00.0;-0.20244230342523784
2018-02-06T07:00:00.0;-0.21307369323236666
2018-02-06T08:00:00.0;-0.21267854956303414
2018-02-06T09:00:00.0;-0.20385841746724787
2018-02-06T10:00:00.0;-0.19504573627046348
2018-02-06T11:00:00.0;-0.1889083689928751
2018-02-06T12:00:00.0;-0.18717617219945226
2018-02-06T13:00:00.0;-0.18939125273808582
2018-02-06T14:00:00.0;-0.19440304454700424
2018-02-06T15:00:00.0;-0.20456998689607406
2018-02-06T16:00:00.0;-0.22211433623989185
2018-02-06T17:00:00.0;-0.2373958726300432
2018-02-06T18:00:00.0;-0.24538058912003735
2018-02-06T19:00:00.0;-0.2509169388196931
2018-02-06T20:00:00.0;-0.2513834456087359
2018-02-06T21:00:00.0;-0.2434420140002751
2018-02-06T22:00:00.0;-0.2338533793227796
2018-02-06T23:00:00.0;-0.22159050641664133
2018-02-07T00:00:00.0;-0.21302721947246564
2018-02-07T01:00:00.0;-0.20329188394705178
2018-02-07T02:00:00.0;-0.19436439586909438
2018-02-07T03:00:00.0;-0.1864641006059034
2018-02-07T04:00:00.0;-0.18310557277684408
2018-02-07T05:00:00.0;-0.18822078992004015
2018-02-07T06:00:00.0;-0.20176527349130224
2018-02-07T07:00:00.0;-0.2118307234790621
2018-02-07T08:00:00.0;-0.21090729570939276
2018-02-07T09:00:00.0;-0.20201244947875382
2018-02-07T10:00:00.0;-0.19377916113483346
2018-02-07T11:00:00.0;-0.18794953949161186
2018-02-07T12:00:00.0;-0.18664205940677694
2018-02-07T13:00:00.0;-0.18888258221164034
2018-02-07T14:00:00.0;-0.19399002854039235
2018-02-07T15:00:00.0;-0.20426732809240242
2018-02-07T16:00:00.0;-0.22160535449815838
2018-02-07T17:00:00.0;-0.23612782694394455
2018-02-07T18:00:00.0;-0.24338940956195845
2018-02-07T19:00:00.0;-0.24937048707813295
2018-02-07T20:00:00.0;-0.2505424491019154
2018-02-07T21:00:00.0;-0.24251601304536965
2018-02-07T22:00:00.0;-0.23285469630324532
2018-02-07T23:00:00.0;-0.22033835157490284
2018-02-08T00:00:00.0;-0.21732479563388354
2018-02-08T01:00:00.0;-0.20721042909995285
2018-02-08T02:00:00.0;-0.19829232065721947
2018-02-08T03:00:00.0;-0.18991741274295718
2018-02-08T04:00:00.0;-0.1853191379807443
2018-02-08T05:00:00.0;-0.18837308180272772
2018-02-08T06:00:00.0;-0.20222609286663076
2018-02-08T07:00:00.0;-0.21623578341373442
2018-02-08T08:00:00.0;-0.21741876869582247
2018-02-08T09:00:00.0;-0.2087622354944579
2018-02-08T10:00:00.0;-0.20056157119444848
2018-02-08T11:00:00.0;-0.1937039389551617
2018-02-08T12:00:00.0;-0.19040089141834737
2018-02-08T13:00:00.0;-0.1934483247084076
2018-02-08T14:00:00.0;-0.1996201145646672
2018-02-08T15:00:00.0;-0.2110939354571286
2018-02-08T16:00:00.0;-0.22822366926485285
2018-02-08T17:00:00.0;-0.2486088553542923
2018-02-08T18:00:00.0;-0.25521284759571017
2018-02-08T19:00:00.0;-0.2615935083444881
2018-02-08T20:00:00.0;-0.26170983876681175
2018-02-08T21:00:00.0;-0.25436117235677547
2018-02-08T22:00:00.0;-0.242683453153831
2018-02-08T23:00:00.0;-0.2278853745317661
2018-02-09T00:00:00.0;-0.21569835085277586
2018-02-09T01:00:00.0;-0.20537984795703187
2018-02-09T02:00:00.0;-0.19733037083211727
2018-02-09T03:00:00.0;-0.18978026626738123
2018-02-09T04:00:00.0;-0.1843164651119554
2018-02-09T05:00:00.0;-0.1859252123038195
2018-02-09T06:00:00.0;-0.199499444719616
2018-02-09T07:00:00.0;-0.2151762067962694
2018-02-09T08:00:00.0;-0.21643515302484684
2018-02-09T09:00:00.0;-0.20829633384038143
2018-02-09T10:00:00.0;-0.19865606512667444
2018-02-09T11:00:00.0;-0.19197947601340387
2018-02-09T12:00:00.0;-0.1889665938728899
2018-02-09T13:00:00.0;-0.19365572346282414
2018-02-09T14:00:00.0;-0.20054086054927897
2018-02-09T15:00:00.0;-0.21122312620376807
2018-02-09T16:00:00.0;-0.22800131750158123
2018-02-09T17:00:00.0;-0.2496469222267876
2018-02-09T18:00:00.0;-0.25628982640272074
2018-02-09T19:00:00.0;-0.26258682192081745
2018-02-09T20:00:00.0;-0.2623063543647999
2018-02-09T21:00:00.0;-0.25448374557370806
2018-02-09T22:00:00.0;-0.2419208753284245
2018-02-09T23:00:00.0;-0.22856070809960138
2018-02-10T00:00:00.0;-0.20520540901769704
2018-02-10T01:00:00.0;-0.19564699296929605
2018-02-10T02:00:00.0;-0.18644866752519623
2018-02-10T03:00:00.0;-0.17805727150637113
2018-02-10T04:00:00.0;-0.17098830153451908
2018-02-10T05:00:00.0;-0.16790607392350274
2018-02-10T06:00:00.0;-0.16948623638868046
2018-02-10T07:00:00.0;-0.1773366880831193
2018-02-10T08:00:00.0;-0.1811389376462181
2018-02-10T09:00:00.0;-0.17957478171127478
2018-02-10T10:00:00.0;-0.1765945763436028
2018-02-10T11:00:00.0;-0.17515887486455445
2018-02-10T12:00:00.0;-0.17469990666371654
2018-02-10T13:00:00.0;-0.1769845192677268
2018-02-10T14:00:00.0;-0.1804934249698153
2018-02-10T15:00:00.0;-0.1883851940283043
2018-02-10T16:00:00.0;-0.2059561463252688
2018-02-10T17:00:00.0;-0.22534977084695978
2018-02-10T18:00:00.0;-0.23508601592008796
2018-02-10T19:00:00.0;-0.24370871686379952
2018-02-10T20:00:00.0;-0.24219321251768636
2018-02-10T21:00:00.0;-0.2373460352344836
2018-02-10T22:00:00.0;-0.22689639251723193
2018-02-10T23:00:00.0;-0.2156058051928006
2018-02-11T00:00:00.0;-0.21190538434367856
2018-02-11T01:00:00.0;-0.20219701667640408
2018-02-11T02:00:00.0;-0.19294724198441768
2018-02-11T03:00:00.0;-0.18395673815208102
2018-02-11T04:00:00.0;-0.17635667295226753
2018-02-11T05:00:00.0;-0.1737819917749037
2018-02-11T06:00:00.0;-0.1817466705547687
2018-02-11T07:00:00.0;-0.19376980922988582
2018-02-11T08:00:00.0;-0.19754625989011146
2018-02-11T09:00:00.0;-0.19203855841013712
2018-02-11T10:00:00.0;-0.18455672116008973
2018-02-11T11:00:00.0;-0.1782066140478525
2018-02-11T12:00:00.0;-0.1733019759342869
2018-02-11T13:00:00.0;-0.17552908451073998
2018-02-11T14:00:00.0;-0.18189237327439003
2018-02-11T15:00:00.0;-0.19368670305188204
2018-02-11T16:00:00.0;-0.21204468540306826
2018-02-11T17:00:00.0;-0.23487726501013081
2018-02-11T18:00:00.0;-0.24308841998157504
2018-02-11T19:00:00.0;-0.2502913942146407
2018-02-11T20:00:00.0;-0.25204497089224087
2018-02-11T21:00:00.0;-0.250154568840553
2018-02-11T22:00:00.0;-0.23933273908274225
2018-02-11T23:00:00.0;-0.22556672981076917
2018-02-12T00:00:00.0;-0.21486995480412138
2018-02-12T01:00:00.0;-0.20496175589299617
2018-02-12T02:00:00.0;-0.19601091796900674
2018-02-12T03:00:00.0;-0.18753676489576596
2018-02-12T04:00:00.0;-0.18246584423380774
2018-02-12T05:00:00.0;-0.18451125046269246
2018-02-12T06:00:00.0;-0.196881688809193
2018-02-12T07:00:00.0;-0.2095779422679792
2018-02-12T08:00:00.0;-0.21082060252851226
2018-02-12T09:00:00.0;-0.2026891425937487
2018-02-12T10:00:00.0;-0.19491338036748915
2018-02-12T11:00:00.0;-0.18836679671255768
2018-02-12T12:00:00.0;-0.1850133957413169
2018-02-12T13:00:00.0;-0.18787691230947354
2018-02-12T14:00:00.0;-0.1941515096796772
2018-02-12T15:00:00.0;-0.20587543147972642
2018-02-12T16:00:00.0;-0.22334503769122965
2018-02-12T17:00:00.0;-0.24354853331404125
2018-02-12T18:00:00.0;-0.2505904882944334
2018-02-12T19:00:00.0;-0.2574037876507198
2018-02-12T20:00:00.0;-0.2582107907147121
2018-02-12T21:00:00.0;-0.2520814841936232
2018-02-12T22:00:00.0;-0.24063587292956196
2018-02-12T23:00:00.0;-0.2259482908372504
2018-02-13T00:00:00.0;-0.21285881072815335
2018-02-13T01:00:00.0;-0.20286172161712443
2018-02-13T02:00:00.0;-0.19448784467034938
2018-02-13T03:00:00.0;-0.1865707009913391
2018-02-13T04:00:00.0;-0.18081594047429897
2018-02-13T05:00:00.0;-0.18156792935523036
2018-02-13T06:00:00.0;-0.19291498424881512
2018-02-13T07:00:00.0;-0.20623758372368392
2018-02-13T08:00:00.0;-0.20764802816509814
2018-02-13T09:00:00.0;-0.20031554033182852
2018-02-13T10:00:00.0;-0.19203254618834856
2018-02-13T11:00:00.0;-0.18604441671957866
2018-02-13T12:00:00.0;-0.18315978221995496
2018-02-13T13:00:00.0;-0.18711790201649037
2018-02-13T14:00:00.0;-0.19367532457000844
2018-02-13T15:00:00.0;-0.20463660795448665
2018-02-13T16:00:00.0;-0.2218997730680057
2018-02-13T17:00:00.0;-0.24286886580940292
2018-02-13T18:00:00.0;-0.25019445519687245
2018-02-13T19:00:00.0;-0.25715807030575
2018-02-13T20:00:00.0;-0.2574713012292286
2018-02-13T21:00:00.0;-0.2510343699383225
2018-02-13T22:00:00.0;-0.23900211344438774
2018-02-13T23:00:00.0;-0.2254329444730809
2018-02-14T00:00:00.0;-0.21291234279366014
2018-02-14T01:00:00.0;-0.20275611394161927
2018-02-14T02:00:00.0;-0.19491542167979212
2018-02-14T03:00:00.0;-0.18753485772021314
2018-02-14T04:00:00.0;-0.1817719113710969
2018-02-14T05:00:00.0;-0.1826883645064153
2018-02-14T06:00:00.0;-0.19521041845271672
2018-02-14T07:00:00.0;-0.20980415930752658
2018-02-14T08:00:00.0;-0.2106894122893936
2018-02-14T09:00:00.0;-0.20284239828841838
2018-02-14T10:00:00.0;-0.19332523790560224
2018-02-14T11:00:00.0;-0.18704188638449024
2018-02-14T12:00:00.0;-0.18433924631860277
2018-02-14T13:00:00.0;-0.1892831795409446
2018-02-14T14:00:00.0;-0.19641530327888437
2018-02-14T15:00:00.0;-0.20716325918335152
2018-02-14T16:00:00.0;-0.22409696882930738
2018-02-14T17:00:00.0;-0.24526896745709295
2018-02-14T18:00:00.0;-0.2522082250182016
2018-02-14T19:00:00.0;-0.25891989500431756
2018-02-14T20:00:00.0;-0.2592261865477953
2018-02-14T21:00:00.0;-0.25198212539552317
2018-02-14T22:00:00.0;-0.23941682601961609
2018-02-14T23:00:00.0;-0.2264041997397189
2018-02-15T00:00:00.0;-0.2231488872806601
2018-02-15T01:00:00.0;-0.2126567551797913
2018-02-15T02:00:00.0;-0.20304531260346317
2018-02-15T03:00:00.0;-0.1939882024008977
2018-02-15T04:00:00.0;-0.18847085034011177
2018-02-15T05:00:00.0;-0.19027712929257587
2018-02-15T06:00:00.0;-0.20416273282759226
2018-02-15T07:00:00.0;-0.2210710597286346
2018-02-15T08:00:00.0;-0.22502419909877733
2018-02-15T09:00:00.0;-0.21743430103079137
2018-02-15T10:00:00.0;-0.20883519655764976
2018-02-15T11:00:00.0;-0.2010588581564642
2018-02-15T12:00:00.0;-0.19596742134264278
2018-02-15T13:00:00.0;-0.19803441844365557
2018-02-15T14:00:00.0;-0.20355519920231402
2018-02-15T15:00:00.0;-0.2145867461214832
2018-02-15T16:00:00.0;-0.23175713011931648
2018-02-15T17:00:00.0;-0.25516536127750433
2018-02-15T18:00:00.0;-0.26158160044199835
2018-02-15T19:00:00.0;-0.2669431110374824
2018-02-15T20:00:00.0;-0.2660191509442752
2018-02-15T21:00:00.0;-0.2597149605244328
2018-02-15T22:00:00.0;-0.24847742129950726
2018-02-15T23:00:00.0;-0.23373911562529878
2018-02-16T00:00:00.0;-0.21231219586148295
2018-02-16T01:00:00.0;-0.20269943839335428
2018-02-16T02:00:00.0;-0.19409284263288754
2018-02-16T03:00:00.0;-0.18620056455120249
2018-02-16T04:00:00.0;-0.1828805933433308
2018-02-16T05:00:00.0;-0.18814585780576815
2018-02-16T06:00:00.0;-0.20220200745350664
2018-02-16T07:00:00.0;-0.2120926213343176
2018-02-16T08:00:00.0;-0.21067931890575448
2018-02-16T09:00:00.0;-0.20089931611641929
2018-02-16T10:00:00.0;-0.1926022856387218
2018-02-16T11:00:00.0;-0.18646330907624875
2018-02-16T12:00:00.0;-0.18485247559477763
2018-02-16T13:00:00.0;-0.1877752461760257
2018-02-16T14:00:00.0;-0.19363988008395852
2018-02-16T15:00:00.0;-0.20509342793934712
2018-02-16T16:00:00.0;-0.22277786686523116
2018-02-16T17:00:00.0;-0.2385964357510197
2018-02-16T18:00:00.0;-0.24691325666572958
2018-02-16T19:00:00.0;-0.25333033757765994
2018-02-16T20:00:00.0;-0.25383472611883856
2018-02-16T21:00:00.0;-0.24559793609816144
2018-02-16T22:00:00.0;-0.23488558731144266
2018-02-16T23:00:00.0;-0.22096665217816158
2018-02-17T00:00:00.0;-0.20020056956657967
2018-02-17T01:00:00.0;-0.19149644916753364
2018-02-17T02:00:00.0;-0.18383222924623016
2018-02-17T03:00:00.0;-0.17694251725203056
2018-02-17T04:00:00.0;-0.17621652044572095
2018-02-17T05:00:00.0;-0.1849365519680103
2018-02-17T06:00:00.0;-0.1987929248765521
2018-02-17T07:00:00.0;-0.2014190689604097
2018-02-17T08:00:00.0;-0.19374212599282153
2018-02-17T09:00:00.0;-0.18153893001670185
2018-02-17T10:00:00.0;-0.17557087427593365
2018-02-17T11:00:00.0;-0.17162961054264325
2018-02-17T12:00:00.0;-0.1740659628684555
2018-02-17T13:00:00.0;-0.17817211669057112
2018-02-17T14:00:00.0;-0.1850952423823647
2018-02-17T15:00:00.0;-0.1978865108432301
2018-02-17T16:00:00.0;-0.21530228804234383
2018-02-17T17:00:00.0;-0.2233873081134721
2018-02-17T18:00:00.0;-0.2308631291915168
2018-02-17T19:00:00.0;-0.23997056010434423
2018-02-17T20:00:00.0;-0.24379650186434085
2018-02-17T21:00:00.0;-0.2335608072606688
2018-02-17T22:00:00.0;-0.22231787104234932
2018-02-17T23:00:00.0;-0.2072875943632152
2018-02-18T00:00:00.0;-0.20043832930697086
2018-02-18T01:00:00.0;-0.1917017302852775
2018-02-18T02:00:00.0;-0.18412626858271847
2018-02-18T03:00:00.0;-0.17717147071500947
2018-02-18T04:00:00.0;-0.17511086164744202
2018-02-18T05:00:00.0;-0.18180215444768008
2018-02-18T06:00:00.0;-0.1937451260505375
2018-02-18T07:00:00.0;-0.19694572507708666
2018-02-18T08:00:00.0;-0.19136087652312028
2018-02-18T09:00:00.0;-0.18067864558336774
2018-02-18T10:00:00.0;-0.17405354483366423
2018-02-18T11:00:00.0;-0.17025702072379084
2018-02-18T12:00:00.0;-0.1718889060870931
2018-02-18T13:00:00.0;-0.17610940962897415
2018-02-18T14:00:00.0;-0.18248026841039555
2018-02-18T15:00:00.0;-0.1945374604828529
2018-02-18T16:00:00.0;-0.21275440101056828
2018-02-18T17:00:00.0;-0.22362934124080724
2018-02-18T18:00:00.0;-0.23418320147243266
2018-02-18T19:00:00.0;-0.242611761970931
2018-02-18T20:00:00.0;-0.24369520146018123
2018-02-18T21:00:00.0;-0.23410909525702
2018-02-18T22:00:00.0;-0.2228578292505345
2018-02-18T23:00:00.0;-0.20887483473106425
2018-02-19T00:00:00.0;-0.2126093198765661
2018-02-19T01:00:00.0;-0.20284810901158198
2018-02-19T02:00:00.0;-0.19371314173069729
2018-02-19T03:00:00.0;-0.1857158233867097
2018-02-19T04:00:00.0;-0.18253105001391878
2018-02-19T05:00:00.0;-0.18756469214652896
2018-02-19T06:00:00.0;-0.2005944739200421
2018-02-19T07:00:00.0;-0.21046990526709072
2018-02-19T08:00:00.0;-0.20933873033762096
2018-02-19T09:00:00.0;-0.2007890807695543
2018-02-19T10:00:00.0;-0.19360207133104393
2018-02-19T11:00:00.0;-0.18821911850439216
2018-02-19T12:00:00.0;-0.18734698127572286
2018-02-19T13:00:00.0;-0.18935231584766118
2018-02-19T14:00:00.0;-0.19440301092198456
2018-02-19T15:00:00.0;-0.2045481077785485
2018-02-19T16:00:00.0;-0.2213727751902732
2018-02-19T17:00:00.0;-0.2350768226373888
2018-02-19T18:00:00.0;-0.2405484265702397
2018-02-19T19:00:00.0;-0.24711172545094157
2018-02-19T20:00:00.0;-0.24957418496674488
2018-02-19T21:00:00.0;-0.2416930089429096
2018-02-19T22:00:00.0;-0.23210696701212644
2018-02-19T23:00:00.0;-0.21937531547127898
2018-02-20T00:00:00.0;-0.21176516660671596
2018-02-20T01:00:00.0;-0.2020935499862497
2018-02-20T02:00:00.0;-0.19313255697819703
2018-02-20T03:00:00.0;-0.1852492221224783
2018-02-20T04:00:00.0;-0.18220555816866774
2018-02-20T05:00:00.0;-0.1875491513480041
2018-02-20T06:00:00.0;-0.20079120948010395
2018-02-20T07:00:00.0;-0.21015791366525682
2018-02-20T08:00:00.0;-0.20857778477522315
2018-02-20T09:00:00.0;-0.19964491415595512
2018-02-20T10:00:00.0;-0.19225170704748482
2018-02-20T11:00:00.0;-0.18685232530046464
2018-02-20T12:00:00.0;-0.18611209552358882
2018-02-20T13:00:00.0;-0.18834834017083077
2018-02-20T14:00:00.0;-0.19356087431079308
2018-02-20T15:00:00.0;-0.2039496429014879
2018-02-20T16:00:00.0;-0.22096789997085609
2018-02-20T17:00:00.0;-0.23447065742225934
2018-02-20T18:00:00.0;-0.24061285012037992
2018-02-20T19:00:00.0;-0.24720640929270543
2018-02-20T20:00:00.0;-0.24940366147908993
2018-02-20T21:00:00.0;-0.24129772407292752
2018-02-20T22:00:00.0;-0.23156126581756784
2018-02-20T23:00:00.0;-0.21871290227904205
2018-02-21T00:00:00.0;-0.20812442886661475
2018-02-21T01:00:00.0;-0.19877595041612348
2018-02-21T02:00:00.0;-0.19029754079960098
2018-02-21T03:00:00.0;-0.18273840272535635
2018-02-21T04:00:00.0;-0.1804027033666053
2018-02-21T05:00:00.0;-0.18684090176960932
2018-02-21T06:00:00.0;-0.20043560583690515
2018-02-21T07:00:00.0;-0.20770782713508779
2018-02-21T08:00:00.0;-0.20417936786585528
2018-02-21T09:00:00.0;-0.19403699555436582
2018-02-21T10:00:00.0;-0.18693170680789423
2018-02-21T11:00:00.0;-0.18187418379880538
2018-02-21T12:00:00.0;-0.1820159951162599
2018-02-21T13:00:00.0;-0.1849742692791451
2018-02-21T14:00:00.0;-0.19084525220977158
2018-02-21T15:00:00.0;-0.20218464159727012
2018-02-21T16:00:00.0;-0.2194502504620447
2018-02-21T17:00:00.0;-0.23158161938590183
2018-02-21T18:00:00.0;-0.23854966675225378
2018-02-21T19:00:00.0;-0.24591177424240068
2018-02-21T20:00:00.0;-0.24832919415375906
2018-02-21T21:00:00.0;-0.23949913828837918
2018-02-21T22:00:00.0;-0.22911713907265868
2018-02-21T23:00:00.0;-0.2153965284477883
2018-02-22T00:00:00.0;-0.20956781795352697
2018-02-22T01:00:00.0;-0.20018509948251526
2018-02-22T02:00:00.0;-0.19189643563123804
2018-02-22T03:00:00.0;-0.18431122480184634
2018-02-22T04:00:00.0;-0.1815762958198606
2018-02-22T05:00:00.0;-0.1877874625300341
2018-02-22T06:00:00.0;-0.2020549739405883
2018-02-22T07:00:00.0;-0.21022949151710932
2018-02-22T08:00:00.0;-0.2073656375241329
2018-02-22T09:00:00.0;-0.19685178024470099
2018-02-22T10:00:00.0;-0.18859965495211256
2018-02-22T11:00:00.0;-0.1828091565772381
2018-02-22T12:00:00.0;-0.18203539263756355
2018-02-22T13:00:00.0;-0.18531898993853535
2018-02-22T14:00:00.0;-0.19140682010521357
2018-02-22T15:00:00.0;-0.20315613594613988
2018-02-22T16:00:00.0;-0.221001557077187
2018-02-22T17:00:00.0;-0.23514552303188477
2018-02-22T18:00:00.0;-0.2440781067432617
2018-02-22T19:00:00.0;-0.25082449205898416
2018-02-22T20:00:00.0;-0.2515466312118126
2018-02-22T21:00:00.0;-0.24271055285656284
2018-02-22T22:00:00.0;-0.23192054720756847
2018-02-22T23:00:00.0;-0.2179571489440827
2018-02-23T00:00:00.0;-0.20833695366542157
2018-02-23T01:00:00.0;-0.19854656871244114
2018-02-23T02:00:00.0;-0.19044643199739475
2018-02-23T03:00:00.0;-0.182969172163129
2018-02-23T04:00:00.0;-0.1776432510625963
2018-02-23T05:00:00.0;-0.17850743873349365
2018-02-23T06:00:00.0;-0.1875762553281198
2018-02-23T07:00:00.0;-0.19793515002845863
2018-02-23T08:00:00.0;-0.19803962871976433
2018-02-23T09:00:00.0;-0.19142270503069425
2018-02-23T10:00:00.0;-0.18470698332761304
2018-02-23T11:00:00.0;-0.18046209480421196
2018-02-23T12:00:00.0;-0.17954641525821327
2018-02-23T13:00:00.0;-0.18363328147194996
2018-02-23T14:00:00.0;-0.18976013454224633
2018-02-23T15:00:00.0;-0.2000302306977174
2018-02-23T16:00:00.0;-0.21697441510960372
2018-02-23T17:00:00.0;-0.23540692216153156
2018-02-23T18:00:00.0;-0.2436063826475112
2018-02-23T19:00:00.0;-0.25154837847038847
2018-02-23T20:00:00.0;-0.2517465921127126
2018-02-23T21:00:00.0;-0.24497613529755663
2018-02-23T22:00:00.0;-0.23310943690472752
2018-02-23T23:00:00.0;-0.2200013039532673
2018-02-24T00:00:00.0;-0.20560900765371218
2018-02-24T01:00:00.0;-0.19635061216878155
2018-02-24T02:00:00.0;-0.1874473365835843
2018-02-24T03:00:00.0;-0.17866895669552824
2018-02-24T04:00:00.0;-0.17062154021076545
2018-02-24T05:00:00.0;-0.1668528269084235
2018-02-24T06:00:00.0;-0.17254911446615634
2018-02-24T07:00:00.0;-0.18159576310035816
2018-02-24T08:00:00.0;-0.1843297667093173
2018-02-24T09:00:00.0;-0.1791907952248607
2018-02-24T10:00:00.0;-0.17236295921391703
2018-02-24T11:00:00.0;-0.16685351329056425
2018-02-24T12:00:00.0;-0.16259687559063507
2018-02-24T13:00:00.0;-0.16517119884317238
2018-02-24T14:00:00.0;-0.172091249086584
2018-02-24T15:00:00.0;-0.18444573375255613
2018-02-24T16:00:00.0;-0.20328446422097174
2018-02-24T17:00:00.0;-0.22487740605430534
2018-02-24T18:00:00.0;-0.23388949202382386
2018-02-24T19:00:00.0;-0.2421913862104929
2018-02-24T20:00:00.0;-0.24533127915010491
2018-02-24T21:00:00.0;-0.24481432546501397
2018-02-24T22:00:00.0;-0.233985821178895
2018-02-24T23:00:00.0;-0.2204090937387798
2018-02-25T00:00:00.0;-0.2044925834773719
2018-02-25T01:00:00.0;-0.19534022444455496
2018-02-25T02:00:00.0;-0.18666143089693005
2018-02-25T03:00:00.0;-0.17809592187079412
2018-02-25T04:00:00.0;-0.17045121448663225
2018-02-25T05:00:00.0;-0.16743578559919176
2018-02-25T06:00:00.0;-0.17345476563595988
2018-02-25T07:00:00.0;-0.18168432923703678
2018-02-25T08:00:00.0;-0.1836782638623648
2018-02-25T09:00:00.0;-0.17806258904587863
2018-02-25T10:00:00.0;-0.17109316365147847
2018-02-25T11:00:00.0;-0.16576570091872847
2018-02-25T12:00:00.0;-0.16200338207315457
2018-02-25T13:00:00.0;-0.16485802010604353
2018-02-25T14:00:00.0;-0.17178053889265668
2018-02-25T15:00:00.0;-0.1841797007353134
2018-02-25T16:00:00.0;-0.20317699107208903
2018-02-25T17:00:00.0;-0.22401888826942754
2018-02-25T18:00:00.0;-0.23387569445123627
2018-02-25T19:00:00.0;-0.2421730447131132
2018-02-25T20:00:00.0;-0.24477561763602443
2018-02-25T21:00:00.0;-0.24352908310902216
2018-02-25T22:00:00.0;-0.23259398006829565
2018-02-25T23:00:00.0;-0.2190541692875606
2018-02-26T00:00:00.0;-0.21233487935786338
2018-02-26T01:00:00.0;-0.20221905320544964
2018-02-26T02:00:00.0;-0.19454747418852808
2018-02-26T03:00:00.0;-0.18741658314040777
2018-02-26T04:00:00.0;-0.1824689352670748
2018-02-26T05:00:00.0;-0.18476648522914274
2018-02-26T06:00:00.0;-0.19823855562475684
2018-02-26T07:00:00.0;-0.21224774618404413
2018-02-26T08:00:00.0;-0.2119542659228911
2018-02-26T09:00:00.0;-0.20333152219379397
2018-02-26T10:00:00.0;-0.1938816418692219
2018-02-26T11:00:00.0;-0.18779179342270394
2018-02-26T12:00:00.0;-0.18588052243010286
2018-02-26T13:00:00.0;-0.19106867238280537
2018-02-26T14:00:00.0;-0.19822574937720228
2018-02-26T15:00:00.0;-0.2089654157231572
2018-02-26T16:00:00.0;-0.22567610023884874
2018-02-26T17:00:00.0;-0.24535505948458639
2018-02-26T18:00:00.0;-0.2519984880315834
2018-02-26T19:00:00.0;-0.2588073896792768
2018-02-26T20:00:00.0;-0.2592099208680872
2018-02-26T21:00:00.0;-0.25079878154886165
2018-02-26T22:00:00.0;-0.23813792381369725
2018-02-26T23:00:00.0;-0.2250107846784494
2018-02-27T00:00:00.0;-0.2080105999052031
2018-02-27T01:00:00.0;-0.19822609995972526
2018-02-27T02:00:00.0;-0.1911042854580548
2018-02-27T03:00:00.0;-0.18451022900116626
2018-02-27T04:00:00.0;-0.180307841566237
2018-02-27T05:00:00.0;-0.18381409858256284
2018-02-27T06:00:00.0;-0.19748922306540442
2018-02-27T07:00:00.0;-0.20903692174301128
2018-02-27T08:00:00.0;-0.2066383281892408
2018-02-27T09:00:00.0;-0.19703251325067447
2018-02-27T10:00:00.0;-0.18746085651070313
2018-02-27T11:00:00.0;-0.1819120952330699
2018-02-27T12:00:00.0;-0.1812589781957101
2018-02-27T13:00:00.0;-0.18710239326387218
2018-02-27T14:00:00.0;-0.19462094462083593
2018-02-27T15:00:00.0;-0.20567695143615553
2018-02-27T16:00:00.0;-0.22263532045808324
2018-02-27T17:00:00.0;-0.23990264262114225
2018-02-27T18:00:00.0;-0.2475722988498808
2018-02-27T19:00:00.0;-0.2548165117689182
2018-02-27T20:00:00.0;-0.255490054207106
2018-02-27T21:00:00.0;-0.24621950411022686
2018-02-27T22:00:00.0;-0.23343739775898883
2018-02-27T23:00:00.0;-0.22049571978569077
2018-02-28T00:00:00.0;-0.21787935587703708
2018-02-28T01:00:00.0;-0.20734000132180416
2018-02-28T02:00:00.0;-0.1991982831309797
2018-02-28T03:00:00.0;-0.19146436415415544
2018-02-28T04:00:00.0;-0.18485906443575023
2018-02-28T05:00:00.0;-0.18468288059094992
2018-02-28T06:00:00.0;-0.1975702023056881
2018-02-28T07:00:00.0;-0.215057229465066
2018-02-28T08:00:00.0;-0.2180911638387069
2018-02-28T09:00:00.0;-0.21089451935704212
2018-02-28T10:00:00.0;-0.20059061636968425
2018-02-28T11:00:00.0;-0.1934086955348015
2018-02-28T12:00:00.0;-0.18921286796964754
2018-02-28T13:00:00.0;-0.19382049030822426
2018-02-28T14:00:00.0;-0.20072497815198667
2018-02-28T15:00:00.0;-0.21119503442392057
2018-02-28T16:00:00.0;-0.22807999628236778
2018-02-28T17:00:00.0;-0.25231833432425443
2018-02-28T18:00:00.0;-0.2595117221186623
2018-02-28T19:00:00.0;-0.2653443385682007
2018-02-28T20:00:00.0;-0.2643381469787603
2018-02-28T21:00:00.0;-0.25773396397087345
2018-02-28T22:00:00.0;-0.24511646713795024
2018-02-28T23:00:00.0;-0.2320664132249424
2018-03-01T00:00:00.0;-0.22540392474518234
2018-03-01T01:00:00.0;-0.21478238527564092
2018-03-01T02:00:00.0;-0.20503276127897777
2018-03-01T03:00:00.0;-0.1957251617394055
2018-03-01T04:00:00.0;-0.18950570187734098
2018-03-01T05:00:00.0;-0.1903933086448038
2018-03-01T06:00:00.0;-0.20423251745687102
2018-03-01T07:00:00.0;-0.2224907010678963
2018-03-01T08:00:00.0;-0.22784100238824684
2018-03-01T09:00:00.0;-0.22065423760800634
2018-03-01T10:00:00.0;-0.21140623542309578
2018-03-01T11:00:00.0;-0.2030273830180158
2018-03-01T12:00:00.0;-0.19683349460700034
2018-03-01T13:00:00.0;-0.1987305641214787
2018-03-01T14:00:00.0;-0.20417135799323846
2018-03-01T15:00:00.0;-0.21523001902496347
2018-03-01T16:00:00.0;-0.2327251044141484
2018-03-01T17:00:00.0;-0.25826829975136556
2018-03-01T18:00:00.0;-0.26557199510486673
2018-03-01T19:00:00.0;-0.270366660960028
2018-03-01T20:00:00.0;-0.26842170637340734
2018-03-01T21:00:00.0;-0.2627737857746624
2018-03-01T22:00:00.0;-0.2515092847212863
2018-03-01T23:00:00.0;-0.2367833471278402
2018-03-02T00:00:00.0;-0.22523286845433008
2018-03-02T01:00:00.0;-0.21454923448772448
2018-03-02T02:00:00.0;-0.20479351871388918
2018-03-02T03:00:00.0;-0.1954822289364081
2018-03-02T04:00:00.0;-0.18889015071406334
2018-03-02T05:00:00.0;-0.18899608054103775
2018-03-02T06:00:00.0;-0.202246873784339
2018-03-02T07:00:00.0;-0.22095155260012475
2018-03-02T08:00:00.0;-0.2266740879395873
2018-03-02T09:00:00.0;-0.21998800768668345
2018-03-02T10:00:00.0;-0.21091744330420406
2018-03-02T11:00:00.0;-0.2026677190970131
2018-03-02T12:00:00.0;-0.19639020291569118
2018-03-02T13:00:00.0;-0.19837775801409072
2018-03-02T14:00:00.0;-0.2039163219452351
2018-03-02T15:00:00.0;-0.2148171306803859
2018-03-02T16:00:00.0;-0.23212289922843582
2018-03-02T17:00:00.0;-0.2581427405744393
2018-03-02T18:00:00.0;-0.2648165531653545
2018-03-02T19:00:00.0;-0.26980941242185325
2018-03-02T20:00:00.0;-0.26828173248643933
2018-03-02T21:00:00.0;-0.26304167981441356
2018-03-02T22:00:00.0;-0.2516713385906305
2018-03-02T23:00:00.0;-0.2370919140840268
2018-03-03T00:00:00.0;-0.20477875779434582
2018-03-03T01:00:00.0;-0.19534732027719248
2018-03-03T02:00:00.0;-0.18712625542030634
2018-03-03T03:00:00.0;-0.17914427134311628
2018-03-03T04:00:00.0;-0.17135035193944997
2018-03-03T05:00:00.0;-0.1680756336872304
2018-03-03T06:00:00.0;-0.1747230318401612
2018-03-03T07:00:00.0;-0.18472337407797781
2018-03-03T08:00:00.0;-0.18654661582245458
2018-03-03T09:00:00.0;-0.18108577708295326
2018-03-03T10:00:00.0;-0.17322679082863776
2018-03-03T11:00:00.0;-0.16797319856441836
2018-03-03T12:00:00.0;-0.16466545585037634
2018-03-03T13:00:00.0;-0.16847164437411563
2018-03-03T14:00:00.0;-0.1757198495337296
2018-03-03T15:00:00.0;-0.18726087611682252
2018-03-03T16:00:00.0;-0.20553836625505134
2018-03-03T17:00:00.0;-0.2264715909749605
2018-03-03T18:00:00.0;-0.23500899774975756
2018-03-03T19:00:00.0;-0.24312786498612302
2018-03-03T20:00:00.0;-0.2459935612400941
2018-03-03T21:00:00.0;-0.2438558438387545
2018-03-03T22:00:00.0;-0.2324944477581026
2018-03-03T23:00:00.0;-0.22001853819545045
2018-03-04T00:00:00.0;-0.19721909908860272
2018-03-04T01:00:00.0;-0.18841519474767363
2018-03-04T02:00:00.0;-0.1800251666869372
2018-03-04T03:00:00.0;-0.17204217002669558
2018-03-04T04:00:00.0;-0.16480258523239333
2018-03-04T05:00:00.0;-0.16154957744903206
2018-03-04T06:00:00.0;-0.163126036911203
2018-03-04T07:00:00.0;-0.16718876100694285
2018-03-04T08:00:00.0;-0.1683787527038932
2018-03-04T09:00:00.0;-0.16501407285523714
2018-03-04T10:00:00.0;-0.16077535274515897
2018-03-04T11:00:00.0;-0.15883911609072177
2018-03-04T12:00:00.0;-0.15831606804594087
2018-03-04T13:00:00.0;-0.16149727044408854
2018-03-04T14:00:00.0;-0.1668255772833589
2018-03-04T15:00:00.0;-0.17697877221303696
2018-03-04T16:00:00.0;-0.19586592292754496
2018-03-04T17:00:00.0;-0.2135253370271837
2018-03-04T18:00:00.0;-0.22508327103399386
2018-03-04T19:00:00.0;-0.23452332731429562
2018-03-04T20:00:00.0;-0.23538223813064074
2018-03-04T21:00:00.0;-0.23230005656214758
2018-03-04T22:00:00.0;-0.2216459062004855
2018-03-04T23:00:00.0;-0.20997755735595314
2018-03-05T00:00:00.0;-0.20662280868394736
2018-03-05T01:00:00.0;-0.19734906759171314
2018-03-05T02:00:00.0;-0.18913708846952265
2018-03-05T03:00:00.0;-0.18175353729402174
2018-03-05T04:00:00.0;-0.17901791641932113
2018-03-05T05:00:00.0;-0.1847976040402952
2018-03-05T06:00:00.0;-0.19787680430170043
2018-03-05T07:00:00.0;-0.2048754375467181
2018-03-05T08:00:00.0;-0.2013289621035887
2018-03-05T09:00:00.0;-0.1913270687175296
2018-03-05T10:00:00.0;-0.18381736498752538
2018-03-05T11:00:00.0;-0.17881030460913885
2018-03-05T12:00:00.0;-0.17889962829899753
2018-03-05T13:00:00.0;-0.18225828126410612
2018-03-05T14:00:00.0;-0.18840692301985315
2018-03-05T15:00:00.0;-0.19982318002231425
2018-03-05T16:00:00.0;-0.2173336258005039
2018-03-05T17:00:00.0;-0.22987281723282896
2018-03-05T18:00:00.0;-0.23763060645123207
2018-03-05T19:00:00.0;-0.2450555455074305
2018-03-05T20:00:00.0;-0.24730567953973773
2018-03-05T21:00:00.0;-0.23881668050698907
2018-03-05T22:00:00.0;-0.22824805298007728
2018-03-05T23:00:00.0;-0.21483540589505293
2018-03-06T00:00:00.0;-0.20801574180860358
2018-03-06T01:00:00.0;-0.19862493373793152
2018-03-06T02:00:00.0;-0.18998602927976024
2018-03-06T03:00:00.0;-0.18236974816564272
2018-03-06T04:00:00.0;-0.18002714301491027
2018-03-06T05:00:00.0;-0.18623092181774112
2018-03-06T06:00:00.0;-0.19931499075730413
2018-03-06T07:00:00.0;-0.20658584866632093
2018-03-06T08:00:00.0;-0.20315977720875003
2018-03-06T09:00:00.0;-0.19346994640257803
2018-03-06T10:00:00.0;-0.1869382454684977
2018-03-06T11:00:00.0;-0.182198854435463
2018-03-06T12:00:00.0;-0.18258606144980072
2018-03-06T13:00:00.0;-0.1853238449944128
2018-03-06T14:00:00.0;-0.19102098906145498
2018-03-06T15:00:00.0;-0.2020447991424137
2018-03-06T16:00:00.0;-0.21899266026805228
2018-03-06T17:00:00.0;-0.23065395430429836
2018-03-06T18:00:00.0;-0.2365672620844256
2018-03-06T19:00:00.0;-0.24416453097430563
2018-03-06T20:00:00.0;-0.24728467456688005
2018-03-06T21:00:00.0;-0.23862198819250138
2018-03-06T22:00:00.0;-0.22843322531441473
2018-03-06T23:00:00.0;-0.21488055308233886
2018-03-07T00:00:00.0;-0.20784045512244775
2018-03-07T01:00:00.0;-0.19847362576189934
2018-03-07T02:00:00.0;-0.18985424743397605
2018-03-07T03:00:00.0;-0.18225665403034566
2018-03-07T04:00:00.0;-0.18003439092603218
2018-03-07T05:00:00.0;-0.18644503151473374
2018-03-07T06:00:00.0;-0.19968769455084132
2018-03-07T07:00:00.0;-0.20678757187329733
2018-03-07T08:00:00.0;-0.20314321524069257
2018-03-07T09:00:00.0;-0.19327989332349074
2018-03-07T10:00:00.0;-0.18675550218354173
2018-03-07T11:00:00.0;-0.18200350646729743
2018-03-07T12:00:00.0;-0.18246543447522637
2018-03-07T13:00:00.0;-0.1852190534866214
2018-03-07T14:00:00.0;-0.19096621006150807
2018-03-07T15:00:00.0;-0.2020855222139763
2018-03-07T16:00:00.0;-0.21903436306166268
2018-03-07T17:00:00.0;-0.23045741007707118
2018-03-07T18:00:00.0;-0.23634049827085837
2018-03-07T19:00:00.0;-0.2439774496748205
2018-03-07T20:00:00.0;-0.24720430186669118
2018-03-07T21:00:00.0;-0.23846162193183443
2018-03-07T22:00:00.0;-0.2282641280277759
2018-03-07T23:00:00.0;-0.2146224473053828
2018-03-08T00:00:00.0;-0.21115349582933954
2018-03-08T01:00:00.0;-0.20111530497359542
2018-03-08T02:00:00.0;-0.19345781289332367
2018-03-08T03:00:00.0;-0.18634742014419295
2018-03-08T04:00:00.0;-0.18136090349163353
2018-03-08T05:00:00.0;-0.1834492807823177
2018-03-08T06:00:00.0;-0.19619926679908425
2018-03-08T07:00:00.0;-0.20953415741585366
2018-03-08T08:00:00.0;-0.20916124715829285
2018-03-08T09:00:00.0;-0.2008394298986741
2018-03-08T10:00:00.0;-0.19180222944884306
2018-03-08T11:00:00.0;-0.18610634134730278
2018-03-08T12:00:00.0;-0.1844955735853578
2018-03-08T13:00:00.0;-0.18967998898372865
2018-03-08T14:00:00.0;-0.19672048826233654
2018-03-08T15:00:00.0;-0.20734132456443294
2018-03-08T16:00:00.0;-0.2241022914897748
2018-03-08T17:00:00.0;-0.24347166190378858
2018-03-08T18:00:00.0;-0.2503336047541751
2018-03-08T19:00:00.0;-0.2573816599923884
2018-03-08T20:00:00.0;-0.25776352216212384
2018-03-08T21:00:00.0;-0.24941108335302567
2018-03-08T22:00:00.0;-0.23678425724014993
2018-03-08T23:00:00.0;-0.2237680992191145
2018-03-09T00:00:00.0;-0.20698612157675436
2018-03-09T01:00:00.0;-0.19770652145806056
2018-03-09T02:00:00.0;-0.18924881101385532
2018-03-09T03:00:00.0;-0.1817590473144268
2018-03-09T04:00:00.0;-0.1796846926755646
2018-03-09T05:00:00.0;-0.1863974921644339
2018-03-09T06:00:00.0;-0.19982458427972988
2018-03-09T07:00:00.0;-0.20641263262371812
2018-03-09T08:00:00.0;-0.20231461954576874
2018-03-09T09:00:00.0;-0.19208969810491003
2018-03-09T10:00:00.0;-0.1854129617625659
2018-03-09T11:00:00.0;-0.18066665187721068
2018-03-09T12:00:00.0;-0.1812802325996927
2018-03-09T13:00:00.0;-0.18425039967392354
2018-03-09T14:00:00.0;-0.19015463212317937
2018-03-09T15:00:00.0;-0.20150815048730147
2018-03-09T16:00:00.0;-0.21862302808955358
2018-03-09T17:00:00.0;-0.22980709398526175
2018-03-09T18:00:00.0;-0.2362647535959554
2018-03-09T19:00:00.0;-0.2439601594316154
2018-03-09T20:00:00.0;-0.24698835984281803
2018-03-09T21:00:00.0;-0.23803079341727396
2018-03-09T22:00:00.0;-0.22768841548245852
2018-03-09T23:00:00.0;-0.21392088680327725
2018-03-10T00:00:00.0;-0.1981533244420325
2018-03-10T01:00:00.0;-0.18925014439031979
2018-03-10T02:00:00.0;-0.18088198384908835
2018-03-10T03:00:00.0;-0.17289408680358226
2018-03-10T04:00:00.0;-0.16600951187467164
2018-03-10T05:00:00.0;-0.16327931353735065
2018-03-10T06:00:00.0;-0.16597040407293645
2018-03-10T07:00:00.0;-0.1708479328040217
2018-03-10T08:00:00.0;-0.171486281734554
2018-03-10T09:00:00.0;-0.1674239781669789
2018-03-10T10:00:00.0;-0.1633529975663318
2018-03-10T11:00:00.0;-0.16109834433890463
2018-03-10T12:00:00.0;-0.1605473823677747
2018-03-10T13:00:00.0;-0.16397404329989054
2018-03-10T14:00:00.0;-0.1698405689828836
2018-03-10T15:00:00.0;-0.1805296272019815
2018-03-10T16:00:00.0;-0.19893386883720504
2018-03-10T17:00:00.0;-0.21661551418460923
2018-03-10T18:00:00.0;-0.226512462435813
2018-03-10T19:00:00.0;-0.23631142691732893
2018-03-10T20:00:00.0;-0.2381833815173546
2018-03-10T21:00:00.0;-0.23480293330436322
2018-03-10T22:00:00.0;-0.22364399258070408
2018-03-10T23:00:00.0;-0.21107714887902856
2018-03-11T00:00:00.0;-0.19588568683265986
2018-03-11T01:00:00.0;-0.18708068212888465
2018-03-11T02:00:00.0;-0.17861937830650623
2018-03-11T03:00:00.0;-0.17074940242240488
2018-03-11T04:00:00.0;-0.16433603165859645
2018-03-11T05:00:00.0;-0.16190031998175783
2018-03-11T06:00:00.0;-0.16251566709565826
2018-03-11T07:00:00.0;-0.1655928433344415
2018-03-11T08:00:00.0;-0.16608068230396106
2018-03-11T09:00:00.0;-0.16324735267607127
2018-03-11T10:00:00.0;-0.16105509510723456
2018-03-11T11:00:00.0;-0.1606002156195217
2018-03-11T12:00:00.0;-0.1617418608003114
2018-03-11T13:00:00.0;-0.16501253317852474
2018-03-11T14:00:00.0;-0.16971240128776507
2018-03-11T15:00:00.0;-0.17908340668468098
2018-03-11T16:00:00.0;-0.1972502259857547
2018-03-11T17:00:00.0;-0.21331880212994062
2018-03-11T18:00:00.0;-0.2236692681997327
2018-03-11T19:00:00.0;-0.2339997979068367
2018-03-11T20:00:00.0;-0.23469151051645606
2018-03-11T21:00:00.0;-0.2299776645018839
2018-03-11T22:00:00.0;-0.21903179831257671
2018-03-11T23:00:00.0;-0.207134425475008
2018-03-12T00:00:00.0;-0.2039650685019359
2018-03-12T01:00:00.0;-0.19495902794936992
2018-03-12T02:00:00.0;-0.18695701637617787
2018-03-12T03:00:00.0;-0.1797692535777686
2018-03-12T04:00:00.0;-0.17803719610719243
2018-03-12T05:00:00.0;-0.1853604926471888
2018-03-12T06:00:00.0;-0.19881327489261724
2018-03-12T07:00:00.0;-0.20369774042677366
2018-03-12T08:00:00.0;-0.1983522988212204
2018-03-12T09:00:00.0;-0.187356157405245
2018-03-12T10:00:00.0;-0.18056296328695728
2018-03-12T11:00:00.0;-0.17607933362886335
2018-03-12T12:00:00.0;-0.1772696997250267
2018-03-12T13:00:00.0;-0.18087029104599944
2018-03-12T14:00:00.0;-0.18717429577913663
2018-03-12T15:00:00.0;-0.19911658402496255
2018-03-12T16:00:00.0;-0.21667935897598342
2018-03-12T17:00:00.0;-0.2271608259759682
2018-03-12T18:00:00.0;-0.23521624326762564
2018-03-12T19:00:00.0;-0.24327049506301388
2018-03-12T20:00:00.0;-0.24577522907889623
2018-03-12T21:00:00.0;-0.2362848903051302
2018-03-12T22:00:00.0;-0.22549281330037632
2018-03-12T23:00:00.0;-0.21138541945393957
2018-03-13T00:00:00.0;-0.20523970457247231
2018-03-13T01:00:00.0;-0.19574154198629368
2018-03-13T02:00:00.0;-0.18843553772000152
2018-03-13T03:00:00.0;-0.18179752517500172
2018-03-13T04:00:00.0;-0.1786403714544883
2018-03-13T05:00:00.0;-0.18350990236536924
2018-03-13T06:00:00.0;-0.1969107977471315
2018-03-13T07:00:00.0;-0.2058458845787863
2018-03-13T08:00:00.0;-0.20175742644376343
2018-03-13T09:00:00.0;-0.19164083908542706
2018-03-13T10:00:00.0;-0.1835563697332536
2018-03-13T11:00:00.0;-0.178768850624988
2018-03-13T12:00:00.0;-0.1793340167871856
2018-03-13T13:00:00.0;-0.1846936561319643
2018-03-13T14:00:00.0;-0.19205826183209793
2018-03-13T15:00:00.0;-0.2034345593654776
2018-03-13T16:00:00.0;-0.22020350426984897
2018-03-13T17:00:00.0;-0.23434235108683407
2018-03-13T18:00:00.0;-0.24096256031088123
2018-03-13T19:00:00.0;-0.24905972456224315
2018-03-13T20:00:00.0;-0.25136053063007496
2018-03-13T21:00:00.0;-0.24182704622327567
2018-03-13T22:00:00.0;-0.22948664481090567
2018-03-13T23:00:00.0;-0.21601718445174145
2018-03-14T00:00:00.0;-0.2045627952205684
2018-03-14T01:00:00.0;-0.1951773292223108
2018-03-14T02:00:00.0;-0.18693675750766509
2018-03-14T03:00:00.0;-0.17951478017834543
2018-03-14T04:00:00.0;-0.17540761582173087
2018-03-14T05:00:00.0;-0.17787515157162495
2018-03-14T06:00:00.0;-0.1858284179306344
2018-03-14T07:00:00.0;-0.1912606437263054
2018-03-14T08:00:00.0;-0.18880990726169983
2018-03-14T09:00:00.0;-0.18141880166945948
2018-03-14T10:00:00.0;-0.17631349564279955
2018-03-14T11:00:00.0;-0.17291466860164798
2018-03-14T12:00:00.0;-0.17354479093650169
2018-03-14T13:00:00.0;-0.17644396448649197
2018-03-14T14:00:00.0;-0.18237807422699187
2018-03-14T15:00:00.0;-0.19340815803594785
2018-03-14T16:00:00.0;-0.2102638057019354
2018-03-14T17:00:00.0;-0.22408269598830396
2018-03-14T18:00:00.0;-0.23352183900582277
2018-03-14T19:00:00.0;-0.2424242344735558
2018-03-14T20:00:00.0;-0.244111409671555
2018-03-14T21:00:00.0;-0.2386183598446625
2018-03-14T22:00:00.0;-0.2279301957890016
2018-03-14T23:00:00.0;-0.21394903676239058
2018-03-15T00:00:00.0;-0.2140043951284792
2018-03-15T01:00:00.0;-0.20411908974593912
2018-03-15T02:00:00.0;-0.19530793156348344
2018-03-15T03:00:00.0;-0.18673210521114397
2018-03-15T04:00:00.0;-0.17992798598361864
2018-03-15T05:00:00.0;-0.17914647465882996
2018-03-15T06:00:00.0;-0.18962203961278273
2018-03-15T07:00:00.0;-0.2029647081134106
2018-03-15T08:00:00.0;-0.20597029171398204
2018-03-15T09:00:00.0;-0.1991015125450245
2018-03-15T10:00:00.0;-0.19045042361823536
2018-03-15T11:00:00.0;-0.1835934816501104
2018-03-15T12:00:00.0;-0.17894542202196462
2018-03-15T13:00:00.0;-0.18202186519070737
2018-03-15T14:00:00.0;-0.18860278159172666
2018-03-15T15:00:00.0;-0.20038951967841478
2018-03-15T16:00:00.0;-0.21856709468081278
2018-03-15T17:00:00.0;-0.2416229111575359
2018-03-15T18:00:00.0;-0.2504123943231012
2018-03-15T19:00:00.0;-0.25700251915485095
2018-03-15T20:00:00.0;-0.2571745485630004
2018-03-15T21:00:00.0;-0.25309840662528377
2018-03-15T22:00:00.0;-0.24155479221837375
2018-03-15T23:00:00.0;-0.22755057903749326
2018-03-16T00:00:00.0;-0.2197842881626112
2018-03-16T01:00:00.0;-0.20919950719234418
2018-03-16T02:00:00.0;-0.20063727613890986
2018-03-16T03:00:00.0;-0.19251096241279153
2018-03-16T04:00:00.0;-0.18611331458272914
2018-03-16T05:00:00.0;-0.18630058638433436
2018-03-16T06:00:00.0;-0.19932430266947615
2018-03-16T07:00:00.0;-0.21715693948912446
2018-03-16T08:00:00.0;-0.22081797270842157
2018-03-16T09:00:00.0;-0.21378154911379882
2018-03-16T10:00:00.0;-0.20410702967041833
2018-03-16T11:00:00.0;-0.19688801350161994
2018-03-16T12:00:00.0;-0.1924333904680464
2018-03-16T13:00:00.0;-0.196467032117833
2018-03-16T14:00:00.0;-0.20286994386231766
2018-03-16T15:00:00.0;-0.21327876942873839
2018-03-16T16:00:00.0;-0.23018189417596105
2018-03-16T17:00:00.0;-0.25477215552497684
2018-03-16T18:00:00.0;-0.26162609042244767
2018-03-16T19:00:00.0;-0.267329112546789
2018-03-16T20:00:00.0;-0.26590723827277024
2018-03-16T21:00:00.0;-0.25903638245400906
2018-03-16T22:00:00.0;-0.24658515858917623
2018-03-16T23:00:00.0;-0.233084701189016
2018-03-17T00:00:00.0;-0.20958261331574612
2018-03-17T01:00:00.0;-0.20000499947001524
2018-03-17T02:00:00.0;-0.19074731610349174
2018-03-17T03:00:00.0;-0.18186913435072524
2018-03-17T04:00:00.0;-0.17407172968542145
2018-03-17T05:00:00.0;-0.17096681757891716
2018-03-17T06:00:00.0;-0.17773674407453147
2018-03-17T07:00:00.0;-0.18853851594918455
2018-03-17T08:00:00.0;-0.1921141927735973
2018-03-17T09:00:00.0;-0.1872180231530208
2018-03-17T10:00:00.0;-0.1799373484815182
2018-03-17T11:00:00.0;-0.17409856724757514
2018-03-17T12:00:00.0;-0.16964953179468412
2018-03-17T13:00:00.0;-0.17165569877475695
2018-03-17T14:00:00.0;-0.17781336810344783
2018-03-17T15:00:00.0;-0.18916214976343768
2018-03-17T16:00:00.0;-0.20757789114027234
2018-03-17T17:00:00.0;-0.22909976398350196
2018-03-17T18:00:00.0;-0.2372399121961563
2018-03-17T19:00:00.0;-0.244595476045737
2018-03-17T20:00:00.0;-0.24720659644492043
2018-03-17T21:00:00.0;-0.24597096772966162
2018-03-17T22:00:00.0;-0.2357700800910103
2018-03-17T23:00:00.0;-0.22295401622212915
2018-03-18T00:00:00.0;-0.19658667546093694
2018-03-18T01:00:00.0;-0.18795638604722611
2018-03-18T02:00:00.0;-0.1794853937568996
2018-03-18T03:00:00.0;-0.17102709589030313
2018-03-18T04:00:00.0;-0.1623233631766032
2018-03-18T05:00:00.0;-0.1568012057078951
2018-03-18T06:00:00.0;-0.15907765239778704
2018-03-18T07:00:00.0;-0.1638008126606874
2018-03-18T08:00:00.0;-0.16512802151673697
2018-03-18T09:00:00.0;-0.16074242645822606
2018-03-18T10:00:00.0;-0.15483275881693967
2018-03-18T11:00:00.0;-0.15062313821451703
2018-03-18T12:00:00.0;-0.14739751826909986
2018-03-18T13:00:00.0;-0.15030421840673075
2018-03-18T14:00:00.0;-0.15782758433046196
2018-03-18T15:00:00.0;-0.1706761209577956
2018-03-18T16:00:00.0;-0.19014714412195544
2018-03-18T17:00:00.0;-0.20955993278753615
2018-03-18T18:00:00.0;-0.21954628967198775
2018-03-18T19:00:00.0;-0.2293032419749183
2018-03-18T20:00:00.0;-0.23459342848105627
2018-03-18T21:00:00.0;-0.23611462508321904
2018-03-18T22:00:00.0;-0.2255715506340617
2018-03-18T23:00:00.0;-0.21268252340138608
2018-03-19T00:00:00.0;-0.2100714619063199
2018-03-19T01:00:00.0;-0.20036618398231337
2018-03-19T02:00:00.0;-0.1920523206430794
2018-03-19T03:00:00.0;-0.18452602501507784
2018-03-19T04:00:00.0;-0.18023789812944685
2018-03-19T05:00:00.0;-0.18313569765022802
2018-03-19T06:00:00.0;-0.19363889362348227
2018-03-19T07:00:00.0;-0.20061151636084731
2018-03-19T08:00:00.0;-0.1982274551644502
2018-03-19T09:00:00.0;-0.18925968242047858
2018-03-19T10:00:00.0;-0.18175715717545002
2018-03-19T11:00:00.0;-0.17602662792576756
2018-03-19T12:00:00.0;-0.1747938336581072
2018-03-19T13:00:00.0;-0.17684361396871204
2018-03-19T14:00:00.0;-0.18356909729884557
2018-03-19T15:00:00.0;-0.19587708154317054
2018-03-19T16:00:00.0;-0.21267670045037573
2018-03-19T17:00:00.0;-0.22740441646923865
2018-03-19T18:00:00.0;-0.23819418107181137
2018-03-19T19:00:00.0;-0.2458634436941438
2018-03-19T20:00:00.0;-0.24787044855409324
2018-03-19T21:00:00.0;-0.2447812144174696
2018-03-19T22:00:00.0;-0.2347964135180668
2018-03-19T23:00:00.0;-0.2199291634930217
2018-03-20T00:00:00.0;-0.20581918138549124
2018-03-20T01:00:00.0;-0.19646416129276106
2018-03-20T02:00:00.0;-0.18829461248351562
2018-03-20T03:00:00.0;-0.18092098379951121
2018-03-20T04:00:00.0;-0.17718163898485267
2018-03-20T05:00:00.0;-0.1807352041636906
2018-03-20T06:00:00.0;-0.19092705176392463
2018-03-20T07:00:00.0;-0.19605416437412054
2018-03-20T08:00:00.0;-0.19237827127055065
2018-03-20T09:00:00.0;-0.18314670746551348
2018-03-20T10:00:00.0;-0.17639879919531684
2018-03-20T11:00:00.0;-0.1714657182945622
2018-03-20T12:00:00.0;-0.17128203843180512
2018-03-20T13:00:00.0;-0.17374848087509284
2018-03-20T14:00:00.0;-0.18055912687719905
2018-03-20T15:00:00.0;-0.19292530934293295
2018-03-20T16:00:00.0;-0.20992488436107942
2018-03-20T17:00:00.0;-0.22263670634759042
2018-03-20T18:00:00.0;-0.2324163824506027
2018-03-20T19:00:00.0;-0.2407938711829768
2018-03-20T20:00:00.0;-0.24401305137606558
2018-03-20T21:00:00.0;-0.239938037558978
2018-03-20T22:00:00.0;-0.2298481075307006
2018-03-20T23:00:00.0;-0.21525205460981556
2018-03-21T00:00:00.0;-0.20275156627867377
2018-03-21T01:00:00.0;-0.19349005460659396
2018-03-21T02:00:00.0;-0.18582769826370865
2018-03-21T03:00:00.0;-0.1789309948558199
2018-03-21T04:00:00.0;-0.17579443971788833
2018-03-21T05:00:00.0;-0.1801627239382288
2018-03-21T06:00:00.0;-0.1908779494427963
2018-03-21T07:00:00.0;-0.1968724536897896
2018-03-21T08:00:00.0;-0.19262349943406784
2018-03-21T09:00:00.0;-0.18350905600946296
2018-03-21T10:00:00.0;-0.17734345869403975
2018-03-21T11:00:00.0;-0.1736825655226139
2018-03-21T12:00:00.0;-0.1749997557836543
2018-03-21T13:00:00.0;-0.1793321563900117
2018-03-21T14:00:00.0;-0.18603209229124176
2018-03-21T15:00:00.0;-0.19732815256915387
2018-03-21T16:00:00.0;-0.21417251585564442
2018-03-21T17:00:00.0;-0.22675576526487942
2018-03-21T18:00:00.0;-0.23442879702993533
2018-03-21T19:00:00.0;-0.24332008076912853
2018-03-21T20:00:00.0;-0.24585631234127028
2018-03-21T21:00:00.0;-0.2376895081706466
2018-03-21T22:00:00.0;-0.22612235269182543
2018-03-21T23:00:00.0;-0.21238345568057304
2018-03-22T00:00:00.0;-0.21424125089483503
2018-03-22T01:00:00.0;-0.20423770729880764
2018-03-22T02:00:00.0;-0.19521264466309254
2018-03-22T03:00:00.0;-0.18727188932306146
2018-03-22T04:00:00.0;-0.18318292979297013
2018-03-22T05:00:00.0;-0.1868187835250381
2018-03-22T06:00:00.0;-0.19959516376266806
2018-03-22T07:00:00.0;-0.21148048816803017
2018-03-22T08:00:00.0;-0.21166407221349087
2018-03-22T09:00:00.0;-0.20385281579212752
2018-03-22T10:00:00.0;-0.19585033201618485
2018-03-22T11:00:00.0;-0.1901295773133256
2018-03-22T12:00:00.0;-0.1885131447594199
2018-03-22T13:00:00.0;-0.190880794926132
2018-03-22T14:00:00.0;-0.19605123465060353
2018-03-22T15:00:00.0;-0.20575198455035693
2018-03-22T16:00:00.0;-0.22249206643067163
2018-03-22T17:00:00.0;-0.2383421461917946
2018-03-22T18:00:00.0;-0.24386404151192292
2018-03-22T19:00:00.0;-0.2500082023190109
2018-03-22T20:00:00.0;-0.25182385224123016
2018-03-22T21:00:00.0;-0.24434161737542073
2018-03-22T22:00:00.0;-0.2344624891587702
2018-03-22T23:00:00.0;-0.22231470261346828
2018-03-23T00:00:00.0;-0.20835640005654527
2018-03-23T01:00:00.0;-0.19831281330557984
2018-03-23T02:00:00.0;-0.19113630254733682
2018-03-23T03:00:00.0;-0.18460849131448198
2018-03-23T04:00:00.0;-0.17936402127232928
2018-03-23T05:00:00.0;-0.18069229985629504
2018-03-23T06:00:00.0;-0.19204851041060655
2018-03-23T07:00:00.0;-0.20415281638071495
2018-03-23T08:00:00.0;-0.2028786615722135
2018-03-23T09:00:00.0;-0.19498113446092696
2018-03-23T10:00:00.0;-0.18593078005273778
2018-03-23T11:00:00.0;-0.18090136657411526
2018-03-23T12:00:00.0;-0.18022344820269504
2018-03-23T13:00:00.0;-0.18578885991851887
2018-03-23T14:00:00.0;-0.1931549525440167
2018-03-23T15:00:00.0;-0.20343407329166463
2018-03-23T16:00:00.0;-0.2197515387132839
2018-03-23T17:00:00.0;-0.23790683370835036
2018-03-23T18:00:00.0;-0.24546683021747231
2018-03-23T19:00:00.0;-0.2530047311217066
2018-03-23T20:00:00.0;-0.2538960202011409
2018-03-23T21:00:00.0;-0.24642440010071043
2018-03-23T22:00:00.0;-0.23389552870804278
2018-03-23T23:00:00.0;-0.22153494390516276
2018-03-24T00:00:00.0;-0.19804176662359887
2018-03-24T01:00:00.0;-0.18943434997410688
2018-03-24T02:00:00.0;-0.18187080059667454
2018-03-24T03:00:00.0;-0.17496187350105127
2018-03-24T04:00:00.0;-0.17316602438879447
2018-03-24T05:00:00.0;-0.17984694244650234
2018-03-24T06:00:00.0;-0.19084777348819187
2018-03-24T07:00:00.0;-0.19281874655207548
2018-03-24T08:00:00.0;-0.18646815041692558
2018-03-24T09:00:00.0;-0.1759852717915239
2018-03-24T10:00:00.0;-0.17061664032250776
2018-03-24T11:00:00.0;-0.1676070344137472
2018-03-24T12:00:00.0;-0.17007490564763536
2018-03-24T13:00:00.0;-0.17438098889693884
2018-03-24T14:00:00.0;-0.18084623211174122
2018-03-24T15:00:00.0;-0.19298734199381748
2018-03-24T16:00:00.0;-0.21089391429549348
2018-03-24T17:00:00.0;-0.22060656228708322
2018-03-24T18:00:00.0;-0.2301391923180118
2018-03-24T19:00:00.0;-0.2394854924125342
2018-03-24T20:00:00.0;-0.24162140713179925
2018-03-24T21:00:00.0;-0.23199209773940604
2018-03-24T22:00:00.0;-0.22056442926599495
2018-03-24T23:00:00.0;-0.20622274451542047
2018-03-25T00:00:00.0;-0.1956432483071188
2018-03-25T01:00:00.0;-0.18697484796315628
2018-03-25T02:00:00.0;-0.17893805523964787
2018-03-25T03:00:00.0;-0.17162761767441823
2018-03-25T04:00:00.0;-0.16796742527727773
2018-03-25T05:00:00.0;-0.1704610548007615
2018-03-25T06:00:00.0;-0.1755350696818937
2018-03-25T07:00:00.0;-0.17722731679172093
2018-03-25T08:00:00.0;-0.1737765253139174
2018-03-25T09:00:00.0;-0.16744972005293596
2018-03-25T10:00:00.0;-0.16491060205284358
2018-03-25T11:00:00.0;-0.16409284761002263
2018-03-25T12:00:00.0;-0.16691258514376753
2018-03-25T13:00:00.0;-0.17075522917659505
2018-03-25T14:00:00.0;-0.17603457115018603
2018-03-25T15:00:00.0;-0.18639405622243324
2018-03-25T16:00:00.0;-0.20403560652563119
2018-03-25T17:00:00.0;-0.2158215395313436
2018-03-25T18:00:00.0;-0.2250197371213685
2018-03-25T19:00:00.0;-0.23547548823436237
2018-03-25T20:00:00.0;-0.23704392109784453
2018-03-25T21:00:00.0;-0.22910011817293977
2018-03-25T22:00:00.0;-0.2177794588875117
2018-03-25T23:00:00.0;-0.2045551481807055
2018-03-26T00:00:00.0;-0.19920588870340794
2018-03-26T01:00:00.0;-0.190710443352982
2018-03-26T02:00:00.0;-0.1836822674903409
2018-03-26T03:00:00.0;-0.1771521479531513
2018-03-26T04:00:00.0;-0.17643988854179143
2018-03-26T05:00:00.0;-0.18587017302106468
2018-03-26T06:00:00.0;-0.2008865983160376
2018-03-26T07:00:00.0;-0.202822529899219
2018-03-26T08:00:00.0;-0.19459527658235987
2018-03-26T09:00:00.0;-0.18115521280046168
2018-03-26T10:00:00.0;-0.17325826809695624
2018-03-26T11:00:00.0;-0.16862994354902497
2018-03-26T12:00:00.0;-0.17067846023272373
2018-03-26T13:00:00.0;-0.1755698072568167
2018-03-26T14:00:00.0;-0.18288457188559015
2018-03-26T15:00:00.0;-0.19633415115926248
2018-03-26T16:00:00.0;-0.21487240910180194
2018-03-26T17:00:00.0;-0.22377549256474036
2018-03-26T18:00:00.0;-0.23515675743034525
2018-03-26T19:00:00.0;-0.2434670687467574
2018-03-26T20:00:00.0;-0.24489316020551002
2018-03-26T21:00:00.0;-0.2340160114263927
2018-03-26T22:00:00.0;-0.22237600312681344
2018-03-26T23:00:00.0;-0.2074394725653626
2018-03-27T00:00:00.0;-0.20254138670462699
2018-03-27T01:00:00.0;-0.19345555346696788
2018-03-27T02:00:00.0;-0.1858775869784832
2018-03-27T03:00:00.0;-0.179060757264365
2018-03-27T04:00:00.0;-0.17724542840499705
2018-03-27T05:00:00.0;-0.18414581951011685
2018-03-27T06:00:00.0;-0.1976441567128583
2018-03-27T07:00:00.0;-0.20317991255091608
2018-03-27T08:00:00.0;-0.19716347996578787
2018-03-27T09:00:00.0;-0.18605065379655164
2018-03-27T10:00:00.0;-0.17939043079043576
2018-03-27T11:00:00.0;-0.17516723610543009
2018-03-27T12:00:00.0;-0.1768281850635514
2018-03-27T13:00:00.0;-0.18141089936324514
2018-03-27T14:00:00.0;-0.18849369393782817
2018-03-27T15:00:00.0;-0.20057102746809347
2018-03-27T16:00:00.0;-0.21754545782576235
2018-03-27T17:00:00.0;-0.228231192732291
2018-03-27T18:00:00.0;-0.2348042286980733
2018-03-27T19:00:00.0;-0.24357732270575266
2018-03-27T20:00:00.0;-0.2470440197437725
2018-03-27T21:00:00.0;-0.2371983673268396
2018-03-27T22:00:00.0;-0.2255001544969793
2018-03-27T23:00:00.0;-0.2111506978888855
2018-03-28T00:00:00.0;-0.20247339734327777
2018-03-28T01:00:00.0;-0.19341646881721
2018-03-28T02:00:00.0;-0.18577904535855674
2018-03-28T03:00:00.0;-0.17891836911664583
2018-03-28T04:00:00.0;-0.17721298282017614
2018-03-28T05:00:00.0;-0.184284410700997
2018-03-28T06:00:00.0;-0.19778613482144317
2018-03-28T07:00:00.0;-0.20306259808183139
2018-03-28T08:00:00.0;-0.19694784488196287
2018-03-28T09:00:00.0;-0.18578100111527038
2018-03-28T10:00:00.0;-0.1792576377039402
2018-03-28T11:00:00.0;-0.17506621980250764
2018-03-28T12:00:00.0;-0.17678453466568292
2018-03-28T13:00:00.0;-0.1812363773835865
2018-03-28T14:00:00.0;-0.18825187498919727
2018-03-28T15:00:00.0;-0.20036847345335046
2018-03-28T16:00:00.0;-0.21736254743101438
2018-03-28T17:00:00.0;-0.2277644929308398
2018-03-28T18:00:00.0;-0.23431382386918584
2018-03-28T19:00:00.0;-0.24311330181363544
2018-03-28T20:00:00.0;-0.24667583817950234
2018-03-28T21:00:00.0;-0.2368383917669731
2018-03-28T22:00:00.0;-0.22524421425120777
2018-03-28T23:00:00.0;-0.21082797484657376
2018-03-29T00:00:00.0;-0.20244829805303236
2018-03-29T01:00:00.0;-0.19351756650977023
2018-03-29T02:00:00.0;-0.18573424145674317
2018-03-29T03:00:00.0;-0.17878431654475146
2018-03-29T04:00:00.0;-0.17741805810851258
2018-03-29T05:00:00.0;-0.1851623114721965
2018-03-29T06:00:00.0;-0.19847764143176022
2018-03-29T07:00:00.0;-0.20191945500586866
2018-03-29T08:00:00.0;-0.19524511369603176
2018-03-29T09:00:00.0;-0.1836605134742476
2018-03-29T10:00:00.0;-0.17715963625810324
2018-03-29T11:00:00.0;-0.17282897338535105
2018-03-29T12:00:00.0;-0.17460887718700155
2018-03-29T13:00:00.0;-0.17820913468433872
2018-03-29T14:00:00.0;-0.18496641573114905
2018-03-29T15:00:00.0;-0.197476490962574
2018-03-29T16:00:00.0;-0.21474938647563693
2018-03-29T17:00:00.0;-0.22383718624999294
2018-03-29T18:00:00.0;-0.23224855961892954
2018-03-29T19:00:00.0;-0.24085871635247755
2018-03-29T20:00:00.0;-0.24415508773433037
2018-03-29T21:00:00.0;-0.23531128521936137
2018-03-29T22:00:00.0;-0.22453522530446499
2018-03-29T23:00:00.0;-0.20980655263018713
2018-03-30T00:00:00.0;-0.19770894969025565
2018-03-30T01:00:00.0;-0.18869431424470595
2018-03-30T02:00:00.0;-0.1812114672706959
2018-03-30T03:00:00.0;-0.1740893663144408
2018-03-30T04:00:00.0;-0.16772197004870779
2018-03-30T05:00:00.0;-0.1662965056864254
2018-03-30T06:00:00.0;-0.17217903255576816
2018-03-30T07:00:00.0;-0.1783229628702109
2018-03-30T08:00:00.0;-0.17694699971555772
2018-03-30T09:00:00.0;-0.17082486990510043
2018-03-30T10:00:00.0;-0.16433904848268888
2018-03-30T11:00:00.0;-0.16102973851811778
2018-03-30T12:00:00.0;-0.16068266978557277
2018-03-30T13:00:00.0;-0.16556475286686395
2018-03-30T14:00:00.0;-0.17286572593057958
2018-03-30T15:00:00.0;-0.18409730577823613
2018-03-30T16:00:00.0;-0.20209775532161722
2018-03-30T17:00:00.0;-0.21882585987753467
2018-03-30T18:00:00.0;-0.22770904919962884
2018-03-30T19:00:00.0;-0.2371443238008181
2018-03-30T20:00:00.0;-0.24029563087283928
2018-03-30T21:00:00.0;-0.23587939642369607
2018-03-30T22:00:00.0;-0.22406028377823387
2018-03-30T23:00:00.0;-0.21184795211807297
2018-03-31T00:00:00.0;-0.1936278984247507
2018-03-31T01:00:00.0;-0.18548708524485616
2018-03-31T02:00:00.0;-0.178508822577212
2018-03-31T03:00:00.0;-0.17168032248861764
2018-03-31T04:00:00.0;-0.16803423601578205
2018-03-31T05:00:00.0;-0.17208493132131825
2018-03-31T06:00:00.0;-0.18189747443642407
2018-03-31T07:00:00.0;-0.1823765428544601
2018-03-31T08:00:00.0;-0.17636635151472904
2018-03-31T09:00:00.0;-0.16563993490703324
2018-03-31T10:00:00.0;-0.15782171943941772
2018-03-31T11:00:00.0;-0.1535882412809292
2018-03-31T12:00:00.0;-0.154186128024901
2018-03-31T13:00:00.0;-0.1589703754809318
2018-03-31T14:00:00.0;-0.16681992630896875
2018-03-31T15:00:00.0;-0.1806144564833417
2018-03-31T16:00:00.0;-0.20033207578558718
2018-03-31T17:00:00.0;-0.21207226240758567
2018-03-31T18:00:00.0;-0.2254592314382967
2018-03-31T19:00:00.0;-0.2344983039187216
2018-03-31T20:00:00.0;-0.23696747196286036
2018-03-31T21:00:00.0;-0.2307988002449651
2018-03-31T22:00:00.0;-0.2194743945952842
2018-03-31T23:00:00.0;-0.2056201770335757
2018-04-01T00:00:00.0;-0.19487248455170345
2018-04-01T01:00:00.0;-0.18628958485087413
2018-04-01T02:00:00.0;-0.17829648708797943
2018-04-01T03:00:00.0;-0.17095884973667588
2018-04-01T04:00:00.0;-0.16701874919451765
2018-04-01T05:00:00.0;-0.16909197425620076
2018-04-01T06:00:00.0;-0.1741960842137814
2018-04-01T07:00:00.0;-0.1756426188582919
2018-04-01T08:00:00.0;-0.1720480746122668
2018-04-01T09:00:00.0;-0.16549634420081674
2018-04-01T10:00:00.0;-0.16252187023359294
2018-04-01T11:00:00.0;-0.1613191626688049
2018-04-01T12:00:00.0;-0.16371841615096272
2018-04-01T13:00:00.0;-0.16753467430530308
2018-04-01T14:00:00.0;-0.17324336221949851
2018-04-01T15:00:00.0;-0.1841057443721929
2018-04-01T16:00:00.0;-0.20195689553907276
2018-04-01T17:00:00.0;-0.21377002682943935
2018-04-01T18:00:00.0;-0.22294032167574243
2018-04-01T19:00:00.0;-0.2334398900270111
2018-04-01T20:00:00.0;-0.23589944768238347
2018-04-01T21:00:00.0;-0.2288975994581501
2018-04-01T22:00:00.0;-0.21769683251201538
2018-04-01T23:00:00.0;-0.2044277521550851
2018-04-02T00:00:00.0;-0.18951338208368745
2018-04-02T01:00:00.0;-0.1811388681848669
2018-04-02T02:00:00.0;-0.17299150430653373
2018-04-02T03:00:00.0;-0.16526926900239863
2018-04-02T04:00:00.0;-0.15808778091101428
2018-04-02T05:00:00.0;-0.15382526411598935
2018-04-02T06:00:00.0;-0.15138397439089185
2018-04-02T07:00:00.0;-0.15161347547458096
2018-04-02T08:00:00.0;-0.1516120165823224
2018-04-02T09:00:00.0;-0.14971458425819426
2018-04-02T10:00:00.0;-0.1484793684929572
2018-04-02T11:00:00.0;-0.14911449391226306
2018-04-02T12:00:00.0;-0.15084118011392378
2018-04-02T13:00:00.0;-0.1544771146388573
2018-04-02T14:00:00.0;-0.15957410555274587
2018-04-02T15:00:00.0;-0.16929773998529501
2018-04-02T16:00:00.0;-0.1879899450170075
2018-04-02T17:00:00.0;-0.20353636939739328
2018-04-02T18:00:00.0;-0.21500578613490023
2018-04-02T19:00:00.0;-0.2265258340378212
2018-04-02T20:00:00.0;-0.2281046446716608
2018-04-02T21:00:00.0;-0.22490621244236322
2018-04-02T22:00:00.0;-0.2138348606851433
2018-04-02T23:00:00.0;-0.2021908782532362
2018-04-03T00:00:00.0;-0.20086741407919198
2018-04-03T01:00:00.0;-0.1915714906473496
2018-04-03T02:00:00.0;-0.1841563255938496
2018-04-03T03:00:00.0;-0.1769929710386415
2018-04-03T04:00:00.0;-0.16981763970330135
2018-04-03T05:00:00.0;-0.16744732768992404
2018-04-03T06:00:00.0;-0.17457910553171324
2018-04-03T07:00:00.0;-0.1834430625285517
2018-04-03T08:00:00.0;-0.18317390490695845
2018-04-03T09:00:00.0;-0.17687120701023523
2018-04-03T10:00:00.0;-0.16868480931663948
2018-04-03T11:00:00.0;-0.1640647890440591
2018-04-03T12:00:00.0;-0.162234030300075
2018-04-03T13:00:00.0;-0.16735961382152664
2018-04-03T14:00:00.0;-0.1752647914220898
2018-04-03T15:00:00.0;-0.18676048332767115
2018-04-03T16:00:00.0;-0.20475111436642754
2018-04-03T17:00:00.0;-0.22382640497705572
2018-04-03T18:00:00.0;-0.2323213481770578
2018-04-03T19:00:00.0;-0.24099661557370408
2018-04-03T20:00:00.0;-0.24425611734922492
2018-04-03T21:00:00.0;-0.24068072508490634
2018-04-03T22:00:00.0;-0.22863919320845083
2018-04-03T23:00:00.0;-0.2165626189047034
2018-04-04T00:00:00.0;-0.20301642767397693
2018-04-04T01:00:00.0;-0.19404936451891802
2018-04-04T02:00:00.0;-0.18590984781431052
2018-04-04T03:00:00.0;-0.1784371525307656
2018-04-04T04:00:00.0;-0.17598956742073762
2018-04-04T05:00:00.0;-0.1817402231284684
2018-04-04T06:00:00.0;-0.19387785904645888
2018-04-04T07:00:00.0;-0.19885187141633273
2018-04-04T08:00:00.0;-0.19404467518817417
2018-04-04T09:00:00.0;-0.18367504125024406
2018-04-04T10:00:00.0;-0.1777200071205735
2018-04-04T11:00:00.0;-0.17331406643916877
2018-04-04T12:00:00.0;-0.17399714398346114
2018-04-04T13:00:00.0;-0.17755920727599717
2018-04-04T14:00:00.0;-0.18435580544517347
2018-04-04T15:00:00.0;-0.19689875478012395
2018-04-04T16:00:00.0;-0.21438005001183846
2018-04-04T17:00:00.0;-0.22604431614772344
2018-04-04T18:00:00.0;-0.23307287994853484
2018-04-04T19:00:00.0;-0.24193876992053095
2018-04-04T20:00:00.0;-0.24570032418435234
2018-04-04T21:00:00.0;-0.23768904942300792
2018-04-04T22:00:00.0;-0.22653155115060686
2018-04-04T23:00:00.0;-0.21167622879207723
2018-04-05T00:00:00.0;-0.20185567519180497
2018-04-05T01:00:00.0;-0.19291811431732822
2018-04-05T02:00:00.0;-0.18453819502127436
2018-04-05T03:00:00.0;-0.17654490408848075
2018-04-05T04:00:00.0;-0.17133366056010496
2018-04-05T05:00:00.0;-0.1722193963936415
2018-04-05T06:00:00.0;-0.18048077705732704
2018-04-05T07:00:00.0;-0.18620857551625156
2018-04-05T08:00:00.0;-0.1845237904943179
2018-04-05T09:00:00.0;-0.17677233843924375
2018-04-05T10:00:00.0;-0.1706535651326827
2018-04-05T11:00:00.0;-0.16607696522174156
2018-04-05T12:00:00.0;-0.16474342621384644
2018-04-05T13:00:00.0;-0.16793527420693125
2018-04-05T14:00:00.0;-0.17494687455228078
2018-04-05T15:00:00.0;-0.18753186323048493
2018-04-05T16:00:00.0;-0.20580690216374278
2018-04-05T17:00:00.0;-0.22149628873556987
2018-04-05T18:00:00.0;-0.2296978666035752
2018-04-05T19:00:00.0;-0.23868343148256854
2018-04-05T20:00:00.0;-0.24271988240189643
2018-04-05T21:00:00.0;-0.23871071215866566
2018-04-05T22:00:00.0;-0.22778017603808237
2018-04-05T23:00:00.0;-0.2136966031992923
2018-04-06T00:00:00.0;-0.19858188032978433
2018-04-06T01:00:00.0;-0.18932675341038968
2018-04-06T02:00:00.0;-0.18126791929180425
2018-04-06T03:00:00.0;-0.17396962954860068
2018-04-06T04:00:00.0;-0.16699075522545093
2018-04-06T05:00:00.0;-0.16368026250598483
2018-04-06T06:00:00.0;-0.1649091723596845
2018-04-06T07:00:00.0;-0.16801855114033568
2018-04-06T08:00:00.0;-0.16714547875957136
2018-04-06T09:00:00.0;-0.16323469234266616
2018-04-06T10:00:00.0;-0.15901955924313987
2018-04-06T11:00:00.0;-0.15688190288226106
2018-04-06T12:00:00.0;-0.15723952774103833
2018-04-06T13:00:00.0;-0.1597265377989845
2018-04-06T14:00:00.0;-0.16601161259040903
2018-04-06T15:00:00.0;-0.17663027556004476
2018-04-06T16:00:00.0;-0.1935762757699102
2018-04-06T17:00:00.0;-0.20859525974351395
2018-04-06T18:00:00.0;-0.22005094607397152
2018-04-06T19:00:00.0;-0.23019083363406193
2018-04-06T20:00:00.0;-0.23336788363020364
2018-04-06T21:00:00.0;-0.23354016589967902
2018-04-06T22:00:00.0;-0.22361511379383123
2018-04-06T23:00:00.0;-0.21103137136919428
2018-04-07T00:00:00.0;-0.1879982447268666
2018-04-07T01:00:00.0;-0.18020083740143214
2018-04-07T02:00:00.0;-0.173211034608016
2018-04-07T03:00:00.0;-0.16604347172021064
2018-04-07T04:00:00.0;-0.15940868507103514
2018-04-07T05:00:00.0;-0.15790407376567822
2018-04-07T06:00:00.0;-0.16228387736668157
2018-04-07T07:00:00.0;-0.16132513299639567
2018-04-07T08:00:00.0;-0.1576153960088731
2018-04-07T09:00:00.0;-0.14977836339041323
2018-04-07T10:00:00.0;-0.14224843199672427
2018-04-07T11:00:00.0;-0.13849537612701932
2018-04-07T12:00:00.0;-0.1376640008668532
2018-04-07T13:00:00.0;-0.14226267810973478
2018-04-07T14:00:00.0;-0.1506228489179983
2018-04-07T15:00:00.0;-0.1647084976176706
2018-04-07T16:00:00.0;-0.18551337046010474
2018-04-07T17:00:00.0;-0.200045328585755
2018-04-07T18:00:00.0;-0.215073478609027
2018-04-07T19:00:00.0;-0.2249490785825729
2018-04-07T20:00:00.0;-0.2287413201918468
2018-04-07T21:00:00.0;-0.22743983772877535
2018-04-07T22:00:00.0;-0.21647426313279203
2018-04-07T23:00:00.0;-0.20370765040579822
2018-04-08T00:00:00.0;-0.19762064090993103
2018-04-08T01:00:00.0;-0.18898407623223545
2018-04-08T02:00:00.0;-0.18113319891619814
2018-04-08T03:00:00.0;-0.17401971652574663
2018-04-08T04:00:00.0;-0.1719202529932674
2018-04-08T05:00:00.0;-0.1777126467018394
2018-04-08T06:00:00.0;-0.18775446513841454
2018-04-08T07:00:00.0;-0.1897573928117929
2018-04-08T08:00:00.0;-0.1836875528971506
2018-04-08T09:00:00.0;-0.17389236397347557
2018-04-08T10:00:00.0;-0.16936931027596455
2018-04-08T11:00:00.0;-0.1666021763566221
2018-04-08T12:00:00.0;-0.16903617984094713
2018-04-08T13:00:00.0;-0.17294447606626337
2018-04-08T14:00:00.0;-0.17946241869935178
2018-04-08T15:00:00.0;-0.19154740296290682
2018-04-08T16:00:00.0;-0.20905217201585008
2018-04-08T17:00:00.0;-0.21846255620412908
2018-04-08T18:00:00.0;-0.22611036085611666
2018-04-08T19:00:00.0;-0.2359880019411395
2018-04-08T20:00:00.0;-0.23987421963507385
2018-04-08T21:00:00.0;-0.23130030657040684
2018-04-08T22:00:00.0;-0.22013019723971908
2018-04-08T23:00:00.0;-0.2057609746488504
2018-04-09T00:00:00.0;-0.19865517551874973
2018-04-09T01:00:00.0;-0.18978927754987548
2018-04-09T02:00:00.0;-0.18203249903984106
2018-04-09T03:00:00.0;-0.17495978906267654
2018-04-09T04:00:00.0;-0.17175943350886558
2018-04-09T05:00:00.0;-0.17567389517107185
2018-04-09T06:00:00.0;-0.18452922547965592
2018-04-09T07:00:00.0;-0.1883065735613079
2018-04-09T08:00:00.0;-0.18389829904084057
2018-04-09T09:00:00.0;-0.17543624100339206
2018-04-09T10:00:00.0;-0.17057425290933692
2018-04-09T11:00:00.0;-0.16791978532217414
2018-04-09T12:00:00.0;-0.1698125343910132
2018-04-09T13:00:00.0;-0.1741020989314268
2018-04-09T14:00:00.0;-0.1804958009815198
2018-04-09T15:00:00.0;-0.19182245945612583
2018-04-09T16:00:00.0;-0.20925775214902326
2018-04-09T17:00:00.0;-0.22108769048123605
2018-04-09T18:00:00.0;-0.2291043790714062
2018-04-09T19:00:00.0;-0.23873640301412102
2018-04-09T20:00:00.0;-0.24150678486426388
2018-04-09T21:00:00.0;-0.2333075118185999
2018-04-09T22:00:00.0;-0.22178049483832912
2018-04-09T23:00:00.0;-0.20815459639602737
2018-04-10T00:00:00.0;-0.19672771515007031
2018-04-10T01:00:00.0;-0.18784508015288606
2018-04-10T02:00:00.0;-0.18042076041696714
2018-04-10T03:00:00.0;-0.17327045453739648
2018-04-10T04:00:00.0;-0.16671733768647912
2018-04-10T05:00:00.0;-0.16508296894338576
2018-04-10T06:00:00.0;-0.17137051479262702
2018-04-10T07:00:00.0;-0.17706163590300056
2018-04-10T08:00:00.0;-0.1752182681878081
2018-04-10T09:00:00.0;-0.16850619388002924
2018-04-10T10:00:00.0;-0.16137926993112825
2018-04-10T11:00:00.0;-0.1574575756234092
2018-04-10T12:00:00.0;-0.1565911618401299
2018-04-10T13:00:00.0;-0.16141011137560754
2018-04-10T14:00:00.0;-0.1693440519186275
2018-04-10T15:00:00.0;-0.1813838418809594
2018-04-10T16:00:00.0;-0.19965448974335426
2018-04-10T17:00:00.0;-0.21608517700769103
2018-04-10T18:00:00.0;-0.22481809999103583
2018-04-10T19:00:00.0;-0.2343002083843056
2018-04-10T20:00:00.0;-0.23882478475358582
2018-04-10T21:00:00.0;-0.23556355448135133
2018-04-10T22:00:00.0;-0.2239381951352702
2018-04-10T23:00:00.0;-0.21154350957223209
2018-04-11T00:00:00.0;-0.20040855804784094
2018-04-11T01:00:00.0;-0.19134275448298724
2018-04-11T02:00:00.0;-0.18324348309829974
2018-04-11T03:00:00.0;-0.17558794571420436
2018-04-11T04:00:00.0;-0.16976377388551858
2018-04-11T05:00:00.0;-0.16924123583720574
2018-04-11T06:00:00.0;-0.17518797876917644
2018-04-11T07:00:00.0;-0.181271389463982
2018-04-11T08:00:00.0;-0.18055337148859948
2018-04-11T09:00:00.0;-0.17461445863853411
2018-04-11T10:00:00.0;-0.16929161147672797
2018-04-11T11:00:00.0;-0.16613303790995362
2018-04-11T12:00:00.0;-0.16572545692136756
2018-04-11T13:00:00.0;-0.16963096683268672
2018-04-11T14:00:00.0;-0.17600919956561387
2018-04-11T15:00:00.0;-0.18707388728522628
2018-04-11T16:00:00.0;-0.20505939333954026
2018-04-11T17:00:00.0;-0.22179049080798297
2018-04-11T18:00:00.0;-0.23070781668994775
2018-04-11T19:00:00.0;-0.23998322178824533
2018-04-11T20:00:00.0;-0.2421466901794722
2018-04-11T21:00:00.0;-0.23718961414574025
2018-04-11T22:00:00.0;-0.2257279815521333
2018-04-11T23:00:00.0;-0.2127686577268352
2018-04-12T00:00:00.0;-0.2024404162997957
2018-04-12T01:00:00.0;-0.19301904437940892
2018-04-12T02:00:00.0;-0.18569390142378736
2018-04-12T03:00:00.0;-0.1787166126232379
2018-04-12T04:00:00.0;-0.1723767618237802
2018-04-12T05:00:00.0;-0.17157690574825007
2018-04-12T06:00:00.0;-0.18035694409013736
2018-04-12T07:00:00.0;-0.1898264066327104
2018-04-12T08:00:00.0;-0.18885539210772087
2018-04-12T09:00:00.0;-0.1817112688480895
2018-04-12T10:00:00.0;-0.17329080332600427
2018-04-12T11:00:00.0;-0.16853911987984665
2018-04-12T12:00:00.0;-0.1671761141608524
2018-04-12T13:00:00.0;-0.1725214715006553
2018-04-12T14:00:00.0;-0.1803400770596048
2018-04-12T15:00:00.0;-0.1916695705222538
2018-04-12T16:00:00.0;-0.2092930372068791
2018-04-12T17:00:00.0;-0.22763409862755182
2018-04-12T18:00:00.0;-0.2356351213273612
2018-04-12T19:00:00.0;-0.24404276579229445
2018-04-12T20:00:00.0;-0.24685088935851165
2018-04-12T21:00:00.0;-0.2417286671096387
2018-04-12T22:00:00.0;-0.2294890243735866
2018-04-12T23:00:00.0;-0.21721893857431018
2018-04-13T00:00:00.0;-0.1999769390002083
2018-04-13T01:00:00.0;-0.1912604164691343
2018-04-13T02:00:00.0;-0.1834912073645171
2018-04-13T03:00:00.0;-0.1765527317331502
2018-04-13T04:00:00.0;-0.17591757906375868
2018-04-13T05:00:00.0;-0.18459879139606497
2018-04-13T06:00:00.0;-0.1981924803737425
2018-04-13T07:00:00.0;-0.20071566807595245
2018-04-13T08:00:00.0;-0.1929272549729576
2018-04-13T09:00:00.0;-0.18089778152297362
2018-04-13T10:00:00.0;-0.1754660004573884
2018-04-13T11:00:00.0;-0.17175440778588258
2018-04-13T12:00:00.0;-0.17441611373615087
2018-04-13T13:00:00.0;-0.1784036001472468
2018-04-13T14:00:00.0;-0.1852991718105397
2018-04-13T15:00:00.0;-0.19802489514907895
2018-04-13T16:00:00.0;-0.21517848909126136
2018-04-13T17:00:00.0;-0.22284032990888997
2018-04-13T18:00:00.0;-0.2294019261516056
2018-04-13T19:00:00.0;-0.2388092536013654
2018-04-13T20:00:00.0;-0.24329653452038474
2018-04-13T21:00:00.0;-0.23313329639338398
2018-04-13T22:00:00.0;-0.221927562017487
2018-04-13T23:00:00.0;-0.20678530841040205
2018-04-14T00:00:00.0;-0.19356694152964732
2018-04-14T01:00:00.0;-0.18517576855946163
2018-04-14T02:00:00.0;-0.17732044436390876
2018-04-14T03:00:00.0;-0.1699660318673864
2018-04-14T04:00:00.0;-0.16570534593123984
2018-04-14T05:00:00.0;-0.16748061890575344
2018-04-14T06:00:00.0;-0.17355762619983373
2018-04-14T07:00:00.0;-0.17452571526159055
2018-04-14T08:00:00.0;-0.17014969397732507
2018-04-14T09:00:00.0;-0.16247667848190364
2018-04-14T10:00:00.0;-0.15818038834651418
2018-04-14T11:00:00.0;-0.1557931562248432
2018-04-14T12:00:00.0;-0.1572157644131376
2018-04-14T13:00:00.0;-0.1610010351023233
2018-04-14T14:00:00.0;-0.1678546615615435
2018-04-14T15:00:00.0;-0.1801106973310378
2018-04-14T16:00:00.0;-0.19840624358403994
2018-04-14T17:00:00.0;-0.20987207850475964
2018-04-14T18:00:00.0;-0.21877880370847172
2018-04-14T19:00:00.0;-0.22925217892264638
2018-04-14T20:00:00.0;-0.23398346931956776
2018-04-14T21:00:00.0;-0.22887108200799358
2018-04-14T22:00:00.0;-0.21794681606542468
2018-04-14T23:00:00.0;-0.20438074314213148
2018-04-15T00:00:00.0;-0.20007684978007953
2018-04-15T01:00:00.0;-0.1912211224404161
2018-04-15T02:00:00.0;-0.18335027757958766
2018-04-15T03:00:00.0;-0.1763419083852509
2018-04-15T04:00:00.0;-0.1744568406151156
2018-04-15T05:00:00.0;-0.18075714768383172
2018-04-15T06:00:00.0;-0.19188665829017132
2018-04-15T07:00:00.0;-0.1941765802722439
2018-04-15T08:00:00.0;-0.18750651421818182
2018-04-15T09:00:00.0;-0.17692269786955092
2018-04-15T10:00:00.0;-0.17164095059755882
2018-04-15T11:00:00.0;-0.16802712821587673
2018-04-15T12:00:00.0;-0.17014136817329287
2018-04-15T13:00:00.0;-0.1734815470556695
2018-04-15T14:00:00.0;-0.18038653995830897
2018-04-15T15:00:00.0;-0.19293626974135256
2018-04-15T16:00:00.0;-0.2098985654548441
2018-04-15T17:00:00.0;-0.21855117682136016
2018-04-15T18:00:00.0;-0.22626302097994855
2018-04-15T19:00:00.0;-0.23582309341280755
2018-04-15T20:00:00.0;-0.24055347872291272
2018-04-15T21:00:00.0;-0.23331911427750876
2018-04-15T22:00:00.0;-0.2226957506882772
2018-04-15T23:00:00.0;-0.20786061626946528
2018-04-16T00:00:00.0;-0.20092579539127242
2018-04-16T01:00:00.0;-0.19176984813026604
2018-04-16T02:00:00.0;-0.18383554215276865
2018-04-16T03:00:00.0;-0.17676976688765833
2018-04-16T04:00:00.0;-0.17262113998506104
2018-04-16T05:00:00.0;-0.17481542204398443
2018-04-16T06:00:00.0;-0.18251523878230447
2018-04-16T07:00:00.0;-0.18529868052954448
2018-04-16T08:00:00.0;-0.18062203993586803
2018-04-16T09:00:00.0;-0.1721891587201877
2018-04-16T10:00:00.0;-0.16644802904829314
2018-04-16T11:00:00.0;-0.16253450728918548
2018-04-16T12:00:00.0;-0.16332491847591382
2018-04-16T13:00:00.0;-0.16583892050309648
2018-04-16T14:00:00.0;-0.17307355970292287
2018-04-16T15:00:00.0;-0.18547220749478074
2018-04-16T16:00:00.0;-0.2021310372317105
2018-04-16T17:00:00.0;-0.21304488358193194
2018-04-16T18:00:00.0;-0.22242086750542975
2018-04-16T19:00:00.0;-0.23199527683257817
2018-04-16T20:00:00.0;-0.23729073674933773
2018-04-16T21:00:00.0;-0.23498496319545265
2018-04-16T22:00:00.0;-0.22516832281925922
2018-04-16T23:00:00.0;-0.21093207586478588
2018-04-17T00:00:00.0;-0.20012871645062805
2018-04-17T01:00:00.0;-0.19079091367800294
2018-04-17T02:00:00.0;-0.18293844701820688
2018-04-17T03:00:00.0;-0.17577098529058136
2018-04-17T04:00:00.0;-0.16864355594737218
2018-04-17T05:00:00.0;-0.16555928486298857
2018-04-17T06:00:00.0;-0.16921718264468105
2018-04-17T07:00:00.0;-0.17324336697758824
2018-04-17T08:00:00.0;-0.17146656359050844
2018-04-17T09:00:00.0;-0.1658195828755083
2018-04-17T10:00:00.0;-0.15937991498738752
2018-04-17T11:00:00.0;-0.15532711218393347
2018-04-17T12:00:00.0;-0.15439156485115763
2018-04-17T13:00:00.0;-0.15682697436792134
2018-04-17T14:00:00.0;-0.16451257380920367
2018-04-17T15:00:00.0;-0.17657234169377495
2018-04-17T16:00:00.0;-0.19348087328444188
2018-04-17T17:00:00.0;-0.20833832944423775
2018-04-17T18:00:00.0;-0.219191641373249
2018-04-17T19:00:00.0;-0.22881723050885613
2018-04-17T20:00:00.0;-0.2343055733156217
2018-04-17T21:00:00.0;-0.23641904313243695
2018-04-17T22:00:00.0;-0.22680370047680762
2018-04-17T23:00:00.0;-0.2137689015560943
2018-04-18T00:00:00.0;-0.19807446988966954
2018-04-18T01:00:00.0;-0.1893664629484954
2018-04-18T02:00:00.0;-0.18155143285855846
2018-04-18T03:00:00.0;-0.17445757063277378
2018-04-18T04:00:00.0;-0.17161555606082557
2018-04-18T05:00:00.0;-0.17621793687572943
2018-04-18T06:00:00.0;-0.1858451277198782
2018-04-18T07:00:00.0;-0.1875986763792912
2018-04-18T08:00:00.0;-0.1815383603539863
2018-04-18T09:00:00.0;-0.1716562397495732
2018-04-18T10:00:00.0;-0.16620137179019798
2018-04-18T11:00:00.0;-0.16258165981903255
2018-04-18T12:00:00.0;-0.16412946270710912
2018-04-18T13:00:00.0;-0.1674856032917438
2018-04-18T14:00:00.0;-0.1746830259025711
2018-04-18T15:00:00.0;-0.18750102561437515
2018-04-18T16:00:00.0;-0.20494616921278383
2018-04-18T17:00:00.0;-0.2145105566656092
2018-04-18T18:00:00.0;-0.22296792180115813
2018-04-18T19:00:00.0;-0.23272851140560513
2018-04-18T20:00:00.0;-0.23790433584237214
2018-04-18T21:00:00.0;-0.2322642559782378
2018-04-18T22:00:00.0;-0.22173331604492338
2018-04-18T23:00:00.0;-0.20722608320703997
2018-04-19T00:00:00.0;-0.19963438801151215
2018-04-19T01:00:00.0;-0.19070068861746423
2018-04-19T02:00:00.0;-0.18273900349613345
2018-04-19T03:00:00.0;-0.17560149429319163
2018-04-19T04:00:00.0;-0.1721461356941183
2018-04-19T05:00:00.0;-0.17555775976623583
2018-04-19T06:00:00.0;-0.18405342351005344
2018-04-19T07:00:00.0;-0.18607446025513744
2018-04-19T08:00:00.0;-0.18067253207267472
2018-04-19T09:00:00.0;-0.17156010394196491
2018-04-19T10:00:00.0;-0.16616738326315364
2018-04-19T11:00:00.0;-0.1624288510191837
2018-04-19T12:00:00.0;-0.16362041783718523
2018-04-19T13:00:00.0;-0.16632520607326368
2018-04-19T14:00:00.0;-0.17348081800277285
2018-04-19T15:00:00.0;-0.18613270519384617
2018-04-19T16:00:00.0;-0.20311876579100266
2018-04-19T17:00:00.0;-0.21311183208536377
2018-04-19T18:00:00.0;-0.22200745548786938
2018-04-19T19:00:00.0;-0.23173830292491437
2018-04-19T20:00:00.0;-0.23715486388201223
2018-04-19T21:00:00.0;-0.23347979570664415
2018-04-19T22:00:00.0;-0.22346856456419503
2018-04-19T23:00:00.0;-0.2089740858963011
2018-04-20T00:00:00.0;-0.2017997744808542
2018-04-20T01:00:00.0;-0.19264261318785372
2018-04-20T02:00:00.0;-0.18463745217542787
2018-04-20T03:00:00.0;-0.17761965253489354
2018-04-20T04:00:00.0;-0.17455004496387275
2018-04-20T05:00:00.0;-0.17862395939523862
2018-04-20T06:00:00.0;-0.18766068683280965
2018-04-20T07:00:00.0;-0.18992019929949494
2018-04-20T08:00:00.0;-0.18417010082798832
2018-04-20T09:00:00.0;-0.1747777253362445
2018-04-20T10:00:00.0;-0.16932853436146475
2018-04-20T11:00:00.0;-0.16542629196684958
2018-04-20T12:00:00.0;-0.16685510698744344
2018-04-20T13:00:00.0;-0.16915910595368291
2018-04-20T14:00:00.0;-0.1761933635528504
2018-04-20T15:00:00.0;-0.18869497843925512
2018-04-20T16:00:00.0;-0.20508057233967542
2018-04-20T17:00:00.0;-0.2143792584117674
2018-04-20T18:00:00.0;-0.2234027618430035
2018-04-20T19:00:00.0;-0.23293636322614192
2018-04-20T20:00:00.0;-0.23820508116121872
2018-04-20T21:00:00.0;-0.23474366631887936
2018-04-20T22:00:00.0;-0.22504956616337587
2018-04-20T23:00:00.0;-0.2102938778758145
2018-04-21T00:00:00.0;-0.20073323600538495
2018-04-21T01:00:00.0;-0.19132633948939246
2018-04-21T02:00:00.0;-0.18306190615918796
2018-04-21T03:00:00.0;-0.175802284685257
2018-04-21T04:00:00.0;-0.1693237247362962
2018-04-21T05:00:00.0;-0.16684402908592721
2018-04-21T06:00:00.0;-0.16876611706692324
2018-04-21T07:00:00.0;-0.17026059805869972
2018-04-21T08:00:00.0;-0.16780413572487152
2018-04-21T09:00:00.0;-0.16267809059283198
2018-04-21T10:00:00.0;-0.15806495444119623
2018-04-21T11:00:00.0;-0.15490739470357157
2018-04-21T12:00:00.0;-0.15508541046383284
2018-04-21T13:00:00.0;-0.15599589201461775
2018-04-21T14:00:00.0;-0.1628218714183784
2018-04-21T15:00:00.0;-0.174579132945974
2018-04-21T16:00:00.0;-0.1907515401603214
2018-04-21T17:00:00.0;-0.2030869970574529
2018-04-21T18:00:00.0;-0.21511474943210604
2018-04-21T19:00:00.0;-0.22522625947560043
2018-04-21T20:00:00.0;-0.23063057609731372
2018-04-21T21:00:00.0;-0.23412260261540765
2018-04-21T22:00:00.0;-0.22565834841560128
2018-04-21T23:00:00.0;-0.21197450057410538
2018-04-22T00:00:00.0;-0.1850482321143067
2018-04-22T01:00:00.0;-0.1771356845020127
2018-04-22T02:00:00.0;-0.16916078748695498
2018-04-22T03:00:00.0;-0.1611995357855875
2018-04-22T04:00:00.0;-0.15196536830998847
2018-04-22T05:00:00.0;-0.14444814368819334
2018-04-22T06:00:00.0;-0.1412342407537096
2018-04-22T07:00:00.0;-0.14022751268281708
2018-04-22T08:00:00.0;-0.14011726989603226
2018-04-22T09:00:00.0;-0.1376660627630616
2018-04-22T10:00:00.0;-0.13414854703718254
2018-04-22T11:00:00.0;-0.13279755319775374
2018-04-22T12:00:00.0;-0.1319630258154024
2018-04-22T13:00:00.0;-0.1353539832968308
2018-04-22T14:00:00.0;-0.14269915296739796
2018-04-22T15:00:00.0;-0.15498860551994148
2018-04-22T16:00:00.0;-0.1749390165865028
2018-04-22T17:00:00.0;-0.1913231147010208
2018-04-22T18:00:00.0;-0.20287518852014896
2018-04-22T19:00:00.0;-0.21465479730372625
2018-04-22T20:00:00.0;-0.22101626392739593
2018-04-22T21:00:00.0;-0.22361919760692692
2018-04-22T22:00:00.0;-0.2132939791925965
2018-04-22T23:00:00.0;-0.20169066342986355
2018-04-23T00:00:00.0;-0.19435777090682896
2018-04-23T01:00:00.0;-0.18558535954384442
2018-04-23T02:00:00.0;-0.17797623097093784
2018-04-23T03:00:00.0;-0.17061439189505445
2018-04-23T04:00:00.0;-0.16256043420793137
2018-04-23T05:00:00.0;-0.15793262286251003
2018-04-23T06:00:00.0;-0.16058182051375092
2018-04-23T07:00:00.0;-0.16440425276614512
2018-04-23T08:00:00.0;-0.16343546121090188
2018-04-23T09:00:00.0;-0.1583864412290926
2018-04-23T10:00:00.0;-0.15187960572649645
2018-04-23T11:00:00.0;-0.14827121911770944
2018-04-23T12:00:00.0;-0.14683621788397394
2018-04-23T13:00:00.0;-0.15068508809321515
2018-04-23T14:00:00.0;-0.15876290585129124
2018-04-23T15:00:00.0;-0.17108549039502421
2018-04-23T16:00:00.0;-0.18953161221903644
2018-04-23T17:00:00.0;-0.2063174046692884
2018-04-23T18:00:00.0;-0.21654787006873594
2018-04-23T19:00:00.0;-0.2266370084367631
2018-04-23T20:00:00.0;-0.2323653993920488
2018-04-23T21:00:00.0;-0.23325907279409452
2018-04-23T22:00:00.0;-0.22255432018336962
2018-04-23T23:00:00.0;-0.21037010491276767
2018-04-24T00:00:00.0;-0.20429512093985067
2018-04-24T01:00:00.0;-0.19513329827474232
2018-04-24T02:00:00.0;-0.18642841951801056
2018-04-24T03:00:00.0;-0.17841094744820998
2018-04-24T04:00:00.0;-0.17336919924388047
2018-04-24T05:00:00.0;-0.17466225926930648
2018-04-24T06:00:00.0;-0.18334190834158015
2018-04-24T07:00:00.0;-0.19002447364699762
2018-04-24T08:00:00.0;-0.18895555316646576
2018-04-24T09:00:00.0;-0.18170569742783396
2018-04-24T10:00:00.0;-0.17528029233094056
2018-04-24T11:00:00.0;-0.17067306286835787
2018-04-24T12:00:00.0;-0.16943450405426658
2018-04-24T13:00:00.0;-0.17199587434028382
2018-04-24T14:00:00.0;-0.17819780082493802
2018-04-24T15:00:00.0;-0.18962708148089358
2018-04-24T16:00:00.0;-0.2075323207520128
2018-04-24T17:00:00.0;-0.22240465772635723
2018-04-24T18:00:00.0;-0.22975158057311165
2018-04-24T19:00:00.0;-0.23794846622075003
2018-04-24T20:00:00.0;-0.24194618374964005
2018-04-24T21:00:00.0;-0.2375585286293409
2018-04-24T22:00:00.0;-0.22752512428069516
2018-04-24T23:00:00.0;-0.21462452247364766
2018-04-25T00:00:00.0;-0.19883801626140282
2018-04-25T01:00:00.0;-0.19003829188732946
2018-04-25T02:00:00.0;-0.18173805763588397
2018-04-25T03:00:00.0;-0.17391857404510563
2018-04-25T04:00:00.0;-0.16813942128875797
2018-04-25T05:00:00.0;-0.16782220103265436
2018-04-25T06:00:00.0;-0.17434200086941945
2018-04-25T07:00:00.0;-0.1788944351330744
2018-04-25T08:00:00.0;-0.17723708780328012
2018-04-25T09:00:00.0;-0.17044331199961035
2018-04-25T10:00:00.0;-0.16439255062418273
2018-04-25T11:00:00.0;-0.1604018748213645
2018-04-25T12:00:00.0;-0.15943643704396107
2018-04-25T13:00:00.0;-0.1625534519676936
2018-04-25T14:00:00.0;-0.16946399606629423
2018-04-25T15:00:00.0;-0.18150965503196229
2018-04-25T16:00:00.0;-0.19989654149868402
2018-04-25T17:00:00.0;-0.2146259586848651
2018-04-25T18:00:00.0;-0.2228903280002486
2018-04-25T19:00:00.0;-0.23208372537748218
2018-04-25T20:00:00.0;-0.23707408428284427
2018-04-25T21:00:00.0;-0.23412073883698745
2018-04-25T22:00:00.0;-0.22377795976347614
2018-04-25T23:00:00.0;-0.21094667703741538
2018-04-26T00:00:00.0;-0.19705836858292305
2018-04-26T01:00:00.0;-0.18828659046388366
2018-04-26T02:00:00.0;-0.1801217638508646
2018-04-26T03:00:00.0;-0.17200330265217387
2018-04-26T04:00:00.0;-0.1634285657822088
2018-04-26T05:00:00.0;-0.15822209051173503
2018-04-26T06:00:00.0;-0.1612711824950379
2018-04-26T07:00:00.0;-0.1669326477809593
2018-04-26T08:00:00.0;-0.16800097718542095
2018-04-26T09:00:00.0;-0.16336979672091398
2018-04-26T10:00:00.0;-0.15686567259840611
2018-04-26T11:00:00.0;-0.1526149667074783
2018-04-26T12:00:00.0;-0.1496679043569376
2018-04-26T13:00:00.0;-0.1531903639883282
2018-04-26T14:00:00.0;-0.16088374019621904
2018-04-26T15:00:00.0;-0.1733884099768771
2018-04-26T16:00:00.0;-0.19255909637621854
2018-04-26T17:00:00.0;-0.21209869105559703
2018-04-26T18:00:00.0;-0.22184075139738055
2018-04-26T19:00:00.0;-0.23140477751748867
2018-04-26T20:00:00.0;-0.23629685939206663
2018-04-26T21:00:00.0;-0.23689247390514262
2018-04-26T22:00:00.0;-0.22596702121931275
2018-04-26T23:00:00.0;-0.21342736722885966
2018-04-27T00:00:00.0;-0.19348764633525922
2018-04-27T01:00:00.0;-0.18516591773700117
2018-04-27T02:00:00.0;-0.17737892857956564
2018-04-27T03:00:00.0;-0.17004687351543663
2018-04-27T04:00:00.0;-0.16596464773598715
2018-04-27T05:00:00.0;-0.1682331626249619
2018-04-27T06:00:00.0;-0.17555147625399756
2018-04-27T07:00:00.0;-0.17641965308119772
2018-04-27T08:00:00.0;-0.1712875158861996
2018-04-27T09:00:00.0;-0.16259952234632163
2018-04-27T10:00:00.0;-0.15751514823990187
2018-04-27T11:00:00.0;-0.15436326197038824
2018-04-27T12:00:00.0;-0.15537997695246702
2018-04-27T13:00:00.0;-0.1591479535829049
2018-04-27T14:00:00.0;-0.16663001013644363
2018-04-27T15:00:00.0;-0.17968718108167575
2018-04-27T16:00:00.0;-0.19808659915245921
2018-04-27T17:00:00.0;-0.2089613316488079
2018-04-27T18:00:00.0;-0.21738700856647283
2018-04-27T19:00:00.0;-0.2277659054640739
2018-04-27T20:00:00.0;-0.23379784196544673
2018-04-27T21:00:00.0;-0.22925332922973898
2018-04-27T22:00:00.0;-0.21846413372475662
2018-04-27T23:00:00.0;-0.20457521818115385
2018-04-28T00:00:00.0;-0.19272006872779224
2018-04-28T01:00:00.0;-0.18433424478602672
2018-04-28T02:00:00.0;-0.17646195561464592
2018-04-28T03:00:00.0;-0.16901988862746367
2018-04-28T04:00:00.0;-0.1634208334267785
2018-04-28T05:00:00.0;-0.1628296011205469
2018-04-28T06:00:00.0;-0.16727770528895966
2018-04-28T07:00:00.0;-0.1677224327652028
2018-04-28T08:00:00.0;-0.16385702064038363
2018-04-28T09:00:00.0;-0.15679155908653114
2018-04-28T10:00:00.0;-0.15183467582289734
2018-04-28T11:00:00.0;-0.14879570820411692
2018-04-28T12:00:00.0;-0.14910224111181505
2018-04-28T13:00:00.0;-0.15228392799858018
2018-04-28T14:00:00.0;-0.1598870138477993
2018-04-28T15:00:00.0;-0.1728823360606922
2018-04-28T16:00:00.0;-0.19128703684222084
2018-04-28T17:00:00.0;-0.20340228462837517
2018-04-28T18:00:00.0;-0.21303882790137113
2018-04-28T19:00:00.0;-0.22366993335903276
2018-04-28T20:00:00.0;-0.23018476308706012
2018-04-28T21:00:00.0;-0.2289286478119639
2018-04-28T22:00:00.0;-0.21870271542397052
2018-04-28T23:00:00.0;-0.20522386326995457
2018-04-29T00:00:00.0;-0.18806109713470798
2018-04-29T01:00:00.0;-0.17975208527667955
2018-04-29T02:00:00.0;-0.17157363046705745
2018-04-29T03:00:00.0;-0.16375174358669026
2018-04-29T04:00:00.0;-0.15572215290175953
2018-04-29T05:00:00.0;-0.14982250927501542
2018-04-29T06:00:00.0;-0.14551784007788396
2018-04-29T07:00:00.0;-0.14540603859945583
2018-04-29T08:00:00.0;-0.14627086502374426
2018-04-29T09:00:00.0;-0.1454892779915358
2018-04-29T10:00:00.0;-0.1446139089937549
2018-04-29T11:00:00.0;-0.14564148564585902
2018-04-29T12:00:00.0;-0.14713325872777802
2018-04-29T13:00:00.0;-0.150720253251666
2018-04-29T14:00:00.0;-0.15573560905626804
2018-04-29T15:00:00.0;-0.16525906981353006
2018-04-29T16:00:00.0;-0.18419361043708526
2018-04-29T17:00:00.0;-0.2006688376297414
2018-04-29T18:00:00.0;-0.21270298917582367
2018-04-29T19:00:00.0;-0.2244828381696535
2018-04-29T20:00:00.0;-0.22598849397087775
2018-04-29T21:00:00.0;-0.2238849924174688
2018-04-29T22:00:00.0;-0.2128651822910882
2018-04-29T23:00:00.0;-0.20161630036876052
2018-04-30T00:00:00.0;-0.20173543906280964
2018-04-30T01:00:00.0;-0.19283469560238617
2018-04-30T02:00:00.0;-0.18462466711743986
2018-04-30T03:00:00.0;-0.17694712416123318
2018-04-30T04:00:00.0;-0.17321265760075902
2018-04-30T05:00:00.0;-0.17664735517145144
2018-04-30T06:00:00.0;-0.1867684450537847
2018-04-30T07:00:00.0;-0.19171227335608934
2018-04-30T08:00:00.0;-0.18817713460874405
2018-04-30T09:00:00.0;-0.1790377837227757
2018-04-30T10:00:00.0;-0.1730875292494318
2018-04-30T11:00:00.0;-0.1687155960352261
2018-04-30T12:00:00.0;-0.16858747769479696
2018-04-30T13:00:00.0;-0.17201273452140925
2018-04-30T14:00:00.0;-0.1789562010964201
2018-04-30T15:00:00.0;-0.19155970689633361
2018-04-30T16:00:00.0;-0.20944817570358895
2018-04-30T17:00:00.0;-0.22272121929168087
2018-04-30T18:00:00.0;-0.23035488822439784
2018-04-30T19:00:00.0;-0.2393972828390668
2018-04-30T20:00:00.0;-0.24346335753348225
2018-04-30T21:00:00.0;-0.23740772605960136
2018-04-30T22:00:00.0;-0.2263755127081638
2018-04-30T23:00:00.0;-0.21192225544059345
2018-05-01T00:00:00.0;-0.20009834192910653
2018-05-01T01:00:00.0;-0.19081996551143557
2018-05-01T02:00:00.0;-0.18309865984424792
2018-05-01T03:00:00.0;-0.17599053528052638
2018-05-01T04:00:00.0;-0.16937812290877471
2018-05-01T05:00:00.0;-0.1673779393060934
2018-05-01T06:00:00.0;-0.17251412816627293
2018-05-01T07:00:00.0;-0.17735062608343008
2018-05-01T08:00:00.0;-0.1753221109353183
2018-05-01T09:00:00.0;-0.16902312829224006
2018-05-01T10:00:00.0;-0.16228936978892725
2018-05-01T11:00:00.0;-0.1581797638552707
2018-05-01T12:00:00.0;-0.15741239277790597
2018-05-01T13:00:00.0;-0.16056406418565997
2018-05-01T14:00:00.0;-0.16825842279007172
2018-05-01T15:00:00.0;-0.18024081950465257
2018-05-01T16:00:00.0;-0.19736554263754966
2018-05-01T17:00:00.0;-0.21242188502012133
2018-05-01T18:00:00.0;-0.2224667403927392
2018-05-01T19:00:00.0;-0.23190454511491548
2018-05-01T20:00:00.0;-0.23688900271557906
2018-05-01T21:00:00.0;-0.23685668496477164
2018-05-01T22:00:00.0;-0.2266099165375023
2018-05-01T23:00:00.0;-0.21363983191826924
2018-05-02T00:00:00.0;-0.19748544272368937
2018-05-02T01:00:00.0;-0.1883933303581347
2018-05-02T02:00:00.0;-0.18081730558422543
2018-05-02T03:00:00.0;-0.17359456560710665
2018-05-02T04:00:00.0;-0.16571246791632577
2018-05-02T05:00:00.0;-0.16154402353476266
2018-05-02T06:00:00.0;-0.16523880555765716
2018-05-02T07:00:00.0;-0.17059825553006655
2018-05-02T08:00:00.0;-0.16984388070030781
2018-05-02T09:00:00.0;-0.16458506719507662
2018-05-02T10:00:00.0;-0.15753271737561286
2018-05-02T11:00:00.0;-0.15353865762452523
2018-05-02T12:00:00.0;-0.1520039706841762
2018-05-02T13:00:00.0;-0.15585629733922648
2018-05-02T14:00:00.0;-0.1638571588050424
2018-05-02T15:00:00.0;-0.1758237376406541
2018-05-02T16:00:00.0;-0.19372398739404026
2018-05-02T17:00:00.0;-0.2109672261745359
2018-05-02T18:00:00.0;-0.2210676519863623
2018-05-02T19:00:00.0;-0.23066688300743587
2018-05-02T20:00:00.0;-0.23569691128610085
2018-05-02T21:00:00.0;-0.2361727106697709
2018-05-02T22:00:00.0;-0.22540811099902755
2018-05-02T23:00:00.0;-0.21319390903068794
2018-05-03T00:00:00.0;-0.2050089185664368
2018-05-03T01:00:00.0;-0.1953141943122033
2018-05-03T02:00:00.0;-0.1870676842339853
2018-05-03T03:00:00.0;-0.1800473944069818
2018-05-03T04:00:00.0;-0.1751498682108462
2018-05-03T05:00:00.0;-0.17574185077760654
2018-05-03T06:00:00.0;-0.18132103974609673
2018-05-03T07:00:00.0;-0.1836426320973511
2018-05-03T08:00:00.0;-0.17946965418829117
2018-05-03T09:00:00.0;-0.17213699998428236
2018-05-03T10:00:00.0;-0.1665992423600877
2018-05-03T11:00:00.0;-0.162385504294877
2018-05-03T12:00:00.0;-0.16286816106465074
2018-05-03T13:00:00.0;-0.16346896440538072
2018-05-03T14:00:00.0;-0.17052819719188195
2018-05-03T15:00:00.0;-0.18272989671995912
2018-05-03T16:00:00.0;-0.19806539047296332
2018-05-03T17:00:00.0;-0.20841146314755662
2018-05-03T18:00:00.0;-0.21961258999506514
2018-05-03T19:00:00.0;-0.22908014340662064
2018-05-03T20:00:00.0;-0.23484669536083883
2018-05-03T21:00:00.0;-0.23720277834599504
2018-05-03T22:00:00.0;-0.22899348280775747
2018-05-03T23:00:00.0;-0.2143847980999333
2018-05-04T00:00:00.0;-0.20772272534237915
2018-05-04T01:00:00.0;-0.19767791264032633
2018-05-04T02:00:00.0;-0.18930366612996333
2018-05-04T03:00:00.0;-0.18234144668358193
2018-05-04T04:00:00.0;-0.17697652847333722
2018-05-04T05:00:00.0;-0.17665502118928197
2018-05-04T06:00:00.0;-0.18131317145621761
2018-05-04T07:00:00.0;-0.18391815645233878
2018-05-04T08:00:00.0;-0.18019642524535884
2018-05-04T09:00:00.0;-0.17347236561558424
2018-05-04T10:00:00.0;-0.1678343025292982
2018-05-04T11:00:00.0;-0.16336774287192962
2018-05-04T12:00:00.0;-0.16358744642729342
2018-05-04T13:00:00.0;-0.163301012295895
2018-05-04T14:00:00.0;-0.17028520354466134
2018-05-04T15:00:00.0;-0.18227479795707857
2018-05-04T16:00:00.0;-0.19685476336978158
2018-05-04T17:00:00.0;-0.20728179579500733
2018-05-04T18:00:00.0;-0.21937826233791466
2018-05-04T19:00:00.0;-0.22866345336458438
2018-05-04T20:00:00.0;-0.23446583937500348
2018-05-04T21:00:00.0;-0.23911736941934905
2018-05-04T22:00:00.0;-0.2316475527434372
2018-05-04T23:00:00.0;-0.21692909805789398
2018-05-05T00:00:00.0;-0.19448380367009926
2018-05-05T01:00:00.0;-0.18570179736204764
2018-05-05T02:00:00.0;-0.17762549095130795
2018-05-05T03:00:00.0;-0.17012370325683732
2018-05-05T04:00:00.0;-0.16244623817572493
2018-05-05T05:00:00.0;-0.15793138338999257
2018-05-05T06:00:00.0;-0.1585530135089848
2018-05-05T07:00:00.0;-0.1587921658458583
2018-05-05T08:00:00.0;-0.15662726241672778
2018-05-05T09:00:00.0;-0.1517603859420112
2018-05-05T10:00:00.0;-0.14671986242395765
2018-05-05T11:00:00.0;-0.14344153841039683
2018-05-05T12:00:00.0;-0.1426563335726416
2018-05-05T13:00:00.0;-0.14434274514924905
2018-05-05T14:00:00.0;-0.15210255234613576
2018-05-05T15:00:00.0;-0.16495005450403083
2018-05-05T16:00:00.0;-0.18265151878462088
2018-05-05T17:00:00.0;-0.19611093879952288
2018-05-05T18:00:00.0;-0.20786916580114162
2018-05-05T19:00:00.0;-0.21858276618137795
2018-05-05T20:00:00.0;-0.2258506642619624
2018-05-05T21:00:00.0;-0.23047981257594727
2018-05-05T22:00:00.0;-0.22160071943600954
2018-05-05T23:00:00.0;-0.2084146825975622
2018-05-06T00:00:00.0;-0.1856128154228386
2018-05-06T01:00:00.0;-0.17767697626926196
2018-05-06T02:00:00.0;-0.16980031022105116
2018-05-06T03:00:00.0;-0.16193697468258836
2018-05-06T04:00:00.0;-0.1527099441141553
2018-05-06T05:00:00.0;-0.14538525803514277
2018-05-06T06:00:00.0;-0.14330214197626368
2018-05-06T07:00:00.0;-0.14195602368198634
2018-05-06T08:00:00.0;-0.1408343019607156
2018-05-06T09:00:00.0;-0.13721186595852072
2018-05-06T10:00:00.0;-0.1325717350568963
2018-05-06T11:00:00.0;-0.13008961066533833
2018-05-06T12:00:00.0;-0.12863104807491976
2018-05-06T13:00:00.0;-0.13163940199113808
2018-05-06T14:00:00.0;-0.1399189252291409
2018-05-06T15:00:00.0;-0.15334128459336743
2018-05-06T16:00:00.0;-0.17313436784839728
2018-05-06T17:00:00.0;-0.18862569615122896
2018-05-06T18:00:00.0;-0.20015727939213926
2018-05-06T19:00:00.0;-0.21182801230185486
2018-05-06T20:00:00.0;-0.22007790428439555
2018-05-06T21:00:00.0;-0.2246920552993633
2018-05-06T22:00:00.0;-0.21486864998212107
2018-05-06T23:00:00.0;-0.20270943851873002
2018-05-07T00:00:00.0;-0.19995311364766194
2018-05-07T01:00:00.0;-0.19085817825950607
2018-05-07T02:00:00.0;-0.18281133368827188
2018-05-07T03:00:00.0;-0.1756526711749399
2018-05-07T04:00:00.0;-0.17108491231987644
2018-05-07T05:00:00.0;-0.1723598515957668
2018-05-07T06:00:00.0;-0.17865019602075585
2018-05-07T07:00:00.0;-0.18032799915438325
2018-05-07T08:00:00.0;-0.17575703664877793
2018-05-07T09:00:00.0;-0.1678590570388781
2018-05-07T10:00:00.0;-0.16252091463139154
2018-05-07T11:00:00.0;-0.1587728669496825
2018-05-07T12:00:00.0;-0.15947593086503165
2018-05-07T13:00:00.0;-0.1614522011048198
2018-05-07T14:00:00.0;-0.16869947621461764
2018-05-07T15:00:00.0;-0.18127549848154884
2018-05-07T16:00:00.0;-0.1979520735190515
2018-05-07T17:00:00.0;-0.208551034182967
2018-05-07T18:00:00.0;-0.21855880026823588
2018-05-07T19:00:00.0;-0.22842955805130716
2018-05-07T20:00:00.0;-0.23432256954306507
2018-05-07T21:00:00.0;-0.23371865713740347
2018-05-07T22:00:00.0;-0.22439064513143078
2018-05-07T23:00:00.0;-0.21010389118554015
2018-05-08T00:00:00.0;-0.20060890245431848
2018-05-08T01:00:00.0;-0.19124264811609712
2018-05-08T02:00:00.0;-0.18302849720509168
2018-05-08T03:00:00.0;-0.17577634531194877
2018-05-08T04:00:00.0;-0.16916879954736652
2018-05-08T05:00:00.0;-0.16659403235487905
2018-05-08T06:00:00.0;-0.16908319256904608
2018-05-08T07:00:00.0;-0.17041691734191833
2018-05-08T08:00:00.0;-0.1675317344092607
2018-05-08T09:00:00.0;-0.16180561648220312
2018-05-08T10:00:00.0;-0.1564886362425597
2018-05-08T11:00:00.0;-0.152660564985423
2018-05-08T12:00:00.0;-0.1523402894923162
2018-05-08T13:00:00.0;-0.1531139473608282
2018-05-08T14:00:00.0;-0.16051490929686557
2018-05-08T15:00:00.0;-0.17296549319971868
2018-05-08T16:00:00.0;-0.18922276969871094
2018-05-08T17:00:00.0;-0.20127923001654807
2018-05-08T18:00:00.0;-0.21319394639505163
2018-05-08T19:00:00.0;-0.22324668113898635
2018-05-08T20:00:00.0;-0.22983654769846712
2018-05-08T21:00:00.0;-0.23447605110879705
2018-05-08T22:00:00.0;-0.22624897161242571
2018-05-08T23:00:00.0;-0.21235394873081628
2018-05-09T00:00:00.0;-0.2039370104522212
2018-05-09T01:00:00.0;-0.19446865224396537
2018-05-09T02:00:00.0;-0.18633696218086812
2018-05-09T03:00:00.0;-0.179344459986851
2018-05-09T04:00:00.0;-0.1755405503836387
2018-05-09T05:00:00.0;-0.1782053408987462
2018-05-09T06:00:00.0;-0.185836568116357
2018-05-09T07:00:00.0;-0.18824085388050346
2018-05-09T08:00:00.0;-0.18314580199512903
2018-05-09T09:00:00.0;-0.17461754822730932
2018-05-09T10:00:00.0;-0.16909799131144215
2018-05-09T11:00:00.0;-0.16499304367815396
2018-05-09T12:00:00.0;-0.16603235518583442
2018-05-09T13:00:00.0;-0.167449800217253
2018-05-09T14:00:00.0;-0.17445761530857376
2018-05-09T15:00:00.0;-0.18677808944778243
2018-05-09T16:00:00.0;-0.20252368169466184
2018-05-09T17:00:00.0;-0.21215941783921521
2018-05-09T18:00:00.0;-0.22220934883569277
2018-05-09T19:00:00.0;-0.23164229378483753
2018-05-09T20:00:00.0;-0.23707002950248077
2018-05-09T21:00:00.0;-0.23630750326313676
2018-05-09T22:00:00.0;-0.2273710520793904
2018-05-09T23:00:00.0;-0.2126084083330159
2018-05-10T00:00:00.0;-0.19446211665746266
2018-05-10T01:00:00.0;-0.1859005229285169
2018-05-10T02:00:00.0;-0.17798425124676584
2018-05-10T03:00:00.0;-0.17060731195891501
2018-05-10T04:00:00.0;-0.16517923649581787
2018-05-10T05:00:00.0;-0.1649010870342941
2018-05-10T06:00:00.0;-0.16970080612708655
2018-05-10T07:00:00.0;-0.17041851524735643
2018-05-10T08:00:00.0;-0.16641238505498646
2018-05-10T09:00:00.0;-0.15918083004159475
2018-05-10T10:00:00.0;-0.15408819525058637
2018-05-10T11:00:00.0;-0.1508339531496646
2018-05-10T12:00:00.0;-0.1511694532780395
2018-05-10T13:00:00.0;-0.15401467552116652
2018-05-10T14:00:00.0;-0.16157483268734574
2018-05-10T15:00:00.0;-0.17451048749028195
2018-05-10T16:00:00.0;-0.19249388361797992
2018-05-10T17:00:00.0;-0.20427680211314855
2018-05-10T18:00:00.0;-0.21405755891184922
2018-05-10T19:00:00.0;-0.22450917094480902
2018-05-10T20:00:00.0;-0.23097471899987948
2018-05-10T21:00:00.0;-0.23012101111556077
2018-05-10T22:00:00.0;-0.22016117821977216
2018-05-10T23:00:00.0;-0.20648855755460274
2018-05-11T00:00:00.0;-0.1981098183046343
2018-05-11T01:00:00.0;-0.18899004633571304
2018-05-11T02:00:00.0;-0.1808380593862108
2018-05-11T03:00:00.0;-0.17348872151821637
2018-05-11T04:00:00.0;-0.1665282796313118
2018-05-11T05:00:00.0;-0.16331946553496943
2018-05-11T06:00:00.0;-0.16520199743159739
2018-05-11T07:00:00.0;-0.16610703684307587
2018-05-11T08:00:00.0;-0.16344729156363763
2018-05-11T09:00:00.0;-0.15798385981354013
2018-05-11T10:00:00.0;-0.15277770517467154
2018-05-11T11:00:00.0;-0.1491747564019493
2018-05-11T12:00:00.0;-0.14870644840865313
2018-05-11T13:00:00.0;-0.1498954117488029
2018-05-11T14:00:00.0;-0.15743532688937406
2018-05-11T15:00:00.0;-0.17005107636601702
2018-05-11T16:00:00.0;-0.1869078673989938
2018-05-11T17:00:00.0;-0.19947432869947546
2018-05-11T18:00:00.0;-0.21125181259029638
2018-05-11T19:00:00.0;-0.22156437330261713
2018-05-11T20:00:00.0;-0.2284010089955203
2018-05-11T21:00:00.0;-0.23283276359610117
2018-05-11T22:00:00.0;-0.22429962618646945
2018-05-11T23:00:00.0;-0.21067571936965057
2018-05-12T00:00:00.0;-0.18680057847325623
2018-05-12T01:00:00.0;-0.17884636280081487
2018-05-12T02:00:00.0;-0.17099440957513282
2018-05-12T03:00:00.0;-0.16323687592972083
2018-05-12T04:00:00.0;-0.15547064122027557
2018-05-12T05:00:00.0;-0.15078353278208226
2018-05-12T06:00:00.0;-0.15084562318739828
2018-05-12T07:00:00.0;-0.15005838428321824
2018-05-12T08:00:00.0;-0.1481311049341341
2018-05-12T09:00:00.0;-0.14351957804447224
2018-05-12T10:00:00.0;-0.13927850979497677
2018-05-12T11:00:00.0;-0.13716305274518376
2018-05-12T12:00:00.0;-0.13671384787966073
2018-05-12T13:00:00.0;-0.14025594408671813
2018-05-12T14:00:00.0;-0.14797611417570758
2018-05-12T15:00:00.0;-0.16090285172540217
2018-05-12T16:00:00.0;-0.18052331074108077
2018-05-12T17:00:00.0;-0.1950697298509593
2018-05-12T18:00:00.0;-0.20567015415865816
2018-05-12T19:00:00.0;-0.21712311717600855
2018-05-12T20:00:00.0;-0.22402622205393308
2018-05-12T21:00:00.0;-0.22499207761845536
2018-05-12T22:00:00.0;-0.21456041367407155
2018-05-12T23:00:00.0;-0.20216020006057742
2018-05-13T00:00:00.0;-0.186271183785116
2018-05-13T01:00:00.0;-0.1783884884957698
2018-05-13T02:00:00.0;-0.17058172690828252
2018-05-13T03:00:00.0;-0.16281198912838152
2018-05-13T04:00:00.0;-0.15489642198328502
2018-05-13T05:00:00.0;-0.15003365256524132
2018-05-13T06:00:00.0;-0.15037339186734427
2018-05-13T07:00:00.0;-0.14940110246559815
2018-05-13T08:00:00.0;-0.1472228951675276
2018-05-13T09:00:00.0;-0.142250817348878
2018-05-13T10:00:00.0;-0.1375527795413307
2018-05-13T11:00:00.0;-0.13502331862656627
2018-05-13T12:00:00.0;-0.13421071008600857
2018-05-13T13:00:00.0;-0.137734579354782
2018-05-13T14:00:00.0;-0.14586884046515086
2018-05-13T15:00:00.0;-0.15929460000154835
2018-05-13T16:00:00.0;-0.17907944536499734
2018-05-13T17:00:00.0;-0.19352709615525876
2018-05-13T18:00:00.0;-0.20402573681115618
2018-05-13T19:00:00.0;-0.2154850741969911
2018-05-13T20:00:00.0;-0.2232347555649396
2018-05-13T21:00:00.0;-0.22493858505377273
2018-05-13T22:00:00.0;-0.21461260446570576
2018-05-13T23:00:00.0;-0.202117472137744
2018-05-14T00:00:00.0;-0.2018824030737944
2018-05-14T01:00:00.0;-0.19241490840082684
2018-05-14T02:00:00.0;-0.18422901350452248
2018-05-14T03:00:00.0;-0.17705365633642262
2018-05-14T04:00:00.0;-0.1708475853945599
2018-05-14T05:00:00.0;-0.16906710010921405
2018-05-14T06:00:00.0;-0.1725232833805733
2018-05-14T07:00:00.0;-0.17445569705183878
2018-05-14T08:00:00.0;-0.17135481832197091
2018-05-14T09:00:00.0;-0.16521019713114546
2018-05-14T10:00:00.0;-0.15969771369542346
2018-05-14T11:00:00.0;-0.1557265591743955
2018-05-14T12:00:00.0;-0.15555021512936645
2018-05-14T13:00:00.0;-0.15643610645693426
2018-05-14T14:00:00.0;-0.16377171492851653
2018-05-14T15:00:00.0;-0.17609971520417206
2018-05-14T16:00:00.0;-0.19214727555242606
2018-05-14T17:00:00.0;-0.20405258386096192
2018-05-14T18:00:00.0;-0.2156768527384936
2018-05-14T19:00:00.0;-0.2255097502939368
2018-05-14T20:00:00.0;-0.2317428467988074
2018-05-14T21:00:00.0;-0.23553328775929272
2018-05-14T22:00:00.0;-0.2271769472065383
2018-05-14T23:00:00.0;-0.21317793391003118
2018-05-15T00:00:00.0;-0.20358538933888992
2018-05-15T01:00:00.0;-0.19409238453171498
2018-05-15T02:00:00.0;-0.18592609019664869
2018-05-15T03:00:00.0;-0.17888575096816084
2018-05-15T04:00:00.0;-0.1744199734634699
2018-05-15T05:00:00.0;-0.1758425235356847
2018-05-15T06:00:00.0;-0.18225136467350628
2018-05-15T07:00:00.0;-0.1844642517719645
2018-05-15T08:00:00.0;-0.17990189527552453
2018-05-15T09:00:00.0;-0.17205393957029833
2018-05-15T10:00:00.0;-0.16656440103634484
2018-05-15T11:00:00.0;-0.1624851136716566
2018-05-15T12:00:00.0;-0.1631986407581578
2018-05-15T13:00:00.0;-0.16436053463290354
2018-05-15T14:00:00.0;-0.17144249296938918
2018-05-15T15:00:00.0;-0.18376263562647743
2018-05-15T16:00:00.0;-0.1995173646748647
2018-05-15T17:00:00.0;-0.20968173321259603
2018-05-15T18:00:00.0;-0.22024950739679824
2018-05-15T19:00:00.0;-0.2297908310124324
2018-05-15T20:00:00.0;-0.23547194755668033
2018-05-15T21:00:00.0;-0.23616993882166293
2018-05-15T22:00:00.0;-0.22748344796675818
2018-05-15T23:00:00.0;-0.2128918429800661
2018-05-16T00:00:00.0;-0.20091427429544567
2018-05-16T01:00:00.0;-0.19187995557600226
2018-05-16T02:00:00.0;-0.18389408982388564
2018-05-16T03:00:00.0;-0.1767493787912676
2018-05-16T04:00:00.0;-0.1733565248913307
2018-05-16T05:00:00.0;-0.17702461554270363
2018-05-16T06:00:00.0;-0.18623132403767298
2018-05-16T07:00:00.0;-0.1893256692873586
2018-05-16T08:00:00.0;-0.18429008749979356
2018-05-16T09:00:00.0;-0.17513613709099046
2018-05-16T10:00:00.0;-0.1694106322928176
2018-05-16T11:00:00.0;-0.16549741544943034
2018-05-16T12:00:00.0;-0.16653634182338
2018-05-16T13:00:00.0;-0.16941326208976243
2018-05-16T14:00:00.0;-0.17643186618803505
2018-05-16T15:00:00.0;-0.18878143278703918
2018-05-16T16:00:00.0;-0.20572625741909453
2018-05-16T17:00:00.0;-0.21622961784004416
2018-05-16T18:00:00.0;-0.22466074867588212
2018-05-16T19:00:00.0;-0.23404629802520438
2018-05-16T20:00:00.0;-0.2390410356976042
2018-05-16T21:00:00.0;-0.234567770528701
2018-05-16T22:00:00.0;-0.2244099883541098
2018-05-16T23:00:00.0;-0.21015494928436915
2018-05-17T00:00:00.0;-0.19784727265298818
2018-05-17T01:00:00.0;-0.18905772723115313
2018-05-17T02:00:00.0;-0.18059683113291738
2018-05-17T03:00:00.0;-0.17230532233178653
2018-05-17T04:00:00.0;-0.16397611051400515
2018-05-17T05:00:00.0;-0.15903854414942856
2018-05-17T06:00:00.0;-0.16158709509259167
2018-05-17T07:00:00.0;-0.16608059535809241
2018-05-17T08:00:00.0;-0.16684547436154945
2018-05-17T09:00:00.0;-0.1621970775110189
2018-05-17T10:00:00.0;-0.15631624882391718
2018-05-17T11:00:00.0;-0.15207571421112742
2018-05-17T12:00:00.0;-0.1492337010056425
2018-05-17T13:00:00.0;-0.15178271611545113
2018-05-17T14:00:00.0;-0.15924476877649588
2018-05-17T15:00:00.0;-0.17199641154828713
2018-05-17T16:00:00.0;-0.1909193472164325
2018-05-17T17:00:00.0;-0.20933079789979075
2018-05-17T18:00:00.0;-0.21955152285961158
2018-05-17T19:00:00.0;-0.22925327486243793
2018-05-17T20:00:00.0;-0.23459714518558722
2018-05-17T21:00:00.0;-0.23646503222448897
2018-05-17T22:00:00.0;-0.22626520064406186
2018-05-17T23:00:00.0;-0.21317041363999434
2018-05-18T00:00:00.0;-0.20090098489302685
2018-05-18T01:00:00.0;-0.19167831361324528
2018-05-18T02:00:00.0;-0.1835828654243975
2018-05-18T03:00:00.0;-0.17644134266028258
2018-05-18T04:00:00.0;-0.17165401185954585
2018-05-18T05:00:00.0;-0.17250381353705946
2018-05-18T06:00:00.0;-0.17836785537091265
2018-05-18T07:00:00.0;-0.18013258181657765
2018-05-18T08:00:00.0;-0.17576531830645598
2018-05-18T09:00:00.0;-0.16813909271990646
2018-05-18T10:00:00.0;-0.16276724297547637
2018-05-18T11:00:00.0;-0.15893033711984733
2018-05-18T12:00:00.0;-0.1595135021143195
2018-05-18T13:00:00.0;-0.161150994488892
2018-05-18T14:00:00.0;-0.1683770816843589
2018-05-18T15:00:00.0;-0.1808768520233865
2018-05-18T16:00:00.0;-0.19728261851494103
2018-05-18T17:00:00.0;-0.207951888126411
2018-05-18T18:00:00.0;-0.2183217928986602
2018-05-18T19:00:00.0;-0.22813546302243962
2018-05-18T20:00:00.0;-0.23406110682556974
2018-05-18T21:00:00.0;-0.2343959956772696
2018-05-18T22:00:00.0;-0.22535322434548735
2018-05-18T23:00:00.0;-0.21104035607763946
2018-05-19T00:00:00.0;-0.2013571010053238
2018-05-19T01:00:00.0;-0.19243544346920788
2018-05-19T02:00:00.0;-0.18458147612237605
2018-05-19T03:00:00.0;-0.17765693352360698
2018-05-19T04:00:00.0;-0.17650452293076246
2018-05-19T05:00:00.0;-0.18419465277473016
2018-05-19T06:00:00.0;-0.1968007246600924
2018-05-19T07:00:00.0;-0.1994081811825185
2018-05-19T08:00:00.0;-0.19207801982103817
2018-05-19T09:00:00.0;-0.18065182731705653
2018-05-19T10:00:00.0;-0.17517562084861707
2018-05-19T11:00:00.0;-0.17133270419335372
2018-05-19T12:00:00.0;-0.17372142762179507
2018-05-19T13:00:00.0;-0.17711431633532318
2018-05-19T14:00:00.0;-0.1839966526946446
2018-05-19T15:00:00.0;-0.19660374272970896
2018-05-19T16:00:00.0;-0.2133387518633903
2018-05-19T17:00:00.0;-0.22125038953168757
2018-05-19T18:00:00.0;-0.22851260892507755
2018-05-19T19:00:00.0;-0.23785998796949961
2018-05-19T20:00:00.0;-0.24246534001289194
2018-05-19T21:00:00.0;-0.23414976253690173
2018-05-19T22:00:00.0;-0.22345390832562415
2018-05-19T23:00:00.0;-0.2083165118039937
2018-05-20T00:00:00.0;-0.18525664444291207
2018-05-20T01:00:00.0;-0.1773547789770679
2018-05-20T02:00:00.0;-0.16948612850745703
2018-05-20T03:00:00.0;-0.16160827679037967
2018-05-20T04:00:00.0;-0.1523190310275741
2018-05-20T05:00:00.0;-0.1448815299681714
2018-05-20T06:00:00.0;-0.14268981810578388
2018-05-20T07:00:00.0;-0.14128005105238214
2018-05-20T08:00:00.0;-0.14020021317096934
2018-05-20T09:00:00.0;-0.1366277415662242
2018-05-20T10:00:00.0;-0.13200368646433863
2018-05-20T11:00:00.0;-0.12955352955956814
2018-05-20T12:00:00.0;-0.1280679315945191
2018-05-20T13:00:00.0;-0.13112936161515576
2018-05-20T14:00:00.0;-0.13942975149918363
2018-05-20T15:00:00.0;-0.1528751914322025
2018-05-20T16:00:00.0;-0.17275225337810585
2018-05-20T17:00:00.0;-0.18832516298235075
2018-05-20T18:00:00.0;-0.19984764645578354
2018-05-20T19:00:00.0;-0.21155680832306756
2018-05-20T20:00:00.0;-0.21984612744952875
2018-05-20T21:00:00.0;-0.22445967632158548
2018-05-20T22:00:00.0;-0.21459835678507333
2018-05-20T23:00:00.0;-0.2024803724532998
2018-05-21T00:00:00.0;-0.1829152032294433
2018-05-21T01:00:00.0;-0.17523667822959324
2018-05-21T02:00:00.0;-0.16742072157037505
2018-05-21T03:00:00.0;-0.15944744158770105
2018-05-21T04:00:00.0;-0.14974919781995488
2018-05-21T05:00:00.0;-0.14157005957091753
2018-05-21T06:00:00.0;-0.13866444707014333
2018-05-21T07:00:00.0;-0.1368362578650242
2018-05-21T08:00:00.0;-0.1360317611942904
2018-05-21T09:00:00.0;-0.13278775177761892
2018-05-21T10:00:00.0;-0.1282693777732103
2018-05-21T11:00:00.0;-0.12602937272042555
2018-05-21T12:00:00.0;-0.12436604623747644
2018-05-21T13:00:00.0;-0.12777639457358375
2018-05-21T14:00:00.0;-0.13621396021797247
2018-05-21T15:00:00.0;-0.14981113007298505
2018-05-21T16:00:00.0;-0.1702402616117141
2018-05-21T17:00:00.0;-0.18634948055092135
2018-05-21T18:00:00.0;-0.19781214283788576
2018-05-21T19:00:00.0;-0.2097739337797226
2018-05-21T20:00:00.0;-0.21832244398268255
2018-05-21T21:00:00.0;-0.22293203441256454
2018-05-21T22:00:00.0;-0.21282146965233067
2018-05-21T23:00:00.0;-0.20097450938069328
2018-05-22T00:00:00.0;-0.19973944225705895
2018-05-22T01:00:00.0;-0.19075511889354463
2018-05-22T02:00:00.0;-0.18277901573875924
2018-05-22T03:00:00.0;-0.1756636037454227
2018-05-22T04:00:00.0;-0.17198964855187995
2018-05-22T05:00:00.0;-0.17495056887740204
2018-05-22T06:00:00.0;-0.18290509607544173
2018-05-22T07:00:00.0;-0.18474408102021547
2018-05-22T08:00:00.0;-0.179436302995748
2018-05-22T09:00:00.0;-0.17058983535341415
2018-05-22T10:00:00.0;-0.16523939748937425
2018-05-22T11:00:00.0;-0.16151967498318073
2018-05-22T12:00:00.0;-0.16267033243323134
2018-05-22T13:00:00.0;-0.16515598747569843
2018-05-22T14:00:00.0;-0.17233275017214775
2018-05-22T15:00:00.0;-0.18495846713484804
2018-05-22T16:00:00.0;-0.20179981744566008
2018-05-22T17:00:00.0;-0.21175285152306192
2018-05-22T18:00:00.0;-0.22093819657190222
2018-05-22T19:00:00.0;-0.2307227745245721
2018-05-22T20:00:00.0;-0.23630687505136896
2018-05-22T21:00:00.0;-0.23343682239986288
2018-05-22T22:00:00.0;-0.22364040274094957
2018-05-22T23:00:00.0;-0.20917626297557987
2018-05-23T00:00:00.0;-0.20048866083861386
2018-05-23T01:00:00.0;-0.1912992426246345
2018-05-23T02:00:00.0;-0.1836972152093687
2018-05-23T03:00:00.0;-0.17670895924366417
2018-05-23T04:00:00.0;-0.1720668607927031
2018-05-23T05:00:00.0;-0.17363589065690327
2018-05-23T06:00:00.0;-0.18157998397111424
2018-05-23T07:00:00.0;-0.18770293770243646
2018-05-23T08:00:00.0;-0.1850838485699905
2018-05-23T09:00:00.0;-0.17781874743331072
2018-05-23T10:00:00.0;-0.1719270108863789
2018-05-23T11:00:00.0;-0.1688476720869957
2018-05-23T12:00:00.0;-0.16968516948319398
2018-05-23T13:00:00.0;-0.17430981599573686
2018-05-23T14:00:00.0;-0.1809537524847153
2018-05-23T15:00:00.0;-0.19177839433729305
2018-05-23T16:00:00.0;-0.20906146764974923
2018-05-23T17:00:00.0;-0.2237497490492809
2018-05-23T18:00:00.0;-0.23215631408695653
2018-05-23T19:00:00.0;-0.24135150427026825
2018-05-23T20:00:00.0;-0.24349147515801653
2018-05-23T21:00:00.0;-0.23661658097697583
2018-05-23T22:00:00.0;-0.2248432926608903
2018-05-23T23:00:00.0;-0.21197246925208124
2018-05-24T00:00:00.0;-0.20230824673536166
2018-05-24T01:00:00.0;-0.19289712335344267
2018-05-24T02:00:00.0;-0.18511833763680374
2018-05-24T03:00:00.0;-0.17772536727563654
2018-05-24T04:00:00.0;-0.17028394387076695
2018-05-24T05:00:00.0;-0.16726509136512271
2018-05-24T06:00:00.0;-0.17314230430929314
2018-05-24T07:00:00.0;-0.18107944612225946
2018-05-24T08:00:00.0;-0.1810835005727276
2018-05-24T09:00:00.0;-0.175289067011932
2018-05-24T10:00:00.0;-0.1676569793475274
2018-05-24T11:00:00.0;-0.16294203797106277
2018-05-24T12:00:00.0;-0.16085212808474178
2018-05-24T13:00:00.0;-0.16472210370064566
2018-05-24T14:00:00.0;-0.1724037149989695
2018-05-24T15:00:00.0;-0.1840854105753699
2018-05-24T16:00:00.0;-0.20172970914711968
2018-05-24T17:00:00.0;-0.2202981930962478
2018-05-24T18:00:00.0;-0.22966451304535146
2018-05-24T19:00:00.0;-0.23842870503313052
2018-05-24T20:00:00.0;-0.2421613024515973
2018-05-24T21:00:00.0;-0.24100696994420998
2018-05-24T22:00:00.0;-0.22991123455350038
2018-05-24T23:00:00.0;-0.21735992846066965
2018-05-25T00:00:00.0;-0.198632301099083
2018-05-25T01:00:00.0;-0.18973815727766727
2018-05-25T02:00:00.0;-0.18214856197015175
2018-05-25T03:00:00.0;-0.17509632141639553
2018-05-25T04:00:00.0;-0.1708062573260846
2018-05-25T05:00:00.0;-0.1730959916611028
2018-05-25T06:00:00.0;-0.1821071804298526
2018-05-25T07:00:00.0;-0.1866029467099611
2018-05-25T08:00:00.0;-0.18248419535772353
2018-05-25T09:00:00.0;-0.17377942208049013
2018-05-25T10:00:00.0;-0.16730472191876572
2018-05-25T11:00:00.0;-0.16340992275130306
2018-05-25T12:00:00.0;-0.16389508073897271
2018-05-25T13:00:00.0;-0.16818916566222092
2018-05-25T14:00:00.0;-0.17569168291505793
2018-05-25T15:00:00.0;-0.18795735148165416
2018-05-25T16:00:00.0;-0.2056145596416681
2018-05-25T17:00:00.0;-0.21856283774572188
2018-05-25T18:00:00.0;-0.22662244817713087
2018-05-25T19:00:00.0;-0.23603239565003983
2018-05-25T20:00:00.0;-0.2405460810333093
2018-05-25T21:00:00.0;-0.23502478761372395
2018-05-25T22:00:00.0;-0.2237274308412889
2018-05-25T23:00:00.0;-0.21021137717796484
2018-05-26T00:00:00.0;-0.19258440643868693
2018-05-26T01:00:00.0;-0.18399205067925087
2018-05-26T02:00:00.0;-0.17596468261502363
2018-05-26T03:00:00.0;-0.168390362888518
2018-05-26T04:00:00.0;-0.1604685703870583
2018-05-26T05:00:00.0;-0.15551680405337853
2018-05-26T06:00:00.0;-0.15572173763543234
2018-05-26T07:00:00.0;-0.1556401875474331
2018-05-26T08:00:00.0;-0.1536270785601731
2018-05-26T09:00:00.0;-0.14893475226614009
2018-05-26T10:00:00.0;-0.14397789751247222
2018-05-26T11:00:00.0;-0.14087090965594312
2018-05-26T12:00:00.0;-0.13998509306843318
2018-05-26T13:00:00.0;-0.1419994030406318
2018-05-26T14:00:00.0;-0.1498626898230022
2018-05-26T15:00:00.0;-0.1628366436230398
2018-05-26T16:00:00.0;-0.18099669598484955
2018-05-26T17:00:00.0;-0.1948259098836893
2018-05-26T18:00:00.0;-0.2064588770249541
2018-05-26T19:00:00.0;-0.21736715259362674
2018-05-26T20:00:00.0;-0.2248140729545831
2018-05-26T21:00:00.0;-0.22922719894209337
2018-05-26T22:00:00.0;-0.22010405750112697
2018-05-26T23:00:00.0;-0.2071188939165423
2018-05-27T00:00:00.0;-0.1869285009420145
2018-05-27T01:00:00.0;-0.17891730484982982
2018-05-27T02:00:00.0;-0.17104766806903404
2018-05-27T03:00:00.0;-0.16326682827569075
2018-05-27T04:00:00.0;-0.154787042755749
2018-05-27T05:00:00.0;-0.148853594236753
2018-05-27T06:00:00.0;-0.14813261045643367
2018-05-27T07:00:00.0;-0.1471323955150909
2018-05-27T08:00:00.0;-0.14543254774534425
2018-05-27T09:00:00.0;-0.14108181693300093
2018-05-27T10:00:00.0;-0.13637011077049502
2018-05-27T11:00:00.0;-0.13377498260897794
2018-05-27T12:00:00.0;-0.132674026692312
2018-05-27T13:00:00.0;-0.13575168823098038
2018-05-27T14:00:00.0;-0.1439079908984138
2018-05-27T15:00:00.0;-0.15726501209974644
2018-05-27T16:00:00.0;-0.17681144954016426
2018-05-27T17:00:00.0;-0.1916152832218691
2018-05-27T18:00:00.0;-0.20272649811472754
2018-05-27T19:00:00.0;-0.2141945747179695
2018-05-27T20:00:00.0;-0.22211401952122592
2018-05-27T21:00:00.0;-0.22547131013738272
2018-05-27T22:00:00.0;-0.21554030596502205
2018-05-27T23:00:00.0;-0.2031164861769365
2018-05-28T00:00:00.0;-0.2072298522040017
2018-05-28T01:00:00.0;-0.19739799664785904
2018-05-28T02:00:00.0;-0.18914994854567532
2018-05-28T03:00:00.0;-0.1822641382925781
2018-05-28T04:00:00.0;-0.17861957640866605
2018-05-28T05:00:00.0;-0.18151014736620444
2018-05-28T06:00:00.0;-0.1891860399661909
2018-05-28T07:00:00.0;-0.19211660323909738
2018-05-28T08:00:00.0;-0.18709811245139715
2018-05-28T09:00:00.0;-0.17871471185073431
2018-05-28T10:00:00.0;-0.17322188756518164
2018-05-28T11:00:00.0;-0.16897557511696012
2018-05-28T12:00:00.0;-0.17015894279739663
2018-05-28T13:00:00.0;-0.17089575487550554
2018-05-28T14:00:00.0;-0.17761795426039184
2018-05-28T15:00:00.0;-0.1895487314098273
2018-05-28T16:00:00.0;-0.20445086003389415
2018-05-28T17:00:00.0;-0.21373280495761451
2018-05-28T18:00:00.0;-0.2242791475058963
2018-05-28T19:00:00.0;-0.2334253083387932
2018-05-28T20:00:00.0;-0.23837349139085098
2018-05-28T21:00:00.0;-0.23842224691198383
2018-05-28T22:00:00.0;-0.2299890593073408
2018-05-28T23:00:00.0;-0.21499339677496254
2018-05-29T00:00:00.0;-0.20679282547229622
2018-05-29T01:00:00.0;-0.19688739679143283
2018-05-29T02:00:00.0;-0.18961006475504502
2018-05-29T03:00:00.0;-0.18296563673974797
2018-05-29T04:00:00.0;-0.17722702504584834
2018-05-29T05:00:00.0;-0.17753838339439623
2018-05-29T06:00:00.0;-0.1875931049795088
2018-05-29T07:00:00.0;-0.1981930437546083
2018-05-29T08:00:00.0;-0.19674003666180254
2018-05-29T09:00:00.0;-0.18909274394817166
2018-05-29T10:00:00.0;-0.18020198238774923
2018-05-29T11:00:00.0;-0.17506366094238732
2018-05-29T12:00:00.0;-0.17407407226789698
2018-05-29T13:00:00.0;-0.17900125748982035
2018-05-29T14:00:00.0;-0.1866806848737374
2018-05-29T15:00:00.0;-0.1975645998013351
2018-05-29T16:00:00.0;-0.21402851086085642
2018-05-29T17:00:00.0;-0.23158656382376946
2018-05-29T18:00:00.0;-0.23975324779751844
2018-05-29T19:00:00.0;-0.24764865156734597
2018-05-29T20:00:00.0;-0.2498846321042871
2018-05-29T21:00:00.0;-0.24480026943302075
2018-05-29T22:00:00.0;-0.23291499145673747
2018-05-29T23:00:00.0;-0.2203790255431171
2018-05-30T00:00:00.0;-0.2084112400495666
2018-05-30T01:00:00.0;-0.19844111802664116
2018-05-30T02:00:00.0;-0.19015394325668702
2018-05-30T03:00:00.0;-0.18330061371036302
2018-05-30T04:00:00.0;-0.1795044487609651
2018-05-30T05:00:00.0;-0.1821290619111376
2018-05-30T06:00:00.0;-0.18968732907079328
2018-05-30T07:00:00.0;-0.19272549153404056
2018-05-30T08:00:00.0;-0.18773749833102896
2018-05-30T09:00:00.0;-0.17939473201909548
2018-05-30T10:00:00.0;-0.17369146309880684
2018-05-30T11:00:00.0;-0.1691773370943254
2018-05-30T12:00:00.0;-0.17017082093605299
2018-05-30T13:00:00.0;-0.1705246643646916
2018-05-30T14:00:00.0;-0.17733935382882127
2018-05-30T15:00:00.0;-0.18934009778647734
2018-05-30T16:00:00.0;-0.20393568022240147
2018-05-30T17:00:00.0;-0.21312405331081571
2018-05-30T18:00:00.0;-0.22396722414624928
2018-05-30T19:00:00.0;-0.23300820119933602
2018-05-30T20:00:00.0;-0.23821702596937203
2018-05-30T21:00:00.0;-0.2393450175023065
2018-05-30T22:00:00.0;-0.2312552092217205
2018-05-30T23:00:00.0;-0.21614263772499223
2018-05-31T00:00:00.0;-0.20653996512446995
2018-05-31T01:00:00.0;-0.19684797276296964
2018-05-31T02:00:00.0;-0.18867571636691913
2018-05-31T03:00:00.0;-0.18180349589733086
2018-05-31T04:00:00.0;-0.1787086484587596
2018-05-31T05:00:00.0;-0.18267700806931605
2018-05-31T06:00:00.0;-0.19157432317667392
2018-05-31T07:00:00.0;-0.19449823084254708
2018-05-31T08:00:00.0;-0.1888889229024976
2018-05-31T09:00:00.0;-0.17972820586966431
2018-05-31T10:00:00.0;-0.1740851705611476
2018-05-31T11:00:00.0;-0.16974909849305794
2018-05-31T12:00:00.0;-0.17111270218027547
2018-05-31T13:00:00.0;-0.17227272325896878
2018-05-31T14:00:00.0;-0.1791053576399677
2018-05-31T15:00:00.0;-0.19126694903817867
2018-05-31T16:00:00.0;-0.20643006430957517
2018-05-31T17:00:00.0;-0.21527975354689668
2018-05-31T18:00:00.0;-0.22517299348368236
2018-05-31T19:00:00.0;-0.23429525081204997
2018-05-31T20:00:00.0;-0.23934399036484463
2018-05-31T21:00:00.0;-0.23796685493912592
2018-05-31T22:00:00.0;-0.22918573218725324
2018-05-31T23:00:00.0;-0.2140665752736055
2018-06-01T00:00:00.0;-0.2045613182670561
2018-06-01T01:00:00.0;-0.1951634143760161
2018-06-01T02:00:00.0;-0.18711267025821715
2018-06-01T03:00:00.0;-0.1802204749225902
2018-06-01T04:00:00.0;-0.17786718591043496
2018-06-01T05:00:00.0;-0.1832563948442742
2018-06-01T06:00:00.0;-0.19356959116615244
2018-06-01T07:00:00.0;-0.19637268820567838
2018-06-01T08:00:00.0;-0.1901064150942277
2018-06-01T09:00:00.0;-0.18008081412492835
2018-06-01T10:00:00.0;-0.17450146857415108
2018-06-01T11:00:00.0;-0.17035366700387378
2018-06-01T12:00:00.0;-0.1721086276527667
2018-06-01T13:00:00.0;-0.1741210840697445
2018-06-01T14:00:00.0;-0.18097269302946173
2018-06-01T15:00:00.0;-0.19330436113767863
2018-06-01T16:00:00.0;-0.2090675737257901
2018-06-01T17:00:00.0;-0.2175591457625689
2018-06-01T18:00:00.0;-0.22644794869110846
2018-06-01T19:00:00.0;-0.23565615007777413
2018-06-01T20:00:00.0;-0.24053561887950772
2018-06-01T21:00:00.0;-0.23650961475059412
2018-06-01T22:00:00.0;-0.22699751057650985
2018-06-01T23:00:00.0;-0.2118713903811349
2018-06-02T00:00:00.0;-0.19840575238531094
2018-06-02T01:00:00.0;-0.18955757365405534
2018-06-02T02:00:00.0;-0.18161800985204524
2018-06-02T03:00:00.0;-0.1744533836850179
2018-06-02T04:00:00.0;-0.17063860869643213
2018-06-02T05:00:00.0;-0.17335063683548949
2018-06-02T06:00:00.0;-0.18106966295506843
2018-06-02T07:00:00.0;-0.1826900433881604
2018-06-02T08:00:00.0;-0.177463696889321
2018-06-02T09:00:00.0;-0.16870749130169346
2018-06-02T10:00:00.0;-0.16341507843225977
2018-06-02T11:00:00.0;-0.1598159641201839
2018-06-02T12:00:00.0;-0.16091128688771517
2018-06-02T13:00:00.0;-0.1636429452870154
2018-06-02T14:00:00.0;-0.17088962670540467
2018-06-02T15:00:00.0;-0.18360531698416627
2018-06-02T16:00:00.0;-0.2007724481164537
2018-06-02T17:00:00.0;-0.21096219949407213
2018-06-02T18:00:00.0;-0.22003262197971246
2018-06-02T19:00:00.0;-0.22995028797576633
2018-06-02T20:00:00.0;-0.23564911306996533
2018-06-02T21:00:00.0;-0.23255257938700524
2018-06-02T22:00:00.0;-0.2225700854209703
2018-06-02T23:00:00.0;-0.20824031945999666
2018-06-03T00:00:00.0;-0.2063839040319229
2018-06-03T01:00:00.0;-0.19661823573167903
2018-06-03T02:00:00.0;-0.18838477812678522
2018-06-03T03:00:00.0;-0.18145519922610862
2018-06-03T04:00:00.0;-0.17741918527422276
2018-06-03T05:00:00.0;-0.17961688734649364
2018-06-03T06:00:00.0;-0.1867692730441887
2018-06-03T07:00:00.0;-0.18946961393366626
2018-06-03T08:00:00.0;-0.18462650796329336
2018-06-03T09:00:00.0;-0.17644804909649622
2018-06-03T10:00:00.0;-0.17083359137112225
2018-06-03T11:00:00.0;-0.16650254798575082
2018-06-03T12:00:00.0;-0.16739907159828873
2018-06-03T13:00:00.0;-0.16811363708662758
2018-06-03T14:00:00.0;-0.17503690938793834
2018-06-03T15:00:00.0;-0.18717342848798232
2018-06-03T16:00:00.0;-0.2022610604825039
2018-06-03T17:00:00.0;-0.21182851226730684
2018-06-03T18:00:00.0;-0.22251961724742822
2018-06-03T19:00:00.0;-0.2317659262937211
2018-06-03T20:00:00.0;-0.237158354395566
2018-06-03T21:00:00.0;-0.23800482847191634
2018-06-03T22:00:00.0;-0.2296445129938517
2018-06-03T23:00:00.0;-0.21474180059873582
2018-06-04T00:00:00.0;-0.20619291777823054
2018-06-04T01:00:00.0;-0.19645699093411315
2018-06-04T02:00:00.0;-0.18822051130443004
2018-06-04T03:00:00.0;-0.18129218705995342
2018-06-04T04:00:00.0;-0.17758230847107068
2018-06-04T05:00:00.0;-0.18030950428337106
2018-06-04T06:00:00.0;-0.18759278045032404
2018-06-04T07:00:00.0;-0.19040473549528966
2018-06-04T08:00:00.0;-0.18560596089501125
2018-06-04T09:00:00.0;-0.17751105736082765
2018-06-04T10:00:00.0;-0.1723204235621157
2018-06-04T11:00:00.0;-0.16841506295015304
2018-06-04T12:00:00.0;-0.1697352646321089
2018-06-04T13:00:00.0;-0.1707223714531141
2018-06-04T14:00:00.0;-0.17729265199749308
2018-06-04T15:00:00.0;-0.18904515506566655
2018-06-04T16:00:00.0;-0.2041810848451943
2018-06-04T17:00:00.0;-0.21375460405665964
2018-06-04T18:00:00.0;-0.22424678861936356
2018-06-04T19:00:00.0;-0.2335219761599217
2018-06-04T20:00:00.0;-0.23813265944799522
2018-06-04T21:00:00.0;-0.23757640115499107
2018-06-04T22:00:00.0;-0.2289052323440989
2018-06-04T23:00:00.0;-0.21409467331183052
2018-06-05T00:00:00.0;-0.20811360703969256
2018-06-05T01:00:00.0;-0.19814139702086772
2018-06-05T02:00:00.0;-0.18983864979223714
2018-06-05T03:00:00.0;-0.18295563925399727
2018-06-05T04:00:00.0;-0.17879296994932325
2018-06-05T05:00:00.0;-0.1807309616112483
2018-06-05T06:00:00.0;-0.18761435096650853
2018-06-05T07:00:00.0;-0.19053198426770382
2018-06-05T08:00:00.0;-0.18583635854379962
2018-06-05T09:00:00.0;-0.17786584796869814
2018-06-05T10:00:00.0;-0.17218342342605208
2018-06-05T11:00:00.0;-0.16769292111807052
2018-06-05T12:00:00.0;-0.16850714726211402
2018-06-05T13:00:00.0;-0.16874403969916507
2018-06-05T14:00:00.0;-0.1756042122136076
2018-06-05T15:00:00.0;-0.18761213456877537
2018-06-05T16:00:00.0;-0.2022392532289482
2018-06-05T17:00:00.0;-0.21173051073107188
2018-06-05T18:00:00.0;-0.22284202926751145
2018-06-05T19:00:00.0;-0.23195201614409192
2018-06-05T20:00:00.0;-0.2373061208448688
2018-06-05T21:00:00.0;-0.2391989398020116
2018-06-05T22:00:00.0;-0.23122798366656003
2018-06-05T23:00:00.0;-0.21621813468054069
2018-06-06T00:00:00.0;-0.2071161319847593
2018-06-06T01:00:00.0;-0.1971263379867424
2018-06-06T02:00:00.0;-0.18876105456906628
2018-06-06T03:00:00.0;-0.1817728748835656
2018-06-06T04:00:00.0;-0.17631258892952403
2018-06-06T05:00:00.0;-0.1758044452420113
2018-06-06T06:00:00.0;-0.1802179156015611
2018-06-06T07:00:00.0;-0.18272817869288355
2018-06-06T08:00:00.0;-0.1791215515536601
2018-06-06T09:00:00.0;-0.17254355435273183
2018-06-06T10:00:00.0;-0.16700291568557377
2018-06-06T11:00:00.0;-0.16265810225134572
2018-06-06T12:00:00.0;-0.16288002732254808
2018-06-06T13:00:00.0;-0.16269932502795487
2018-06-06T14:00:00.0;-0.16966300435417614
2018-06-06T15:00:00.0;-0.1816242497768215
2018-06-06T16:00:00.0;-0.1963417540496353
2018-06-06T17:00:00.0;-0.20693808482011747
2018-06-06T18:00:00.0;-0.21902990019299634
2018-06-06T19:00:00.0;-0.22838766688654336
2018-06-06T20:00:00.0;-0.23414150862222252
2018-06-06T21:00:00.0;-0.23867870005647068
2018-06-06T22:00:00.0;-0.23111958842592314
2018-06-06T23:00:00.0;-0.2164936180932441
2018-06-07T00:00:00.0;-0.20956856032113094
2018-06-07T01:00:00.0;-0.19942642450644588
2018-06-07T02:00:00.0;-0.19106817660773326
2018-06-07T03:00:00.0;-0.18422653045872786
2018-06-07T04:00:00.0;-0.17999662434110433
2018-06-07T05:00:00.0;-0.1817901757388917
2018-06-07T06:00:00.0;-0.18852028701739468
2018-06-07T07:00:00.0;-0.1916291122097531
2018-06-07T08:00:00.0;-0.18702538116434964
2018-06-07T09:00:00.0;-0.17918848971759083
2018-06-07T10:00:00.0;-0.1734479683449777
2018-06-07T11:00:00.0;-0.16882372200101303
2018-06-07T12:00:00.0;-0.16958829923241364
2018-06-07T13:00:00.0;-0.16944354904213638
2018-06-07T14:00:00.0;-0.17624714018191737
2018-06-07T15:00:00.0;-0.18814840543599715
2018-06-07T16:00:00.0;-0.20239298800201352
2018-06-07T17:00:00.0;-0.21179082560110135
2018-06-07T18:00:00.0;-0.22322149657926982
2018-06-07T19:00:00.0;-0.23221220453025976
2018-06-07T20:00:00.0;-0.2375200365945241
2018-06-07T21:00:00.0;-0.24019736445062975
2018-06-07T22:00:00.0;-0.2325351107965263
2018-06-07T23:00:00.0;-0.21742661215750345
2018-06-08T00:00:00.0;-0.20256510241212472
2018-06-08T01:00:00.0;-0.1934571991913777
2018-06-08T02:00:00.0;-0.18552304718177035
2018-06-08T03:00:00.0;-0.17860701047125516
2018-06-08T04:00:00.0;-0.17694960659101464
2018-06-08T05:00:00.0;-0.1836677527424989
2018-06-08T06:00:00.0;-0.19527878338569732
2018-06-08T07:00:00.0;-0.1979536313837531
2018-06-08T08:00:00.0;-0.19108948854587043
2018-06-08T09:00:00.0;-0.18027671483184293
2018-06-08T10:00:00.0;-0.17479257049113156
2018-06-08T11:00:00.0;-0.17086260328641734
2018-06-08T12:00:00.0;-0.17300453756912987
2018-06-08T13:00:00.0;-0.17585438468093392
2018-06-08T14:00:00.0;-0.18270650296337784
2018-06-08T15:00:00.0;-0.19517897412328572
2018-06-08T16:00:00.0;-0.21153832370029216
2018-06-08T17:00:00.0;-0.21972377027575593
2018-06-08T18:00:00.0;-0.22765358087977342
2018-06-08T19:00:00.0;-0.23695815804499543
2018-06-08T20:00:00.0;-0.24163821207486205
2018-06-08T21:00:00.0;-0.23502997686831828
2018-06-08T22:00:00.0;-0.22479710452047505
2018-06-08T23:00:00.0;-0.20968568854399117
2018-06-09T00:00:00.0;-0.19798792227886478
2018-06-09T01:00:00.0;-0.18906480685239982
2018-06-09T02:00:00.0;-0.18105076645165924
2018-06-09T03:00:00.0;-0.173803008823476
2018-06-09T04:00:00.0;-0.1687306660508165
2018-06-09T05:00:00.0;-0.1690793389983301
2018-06-09T06:00:00.0;-0.17447091144248664
2018-06-09T07:00:00.0;-0.17576299126790557
2018-06-09T08:00:00.0;-0.17155512377545626
2018-06-09T09:00:00.0;-0.16410233399899632
2018-06-09T10:00:00.0;-0.158856691430939
2018-06-09T11:00:00.0;-0.1552834412624998
2018-06-09T12:00:00.0;-0.15575698530306348
2018-06-09T13:00:00.0;-0.1579433759729747
2018-06-09T14:00:00.0;-0.16532016806736669
2018-06-09T15:00:00.0;-0.17801732816774435
2018-06-09T16:00:00.0;-0.19513744201863614
2018-06-09T17:00:00.0;-0.20630691056068898
2018-06-09T18:00:00.0;-0.21640599866091909
2018-06-09T19:00:00.0;-0.2265077138215649
2018-06-09T20:00:00.0;-0.23267587990274888
2018-06-09T21:00:00.0;-0.23246116855891874
2018-06-09T22:00:00.0;-0.22300116946729762
2018-06-09T23:00:00.0;-0.2089769032963423
2018-06-10T00:00:00.0;-0.196199982272265
2018-06-10T01:00:00.0;-0.18732534068674403
2018-06-10T02:00:00.0;-0.17926233923950233
2018-06-10T03:00:00.0;-0.1718714183064857
2018-06-10T04:00:00.0;-0.16522706884498756
2018-06-10T05:00:00.0;-0.16263695062686098
2018-06-10T06:00:00.0;-0.16514382622328078
2018-06-10T07:00:00.0;-0.16584668077248466
2018-06-10T08:00:00.0;-0.16287987341332505
2018-06-10T09:00:00.0;-0.1570016306410308
2018-06-10T10:00:00.0;-0.15186636816159763
2018-06-10T11:00:00.0;-0.14844121599317894
2018-06-10T12:00:00.0;-0.14815156805097032
2018-06-10T13:00:00.0;-0.14995834096621105
2018-06-10T14:00:00.0;-0.15755221085047574
2018-06-10T15:00:00.0;-0.1703167347740872
2018-06-10T16:00:00.0;-0.18770365063329292
2018-06-10T17:00:00.0;-0.20022271406527234
2018-06-10T18:00:00.0;-0.21138136467013222
2018-06-10T19:00:00.0;-0.22182376811587265
2018-06-10T20:00:00.0;-0.22863976940230601
2018-06-10T21:00:00.0;-0.2314873370846491
2018-06-10T22:00:00.0;-0.22243993550118182
2018-06-10T23:00:00.0;-0.20889606489026008
2018-06-11T00:00:00.0;-0.19891249326485097
2018-06-11T01:00:00.0;-0.19000449560923358
2018-06-11T02:00:00.0;-0.18201773903372417
2018-06-11T03:00:00.0;-0.1748713348787817
2018-06-11T04:00:00.0;-0.17144531192347692
2018-06-11T05:00:00.0;-0.17473173832580804
2018-06-11T06:00:00.0;-0.18232993739371386
2018-06-11T07:00:00.0;-0.184224858099167
2018-06-11T08:00:00.0;-0.17924333715876334
2018-06-11T09:00:00.0;-0.17085687720955503
2018-06-11T10:00:00.0;-0.16627194503469034
2018-06-11T11:00:00.0;-0.16333523815642187
2018-06-11T12:00:00.0;-0.16506956034110007
2018-06-11T13:00:00.0;-0.16798360911015509
2018-06-11T14:00:00.0;-0.17459575151086945
2018-06-11T15:00:00.0;-0.18657613179394122
2018-06-11T16:00:00.0;-0.20358948014898692
2018-06-11T17:00:00.0;-0.21384048045919155
2018-06-11T18:00:00.0;-0.22287168991466808
2018-06-11T19:00:00.0;-0.23278726319894438
2018-06-11T20:00:00.0;-0.23714878020757701
2018-06-11T21:00:00.0;-0.23240416717649096
2018-06-11T22:00:00.0;-0.22212573196828558
2018-06-11T23:00:00.0;-0.20792988263859424
2018-06-12T00:00:00.0;-0.1998515617376835
2018-06-12T01:00:00.0;-0.19084038726239236
2018-06-12T02:00:00.0;-0.18305251746486992
2018-06-12T03:00:00.0;-0.17600824935943032
2018-06-12T04:00:00.0;-0.17242551091560598
2018-06-12T05:00:00.0;-0.1757038388335437
2018-06-12T06:00:00.0;-0.18436678513923213
2018-06-12T07:00:00.0;-0.18816220948717907
2018-06-12T08:00:00.0;-0.18374549315828156
2018-06-12T09:00:00.0;-0.17524969974573795
2018-06-12T10:00:00.0;-0.16987053349432565
2018-06-12T11:00:00.0;-0.16664907427525583
2018-06-12T12:00:00.0;-0.1680472209214704
2018-06-12T13:00:00.0;-0.1717933626759836
2018-06-12T14:00:00.0;-0.17854184668398718
2018-06-12T15:00:00.0;-0.19022603182269435
2018-06-12T16:00:00.0;-0.20735395312565352
2018-06-12T17:00:00.0;-0.21909965118400415
2018-06-12T18:00:00.0;-0.22752607433701022
2018-06-12T19:00:00.0;-0.23704051019019035
2018-06-12T20:00:00.0;-0.24064064411454747
2018-06-12T21:00:00.0;-0.23446287373634792
2018-06-12T22:00:00.0;-0.22347455802802477
2018-06-12T23:00:00.0;-0.20967482073104146
2018-06-13T00:00:00.0;-0.2000739699306229
2018-06-13T01:00:00.0;-0.19099996598295646
2018-06-13T02:00:00.0;-0.18297412006802166
2018-06-13T03:00:00.0;-0.17583907479900052
2018-06-13T04:00:00.0;-0.17162738856218734
2018-06-13T05:00:00.0;-0.17357146617588803
2018-06-13T06:00:00.0;-0.18052076507389284
2018-06-13T07:00:00.0;-0.18229188486992082
2018-06-13T08:00:00.0;-0.1774326109037483
2018-06-13T09:00:00.0;-0.16916568745137914
2018-06-13T10:00:00.0;-0.16381419771023056
2018-06-13T11:00:00.0;-0.16005859348545023
2018-06-13T12:00:00.0;-0.16093768192034677
2018-06-13T13:00:00.0;-0.16306773287755472
2018-06-13T14:00:00.0;-0.170278058260884
2018-06-13T15:00:00.0;-0.18285914482280552
2018-06-13T16:00:00.0;-0.19954837648425322
2018-06-13T17:00:00.0;-0.209869684535406
2018-06-13T18:00:00.0;-0.21958664625861024
2018-06-13T19:00:00.0;-0.22940506874941127
2018-06-13T20:00:00.0;-0.2351650660149174
2018-06-13T21:00:00.0;-0.23374627156840241
2018-06-13T22:00:00.0;-0.22427080302497576
2018-06-13T23:00:00.0;-0.2098973501884728
2018-06-14T00:00:00.0;-0.2030041489860558
2018-06-14T01:00:00.0;-0.19339236739424623
2018-06-14T02:00:00.0;-0.1863230040072904
2018-06-14T03:00:00.0;-0.17953927363949218
2018-06-14T04:00:00.0;-0.17231812889921086
2018-06-14T05:00:00.0;-0.1701033591784548
2018-06-14T06:00:00.0;-0.17848510657315161
2018-06-14T07:00:00.0;-0.1895924478034592
2018-06-14T08:00:00.0;-0.1895858330771913
2018-06-14T09:00:00.0;-0.18312104157150427
2018-06-14T10:00:00.0;-0.17387371443264077
2018-06-14T11:00:00.0;-0.1689425439805367
2018-06-14T12:00:00.0;-0.16708525446532135
2018-06-14T13:00:00.0;-0.17301522714545706
2018-06-14T14:00:00.0;-0.18109288575399513
2018-06-14T15:00:00.0;-0.19199881339536845
2018-06-14T16:00:00.0;-0.2095354124453185
2018-06-14T17:00:00.0;-0.22969426160408024
2018-06-14T18:00:00.0;-0.23780612023968795
2018-06-14T19:00:00.0;-0.24595549513876863
2018-06-14T20:00:00.0;-0.24828331916771107
2018-06-14T21:00:00.0;-0.24349106550420338
2018-06-14T22:00:00.0;-0.2308631091398504
2018-06-14T23:00:00.0;-0.21928014130256315
2018-06-15T00:00:00.0;-0.20887161194999648
2018-06-15T01:00:00.0;-0.19883306434241807
2018-06-15T02:00:00.0;-0.19051761730232403
2018-06-15T03:00:00.0;-0.18366893530945536
2018-06-15T04:00:00.0;-0.1797002319099698
2018-06-15T05:00:00.0;-0.18199425595035082
2018-06-15T06:00:00.0;-0.1892230899304225
2018-06-15T07:00:00.0;-0.19228936141041283
2018-06-15T08:00:00.0;-0.1874542243390252
2018-06-15T09:00:00.0;-0.17931269063208652
2018-06-15T10:00:00.0;-0.1735946030114833
2018-06-15T11:00:00.0;-0.16903667209732431
2018-06-15T12:00:00.0;-0.1699390988878566
2018-06-15T13:00:00.0;-0.17009460612769567
2018-06-15T14:00:00.0;-0.17690488077528965
2018-06-15T15:00:00.0;-0.18886605297312872
2018-06-15T16:00:00.0;-0.20332201072509076
2018-06-15T17:00:00.0;-0.21259370696719096
2018-06-15T18:00:00.0;-0.22367058023043052
2018-06-15T19:00:00.0;-0.23269156067356078
2018-06-15T20:00:00.0;-0.23793976968089064
2018-06-15T21:00:00.0;-0.2396840736772189
2018-06-15T22:00:00.0;-0.23176434289442466
2018-06-15T23:00:00.0;-0.21665339154493488
2018-06-16T00:00:00.0;-0.19039209628176343
2018-06-16T01:00:00.0;-0.1822180970552407
2018-06-16T02:00:00.0;-0.174383426203661
2018-06-16T03:00:00.0;-0.16684170202339108
2018-06-16T04:00:00.0;-0.16084193813721054
2018-06-16T05:00:00.0;-0.15948415189684273
2018-06-16T06:00:00.0;-0.16301166347495158
2018-06-16T07:00:00.0;-0.16307352467472278
2018-06-16T08:00:00.0;-0.15962351103735498
2018-06-16T09:00:00.0;-0.15307980543665714
2018-06-16T10:00:00.0;-0.14842424268142446
2018-06-16T11:00:00.0;-0.14578201176950958
2018-06-16T12:00:00.0;-0.14603489852234536
2018-06-16T13:00:00.0;-0.1495942176192076
2018-06-16T14:00:00.0;-0.15717921027121828
2018-06-16T15:00:00.0;-0.17013546150101788
2018-06-16T16:00:00.0;-0.18907082704717504
2018-06-16T17:00:00.0;-0.20182176040252636
2018-06-16T18:00:00.0;-0.21144988049011176
2018-06-16T19:00:00.0;-0.2223548487230026
2018-06-16T20:00:00.0;-0.22881261059798336
2018-06-16T21:00:00.0;-0.22729354368387325
2018-06-16T22:00:00.0;-0.21676204899311838
2018-06-16T23:00:00.0;-0.2036200141319421
2018-06-17T00:00:00.0;-0.18456574071161513
2018-06-17T01:00:00.0;-0.17678680073320102
2018-06-17T02:00:00.0;-0.1689753663917649
2018-06-17T03:00:00.0;-0.16110219248220645
2018-06-17T04:00:00.0;-0.15228070426636633
2018-06-17T05:00:00.0;-0.14573262167139375
2018-06-17T06:00:00.0;-0.1444231372484263
2018-06-17T07:00:00.0;-0.14301589646151616
2018-06-17T08:00:00.0;-0.14153578178809623
2018-06-17T09:00:00.0;-0.13744187422037607
2018-06-17T10:00:00.0;-0.13283513801113622
2018-06-17T11:00:00.0;-0.1304527728517578
2018-06-17T12:00:00.0;-0.12920784624550039
2018-06-17T13:00:00.0;-0.1326740264171229
2018-06-17T14:00:00.0;-0.14096242090464473
2018-06-17T15:00:00.0;-0.15447528778143327
2018-06-17T16:00:00.0;-0.17458754666136594
2018-06-17T17:00:00.0;-0.18987957358663787
2018-06-17T18:00:00.0;-0.20086811100627822
2018-06-17T19:00:00.0;-0.21258278537116412
2018-06-17T20:00:00.0;-0.22073841578469938
2018-06-17T21:00:00.0;-0.22391889562592643
2018-06-17T22:00:00.0;-0.2137023851093947
2018-06-17T23:00:00.0;-0.20153664102595858
2018-06-18T00:00:00.0;-0.2008229398349815
2018-06-18T01:00:00.0;-0.1916745296357578
2018-06-18T02:00:00.0;-0.18408334608778823
2018-06-18T03:00:00.0;-0.17686642986710965
2018-06-18T04:00:00.0;-0.1711244386396903
2018-06-18T05:00:00.0;-0.17116949300283835
2018-06-18T06:00:00.0;-0.17962694542013005
2018-06-18T07:00:00.0;-0.18696435717624046
2018-06-18T08:00:00.0;-0.1851452773340552
2018-06-18T09:00:00.0;-0.1776183444446851
2018-06-18T10:00:00.0;-0.1701764769555281
2018-06-18T11:00:00.0;-0.1657282351459473
2018-06-18T12:00:00.0;-0.16478350619223597
2018-06-18T13:00:00.0;-0.1694775411689075
2018-06-18T14:00:00.0;-0.17709358192129787
2018-06-18T15:00:00.0;-0.1889406427544204
2018-06-18T16:00:00.0;-0.20680863543968375
2018-06-18T17:00:00.0;-0.223389942186484
2018-06-18T18:00:00.0;-0.2314933914574302
2018-06-18T19:00:00.0;-0.240338233081945
2018-06-18T20:00:00.0;-0.24391168574655964
2018-06-18T21:00:00.0;-0.2390679673952128
2018-06-18T22:00:00.0;-0.227307611403809
2018-06-18T23:00:00.0;-0.21443470294255845
2018-06-19T00:00:00.0;-0.19918892494365997
2018-06-19T01:00:00.0;-0.1905086641326385
2018-06-19T02:00:00.0;-0.18274865430437026
2018-06-19T03:00:00.0;-0.17576191119746823
2018-06-19T04:00:00.0;-0.17457358771304737
2018-06-19T05:00:00.0;-0.18224799309093853
2018-06-19T06:00:00.0;-0.19494596000172598
2018-06-19T07:00:00.0;-0.1973964844091324
2018-06-19T08:00:00.0;-0.19007879473993777
2018-06-19T09:00:00.0;-0.17857208609517233
2018-06-19T10:00:00.0;-0.17312248518976325
2018-06-19T11:00:00.0;-0.169463116830386
2018-06-19T12:00:00.0;-0.17183824082314358
2018-06-19T13:00:00.0;-0.17582929394213379
2018-06-19T14:00:00.0;-0.1828199929354363
2018-06-19T15:00:00.0;-0.1955586152912221
2018-06-19T16:00:00.0;-0.21287932938291196
2018-06-19T17:00:00.0;-0.22116119466148726
2018-06-19T18:00:00.0;-0.2279888963721441
2018-06-19T19:00:00.0;-0.23750098725293564
2018-06-19T20:00:00.0;-0.24215220735521928
2018-06-19T21:00:00.0;-0.23280253335203457
2018-06-19T22:00:00.0;-0.221627212773093
2018-06-19T23:00:00.0;-0.2067052180290097
2018-06-20T00:00:00.0;-0.2014674993699251
2018-06-20T01:00:00.0;-0.19215238746329566
2018-06-20T02:00:00.0;-0.18465763451791398
2018-06-20T03:00:00.0;-0.17771868824443415
2018-06-20T04:00:00.0;-0.17218062265314105
2018-06-20T05:00:00.0;-0.1724278831571601
2018-06-20T06:00:00.0;-0.18063604108290293
2018-06-20T07:00:00.0;-0.18738714032609952
2018-06-20T08:00:00.0;-0.18487513582295895
2018-06-20T09:00:00.0;-0.17727464921630892
2018-06-20T10:00:00.0;-0.16985986495506067
2018-06-20T11:00:00.0;-0.16549872983707137
2018-06-20T12:00:00.0;-0.16506352371125319
2018-06-20T13:00:00.0;-0.16938133260547691
2018-06-20T14:00:00.0;-0.17703400580403353
2018-06-20T15:00:00.0;-0.18874945848358343
2018-06-20T16:00:00.0;-0.20596115980264237
2018-06-20T17:00:00.0;-0.22130899260157097
2018-06-20T18:00:00.0;-0.22991263599485376
2018-06-20T19:00:00.0;-0.23882947783007524
2018-06-20T20:00:00.0;-0.2426836425101273
2018-06-20T21:00:00.0;-0.2387591774643134
2018-06-20T22:00:00.0;-0.22745573200848332
2018-06-20T23:00:00.0;-0.21451454423753943
2018-06-21T00:00:00.0;-0.19712972752898208
2018-06-21T01:00:00.0;-0.18807112010126545
2018-06-21T02:00:00.0;-0.1804249865061405
2018-06-21T03:00:00.0;-0.17317655300881082
2018-06-21T04:00:00.0;-0.16535274050717086
2018-06-21T05:00:00.0;-0.16117713281072293
2018-06-21T06:00:00.0;-0.16444104393270623
2018-06-21T07:00:00.0;-0.16903065339741596
2018-06-21T08:00:00.0;-0.16802275378660397
2018-06-21T09:00:00.0;-0.16280113702506827
2018-06-21T10:00:00.0;-0.15604400863031184
2018-06-21T11:00:00.0;-0.1521543952768929
2018-06-21T12:00:00.0;-0.15076216938391845
2018-06-21T13:00:00.0;-0.15427371930814132
2018-06-21T14:00:00.0;-0.16223651598251626
2018-06-21T15:00:00.0;-0.17432366656863996
2018-06-21T16:00:00.0;-0.19215220477924247
2018-06-21T17:00:00.0;-0.2087614060604159
2018-06-21T18:00:00.0;-0.219122957232208
2018-06-21T19:00:00.0;-0.2288826002844343
2018-06-21T20:00:00.0;-0.2342460199642695
2018-06-21T21:00:00.0;-0.23535519722921827
2018-06-21T22:00:00.0;-0.22489150855671186
2018-06-21T23:00:00.0;-0.21252223981397966
2018-06-22T00:00:00.0;-0.20547021665723322
2018-06-22T01:00:00.0;-0.1962214833600448
2018-06-22T02:00:00.0;-0.18732485761082948
2018-06-22T03:00:00.0;-0.17855140156084146
2018-06-22T04:00:00.0;-0.1704938889300409
2018-06-22T05:00:00.0;-0.1666982023066196
2018-06-22T06:00:00.0;-0.1723418822777877
2018-06-22T07:00:00.0;-0.1813220224697712
2018-06-22T08:00:00.0;-0.1840343852832657
2018-06-22T09:00:00.0;-0.17890700302680987
2018-06-22T10:00:00.0;-0.1720932912467455
2018-06-22T11:00:00.0;-0.16660384060262715
2018-06-22T12:00:00.0;-0.1623630631014225
2018-06-22T13:00:00.0;-0.16494249932454247
2018-06-22T14:00:00.0;-0.17187183040384815
2018-06-22T15:00:00.0;-0.18423391509635054
2018-06-22T16:00:00.0;-0.20308237215556701
2018-06-22T17:00:00.0;-0.22464177658148046
2018-06-22T18:00:00.0;-0.2336688498101948
2018-06-22T19:00:00.0;-0.24199312723010952
2018-06-22T20:00:00.0;-0.24516609824537244
2018-06-22T21:00:00.0;-0.24468049753014537
2018-06-22T22:00:00.0;-0.2338563840257722
2018-06-22T23:00:00.0;-0.22029023551303742
2018-06-23T00:00:00.0;-0.18675056862584666
2018-06-23T01:00:00.0;-0.17883870864377108
2018-06-23T02:00:00.0;-0.17103326052575243
2018-06-23T03:00:00.0;-0.1632925977195706
2018-06-23T04:00:00.0;-0.1556316769094711
2018-06-23T05:00:00.0;-0.15124263399772753
2018-06-23T06:00:00.0;-0.15204595538301852
2018-06-23T07:00:00.0;-0.15119592693723286
2018-06-23T08:00:00.0;-0.14882149202718087
2018-06-23T09:00:00.0;-0.14360256838153337
2018-06-23T10:00:00.0;-0.1388788665088272
2018-06-23T11:00:00.0;-0.13630805828885886
2018-06-23T12:00:00.0;-0.13561697050164126
2018-06-23T13:00:00.0;-0.13915705566121708
2018-06-23T14:00:00.0;-0.147247991253657
2018-06-23T15:00:00.0;-0.16064926569339624
2018-06-23T16:00:00.0;-0.18034207803686853
2018-06-23T17:00:00.0;-0.19455238222477875
2018-06-23T18:00:00.0;-0.2049133172687385
2018-06-23T19:00:00.0;-0.21630088170657122
2018-06-23T20:00:00.0;-0.22393645441760404
2018-06-23T21:00:00.0;-0.22522521065949255
2018-06-23T22:00:00.0;-0.21486845901044846
2018-06-23T23:00:00.0;-0.2022807385840658
2018-06-24T00:00:00.0;-0.18582235251365545
2018-06-24T01:00:00.0;-0.17794100567582638
2018-06-24T02:00:00.0;-0.17011404691154344
2018-06-24T03:00:00.0;-0.16230213979090646
2018-06-24T04:00:00.0;-0.15388029114509297
2018-06-24T05:00:00.0;-0.14806949835260344
2018-06-24T06:00:00.0;-0.14747771119093683
2018-06-24T07:00:00.0;-0.14633360002274803
2018-06-24T08:00:00.0;-0.14455830792971183
2018-06-24T09:00:00.0;-0.14009882550671543
2018-06-24T10:00:00.0;-0.13543112759048812
2018-06-24T11:00:00.0;-0.13293774718083826
2018-06-24T12:00:00.0;-0.13187793429054206
2018-06-24T13:00:00.0;-0.13524924224808166
2018-06-24T14:00:00.0;-0.14344795361278725
2018-06-24T15:00:00.0;-0.15688632489295454
2018-06-24T16:00:00.0;-0.17672442848899667
2018-06-24T17:00:00.0;-0.1915941970493959
2018-06-24T18:00:00.0;-0.20245678880974372
2018-06-24T19:00:00.0;-0.21401474889283356
2018-06-24T20:00:00.0;-0.22196693756405397
2018-06-24T21:00:00.0;-0.22471120086333743
2018-06-24T22:00:00.0;-0.21454223751507334
2018-06-24T23:00:00.0;-0.20219193727100718
2018-06-25T00:00:00.0;-0.20365250215981331
2018-06-25T01:00:00.0;-0.19406505154817588
2018-06-25T02:00:00.0;-0.18586303323441655
2018-06-25T03:00:00.0;-0.17879187103820698
2018-06-25T04:00:00.0;-0.17364760197832935
2018-06-25T05:00:00.0;-0.17375992681790114
2018-06-25T06:00:00.0;-0.17867967633427387
2018-06-25T07:00:00.0;-0.18119637086982962
2018-06-25T08:00:00.0;-0.17761003192848734
2018-06-25T09:00:00.0;-0.17087462146099094
2018-06-25T10:00:00.0;-0.16569292598028917
2018-06-25T11:00:00.0;-0.16199007259423356
2018-06-25T12:00:00.0;-0.16258917558955374
2018-06-25T13:00:00.0;-0.16368173539176983
2018-06-25T14:00:00.0;-0.17050231188032114
2018-06-25T15:00:00.0;-0.18231119813213775
2018-06-25T16:00:00.0;-0.19799835699348317
2018-06-25T17:00:00.0;-0.20920624624544784
2018-06-25T18:00:00.0;-0.22032473176658615
2018-06-25T19:00:00.0;-0.22992458020706494
2018-06-25T20:00:00.0;-0.23497252751489386
2018-06-25T21:00:00.0;-0.23633984743271327
2018-06-25T22:00:00.0;-0.22766916160475287
2018-06-25T23:00:00.0;-0.2134651990828565
2018-06-26T00:00:00.0;-0.20500788441142181
2018-06-26T01:00:00.0;-0.19531337266801765
2018-06-26T02:00:00.0;-0.18706696906738415
2018-06-26T03:00:00.0;-0.18004670266191175
2018-06-26T04:00:00.0;-0.17515017086083529
2018-06-26T05:00:00.0;-0.1757440389022887
2018-06-26T06:00:00.0;-0.18132509489342127
2018-06-26T07:00:00.0;-0.18364675402816796
2018-06-26T08:00:00.0;-0.17947293619500848
2018-06-26T09:00:00.0;-0.17213919229080957
2018-06-26T10:00:00.0;-0.16660145365660997
2018-06-26T11:00:00.0;-0.16238781995382148
2018-06-26T12:00:00.0;-0.16287098353494237
2018-06-26T13:00:00.0;-0.16347254362190786
2018-06-26T14:00:00.0;-0.17053173221475845
2018-06-26T15:00:00.0;-0.18273354399705344
2018-06-26T16:00:00.0;-0.19806942594680613
2018-06-26T17:00:00.0;-0.20841485860444198
2018-06-26T18:00:00.0;-0.2196149280627129
2018-06-26T19:00:00.0;-0.2290824552061155
2018-06-26T20:00:00.0;-0.23484870195850321
2018-06-26T21:00:00.0;-0.23720192388833655
2018-06-26T22:00:00.0;-0.22899195585969845
2018-06-26T23:00:00.0;-0.21438313579224316
2018-06-27T00:00:00.0;-0.2072635214520936
2018-06-27T01:00:00.0;-0.19731882263902267
2018-06-27T02:00:00.0;-0.18899052627600604
2018-06-27T03:00:00.0;-0.18204286295553582
2018-06-27T04:00:00.0;-0.1772633934092179
2018-06-27T05:00:00.0;-0.17801952041387056
2018-06-27T06:00:00.0;-0.18360576508209242
2018-06-27T07:00:00.0;-0.18629538546744867
2018-06-27T08:00:00.0;-0.18219402114958752
2018-06-27T09:00:00.0;-0.17498759982228088
2018-06-27T10:00:00.0;-0.16950348258277023
2018-06-27T11:00:00.0;-0.16522702170060502
2018-06-27T12:00:00.0;-0.16583451191021079
2018-06-27T13:00:00.0;-0.16597888763962498
2018-06-27T14:00:00.0;-0.17281389546705497
2018-06-27T15:00:00.0;-0.1847146950484653
2018-06-27T16:00:00.0;-0.1994703388946491
2018-06-27T17:00:00.0;-0.20958683927168437
2018-06-27T18:00:00.0;-0.2211301881691845
2018-06-27T19:00:00.0;-0.23040456342714208
2018-06-27T20:00:00.0;-0.23578297785939606
2018-06-27T21:00:00.0;-0.2386284926224659
2018-06-27T22:00:00.0;-0.23074955730770047
2018-06-27T23:00:00.0;-0.21599180645806715
2018-06-28T00:00:00.0;-0.20744035132446823
2018-06-28T01:00:00.0;-0.19742104154815843
2018-06-28T02:00:00.0;-0.18908209889098812
2018-06-28T03:00:00.0;-0.1821169729511802
2018-06-28T04:00:00.0;-0.17666675772060955
2018-06-28T05:00:00.0;-0.17622632235717114
2018-06-28T06:00:00.0;-0.18090688304302538
2018-06-28T07:00:00.0;-0.18369062737483952
2018-06-28T08:00:00.0;-0.1800888895805403
2018-06-28T09:00:00.0;-0.1734054135119797
2018-06-28T10:00:00.0;-0.1676856802344142
2018-06-28T11:00:00.0;-0.16322236733214868
2018-06-28T12:00:00.0;-0.16337288149075285
2018-06-28T13:00:00.0;-0.16325972491794016
2018-06-28T14:00:00.0;-0.17028162223712215
2018-06-28T15:00:00.0;-0.1822547035731075
2018-06-28T16:00:00.0;-0.1969456381793148
2018-06-28T17:00:00.0;-0.20765936953705086
2018-06-28T18:00:00.0;-0.2196620630621746
2018-06-28T19:00:00.0;-0.22893820469274165
2018-06-28T20:00:00.0;-0.2346765822713186
2018-06-28T21:00:00.0;-0.23911929224594067
2018-06-28T22:00:00.0;-0.23150909602632588
2018-06-28T23:00:00.0;-0.21688971315486072
2018-06-29T00:00:00.0;-0.20653043693107478
2018-06-29T01:00:00.0;-0.19659935172636347
2018-06-29T02:00:00.0;-0.18825193750165314
2018-06-29T03:00:00.0;-0.18124112490053984
2018-06-29T04:00:00.0;-0.1756679402692839
2018-06-29T05:00:00.0;-0.1749687829201716
2018-06-29T06:00:00.0;-0.1792634068884007
2018-06-29T07:00:00.0;-0.18165532658112843
2018-06-29T08:00:00.0;-0.1780738022402268
2018-06-29T09:00:00.0;-0.17151699928046346
2018-06-29T10:00:00.0;-0.16593275020714127
2018-06-29T11:00:00.0;-0.16157320225533908
2018-06-29T12:00:00.0;-0.16170240443444298
2018-06-29T13:00:00.0;-0.16159364346504176
2018-06-29T14:00:00.0;-0.16864768616617395
2018-06-29T15:00:00.0;-0.18071454317506408
2018-06-29T16:00:00.0;-0.19557562868336173
2018-06-29T17:00:00.0;-0.20627575590220082
2018-06-29T18:00:00.0;-0.2183417608187532
2018-06-29T19:00:00.0;-0.22775559343429358
2018-06-29T20:00:00.0;-0.233689962479369
2018-06-29T21:00:00.0;-0.23833947684008153
2018-06-29T22:00:00.0;-0.23074274167050562
2018-06-29T23:00:00.0;-0.21616229550903987
2018-06-30T00:00:00.0;-0.19229751514529242
2018-06-30T01:00:00.0;-0.18372404992514815
2018-06-30T02:00:00.0;-0.17569694563501997
2018-06-30T03:00:00.0;-0.16810605311023546
2018-06-30T04:00:00.0;-0.16004669176808228
2018-06-30T05:00:00.0;-0.15483934345830105
2018-06-30T06:00:00.0;-0.15479437867643528
2018-06-30T07:00:00.0;-0.15464283508485135
2018-06-30T08:00:00.0;-0.15273502772366868
2018-06-30T09:00:00.0;-0.14817484829882357
2018-06-30T10:00:00.0;-0.14323300305181683
2018-06-30T11:00:00.0;-0.14015090543925232
2018-06-30T12:00:00.0;-0.13919974904269616
2018-06-30T13:00:00.0;-0.14121195829674277
2018-06-30T14:00:00.0;-0.14909985147291155
2018-06-30T15:00:00.0;-0.16208902935831004
2018-06-30T16:00:00.0;-0.1803059810270722
2018-06-30T17:00:00.0;-0.19426617250616057
2018-06-30T18:00:00.0;-0.20596854229779946
2018-06-30T19:00:00.0;-0.21691803160129822
2018-06-30T20:00:00.0;-0.2244279457841969
2018-06-30T21:00:00.0;-0.22905339795725244
2018-06-30T22:00:00.0;-0.2199415755182184
2018-06-30T23:00:00.0;-0.20700860366778517
2018-07-01T00:00:00.0;-0.1829152032294433
2018-07-01T01:00:00.0;-0.17523667822959324
2018-07-01T02:00:00.0;-0.16742072157037505
2018-07-01T03:00:00.0;-0.15944744158770105
2018-07-01T04:00:00.0;-0.14974919781995488
2018-07-01T05:00:00.0;-0.14157005957091753
2018-07-01T06:00:00.0;-0.13866444707014333
2018-07-01T07:00:00.0;-0.1368362578650242
2018-07-01T08:00:00.0;-0.1360317611942904
2018-07-01T09:00:00.0;-0.13278775177761892
2018-07-01T10:00:00.0;-0.1282693777732103
2018-07-01T11:00:00.0;-0.12602937272042555
2018-07-01T12:00:00.0;-0.12436604623747644
2018-07-01T13:00:00.0;-0.12777639457358375
2018-07-01T14:00:00.0;-0.13621396021797247
2018-07-01T15:00:00.0;-0.14981113007298505
2018-07-01T16:00:00.0;-0.1702402616117141
2018-07-01T17:00:00.0;-0.18634948055092135
2018-07-01T18:00:00.0;-0.19781214283788576
2018-07-01T19:00:00.0;-0.2097739337797226
2018-07-01T20:00:00.0;-0.21832244398268255
2018-07-01T21:00:00.0;-0.22293203441256454
2018-07-01T22:00:00.0;-0.21282146965233067
2018-07-01T23:00:00.0;-0.20097450938069328
2018-07-02T00:00:00.0;-0.20228494322222407
2018-07-02T01:00:00.0;-0.19275881823511523
2018-07-02T02:00:00.0;-0.18450694825863576
2018-07-02T03:00:00.0;-0.1773231054319902
2018-07-02T04:00:00.0;-0.17100832692815715
2018-07-02T05:00:00.0;-0.1689644354021918
2018-07-02T06:00:00.0;-0.17196461701945326
2018-07-02T07:00:00.0;-0.17359785500685296
2018-07-02T08:00:00.0;-0.17051557846726303
2018-07-02T09:00:00.0;-0.16455434209488207
2018-07-02T10:00:00.0;-0.15916171364901868
2018-07-02T11:00:00.0;-0.15518321236214094
2018-07-02T12:00:00.0;-0.15499015776183575
2018-07-02T13:00:00.0;-0.15551405436449414
2018-07-02T14:00:00.0;-0.16281682371495187
2018-07-02T15:00:00.0;-0.17515879693242464
2018-07-02T16:00:00.0;-0.1910208932582081
2018-07-02T17:00:00.0;-0.20269345484545373
2018-07-02T18:00:00.0;-0.21465099217830313
2018-07-02T19:00:00.0;-0.22452289102267603
2018-07-02T20:00:00.0;-0.23092722449749495
2018-07-02T21:00:00.0;-0.2355695614235348
2018-07-02T22:00:00.0;-0.22752089561261515
2018-07-02T23:00:00.0;-0.21343186940892422
2018-07-03T00:00:00.0;-0.20625836789464444
2018-07-03T01:00:00.0;-0.19635323423850473
2018-07-03T02:00:00.0;-0.18801194288979783
2018-07-03T03:00:00.0;-0.18099004178638955
2018-07-03T04:00:00.0;-0.17536933271058808
2018-07-03T05:00:00.0;-0.17458399915751893
2018-07-03T06:00:00.0;-0.1787956698328464
2018-07-03T07:00:00.0;-0.18113897002106383
2018-07-03T08:00:00.0;-0.17758943957240603
2018-07-03T09:00:00.0;-0.17107080301652203
2018-07-03T10:00:00.0;-0.165498833796392
2018-07-03T11:00:00.0;-0.16116370491244636
2018-07-03T12:00:00.0;-0.16127225552603877
2018-07-03T13:00:00.0;-0.1612040379063219
2018-07-03T14:00:00.0;-0.16827402005394898
2018-07-03T15:00:00.0;-0.18035850766293146
2018-07-03T16:00:00.0;-0.1952837421412304
2018-07-03T17:00:00.0;-0.20604618703140476
2018-07-03T18:00:00.0;-0.21810524089043457
2018-07-03T19:00:00.0;-0.22754842831039732
2018-07-03T20:00:00.0;-0.23351291464649362
2018-07-03T21:00:00.0;-0.23816196904710038
2018-07-03T22:00:00.0;-0.23053627226727233
2018-07-03T23:00:00.0;-0.2159873183570177
2018-07-04T00:00:00.0;-0.20742834603316793
2018-07-04T01:00:00.0;-0.19760431263481146
2018-07-04T02:00:00.0;-0.1893774991621575
2018-07-04T03:00:00.0;-0.18251424708911568
2018-07-04T04:00:00.0;-0.17908645173402069
2018-07-04T05:00:00.0;-0.18241687264004716
2018-07-04T06:00:00.0;-0.19067847964454118
2018-07-04T07:00:00.0;-0.19365662935649378
2018-07-04T08:00:00.0;-0.18834228830948307
2018-07-04T09:00:00.0;-0.17956989038196008
2018-07-04T10:00:00.0;-0.1738982593871322
2018-07-04T11:00:00.0;-0.16947765686566682
2018-07-04T12:00:00.0;-0.1706655475134727
2018-07-04T13:00:00.0;-0.1714428387090674
2018-07-04T14:00:00.0;-0.17826695380658691
2018-07-04T15:00:00.0;-0.1903521834722243
2018-07-04T16:00:00.0;-0.20524586461113123
2018-07-04T17:00:00.0;-0.21425634276480054
2018-07-04T18:00:00.0;-0.22460055891230923
2018-07-04T19:00:00.0;-0.23368422872804318
2018-07-04T20:00:00.0;-0.2388089681506884
2018-07-04T21:00:00.0;-0.23862113256225428
2018-07-04T22:00:00.0;-0.230168208820565
2018-07-04T23:00:00.0;-0.21505217830945095
2018-07-05T00:00:00.0;-0.2086068370266476
2018-07-05T01:00:00.0;-0.198607643208722
2018-07-05T02:00:00.0;-0.1903084564750285
2018-07-05T03:00:00.0;-0.1834571015223012
2018-07-05T04:00:00.0;-0.1795876306234397
2018-07-05T05:00:00.0;-0.18207178726340653
2018-07-05T06:00:00.0;-0.18949008902982983
2018-07-05T07:00:00.0;-0.19254019409578274
2018-07-05T08:00:00.0;-0.1876171444682718
2018-07-05T09:00:00.0;-0.1793598753145931
2018-07-05T10:00:00.0;-0.1736503104127663
2018-07-05T11:00:00.0;-0.16911757313356057
2018-07-05T12:00:00.0;-0.17007236980967472
2018-07-05T13:00:00.0;-0.1703419466726547
2018-07-05T14:00:00.0;-0.1771547604254998
2018-07-05T15:00:00.0;-0.18913869163548216
2018-07-05T16:00:00.0;-0.2036749521056578
2018-07-05T17:00:00.0;-0.21289872647935165
2018-07-05T18:00:00.0;-0.22384118983974743
2018-07-05T19:00:00.0;-0.2328736709866859
2018-07-05T20:00:00.0;-0.2380992288322031
2018-07-05T21:00:00.0;-0.23948907139180667
2018-07-05T22:00:00.0;-0.23147152348246944
2018-07-05T23:00:00.0;-0.21635964033336183
2018-07-06T00:00:00.0;-0.20639797197058818
2018-07-06T01:00:00.0;-0.19669371562502935
2018-07-06T02:00:00.0;-0.18856738911933446
2018-07-06T03:00:00.0;-0.1816938763722335
2018-07-06T04:00:00.0;-0.17826436990409764
2018-07-06T05:00:00.0;-0.18168274739670676
2018-07-06T06:00:00.0;-0.19032128755801092
2018-07-06T07:00:00.0;-0.19363997877940559
2018-07-06T08:00:00.0;-0.18841869042742113
2018-07-06T09:00:00.0;-0.17952787346711283
2018-07-06T10:00:00.0;-0.1737029332794661
2018-07-06T11:00:00.0;-0.16933191225001124
2018-07-06T12:00:00.0;-0.17046912465084568
2018-07-06T13:00:00.0;-0.17179868055418496
2018-07-06T14:00:00.0;-0.17870413376470273
2018-07-06T15:00:00.0;-0.1907943583875695
2018-07-06T16:00:00.0;-0.20605311261983197
2018-07-06T17:00:00.0;-0.21556733878909087
2018-07-06T18:00:00.0;-0.22548626401992464
2018-07-06T19:00:00.0;-0.23457038323241908
2018-07-06T20:00:00.0;-0.23952350525662505
2018-07-06T21:00:00.0;-0.23829256366307094
2018-07-06T22:00:00.0;-0.22938274098955813
2018-07-06T23:00:00.0;-0.21446756579699422
2018-07-07T00:00:00.0;-0.20496780974980952
2018-07-07T01:00:00.0;-0.19518577713750637
2018-07-07T02:00:00.0;-0.18687352962120213
2018-07-07T03:00:00.0;-0.1797990302613419
2018-07-07T04:00:00.0;-0.1739528892150681
2018-07-07T05:00:00.0;-0.172758779259632
2018-07-07T06:00:00.0;-0.1765769613954339
2018-07-07T07:00:00.0;-0.1786896352015872
2018-07-07T08:00:00.0;-0.17529186762444904
2018-07-07T09:00:00.0;-0.1689542732188656
2018-07-07T10:00:00.0;-0.16344055342234676
2018-07-07T11:00:00.0;-0.15922125626745426
2018-07-07T12:00:00.0;-0.1592318462809573
2018-07-07T13:00:00.0;-0.15935594584235196
2018-07-07T14:00:00.0;-0.16650153667653894
2018-07-07T15:00:00.0;-0.17866965495090725
2018-07-07T16:00:00.0;-0.19389917975494167
2018-07-07T17:00:00.0;-0.20495722821457796
2018-07-07T18:00:00.0;-0.2169833097662159
2018-07-07T19:00:00.0;-0.2265657415575132
2018-07-07T20:00:00.0;-0.23267308911639822
2018-07-07T21:00:00.0;-0.23731996169849076
2018-07-07T22:00:00.0;-0.22955688566195323
2018-07-07T23:00:00.0;-0.21515731509143096
2018-07-08T00:00:00.0;-0.20475615239848582
2018-07-08T01:00:00.0;-0.1949943089120953
2018-07-08T02:00:00.0;-0.18668682471518372
2018-07-08T03:00:00.0;-0.17960369900424475
2018-07-08T04:00:00.0;-0.17372058609896188
2018-07-08T05:00:00.0;-0.1724594349714911
2018-07-08T06:00:00.0;-0.1762130832136552
2018-07-08T07:00:00.0;-0.17828793325389106
2018-07-08T08:00:00.0;-0.17491505547156275
2018-07-08T09:00:00.0;-0.16860715279444885
2018-07-08T10:00:00.0;-0.16310298616588836
2018-07-08T11:00:00.0;-0.15890268593652668
2018-07-08T12:00:00.0;-0.15889720997018064
2018-07-08T13:00:00.0;-0.1590528504159059
2018-07-08T14:00:00.0;-0.16621084141539993
2018-07-08T15:00:00.0;-0.17839267549575175
2018-07-08T16:00:00.0;-0.19367210528441345
2018-07-08T17:00:00.0;-0.2047786340615035
2018-07-08T18:00:00.0;-0.2167993080061479
2018-07-08T19:00:00.0;-0.22640457650181325
2018-07-08T20:00:00.0;-0.23253535394500324
2018-07-08T21:00:00.0;-0.23718186869902766
2018-07-08T22:00:00.0;-0.22939626184532524
2018-07-08T23:00:00.0;-0.21502119081567694
2018-07-09T00:00:00.0;-0.19964836571755493
2018-07-09T01:00:00.0;-0.19039975540593818
2018-07-09T02:00:00.0;-0.18244823182382366
2018-07-09T03:00:00.0;-0.17528639732861262
2018-07-09T04:00:00.0;-0.17001875376147488
2018-07-09T05:00:00.0;-0.16985481081545115
2018-07-09T06:00:00.0;-0.17379687653087317
2018-07-09T07:00:00.0;-0.1782101529630846
2018-07-09T08:00:00.0;-0.17673471018539322
2018-07-09T09:00:00.0;-0.17181269161491838
2018-07-09T10:00:00.0;-0.1680721034191993
2018-07-09T11:00:00.0;-0.16657891470106648
2018-07-09T12:00:00.0;-0.16819711261057807
2018-07-09T13:00:00.0;-0.17183579801304708
2018-07-09T14:00:00.0;-0.17732805404098845
2018-07-09T15:00:00.0;-0.1870488121510113
2018-07-09T16:00:00.0;-0.2039860398813298
2018-07-09T17:00:00.0;-0.2186081306635159
2018-07-09T18:00:00.0;-0.228662608653117
2018-07-09T19:00:00.0;-0.23848569704004668
2018-07-09T20:00:00.0;-0.23939422567196372
2018-07-09T21:00:00.0;-0.23401859223615415
2018-07-09T22:00:00.0;-0.22289576135506015
2018-07-09T23:00:00.0;-0.21030620895551436
2018-07-10T00:00:00.0;-0.2083308030443548
2018-07-10T01:00:00.0;-0.19850724481917575
2018-07-10T02:00:00.0;-0.18980843599097993
2018-07-10T03:00:00.0;-0.1822377863727318
2018-07-10T04:00:00.0;-0.17666633230162765
2018-07-10T05:00:00.0;-0.17668304592342607
2018-07-10T06:00:00.0;-0.18353736983271532
2018-07-10T07:00:00.0;-0.18975637481252652
2018-07-10T08:00:00.0;-0.18844249446388317
2018-07-10T09:00:00.0;-0.18199693521627744
2018-07-10T10:00:00.0;-0.17547164306173768
2018-07-10T11:00:00.0;-0.17065400434850675
2018-07-10T12:00:00.0;-0.16965043193134882
2018-07-10T13:00:00.0;-0.17062324636769385
2018-07-10T14:00:00.0;-0.17689357749915782
2018-07-10T15:00:00.0;-0.18797643058392235
2018-07-10T16:00:00.0;-0.20407871794594026
2018-07-10T17:00:00.0;-0.21771447617327225
2018-07-10T18:00:00.0;-0.2270753844145225
2018-07-10T19:00:00.0;-0.23522573454054865
2018-07-10T20:00:00.0;-0.23967008180188612
2018-07-10T21:00:00.0;-0.23979936387577117
2018-07-10T22:00:00.0;-0.23125314776386444
2018-07-10T23:00:00.0;-0.21806706321565764
2018-07-11T00:00:00.0;-0.20412451097913906
2018-07-11T01:00:00.0;-0.1946040017767606
2018-07-11T02:00:00.0;-0.1865143160420754
2018-07-11T03:00:00.0;-0.1795465534852445
2018-07-11T04:00:00.0;-0.17582208399721444
2018-07-11T05:00:00.0;-0.1785935053233256
2018-07-11T06:00:00.0;-0.18602591341941888
2018-07-11T07:00:00.0;-0.18941585812566553
2018-07-11T08:00:00.0;-0.18507666786859633
2018-07-11T09:00:00.0;-0.17720105314779175
2018-07-11T10:00:00.0;-0.17217955108755253
2018-07-11T11:00:00.0;-0.16877963577730737
2018-07-11T12:00:00.0;-0.17026369561189506
2018-07-11T13:00:00.0;-0.17230419296244376
2018-07-11T14:00:00.0;-0.1787057048024247
2018-07-11T15:00:00.0;-0.1900962250421326
2018-07-11T16:00:00.0;-0.2058892853699004
2018-07-11T17:00:00.0;-0.21656502566954644
2018-07-11T18:00:00.0;-0.22641479893513233
2018-07-11T19:00:00.0;-0.23577212831512304
2018-07-11T20:00:00.0;-0.23946938627208836
2018-07-11T21:00:00.0;-0.23654936174178676
2018-07-11T22:00:00.0;-0.22694339870377245
2018-07-11T23:00:00.0;-0.21263931098483446
2018-07-12T00:00:00.0;-0.20613740750332377
2018-07-12T01:00:00.0;-0.19624381176238304
2018-07-12T02:00:00.0;-0.18790524261053873
2018-07-12T03:00:00.0;-0.1808784116202372
2018-07-12T04:00:00.0;-0.17523657343880522
2018-07-12T05:00:00.0;-0.1744129264212937
2018-07-12T06:00:00.0;-0.17858771652063804
2018-07-12T07:00:00.0;-0.1809094007456112
2018-07-12T08:00:00.0;-0.1773740946047852
2018-07-12T09:00:00.0;-0.17087242662132357
2018-07-12T10:00:00.0;-0.16530591695611743
2018-07-12T11:00:00.0;-0.16098164465490672
2018-07-12T12:00:00.0;-0.1610810136965039
2018-07-12T13:00:00.0;-0.16103082142618955
2018-07-12T14:00:00.0;-0.16810789016371583
2018-07-12T15:00:00.0;-0.18020021624014898
2018-07-12T16:00:00.0;-0.19515397099630086
2018-07-12T17:00:00.0;-0.20594412197905307
2018-07-12T18:00:00.0;-0.21800008543628982
2018-07-12T19:00:00.0;-0.2274563238402111
2018-07-12T20:00:00.0;-0.2334342001575975
2018-07-12T21:00:00.0;-0.23808305006248096
2018-07-12T22:00:00.0;-0.23044447711065133
2018-07-12T23:00:00.0;-0.21590952448139528
2018-07-13T00:00:00.0;-0.20987595156053837
2018-07-13T01:00:00.0;-0.19963948913836357
2018-07-13T02:00:00.0;-0.19122682287292395
2018-07-13T03:00:00.0;-0.184360271543912
2018-07-13T04:00:00.0;-0.17951323901972846
2018-07-13T05:00:00.0;-0.1801407487579056
2018-07-13T06:00:00.0;-0.18571870491034584
2018-07-13T07:00:00.0;-0.18873883101981245
2018-07-13T08:00:00.0;-0.18464788556140535
2018-07-13T09:00:00.0;-0.1774727954750629
2018-07-13T10:00:00.0;-0.1717342060810537
2018-07-13T11:00:00.0;-0.1670757801803569
2018-07-13T12:00:00.0;-0.16752954138717813
2018-07-13T13:00:00.0;-0.16699494279774932
2018-07-13T14:00:00.0;-0.17384034360353154
2018-07-13T15:00:00.0;-0.18569586272607877
2018-07-13T16:00:00.0;-0.19978555301458434
2018-07-13T17:00:00.0;-0.20961359283633685
2018-07-13T18:00:00.0;-0.22164068894760597
2018-07-13T19:00:00.0;-0.23067692738265988
2018-07-13T20:00:00.0;-0.23619032416460672
2018-07-13T21:00:00.0;-0.24050052827841825
2018-07-13T22:00:00.0;-0.2331920690691197
2018-07-13T23:00:00.0;-0.21819360373159374
2018-07-14T00:00:00.0;-0.20439488147091994
2018-07-14T01:00:00.0;-0.1946674981353325
2018-07-14T02:00:00.0;-0.18636814429063644
2018-07-14T03:00:00.0;-0.1792702945465551
2018-07-14T04:00:00.0;-0.1733240755988196
2018-07-14T05:00:00.0;-0.17194849411372318
2018-07-14T06:00:00.0;-0.1755919915887716
2018-07-14T07:00:00.0;-0.17760228149484927
2018-07-14T08:00:00.0;-0.17427188727948256
2018-07-14T09:00:00.0;-0.1680146644309602
2018-07-14T10:00:00.0;-0.1625268037885983
2018-07-14T11:00:00.0;-0.15835892878266733
2018-07-14T12:00:00.0;-0.15832603032706666
2018-07-14T13:00:00.0;-0.15853550686431953
2018-07-14T14:00:00.0;-0.1657146632955571
2018-07-14T15:00:00.0;-0.1779199084311781
2018-07-14T16:00:00.0;-0.1932845193863512
2018-07-14T17:00:00.0;-0.20447379761270762
2018-07-14T18:00:00.0;-0.21648524149195503
2018-07-14T19:00:00.0;-0.22612948920245984
2018-07-14T20:00:00.0;-0.23230025833969062
2018-07-14T21:00:00.0;-0.2369461623288289
2018-07-14T22:00:00.0;-0.22912209836902986
2018-07-14T23:00:00.0;-0.21478884479481664
2018-07-15T00:00:00.0;-0.19985100075510712
2018-07-15T01:00:00.0;-0.1905570395488704
2018-07-15T02:00:00.0;-0.18235994511069237
2018-07-15T03:00:00.0;-0.17507690401809728
2018-07-15T04:00:00.0;-0.1683369695857426
2018-07-15T05:00:00.0;-0.16552214166356902
2018-07-15T06:00:00.0;-0.16778021919934596
2018-07-15T07:00:00.0;-0.16897850479998958
2018-07-15T08:00:00.0;-0.16618244713352953
2018-07-15T09:00:00.0;-0.16056264921529206
2018-07-15T10:00:00.0;-0.15527987691684808
2018-07-15T11:00:00.0;-0.15151982976588846
2018-07-15T12:00:00.0;-0.15114202528382395
2018-07-15T13:00:00.0;-0.1520286246102124
2018-07-15T14:00:00.0;-0.15947398900285217
2018-07-15T15:00:00.0;-0.17197368640257155
2018-07-15T16:00:00.0;-0.18840966244784266
2018-07-15T17:00:00.0;-0.2006397208701006
2018-07-15T18:00:00.0;-0.21253507371361022
2018-07-15T19:00:00.0;-0.22266958202664947
2018-07-15T20:00:00.0;-0.22934334621130606
2018-07-15T21:00:00.0;-0.23398156831248623
2018-07-15T22:00:00.0;-0.22567381056654265
2018-07-15T23:00:00.0;-0.21186651553157856
2018-07-16T00:00:00.0;-0.2085699762566922
2018-07-16T01:00:00.0;-0.19850460452740815
2018-07-16T02:00:00.0;-0.19015532112453906
2018-07-16T03:00:00.0;-0.18326233097169425
2018-07-16T04:00:00.0;-0.17866722219098233
2018-07-16T05:00:00.0;-0.17978518313601233
2018-07-16T06:00:00.0;-0.1858565178015531
2018-07-16T07:00:00.0;-0.18874604661506686
2018-07-16T08:00:00.0;-0.18441585277171027
2018-07-16T09:00:00.0;-0.17691951498621147
2018-07-16T10:00:00.0;-0.17122855980374235
2018-07-16T11:00:00.0;-0.16669206541614384
2018-07-16T12:00:00.0;-0.1672858172692739
2018-07-16T13:00:00.0;-0.16719203411112668
2018-07-16T14:00:00.0;-0.17407113988161432
2018-07-16T15:00:00.0;-0.18602977059478032
2018-07-16T16:00:00.0;-0.20048636359700187
2018-07-16T17:00:00.0;-0.21025529447180422
2018-07-16T18:00:00.0;-0.22182783432560324
2018-07-16T19:00:00.0;-0.23094866434543598
2018-07-16T20:00:00.0;-0.23643517355798976
2018-07-16T21:00:00.0;-0.23957503268142877
2018-07-16T22:00:00.0;-0.2318977888957977
2018-07-16T23:00:00.0;-0.21694628794810664
2018-07-17T00:00:00.0;-0.2098323310950574
2018-07-17T01:00:00.0;-0.1995783388091149
2018-07-17T02:00:00.0;-0.19131743938326584
2018-07-17T03:00:00.0;-0.1844889869743709
2018-07-17T04:00:00.0;-0.17929272869012444
2018-07-17T05:00:00.0;-0.17947560957815464
2018-07-17T06:00:00.0;-0.18537976615658322
2018-07-17T07:00:00.0;-0.18963515318124008
2018-07-17T08:00:00.0;-0.18614748333784134
2018-07-17T09:00:00.0;-0.17913288123702611
2018-07-17T10:00:00.0;-0.1728750875197401
2018-07-17T11:00:00.0;-0.16809642522833243
2018-07-17T12:00:00.0;-0.16821095836241284
2018-07-17T13:00:00.0;-0.16833901352524472
2018-07-17T14:00:00.0;-0.175317179565098
2018-07-17T15:00:00.0;-0.18697667606059779
2018-07-17T16:00:00.0;-0.20130584119982603
2018-07-17T17:00:00.0;-0.21248308003335684
2018-07-17T18:00:00.0;-0.22415257703489552
2018-07-17T19:00:00.0;-0.23299062554599748
2018-07-17T20:00:00.0;-0.2380302413019407
2018-07-17T21:00:00.0;-0.24152791207146587
2018-07-17T22:00:00.0;-0.23366978534867938
2018-07-17T23:00:00.0;-0.2190759463579006
2018-07-18T00:00:00.0;-0.2082718693861402
2018-07-18T01:00:00.0;-0.1983212239679721
2018-07-18T02:00:00.0;-0.19004170342585516
2018-07-18T03:00:00.0;-0.18318625388491894
2018-07-18T04:00:00.0;-0.179429544762585
2018-07-18T05:00:00.0;-0.18213017381742028
2018-07-18T06:00:00.0;-0.18976444080678445
2018-07-18T07:00:00.0;-0.19279135785318394
2018-07-18T08:00:00.0;-0.18776754566943163
2018-07-18T09:00:00.0;-0.17937728637101383
2018-07-18T10:00:00.0;-0.1736788046590142
2018-07-18T11:00:00.0;-0.16917781440331767
2018-07-18T12:00:00.0;-0.17019249963309194
2018-07-18T13:00:00.0;-0.17059983316193475
2018-07-18T14:00:00.0;-0.17741699854992038
2018-07-18T15:00:00.0;-0.18942923032531167
2018-07-18T16:00:00.0;-0.2040655122174327
2018-07-18T17:00:00.0;-0.2132381959513556
2018-07-18T18:00:00.0;-0.22402182782786229
2018-07-18T19:00:00.0;-0.2330703575380838
2018-07-18T20:00:00.0;-0.23827182300013047
2018-07-18T21:00:00.0;-0.23924432784306485
2018-07-18T22:00:00.0;-0.23110914685711054
2018-07-18T23:00:00.0;-0.21599885849887882
2018-07-19T00:00:00.0;-0.20855417822392508
2018-07-19T01:00:00.0;-0.19854377869841255
2018-07-19T02:00:00.0;-0.19023391859099087
2018-07-19T03:00:00.0;-0.18337107229716812
2018-07-19T04:00:00.0;-0.17932493355145376
2018-07-19T05:00:00.0;-0.18147700325279756
2018-07-19T06:00:00.0;-0.18856821768188675
2018-07-19T07:00:00.0;-0.19157305524541315
2018-07-19T08:00:00.0;-0.18679323844285164
2018-07-19T09:00:00.0;-0.17871933940499612
2018-07-19T10:00:00.0;-0.17301609723342826
2018-07-19T11:00:00.0;-0.16848644101402083
2018-07-19T12:00:00.0;-0.16935382081072475
2018-07-19T13:00:00.0;-0.16954535535000867
2018-07-19T14:00:00.0;-0.1763761877809516
2018-07-19T15:00:00.0;-0.18835708381147884
2018-07-19T16:00:00.0;-0.20288518549182186
2018-07-19T17:00:00.0;-0.2122459981418424
2018-07-19T18:00:00.0;-0.2233340522397783
2018-07-19T19:00:00.0;-0.23239186143322124
2018-07-19T20:00:00.0;-0.2376830623006562
2018-07-19T21:00:00.0;-0.23948033144399605
2018-07-19T22:00:00.0;-0.2315373334224128
2018-07-19T23:00:00.0;-0.21646789795070326
2018-07-20T00:00:00.0;-0.20627497012205984
2018-07-20T01:00:00.0;-0.19653235330626903
2018-07-20T02:00:00.0;-0.18831059859561264
2018-07-20T03:00:00.0;-0.18138387057863956
2018-07-20T04:00:00.0;-0.17745947934001458
2018-07-20T05:00:00.0;-0.17986874195040836
2018-07-20T06:00:00.0;-0.18723056483010625
2018-07-20T07:00:00.0;-0.18993941287591487
2018-07-20T08:00:00.0;-0.1850022051082637
2018-07-20T09:00:00.0;-0.17670173485378646
2018-07-20T10:00:00.0;-0.17108911542413105
2018-07-20T11:00:00.0;-0.16676913273468003
2018-07-20T12:00:00.0;-0.1677224674521419
2018-07-20T13:00:00.0;-0.16852027263985012
2018-07-20T14:00:00.0;-0.17543827651876956
2018-07-20T15:00:00.0;-0.18758688480909422
2018-07-20T16:00:00.0;-0.20271625283780184
2018-07-20T17:00:00.0;-0.21221115565784776
2018-07-20T18:00:00.0;-0.2227848455436962
2018-07-20T19:00:00.0;-0.23202758084286582
2018-07-20T20:00:00.0;-0.23738540396435018
2018-07-20T21:00:00.0;-0.23791377127144236
2018-07-20T22:00:00.0;-0.2294793267433535
2018-07-20T23:00:00.0;-0.21456086331271468
2018-07-21T00:00:00.0;-0.19757610666932732
2018-07-21T01:00:00.0;-0.18849650698280507
2018-07-21T02:00:00.0;-0.1803462677190305
2018-07-21T03:00:00.0;-0.17296936444549704
2018-07-21T04:00:00.0;-0.16584186268362294
2018-07-21T05:00:00.0;-0.1623115670996147
2018-07-21T06:00:00.0;-0.16382072686384128
2018-07-21T07:00:00.0;-0.16462514752765764
2018-07-21T08:00:00.0;-0.16213713563895701
2018-07-21T09:00:00.0;-0.15689291754633233
2018-07-21T10:00:00.0;-0.15177768099216868
2018-07-21T11:00:00.0;-0.14828413103072757
2018-07-21T12:00:00.0;-0.14777834019153613
2018-07-21T13:00:00.0;-0.14901814328068386
2018-07-21T14:00:00.0;-0.156544885882167
2018-07-21T15:00:00.0;-0.16912935406063312
2018-07-21T16:00:00.0;-0.18609663038538996
2018-07-21T17:00:00.0;-0.19887586476395216
2018-07-21T18:00:00.0;-0.210723139941528
2018-07-21T19:00:00.0;-0.22110969685762907
2018-07-21T20:00:00.0;-0.22792816114195116
2018-07-21T21:00:00.0;-0.2324576160783698
2018-07-21T22:00:00.0;-0.2238848046104752
2018-07-21T23:00:00.0;-0.21036145199166106
2018-07-22T00:00:00.0;-0.2007740214244996
2018-07-22T01:00:00.0;-0.19139201706550787
2018-07-22T02:00:00.0;-0.18317415017493527
2018-07-22T03:00:00.0;-0.1759287279049197
2018-07-22T04:00:00.0;-0.16935002477323954
2018-07-22T05:00:00.0;-0.1668275580050788
2018-07-22T06:00:00.0;-0.1693670626556314
2018-07-22T07:00:00.0;-0.17073029465439304
2018-07-22T08:00:00.0;-0.1678256945965502
2018-07-22T09:00:00.0;-0.16207641344082552
2018-07-22T10:00:00.0;-0.1567519805460043
2018-07-22T11:00:00.0;-0.15290908933217517
2018-07-22T12:00:00.0;-0.15260134729482147
2018-07-22T13:00:00.0;-0.1533503993638812
2018-07-22T14:00:00.0;-0.16074168763390712
2018-07-22T15:00:00.0;-0.17318157150793986
2018-07-22T16:00:00.0;-0.18939991593291236
2018-07-22T17:00:00.0;-0.2014185555937208
2018-07-22T18:00:00.0;-0.21333749057598336
2018-07-22T19:00:00.0;-0.22337240985976986
2018-07-22T20:00:00.0;-0.22994399820522354
2018-07-22T21:00:00.0;-0.23458378076580147
2018-07-22T22:00:00.0;-0.22637427809964342
2018-07-22T23:00:00.0;-0.21246014253929296
2018-07-23T00:00:00.0;-0.20844976858257244
2018-07-23T01:00:00.0;-0.19847392002118044
2018-07-23T02:00:00.0;-0.19018437914440653
2018-07-23T03:00:00.0;-0.1833314385519186
2018-07-23T04:00:00.0;-0.17952083385638767
2018-07-23T05:00:00.0;-0.18211777999774384
2018-07-23T06:00:00.0;-0.18964847688840403
2018-07-23T07:00:00.0;-0.19268899179579124
2018-07-23T08:00:00.0;-0.18771379112531023
2018-07-23T09:00:00.0;-0.17938786597387363
2018-07-23T10:00:00.0;-0.17368335687627695
2018-07-23T11:00:00.0;-0.16916556483808068
2018-07-23T12:00:00.0;-0.1701514281134811
2018-07-23T13:00:00.0;-0.17048867278274868
2018-07-23T14:00:00.0;-0.17730299277079944
2018-07-23T15:00:00.0;-0.18930042496713215
2018-07-23T16:00:00.0;-0.20388432221062938
2018-07-23T17:00:00.0;-0.21307966861534278
2018-07-23T18:00:00.0;-0.223942398011355
2018-07-23T19:00:00.0;-0.2329817015477784
2018-07-23T20:00:00.0;-0.23819382238537423
2018-07-23T21:00:00.0;-0.23937339311996203
2018-07-23T22:00:00.0;-0.23129781862836513
2018-07-23T23:00:00.0;-0.21618538272178972
2018-07-24T00:00:00.0;-0.21027821128735202
2018-07-24T01:00:00.0;-0.2000305992648057
2018-07-24T02:00:00.0;-0.19162877041816098
2018-07-24T03:00:00.0;-0.18479428834845119
2018-07-24T04:00:00.0;-0.1802984188266741
2018-07-24T05:00:00.0;-0.18158237595737728
2018-07-24T06:00:00.0;-0.18780467480428145
2018-07-24T07:00:00.0;-0.19095682929382893
2018-07-24T08:00:00.0;-0.18658872188531225
2018-07-24T09:00:00.0;-0.1790620251147194
2018-07-24T10:00:00.0;-0.17329866111207917
2018-07-24T11:00:00.0;-0.16860689067194604
2018-07-24T12:00:00.0;-0.16923110589536644
2018-07-24T13:00:00.0;-0.16878062577698807
2018-07-24T14:00:00.0;-0.1755774115952077
2018-07-24T15:00:00.0;-0.1874176780403615
2018-07-24T16:00:00.0;-0.2014470328920246
2018-07-24T17:00:00.0;-0.21097331090301982
2018-07-24T18:00:00.0;-0.22276422792041417
2018-07-24T19:00:00.0;-0.23172411163221074
2018-07-24T20:00:00.0;-0.23709265344444921
2018-07-24T21:00:00.0;-0.2407200104720423
2018-07-24T22:00:00.0;-0.23331992672997667
2018-07-24T23:00:00.0;-0.21821392550457125
2018-07-25T00:00:00.0;-0.21011227084478482
2018-07-25T01:00:00.0;-0.19988932273371882
2018-07-25T02:00:00.0;-0.19149768458944974
2018-07-25T03:00:00.0;-0.1846615273152444
2018-07-25T04:00:00.0;-0.18022784904958147
2018-07-25T05:00:00.0;-0.18163096658763245
2018-07-25T06:00:00.0;-0.18797200918837007
2018-07-25T07:00:00.0;-0.19111403182001288
2018-07-25T08:00:00.0;-0.18669082762103806
2018-07-25T09:00:00.0;-0.17909159682414905
2018-07-25T10:00:00.0;-0.17333357420243625
2018-07-25T11:00:00.0;-0.16865759318405477
2018-07-25T12:00:00.0;-0.16931462980113562
2018-07-25T13:00:00.0;-0.168935639699667
2018-07-25T14:00:00.0;-0.17573401683266734
2018-07-25T15:00:00.0;-0.18758854686630486
2018-07-25T16:00:00.0;-0.20166822925061784
2018-07-25T17:00:00.0;-0.2111644735410801
2018-07-25T18:00:00.0;-0.22287115282749445
2018-07-25T19:00:00.0;-0.23183824429089991
2018-07-25T20:00:00.0;-0.2371925901069001
2018-07-25T21:00:00.0;-0.24059779812227125
2018-07-25T22:00:00.0;-0.23313641017109135
2018-07-25T23:00:00.0;-0.2180298249657568
2018-07-26T00:00:00.0;-0.21115568038027321
2018-07-26T01:00:00.0;-0.20077773550546538
2018-07-26T02:00:00.0;-0.1924410239262461
2018-07-26T03:00:00.0;-0.1856528286346047
2018-07-26T04:00:00.0;-0.18074492819460372
2018-07-26T05:00:00.0;-0.1813938589093664
2018-07-26T06:00:00.0;-0.18752897289764775
2018-07-26T07:00:00.0;-0.19165637511639805
2018-07-26T08:00:00.0;-0.18787508983872764
2018-07-26T09:00:00.0;-0.18067330076397262
2018-07-26T10:00:00.0;-0.1745059020928818
2018-07-26T11:00:00.0;-0.16964360056748481
2018-07-26T12:00:00.0;-0.16993451700036738
2018-07-26T13:00:00.0;-0.16965675665078359
2018-07-26T14:00:00.0;-0.1765237429115522
2018-07-26T15:00:00.0;-0.18815283565295943
2018-07-26T16:00:00.0;-0.20209939595415227
2018-07-26T17:00:00.0;-0.21262049681801037
2018-07-26T18:00:00.0;-0.22446143623336018
2018-07-26T19:00:00.0;-0.23321953474736146
2018-07-26T20:00:00.0;-0.2382641374911327
2018-07-26T21:00:00.0;-0.2420953200878342
2018-07-26T22:00:00.0;-0.23455347870493853
2018-07-26T23:00:00.0;-0.21970090274363885
2018-07-27T00:00:00.0;-0.20948607062283858
2018-07-27T01:00:00.0;-0.19924660492800067
2018-07-27T02:00:00.0;-0.1913676383559533
2018-07-27T03:00:00.0;-0.18463624671268908
2018-07-27T04:00:00.0;-0.17891459226549664
2018-07-27T05:00:00.0;-0.1786066938373829
2018-07-27T06:00:00.0;-0.185807613430433
2018-07-27T07:00:00.0;-0.1929635873233688
2018-07-27T08:00:00.0;-0.190638288018203
2018-07-27T09:00:00.0;-0.18368481649088284
2018-07-27T10:00:00.0;-0.17622242126912527
2018-07-27T11:00:00.0;-0.17118925054124687
2018-07-27T12:00:00.0;-0.1706603025829566
2018-07-27T13:00:00.0;-0.17253557913645473
2018-07-27T14:00:00.0;-0.17980754236763408
2018-07-27T15:00:00.0;-0.19103957079339473
2018-07-27T16:00:00.0;-0.20602408463644484
2018-07-27T17:00:00.0;-0.22015005270363353
2018-07-27T18:00:00.0;-0.23069201100991513
2018-07-27T19:00:00.0;-0.23905671017406097
2018-07-27T20:00:00.0;-0.24290342379734794
2018-07-27T21:00:00.0;-0.24370786961269209
2018-07-27T22:00:00.0;-0.23438708549454368
2018-07-27T23:00:00.0;-0.22069131480759654
2018-07-28T00:00:00.0;-0.1893923637855369
2018-07-28T01:00:00.0;-0.1811951222975013
2018-07-28T02:00:00.0;-0.17325676737209497
2018-07-28T03:00:00.0;-0.16553586318567207
2018-07-28T04:00:00.0;-0.1579286707268042
2018-07-28T05:00:00.0;-0.1535818466352994
2018-07-28T06:00:00.0;-0.15419439072648383
2018-07-28T07:00:00.0;-0.15404395544293292
2018-07-28T08:00:00.0;-0.1521338512362816
2018-07-28T09:00:00.0;-0.14733688383238097
2018-07-28T10:00:00.0;-0.1428507897662714
2018-07-28T11:00:00.0;-0.14037323585698522
2018-07-28T12:00:00.0;-0.1398114970727569
2018-07-28T13:00:00.0;-0.14293225893876418
2018-07-28T14:00:00.0;-0.15058301610857383
2018-07-28T15:00:00.0;-0.1634275461131017
2018-07-28T16:00:00.0;-0.18254819222348828
2018-07-28T17:00:00.0;-0.1969789536503597
2018-07-28T18:00:00.0;-0.20770416120363738
2018-07-28T19:00:00.0;-0.2188504669029158
2018-07-28T20:00:00.0;-0.22558552084451522
2018-07-28T21:00:00.0;-0.22701089006707492
2018-07-28T22:00:00.0;-0.21687506245246868
2018-07-28T23:00:00.0;-0.20422104006399242
2018-07-29T00:00:00.0;-0.18664890190858657
2018-07-29T01:00:00.0;-0.17862790942775297
2018-07-29T02:00:00.0;-0.17079070288079473
2018-07-29T03:00:00.0;-0.16302798999274234
2018-07-29T04:00:00.0;-0.1543536330562013
2018-07-29T05:00:00.0;-0.1480199817706593
2018-07-29T06:00:00.0;-0.14630654192889797
2018-07-29T07:00:00.0;-0.14528545362010378
2018-07-29T08:00:00.0;-0.14422885086042272
2018-07-29T09:00:00.0;-0.1406419566089476
2018-07-29T10:00:00.0;-0.13636295713519683
2018-07-29T11:00:00.0;-0.134372772499356
2018-07-29T12:00:00.0;-0.1335561072874711
2018-07-29T13:00:00.0;-0.1368044826876567
2018-07-29T14:00:00.0;-0.1444573917611675
2018-07-29T15:00:00.0;-0.15719539408421662
2018-07-29T16:00:00.0;-0.17687421488522798
2018-07-29T17:00:00.0;-0.19239967448117828
2018-07-29T18:00:00.0;-0.20448259139684818
2018-07-29T19:00:00.0;-0.21593321888982134
2018-07-29T20:00:00.0;-0.22234522501271448
2018-07-29T21:00:00.0;-0.2250569598444176
2018-07-29T22:00:00.0;-0.21491590230189
2018-07-29T23:00:00.0;-0.20283251832301186
2018-07-30T00:00:00.0;-0.2023582403496543
2018-07-30T01:00:00.0;-0.19308039779555164
2018-07-30T02:00:00.0;-0.18501341015938863
2018-07-30T03:00:00.0;-0.17797955289239245
2018-07-30T04:00:00.0;-0.1743118509815033
2018-07-30T05:00:00.0;-0.17725249514565714
2018-07-30T06:00:00.0;-0.18516751329200462
2018-07-30T07:00:00.0;-0.18737787906575934
2018-07-30T08:00:00.0;-0.18213135553385337
2018-07-30T09:00:00.0;-0.17339164727089496
2018-07-30T10:00:00.0;-0.1679336409430399
2018-07-30T11:00:00.0;-0.16397444035480974
2018-07-30T12:00:00.0;-0.16509913145483668
2018-07-30T13:00:00.0;-0.16696313526361262
2018-07-30T14:00:00.0;-0.17402670676923268
2018-07-30T15:00:00.0;-0.18646534963582365
2018-07-30T16:00:00.0;-0.20263380245400398
2018-07-30T17:00:00.0;-0.212323707996823
2018-07-30T18:00:00.0;-0.22197183255097128
2018-07-30T19:00:00.0;-0.2315267871212966
2018-07-30T20:00:00.0;-0.2369821431084373
2018-07-30T21:00:00.0;-0.23521443773647616
2018-07-30T22:00:00.0;-0.22591274075808562
2018-07-30T23:00:00.0;-0.2112434123968837
2018-07-31T00:00:00.0;-0.21104744467485154
2018-07-31T01:00:00.0;-0.20068550064328142
2018-07-31T02:00:00.0;-0.19223643178456884
2018-07-31T03:00:00.0;-0.1854097152915259
2018-07-31T04:00:00.0;-0.18062555203090225
2018-07-31T05:00:00.0;-0.1813571292692664
2018-07-31T06:00:00.0;-0.187028979662541
2018-07-31T07:00:00.0;-0.1902281013847722
2018-07-31T08:00:00.0;-0.18611540061558207
2018-07-31T09:00:00.0;-0.17892494252130928
2018-07-31T10:00:00.0;-0.17313681801736416
2018-07-31T11:00:00.0;-0.1683718541459445
2018-07-31T12:00:00.0;-0.1688439225422426
2018-07-31T13:00:00.0;-0.16806204335665023
2018-07-31T14:00:00.0;-0.1748514524773004
2018-07-31T15:00:00.0;-0.18662559864268705
2018-07-31T16:00:00.0;-0.20042165522283878
2018-07-31T17:00:00.0;-0.21008715752555798
2018-07-31T18:00:00.0;-0.22226856690367247
2018-07-31T19:00:00.0;-0.23119503836767333
2018-07-31T20:00:00.0;-0.23662938712911827
2018-07-31T21:00:00.0;-0.24128653794632332
2018-07-31T22:00:00.0;-0.23417063594871612
2018-07-31T23:00:00.0;-0.2190673418202194
2018-08-01T00:00:00.0;-0.2098087866501833
2018-08-01T01:00:00.0;-0.1996309457305622
2018-08-01T02:00:00.0;-0.1912579450989757
2018-08-01T03:00:00.0;-0.1844187240864841
2018-08-01T04:00:00.0;-0.18009878580476404
2018-08-01T05:00:00.0;-0.18171983273780073
2018-08-01T06:00:00.0;-0.18827804272666027
2018-08-01T07:00:00.0;-0.1914015354647554
2018-08-01T08:00:00.0;-0.18687756616705825
2018-08-01T09:00:00.0;-0.17914567976065573
2018-08-01T10:00:00.0;-0.17339742585272805
2018-08-01T11:00:00.0;-0.16875032170046433
2018-08-01T12:00:00.0;-0.16946738451770857
2018-08-01T13:00:00.0;-0.16921914066391913
2018-08-01T14:00:00.0;-0.1760204281114704
2018-08-01T15:00:00.0;-0.1879010444541242
2018-08-01T16:00:00.0;-0.20207276956458783
2018-08-01T17:00:00.0;-0.21151408595835522
2018-08-01T18:00:00.0;-0.22306670503168338
2018-08-01T19:00:00.0;-0.2320469785660661
2018-08-01T20:00:00.0;-0.23737536169076395
2018-08-01T21:00:00.0;-0.24037428710851935
2018-08-01T22:00:00.0;-0.2328007814707713
2018-08-01T23:00:00.0;-0.21769312823960948
2018-08-02T00:00:00.0;-0.21079358414462152
2018-08-02T01:00:00.0;-0.20047567386207732
2018-08-02T02:00:00.0;-0.1920832535015589
2018-08-02T03:00:00.0;-0.1852786052277363
2018-08-02T04:00:00.0;-0.18056791589723026
2018-08-02T05:00:00.0;-0.18149335303650171
2018-08-02T06:00:00.0;-0.1873984141580238
2018-08-02T07:00:00.0;-0.1905500631657507
2018-08-02T08:00:00.0;-0.1863422521386353
2018-08-02T09:00:00.0;-0.17897728636327892
2018-08-02T10:00:00.0;-0.17304995317140737
2018-08-02T11:00:00.0;-0.16825054129480366
2018-08-02T12:00:00.0;-0.1687274999121924
2018-08-02T13:00:00.0;-0.16808882545239073
2018-08-02T14:00:00.0;-0.17490504305843704
2018-08-02T15:00:00.0;-0.1867399316833654
2018-08-02T16:00:00.0;-0.2006810965958351
2018-08-02T17:00:00.0;-0.21038238063922446
2018-08-02T18:00:00.0;-0.22274336055004004
2018-08-02T19:00:00.0;-0.23161394481603917
2018-08-02T20:00:00.0;-0.23684929102315885
2018-08-02T21:00:00.0;-0.2411854326403901
2018-08-02T22:00:00.0;-0.23396690156819086
2018-08-02T23:00:00.0;-0.21887505124275544
2018-08-03T00:00:00.0;-0.2106666538795065
2018-08-03T01:00:00.0;-0.2003707604714753
2018-08-03T02:00:00.0;-0.1920066643600539
2018-08-03T03:00:00.0;-0.1852130501958415
2018-08-03T04:00:00.0;-0.18053909783039426
2018-08-03T05:00:00.0;-0.1815614649201194
2018-08-03T06:00:00.0;-0.1875831314057652
2018-08-03T07:00:00.0;-0.19071104405623998
2018-08-03T08:00:00.0;-0.18645567790016193
2018-08-03T09:00:00.0;-0.17900345828426373
2018-08-03T10:00:00.0;-0.17300652074842898
2018-08-03T11:00:00.0;-0.16818988486923325
2018-08-03T12:00:00.0;-0.16866928859716732
2018-08-03T13:00:00.0;-0.168102216500261
2018-08-03T14:00:00.0;-0.17493183834900536
2018-08-03T15:00:00.0;-0.18679709820370455
2018-08-03T16:00:00.0;-0.20081081728233327
2018-08-03T17:00:00.0;-0.2105299921960577
2018-08-03T18:00:00.0;-0.22298075737322381
2018-08-03T19:00:00.0;-0.2318233980402221
2018-08-03T20:00:00.0;-0.23695924297017912
2018-08-03T21:00:00.0;-0.24113487998742353
2018-08-03T22:00:00.0;-0.23386503437792824
2018-08-03T23:00:00.0;-0.21877890595402344
2018-08-04T00:00:00.0;-0.20127635714252276
2018-08-04T01:00:00.0;-0.19184371274724138
2018-08-04T02:00:00.0;-0.18358698138897367
2018-08-04T03:00:00.0;-0.17636436608351383
2018-08-04T04:00:00.0;-0.1702360754229448
2018-08-04T05:00:00.0;-0.16841430886558312
2018-08-04T06:00:00.0;-0.1710031980265483
2018-08-04T07:00:00.0;-0.17264555890840705
2018-08-04T08:00:00.0;-0.16989849148669522
2018-08-04T09:00:00.0;-0.16440347779507167
2018-08-04T10:00:00.0;-0.15973602293819034
2018-08-04T11:00:00.0;-0.15650948620494973
2018-08-04T12:00:00.0;-0.15684139927653346
2018-08-04T13:00:00.0;-0.15779857845223805
2018-08-04T14:00:00.0;-0.16458861120229135
2018-08-04T15:00:00.0;-0.17634354270640215
2018-08-04T16:00:00.0;-0.19242156548678138
2018-08-04T17:00:00.0;-0.20442907813163697
2018-08-04T18:00:00.0;-0.2162398081800861
2018-08-04T19:00:00.0;-0.2262599244139437
2018-08-04T20:00:00.0;-0.2315507694234802
2018-08-04T21:00:00.0;-0.2344518589512528
2018-08-04T22:00:00.0;-0.22592983021312713
2018-08-04T23:00:00.0;-0.21211936265721734
2018-08-05T00:00:00.0;-0.2036173317160383
2018-08-05T01:00:00.0;-0.19397453517010727
2018-08-05T02:00:00.0;-0.1857370691678212
2018-08-05T03:00:00.0;-0.1786475340544987
2018-08-05T04:00:00.0;-0.17281251594370428
2018-08-05T05:00:00.0;-0.17163669530882172
2018-08-05T06:00:00.0;-0.17510410128997073
2018-08-05T07:00:00.0;-0.17706440838352122
2018-08-05T08:00:00.0;-0.1739338580845194
2018-08-05T09:00:00.0;-0.16788292779420733
2018-08-05T10:00:00.0;-0.16267717022166087
2018-08-05T11:00:00.0;-0.15894695607260736
2018-08-05T12:00:00.0;-0.15921609248564106
2018-08-05T13:00:00.0;-0.15980187363343148
2018-08-05T14:00:00.0;-0.16666693599437915
2018-08-05T15:00:00.0;-0.17853300573973704
2018-08-05T16:00:00.0;-0.19417115041230298
2018-08-05T17:00:00.0;-0.2057096058892799
2018-08-05T18:00:00.0;-0.21805169378769917
2018-08-05T19:00:00.0;-0.22770364030121804
2018-08-05T20:00:00.0;-0.23284271045460145
2018-08-05T21:00:00.0;-0.23624615042008568
2018-08-05T22:00:00.0;-0.22806007447251775
2018-08-05T23:00:00.0;-0.21394004117777118
2018-08-06T00:00:00.0;-0.2097061773428575
2018-08-06T01:00:00.0;-0.1995372518304225
2018-08-06T02:00:00.0;-0.19128562656223974
2018-08-06T03:00:00.0;-0.18451068621634023
2018-08-06T04:00:00.0;-0.17987911592973393
2018-08-06T05:00:00.0;-0.18108648161315002
2018-08-06T06:00:00.0;-0.18736935194305834
2018-08-06T07:00:00.0;-0.1903218661720469
2018-08-06T08:00:00.0;-0.18595654580568993
2018-08-06T09:00:00.0;-0.17826426505319076
2018-08-06T10:00:00.0;-0.17204192865353918
2018-08-06T11:00:00.0;-0.1672094102545305
2018-08-06T12:00:00.0;-0.1676590029477141
2018-08-06T13:00:00.0;-0.16742302081465366
2018-08-06T14:00:00.0;-0.17433020353163226
2018-08-06T15:00:00.0;-0.18633670913627273
2018-08-06T16:00:00.0;-0.2007289596203732
2018-08-06T17:00:00.0;-0.2106282388249554
2018-08-06T18:00:00.0;-0.2233863408934826
2018-08-06T19:00:00.0;-0.23218406674919592
2018-08-06T20:00:00.0;-0.2370211391870245
2018-08-06T21:00:00.0;-0.24062332140420148
2018-08-06T22:00:00.0;-0.2331163726481049
2018-08-06T23:00:00.0;-0.21810941860832472
2018-08-07T00:00:00.0;-0.2097899391369593
2018-08-07T01:00:00.0;-0.19958927114832467
2018-08-07T02:00:00.0;-0.19128150009560002
2018-08-07T03:00:00.0;-0.18447997167429658
2018-08-07T04:00:00.0;-0.17979313183840245
2018-08-07T05:00:00.0;-0.18081460984601225
2018-08-07T06:00:00.0;-0.18671133806542656
2018-08-07T07:00:00.0;-0.1897160472745395
2018-08-07T08:00:00.0;-0.1855577162943527
2018-08-07T09:00:00.0;-0.17818551937715174
2018-08-07T10:00:00.0;-0.1722656483879988
2018-08-07T11:00:00.0;-0.16764751813107798
2018-08-07T12:00:00.0;-0.16820871579113084
2018-08-07T13:00:00.0;-0.16791295110688445
2018-08-07T14:00:00.0;-0.17465995140518842
2018-08-07T15:00:00.0;-0.18644889809815188
2018-08-07T16:00:00.0;-0.20073670827513287
2018-08-07T17:00:00.0;-0.2107140433439967
2018-08-07T18:00:00.0;-0.22334864921495914
2018-08-07T19:00:00.0;-0.2322246571892645
2018-08-07T20:00:00.0;-0.2369400177371733
2018-08-07T21:00:00.0;-0.24051333246244944
2018-08-07T22:00:00.0;-0.23301364827371765
2018-08-07T23:00:00.0;-0.21806960344903964
2018-08-08T00:00:00.0;-0.21001823841999215
2018-08-08T01:00:00.0;-0.19973882803518525
2018-08-08T02:00:00.0;-0.1917811556379656
2018-08-08T03:00:00.0;-0.18502806336283825
2018-08-08T04:00:00.0;-0.17941646678103487
2018-08-08T05:00:00.0;-0.179271720671219
2018-08-08T06:00:00.0;-0.18646225435391986
2018-08-08T07:00:00.0;-0.19344365554326196
2018-08-08T08:00:00.0;-0.19103184816319177
2018-08-08T09:00:00.0;-0.18405268065500627
2018-08-08T10:00:00.0;-0.1766993238922635
2018-08-08T11:00:00.0;-0.17164506756171607
2018-08-08T12:00:00.0;-0.17117198415258925
2018-08-08T13:00:00.0;-0.17277320259961954
2018-08-08T14:00:00.0;-0.17995132101101194
2018-08-08T15:00:00.0;-0.19117354750670199
2018-08-08T16:00:00.0;-0.2060184434979364
2018-08-08T17:00:00.0;-0.2197916934419601
2018-08-08T18:00:00.0;-0.23041701499165743
2018-08-08T19:00:00.0;-0.23875427022447554
2018-08-08T20:00:00.0;-0.24267012134049193
2018-08-08T21:00:00.0;-0.24374114143384262
2018-08-08T22:00:00.0;-0.2346421251507437
2018-08-08T23:00:00.0;-0.22084043081072516
2018-08-09T00:00:00.0;-0.20226230929073483
2018-08-09T01:00:00.0;-0.19279194398205524
2018-08-09T02:00:00.0;-0.184511699141626
2018-08-09T03:00:00.0;-0.17736818582912614
2018-08-09T04:00:00.0;-0.17264263205521227
2018-08-09T05:00:00.0;-0.1732156641488727
2018-08-09T06:00:00.0;-0.17709900059304715
2018-08-09T07:00:00.0;-0.17936662428565087
2018-08-09T08:00:00.0;-0.1763496477878007
2018-08-09T09:00:00.0;-0.17059599463592126
2018-08-09T10:00:00.0;-0.16699847251059416
2018-08-09T11:00:00.0;-0.1647885860629287
2018-08-09T12:00:00.0;-0.16650755677504564
2018-08-09T13:00:00.0;-0.16811003927972623
2018-08-09T14:00:00.0;-0.17383623385172037
2018-08-09T15:00:00.0;-0.1844674971259921
2018-08-09T16:00:00.0;-0.20035384492835207
2018-08-09T17:00:00.0;-0.21183959098144794
2018-08-09T18:00:00.0;-0.2229234496376014
2018-08-09T19:00:00.0;-0.23282897623762927
2018-08-09T20:00:00.0;-0.2357508540451055
2018-08-09T21:00:00.0;-0.23423535265180773
2018-08-09T22:00:00.0;-0.22490962205016093
2018-08-09T23:00:00.0;-0.2111175726750074
2018-08-10T00:00:00.0;-0.19560108556812084
2018-08-10T01:00:00.0;-0.18695914612597808
2018-08-10T02:00:00.0;-0.1787562049379619
2018-08-10T03:00:00.0;-0.17076451499700201
2018-08-10T04:00:00.0;-0.16242280772018985
2018-08-10T05:00:00.0;-0.1576150705157155
2018-08-10T06:00:00.0;-0.1603007617113847
2018-08-10T07:00:00.0;-0.1646466533275808
2018-08-10T08:00:00.0;-0.16525608392105173
2018-08-10T09:00:00.0;-0.16075425522372852
2018-08-10T10:00:00.0;-0.15414882098698685
2018-08-10T11:00:00.0;-0.15022346419302593
2018-08-10T12:00:00.0;-0.1478105706291627
2018-08-10T13:00:00.0;-0.1509693572566023
2018-08-10T14:00:00.0;-0.15823914554012528
2018-08-10T15:00:00.0;-0.17025678139495073
2018-08-10T16:00:00.0;-0.1895831231050583
2018-08-10T17:00:00.0;-0.20731191199068955
2018-08-10T18:00:00.0;-0.2174564330617368
2018-08-10T19:00:00.0;-0.22679643572962035
2018-08-10T20:00:00.0;-0.2320079222160254
2018-08-10T21:00:00.0;-0.23265421246212434
2018-08-10T22:00:00.0;-0.22254024850452334
2018-08-10T23:00:00.0;-0.21096707089898403
2018-08-11T00:00:00.0;-0.18690925094635633
2018-08-11T01:00:00.0;-0.17908651158557715
2018-08-11T02:00:00.0;-0.17169194814406247
2018-08-11T03:00:00.0;-0.16416433537001568
2018-08-11T04:00:00.0;-0.15634346232206647
2018-08-11T05:00:00.0;-0.15228745355466394
2018-08-11T06:00:00.0;-0.1540109788409541
2018-08-11T07:00:00.0;-0.1531539112805698
2018-08-11T08:00:00.0;-0.1508135693142839
2018-08-11T09:00:00.0;-0.14484058256330368
2018-08-11T10:00:00.0;-0.13843649192427823
2018-08-11T11:00:00.0;-0.1351882831952532
2018-08-11T12:00:00.0;-0.1339338471508575
2018-08-11T13:00:00.0;-0.13796035453266975
2018-08-11T14:00:00.0;-0.14622777682995908
2018-08-11T15:00:00.0;-0.15996699452797092
2018-08-11T16:00:00.0;-0.18053173546026813
2018-08-11T17:00:00.0;-0.19582787317879266
2018-08-11T18:00:00.0;-0.2092381109937368
2018-08-11T19:00:00.0;-0.21977181178011693
2018-08-11T20:00:00.0;-0.2253231529961655
2018-08-11T21:00:00.0;-0.2262376345284258
2018-08-11T22:00:00.0;-0.2156787855575635
2018-08-11T23:00:00.0;-0.20333748271434116
2018-08-12T00:00:00.0;-0.1859309474227316
2018-08-12T01:00:00.0;-0.1779268700923897
2018-08-12T02:00:00.0;-0.17001314092139982
2018-08-12T03:00:00.0;-0.16218878793703226
2018-08-12T04:00:00.0;-0.15350127024909166
2018-08-12T05:00:00.0;-0.1469096209298706
2018-08-12T06:00:00.0;-0.1439375653741532
2018-08-12T07:00:00.0;-0.14299748221439243
2018-08-12T08:00:00.0;-0.14274441748049974
2018-08-12T09:00:00.0;-0.14027490133989504
2018-08-12T10:00:00.0;-0.13715849986317866
2018-08-12T11:00:00.0;-0.13628218156498972
2018-08-12T12:00:00.0;-0.13613641549128888
2018-08-12T13:00:00.0;-0.13968156015957417
2018-08-12T14:00:00.0;-0.14651746275312902
2018-08-12T15:00:00.0;-0.15825255108741182
2018-08-12T16:00:00.0;-0.17798152149540009
2018-08-12T17:00:00.0;-0.19414334656222265
2018-08-12T18:00:00.0;-0.20629561348369066
2018-08-12T19:00:00.0;-0.21796704124487
2018-08-12T20:00:00.0;-0.2227902987088279
2018-08-12T21:00:00.0;-0.22390783359071967
2018-08-12T22:00:00.0;-0.21334514201226246
2018-08-12T23:00:00.0;-0.20169170439437448
2018-08-13T00:00:00.0;-0.2030881831938464
2018-08-13T01:00:00.0;-0.1937558573962494
2018-08-13T02:00:00.0;-0.1856582317072654
2018-08-13T03:00:00.0;-0.1786667019149026
2018-08-13T04:00:00.0;-0.17566907491441183
2018-08-13T05:00:00.0;-0.17972295963358417
2018-08-13T06:00:00.0;-0.188099788029566
2018-08-13T07:00:00.0;-0.19066719711191252
2018-08-13T08:00:00.0;-0.18539834555563006
2018-08-13T09:00:00.0;-0.17668384198489046
2018-08-13T10:00:00.0;-0.17186042029425525
2018-08-13T11:00:00.0;-0.16849137895966806
2018-08-13T12:00:00.0;-0.17035779577093882
2018-08-13T13:00:00.0;-0.17248716524096708
2018-08-13T14:00:00.0;-0.1789262824741383
2018-08-13T15:00:00.0;-0.1906797812337499
2018-08-13T16:00:00.0;-0.2066771101012691
2018-08-13T17:00:00.0;-0.2161652087190656
2018-08-13T18:00:00.0;-0.22555083907776127
2018-08-13T19:00:00.0;-0.23504438934812827
2018-08-13T20:00:00.0;-0.23914209847728718
2018-08-13T21:00:00.0;-0.23520812533424731
2018-08-13T22:00:00.0;-0.22553422744992335
2018-08-13T23:00:00.0;-0.21090041505222146
2018-08-14T00:00:00.0;-0.20260737796304049
2018-08-14T01:00:00.0;-0.19327968714378824
2018-08-14T02:00:00.0;-0.18524732914101164
2018-08-14T03:00:00.0;-0.1781567071421876
2018-08-14T04:00:00.0;-0.17349258203720297
2018-08-14T05:00:00.0;-0.174862230084733
2018-08-14T06:00:00.0;-0.18178711032160602
2018-08-14T07:00:00.0;-0.18456149598708152
2018-08-14T08:00:00.0;-0.18046378979531474
2018-08-14T09:00:00.0;-0.1724961680704464
2018-08-14T10:00:00.0;-0.16638159182430812
2018-08-14T11:00:00.0;-0.16215080635012852
2018-08-14T12:00:00.0;-0.16246998511162336
2018-08-14T13:00:00.0;-0.16429648428850582
2018-08-14T14:00:00.0;-0.1714137072751465
2018-08-14T15:00:00.0;-0.18374080756388297
2018-08-14T16:00:00.0;-0.20024710042621038
2018-08-14T17:00:00.0;-0.21154895778105787
2018-08-14T18:00:00.0;-0.22235080490686052
2018-08-14T19:00:00.0;-0.23157894714863464
2018-08-14T20:00:00.0;-0.23650328847299312
2018-08-14T21:00:00.0;-0.23601508505266466
2018-08-14T22:00:00.0;-0.22683810770178
2018-08-14T23:00:00.0;-0.21269200167562294
2018-08-15T00:00:00.0;-0.20247072795216958
2018-08-15T01:00:00.0;-0.19310453980643277
2018-08-15T02:00:00.0;-0.18509317052990165
2018-08-15T03:00:00.0;-0.17807385515840932
2018-08-15T04:00:00.0;-0.17412295150428805
2018-08-15T05:00:00.0;-0.1765062162513722
2018-08-15T06:00:00.0;-0.18358852563417374
2018-08-15T07:00:00.0;-0.18714895194480238
2018-08-15T08:00:00.0;-0.1832305437663369
2018-08-15T09:00:00.0;-0.1757005187331141
2018-08-15T10:00:00.0;-0.17082318381297584
2018-08-15T11:00:00.0;-0.16776134368075024
2018-08-15T12:00:00.0;-0.1692440713610842
2018-08-15T13:00:00.0;-0.1718580650254731
2018-08-15T14:00:00.0;-0.17819610282308426
2018-08-15T15:00:00.0;-0.18940781061545017
2018-08-15T16:00:00.0;-0.2056608586421452
2018-08-15T17:00:00.0;-0.2171391966088922
2018-08-15T18:00:00.0;-0.22675351597021268
2018-08-15T19:00:00.0;-0.23623378966492642
2018-08-15T20:00:00.0;-0.2395247565588125
2018-08-15T21:00:00.0;-0.23563708069604405
2018-08-15T22:00:00.0;-0.2255358686928525
2018-08-15T23:00:00.0;-0.21159504620233624
2018-08-16T00:00:00.0;-0.20002059426520205
2018-08-16T01:00:00.0;-0.19090129875150388
2018-08-16T02:00:00.0;-0.1833372403988513
2018-08-16T03:00:00.0;-0.17627496852770333
2018-08-16T04:00:00.0;-0.17088780855943994
2018-08-16T05:00:00.0;-0.1713684032955281
2018-08-16T06:00:00.0;-0.17950667068853293
2018-08-16T07:00:00.0;-0.18558004503829578
2018-08-16T08:00:00.0;-0.18289801335541733
2018-08-16T09:00:00.0;-0.17520382487312322
2018-08-16T10:00:00.0;-0.16809526167751054
2018-08-16T11:00:00.0;-0.16391720769886461
2018-08-16T12:00:00.0;-0.16358194192506811
2018-08-16T13:00:00.0;-0.16794125282142988
2018-08-16T14:00:00.0;-0.1755234894984078
2018-08-16T15:00:00.0;-0.1873904848439649
2018-08-16T16:00:00.0;-0.20496894793024448
2018-08-16T17:00:00.0;-0.21994469117396986
2018-08-16T18:00:00.0;-0.22830621871038
2018-08-16T19:00:00.0;-0.23738817891637273
2018-08-16T20:00:00.0;-0.24150791481556144
2018-08-16T21:00:00.0;-0.23716200890655825
2018-08-16T22:00:00.0;-0.22583586113937315
2018-08-16T23:00:00.0;-0.21290349300929523
2018-08-17T00:00:00.0;-0.20747453167674637
2018-08-17T01:00:00.0;-0.1975498707761951
2018-08-17T02:00:00.0;-0.1894498993261425
2018-08-17T03:00:00.0;-0.18266239942004897
2018-08-17T04:00:00.0;-0.1780456192316126
2018-08-17T05:00:00.0;-0.17933610040533068
2018-08-17T06:00:00.0;-0.18531011954809615
2018-08-17T07:00:00.0;-0.18796657300836214
2018-08-17T08:00:00.0;-0.1838707555187342
2018-08-17T09:00:00.0;-0.17640324667508375
2018-08-17T10:00:00.0;-0.17042712814025773
2018-08-17T11:00:00.0;-0.16617290661689477
2018-08-17T12:00:00.0;-0.16690162294651745
2018-08-17T13:00:00.0;-0.16740659549525783
2018-08-17T14:00:00.0;-0.17403249511125007
2018-08-17T15:00:00.0;-0.1857675851960865
2018-08-17T16:00:00.0;-0.2008745179004809
2018-08-17T17:00:00.0;-0.21146484778650562
2018-08-17T18:00:00.0;-0.22475827115631872
2018-08-17T19:00:00.0;-0.23362668083461605
2018-08-17T20:00:00.0;-0.237175260723438
2018-08-17T21:00:00.0;-0.23900263357460935
2018-08-17T22:00:00.0;-0.23085630960525902
2018-08-17T23:00:00.0;-0.21623546681431943
2018-08-18T00:00:00.0;-0.1885866643767187
2018-08-18T01:00:00.0;-0.18037103796882054
2018-08-18T02:00:00.0;-0.17263802181875199
2018-08-18T03:00:00.0;-0.1649971574083184
2018-08-18T04:00:00.0;-0.15670570609678477
2018-08-18T05:00:00.0;-0.1512013401127098
2018-08-18T06:00:00.0;-0.15079990656001666
2018-08-18T07:00:00.0;-0.15176501260513883
2018-08-18T08:00:00.0;-0.15112984513073047
2018-08-18T09:00:00.0;-0.14744579792621046
2018-08-18T10:00:00.0;-0.14295277284702984
2018-08-18T11:00:00.0;-0.14106158298470334
2018-08-18T12:00:00.0;-0.14048237750830095
2018-08-18T13:00:00.0;-0.14446433515466678
2018-08-18T14:00:00.0;-0.15179560675966872
2018-08-18T15:00:00.0;-0.16378568463709312
2018-08-18T16:00:00.0;-0.18324286714504576
2018-08-18T17:00:00.0;-0.1997302687127833
2018-08-18T18:00:00.0;-0.21095351768123563
2018-08-18T19:00:00.0;-0.22200101307375017
2018-08-18T20:00:00.0;-0.22699131201794287
2018-08-18T21:00:00.0;-0.2272057267482644
2018-08-18T22:00:00.0;-0.21632184896981366
2018-08-18T23:00:00.0;-0.20451759934463978
2018-08-19T00:00:00.0;-0.18635567711759504
2018-08-19T01:00:00.0;-0.1782632294755156
2018-08-19T02:00:00.0;-0.1701929616523687
2018-08-19T03:00:00.0;-0.16227694786171099
2018-08-19T04:00:00.0;-0.15349617906842852
2018-08-19T05:00:00.0;-0.14653487724309155
2018-08-19T06:00:00.0;-0.1426321013637232
2018-08-19T07:00:00.0;-0.14205283811881297
2018-08-19T08:00:00.0;-0.14251417791184584
2018-08-19T09:00:00.0;-0.14094514904460143
2018-08-19T10:00:00.0;-0.1386868064201423
2018-08-19T11:00:00.0;-0.13845878358980687
2018-08-19T12:00:00.0;-0.13864207315843108
2018-08-19T13:00:00.0;-0.14213357749650496
2018-08-19T14:00:00.0;-0.14840892199028585
2018-08-19T15:00:00.0;-0.1594268949574508
2018-08-19T16:00:00.0;-0.17893978562385288
2018-08-19T17:00:00.0;-0.19556598581495155
2018-08-19T18:00:00.0;-0.2074255035744217
2018-08-19T19:00:00.0;-0.2192370258138341
2018-08-19T20:00:00.0;-0.22330005247663762
2018-08-19T21:00:00.0;-0.2238417531295161
2018-08-19T22:00:00.0;-0.21316248676405566
2018-08-19T23:00:00.0;-0.2017152233184488
2018-08-20T00:00:00.0;-0.20419256883628412
2018-08-20T01:00:00.0;-0.1949397070544065
2018-08-20T02:00:00.0;-0.18684768952465827
2018-08-20T03:00:00.0;-0.17982323941527592
2018-08-20T04:00:00.0;-0.1778448480763489
2018-08-20T05:00:00.0;-0.18408645351831418
2018-08-20T06:00:00.0;-0.1955817705317241
2018-08-20T07:00:00.0;-0.1990753375317799
2018-08-20T08:00:00.0;-0.1929534663263169
2018-08-20T09:00:00.0;-0.18254546062200946
2018-08-20T10:00:00.0;-0.1768318750793781
2018-08-20T11:00:00.0;-0.17266830801295224
2018-08-20T12:00:00.0;-0.17438404043270977
2018-08-20T13:00:00.0;-0.17693023003687885
2018-08-20T14:00:00.0;-0.18359862427424978
2018-08-20T15:00:00.0;-0.19580004120997688
2018-08-20T16:00:00.0;-0.21205453323382129
2018-08-20T17:00:00.0;-0.22088627771491684
2018-08-20T18:00:00.0;-0.22877504388241254
2018-08-20T19:00:00.0;-0.2377505842162266
2018-08-20T20:00:00.0;-0.24226205407919665
2018-08-20T21:00:00.0;-0.23615745053371995
2018-08-20T22:00:00.0;-0.2261789866811433
2018-08-20T23:00:00.0;-0.2113079188657555
2018-08-21T00:00:00.0;-0.20254809298205043
2018-08-21T01:00:00.0;-0.1934970761735747
2018-08-21T02:00:00.0;-0.18588046574116357
2018-08-21T03:00:00.0;-0.179154214318093
2018-08-21T04:00:00.0;-0.1773915818564993
2018-08-21T05:00:00.0;-0.1843139277354449
2018-08-21T06:00:00.0;-0.19645761052956986
2018-08-21T07:00:00.0;-0.198895997375922
2018-08-21T08:00:00.0;-0.19187944168183468
2018-08-21T09:00:00.0;-0.18049330866863697
2018-08-21T10:00:00.0;-0.17386422822899072
2018-08-21T11:00:00.0;-0.1694648108532382
2018-08-21T12:00:00.0;-0.1712752358525848
2018-08-21T13:00:00.0;-0.17441091294529865
2018-08-21T14:00:00.0;-0.1814661527903903
2018-08-21T15:00:00.0;-0.19426520807580952
2018-08-21T16:00:00.0;-0.21115411972673484
2018-08-21T17:00:00.0;-0.2198993722687047
2018-08-21T18:00:00.0;-0.23009871064469126
2018-08-21T19:00:00.0;-0.238888333222458
2018-08-21T20:00:00.0;-0.2422548836855858
2018-08-21T21:00:00.0;-0.23567620051917912
2018-08-21T22:00:00.0;-0.2253534583367979
2018-08-21T23:00:00.0;-0.21031355116050376
2018-08-22T00:00:00.0;-0.20835836367416616
2018-08-22T01:00:00.0;-0.19831452427753585
2018-08-22T02:00:00.0;-0.19019601890615
2018-08-22T03:00:00.0;-0.18337719782197956
2018-08-22T04:00:00.0;-0.1787734603685808
2018-08-22T05:00:00.0;-0.18010820267542887
2018-08-22T06:00:00.0;-0.18707881974774476
2018-08-22T07:00:00.0;-0.19172820898952161
2018-08-22T08:00:00.0;-0.18808852249857086
2018-08-22T09:00:00.0;-0.18066402547517002
2018-08-22T10:00:00.0;-0.17458331462125443
2018-08-22T11:00:00.0;-0.1702367855769903
2018-08-22T12:00:00.0;-0.1708219563731152
2018-08-22T13:00:00.0;-0.1719514057287786
2018-08-22T14:00:00.0;-0.1786886162153307
2018-08-22T15:00:00.0;-0.19007126262559756
2018-08-22T16:00:00.0;-0.20493955488697652
2018-08-22T17:00:00.0;-0.21641030298876177
2018-08-22T18:00:00.0;-0.22733542562678707
2018-08-22T19:00:00.0;-0.2361639353815203
2018-08-22T20:00:00.0;-0.24017603272055038
2018-08-22T21:00:00.0;-0.24058262206781142
2018-08-22T22:00:00.0;-0.23181552665145497
2018-08-22T23:00:00.0;-0.2174490135655911
2018-08-23T00:00:00.0;-0.2061130126154193
2018-08-23T01:00:00.0;-0.19634206816272262
2018-08-23T02:00:00.0;-0.18868403909788986
2018-08-23T03:00:00.0;-0.18192255914764896
2018-08-23T04:00:00.0;-0.17744285269002663
2018-08-23T05:00:00.0;-0.1794632694015953
2018-08-23T06:00:00.0;-0.1886792843525515
2018-08-23T07:00:00.0;-0.1962117315806259
2018-08-23T08:00:00.0;-0.1933745882922751
2018-08-23T09:00:00.0;-0.185544677550874
2018-08-23T10:00:00.0;-0.17863030197416158
2018-08-23T11:00:00.0;-0.1744791588209101
2018-08-23T12:00:00.0;-0.17493283506385088
2018-08-23T13:00:00.0;-0.1786451057655001
2018-08-23T14:00:00.0;-0.18549136552283538
2018-08-23T15:00:00.0;-0.19633058566862122
2018-08-23T16:00:00.0;-0.21237398171458852
2018-08-23T17:00:00.0;-0.2266499071722832
2018-08-23T18:00:00.0;-0.23543912953792853
2018-08-23T19:00:00.0;-0.24393898774070982
2018-08-23T20:00:00.0;-0.2462752782904444
2018-08-23T21:00:00.0;-0.2412241973079491
2018-08-23T22:00:00.0;-0.23023003095883254
2018-08-23T23:00:00.0;-0.21686843311159607
2018-08-24T00:00:00.0;-0.20258066806500485
2018-08-24T01:00:00.0;-0.19300089267720888
2018-08-24T02:00:00.0;-0.18525686058347815
2018-08-24T03:00:00.0;-0.1782379482132742
2018-08-24T04:00:00.0;-0.17133550975848666
2018-08-24T05:00:00.0;-0.1688612189166039
2018-08-24T06:00:00.0;-0.1738799681504249
2018-08-24T07:00:00.0;-0.1796398393288351
2018-08-24T08:00:00.0;-0.17806520927320535
2018-08-24T09:00:00.0;-0.1720797548050156
2018-08-24T10:00:00.0;-0.1649957988249169
2018-08-24T11:00:00.0;-0.1605980356325818
2018-08-24T12:00:00.0;-0.15957869816475467
2018-08-24T13:00:00.0;-0.16239023422413354
2018-08-24T14:00:00.0;-0.17005179277748583
2018-08-24T15:00:00.0;-0.18175592075749192
2018-08-24T16:00:00.0;-0.19833721423916345
2018-08-24T17:00:00.0;-0.21388787447063465
2018-08-24T18:00:00.0;-0.22431461545143888
2018-08-24T19:00:00.0;-0.23345231373344452
2018-08-24T20:00:00.0;-0.23813080178411913
2018-08-24T21:00:00.0;-0.23907089795204875
2018-08-24T22:00:00.0;-0.22909304813267023
2018-08-24T23:00:00.0;-0.21614964056741176
2018-08-25T00:00:00.0;-0.19113609310154853
2018-08-25T01:00:00.0;-0.18267465236907335
2018-08-25T02:00:00.0;-0.17478508678262653
2018-08-25T03:00:00.0;-0.16723476697481
2018-08-25T04:00:00.0;-0.15962236645891553
2018-08-25T05:00:00.0;-0.1551671501068011
2018-08-25T06:00:00.0;-0.15453620418923955
2018-08-25T07:00:00.0;-0.1550754508987027
2018-08-25T08:00:00.0;-0.1542867180632995
2018-08-25T09:00:00.0;-0.15080090161709425
2018-08-25T10:00:00.0;-0.14706569855412946
2018-08-25T11:00:00.0;-0.14567994988365274
2018-08-25T12:00:00.0;-0.1459329569188364
2018-08-25T13:00:00.0;-0.14922547511017736
2018-08-25T14:00:00.0;-0.15569722720463555
2018-08-25T15:00:00.0;-0.16696763203241496
2018-08-25T16:00:00.0;-0.18576595810431457
2018-08-25T17:00:00.0;-0.2012787275926694
2018-08-25T18:00:00.0;-0.21375175811902794
2018-08-25T19:00:00.0;-0.22459851953130874
2018-08-25T20:00:00.0;-0.22794319681069442
2018-08-25T21:00:00.0;-0.22771923691500068
2018-08-25T22:00:00.0;-0.21727649833715587
2018-08-25T23:00:00.0;-0.2052018044694193
2018-08-26T00:00:00.0;-0.18683346044727778
2018-08-26T01:00:00.0;-0.17865881739095685
2018-08-26T02:00:00.0;-0.17054055533856013
2018-08-26T03:00:00.0;-0.16265790402069805
2018-08-26T04:00:00.0;-0.15409908819986634
2018-08-26T05:00:00.0;-0.14738472978036088
2018-08-26T06:00:00.0;-0.14301739210542486
2018-08-26T07:00:00.0;-0.142554925586859
2018-08-26T08:00:00.0;-0.14329540699036292
2018-08-26T09:00:00.0;-0.1422370358886603
2018-08-26T10:00:00.0;-0.1406624033055782
2018-08-26T11:00:00.0;-0.14106911768260452
2018-08-26T12:00:00.0;-0.14182622289322838
2018-08-26T13:00:00.0;-0.1453584568161379
2018-08-26T14:00:00.0;-0.1510597456200976
2018-08-26T15:00:00.0;-0.16138076791814326
2018-08-26T16:00:00.0;-0.18067075377966885
2018-08-26T17:00:00.0;-0.19732420143710713
2018-08-26T18:00:00.0;-0.20934770872824157
2018-08-26T19:00:00.0;-0.22119569247074555
2018-08-26T20:00:00.0;-0.22411641409284255
2018-08-26T21:00:00.0;-0.22362691460300163
2018-08-26T22:00:00.0;-0.2128035103033731
2018-08-26T23:00:00.0;-0.20150554905935936
2018-08-27T00:00:00.0;-0.20469480756904712
2018-08-27T01:00:00.0;-0.1950149747216867
2018-08-27T02:00:00.0;-0.18745087088990187
2018-08-27T03:00:00.0;-0.18026516362044873
2018-08-27T04:00:00.0;-0.1726479030117798
2018-08-27T05:00:00.0;-0.1697885319194426
2018-08-27T06:00:00.0;-0.1775205786297205
2018-08-27T07:00:00.0;-0.18898260384971566
2018-08-27T08:00:00.0;-0.19016444197093016
2018-08-27T09:00:00.0;-0.18449377780516232
2018-08-27T10:00:00.0;-0.17542958154166957
2018-08-27T11:00:00.0;-0.17034104808215175
2018-08-27T12:00:00.0;-0.1678648208531251
2018-08-27T13:00:00.0;-0.17289050654565893
2018-08-27T14:00:00.0;-0.18039028358011508
2018-08-27T15:00:00.0;-0.1909318954636367
2018-08-27T16:00:00.0;-0.2085769967117379
2018-08-27T17:00:00.0;-0.2291275503860805
2018-08-27T18:00:00.0;-0.23708131617212277
2018-08-27T19:00:00.0;-0.24483838268406657
2018-08-27T20:00:00.0;-0.24726401099004144
2018-08-27T21:00:00.0;-0.24343839784883764
2018-08-27T22:00:00.0;-0.23157299914585827
2018-08-27T23:00:00.0;-0.2203647062394896
2018-08-28T00:00:00.0;-0.19970725867937894
2018-08-28T01:00:00.0;-0.1911057987358582
2018-08-28T02:00:00.0;-0.18375354707092612
2018-08-28T03:00:00.0;-0.1770403572815689
2018-08-28T04:00:00.0;-0.17632240396026727
2018-08-28T05:00:00.0;-0.18539190141228792
2018-08-28T06:00:00.0;-0.19981626101431277
2018-08-28T07:00:00.0;-0.20210082717281436
2018-08-28T08:00:00.0;-0.19415113020723712
2018-08-28T09:00:00.0;-0.18134084581669538
2018-08-28T10:00:00.0;-0.1744297594251388
2018-08-28T11:00:00.0;-0.17015313474275218
2018-08-28T12:00:00.0;-0.17240152272264167
2018-08-28T13:00:00.0;-0.17689295320226978
2018-08-28T14:00:00.0;-0.18400869087851449
2018-08-28T15:00:00.0;-0.1971234536289311
2018-08-28T16:00:00.0;-0.21508870936475646
2018-08-28T17:00:00.0;-0.22357093478851614
2018-08-28T18:00:00.0;-0.23295852664132707
2018-08-28T19:00:00.0;-0.2416773446603375
2018-08-28T20:00:00.0;-0.24432992119133692
2018-08-28T21:00:00.0;-0.233779136096683
2018-08-28T22:00:00.0;-0.22234104573298094
2018-08-28T23:00:00.0;-0.20735539676814244
2018-08-29T00:00:00.0;-0.20072265807677114
2018-08-29T01:00:00.0;-0.19178787247106285
2018-08-29T02:00:00.0;-0.18406529990438883
2018-08-29T03:00:00.0;-0.17712198958773634
2018-08-29T04:00:00.0;-0.17518277828988385
2018-08-29T05:00:00.0;-0.1815644014232014
2018-08-29T06:00:00.0;-0.19336741940868302
2018-08-29T07:00:00.0;-0.19746044405811258
2018-08-29T08:00:00.0;-0.19157221124590212
2018-08-29T09:00:00.0;-0.18122760578789432
2018-08-29T10:00:00.0;-0.1756551277413629
2018-08-29T11:00:00.0;-0.17220302011277766
2018-08-29T12:00:00.0;-0.17429884492218378
2018-08-29T13:00:00.0;-0.17854520409842772
2018-08-29T14:00:00.0;-0.18522689941439913
2018-08-29T15:00:00.0;-0.1971090551472596
2018-08-29T16:00:00.0;-0.2142230544313124
2018-08-29T17:00:00.0;-0.22443585319415757
2018-08-29T18:00:00.0;-0.23156889804719366
2018-08-29T19:00:00.0;-0.2408095863086832
2018-08-29T20:00:00.0;-0.2441541764434047
2018-08-29T21:00:00.0;-0.23475096362483464
2018-08-29T22:00:00.0;-0.22328665960716668
2018-08-29T23:00:00.0;-0.20897338679642735
2018-08-30T00:00:00.0;-0.20090703089382958
2018-08-30T01:00:00.0;-0.19189146722155068
2018-08-30T02:00:00.0;-0.18467672793128836
2018-08-30T03:00:00.0;-0.178065738386645
2018-08-30T04:00:00.0;-0.173730843008401
2018-08-30T05:00:00.0;-0.1764778146355672
2018-08-30T06:00:00.0;-0.18512789886144077
2018-08-30T07:00:00.0;-0.18671601424358505
2018-08-30T08:00:00.0;-0.18149376094059128
2018-08-30T09:00:00.0;-0.17169818280759125
2018-08-30T10:00:00.0;-0.16338003909358972
2018-08-30T11:00:00.0;-0.15840380137489918
2018-08-30T12:00:00.0;-0.15851668504083033
2018-08-30T13:00:00.0;-0.1614039014078444
2018-08-30T14:00:00.0;-0.1690379008643975
2018-08-30T15:00:00.0;-0.1822830164085049
2018-08-30T16:00:00.0;-0.20015387680560723
2018-08-30T17:00:00.0;-0.2119505721588488
2018-08-30T18:00:00.0;-0.22734955928781506
2018-08-30T19:00:00.0;-0.2357313377324365
2018-08-30T20:00:00.0;-0.23783228799221523
2018-08-30T21:00:00.0;-0.23610546811640498
2018-08-30T22:00:00.0;-0.22634401662341597
2018-08-30T23:00:00.0;-0.21213943272096702
2018-08-31T00:00:00.0;-0.20634579102354106
2018-08-31T01:00:00.0;-0.1967138169718443
2018-08-31T02:00:00.0;-0.18910422792189785
2018-08-31T03:00:00.0;-0.182559604206492
2018-08-31T04:00:00.0;-0.17873490333129052
2018-08-31T05:00:00.0;-0.18204785010990232
2018-08-31T06:00:00.0;-0.19063861103688978
2018-08-31T07:00:00.0;-0.19301983595887076
2018-08-31T08:00:00.0;-0.18778607647635068
2018-08-31T09:00:00.0;-0.178391177445554
2018-08-31T10:00:00.0;-0.17086443507467186
2018-08-31T11:00:00.0;-0.165939316184957
2018-08-31T12:00:00.0;-0.1665996466860942
2018-08-31T13:00:00.0;-0.1681339768361866
2018-08-31T14:00:00.0;-0.17515618568775465
2018-08-31T15:00:00.0;-0.1876247136198749
2018-08-31T16:00:00.0;-0.20376653028063263
2018-08-31T17:00:00.0;-0.2142973055394678
2018-08-31T18:00:00.0;-0.22914775916276542
2018-08-31T19:00:00.0;-0.23737989348309682
2018-08-31T20:00:00.0;-0.23953013040031326
2018-08-31T21:00:00.0;-0.23900403723248181
2018-08-31T22:00:00.0;-0.23017491363547132
2018-08-31T23:00:00.0;-0.21543793683827242
2018-09-01T00:00:00.0;-0.20454995024865152
2018-09-01T01:00:00.0;-0.1949526119137126
2018-09-01T02:00:00.0;-0.18706525607959062
2018-09-01T03:00:00.0;-0.18026701159460232
2018-09-01T04:00:00.0;-0.17566347222017353
2018-09-01T05:00:00.0;-0.1770827447018368
2018-09-01T06:00:00.0;-0.1827921526598387
2018-09-01T07:00:00.0;-0.1850359937652007
2018-09-01T08:00:00.0;-0.18120177132748772
2018-09-01T09:00:00.0;-0.17389735322495292
2018-09-01T10:00:00.0;-0.16810267280509406
2018-09-01T11:00:00.0;-0.16448008226584343
2018-09-01T12:00:00.0;-0.16549112174370345
2018-09-01T13:00:00.0;-0.1669511634254324
2018-09-01T14:00:00.0;-0.17330969924656414
2018-09-01T15:00:00.0;-0.1848145605112918
2018-09-01T16:00:00.0;-0.20087709394375186
2018-09-01T17:00:00.0;-0.21231648479568588
2018-09-01T18:00:00.0;-0.22631223409746776
2018-09-01T19:00:00.0;-0.23525155282132004
2018-09-01T20:00:00.0;-0.23729332900528907
2018-09-01T21:00:00.0;-0.23696222042880052
2018-09-01T22:00:00.0;-0.2280139076065566
2018-09-01T23:00:00.0;-0.21385740352071106
2018-09-02T00:00:00.0;-0.19764587504473352
2018-09-02T01:00:00.0;-0.1888470470600879
2018-09-02T02:00:00.0;-0.18146862183093856
2018-09-02T03:00:00.0;-0.1746098909201429
2018-09-02T04:00:00.0;-0.16956781750599317
2018-09-02T05:00:00.0;-0.1706318241646631
2018-09-02T06:00:00.0;-0.1764653773626393
2018-09-02T07:00:00.0;-0.17742914268521665
2018-09-02T08:00:00.0;-0.17346360728193558
2018-09-02T09:00:00.0;-0.16557143484917336
2018-09-02T10:00:00.0;-0.15891060166085486
2018-09-02T11:00:00.0;-0.15536469715449064
2018-09-02T12:00:00.0;-0.15590078602262966
2018-09-02T13:00:00.0;-0.1590622879769936
2018-09-02T14:00:00.0;-0.16603722732054665
2018-09-02T15:00:00.0;-0.17844626750163028
2018-09-02T16:00:00.0;-0.19672286909235495
2018-09-02T17:00:00.0;-0.20952193220778148
2018-09-02T18:00:00.0;-0.22456705301890678
2018-09-02T19:00:00.0;-0.23367449822614464
2018-09-02T20:00:00.0;-0.23522499097323676
2018-09-02T21:00:00.0;-0.232992445912317
2018-09-02T22:00:00.0;-0.2228588161620332
2018-09-02T23:00:00.0;-0.20932850241081558
2018-09-03T00:00:00.0;-0.2014987926860003
2018-09-03T01:00:00.0;-0.1924916242090133
2018-09-03T02:00:00.0;-0.18477999606969162
2018-09-03T03:00:00.0;-0.17784012941469532
2018-09-03T04:00:00.0;-0.17578363403928934
2018-09-03T05:00:00.0;-0.1820629328449236
2018-09-03T06:00:00.0;-0.19419172945897456
2018-09-03T07:00:00.0;-0.19898191022164596
2018-09-03T08:00:00.0;-0.19337406680817992
2018-09-03T09:00:00.0;-0.18303369234096215
2018-09-03T10:00:00.0;-0.17712598534967955
2018-09-03T11:00:00.0;-0.1734632545044434
2018-09-03T12:00:00.0;-0.1753220706221405
2018-09-03T13:00:00.0;-0.17966399015727286
2018-09-03T14:00:00.0;-0.1863823556936855
2018-09-03T15:00:00.0;-0.19817996349934205
2018-09-03T16:00:00.0;-0.2152727929139827
2018-09-03T17:00:00.0;-0.22597538269444378
2018-09-03T18:00:00.0;-0.2329415906899075
2018-09-03T19:00:00.0;-0.24197663261469823
2018-09-03T20:00:00.0;-0.24519079513824574
2018-09-03T21:00:00.0;-0.23568250295247298
2018-09-03T22:00:00.0;-0.2241449328633493
2018-09-03T23:00:00.0;-0.20995862607563487
2018-09-04T00:00:00.0;-0.20322249497328304
2018-09-04T01:00:00.0;-0.1940140401061035
2018-09-04T02:00:00.0;-0.18664994874544047
2018-09-04T03:00:00.0;-0.18009664141210235
2018-09-04T04:00:00.0;-0.17698404488446295
2018-09-04T05:00:00.0;-0.18175669098722425
2018-09-04T06:00:00.0;-0.1918060732405833
2018-09-04T07:00:00.0;-0.19412911895863003
2018-09-04T08:00:00.0;-0.18841328858662854
2018-09-04T09:00:00.0;-0.1781856007537002
2018-09-04T10:00:00.0;-0.17065194406312295
2018-09-04T11:00:00.0;-0.1661167116312263
2018-09-04T12:00:00.0;-0.16721727482837562
2018-09-04T13:00:00.0;-0.1701215181832612
2018-09-04T14:00:00.0;-0.17709203163526388
2018-09-04T15:00:00.0;-0.18962405959501485
2018-09-04T16:00:00.0;-0.20680369236436902
2018-09-04T17:00:00.0;-0.21754352967346313
2018-09-04T18:00:00.0;-0.23164493546578416
2018-09-04T19:00:00.0;-0.239932130045264
2018-09-04T20:00:00.0;-0.24119449142740146
2018-09-04T21:00:00.0;-0.23696231167128384
2018-09-04T22:00:00.0;-0.2269735221521301
2018-09-04T23:00:00.0;-0.21247687580301705
2018-09-05T00:00:00.0;-0.20083325271022456
2018-09-05T01:00:00.0;-0.19214256710699212
2018-09-05T02:00:00.0;-0.18472082495293513
2018-09-05T03:00:00.0;-0.1779434923205466
2018-09-05T04:00:00.0;-0.17696391562541572
2018-09-05T05:00:00.0;-0.1857048852321809
2018-09-05T06:00:00.0;-0.20015828493628673
2018-09-05T07:00:00.0;-0.20313891221409466
2018-09-05T08:00:00.0;-0.1957942054493174
2018-09-05T09:00:00.0;-0.18323289730585648
2018-09-05T10:00:00.0;-0.17599168894602438
2018-09-05T11:00:00.0;-0.17150283631062668
2018-09-05T12:00:00.0;-0.17338019631599377
2018-09-05T13:00:00.0;-0.17777119604575012
2018-09-05T14:00:00.0;-0.18475781559455515
2018-09-05T15:00:00.0;-0.1976706763652694
2018-09-05T16:00:00.0;-0.2156803703564462
2018-09-05T17:00:00.0;-0.22484985636432678
2018-09-05T18:00:00.0;-0.23441714610557923
2018-09-05T19:00:00.0;-0.2428086215636048
2018-09-05T20:00:00.0;-0.24508071859149688
2018-09-05T21:00:00.0;-0.23469612077295468
2018-09-05T22:00:00.0;-0.22335715028092604
2018-09-05T23:00:00.0;-0.20861606731938978
2018-09-06T00:00:00.0;-0.20323938218291487
2018-09-06T01:00:00.0;-0.19414880385807967
2018-09-06T02:00:00.0;-0.18633751514725194
2018-09-06T03:00:00.0;-0.17934876532657965
2018-09-06T04:00:00.0;-0.17761581344890212
2018-09-06T05:00:00.0;-0.1846651970320394
2018-09-06T06:00:00.0;-0.19812593189244807
2018-09-06T07:00:00.0;-0.2035557710714916
2018-09-06T08:00:00.0;-0.19776548840572072
2018-09-06T09:00:00.0;-0.18677410488938276
2018-09-06T10:00:00.0;-0.1803107531031986
2018-09-06T11:00:00.0;-0.17605326574561772
2018-09-06T12:00:00.0;-0.17761443247735464
2018-09-06T13:00:00.0;-0.18175148346938869
2018-09-06T14:00:00.0;-0.18854306435781606
2018-09-06T15:00:00.0;-0.20051975874328024
2018-09-06T16:00:00.0;-0.2175138833963783
2018-09-06T17:00:00.0;-0.22792789146632075
2018-09-06T18:00:00.0;-0.2343622887738814
2018-09-06T19:00:00.0;-0.24299740248337467
2018-09-06T20:00:00.0;-0.24655759747376638
2018-09-06T21:00:00.0;-0.2368871272769539
2018-09-06T22:00:00.0;-0.22555513669165347
2018-09-06T23:00:00.0;-0.2112366375908164
2018-09-07T00:00:00.0;-0.20489158940435356
2018-09-07T01:00:00.0;-0.19505153941545353
2018-09-07T02:00:00.0;-0.18712110358492068
2018-09-07T03:00:00.0;-0.18015878926226378
2018-09-07T04:00:00.0;-0.17389909803281842
2018-09-07T05:00:00.0;-0.1723046097200448
2018-09-07T06:00:00.0;-0.17688651634526398
2018-09-07T07:00:00.0;-0.1827635941006965
2018-09-07T08:00:00.0;-0.18138899361986793
2018-09-07T09:00:00.0;-0.17599944112359753
2018-09-07T10:00:00.0;-0.1700777455374113
2018-09-07T11:00:00.0;-0.16653905279654707
2018-09-07T12:00:00.0;-0.16652991802596906
2018-09-07T13:00:00.0;-0.16894138500562234
2018-09-07T14:00:00.0;-0.17557333138888398
2018-09-07T15:00:00.0;-0.18618065108698229
2018-09-07T16:00:00.0;-0.20203676171930773
2018-09-07T17:00:00.0;-0.21703042578375759
2018-09-07T18:00:00.0;-0.22787008977734627
2018-09-07T19:00:00.0;-0.23695291753588932
2018-09-07T20:00:00.0;-0.23983452436515407
2018-09-07T21:00:00.0;-0.2395214144003353
2018-09-07T22:00:00.0;-0.2296575146731952
2018-09-07T23:00:00.0;-0.21663790390770574
2018-09-08T00:00:00.0;-0.1938024828607392
2018-09-08T01:00:00.0;-0.1852739936512791
2018-09-08T02:00:00.0;-0.1770245109887373
2018-09-08T03:00:00.0;-0.16884578102600706
2018-09-08T04:00:00.0;-0.16017860751634727
2018-09-08T05:00:00.0;-0.15436356943360233
2018-09-08T06:00:00.0;-0.155083973126701
2018-09-08T07:00:00.0;-0.15860034284974037
2018-09-08T08:00:00.0;-0.1596013832228268
2018-09-08T09:00:00.0;-0.15598087562055266
2018-09-08T10:00:00.0;-0.150967213009765
2018-09-08T11:00:00.0;-0.14794153074867084
2018-09-08T12:00:00.0;-0.14584183347958746
2018-09-08T13:00:00.0;-0.14913804263964442
2018-09-08T14:00:00.0;-0.15632263067780938
2018-09-08T15:00:00.0;-0.16847436231169982
2018-09-08T16:00:00.0;-0.18783822516018417
2018-09-08T17:00:00.0;-0.20648580209140704
2018-09-08T18:00:00.0;-0.21694172768508102
2018-09-08T19:00:00.0;-0.22723134610510834
2018-09-08T20:00:00.0;-0.23195408287355537
2018-09-08T21:00:00.0;-0.23280112145172077
2018-09-08T22:00:00.0;-0.2220749837173372
2018-09-08T23:00:00.0;-0.2097379281704953
2018-09-09T00:00:00.0;-0.19153015313864552
2018-09-09T01:00:00.0;-0.18322800527107416
2018-09-09T02:00:00.0;-0.1753288748115437
2018-09-09T03:00:00.0;-0.1676155941638656
2018-09-09T04:00:00.0;-0.1601127571093644
2018-09-09T05:00:00.0;-0.15639066122735343
2018-09-09T06:00:00.0;-0.1575039801640154
2018-09-09T07:00:00.0;-0.1587910935549896
2018-09-09T08:00:00.0;-0.15825391485906137
2018-09-09T09:00:00.0;-0.15393746590015
2018-09-09T10:00:00.0;-0.148977224925436
2018-09-09T11:00:00.0;-0.14678589222652147
2018-09-09T12:00:00.0;-0.1462469247017064
2018-09-09T13:00:00.0;-0.14984212161494448
2018-09-09T14:00:00.0;-0.15639113523186113
2018-09-09T15:00:00.0;-0.16799314110745792
2018-09-09T16:00:00.0;-0.18765869951749933
2018-09-09T17:00:00.0;-0.20385868144473437
2018-09-09T18:00:00.0;-0.21642780382473803
2018-09-09T19:00:00.0;-0.22651620663895386
2018-09-09T20:00:00.0;-0.22947759709886367
2018-09-09T21:00:00.0;-0.22816283658882916
2018-09-09T22:00:00.0;-0.21760865294359558
2018-09-09T23:00:00.0;-0.2058468422861191
2018-09-10T00:00:00.0;-0.20395986029315152
2018-09-10T01:00:00.0;-0.19437561083993138
2018-09-10T02:00:00.0;-0.18664394904589643
2018-09-10T03:00:00.0;-0.17975878218543037
2018-09-10T04:00:00.0;-0.1750647928636849
2018-09-10T05:00:00.0;-0.17648849017336807
2018-09-10T06:00:00.0;-0.18424642550175002
2018-09-10T07:00:00.0;-0.19080621858483443
2018-09-10T08:00:00.0;-0.18830192216336247
2018-09-10T09:00:00.0;-0.18124022926826835
2018-09-10T10:00:00.0;-0.17521637237026513
2018-09-10T11:00:00.0;-0.17181557326673988
2018-09-10T12:00:00.0;-0.1725892504895337
2018-09-10T13:00:00.0;-0.1763318792630971
2018-09-10T14:00:00.0;-0.18283394921440016
2018-09-10T15:00:00.0;-0.19342146401425764
2018-09-10T16:00:00.0;-0.20979744266000236
2018-09-10T17:00:00.0;-0.22414370913924508
2018-09-10T18:00:00.0;-0.2332349139954261
2018-09-10T19:00:00.0;-0.2421395246531726
2018-09-10T20:00:00.0;-0.24416123715777444
2018-09-10T21:00:00.0;-0.2389549492736133
2018-09-10T22:00:00.0;-0.22789056956953144
2018-09-10T23:00:00.0;-0.21474797453367409
2018-09-11T00:00:00.0;-0.2069380392359396
2018-09-11T01:00:00.0;-0.19696319721972705
2018-09-11T02:00:00.0;-0.18958460290706297
2018-09-11T03:00:00.0;-0.18274469746176508
2018-09-11T04:00:00.0;-0.17564666756411845
2018-09-11T05:00:00.0;-0.1736559039399338
2018-09-11T06:00:00.0;-0.18218865558527952
2018-09-11T07:00:00.0;-0.1938938221642802
2018-09-11T08:00:00.0;-0.19421524341679558
2018-09-11T09:00:00.0;-0.18793026874650925
2018-09-11T10:00:00.0;-0.17864868940511977
2018-09-11T11:00:00.0;-0.17336570886403338
2018-09-11T12:00:00.0;-0.17136517482672023
2018-09-11T13:00:00.0;-0.17625085422672843
2018-09-11T14:00:00.0;-0.18391563847015072
2018-09-11T15:00:00.0;-0.19445861820493698
2018-09-11T16:00:00.0;-0.21123339536010372
2018-09-11T17:00:00.0;-0.23096608317536407
2018-09-11T18:00:00.0;-0.23936760369278007
2018-09-11T19:00:00.0;-0.24704892800963804
2018-09-11T20:00:00.0;-0.24919014276747084
2018-09-11T21:00:00.0;-0.24556053453077129
2018-09-11T22:00:00.0;-0.23376427648206413
2018-09-11T23:00:00.0;-0.2220082658078832
2018-09-12T00:00:00.0;-0.20400247180452985
2018-09-12T01:00:00.0;-0.19474246505447732
2018-09-12T02:00:00.0;-0.187173985439491
2018-09-12T03:00:00.0;-0.18035402303245254
2018-09-12T04:00:00.0;-0.17801224385768694
2018-09-12T05:00:00.0;-0.1841339164414498
2018-09-12T06:00:00.0;-0.19758415221070988
2018-09-12T07:00:00.0;-0.20449640776760394
2018-09-12T08:00:00.0;-0.19939556344198583
2018-09-12T09:00:00.0;-0.18874907748160138
2018-09-12T10:00:00.0;-0.18156394061798045
2018-09-12T11:00:00.0;-0.17707997789716923
2018-09-12T12:00:00.0;-0.1782276571499344
2018-09-12T13:00:00.0;-0.1829330186978314
2018-09-12T14:00:00.0;-0.18999957090322991
2018-09-12T15:00:00.0;-0.2017395212843194
2018-09-12T16:00:00.0;-0.21864723760319862
2018-09-12T17:00:00.0;-0.2306673234643768
2018-09-12T18:00:00.0;-0.23723090726602902
2018-09-12T19:00:00.0;-0.2456457297812616
2018-09-12T20:00:00.0;-0.24864277436961074
2018-09-12T21:00:00.0;-0.23900620171258605
2018-09-12T22:00:00.0;-0.22720795422426132
2018-09-12T23:00:00.0;-0.21324521365987
2018-09-13T00:00:00.0;-0.20219973647666326
2018-09-13T01:00:00.0;-0.19313959755757873
2018-09-13T02:00:00.0;-0.18609414728491905
2018-09-13T03:00:00.0;-0.1796919148601189
2018-09-13T04:00:00.0;-0.17637618072961003
2018-09-13T05:00:00.0;-0.18111784892834593
2018-09-13T06:00:00.0;-0.19110631985401913
2018-09-13T07:00:00.0;-0.19281781540609
2018-09-13T08:00:00.0;-0.18713345480805108
2018-09-13T09:00:00.0;-0.17665777259693838
2018-09-13T10:00:00.0;-0.1683031541883065
2018-09-13T11:00:00.0;-0.16363820158809067
2018-09-13T12:00:00.0;-0.16454661000045329
2018-09-13T13:00:00.0;-0.16784116995294984
2018-09-13T14:00:00.0;-0.17484714798410972
2018-09-13T15:00:00.0;-0.1875662862585084
2018-09-13T16:00:00.0;-0.20548959895195323
2018-09-13T17:00:00.0;-0.2169535614325645
2018-09-13T18:00:00.0;-0.2336060069308217
2018-09-13T19:00:00.0;-0.24151207152674894
2018-09-13T20:00:00.0;-0.24110358160487722
2018-09-13T21:00:00.0;-0.23664688249816104
2018-09-13T22:00:00.0;-0.22646452029339975
2018-09-13T23:00:00.0;-0.21218024676133626
2018-09-14T00:00:00.0;-0.20196922400532566
2018-09-14T01:00:00.0;-0.1923556852765362
2018-09-14T02:00:00.0;-0.1846178834732981
2018-09-14T03:00:00.0;-0.17757648428504255
2018-09-14T04:00:00.0;-0.17071993887263376
2018-09-14T05:00:00.0;-0.1680813925385494
2018-09-14T06:00:00.0;-0.17161728160971826
2018-09-14T07:00:00.0;-0.17873640125451926
2018-09-14T08:00:00.0;-0.17895063265533143
2018-09-14T09:00:00.0;-0.17488946617898207
2018-09-14T10:00:00.0;-0.16950481077503116
2018-09-14T11:00:00.0;-0.16708460349731852
2018-09-14T12:00:00.0;-0.16725053469764373
2018-09-14T13:00:00.0;-0.17121961117646925
2018-09-14T14:00:00.0;-0.17732850745884643
2018-09-14T15:00:00.0;-0.18687646985741257
2018-09-14T16:00:00.0;-0.20364164298393875
2018-09-14T17:00:00.0;-0.22126941915292278
2018-09-14T18:00:00.0;-0.2316076559221708
2018-09-14T19:00:00.0;-0.240843503177455
2018-09-14T20:00:00.0;-0.24167011856500026
2018-09-14T21:00:00.0;-0.2382397452130119
2018-09-14T22:00:00.0;-0.22694433592893734
2018-09-14T23:00:00.0;-0.21504778651660555
2018-09-15T00:00:00.0;-0.19295356818596007
2018-09-15T01:00:00.0;-0.18493630708034828
2018-09-15T02:00:00.0;-0.17828509850037053
2018-09-15T03:00:00.0;-0.1715142198984007
2018-09-15T04:00:00.0;-0.16677112542459582
2018-09-15T05:00:00.0;-0.16945650558481676
2018-09-15T06:00:00.0;-0.17868416392313333
2018-09-15T07:00:00.0;-0.179172565341197
2018-09-15T08:00:00.0;-0.17416983398252367
2018-09-15T09:00:00.0;-0.16366036277743345
2018-09-15T10:00:00.0;-0.15419002572942814
2018-09-15T11:00:00.0;-0.14932927720814684
2018-09-15T12:00:00.0;-0.14879563174700097
2018-09-15T13:00:00.0;-0.1539069939370249
2018-09-15T14:00:00.0;-0.16197867154600773
2018-09-15T15:00:00.0;-0.17606120188360044
2018-09-15T16:00:00.0;-0.19690598929103456
2018-09-15T17:00:00.0;-0.21080925198142372
2018-09-15T18:00:00.0;-0.2275584151509817
2018-09-15T19:00:00.0;-0.2358450719813811
2018-09-15T20:00:00.0;-0.23652043347190638
2018-09-15T21:00:00.0;-0.2314158581157899
2018-09-15T22:00:00.0;-0.22005928730154092
2018-09-15T23:00:00.0;-0.20684027005151978
2018-09-16T00:00:00.0;-0.19310294125273225
2018-09-16T01:00:00.0;-0.18438481402617937
2018-09-16T02:00:00.0;-0.17682948458563208
2018-09-16T03:00:00.0;-0.16941919166578667
2018-09-16T04:00:00.0;-0.16095937159665505
2018-09-16T05:00:00.0;-0.15551837517339884
2018-09-16T06:00:00.0;-0.15695704248424996
2018-09-16T07:00:00.0;-0.16154926089864488
2018-09-16T08:00:00.0;-0.16183590921409055
2018-09-16T09:00:00.0;-0.15804646225022298
2018-09-16T10:00:00.0;-0.15224738666246965
2018-09-16T11:00:00.0;-0.14962319581614436
2018-09-16T12:00:00.0;-0.14850009332550304
2018-09-16T13:00:00.0;-0.1531316227905256
2018-09-16T14:00:00.0;-0.1605838330956577
2018-09-16T15:00:00.0;-0.17189176554919705
2018-09-16T16:00:00.0;-0.19069420315651645
2018-09-16T17:00:00.0;-0.20916801928961515
2018-09-16T18:00:00.0;-0.21938115106746922
2018-09-16T19:00:00.0;-0.22958534344199333
2018-09-16T20:00:00.0;-0.23353352041909553
2018-09-16T21:00:00.0;-0.232548118839448
2018-09-16T22:00:00.0;-0.2210508081816557
2018-09-16T23:00:00.0;-0.20961658791862808
2018-09-17T00:00:00.0;-0.2015694995074951
2018-09-17T01:00:00.0;-0.1925660441045701
2018-09-17T02:00:00.0;-0.1856592137566252
2018-09-17T03:00:00.0;-0.17923833842384249
2018-09-17T04:00:00.0;-0.17565359844159192
2018-09-17T05:00:00.0;-0.18009902317458507
2018-09-17T06:00:00.0;-0.19097928902068334
2018-09-17T07:00:00.0;-0.19420241486004697
2018-09-17T08:00:00.0;-0.18893034916038712
2018-09-17T09:00:00.0;-0.1783150150088191
2018-09-17T10:00:00.0;-0.16936046843459265
2018-09-17T11:00:00.0;-0.16441251444488034
2018-09-17T12:00:00.0;-0.16485978617076807
2018-09-17T13:00:00.0;-0.16903938457268922
2018-09-17T14:00:00.0;-0.1764404181872376
2018-09-17T15:00:00.0;-0.18920189556248007
2018-09-17T16:00:00.0;-0.20744393296565913
2018-09-17T17:00:00.0;-0.22016340316750393
2018-09-17T18:00:00.0;-0.23526774326409947
2018-09-17T19:00:00.0;-0.2430946264264045
2018-09-17T20:00:00.0;-0.2431049253451802
2018-09-17T21:00:00.0;-0.23750821731242538
2018-09-17T22:00:00.0;-0.22659810155565166
2018-09-17T23:00:00.0;-0.21268448622200917
2018-09-18T00:00:00.0;-0.20531191220009973
2018-09-18T01:00:00.0;-0.19591295008747847
2018-09-18T02:00:00.0;-0.1875118321971486
2018-09-18T03:00:00.0;-0.17927318095654554
2018-09-18T04:00:00.0;-0.17134467261739117
2018-09-18T05:00:00.0;-0.1678506764138518
2018-09-18T06:00:00.0;-0.17431569434472646
2018-09-18T07:00:00.0;-0.18427705980887257
2018-09-18T08:00:00.0;-0.18647138158068172
2018-09-18T09:00:00.0;-0.18105119769624464
2018-09-18T10:00:00.0;-0.1734426003427478
2018-09-18T11:00:00.0;-0.16801583472717435
2018-09-18T12:00:00.0;-0.16428655286203483
2018-09-18T13:00:00.0;-0.1678114622228662
2018-09-18T14:00:00.0;-0.17505050346741663
2018-09-18T15:00:00.0;-0.18694925543867538
2018-09-18T16:00:00.0;-0.2054121346653505
2018-09-18T17:00:00.0;-0.2269523219754681
2018-09-18T18:00:00.0;-0.2357095213627704
2018-09-18T19:00:00.0;-0.24388590406857605
2018-09-18T20:00:00.0;-0.24667261564941
2018-09-18T21:00:00.0;-0.24500725434119805
2018-09-18T22:00:00.0;-0.23364280570535564
2018-09-18T23:00:00.0;-0.220660588942115
2018-09-19T00:00:00.0;-0.2032750968494171
2018-09-19T01:00:00.0;-0.19365479272508102
2018-09-19T02:00:00.0;-0.18645008128532328
2018-09-19T03:00:00.0;-0.17947543816264278
2018-09-19T04:00:00.0;-0.17171521974576265
2018-09-19T05:00:00.0;-0.16857407991124754
2018-09-19T06:00:00.0;-0.17625186814542254
2018-09-19T07:00:00.0;-0.1876177806223435
2018-09-19T08:00:00.0;-0.18838345862663747
2018-09-19T09:00:00.0;-0.18244418470843518
2018-09-19T10:00:00.0;-0.17321647994718695
2018-09-19T11:00:00.0;-0.1681729608917285
2018-09-19T12:00:00.0;-0.16578759806023627
2018-09-19T13:00:00.0;-0.17150364266061077
2018-09-19T14:00:00.0;-0.17955252127960356
2018-09-19T15:00:00.0;-0.19049984580593377
2018-09-19T16:00:00.0;-0.20821214971786609
2018-09-19T17:00:00.0;-0.22930303023890586
2018-09-19T18:00:00.0;-0.23763391279336682
2018-09-19T19:00:00.0;-0.24574822057079224
2018-09-19T20:00:00.0;-0.24806553262147613
2018-09-19T21:00:00.0;-0.244122898037988
2018-09-19T22:00:00.0;-0.23159475668022952
2018-09-19T23:00:00.0;-0.22005564816811746
2018-09-20T00:00:00.0;-0.20709924485125492
2018-09-20T01:00:00.0;-0.19771202542374489
2018-09-20T02:00:00.0;-0.1888263678820577
2018-09-20T03:00:00.0;-0.18020166790002487
2018-09-20T04:00:00.0;-0.17289648062619725
2018-09-20T05:00:00.0;-0.17044227219241778
2018-09-20T06:00:00.0;-0.17724128890627372
2018-09-20T07:00:00.0;-0.1863556402896778
2018-09-20T08:00:00.0;-0.1883420493382567
2018-09-20T09:00:00.0;-0.18253473721876784
2018-09-20T10:00:00.0;-0.1756835570522372
2018-09-20T11:00:00.0;-0.17009500919670117
2018-09-20T12:00:00.0;-0.16632206624865836
2018-09-20T13:00:00.0;-0.1687674927834346
2018-09-20T14:00:00.0;-0.17557352859477562
2018-09-20T15:00:00.0;-0.18783691885850864
2018-09-20T16:00:00.0;-0.2062166125634422
2018-09-20T17:00:00.0;-0.2267390899956181
2018-09-20T18:00:00.0;-0.23557518763170138
2018-09-20T19:00:00.0;-0.24372093266453104
2018-09-20T20:00:00.0;-0.24667732917726032
2018-09-20T21:00:00.0;-0.24543555020529312
2018-09-20T22:00:00.0;-0.23470999339508974
2018-09-20T23:00:00.0;-0.22083986658376684
2018-09-21T00:00:00.0;-0.2062819907662067
2018-09-21T01:00:00.0;-0.19697674433744533
2018-09-21T02:00:00.0;-0.18804122438892323
2018-09-21T03:00:00.0;-0.1792389693219829
2018-09-21T04:00:00.0;-0.17124050799970952
2018-09-21T05:00:00.0;-0.16760258552699492
2018-09-21T06:00:00.0;-0.1735539618026225
2018-09-21T07:00:00.0;-0.18292310295857855
2018-09-21T08:00:00.0;-0.1857620405348563
2018-09-21T09:00:00.0;-0.1805668740887002
2018-09-21T10:00:00.0;-0.17367055115065128
2018-09-21T11:00:00.0;-0.1680641501971036
2018-09-21T12:00:00.0;-0.16373060804246767
2018-09-21T13:00:00.0;-0.16628013903222055
2018-09-21T14:00:00.0;-0.1731551874672657
2018-09-21T15:00:00.0;-0.18547282039473087
2018-09-21T16:00:00.0;-0.20426438763557986
2018-09-21T17:00:00.0;-0.22601994887077098
2018-09-21T18:00:00.0;-0.23495936317860217
2018-09-21T19:00:00.0;-0.24315272339434002
2018-09-21T20:00:00.0;-0.246132224184089
2018-09-21T21:00:00.0;-0.24546324320774557
2018-09-21T22:00:00.0;-0.23461344847742957
2018-09-21T23:00:00.0;-0.22098542491828693
2018-09-22T00:00:00.0;-0.19762582715836446
2018-09-22T01:00:00.0;-0.1889387475033903
2018-09-22T02:00:00.0;-0.18051992276978837
2018-09-22T03:00:00.0;-0.17231953550953089
2018-09-22T04:00:00.0;-0.16433852387098105
2018-09-22T05:00:00.0;-0.16035730730767364
2018-09-22T06:00:00.0;-0.16394460434200525
2018-09-22T07:00:00.0;-0.16861017954713306
2018-09-22T08:00:00.0;-0.16938694391372558
2018-09-22T09:00:00.0;-0.16444984002218047
2018-09-22T10:00:00.0;-0.1577468820782769
2018-09-22T11:00:00.0;-0.15344196158516477
2018-09-22T12:00:00.0;-0.15073152771398954
2018-09-22T13:00:00.0;-0.15351097296575192
2018-09-22T14:00:00.0;-0.16051345400860517
2018-09-22T15:00:00.0;-0.17267826159032934
2018-09-22T16:00:00.0;-0.1921125321972521
2018-09-22T17:00:00.0;-0.2099835443009642
2018-09-22T18:00:00.0;-0.22044611081553084
2018-09-22T19:00:00.0;-0.22939318870210262
2018-09-22T20:00:00.0;-0.23396706608625226
2018-09-22T21:00:00.0;-0.2342240584904449
2018-09-22T22:00:00.0;-0.22425716767093495
2018-09-22T23:00:00.0;-0.21226316690828645
2018-09-23T00:00:00.0;-0.1900903459657068
2018-09-23T01:00:00.0;-0.18148360618416307
2018-09-23T02:00:00.0;-0.17310394965031545
2018-09-23T03:00:00.0;-0.16531690486049633
2018-09-23T04:00:00.0;-0.15778062822553351
2018-09-23T05:00:00.0;-0.15234590164331271
2018-09-23T06:00:00.0;-0.14650337411540476
2018-09-23T07:00:00.0;-0.14713090934619227
2018-09-23T08:00:00.0;-0.1492380570441339
2018-09-23T09:00:00.0;-0.15021827062266102
2018-09-23T10:00:00.0;-0.15138561823048682
2018-09-23T11:00:00.0;-0.1542758351713541
2018-09-23T12:00:00.0;-0.15729806384072698
2018-09-23T13:00:00.0;-0.16095511650619992
2018-09-23T14:00:00.0;-0.16416352950405286
2018-09-23T15:00:00.0;-0.1714910746110912
2018-09-23T16:00:00.0;-0.1897578596648704
2018-09-23T17:00:00.0;-0.20682812946091417
2018-09-23T18:00:00.0;-0.21940469224395806
2018-09-23T19:00:00.0;-0.2312038235441092
2018-09-23T20:00:00.0;-0.22903223909909637
2018-09-23T21:00:00.0;-0.22393227247981057
2018-09-23T22:00:00.0;-0.21246435607697
2018-09-23T23:00:00.0;-0.20169756953972098
2018-09-24T00:00:00.0;-0.20129379732575728
2018-09-24T01:00:00.0;-0.19195069678368362
2018-09-24T02:00:00.0;-0.18495674983241478
2018-09-24T03:00:00.0;-0.17821537914828073
2018-09-24T04:00:00.0;-0.17140488729058756
2018-09-24T05:00:00.0;-0.16997252949990702
2018-09-24T06:00:00.0;-0.17810336590185524
2018-09-24T07:00:00.0;-0.18662828951056737
2018-09-24T08:00:00.0;-0.18550749156219234
2018-09-24T09:00:00.0;-0.17830824309856966
2018-09-24T10:00:00.0;-0.16903397471750323
2018-09-24T11:00:00.0;-0.1640783661005235
2018-09-24T12:00:00.0;-0.16249621351239973
2018-09-24T13:00:00.0;-0.16792749467978113
2018-09-24T14:00:00.0;-0.17602219393995916
2018-09-24T15:00:00.0;-0.18764932152197053
2018-09-24T16:00:00.0;-0.20568767637121796
2018-09-24T17:00:00.0;-0.22429794389891655
2018-09-24T18:00:00.0;-0.2348014246730639
2018-09-24T19:00:00.0;-0.24300154606061258
2018-09-24T20:00:00.0;-0.24505105017322557
2018-09-24T21:00:00.0;-0.2411071423900979
2018-09-24T22:00:00.0;-0.22903775195349332
2018-09-24T23:00:00.0;-0.2169946634654209
2018-09-25T00:00:00.0;-0.19968308992119477
2018-09-25T01:00:00.0;-0.19103874751916838
2018-09-25T02:00:00.0;-0.18449317612597152
2018-09-25T03:00:00.0;-0.178246868193326
2018-09-25T04:00:00.0;-0.17570139346110622
2018-09-25T05:00:00.0;-0.1823642947031076
2018-09-25T06:00:00.0;-0.19494044112126507
2018-09-25T07:00:00.0;-0.1970070187264462
2018-09-25T08:00:00.0;-0.19061665177646958
2018-09-25T09:00:00.0;-0.17856801976872663
2018-09-25T10:00:00.0;-0.16908977310610177
2018-09-25T11:00:00.0;-0.16422582316035467
2018-09-25T12:00:00.0;-0.1652356859357483
2018-09-25T13:00:00.0;-0.17025180743742796
2018-09-25T14:00:00.0;-0.17749974280244013
2018-09-25T15:00:00.0;-0.19058445056785736
2018-09-25T16:00:00.0;-0.20983288836933456
2018-09-25T17:00:00.0;-0.2219550848311345
2018-09-25T18:00:00.0;-0.23889737124962504
2018-09-25T19:00:00.0;-0.24637307085697574
2018-09-25T20:00:00.0;-0.24437012442221206
2018-09-25T21:00:00.0;-0.23587997557563437
2018-09-25T22:00:00.0;-0.22435118151888467
2018-09-25T23:00:00.0;-0.21031473560007374
2018-09-26T00:00:00.0;-0.2002500766055199
2018-09-26T01:00:00.0;-0.19092294770088497
2018-09-26T02:00:00.0;-0.18369226267647384
2018-09-26T03:00:00.0;-0.1766318501530793
2018-09-26T04:00:00.0;-0.1687081642872615
2018-09-26T05:00:00.0;-0.1650825568337167
2018-09-26T06:00:00.0;-0.17145698789525465
2018-09-26T07:00:00.0;-0.18083078740958616
2018-09-26T08:00:00.0;-0.18118157663917592
2018-09-26T09:00:00.0;-0.1754469639488996
2018-09-26T10:00:00.0;-0.16677941204676558
2018-09-26T11:00:00.0;-0.16211922724497463
2018-09-26T12:00:00.0;-0.15992139930762733
2018-09-26T13:00:00.0;-0.1653893901610492
2018-09-26T14:00:00.0;-0.17351832943171672
2018-09-26T15:00:00.0;-0.18487653624661837
2018-09-26T16:00:00.0;-0.20301081528629789
2018-09-26T17:00:00.0;-0.223237785061047
2018-09-26T18:00:00.0;-0.23220622049135622
2018-09-26T19:00:00.0;-0.24082982478939333
2018-09-26T20:00:00.0;-0.2439006146736622
2018-09-26T21:00:00.0;-0.24097406144223918
2018-09-26T22:00:00.0;-0.22875487920195187
2018-09-26T23:00:00.0;-0.21716682241285443
2018-09-27T00:00:00.0;-0.201964645914847
2018-09-27T01:00:00.0;-0.1926358310825284
2018-09-27T02:00:00.0;-0.18544056183151628
2018-09-27T03:00:00.0;-0.1787737163453696
2018-09-27T04:00:00.0;-0.17344715651452597
2018-09-27T05:00:00.0;-0.1743092394061951
2018-09-27T06:00:00.0;-0.1818187973280784
2018-09-27T07:00:00.0;-0.18763896210824002
2018-09-27T08:00:00.0;-0.18540279085374153
2018-09-27T09:00:00.0;-0.17806806322748986
2018-09-27T10:00:00.0;-0.17052117650495796
2018-09-27T11:00:00.0;-0.1667769406163836
2018-09-27T12:00:00.0;-0.1669615318905693
2018-09-27T13:00:00.0;-0.1714354357237373
2018-09-27T14:00:00.0;-0.17818904156684182
2018-09-27T15:00:00.0;-0.18918379263394716
2018-09-27T16:00:00.0;-0.20685260918937998
2018-09-27T17:00:00.0;-0.22278786774995563
2018-09-27T18:00:00.0;-0.23575236544101702
2018-09-27T19:00:00.0;-0.24406923517018708
2018-09-27T20:00:00.0;-0.2437733114062887
2018-09-27T21:00:00.0;-0.23858539364497183
2018-09-27T22:00:00.0;-0.22715403551586946
2018-09-27T23:00:00.0;-0.21447029702678982
2018-09-28T00:00:00.0;-0.19916893012651793
2018-09-28T01:00:00.0;-0.19046415410876907
2018-09-28T02:00:00.0;-0.1840475598703728
2018-09-28T03:00:00.0;-0.17771234612926
2018-09-28T04:00:00.0;-0.1737196037674963
2018-09-28T05:00:00.0;-0.17800472005760967
2018-09-28T06:00:00.0;-0.19039602767533118
2018-09-28T07:00:00.0;-0.19501775155378884
2018-09-28T08:00:00.0;-0.1901130920031981
2018-09-28T09:00:00.0;-0.178819300689746
2018-09-28T10:00:00.0;-0.16828549926427835
2018-09-28T11:00:00.0;-0.16279686742309865
2018-09-28T12:00:00.0;-0.16245666426070646
2018-09-28T13:00:00.0;-0.16834640251924887
2018-09-28T14:00:00.0;-0.17641965271896326
2018-09-28T15:00:00.0;-0.18957524693371203
2018-09-28T16:00:00.0;-0.20907494523815512
2018-09-28T17:00:00.0;-0.2239812728605153
2018-09-28T18:00:00.0;-0.23889046648428483
2018-09-28T19:00:00.0;-0.24632720386970464
2018-09-28T20:00:00.0;-0.24569425523550822
2018-09-28T21:00:00.0;-0.23796339738991237
2018-09-28T22:00:00.0;-0.22577004759650893
2018-09-28T23:00:00.0;-0.2125075762981009
2018-09-29T00:00:00.0;-0.19228451670721475
2018-09-29T01:00:00.0;-0.1838501073394123
2018-09-29T02:00:00.0;-0.1763358624222681
2018-09-29T03:00:00.0;-0.1691763535008964
2018-09-29T04:00:00.0;-0.16359845255059932
2018-09-29T05:00:00.0;-0.1630087814265485
2018-09-29T06:00:00.0;-0.16419961124604207
2018-09-29T07:00:00.0;-0.1648411525073144
2018-09-29T08:00:00.0;-0.16363166966094042
2018-09-29T09:00:00.0;-0.15947992341896838
2018-09-29T10:00:00.0;-0.15642470219598284
2018-09-29T11:00:00.0;-0.15652472312965185
2018-09-29T12:00:00.0;-0.15887337429337664
2018-09-29T13:00:00.0;-0.1634641875680326
2018-09-29T14:00:00.0;-0.1681450458398268
2018-09-29T15:00:00.0;-0.17773026011155166
2018-09-29T16:00:00.0;-0.19695122100720877
2018-09-29T17:00:00.0;-0.2124031462102413
2018-09-29T18:00:00.0;-0.22767147759724646
2018-09-29T19:00:00.0;-0.23775178658409277
2018-09-29T20:00:00.0;-0.234705387649026
2018-09-29T21:00:00.0;-0.2274554587656393
2018-09-29T22:00:00.0;-0.2156627095997733
2018-09-29T23:00:00.0;-0.2037994293184766
2018-09-30T00:00:00.0;-0.19168222133332766
2018-09-30T01:00:00.0;-0.1830857960979703
2018-09-30T02:00:00.0;-0.17462563235600054
2018-09-30T03:00:00.0;-0.16665634029280738
2018-09-30T04:00:00.0;-0.15867816033089738
2018-09-30T05:00:00.0;-0.1530581147047067
2018-09-30T06:00:00.0;-0.14947773880884188
2018-09-30T07:00:00.0;-0.15112174102301276
2018-09-30T08:00:00.0;-0.1529910371822669
2018-09-30T09:00:00.0;-0.15251998367524203
2018-09-30T10:00:00.0;-0.1513922377618107
2018-09-30T11:00:00.0;-0.1521390470413287
2018-09-30T12:00:00.0;-0.1532905454424485
2018-09-30T13:00:00.0;-0.15652393999595485
2018-09-30T14:00:00.0;-0.1609562926064618
2018-09-30T15:00:00.0;-0.169761827301482
2018-09-30T16:00:00.0;-0.18839546531138063
2018-09-30T17:00:00.0;-0.20562312207635666
2018-09-30T18:00:00.0;-0.217199755556546
2018-09-30T19:00:00.0;-0.2282723996916831
2018-09-30T20:00:00.0;-0.22888048923130822
2018-09-30T21:00:00.0;-0.22616519026133006
2018-09-30T22:00:00.0;-0.2153704453777116
2018-09-30T23:00:00.0;-0.2044436456751832
2018-10-01T00:00:00.0;-0.20266514747919134
2018-10-01T01:00:00.0;-0.1936414188994409
2018-10-01T02:00:00.0;-0.18587294012749622
2018-10-01T03:00:00.0;-0.17817083037469178
2018-10-01T04:00:00.0;-0.17164727958608456
2018-10-01T05:00:00.0;-0.17100071069698025
2018-10-01T06:00:00.0;-0.17946144536789843
2018-10-01T07:00:00.0;-0.1868867810439364
2018-10-01T08:00:00.0;-0.18656481834146493
2018-10-01T09:00:00.0;-0.17891982010755808
2018-10-01T10:00:00.0;-0.1703039086392701
2018-10-01T11:00:00.0;-0.16477145362682372
2018-10-01T12:00:00.0;-0.16205763140235993
2018-10-01T13:00:00.0;-0.16623764080258782
2018-10-01T14:00:00.0;-0.17372443139045002
2018-10-01T15:00:00.0;-0.1863751977627316
2018-10-01T16:00:00.0;-0.2055870234631408
2018-10-01T17:00:00.0;-0.22477463370922368
2018-10-01T18:00:00.0;-0.23640688967902262
2018-10-01T19:00:00.0;-0.24429100723852132
2018-10-01T20:00:00.0;-0.24567739257878174
2018-10-01T21:00:00.0;-0.24207306104890453
2018-10-01T22:00:00.0;-0.23053211425478629
2018-10-01T23:00:00.0;-0.2172576233046514
2018-10-02T00:00:00.0;-0.210843471891539
2018-10-02T01:00:00.0;-0.20102185595003752
2018-10-02T02:00:00.0;-0.19246937194461458
2018-10-02T03:00:00.0;-0.18415775791512862
2018-10-02T04:00:00.0;-0.17666436985185544
2018-10-02T05:00:00.0;-0.17432285207624812
2018-10-02T06:00:00.0;-0.1830898772686232
2018-10-02T07:00:00.0;-0.19594821356678166
2018-10-02T08:00:00.0;-0.198890104934318
2018-10-02T09:00:00.0;-0.19293673900533195
2018-10-02T10:00:00.0;-0.18457628857092392
2018-10-02T11:00:00.0;-0.17836189467158067
2018-10-02T12:00:00.0;-0.17411544191162007
2018-10-02T13:00:00.0;-0.1776554684664995
2018-10-02T14:00:00.0;-0.18459430224275322
2018-10-02T15:00:00.0;-0.19608019658648723
2018-10-02T16:00:00.0;-0.21406301180163836
2018-10-02T17:00:00.0;-0.23694427770616153
2018-10-02T18:00:00.0;-0.24503730372880964
2018-10-02T19:00:00.0;-0.2522811948911679
2018-10-02T20:00:00.0;-0.25365079802979984
2018-10-02T21:00:00.0;-0.25045268943502835
2018-10-02T22:00:00.0;-0.23878620310940551
2018-10-02T23:00:00.0;-0.22551558002197836
2018-10-03T00:00:00.0;-0.19992836946489448
2018-10-03T01:00:00.0;-0.19124116183023895
2018-10-03T02:00:00.0;-0.18493481282309618
2018-10-03T03:00:00.0;-0.1787385250736139
2018-10-03T04:00:00.0;-0.17574271343034184
2018-10-03T05:00:00.0;-0.18194432945929756
2018-10-03T06:00:00.0;-0.195895999612583
2018-10-03T07:00:00.0;-0.2004662688295901
2018-10-03T08:00:00.0;-0.19479563146457868
2018-10-03T09:00:00.0;-0.18255589940381312
2018-10-03T10:00:00.0;-0.17192222603985163
2018-10-03T11:00:00.0;-0.16648808395580914
2018-10-03T12:00:00.0;-0.166743509519917
2018-10-03T13:00:00.0;-0.17292859828870313
2018-10-03T14:00:00.0;-0.18071201668549716
2018-10-03T15:00:00.0;-0.19375394190939949
2018-10-03T16:00:00.0;-0.21329549376839824
2018-10-03T17:00:00.0;-0.2274489177972815
2018-10-03T18:00:00.0;-0.2427419298878223
2018-10-03T19:00:00.0;-0.2498791908440847
2018-10-03T20:00:00.0;-0.2480144048917998
2018-10-03T21:00:00.0;-0.23816084354758976
2018-10-03T22:00:00.0;-0.22568074146427444
2018-10-03T23:00:00.0;-0.21218080074241333
2018-10-04T00:00:00.0;-0.20533267427564353
2018-10-04T01:00:00.0;-0.1958802733556507
2018-10-04T02:00:00.0;-0.18900210865611114
2018-10-04T03:00:00.0;-0.18257659083677066
2018-10-04T04:00:00.0;-0.17891167241874772
2018-10-04T05:00:00.0;-0.183463464421718
2018-10-04T06:00:00.0;-0.19735626948341836
2018-10-04T07:00:00.0;-0.20666323461619052
2018-10-04T08:00:00.0;-0.20297440596625685
2018-10-04T09:00:00.0;-0.1924743194423163
2018-10-04T10:00:00.0;-0.18269309856941204
2018-10-04T11:00:00.0;-0.17725653943133357
2018-10-04T12:00:00.0;-0.17709758661362682
2018-10-04T13:00:00.0;-0.18303199248449395
2018-10-04T14:00:00.0;-0.19065314363121594
2018-10-04T15:00:00.0;-0.20226646985801797
2018-10-04T16:00:00.0;-0.21985067163253477
2018-10-04T17:00:00.0;-0.23561498617133456
2018-10-04T18:00:00.0;-0.24508189841468592
2018-10-04T19:00:00.0;-0.25238939768413565
2018-10-04T20:00:00.0;-0.2527388556604905
2018-10-04T21:00:00.0;-0.2431823645648907
2018-10-04T22:00:00.0;-0.2305582157975944
2018-10-04T23:00:00.0;-0.21748759979122703
2018-10-05T00:00:00.0;-0.20081874575495362
2018-10-05T01:00:00.0;-0.19223103563321098
2018-10-05T02:00:00.0;-0.1860644816332153
2018-10-05T03:00:00.0;-0.18012695090646333
2018-10-05T04:00:00.0;-0.17830324277824494
2018-10-05T05:00:00.0;-0.18684593802390828
2018-10-05T06:00:00.0;-0.20191445327868007
2018-10-05T07:00:00.0;-0.2032007762561253
2018-10-05T08:00:00.0;-0.1952558366129755
2018-10-05T09:00:00.0;-0.18103401162052363
2018-10-05T10:00:00.0;-0.1696368081686087
2018-10-05T11:00:00.0;-0.16348384485868175
2018-10-05T12:00:00.0;-0.1641529529410729
2018-10-05T13:00:00.0;-0.1691411634290983
2018-10-05T14:00:00.0;-0.17701075592983978
2018-10-05T15:00:00.0;-0.1912323732706121
2018-10-05T16:00:00.0;-0.21087522076664247
2018-10-05T17:00:00.0;-0.22198246216843828
2018-10-05T18:00:00.0;-0.24139923386231305
2018-10-05T19:00:00.0;-0.24807386522608846
2018-10-05T20:00:00.0;-0.24548988514122033
2018-10-05T21:00:00.0;-0.23721274304540735
2018-10-05T22:00:00.0;-0.22596164955710862
2018-10-05T23:00:00.0;-0.21131945592306955
2018-10-06T00:00:00.0;-0.2002071878154032
2018-10-06T01:00:00.0;-0.1909656140272132
2018-10-06T02:00:00.0;-0.18394907164192023
2018-10-06T03:00:00.0;-0.17719515414868445
2018-10-06T04:00:00.0;-0.17079341606504828
2018-10-06T05:00:00.0;-0.16988491468543573
2018-10-06T06:00:00.0;-0.17698567823898947
2018-10-06T07:00:00.0;-0.1849278625113604
2018-10-06T08:00:00.0;-0.18422990240049725
2018-10-06T09:00:00.0;-0.17784435202571008
2018-10-06T10:00:00.0;-0.1698735148929725
2018-10-06T11:00:00.0;-0.16624279481564444
2018-10-06T12:00:00.0;-0.1657098229268474
2018-10-06T13:00:00.0;-0.1714897882759666
2018-10-06T14:00:00.0;-0.17852988173914722
2018-10-06T15:00:00.0;-0.1891222749836216
2018-10-06T16:00:00.0;-0.2073954263288982
2018-10-06T17:00:00.0;-0.22616006482739925
2018-10-06T18:00:00.0;-0.2375511496714072
2018-10-06T19:00:00.0;-0.24591288113387452
2018-10-06T20:00:00.0;-0.24554558927650424
2018-10-06T21:00:00.0;-0.23919799245372925
2018-10-06T22:00:00.0;-0.2266584946805949
2018-10-06T23:00:00.0;-0.21494117530041607
2018-10-07T00:00:00.0;-0.1895716754323678
2018-10-07T01:00:00.0;-0.18125885970032504
2018-10-07T02:00:00.0;-0.1734359719290871
2018-10-07T03:00:00.0;-0.16591917618750757
2018-10-07T04:00:00.0;-0.15887164402214204
2018-10-07T05:00:00.0;-0.15523033747263765
2018-10-07T06:00:00.0;-0.15354387030637712
2018-10-07T07:00:00.0;-0.15362745086791926
2018-10-07T08:00:00.0;-0.15343227264960504
2018-10-07T09:00:00.0;-0.150913060757743
2018-10-07T10:00:00.0;-0.14870528509141326
2018-10-07T11:00:00.0;-0.1490572175544778
2018-10-07T12:00:00.0;-0.1506933631943787
2018-10-07T13:00:00.0;-0.1547593631134443
2018-10-07T14:00:00.0;-0.1598730305752426
2018-10-07T15:00:00.0;-0.16972968663062585
2018-10-07T16:00:00.0;-0.18895601807368997
2018-10-07T17:00:00.0;-0.2050059968351162
2018-10-07T18:00:00.0;-0.21867109246126537
2018-10-07T19:00:00.0;-0.22965206623872825
2018-10-07T20:00:00.0;-0.2294504517248239
2018-10-07T21:00:00.0;-0.22545970960319742
2018-10-07T22:00:00.0;-0.21413478603891556
2018-10-07T23:00:00.0;-0.20258046385646042
2018-10-08T00:00:00.0;-0.2021002002134751
2018-10-08T01:00:00.0;-0.19300851503129499
2018-10-08T02:00:00.0;-0.18602748130919297
2018-10-08T03:00:00.0;-0.17912749288429178
2018-10-08T04:00:00.0;-0.17336558985404818
2018-10-08T05:00:00.0;-0.17434048813592087
2018-10-08T06:00:00.0;-0.18479902634629708
2018-10-08T07:00:00.0;-0.19265062990089693
2018-10-08T08:00:00.0;-0.19083155500394305
2018-10-08T09:00:00.0;-0.18190095550434154
2018-10-08T10:00:00.0;-0.17190340946850413
2018-10-08T11:00:00.0;-0.16630205055166797
2018-10-08T12:00:00.0;-0.16450272625854462
2018-10-08T13:00:00.0;-0.1700004012610105
2018-10-08T14:00:00.0;-0.17789488877138043
2018-10-08T15:00:00.0;-0.19028187625159884
2018-10-08T16:00:00.0;-0.20930703187356872
2018-10-08T17:00:00.0;-0.22769107580083126
2018-10-08T18:00:00.0;-0.2400978535615081
2018-10-08T19:00:00.0;-0.2475859595826984
2018-10-08T20:00:00.0;-0.24780629013259836
2018-10-08T21:00:00.0;-0.24192194933144961
2018-10-08T22:00:00.0;-0.2296717007832927
2018-10-08T23:00:00.0;-0.21689444834976337
2018-10-09T00:00:00.0;-0.19755052648428856
2018-10-09T01:00:00.0;-0.1895297101092653
2018-10-09T02:00:00.0;-0.18409245307120548
2018-10-09T03:00:00.0;-0.17843903023337962
2018-10-09T04:00:00.0;-0.17756123092400863
2018-10-09T05:00:00.0;-0.18859969289394551
2018-10-09T06:00:00.0;-0.20667058033904404
2018-10-09T07:00:00.0;-0.2073457360734636
2018-10-09T08:00:00.0;-0.19817633992457948
2018-10-09T09:00:00.0;-0.1817078901193626
2018-10-09T10:00:00.0;-0.1685185037073279
2018-10-09T11:00:00.0;-0.16192205422695777
2018-10-09T12:00:00.0;-0.16265411937790847
2018-10-09T13:00:00.0;-0.16948595811352052
2018-10-09T14:00:00.0;-0.1777006850410657
2018-10-09T15:00:00.0;-0.1927043053054193
2018-10-09T16:00:00.0;-0.2142152882204766
2018-10-09T17:00:00.0;-0.22578318640215939
2018-10-09T18:00:00.0;-0.24751176243554907
2018-10-09T19:00:00.0;-0.2534668978724577
2018-10-09T20:00:00.0;-0.2483209441622762
2018-10-09T21:00:00.0;-0.23591110584754138
2018-10-09T22:00:00.0;-0.22333875805079115
2018-10-09T23:00:00.0;-0.208843892785052
2018-10-10T00:00:00.0;-0.20648886570120956
2018-10-10T01:00:00.0;-0.19669126087158653
2018-10-10T02:00:00.0;-0.1895350861772263
2018-10-10T03:00:00.0;-0.18282691720965985
2018-10-10T04:00:00.0;-0.17645293803915846
2018-10-10T05:00:00.0;-0.17606255094814155
2018-10-10T06:00:00.0;-0.18606234119113396
2018-10-10T07:00:00.0;-0.19707658871410433
2018-10-10T08:00:00.0;-0.1965168426434202
2018-10-10T09:00:00.0;-0.18903275664476143
2018-10-10T10:00:00.0;-0.17910247929490256
2018-10-10T11:00:00.0;-0.17356324397625558
2018-10-10T12:00:00.0;-0.1717680502643421
2018-10-10T13:00:00.0;-0.17699723919746052
2018-10-10T14:00:00.0;-0.18467484723006822
2018-10-10T15:00:00.0;-0.19559831834554228
2018-10-10T16:00:00.0;-0.2129242882060632
2018-10-10T17:00:00.0;-0.2320683890201789
2018-10-10T18:00:00.0;-0.2418099512831944
2018-10-10T19:00:00.0;-0.24911243421370535
2018-10-10T20:00:00.0;-0.25015767448644854
2018-10-10T21:00:00.0;-0.2451009213443094
2018-10-10T22:00:00.0;-0.23310603079006464
2018-10-10T23:00:00.0;-0.22114662106834304
2018-10-11T00:00:00.0;-0.205235403961967
2018-10-11T01:00:00.0;-0.1953596156471534
2018-10-11T02:00:00.0;-0.1884211035667963
2018-10-11T03:00:00.0;-0.1817674951138128
2018-10-11T04:00:00.0;-0.17425359026784512
2018-10-11T05:00:00.0;-0.17173880289212073
2018-10-11T06:00:00.0;-0.18081012394421128
2018-10-11T07:00:00.0;-0.19389561804610073
2018-10-11T08:00:00.0;-0.19460282039888643
2018-10-11T09:00:00.0;-0.18827399307517137
2018-10-11T10:00:00.0;-0.17824822153599357
2018-10-11T11:00:00.0;-0.17295171906204332
2018-10-11T12:00:00.0;-0.1707065133600447
2018-10-11T13:00:00.0;-0.177043865188135
2018-10-11T14:00:00.0;-0.18518243537648518
2018-10-11T15:00:00.0;-0.19567404456403648
2018-10-11T16:00:00.0;-0.2129561957241264
2018-10-11T17:00:00.0;-0.23453481376152469
2018-10-11T18:00:00.0;-0.2424422103197891
2018-10-11T19:00:00.0;-0.2501123733599152
2018-10-11T20:00:00.0;-0.2516495510508652
2018-10-11T21:00:00.0;-0.2463669384463333
2018-10-11T22:00:00.0;-0.23337427795322763
2018-10-11T23:00:00.0;-0.22210782924990657
2018-10-12T00:00:00.0;-0.206155155608886
2018-10-12T01:00:00.0;-0.19661768235682656
2018-10-12T02:00:00.0;-0.1884176503111411
2018-10-12T03:00:00.0;-0.18041099504401287
2018-10-12T04:00:00.0;-0.1726133747368555
2018-10-12T05:00:00.0;-0.16944780110345609
2018-10-12T06:00:00.0;-0.17666864618345157
2018-10-12T07:00:00.0;-0.18755727560821098
2018-10-12T08:00:00.0;-0.1896389014061193
2018-10-12T09:00:00.0;-0.18399684696942614
2018-10-12T10:00:00.0;-0.1759010498071556
2018-10-12T11:00:00.0;-0.1703725372435227
2018-10-12T12:00:00.0;-0.16679109586406565
2018-10-12T13:00:00.0;-0.1707499974465347
2018-10-12T14:00:00.0;-0.1780806974304619
2018-10-12T15:00:00.0;-0.1896996667751231
2018-10-12T16:00:00.0;-0.2079071259040151
2018-10-12T17:00:00.0;-0.22966049550441403
2018-10-12T18:00:00.0;-0.23818460855395274
2018-10-12T19:00:00.0;-0.24613916568572042
2018-10-12T20:00:00.0;-0.24851506245896893
2018-10-12T21:00:00.0;-0.24605761369747403
2018-10-12T22:00:00.0;-0.23439658149159073
2018-10-12T23:00:00.0;-0.22163312446128802
2018-10-13T00:00:00.0;-0.2037332811924532
2018-10-13T01:00:00.0;-0.19472123860320203
2018-10-13T02:00:00.0;-0.18644889270720888
2018-10-13T03:00:00.0;-0.17832630618770487
2018-10-13T04:00:00.0;-0.1716808848431198
2018-10-13T05:00:00.0;-0.17078319203797007
2018-10-13T06:00:00.0;-0.17866206635771126
2018-10-13T07:00:00.0;-0.18583450042191024
2018-10-13T08:00:00.0;-0.18624339210083415
2018-10-13T09:00:00.0;-0.17912216452457277
2018-10-13T10:00:00.0;-0.17102086091137036
2018-10-13T11:00:00.0;-0.16544480109238316
2018-10-13T12:00:00.0;-0.16234214917489523
2018-10-13T13:00:00.0;-0.1655821571669087
2018-10-13T14:00:00.0;-0.17254568317828745
2018-10-13T15:00:00.0;-0.18507528096481857
2018-10-13T16:00:00.0;-0.20440051025360348
2018-10-13T17:00:00.0;-0.22343359623012235
2018-10-13T18:00:00.0;-0.23481776997555623
2018-10-13T19:00:00.0;-0.24254651414035275
2018-10-13T20:00:00.0;-0.24428150915407776
2018-10-13T21:00:00.0;-0.24151983655958376
2018-10-13T22:00:00.0;-0.23070387415289123
2018-10-13T23:00:00.0;-0.2174628862104534
2018-10-14T00:00:00.0;-0.1988974298589743
2018-10-14T01:00:00.0;-0.1904958971379755
2018-10-14T02:00:00.0;-0.18371187214691737
2018-10-14T03:00:00.0;-0.17698351532962137
2018-10-14T04:00:00.0;-0.17327577459369792
2018-10-14T05:00:00.0;-0.1783739263262825
2018-10-14T06:00:00.0;-0.19084507899803843
2018-10-14T07:00:00.0;-0.19373000146839225
2018-10-14T08:00:00.0;-0.18892556325492774
2018-10-14T09:00:00.0;-0.17728950732951806
2018-10-14T10:00:00.0;-0.1666061128232671
2018-10-14T11:00:00.0;-0.16085082059144962
2018-10-14T12:00:00.0;-0.16012039461940342
2018-10-14T13:00:00.0;-0.165084024889552
2018-10-14T14:00:00.0;-0.17252669956095432
2018-10-14T15:00:00.0;-0.18599774066563823
2018-10-14T16:00:00.0;-0.2065109530507402
2018-10-14T17:00:00.0;-0.22059111171426396
2018-10-14T18:00:00.0;-0.23739370244606425
2018-10-14T19:00:00.0;-0.24424753610160863
2018-10-14T20:00:00.0;-0.24292889333122944
2018-10-14T21:00:00.0;-0.2354802070920248
2018-10-14T22:00:00.0;-0.22421799188299166
2018-10-14T23:00:00.0;-0.21104868041919222
2018-10-15T00:00:00.0;-0.2008919025680191
2018-10-15T01:00:00.0;-0.19251481255001437
2018-10-15T02:00:00.0;-0.18638378317996035
2018-10-15T03:00:00.0;-0.18027543448410616
2018-10-15T04:00:00.0;-0.1788282658898395
2018-10-15T05:00:00.0;-0.1886149384144645
2018-10-15T06:00:00.0;-0.20581298508520818
2018-10-15T07:00:00.0;-0.20850756354198466
2018-10-15T08:00:00.0;-0.20113550390822907
2018-10-15T09:00:00.0;-0.18621017989980326
2018-10-15T10:00:00.0;-0.1738552818786837
2018-10-15T11:00:00.0;-0.16733540588263987
2018-10-15T12:00:00.0;-0.16754580013369885
2018-10-15T13:00:00.0;-0.173457678168095
2018-10-15T14:00:00.0;-0.1810236186490594
2018-10-15T15:00:00.0;-0.19505034637358556
2018-10-15T16:00:00.0;-0.21579017242062254
2018-10-15T17:00:00.0;-0.22816655471527134
2018-10-15T18:00:00.0;-0.24722667742207607
2018-10-15T19:00:00.0;-0.25306786016850064
2018-10-15T20:00:00.0;-0.2489747338793989
2018-10-15T21:00:00.0;-0.23746621535116783
2018-10-15T22:00:00.0;-0.22549207257827333
2018-10-15T23:00:00.0;-0.2114659669025779
2018-10-16T00:00:00.0;-0.2006848793625012
2018-10-16T01:00:00.0;-0.19231706674102497
2018-10-16T02:00:00.0;-0.18636779654415628
2018-10-16T03:00:00.0;-0.18038065219814342
2018-10-16T04:00:00.0;-0.178844462216435
2018-10-16T05:00:00.0;-0.1885867894993493
2018-10-16T06:00:00.0;-0.20592776443423708
2018-10-16T07:00:00.0;-0.20863088273924607
2018-10-16T08:00:00.0;-0.20115968699338682
2018-10-16T09:00:00.0;-0.18604444320022293
2018-10-16T10:00:00.0;-0.1732704337024529
2018-10-16T11:00:00.0;-0.16661704118591447
2018-10-16T12:00:00.0;-0.16674839423559154
2018-10-16T13:00:00.0;-0.17290716334871126
2018-10-16T14:00:00.0;-0.1806487764343519
2018-10-16T15:00:00.0;-0.19480530616407776
2018-10-16T16:00:00.0;-0.21567948776306198
2018-10-16T17:00:00.0;-0.22837255705776108
2018-10-16T18:00:00.0;-0.24816479349724163
2018-10-16T19:00:00.0;-0.2539043981510024
2018-10-16T20:00:00.0;-0.2493834464890511
2018-10-16T21:00:00.0;-0.23786837575685785
2018-10-16T22:00:00.0;-0.22572962429945312
2018-10-16T23:00:00.0;-0.21171114039370867
2018-10-17T00:00:00.0;-0.20232160814947805
2018-10-17T01:00:00.0;-0.19341658174902598
2018-10-17T02:00:00.0;-0.18650056961461384
2018-10-17T03:00:00.0;-0.17987458438639592
2018-10-17T04:00:00.0;-0.17633856595615208
2018-10-17T05:00:00.0;-0.18141962434997103
2018-10-17T06:00:00.0;-0.19365323957091388
2018-10-17T07:00:00.0;-0.19915721080692142
2018-10-17T08:00:00.0;-0.19551048094579515
2018-10-17T09:00:00.0;-0.1851355384571115
2018-10-17T10:00:00.0;-0.17554932054164066
2018-10-17T11:00:00.0;-0.17070616791750706
2018-10-17T12:00:00.0;-0.17076290464648614
2018-10-17T13:00:00.0;-0.17605669130077564
2018-10-17T14:00:00.0;-0.18262948840617188
2018-10-17T15:00:00.0;-0.19438349813560363
2018-10-17T16:00:00.0;-0.21370051689549896
2018-10-17T17:00:00.0;-0.22887478592725785
2018-10-17T18:00:00.0;-0.24384022539547087
2018-10-17T19:00:00.0;-0.2506929092014409
2018-10-17T20:00:00.0;-0.24785613166392706
2018-10-17T21:00:00.0;-0.23829028135304173
2018-10-17T22:00:00.0;-0.22640151315160034
2018-10-17T23:00:00.0;-0.21359025113459795
2018-10-18T00:00:00.0;-0.20580056588682544
2018-10-18T01:00:00.0;-0.19684839333366114
2018-10-18T02:00:00.0;-0.1894835656884362
2018-10-18T03:00:00.0;-0.18259379253681082
2018-10-18T04:00:00.0;-0.18037485928006156
2018-10-18T05:00:00.0;-0.18813223904249857
2018-10-18T06:00:00.0;-0.20357560336898656
2018-10-18T07:00:00.0;-0.20928617949398823
2018-10-18T08:00:00.0;-0.20458295468079649
2018-10-18T09:00:00.0;-0.19233061041760047
2018-10-18T10:00:00.0;-0.18203941030512102
2018-10-18T11:00:00.0;-0.17596765756994837
2018-10-18T12:00:00.0;-0.1756767973072899
2018-10-18T13:00:00.0;-0.17998187716011274
2018-10-18T14:00:00.0;-0.18648950584646776
2018-10-18T15:00:00.0;-0.19888922523072264
2018-10-18T16:00:00.0;-0.21805604772466344
2018-10-18T17:00:00.0;-0.23111642924165648
2018-10-18T18:00:00.0;-0.24472596867003374
2018-10-18T19:00:00.0;-0.25081071286987955
2018-10-18T20:00:00.0;-0.24928404231030893
2018-10-18T21:00:00.0;-0.23929351251187111
2018-10-18T22:00:00.0;-0.228307792941331
2018-10-18T23:00:00.0;-0.2148636850888228
2018-10-19T00:00:00.0;-0.20075749074676524
2018-10-19T01:00:00.0;-0.19223721396981197
2018-10-19T02:00:00.0;-0.18561400097565284
2018-10-19T03:00:00.0;-0.17916564221477868
2018-10-19T04:00:00.0;-0.17689881010190014
2018-10-19T05:00:00.0;-0.18462923571028825
2018-10-19T06:00:00.0;-0.19899782992039602
2018-10-19T07:00:00.0;-0.20209981237298896
2018-10-19T08:00:00.0;-0.19630615048452674
2018-10-19T09:00:00.0;-0.18363717892201423
2018-10-19T10:00:00.0;-0.17313765153696475
2018-10-19T11:00:00.0;-0.16771156314315896
2018-10-19T12:00:00.0;-0.1681093217627314
2018-10-19T13:00:00.0;-0.17345179116254825
2018-10-19T14:00:00.0;-0.18033104221871374
2018-10-19T15:00:00.0;-0.19330324314793684
2018-10-19T16:00:00.0;-0.2134644366796997
2018-10-19T17:00:00.0;-0.2265089786443454
2018-10-19T18:00:00.0;-0.24378882307444832
2018-10-19T19:00:00.0;-0.2503063996650884
2018-10-19T20:00:00.0;-0.24691812017959316
2018-10-19T21:00:00.0;-0.23640992644843964
2018-10-19T22:00:00.0;-0.22469308240319075
2018-10-19T23:00:00.0;-0.21114390135162556
2018-10-20T00:00:00.0;-0.19545126993245923
2018-10-20T01:00:00.0;-0.18696882138285112
2018-10-20T02:00:00.0;-0.17975080952129063
2018-10-20T03:00:00.0;-0.17281919816706195
2018-10-20T04:00:00.0;-0.1682702525369002
2018-10-20T05:00:00.0;-0.1703959454806148
2018-10-20T06:00:00.0;-0.1760529859042841
2018-10-20T07:00:00.0;-0.17770368009313034
2018-10-20T08:00:00.0;-0.17513340180201295
2018-10-20T09:00:00.0;-0.16816125575167698
2018-10-20T10:00:00.0;-0.16243627952466017
2018-10-20T11:00:00.0;-0.1605907709972001
2018-10-20T12:00:00.0;-0.16215108448133958
2018-10-20T13:00:00.0;-0.1669817744715952
2018-10-20T14:00:00.0;-0.17236561761091054
2018-10-20T15:00:00.0;-0.18304561815013362
2018-10-20T16:00:00.0;-0.20264298152371818
2018-10-20T17:00:00.0;-0.21753111015981288
2018-10-20T18:00:00.0;-0.23368921351410013
2018-10-20T19:00:00.0;-0.2424371648882388
2018-10-20T20:00:00.0;-0.23905883594143548
2018-10-20T21:00:00.0;-0.23074892624785223
2018-10-20T22:00:00.0;-0.21900678644668004
2018-10-20T23:00:00.0;-0.20666089253532233
2018-10-21T00:00:00.0;-0.19636136192953785
2018-10-21T01:00:00.0;-0.1877213280340941
2018-10-21T02:00:00.0;-0.17969853820880247
2018-10-21T03:00:00.0;-0.1718570040395857
2018-10-21T04:00:00.0;-0.16493917144801132
2018-10-21T05:00:00.0;-0.16250326886320798
2018-10-21T06:00:00.0;-0.16543048609888764
2018-10-21T07:00:00.0;-0.16898842717706675
2018-10-21T08:00:00.0;-0.16909831523742438
2018-10-21T09:00:00.0;-0.16429400881753697
2018-10-21T10:00:00.0;-0.15927308400056236
2018-10-21T11:00:00.0;-0.15669445425510622
2018-10-21T12:00:00.0;-0.15592380273969236
2018-10-21T13:00:00.0;-0.15965488268369044
2018-10-21T14:00:00.0;-0.1658007168997522
2018-10-21T15:00:00.0;-0.1771481975333008
2018-10-21T16:00:00.0;-0.19645226183837242
2018-10-21T17:00:00.0;-0.21423229453467393
2018-10-21T18:00:00.0;-0.22679894434086215
2018-10-21T19:00:00.0;-0.23630889551551232
2018-10-21T20:00:00.0;-0.23709221194859595
2018-10-21T21:00:00.0;-0.23382002793080667
2018-10-21T22:00:00.0;-0.22259353134598253
2018-10-21T23:00:00.0;-0.2099888668451771
2018-10-22T00:00:00.0;-0.20675834256228037
2018-10-22T01:00:00.0;-0.19696043547373615
2018-10-22T02:00:00.0;-0.18904039592553962
2018-10-22T03:00:00.0;-0.18150500830777175
2018-10-22T04:00:00.0;-0.17423553258312202
2018-10-22T05:00:00.0;-0.17174572293994375
2018-10-22T06:00:00.0;-0.17853259497787344
2018-10-22T07:00:00.0;-0.19026202467401823
2018-10-22T08:00:00.0;-0.19248984213106846
2018-10-22T09:00:00.0;-0.18769105628672597
2018-10-22T10:00:00.0;-0.18042459213145653
2018-10-22T11:00:00.0;-0.17626909054280473
2018-10-22T12:00:00.0;-0.17426038129064425
2018-10-22T13:00:00.0;-0.17900881343140582
2018-10-22T14:00:00.0;-0.18541762995226985
2018-10-22T15:00:00.0;-0.19529154386321945
2018-10-22T16:00:00.0;-0.21277898462668432
2018-10-22T17:00:00.0;-0.23451281473805624
2018-10-22T18:00:00.0;-0.24319842334898722
2018-10-22T19:00:00.0;-0.2511585685591004
2018-10-22T20:00:00.0;-0.2509869354181739
2018-10-22T21:00:00.0;-0.24561937943205836
2018-10-22T22:00:00.0;-0.2332746483830903
2018-10-22T23:00:00.0;-0.22126467242846712
2018-10-23T00:00:00.0;-0.21826917305172355
2018-10-23T01:00:00.0;-0.20812941711816024
2018-10-23T02:00:00.0;-0.1986195602305983
2018-10-23T03:00:00.0;-0.18939204022599304
2018-10-23T04:00:00.0;-0.18226556877342454
2018-10-23T05:00:00.0;-0.1809572939351141
2018-10-23T06:00:00.0;-0.19145231313968364
2018-10-23T07:00:00.0;-0.20656569448861367
2018-10-23T08:00:00.0;-0.21127371699560804
2018-10-23T09:00:00.0;-0.20507760529999047
2018-10-23T10:00:00.0;-0.19696139249525152
2018-10-23T11:00:00.0;-0.18962802752304395
2018-10-23T12:00:00.0;-0.18392466241145278
2018-10-23T13:00:00.0;-0.1860325933554548
2018-10-23T14:00:00.0;-0.19210606910605663
2018-10-23T15:00:00.0;-0.20376729847922798
2018-10-23T16:00:00.0;-0.22171879381408396
2018-10-23T17:00:00.0;-0.24637093354736322
2018-10-23T18:00:00.0;-0.25401591945206686
2018-10-23T19:00:00.0;-0.2602760714348365
2018-10-23T20:00:00.0;-0.2603986655624741
2018-10-23T21:00:00.0;-0.25702177287366323
2018-10-23T22:00:00.0;-0.24579275252714516
2018-10-23T23:00:00.0;-0.2312510419557944
2018-10-24T00:00:00.0;-0.21107291125952188
2018-10-24T01:00:00.0;-0.20104650870098872
2018-10-24T02:00:00.0;-0.19306173962904077
2018-10-24T03:00:00.0;-0.18548825194725713
2018-10-24T04:00:00.0;-0.17902368688204615
2018-10-24T05:00:00.0;-0.17845851006793392
2018-10-24T06:00:00.0;-0.18875160872364063
2018-10-24T07:00:00.0;-0.20239737302597258
2018-10-24T08:00:00.0;-0.20408370349565236
2018-10-24T09:00:00.0;-0.1974660698164596
2018-10-24T10:00:00.0;-0.18879957084832974
2018-10-24T11:00:00.0;-0.18316203312887552
2018-10-24T12:00:00.0;-0.180425204405909
2018-10-24T13:00:00.0;-0.18509999365510874
2018-10-24T14:00:00.0;-0.19193497664246265
2018-10-24T15:00:00.0;-0.20246414063711526
2018-10-24T16:00:00.0;-0.21968888751638935
2018-10-24T17:00:00.0;-0.24140058256318017
2018-10-24T18:00:00.0;-0.24902347048823537
2018-10-24T19:00:00.0;-0.25614282098991836
2018-10-24T20:00:00.0;-0.2563173401262351
2018-10-24T21:00:00.0;-0.2501336579681457
2018-10-24T22:00:00.0;-0.23774580274270393
2018-10-24T23:00:00.0;-0.22499749416069523
2018-10-25T00:00:00.0;-0.21013823532417425
2018-10-25T01:00:00.0;-0.20048135439552733
2018-10-25T02:00:00.0;-0.1915175873013268
2018-10-25T03:00:00.0;-0.1831178982377088
2018-10-25T04:00:00.0;-0.1778418142281299
2018-10-25T05:00:00.0;-0.17876090489441746
2018-10-25T06:00:00.0;-0.18711437069350026
2018-10-25T07:00:00.0;-0.19708643106531276
2018-10-25T08:00:00.0;-0.1985932568146239
2018-10-25T09:00:00.0;-0.19257615402609934
2018-10-25T10:00:00.0;-0.18730742174213932
2018-10-25T11:00:00.0;-0.1831357015394652
2018-10-25T12:00:00.0;-0.1815035633804426
2018-10-25T13:00:00.0;-0.1843603491794752
2018-10-25T14:00:00.0;-0.18953484841392051
2018-10-25T15:00:00.0;-0.1999976222969048
2018-10-25T16:00:00.0;-0.21752415967599015
2018-10-25T17:00:00.0;-0.23681344871660806
2018-10-25T18:00:00.0;-0.24509607129628488
2018-10-25T19:00:00.0;-0.2529982388057607
2018-10-25T20:00:00.0;-0.252515527214091
2018-10-25T21:00:00.0;-0.24592910160616174
2018-10-25T22:00:00.0;-0.23449759600274678
2018-10-25T23:00:00.0;-0.22053050266592325
2018-10-26T00:00:00.0;-0.21120268822697028
2018-10-26T01:00:00.0;-0.200948988718416
2018-10-26T02:00:00.0;-0.19336780676658408
2018-10-26T03:00:00.0;-0.18634357401505763
2018-10-26T04:00:00.0;-0.1793754946253129
2018-10-26T05:00:00.0;-0.17813406182516942
2018-10-26T06:00:00.0;-0.18892411213087906
2018-10-26T07:00:00.0;-0.20413741379322037
2018-10-26T08:00:00.0;-0.2059500561754007
2018-10-26T09:00:00.0;-0.19961031361672982
2018-10-26T10:00:00.0;-0.18932583323104354
2018-10-26T11:00:00.0;-0.18341002875339976
2018-10-26T12:00:00.0;-0.18067711722105254
2018-10-26T13:00:00.0;-0.1859941191365341
2018-10-26T14:00:00.0;-0.19311193001380247
2018-10-26T15:00:00.0;-0.202743871352164
2018-10-26T16:00:00.0;-0.21959540123688803
2018-10-26T17:00:00.0;-0.2412810806529355
2018-10-26T18:00:00.0;-0.24817020132470824
2018-10-26T19:00:00.0;-0.25467177051282874
2018-10-26T20:00:00.0;-0.25538026059028157
2018-10-26T21:00:00.0;-0.2491802599143649
2018-10-26T22:00:00.0;-0.2369521440942957
2018-10-26T23:00:00.0;-0.22592775487528022
2018-10-27T00:00:00.0;-0.20389731300531666
2018-10-27T01:00:00.0;-0.19429435312533463
2018-10-27T02:00:00.0;-0.18670392582241213
2018-10-27T03:00:00.0;-0.17958149424179484
2018-10-27T04:00:00.0;-0.17270547340029643
2018-10-27T05:00:00.0;-0.17087703050739553
2018-10-27T06:00:00.0;-0.17747213719245908
2018-10-27T07:00:00.0;-0.18753039845201425
2018-10-27T08:00:00.0;-0.18862492725900382
2018-10-27T09:00:00.0;-0.18356580834867897
2018-10-27T10:00:00.0;-0.1760545619593077
2018-10-27T11:00:00.0;-0.17241379256770026
2018-10-27T12:00:00.0;-0.17135787421792587
2018-10-27T13:00:00.0;-0.17639471740244744
2018-10-27T14:00:00.0;-0.1827088901092047
2018-10-27T15:00:00.0;-0.19226954074960698
2018-10-27T16:00:00.0;-0.20994482371350612
2018-10-27T17:00:00.0;-0.22978430021991275
2018-10-27T18:00:00.0;-0.23939919264109044
2018-10-27T19:00:00.0;-0.2473728595610938
2018-10-27T20:00:00.0;-0.24713405622951043
2018-10-27T21:00:00.0;-0.2411819236671586
2018-10-27T22:00:00.0;-0.22911958247849248
2018-10-27T23:00:00.0;-0.2179339586345176
2018-10-28T00:00:00.0;-0.21006933779695683
2018-10-28T01:00:00.0;-0.2004182096389945
2018-10-28T02:00:00.0;-0.19155244388145778
2018-10-28T03:00:00.0;-0.18299358814630942
2018-10-28T04:00:00.0;-0.17556824802829712
2018-10-28T05:00:00.0;-0.17329809248324748
2018-10-28T06:00:00.0;-0.18138032534445891
2018-10-28T07:00:00.0;-0.1928636265976742
2018-10-28T08:00:00.0;-0.19582820204276466
2018-10-28T09:00:00.0;-0.19009705613308328
2018-10-28T10:00:00.0;-0.1821535265771277
2018-10-28T11:00:00.0;-0.17608387715552398
2018-10-28T12:00:00.0;-0.17183916857018497
2018-10-28T13:00:00.0;-0.1746109504270051
2018-10-28T14:00:00.0;-0.18113082861797625
2018-10-28T15:00:00.0;-0.19264001379244194
2018-10-28T16:00:00.0;-0.2109561143903796
2018-10-28T17:00:00.0;-0.23280521791309616
2018-10-28T18:00:00.0;-0.24132788676353986
2018-10-28T19:00:00.0;-0.24853754017782512
2018-10-28T20:00:00.0;-0.25030694459848496
2018-10-28T21:00:00.0;-0.24783518023583326
2018-10-28T22:00:00.0;-0.23694708596004346
2018-10-28T23:00:00.0;-0.2238555605543127
2018-10-29T00:00:00.0;-0.21488782649894086
2018-10-29T01:00:00.0;-0.20427720960991794
2018-10-29T02:00:00.0;-0.19706642518278383
2018-10-29T03:00:00.0;-0.19027666742484556
2018-10-29T04:00:00.0;-0.18351969070588492
2018-10-29T05:00:00.0;-0.18301039902473953
2018-10-29T06:00:00.0;-0.19608395268019305
2018-10-29T07:00:00.0;-0.21420694195322737
2018-10-29T08:00:00.0;-0.2162268663464374
2018-10-29T09:00:00.0;-0.2089727576553224
2018-10-29T10:00:00.0;-0.19764855681377794
2018-10-29T11:00:00.0;-0.19097699871806634
2018-10-29T12:00:00.0;-0.18782110969773844
2018-10-29T13:00:00.0;-0.19416915970256318
2018-10-29T14:00:00.0;-0.20177888410367803
2018-10-29T15:00:00.0;-0.21155794471181258
2018-10-29T16:00:00.0;-0.22800901685337127
2018-10-29T17:00:00.0;-0.25192746321557946
2018-10-29T18:00:00.0;-0.2586806841406101
2018-10-29T19:00:00.0;-0.26472656872593947
2018-10-29T20:00:00.0;-0.26379800598682007
2018-10-29T21:00:00.0;-0.255861075553576
2018-10-29T22:00:00.0;-0.24235046822989956
2018-10-29T23:00:00.0;-0.23057121486231782
2018-10-30T00:00:00.0;-0.21637330484713516
2018-10-30T01:00:00.0;-0.20569137717054664
2018-10-30T02:00:00.0;-0.19822040968419102
2018-10-30T03:00:00.0;-0.19124166822252908
2018-10-30T04:00:00.0;-0.18454088690862894
2018-10-30T05:00:00.0;-0.18419254318048647
2018-10-30T06:00:00.0;-0.19744500817526603
2018-10-30T07:00:00.0;-0.21593506469786872
2018-10-30T08:00:00.0;-0.2183953673807843
2018-10-30T09:00:00.0;-0.21128372781404064
2018-10-30T10:00:00.0;-0.2000218035572119
2018-10-30T11:00:00.0;-0.19320125425537293
2018-10-30T12:00:00.0;-0.18981858488215678
2018-10-30T13:00:00.0;-0.19571469979655495
2018-10-30T14:00:00.0;-0.20298497199908536
2018-10-30T15:00:00.0;-0.2125685628149457
2018-10-30T16:00:00.0;-0.22898203820573085
2018-10-30T17:00:00.0;-0.2529306052961632
2018-10-30T18:00:00.0;-0.25946541919044014
2018-10-30T19:00:00.0;-0.2652248088781288
2018-10-30T20:00:00.0;-0.2641929401014985
2018-10-30T21:00:00.0;-0.2563192716644836
2018-10-30T22:00:00.0;-0.24315171010696873
2018-10-30T23:00:00.0;-0.23143159281072334
2018-10-31T00:00:00.0;-0.2133882160746095
2018-10-31T01:00:00.0;-0.2030237825462424
2018-10-31T02:00:00.0;-0.19568323317375289
2018-10-31T03:00:00.0;-0.18878344012048962
2018-10-31T04:00:00.0;-0.1824583953334548
2018-10-31T05:00:00.0;-0.182601987426484
2018-10-31T06:00:00.0;-0.19514684225172094
2018-10-31T07:00:00.0;-0.210779636609638
2018-10-31T08:00:00.0;-0.2118556088446447
2018-10-31T09:00:00.0;-0.20414943399662822
2018-10-31T10:00:00.0;-0.19336012246847584
2018-10-31T11:00:00.0;-0.18682472857328608
2018-10-31T12:00:00.0;-0.18398947799981327
2018-10-31T13:00:00.0;-0.18959364344857443
2018-10-31T14:00:00.0;-0.19709609798578878
2018-10-31T15:00:00.0;-0.20750319531937464
2018-10-31T16:00:00.0;-0.2242533983917623
2018-10-31T17:00:00.0;-0.24644660750789824
2018-10-31T18:00:00.0;-0.2546007936114707
2018-10-31T19:00:00.0;-0.26091167247236463
2018-10-31T20:00:00.0;-0.26031106711681484
2018-10-31T21:00:00.0;-0.25335568415923254
2018-10-31T22:00:00.0;-0.24050528843884267
2018-10-31T23:00:00.0;-0.22815826951156123
2018-11-01T00:00:00.0;-0.2127886277839997
2018-11-01T01:00:00.0;-0.20216927887971178
2018-11-01T02:00:00.0;-0.19552769671387424
2018-11-01T03:00:00.0;-0.18932066912074794
2018-11-01T04:00:00.0;-0.18254595121028708
2018-11-01T05:00:00.0;-0.18194799740005643
2018-11-01T06:00:00.0;-0.19507234919817343
2018-11-01T07:00:00.0;-0.21320467909597074
2018-11-01T08:00:00.0;-0.21442344499663946
2018-11-01T09:00:00.0;-0.2070507059097043
2018-11-01T10:00:00.0;-0.1951612142922206
2018-11-01T11:00:00.0;-0.18883038379361738
2018-11-01T12:00:00.0;-0.18638826839391762
2018-11-01T13:00:00.0;-0.19371612710712763
2018-11-01T14:00:00.0;-0.20175351632366248
2018-11-01T15:00:00.0;-0.2111941943347725
2018-11-01T16:00:00.0;-0.22741139776216707
2018-11-01T17:00:00.0;-0.2508408770913486
2018-11-01T18:00:00.0;-0.25754516091252444
2018-11-01T19:00:00.0;-0.26376302401633017
2018-11-01T20:00:00.0;-0.2629275454579688
2018-11-01T21:00:00.0;-0.25429738125623985
2018-11-01T22:00:00.0;-0.24032941080029924
2018-11-01T23:00:00.0;-0.22925940897751107
2018-11-02T00:00:00.0;-0.21012544150723583
2018-11-02T01:00:00.0;-0.20062251181831062
2018-11-02T02:00:00.0;-0.1934127092402245
2018-11-02T03:00:00.0;-0.18645696094732506
2018-11-02T04:00:00.0;-0.18253138653969417
2018-11-02T05:00:00.0;-0.18749551873977127
2018-11-02T06:00:00.0;-0.2024645302317978
2018-11-02T07:00:00.0;-0.2121909511239188
2018-11-02T08:00:00.0;-0.20988744597786488
2018-11-02T09:00:00.0;-0.19871727645769877
2018-11-02T10:00:00.0;-0.18749578469408051
2018-11-02T11:00:00.0;-0.18054849284689942
2018-11-02T12:00:00.0;-0.17854304928725176
2018-11-02T13:00:00.0;-0.18342749673793887
2018-11-02T14:00:00.0;-0.19061344474608036
2018-11-02T15:00:00.0;-0.20302043125129915
2018-11-02T16:00:00.0;-0.22170517081996505
2018-11-02T17:00:00.0;-0.2397301450458334
2018-11-02T18:00:00.0;-0.2534013437867415
2018-11-02T19:00:00.0;-0.25922246428448437
2018-11-02T20:00:00.0;-0.2565819592487596
2018-11-02T21:00:00.0;-0.24809124229681156
2018-11-02T22:00:00.0;-0.23604163465973146
2018-11-02T23:00:00.0;-0.22216431936491543
2018-11-03T00:00:00.0;-0.2088698224328025
2018-11-03T01:00:00.0;-0.19968820081797778
2018-11-03T02:00:00.0;-0.19201312153832006
2018-11-03T03:00:00.0;-0.18440520413926392
2018-11-03T04:00:00.0;-0.18010064792525485
2018-11-03T05:00:00.0;-0.18436509550947597
2018-11-03T06:00:00.0;-0.19825297200368358
2018-11-03T07:00:00.0;-0.2068148110542311
2018-11-03T08:00:00.0;-0.20525355919394062
2018-11-03T09:00:00.0;-0.19444385773952308
2018-11-03T10:00:00.0;-0.18403367095029682
2018-11-03T11:00:00.0;-0.17705037965138457
2018-11-03T12:00:00.0;-0.17427442089258563
2018-11-03T13:00:00.0;-0.1784980043679581
2018-11-03T14:00:00.0;-0.18551607662909458
2018-11-03T15:00:00.0;-0.19864966929079259
2018-11-03T16:00:00.0;-0.21820553520064895
2018-11-03T17:00:00.0;-0.23687963824416217
2018-11-03T18:00:00.0;-0.2508743018103966
2018-11-03T19:00:00.0;-0.25698534628014147
2018-11-03T20:00:00.0;-0.2547537758120004
2018-11-03T21:00:00.0;-0.24730744426331297
2018-11-03T22:00:00.0;-0.23551087104920898
2018-11-03T23:00:00.0;-0.22104771609302082
2018-11-04T00:00:00.0;-0.20365782428427598
2018-11-04T01:00:00.0;-0.19439666696001687
2018-11-04T02:00:00.0;-0.18647568072819082
2018-11-04T03:00:00.0;-0.17930680204241722
2018-11-04T04:00:00.0;-0.17459433644971695
2018-11-04T05:00:00.0;-0.1764989378991831
2018-11-04T06:00:00.0;-0.1835101945710218
2018-11-04T07:00:00.0;-0.18778853125938638
2018-11-04T08:00:00.0;-0.18588024492661467
2018-11-04T09:00:00.0;-0.17885457799823734
2018-11-04T10:00:00.0;-0.17232941148807226
2018-11-04T11:00:00.0;-0.16884634052853215
2018-11-04T12:00:00.0;-0.16920182002538522
2018-11-04T13:00:00.0;-0.17205090648156
2018-11-04T14:00:00.0;-0.17753860121853995
2018-11-04T15:00:00.0;-0.18815732778821664
2018-11-04T16:00:00.0;-0.2060086748634953
2018-11-04T17:00:00.0;-0.22035583184972882
2018-11-04T18:00:00.0;-0.23422036759276463
2018-11-04T19:00:00.0;-0.24214043407323285
2018-11-04T20:00:00.0;-0.241243796710386
2018-11-04T21:00:00.0;-0.23636648724194687
2018-11-04T22:00:00.0;-0.22626641836679928
2018-11-04T23:00:00.0;-0.2135182262638726
2018-11-05T00:00:00.0;-0.21327203033589962
2018-11-05T01:00:00.0;-0.2034603937077501
2018-11-05T02:00:00.0;-0.19441100660316332
2018-11-05T03:00:00.0;-0.18626908668517766
2018-11-05T04:00:00.0;-0.18180943930692717
2018-11-05T05:00:00.0;-0.18488874275046024
2018-11-05T06:00:00.0;-0.19633672876652158
2018-11-05T07:00:00.0;-0.20709429316726272
2018-11-05T08:00:00.0;-0.20797136679580372
2018-11-05T09:00:00.0;-0.20065751849403693
2018-11-05T10:00:00.0;-0.19298036093781362
2018-11-05T11:00:00.0;-0.18757204353427476
2018-11-05T12:00:00.0;-0.18572324234253298
2018-11-05T13:00:00.0;-0.18795382463134344
2018-11-05T14:00:00.0;-0.19272188637847718
2018-11-05T15:00:00.0;-0.20254874626187216
2018-11-05T16:00:00.0;-0.22009309423458154
2018-11-05T17:00:00.0;-0.23704763971354548
2018-11-05T18:00:00.0;-0.24522514951776203
2018-11-05T19:00:00.0;-0.25132495583124564
2018-11-05T20:00:00.0;-0.2512170663975378
2018-11-05T21:00:00.0;-0.24397371297328907
2018-11-05T22:00:00.0;-0.23402772104641845
2018-11-05T23:00:00.0;-0.22169105456502913
2018-11-06T00:00:00.0;-0.211807434895121
2018-11-06T01:00:00.0;-0.2018719351580592
2018-11-06T02:00:00.0;-0.19455438802237596
2018-11-06T03:00:00.0;-0.18770308787003123
2018-11-06T04:00:00.0;-0.18263083861827717
2018-11-06T05:00:00.0;-0.18545308700512508
2018-11-06T06:00:00.0;-0.19957820767613205
2018-11-06T07:00:00.0;-0.21269692589248732
2018-11-06T08:00:00.0;-0.2123942639489906
2018-11-06T09:00:00.0;-0.20320081835890094
2018-11-06T10:00:00.0;-0.1916555429850907
2018-11-06T11:00:00.0;-0.1849806851581022
2018-11-06T12:00:00.0;-0.18267940614041703
2018-11-06T13:00:00.0;-0.18796474809899846
2018-11-06T14:00:00.0;-0.19484902095452689
2018-11-06T15:00:00.0;-0.20545634345870784
2018-11-06T16:00:00.0;-0.22333862361263015
2018-11-06T17:00:00.0;-0.24298331550403848
2018-11-06T18:00:00.0;-0.25352822411915216
2018-11-06T19:00:00.0;-0.25901490539171096
2018-11-06T20:00:00.0;-0.2571922928121829
2018-11-06T21:00:00.0;-0.24858894749737503
2018-11-06T22:00:00.0;-0.2365226346469185
2018-11-06T23:00:00.0;-0.22463074786125675
2018-11-07T00:00:00.0;-0.21509622188917352
2018-11-07T01:00:00.0;-0.2045853596062096
2018-11-07T02:00:00.0;-0.19701884492141125
2018-11-07T03:00:00.0;-0.1898467074138742
2018-11-07T04:00:00.0;-0.18300531677638351
2018-11-07T05:00:00.0;-0.1823009451151723
2018-11-07T06:00:00.0;-0.1948289646376143
2018-11-07T07:00:00.0;-0.21230275964406753
2018-11-07T08:00:00.0;-0.21470477425791573
2018-11-07T09:00:00.0;-0.20765011224080968
2018-11-07T10:00:00.0;-0.19687938060384366
2018-11-07T11:00:00.0;-0.19014954133279297
2018-11-07T12:00:00.0;-0.1866202077309573
2018-11-07T13:00:00.0;-0.19229474459633336
2018-11-07T14:00:00.0;-0.19967857220682722
2018-11-07T15:00:00.0;-0.20978068453849824
2018-11-07T16:00:00.0;-0.22649823649374506
2018-11-07T17:00:00.0;-0.2504535507521192
2018-11-07T18:00:00.0;-0.2573876158137934
2018-11-07T19:00:00.0;-0.26352278190997047
2018-11-07T20:00:00.0;-0.2628449930579236
2018-11-07T21:00:00.0;-0.2557223126010554
2018-11-07T22:00:00.0;-0.2425915462909058
2018-11-07T23:00:00.0;-0.23039118099079767
2018-11-08T00:00:00.0;-0.2108009511769479
2018-11-08T01:00:00.0;-0.2008740366080512
2018-11-08T02:00:00.0;-0.19407240142912338
2018-11-08T03:00:00.0;-0.18752004485990947
2018-11-08T04:00:00.0;-0.18243123140408646
2018-11-08T05:00:00.0;-0.18522995562968264
2018-11-08T06:00:00.0;-0.19987454015838907
2018-11-08T07:00:00.0;-0.21340153595808528
2018-11-08T08:00:00.0;-0.2124804713549872
2018-11-08T09:00:00.0;-0.20264225454238705
2018-11-08T10:00:00.0;-0.19080767715235716
2018-11-08T11:00:00.0;-0.18404943305485247
2018-11-08T12:00:00.0;-0.18184055473031607
2018-11-08T13:00:00.0;-0.18820374687651695
2018-11-08T14:00:00.0;-0.19590366020025518
2018-11-08T15:00:00.0;-0.2071380367879806
2018-11-08T16:00:00.0;-0.2249803548424775
2018-11-08T17:00:00.0;-0.24564712301292246
2018-11-08T18:00:00.0;-0.25650207540109415
2018-11-08T19:00:00.0;-0.26242392095029043
2018-11-08T20:00:00.0;-0.26019668261566264
2018-11-08T21:00:00.0;-0.25097708443029876
2018-11-08T22:00:00.0;-0.2377574853078755
2018-11-08T23:00:00.0;-0.22511438898909958
2018-11-09T00:00:00.0;-0.2154095454077856
2018-11-09T01:00:00.0;-0.20476672669546364
2018-11-09T02:00:00.0;-0.1974194062443218
2018-11-09T03:00:00.0;-0.19055786118333734
2018-11-09T04:00:00.0;-0.18383285893854626
2018-11-09T05:00:00.0;-0.18337094613779065
2018-11-09T06:00:00.0;-0.19633060821324602
2018-11-09T07:00:00.0;-0.2145095880837999
2018-11-09T08:00:00.0;-0.2167606695790572
2018-11-09T09:00:00.0;-0.20972407598525447
2018-11-09T10:00:00.0;-0.19853211036151475
2018-11-09T11:00:00.0;-0.19193134850218577
2018-11-09T12:00:00.0;-0.1887971161318119
2018-11-09T13:00:00.0;-0.19489619318956056
2018-11-09T14:00:00.0;-0.20223259214243144
2018-11-09T15:00:00.0;-0.21175403317166197
2018-11-09T16:00:00.0;-0.22815961372017754
2018-11-09T17:00:00.0;-0.25191704976858403
2018-11-09T18:00:00.0;-0.25856116952388314
2018-11-09T19:00:00.0;-0.26447891196825607
2018-11-09T20:00:00.0;-0.2634666193164042
2018-11-09T21:00:00.0;-0.25550721724814734
2018-11-09T22:00:00.0;-0.24223666972876778
2018-11-09T23:00:00.0;-0.23064670269284218
2018-11-10T00:00:00.0;-0.21189072181216062
2018-11-10T01:00:00.0;-0.20201378274303444
2018-11-10T02:00:00.0;-0.1927165647840425
2018-11-10T03:00:00.0;-0.18390166853275763
2018-11-10T04:00:00.0;-0.17700450981534713
2018-11-10T05:00:00.0;-0.1750272980835643
2018-11-10T06:00:00.0;-0.18071334628785898
2018-11-10T07:00:00.0;-0.19235480107345498
2018-11-10T08:00:00.0;-0.1968261911776914
2018-11-10T09:00:00.0;-0.19320171676965492
2018-11-10T10:00:00.0;-0.18844687919093037
2018-11-10T11:00:00.0;-0.18463818392069906
2018-11-10T12:00:00.0;-0.18199110233975704
2018-11-10T13:00:00.0;-0.1845500452181246
2018-11-10T14:00:00.0;-0.18904229692712787
2018-11-10T15:00:00.0;-0.19856847373666395
2018-11-10T16:00:00.0;-0.2162654357429113
2018-11-10T17:00:00.0;-0.23904961683081902
2018-11-10T18:00:00.0;-0.2481818074542334
2018-11-10T19:00:00.0;-0.25589104516857375
2018-11-10T20:00:00.0;-0.2537249065088971
2018-11-10T21:00:00.0;-0.24836949360514454
2018-11-10T22:00:00.0;-0.236864412765368
2018-11-10T23:00:00.0;-0.22349671208857702
2018-11-11T00:00:00.0;-0.21234480528329652
2018-11-11T01:00:00.0;-0.20239663527752652
2018-11-11T02:00:00.0;-0.19258539151802556
2018-11-11T03:00:00.0;-0.18378642305309018
2018-11-11T04:00:00.0;-0.17640343775849754
2018-11-11T05:00:00.0;-0.17383406951669295
2018-11-11T06:00:00.0;-0.1795990715615499
2018-11-11T07:00:00.0;-0.19119666282685163
2018-11-11T08:00:00.0;-0.19605055517034917
2018-11-11T09:00:00.0;-0.19315072486834456
2018-11-11T10:00:00.0;-0.18666600278676057
2018-11-11T11:00:00.0;-0.1821359562137343
2018-11-11T12:00:00.0;-0.17899890753938452
2018-11-11T13:00:00.0;-0.18001976923900692
2018-11-11T14:00:00.0;-0.18396023177442883
2018-11-11T15:00:00.0;-0.19224025681294687
2018-11-11T16:00:00.0;-0.20981956353629078
2018-11-11T17:00:00.0;-0.229473670887495
2018-11-11T18:00:00.0;-0.23663851289127102
2018-11-11T19:00:00.0;-0.2430243915026173
2018-11-11T20:00:00.0;-0.2442769555632389
2018-11-11T21:00:00.0;-0.2413328805299184
2018-11-11T22:00:00.0;-0.23258237076903895
2018-11-11T23:00:00.0;-0.22232426882379877
2018-11-12T00:00:00.0;-0.21659064633602407
2018-11-12T01:00:00.0;-0.205901824213518
2018-11-12T02:00:00.0;-0.19837404134637826
2018-11-12T03:00:00.0;-0.19135332871724003
2018-11-12T04:00:00.0;-0.18465559504429974
2018-11-12T05:00:00.0;-0.18431811642702148
2018-11-12T06:00:00.0;-0.19755915410471145
2018-11-12T07:00:00.0;-0.21606796256768174
2018-11-12T08:00:00.0;-0.21861319770233165
2018-11-12T09:00:00.0;-0.21154710880034894
2018-11-12T10:00:00.0;-0.20031664489470263
2018-11-12T11:00:00.0;-0.19347980543954835
2018-11-12T12:00:00.0;-0.19005673199438158
2018-11-12T13:00:00.0;-0.19584771291162706
2018-11-12T14:00:00.0;-0.20304595407145423
2018-11-12T15:00:00.0;-0.21259309542806565
2018-11-12T16:00:00.0;-0.22900868517893141
2018-11-12T17:00:00.0;-0.2529327989904904
2018-11-12T18:00:00.0;-0.2594318813919633
2018-11-12T19:00:00.0;-0.26514603242579843
2018-11-12T20:00:00.0;-0.2641229078889609
2018-11-12T21:00:00.0;-0.2562988970298482
2018-11-12T22:00:00.0;-0.24321812553893582
2018-11-12T23:00:00.0;-0.23151915444199805
2018-11-13T00:00:00.0;-0.21526414039649
2018-11-13T01:00:00.0;-0.2052359578258068
2018-11-13T02:00:00.0;-0.19637354616731895
2018-11-13T03:00:00.0;-0.18808273601787373
2018-11-13T04:00:00.0;-0.1818017341687265
2018-11-13T05:00:00.0;-0.18214056669925235
2018-11-13T06:00:00.0;-0.1934894340973867
2018-11-13T07:00:00.0;-0.2071084645747793
2018-11-13T08:00:00.0;-0.20993523807419823
2018-11-13T09:00:00.0;-0.20310007455334317
2018-11-13T10:00:00.0;-0.1936675534963969
2018-11-13T11:00:00.0;-0.1868886494595959
2018-11-13T12:00:00.0;-0.18284698914388267
2018-11-13T13:00:00.0;-0.18560599619201848
2018-11-13T14:00:00.0;-0.19140651559131436
2018-11-13T15:00:00.0;-0.20191597860447513
2018-11-13T16:00:00.0;-0.2198328172372003
2018-11-13T17:00:00.0;-0.24105893122502786
2018-11-13T18:00:00.0;-0.249671585775091
2018-11-13T19:00:00.0;-0.25531932778895966
2018-11-13T20:00:00.0;-0.2551681885709574
2018-11-13T21:00:00.0;-0.25005206321873363
2018-11-13T22:00:00.0;-0.2394569615043341
2018-11-13T23:00:00.0;-0.2270635570511222
2018-11-14T00:00:00.0;-0.21115756770579108
2018-11-14T01:00:00.0;-0.2018371456356299
2018-11-14T02:00:00.0;-0.19418330622836774
2018-11-14T03:00:00.0;-0.18685772664688685
2018-11-14T04:00:00.0;-0.18352130969923783
2018-11-14T05:00:00.0;-0.18989001867208571
2018-11-14T06:00:00.0;-0.20579191348977602
2018-11-14T07:00:00.0;-0.21476702800338904
2018-11-14T08:00:00.0;-0.21267466571755123
2018-11-14T09:00:00.0;-0.2010824593582348
2018-11-14T10:00:00.0;-0.18959025933237025
2018-11-14T11:00:00.0;-0.18233769795555557
2018-11-14T12:00:00.0;-0.1800770577993227
2018-11-14T13:00:00.0;-0.18411841703803408
2018-11-14T14:00:00.0;-0.19043934390096562
2018-11-14T15:00:00.0;-0.20269484518764327
2018-11-14T16:00:00.0;-0.22213916624492552
2018-11-14T17:00:00.0;-0.2391776712572688
2018-11-14T18:00:00.0;-0.25366599597637873
2018-11-14T19:00:00.0;-0.25862226625393786
2018-11-14T20:00:00.0;-0.2552536409286391
2018-11-14T21:00:00.0;-0.24601176203634378
2018-11-14T22:00:00.0;-0.23487464946578293
2018-11-14T23:00:00.0;-0.22141180980178748
2018-11-15T00:00:00.0;-0.20996340768390664
2018-11-15T01:00:00.0;-0.20072216077353144
2018-11-15T02:00:00.0;-0.19313226551745447
2018-11-15T03:00:00.0;-0.18601473810127042
2018-11-15T04:00:00.0;-0.18291847072034073
2018-11-15T05:00:00.0;-0.18972388770939888
2018-11-15T06:00:00.0;-0.20552949768624085
2018-11-15T07:00:00.0;-0.21359984395357604
2018-11-15T08:00:00.0;-0.2110120658970965
2018-11-15T09:00:00.0;-0.19943980306624548
2018-11-15T10:00:00.0;-0.18769617153753684
2018-11-15T11:00:00.0;-0.18071306001728685
2018-11-15T12:00:00.0;-0.1789943293788109
2018-11-15T13:00:00.0;-0.18291352635683295
2018-11-15T14:00:00.0;-0.18893755072599625
2018-11-15T15:00:00.0;-0.20070734263094028
2018-11-15T16:00:00.0;-0.2202131937095031
2018-11-15T17:00:00.0;-0.23573385042069622
2018-11-15T18:00:00.0;-0.25053289735890605
2018-11-15T19:00:00.0;-0.25525950980359086
2018-11-15T20:00:00.0;-0.2520493155008974
2018-11-15T21:00:00.0;-0.2425901325086037
2018-11-15T22:00:00.0;-0.2320227449585763
2018-11-15T23:00:00.0;-0.2194616774193781
2018-11-16T00:00:00.0;-0.21745086481729273
2018-11-16T01:00:00.0;-0.20678091450048355
2018-11-16T02:00:00.0;-0.19831207551277338
2018-11-16T03:00:00.0;-0.19076014839292865
2018-11-16T04:00:00.0;-0.1841069178071241
2018-11-16T05:00:00.0;-0.18355502930545559
2018-11-16T06:00:00.0;-0.1947687754588025
2018-11-16T07:00:00.0;-0.21163354131880815
2018-11-16T08:00:00.0;-0.21512927175050056
2018-11-16T09:00:00.0;-0.2096229031473149
2018-11-16T10:00:00.0;-0.19978072431010008
2018-11-16T11:00:00.0;-0.19365993856382624
2018-11-16T12:00:00.0;-0.1905351467133528
2018-11-16T13:00:00.0;-0.19425324101540006
2018-11-16T14:00:00.0;-0.1998509486619038
2018-11-16T15:00:00.0;-0.20822254828895953
2018-11-16T16:00:00.0;-0.22454179786451522
2018-11-16T17:00:00.0;-0.24628776134459862
2018-11-16T18:00:00.0;-0.2526032159110412
2018-11-16T19:00:00.0;-0.25801718909079163
2018-11-16T20:00:00.0;-0.2575972699058633
2018-11-16T21:00:00.0;-0.2511954136184779
2018-11-16T22:00:00.0;-0.24016545695857405
2018-11-16T23:00:00.0;-0.22952119317787187
2018-11-17T00:00:00.0;-0.21557472582168208
2018-11-17T01:00:00.0;-0.2055684527803912
2018-11-17T02:00:00.0;-0.19604473453961876
2018-11-17T03:00:00.0;-0.18739504709664556
2018-11-17T04:00:00.0;-0.1809109945976143
2018-11-17T05:00:00.0;-0.18075603676597027
2018-11-17T06:00:00.0;-0.19072700452292501
2018-11-17T07:00:00.0;-0.20351621718850638
2018-11-17T08:00:00.0;-0.20720809634497184
2018-11-17T09:00:00.0;-0.20160846305452024
2018-11-17T10:00:00.0;-0.1927603831804265
2018-11-17T11:00:00.0;-0.18634094303560758
2018-11-17T12:00:00.0;-0.18230405160884258
2018-11-17T13:00:00.0;-0.18366175205231258
2018-11-17T14:00:00.0;-0.1884078794252075
2018-11-17T15:00:00.0;-0.19795677082224525
2018-11-17T16:00:00.0;-0.2158893556075258
2018-11-17T17:00:00.0;-0.23561785911621963
2018-11-17T18:00:00.0;-0.24361446364883957
2018-11-17T19:00:00.0;-0.24889524121866918
2018-11-17T20:00:00.0;-0.2496880557564587
2018-11-17T21:00:00.0;-0.24576101321516794
2018-11-17T22:00:00.0;-0.23675795865805208
2018-11-17T23:00:00.0;-0.22561838549087518
2018-11-18T00:00:00.0;-0.2172033399845273
2018-11-18T01:00:00.0;-0.20707201849777895
2018-11-18T02:00:00.0;-0.1975794915215756
2018-11-18T03:00:00.0;-0.18845740243807765
2018-11-18T04:00:00.0;-0.18150498648233926
2018-11-18T05:00:00.0;-0.18019666325583097
2018-11-18T06:00:00.0;-0.1894199361017545
2018-11-18T07:00:00.0;-0.20387183683065968
2018-11-18T08:00:00.0;-0.20868870643121276
2018-11-18T09:00:00.0;-0.2033215213259854
2018-11-18T10:00:00.0;-0.19629800822242036
2018-11-18T11:00:00.0;-0.19006377389373244
2018-11-18T12:00:00.0;-0.18532677630043676
2018-11-18T13:00:00.0;-0.18755236681961507
2018-11-18T14:00:00.0;-0.19296853772178052
2018-11-18T15:00:00.0;-0.20378661082802974
2018-11-18T16:00:00.0;-0.2215582236874711
2018-11-18T17:00:00.0;-0.245834272293539
2018-11-18T18:00:00.0;-0.2538840885608862
2018-11-18T19:00:00.0;-0.26046869159375396
2018-11-18T20:00:00.0;-0.2594631182824155
2018-11-18T21:00:00.0;-0.2550861508819753
2018-11-18T22:00:00.0;-0.24371744611424168
2018-11-18T23:00:00.0;-0.22950657766538166
2018-11-19T00:00:00.0;-0.22475007016555887
2018-11-19T01:00:00.0;-0.2141591347877926
2018-11-19T02:00:00.0;-0.20433876133996365
2018-11-19T03:00:00.0;-0.1948813208885443
2018-11-19T04:00:00.0;-0.18822629272391941
2018-11-19T05:00:00.0;-0.18817754712863263
2018-11-19T06:00:00.0;-0.2011290971210969
2018-11-19T07:00:00.0;-0.21934811487407174
2018-11-19T08:00:00.0;-0.22506666236053774
2018-11-19T09:00:00.0;-0.21832938736033108
2018-11-19T10:00:00.0;-0.20955363835034224
2018-11-19T11:00:00.0;-0.2012865863900129
2018-11-19T12:00:00.0;-0.19484262341007005
2018-11-19T13:00:00.0;-0.19671180229426286
2018-11-19T14:00:00.0;-0.2023519059668064
2018-11-19T15:00:00.0;-0.21365824927924987
2018-11-19T16:00:00.0;-0.23115555784516495
2018-11-19T17:00:00.0;-0.2573737392704053
2018-11-19T18:00:00.0;-0.2643188895421737
2018-11-19T19:00:00.0;-0.2695338481376179
2018-11-19T20:00:00.0;-0.26811184924080933
2018-11-19T21:00:00.0;-0.2632709179828131
2018-11-19T22:00:00.0;-0.251836868452372
2018-11-19T23:00:00.0;-0.23680117093902547
2018-11-20T00:00:00.0;-0.22526957823492808
2018-11-20T01:00:00.0;-0.21445194101886356
2018-11-20T02:00:00.0;-0.20496391430117966
2018-11-20T03:00:00.0;-0.19603951677170764
2018-11-20T04:00:00.0;-0.1895312988249412
2018-11-20T05:00:00.0;-0.18982940701739207
2018-11-20T06:00:00.0;-0.20352113971499944
2018-11-20T07:00:00.0;-0.2229175496517102
2018-11-20T08:00:00.0;-0.22839799760204363
2018-11-20T09:00:00.0;-0.22174649445315828
2018-11-20T10:00:00.0;-0.21208368506017483
2018-11-20T11:00:00.0;-0.20396306871555944
2018-11-20T12:00:00.0;-0.19814111637136209
2018-11-20T13:00:00.0;-0.20059983371626097
2018-11-20T14:00:00.0;-0.20612761519496484
2018-11-20T15:00:00.0;-0.2163510283133762
2018-11-20T16:00:00.0;-0.23331345318935684
2018-11-20T17:00:00.0;-0.25890375016934486
2018-11-20T18:00:00.0;-0.2651788810085748
2018-11-20T19:00:00.0;-0.2699106917454905
2018-11-20T20:00:00.0;-0.26826090216635357
2018-11-20T21:00:00.0;-0.2622407078932637
2018-11-20T22:00:00.0;-0.25081773191959916
2018-11-20T23:00:00.0;-0.23710139678731004
2018-11-21T00:00:00.0;-0.2172207477786081
2018-11-21T01:00:00.0;-0.2071985042313176
2018-11-21T02:00:00.0;-0.19876647605498185
2018-11-21T03:00:00.0;-0.19082842675420364
2018-11-21T04:00:00.0;-0.18600768595760453
2018-11-21T05:00:00.0;-0.1895129370571521
2018-11-21T06:00:00.0;-0.20426752130911396
2018-11-21T07:00:00.0;-0.21799870591750156
2018-11-21T08:00:00.0;-0.21930267600735767
2018-11-21T09:00:00.0;-0.2101298604630987
2018-11-21T10:00:00.0;-0.19936529773883457
2018-11-21T11:00:00.0;-0.19185046192279206
2018-11-21T12:00:00.0;-0.18815856738024708
2018-11-21T13:00:00.0;-0.19154886335906146
2018-11-21T14:00:00.0;-0.19745730821049604
2018-11-21T15:00:00.0;-0.20849901529816808
2018-11-21T16:00:00.0;-0.22671491842808025
2018-11-21T17:00:00.0;-0.24732386686619467
2018-11-21T18:00:00.0;-0.2578919379651558
2018-11-21T19:00:00.0;-0.26270468107755246
2018-11-21T20:00:00.0;-0.26027323617553777
2018-11-21T21:00:00.0;-0.25244500817009347
2018-11-21T22:00:00.0;-0.2412893622144118
2018-11-21T23:00:00.0;-0.22813642834198694
2018-11-22T00:00:00.0;-0.21963590394095306
2018-11-22T01:00:00.0;-0.20935015497159631
2018-11-22T02:00:00.0;-0.19969194257265022
2018-11-22T03:00:00.0;-0.19122923084558527
2018-11-22T04:00:00.0;-0.18654259844911222
2018-11-22T05:00:00.0;-0.18973658857412887
2018-11-22T06:00:00.0;-0.20295181755848113
2018-11-22T07:00:00.0;-0.2168670415290336
2018-11-22T08:00:00.0;-0.21942717818639898
2018-11-22T09:00:00.0;-0.21238237126705148
2018-11-22T10:00:00.0;-0.2032942757384838
2018-11-22T11:00:00.0;-0.19661540317546133
2018-11-22T12:00:00.0;-0.19347962305650546
2018-11-22T13:00:00.0;-0.19466386426492926
2018-11-22T14:00:00.0;-0.19879859323234508
2018-11-22T15:00:00.0;-0.20771185761337152
2018-11-22T16:00:00.0;-0.22484414589759008
2018-11-22T17:00:00.0;-0.24248791154701474
2018-11-22T18:00:00.0;-0.2490620194906482
2018-11-22T19:00:00.0;-0.25358657194044754
2018-11-22T20:00:00.0;-0.25377779543242984
2018-11-22T21:00:00.0;-0.24695940349967704
2018-11-22T22:00:00.0;-0.23815370907534492
2018-11-22T23:00:00.0;-0.22688977757599707
2018-11-23T00:00:00.0;-0.21510802949562183
2018-11-23T01:00:00.0;-0.20529156009539268
2018-11-23T02:00:00.0;-0.19690020671376107
2018-11-23T03:00:00.0;-0.18925431961062888
2018-11-23T04:00:00.0;-0.18503841491519588
2018-11-23T05:00:00.0;-0.18968320334946792
2018-11-23T06:00:00.0;-0.20441334699498354
2018-11-23T07:00:00.0;-0.21607719832084182
2018-11-23T08:00:00.0;-0.21636284159743016
2018-11-23T09:00:00.0;-0.20701444385133183
2018-11-23T10:00:00.0;-0.19584006114187857
2018-11-23T11:00:00.0;-0.18874338910353455
2018-11-23T12:00:00.0;-0.18599846192272723
2018-11-23T13:00:00.0;-0.18896731240714099
2018-11-23T14:00:00.0;-0.194241828888
2018-11-23T15:00:00.0;-0.20457084754110513
2018-11-23T16:00:00.0;-0.2230670049662157
2018-11-23T17:00:00.0;-0.24066802929430545
2018-11-23T18:00:00.0;-0.2521839687610657
2018-11-23T19:00:00.0;-0.2565131099345988
2018-11-23T20:00:00.0;-0.25422720552696626
2018-11-23T21:00:00.0;-0.2460008768282897
2018-11-23T22:00:00.0;-0.23602118032093625
2018-11-23T23:00:00.0;-0.22432788016038624
2018-11-24T00:00:00.0;-0.21003578663255684
2018-11-24T01:00:00.0;-0.20029594283919705
2018-11-24T02:00:00.0;-0.19111552679027646
2018-11-24T03:00:00.0;-0.18286690931681807
2018-11-24T04:00:00.0;-0.17678075538276347
2018-11-24T05:00:00.0;-0.17647753256078388
2018-11-24T06:00:00.0;-0.18285501476963997
2018-11-24T07:00:00.0;-0.1926063381100876
2018-11-24T08:00:00.0;-0.19573092242321544
2018-11-24T09:00:00.0;-0.1917829925157767
2018-11-24T10:00:00.0;-0.18571936266653824
2018-11-24T11:00:00.0;-0.18218122950582105
2018-11-24T12:00:00.0;-0.18075262681949164
2018-11-24T13:00:00.0;-0.18282016169829843
2018-11-24T14:00:00.0;-0.18647611062202568
2018-11-24T15:00:00.0;-0.19464372551217332
2018-11-24T16:00:00.0;-0.21248051850098912
2018-11-24T17:00:00.0;-0.23095878676105552
2018-11-24T18:00:00.0;-0.24075694493830102
2018-11-24T19:00:00.0;-0.24737825570076896
2018-11-24T20:00:00.0;-0.24572067272462308
2018-11-24T21:00:00.0;-0.23966220903830682
2018-11-24T22:00:00.0;-0.22996677410737523
2018-11-24T23:00:00.0;-0.21923862513402909
2018-11-25T00:00:00.0;-0.2100626659209338
2018-11-25T01:00:00.0;-0.20020155919397345
2018-11-25T02:00:00.0;-0.19145642464701898
2018-11-25T03:00:00.0;-0.18326553691142602
2018-11-25T04:00:00.0;-0.17656971656880957
2018-11-25T05:00:00.0;-0.17505175295748582
2018-11-25T06:00:00.0;-0.18143308595902086
2018-11-25T07:00:00.0;-0.19288542831586317
2018-11-25T08:00:00.0;-0.19626527979353914
2018-11-25T09:00:00.0;-0.19212934326544628
2018-11-25T10:00:00.0;-0.18629418188169566
2018-11-25T11:00:00.0;-0.18254470834136483
2018-11-25T12:00:00.0;-0.1805708025406858
2018-11-25T13:00:00.0;-0.1839235304374434
2018-11-25T14:00:00.0;-0.18878824524295953
2018-11-25T15:00:00.0;-0.19798026783429326
2018-11-25T16:00:00.0;-0.21555574148546097
2018-11-25T17:00:00.0;-0.23713902998119674
2018-11-25T18:00:00.0;-0.24639966445784126
2018-11-25T19:00:00.0;-0.2539256849756687
2018-11-25T20:00:00.0;-0.2520229032925417
2018-11-25T21:00:00.0;-0.24594819803652784
2018-11-25T22:00:00.0;-0.2343691520483552
2018-11-25T23:00:00.0;-0.22199995509752818
2018-11-26T00:00:00.0;-0.22094428131368282
2018-11-26T01:00:00.0;-0.2104419881805376
2018-11-26T02:00:00.0;-0.20028301474688215
2018-11-26T03:00:00.0;-0.19146434824945105
2018-11-26T04:00:00.0;-0.18594640999586182
2018-11-26T05:00:00.0;-0.1873317211136001
2018-11-26T06:00:00.0;-0.19853512395468592
2018-11-26T07:00:00.0;-0.213543934134116
2018-11-26T08:00:00.0;-0.21791045501451467
2018-11-26T09:00:00.0;-0.2128079135983047
2018-11-26T10:00:00.0;-0.20484509727287442
2018-11-26T11:00:00.0;-0.19874667306255384
2018-11-26T12:00:00.0;-0.19536690104398094
2018-11-26T13:00:00.0;-0.1959267189822521
2018-11-26T14:00:00.0;-0.19938474419733396
2018-11-26T15:00:00.0;-0.20728440337195428
2018-11-26T16:00:00.0;-0.2239546522986097
2018-11-26T17:00:00.0;-0.2426797348950672
2018-11-26T18:00:00.0;-0.24780981331562177
2018-11-26T19:00:00.0;-0.252508737829988
2018-11-26T20:00:00.0;-0.25303207458012633
2018-11-26T21:00:00.0;-0.24715774188342834
2018-11-26T22:00:00.0;-0.23871395020264852
2018-11-26T23:00:00.0;-0.22803099204265953
2018-11-27T00:00:00.0;-0.22271545222961794
2018-11-27T01:00:00.0;-0.21197238109847522
2018-11-27T02:00:00.0;-0.2031384354312243
2018-11-27T03:00:00.0;-0.19471730191858522
2018-11-27T04:00:00.0;-0.18817028081981715
2018-11-27T05:00:00.0;-0.18833181725015877
2018-11-27T06:00:00.0;-0.20211787336491951
2018-11-27T07:00:00.0;-0.22128780079106394
2018-11-27T08:00:00.0;-0.22579025812360545
2018-11-27T09:00:00.0;-0.2186653399958572
2018-11-27T10:00:00.0;-0.208619098536844
2018-11-27T11:00:00.0;-0.2007178233766615
2018-11-27T12:00:00.0;-0.19540529672622062
2018-11-27T13:00:00.0;-0.19906135614808199
2018-11-27T14:00:00.0;-0.2053824859848838
2018-11-27T15:00:00.0;-0.21594030636751535
2018-11-27T16:00:00.0;-0.23285750858883356
2018-11-27T17:00:00.0;-0.25861872634219407
2018-11-27T18:00:00.0;-0.2652607579302936
2018-11-27T19:00:00.0;-0.2704878835607585
2018-11-27T20:00:00.0;-0.26877833408261137
2018-11-27T21:00:00.0;-0.26218247303607467
2018-11-27T22:00:00.0;-0.24981923314148163
2018-11-27T23:00:00.0;-0.23598049634245052
2018-11-28T00:00:00.0;-0.22785564351789697
2018-11-28T01:00:00.0;-0.21704850800079378
2018-11-28T02:00:00.0;-0.20707933849308505
2018-11-28T03:00:00.0;-0.19751172273719136
2018-11-28T04:00:00.0;-0.19108260491899848
2018-11-28T05:00:00.0;-0.19163741163829393
2018-11-28T06:00:00.0;-0.20576610368687845
2018-11-28T07:00:00.0;-0.22547330764139986
2018-11-28T08:00:00.0;-0.23167608738660975
2018-11-28T09:00:00.0;-0.22467949298841303
2018-11-28T10:00:00.0;-0.21558770161145718
2018-11-28T11:00:00.0;-0.2068732372977446
2018-11-28T12:00:00.0;-0.20007438810924874
2018-11-28T13:00:00.0;-0.20182915967887752
2018-11-28T14:00:00.0;-0.20726159630261207
2018-11-28T15:00:00.0;-0.2183978821872096
2018-11-28T16:00:00.0;-0.23567754953743617
2018-11-28T17:00:00.0;-0.2626461606118099
2018-11-28T18:00:00.0;-0.2692559574819603
2018-11-28T19:00:00.0;-0.2739700711056816
2018-11-28T20:00:00.0;-0.2718079205211249
2018-11-28T21:00:00.0;-0.2662654383686467
2018-11-28T22:00:00.0;-0.25473314114828566
2018-11-28T23:00:00.0;-0.23946073062183015
2018-11-29T00:00:00.0;-0.2275647427425858
2018-11-29T01:00:00.0;-0.21677785881223333
2018-11-29T02:00:00.0;-0.20682262711383428
2018-11-29T03:00:00.0;-0.19726533153970918
2018-11-29T04:00:00.0;-0.190815052574291
2018-11-29T05:00:00.0;-0.19131332421412334
2018-11-29T06:00:00.0;-0.20533175271458753
2018-11-29T07:00:00.0;-0.22489955744367726
2018-11-29T08:00:00.0;-0.2310569788851159
2018-11-29T09:00:00.0;-0.22408467507850083
2018-11-29T10:00:00.0;-0.21502248756503534
2018-11-29T11:00:00.0;-0.20634993261417356
2018-11-29T12:00:00.0;-0.19958432581331528
2018-11-29T13:00:00.0;-0.20134981397944077
2018-11-29T14:00:00.0;-0.2068017028906119
2018-11-29T15:00:00.0;-0.21795391814862788
2018-11-29T16:00:00.0;-0.23525397207202484
2018-11-29T17:00:00.0;-0.2621522899856896
2018-11-29T18:00:00.0;-0.26879349959463766
2018-11-29T19:00:00.0;-0.27355452764415256
2018-11-29T20:00:00.0;-0.2714617074779715
2018-11-29T21:00:00.0;-0.2659849399861924
2018-11-29T22:00:00.0;-0.2544618456813409
2018-11-29T23:00:00.0;-0.23921160819387924
2018-11-30T00:00:00.0;-0.22267543968741774
2018-11-30T01:00:00.0;-0.21219523833195533
2018-11-30T02:00:00.0;-0.202656536815229
2018-11-30T03:00:00.0;-0.19360226506468156
2018-11-30T04:00:00.0;-0.18741421372634354
2018-11-30T05:00:00.0;-0.18812616108352176
2018-11-30T06:00:00.0;-0.20086774285647035
2018-11-30T07:00:00.0;-0.2178317236779287
2018-11-30T08:00:00.0;-0.22267406481286636
2018-11-30T09:00:00.0;-0.21588673591339244
2018-11-30T10:00:00.0;-0.2070817182758817
2018-11-30T11:00:00.0;-0.199493419390929
2018-11-30T12:00:00.0;-0.19413141836173312
2018-11-30T13:00:00.0;-0.1962969592764092
2018-11-30T14:00:00.0;-0.2016023673591258
2018-11-30T15:00:00.0;-0.21227844938427404
2018-11-30T16:00:00.0;-0.22980748604949391
2018-11-30T17:00:00.0;-0.2543682636859592
2018-11-30T18:00:00.0;-0.26214184856151296
2018-11-30T19:00:00.0;-0.2673117022314934
2018-11-30T20:00:00.0;-0.2653063341005481
2018-11-30T21:00:00.0;-0.2594117021971119
2018-11-30T22:00:00.0;-0.24816775898856433
2018-11-30T23:00:00.0;-0.2339841168352571
2018-12-01T00:00:00.0;-0.2229998539713787
2018-12-01T01:00:00.0;-0.2124765631998139
2018-12-01T02:00:00.0;-0.20271224323922035
2018-12-01T03:00:00.0;-0.19337262181857362
2018-12-01T04:00:00.0;-0.18679762019128948
2018-12-01T05:00:00.0;-0.18657940063492098
2018-12-01T06:00:00.0;-0.198152398083798
2018-12-01T07:00:00.0;-0.21540848823513797
2018-12-01T08:00:00.0;-0.2210808032591787
2018-12-01T09:00:00.0;-0.21509947718913497
2018-12-01T10:00:00.0;-0.20731298653519434
2018-12-01T11:00:00.0;-0.20007737216507646
2018-12-01T12:00:00.0;-0.19452945682515266
2018-12-01T13:00:00.0;-0.19652772089436293
2018-12-01T14:00:00.0;-0.2016844120083225
2018-12-01T15:00:00.0;-0.21234361729180032
2018-12-01T16:00:00.0;-0.2297537757031397
2018-12-01T17:00:00.0;-0.2554513391054416
2018-12-01T18:00:00.0;-0.2628242689655469
2018-12-01T19:00:00.0;-0.2684472215574748
2018-12-01T20:00:00.0;-0.2663032372894136
2018-12-01T21:00:00.0;-0.26083505053995937
2018-12-01T22:00:00.0;-0.24931346252203795
2018-12-01T23:00:00.0;-0.23461687687927224
2018-12-02T00:00:00.0;-0.2207879035174479
2018-12-02T01:00:00.0;-0.2102541507294948
2018-12-02T02:00:00.0;-0.20007859914492082
2018-12-02T03:00:00.0;-0.19097855766249908
2018-12-02T04:00:00.0;-0.1842568775170664
2018-12-02T05:00:00.0;-0.1833881560911136
2018-12-02T06:00:00.0;-0.19234687152094318
2018-12-02T07:00:00.0;-0.20800955936011126
2018-12-02T08:00:00.0;-0.2141586392519159
2018-12-02T09:00:00.0;-0.21050281640403604
2018-12-02T10:00:00.0;-0.2033145534844439
2018-12-02T11:00:00.0;-0.19763803912163377
2018-12-02T12:00:00.0;-0.19358636261789985
2018-12-02T13:00:00.0;-0.19442350255066562
2018-12-02T14:00:00.0;-0.19783057701896
2018-12-02T15:00:00.0;-0.20573458971513778
2018-12-02T16:00:00.0;-0.22272511450705287
2018-12-02T17:00:00.0;-0.2446858343647736
2018-12-02T18:00:00.0;-0.25110263418146594
2018-12-02T19:00:00.0;-0.2562329397117132
2018-12-02T20:00:00.0;-0.25515833344028077
2018-12-02T21:00:00.0;-0.2500782748443398
2018-12-02T22:00:00.0;-0.2408284316756098
2018-12-02T23:00:00.0;-0.2296704313989897
2018-12-03T00:00:00.0;-0.2242273105185115
2018-12-03T01:00:00.0;-0.21340332440489443
2018-12-03T02:00:00.0;-0.20407051923949474
2018-12-03T03:00:00.0;-0.19539562282072895
2018-12-03T04:00:00.0;-0.1888511140596563
2018-12-03T05:00:00.0;-0.18902479288288299
2018-12-03T06:00:00.0;-0.20243454370924158
2018-12-03T07:00:00.0;-0.2216484445176773
2018-12-03T08:00:00.0;-0.22688976899611166
2018-12-03T09:00:00.0;-0.22048163814430677
2018-12-03T10:00:00.0;-0.21062897413156767
2018-12-03T11:00:00.0;-0.20280002218252807
2018-12-03T12:00:00.0;-0.19741006661062369
2018-12-03T13:00:00.0;-0.20006655845579255
2018-12-03T14:00:00.0;-0.20553961087159742
2018-12-03T15:00:00.0;-0.2152828514626603
2018-12-03T16:00:00.0;-0.23210477650556116
2018-12-03T17:00:00.0;-0.25699522462002755
2018-12-03T18:00:00.0;-0.2630901868524038
2018-12-03T19:00:00.0;-0.26779609309764046
2018-12-03T20:00:00.0;-0.26639386824261063
2018-12-03T21:00:00.0;-0.26021764568269223
2018-12-03T22:00:00.0;-0.24895548624345637
2018-12-03T23:00:00.0;-0.23599909150725132
2018-12-04T00:00:00.0;-0.21593497724850233
2018-12-04T01:00:00.0;-0.2057597149780965
2018-12-04T02:00:00.0;-0.19758766273884487
2018-12-04T03:00:00.0;-0.1901578901041289
2018-12-04T04:00:00.0;-0.1849938723807829
2018-12-04T05:00:00.0;-0.1877325959045343
2018-12-04T06:00:00.0;-0.2017656732736329
2018-12-04T07:00:00.0;-0.21603521541452908
2018-12-04T08:00:00.0;-0.21734150997830617
2018-12-04T09:00:00.0;-0.20909732547908594
2018-12-04T10:00:00.0;-0.1978994908739618
2018-12-04T11:00:00.0;-0.19096374966684482
2018-12-04T12:00:00.0;-0.18801379460885295
2018-12-04T13:00:00.0;-0.19181540446046405
2018-12-04T14:00:00.0;-0.19757746270100576
2018-12-04T15:00:00.0;-0.20728928959510162
2018-12-04T16:00:00.0;-0.22493760428093426
2018-12-04T17:00:00.0;-0.24456957695801312
2018-12-04T18:00:00.0;-0.2539802260806498
2018-12-04T19:00:00.0;-0.2586741116356795
2018-12-04T20:00:00.0;-0.2570049290002393
2018-12-04T21:00:00.0;-0.24901487710993508
2018-12-04T22:00:00.0;-0.23819608841253825
2018-12-04T23:00:00.0;-0.22689664736570705
2018-12-05T00:00:00.0;-0.2248349218559876
2018-12-05T01:00:00.0;-0.21397082821404365
2018-12-05T02:00:00.0;-0.2044695497136905
2018-12-05T03:00:00.0;-0.19572272088714984
2018-12-05T04:00:00.0;-0.18918051929714602
2018-12-05T05:00:00.0;-0.1893739443241924
2018-12-05T06:00:00.0;-0.20271553230547298
2018-12-05T07:00:00.0;-0.22201736312874723
2018-12-05T08:00:00.0;-0.22751561660057515
2018-12-05T09:00:00.0;-0.22135054087883144
2018-12-05T10:00:00.0;-0.21149676664932784
2018-12-05T11:00:00.0;-0.20366915492275506
2018-12-05T12:00:00.0;-0.19825101392114933
2018-12-05T13:00:00.0;-0.2005638661292722
2018-12-05T14:00:00.0;-0.20573978910134016
2018-12-05T15:00:00.0;-0.2151594286013564
2018-12-05T16:00:00.0;-0.23192746712858825
2018-12-05T17:00:00.0;-0.25647990775577245
2018-12-05T18:00:00.0;-0.2623318249502572
2018-12-05T19:00:00.0;-0.26681518999414733
2018-12-05T20:00:00.0;-0.2655492159213849
2018-12-05T21:00:00.0;-0.25950337409629143
2018-12-05T22:00:00.0;-0.24865031567777432
2018-12-05T23:00:00.0;-0.2360685617573939
2018-12-06T00:00:00.0;-0.22790430053172275
2018-12-06T01:00:00.0;-0.21702545022876701
2018-12-06T02:00:00.0;-0.2068957796489566
2018-12-06T03:00:00.0;-0.19742782736306957
2018-12-06T04:00:00.0;-0.1909669077100219
2018-12-06T05:00:00.0;-0.1914275237153387
2018-12-06T06:00:00.0;-0.2051191985245288
2018-12-06T07:00:00.0;-0.22476411802337407
2018-12-06T08:00:00.0;-0.2312044937502328
2018-12-06T09:00:00.0;-0.2248907819328806
2018-12-06T10:00:00.0;-0.21565688651127615
2018-12-06T11:00:00.0;-0.20724211350478774
2018-12-06T12:00:00.0;-0.2008104509616736
2018-12-06T13:00:00.0;-0.2021268855643585
2018-12-06T14:00:00.0;-0.20696557033564011
2018-12-06T15:00:00.0;-0.2170725744436668
2018-12-06T16:00:00.0;-0.23413122384945873
2018-12-06T17:00:00.0;-0.2598285288946532
2018-12-06T18:00:00.0;-0.2658541441839284
2018-12-06T19:00:00.0;-0.2701633672290157
2018-12-06T20:00:00.0;-0.2684706021489216
2018-12-06T21:00:00.0;-0.26302503617446055
2018-12-06T22:00:00.0;-0.25237816465327895
2018-12-06T23:00:00.0;-0.23848127901688443
2018-12-07T00:00:00.0;-0.22785564351789697
2018-12-07T01:00:00.0;-0.21704850800079378
2018-12-07T02:00:00.0;-0.20707933849308505
2018-12-07T03:00:00.0;-0.19751172273719136
2018-12-07T04:00:00.0;-0.19108260491899848
2018-12-07T05:00:00.0;-0.19163741163829393
2018-12-07T06:00:00.0;-0.20576610368687845
2018-12-07T07:00:00.0;-0.22547330764139986
2018-12-07T08:00:00.0;-0.23167608738660975
2018-12-07T09:00:00.0;-0.22467949298841303
2018-12-07T10:00:00.0;-0.21558770161145718
2018-12-07T11:00:00.0;-0.2068732372977446
2018-12-07T12:00:00.0;-0.20007438810924874
2018-12-07T13:00:00.0;-0.20182915967887752
2018-12-07T14:00:00.0;-0.20726159630261207
2018-12-07T15:00:00.0;-0.2183978821872096
2018-12-07T16:00:00.0;-0.23567754953743617
2018-12-07T17:00:00.0;-0.2626461606118099
2018-12-07T18:00:00.0;-0.2692559574819603
2018-12-07T19:00:00.0;-0.2739700711056816
2018-12-07T20:00:00.0;-0.2718079205211249
2018-12-07T21:00:00.0;-0.2662654383686467
2018-12-07T22:00:00.0;-0.25473314114828566
2018-12-07T23:00:00.0;-0.23946073062183015
2018-12-08T00:00:00.0;-0.22536862536991423
2018-12-08T01:00:00.0;-0.21461931773016138
2018-12-08T02:00:00.0;-0.20432521086736713
2018-12-08T03:00:00.0;-0.19495729114486995
2018-12-08T04:00:00.0;-0.18824155025849687
2018-12-08T05:00:00.0;-0.18801938795682274
2018-12-08T06:00:00.0;-0.20003431964585605
2018-12-08T07:00:00.0;-0.21814626249974386
2018-12-08T08:00:00.0;-0.22456258710686336
2018-12-08T09:00:00.0;-0.21932942482270446
2018-12-08T10:00:00.0;-0.21035952037337804
2018-12-08T11:00:00.0;-0.20266164606088347
2018-12-08T12:00:00.0;-0.19685551361604917
2018-12-08T13:00:00.0;-0.19755994140867575
2018-12-08T14:00:00.0;-0.20181392910332624
2018-12-08T15:00:00.0;-0.2109525503166875
2018-12-08T16:00:00.0;-0.22801522817427491
2018-12-08T17:00:00.0;-0.251590723690307
2018-12-08T18:00:00.0;-0.2572700428432339
2018-12-08T19:00:00.0;-0.2615581035618586
2018-12-08T20:00:00.0;-0.26112113444434965
2018-12-08T21:00:00.0;-0.25662502641842916
2018-12-08T22:00:00.0;-0.24721106949948207
2018-12-08T23:00:00.0;-0.23500780464793486
2018-12-09T00:00:00.0;-0.2274937631167238
2018-12-09T01:00:00.0;-0.21671001433861117
2018-12-09T02:00:00.0;-0.20675122712042943
2018-12-09T03:00:00.0;-0.1971981956536043
2018-12-09T04:00:00.0;-0.1907410975594302
2018-12-09T05:00:00.0;-0.191220975252147
2018-12-09T06:00:00.0;-0.20519415575317676
2018-12-09T07:00:00.0;-0.22472162694614228
2018-12-09T08:00:00.0;-0.23087740022239722
2018-12-09T09:00:00.0;-0.2239353927924059
2018-12-09T10:00:00.0;-0.21487837337041363
2018-12-09T11:00:00.0;-0.20622635576363388
2018-12-09T12:00:00.0;-0.19947995827768292
2018-12-09T13:00:00.0;-0.20123017355263081
2018-12-09T14:00:00.0;-0.20666574457477352
2018-12-09T15:00:00.0;-0.21778842193031558
2018-12-09T16:00:00.0;-0.23508732112338437
2018-12-09T17:00:00.0;-0.2619247512258092
2018-12-09T18:00:00.0;-0.26855484380013267
2018-12-09T19:00:00.0;-0.2733143625876986
2018-12-09T20:00:00.0;-0.271256197715142
2018-12-09T21:00:00.0;-0.2658030546417903
2018-12-09T22:00:00.0;-0.2543141551171079
2018-12-09T23:00:00.0;-0.23911443361260679
2018-12-10T00:00:00.0;-0.22755902748546533
2018-12-10T01:00:00.0;-0.21669928212949668
2018-12-10T02:00:00.0;-0.2066770384281316
2018-12-10T03:00:00.0;-0.19726309214990165
2018-12-10T04:00:00.0;-0.19080110486137986
2018-12-10T05:00:00.0;-0.1912556857195002
2018-12-10T06:00:00.0;-0.2050159883370873
2018-12-10T07:00:00.0;-0.22463884186784575
2018-12-10T08:00:00.0;-0.2309188980134487
2018-12-10T09:00:00.0;-0.2244546729662073
2018-12-10T10:00:00.0;-0.21518812647405425
2018-12-10T11:00:00.0;-0.2067639914018334
2018-12-10T12:00:00.0;-0.20035280606301098
2018-12-10T13:00:00.0;-0.20188444889315207
2018-12-10T14:00:00.0;-0.20690467048495403
2018-12-10T15:00:00.0;-0.21718820980094636
2018-12-10T16:00:00.0;-0.23426923248809883
2018-12-10T17:00:00.0;-0.2601524450307481
2018-12-10T18:00:00.0;-0.2663017632159365
2018-12-10T19:00:00.0;-0.27072871565968937
2018-12-10T20:00:00.0;-0.26896775492928277
2018-12-10T21:00:00.0;-0.26343333404136116
2018-12-10T22:00:00.0;-0.2525479772899987
2018-12-10T23:00:00.0;-0.2384582439997342
2018-12-11T00:00:00.0;-0.21902853041515036
2018-12-11T01:00:00.0;-0.20889600351828314
2018-12-11T02:00:00.0;-0.1997340373361675
2018-12-11T03:00:00.0;-0.19154727486643272
2018-12-11T04:00:00.0;-0.18683086104080457
2018-12-11T05:00:00.0;-0.19054488678383025
2018-12-11T06:00:00.0;-0.20469616543019117
2018-12-11T07:00:00.0;-0.21816721671707293
2018-12-11T08:00:00.0;-0.22038599201580128
2018-12-11T09:00:00.0;-0.21238941279329004
2018-12-11T10:00:00.0;-0.20170161554236765
2018-12-11T11:00:00.0;-0.19443612487172898
2018-12-11T12:00:00.0;-0.19092757893871437
2018-12-11T13:00:00.0;-0.19271967467568762
2018-12-11T14:00:00.0;-0.19714382974456368
2018-12-11T15:00:00.0;-0.20655195794723
2018-12-11T16:00:00.0;-0.22459346195778848
2018-12-11T17:00:00.0;-0.24300081681913263
2018-12-11T18:00:00.0;-0.2527392311203796
2018-12-11T19:00:00.0;-0.25656865366019316
2018-12-11T20:00:00.0;-0.25477214376524043
2018-12-11T21:00:00.0;-0.24746782330690456
2018-12-11T22:00:00.0;-0.23836465751293218
2018-12-11T23:00:00.0;-0.2272158417665759
2018-12-12T00:00:00.0;-0.22147807947167233
2018-12-12T01:00:00.0;-0.21067491075080944
2018-12-12T02:00:00.0;-0.20195519692585895
2018-12-12T03:00:00.0;-0.1939274222192619
2018-12-12T04:00:00.0;-0.18731705891108094
2018-12-12T05:00:00.0;-0.1872799379625172
2018-12-12T06:00:00.0;-0.20051594125143565
2018-12-12T07:00:00.0;-0.21948498319891022
2018-12-12T08:00:00.0;-0.22381337167822996
2018-12-12T09:00:00.0;-0.21738151730058228
2018-12-12T10:00:00.0;-0.20694500118918824
2018-12-12T11:00:00.0;-0.19956593855132068
2018-12-12T12:00:00.0;-0.1950161139807666
2018-12-12T13:00:00.0;-0.19868344625583326
2018-12-12T14:00:00.0;-0.2045968563371536
2018-12-12T15:00:00.0;-0.21391647786555346
2018-12-12T16:00:00.0;-0.23050805313534348
2018-12-12T17:00:00.0;-0.2546163126220253
2018-12-12T18:00:00.0;-0.2606460072484065
2018-12-12T19:00:00.0;-0.26557177755156297
2018-12-12T20:00:00.0;-0.2644742339720322
2018-12-12T21:00:00.0;-0.25771713669310775
2018-12-12T22:00:00.0;-0.24608586668839963
2018-12-12T23:00:00.0;-0.23406751833828185
2018-12-13T00:00:00.0;-0.2206459623850635
2018-12-13T01:00:00.0;-0.210205721496301
2018-12-13T02:00:00.0;-0.20101981804084848
2018-12-13T03:00:00.0;-0.19280262165060824
2018-12-13T04:00:00.0;-0.18732416779499178
2018-12-13T05:00:00.0;-0.1895348135716574
2018-12-13T06:00:00.0;-0.20317523675823554
2018-12-13T07:00:00.0;-0.21889818463928518
2018-12-13T08:00:00.0;-0.222267985637042
2018-12-13T09:00:00.0;-0.21520268202825968
2018-12-13T10:00:00.0;-0.20466996401208448
2018-12-13T11:00:00.0;-0.1973876054659297
2018-12-13T12:00:00.0;-0.19343688388995173
2018-12-13T13:00:00.0;-0.19557482160928447
2018-12-13T14:00:00.0;-0.20024459360796218
2018-12-13T15:00:00.0;-0.2092548862006658
2018-12-13T16:00:00.0;-0.22666300190824504
2018-12-13T17:00:00.0;-0.24697741805265339
2018-12-13T18:00:00.0;-0.25497386179397014
2018-12-13T19:00:00.0;-0.25901436118828425
2018-12-13T20:00:00.0;-0.25764208337783473
2018-12-13T21:00:00.0;-0.25072384027061856
2018-12-13T22:00:00.0;-0.241071940494155
2018-12-13T23:00:00.0;-0.2299785060544215
2018-12-14T00:00:00.0;-0.224119539469654
2018-12-14T01:00:00.0;-0.21323994651366432
2018-12-14T02:00:00.0;-0.20384524277856217
2018-12-14T03:00:00.0;-0.19529592105853705
2018-12-14T04:00:00.0;-0.18872600782816937
2018-12-14T05:00:00.0;-0.18883108066308718
2018-12-14T06:00:00.0;-0.20197381672590647
2018-12-14T07:00:00.0;-0.22117774052672548
2018-12-14T08:00:00.0;-0.22651540631191905
2018-12-14T09:00:00.0;-0.22056652549051176
2018-12-14T10:00:00.0;-0.21052802203822243
2018-12-14T11:00:00.0;-0.20291912893997172
2018-12-14T12:00:00.0;-0.19783875211412733
2018-12-14T13:00:00.0;-0.2002718889282479
2018-12-14T14:00:00.0;-0.20537051572820628
2018-12-14T15:00:00.0;-0.21435435825211774
2018-12-14T16:00:00.0;-0.23099488519664693
2018-12-14T17:00:00.0;-0.25493885383031495
2018-12-14T18:00:00.0;-0.2605947802072221
2018-12-14T19:00:00.0;-0.26501218939719196
2018-12-14T20:00:00.0;-0.26397184278922203
2018-12-14T21:00:00.0;-0.2578092507130239
2018-12-14T22:00:00.0;-0.24714186131190552
2018-12-14T23:00:00.0;-0.2352365913485483
2018-12-15T00:00:00.0;-0.22802365624588306
2018-12-15T01:00:00.0;-0.21717658897479752
2018-12-15T02:00:00.0;-0.20709062670615508
2018-12-15T03:00:00.0;-0.19754434406311444
2018-12-15T04:00:00.0;-0.19110156396730268
2018-12-15T05:00:00.0;-0.19161712407136045
2018-12-15T06:00:00.0;-0.20552274676501325
2018-12-15T07:00:00.0;-0.22521166350926503
2018-12-15T08:00:00.0;-0.23158788375147138
2018-12-15T09:00:00.0;-0.22495820867408717
2018-12-15T10:00:00.0;-0.2158171914501365
2018-12-15T11:00:00.0;-0.2072397130872021
2018-12-15T12:00:00.0;-0.20059515352290666
2018-12-15T13:00:00.0;-0.2020641110219067
2018-12-15T14:00:00.0;-0.20715603248972284
2018-12-15T15:00:00.0;-0.21776061732598073
2018-12-15T16:00:00.0;-0.23493269979903228
2018-12-15T17:00:00.0;-0.26125821465342186
2018-12-15T18:00:00.0;-0.26755626914731295
2018-12-15T19:00:00.0;-0.27204075056312144
2018-12-15T20:00:00.0;-0.27011585249801384
2018-12-15T21:00:00.0;-0.2646540657640973
2018-12-15T22:00:00.0;-0.2536158906454552
2018-12-15T23:00:00.0;-0.23903577618992364
2018-12-16T00:00:00.0;-0.21063879369536606
2018-12-16T01:00:00.0;-0.20087178794147567
2018-12-16T02:00:00.0;-0.19170377768741445
2018-12-16T03:00:00.0;-0.18335255641799322
2018-12-16T04:00:00.0;-0.17717794109723017
2018-12-16T05:00:00.0;-0.17673818314270245
2018-12-16T06:00:00.0;-0.1833372483482826
2018-12-16T07:00:00.0;-0.19355840300699007
2018-12-16T08:00:00.0;-0.1968378742404383
2018-12-16T09:00:00.0;-0.1926991100335753
2018-12-16T10:00:00.0;-0.18671060715422372
2018-12-16T11:00:00.0;-0.1829527378154742
2018-12-16T12:00:00.0;-0.1811935227942612
2018-12-16T13:00:00.0;-0.1834156649175214
2018-12-16T14:00:00.0;-0.18733928271258551
2018-12-16T15:00:00.0;-0.19593554538680805
2018-12-16T16:00:00.0;-0.21378491772716315
2018-12-16T17:00:00.0;-0.2331901935981691
2018-12-16T18:00:00.0;-0.24295562267776932
2018-12-16T19:00:00.0;-0.24972935947679856
2018-12-16T20:00:00.0;-0.24791256209454912
2018-12-16T21:00:00.0;-0.2419097175953613
2018-12-16T22:00:00.0;-0.23178339835661
2018-12-16T23:00:00.0;-0.22038815273316806
2018-12-17T00:00:00.0;-0.2281990409804216
2018-12-17T01:00:00.0;-0.21722749916501374
2018-12-17T02:00:00.0;-0.2068452613717586
2018-12-17T03:00:00.0;-0.19744992053286023
2018-12-17T04:00:00.0;-0.19095455273179443
2018-12-17T05:00:00.0;-0.1913151446601002
2018-12-17T06:00:00.0;-0.20447531959712886
2018-12-17T07:00:00.0;-0.22406670821360694
2018-12-17T08:00:00.0;-0.23088187001042823
2018-12-17T09:00:00.0;-0.22542887226865857
2018-12-17T10:00:00.0;-0.21606049995669302
2018-12-17T11:00:00.0;-0.20798390776371017
2018-12-17T12:00:00.0;-0.20194430007757977
2018-12-17T13:00:00.0;-0.2026255060932566
2018-12-17T14:00:00.0;-0.20668046702420256
2018-12-17T15:00:00.0;-0.21552526412986103
2018-12-17T16:00:00.0;-0.23232371759161818
2018-12-17T17:00:00.0;-0.25648444408195425
2018-12-17T18:00:00.0;-0.261777276704444
2018-12-17T19:00:00.0;-0.26555629449401774
2018-12-17T20:00:00.0;-0.26443054763440166
2018-12-17T21:00:00.0;-0.25915422604382293
2018-12-17T22:00:00.0;-0.2496535874720741
2018-12-17T23:00:00.0;-0.23741345475778738
2018-12-18T00:00:00.0;-0.22785564351789697
2018-12-18T01:00:00.0;-0.21704850800079378
2018-12-18T02:00:00.0;-0.20707933849308505
2018-12-18T03:00:00.0;-0.19751172273719136
2018-12-18T04:00:00.0;-0.19108260491899848
2018-12-18T05:00:00.0;-0.19163741163829393
2018-12-18T06:00:00.0;-0.20576610368687845
2018-12-18T07:00:00.0;-0.22547330764139986
2018-12-18T08:00:00.0;-0.23167608738660975
2018-12-18T09:00:00.0;-0.22467949298841303
2018-12-18T10:00:00.0;-0.21558770161145718
2018-12-18T11:00:00.0;-0.2068732372977446
2018-12-18T12:00:00.0;-0.20007438810924874
2018-12-18T13:00:00.0;-0.20182915967887752
2018-12-18T14:00:00.0;-0.20726159630261207
2018-12-18T15:00:00.0;-0.2183978821872096
2018-12-18T16:00:00.0;-0.23567754953743617
2018-12-18T17:00:00.0;-0.2626461606118099
2018-12-18T18:00:00.0;-0.2692559574819603
2018-12-18T19:00:00.0;-0.2739700711056816
2018-12-18T20:00:00.0;-0.2718079205211249
2018-12-18T21:00:00.0;-0.2662654383686467
2018-12-18T22:00:00.0;-0.25473314114828566
2018-12-18T23:00:00.0;-0.23946073062183015
2018-12-19T00:00:00.0;-0.22807805188747293
2018-12-19T01:00:00.0;-0.21721805634956073
2018-12-19T02:00:00.0;-0.20709428136732097
2018-12-19T03:00:00.0;-0.1975549055126806
2018-12-19T04:00:00.0;-0.19110770213081446
2018-12-19T05:00:00.0;-0.19161055578791622
2018-12-19T06:00:00.0;-0.2054439577586154
2018-12-19T07:00:00.0;-0.2251269538530008
2018-12-19T08:00:00.0;-0.23155932702614807
2018-12-19T09:00:00.0;-0.2250484454003468
2018-12-19T10:00:00.0;-0.21589149086282364
2018-12-19T11:00:00.0;-0.20735836294149385
2018-12-19T12:00:00.0;-0.2007637560397119
2018-12-19T13:00:00.0;-0.20214017864606634
2018-12-19T14:00:00.0;-0.20712185524970284
2018-12-19T15:00:00.0;-0.2175542970584345
2018-12-19T16:00:00.0;-0.23469154795360822
2018-12-19T17:00:00.0;-0.2608088545852673
2018-12-19T18:00:00.0;-0.26700597966285367
2018-12-19T19:00:00.0;-0.2714161155726469
2018-12-19T20:00:00.0;-0.2695680301583959
2018-12-19T21:00:00.0;-0.2641323692967192
2018-12-19T22:00:00.0;-0.2532541706814584
2018-12-19T23:00:00.0;-0.23889819334577175
2018-12-20T00:00:00.0;-0.2282513138383019
2018-12-20T01:00:00.0;-0.21735013895833669
2018-12-20T02:00:00.0;-0.20710592225811142
2018-12-20T03:00:00.0;-0.19758854602691905
2018-12-20T04:00:00.0;-0.19112725351679824
2018-12-20T05:00:00.0;-0.19158963437638624
2018-12-20T06:00:00.0;-0.20519299763472762
2018-12-20T07:00:00.0;-0.2248571351714043
2018-12-20T08:00:00.0;-0.23146836764421627
2018-12-20T09:00:00.0;-0.22533586900215002
2018-12-20T10:00:00.0;-0.2161281506541479
2018-12-20T11:00:00.0;-0.20773628853662054
2018-12-20T12:00:00.0;-0.20130079173085375
2018-12-20T13:00:00.0;-0.20238247057555933
2018-12-20T14:00:00.0;-0.20701299330586456
2018-12-20T15:00:00.0;-0.21689712212666126
2018-12-20T16:00:00.0;-0.2339234268695852
2018-12-20T17:00:00.0;-0.2593775450215332
2018-12-20T18:00:00.0;-0.2652531879536048
2018-12-20T19:00:00.0;-0.26942651725479716
2018-12-20T20:00:00.0;-0.26782309684213024
2018-12-20T21:00:00.0;-0.2624706525665452
2018-12-20T22:00:00.0;-0.25210201391330495
2018-12-20T23:00:00.0;-0.23845996205955838
2018-12-21T00:00:00.0;-0.22924257211552398
2018-12-21T01:00:00.0;-0.21810580388418904
2018-12-21T02:00:00.0;-0.20717252158528646
2018-12-21T03:00:00.0;-0.19778100858450504
2018-12-21T04:00:00.0;-0.1912391100040123
2018-12-21T05:00:00.0;-0.19146993976224252
2018-12-21T06:00:00.0;-0.20375721615549228
2018-12-21T07:00:00.0;-0.2233134609821086
2018-12-21T08:00:00.0;-0.23094797502599004
2018-12-21T09:00:00.0;-0.2269802636484831
2018-12-21T10:00:00.0;-0.21748211773066659
2018-12-21T11:00:00.0;-0.20989845901058218
2018-12-21T12:00:00.0;-0.20437325554337044
2018-12-21T13:00:00.0;-0.20376865998105137
2018-12-21T14:00:00.0;-0.2063901773766436
2018-12-21T15:00:00.0;-0.21313732323494686
2018-12-21T16:00:00.0;-0.22952888797167006
2018-12-21T17:00:00.0;-0.2511888027989606
2018-12-21T18:00:00.0;-0.2552251969161831
2018-12-21T19:00:00.0;-0.2580437191766298
2018-12-21T20:00:00.0;-0.25784006487998745
2018-12-21T21:00:00.0;-0.2529637154963905
2018-12-21T22:00:00.0;-0.2455103477821942
2018-12-21T23:00:00.0;-0.23595277344879728
2018-12-22T00:00:00.0;-0.220467267945763
2018-12-22T01:00:00.0;-0.20990562349487446
2018-12-22T02:00:00.0;-0.19957403570829732
2018-12-22T03:00:00.0;-0.19053431332391818
2018-12-22T04:00:00.0;-0.18377451281960042
2018-12-22T05:00:00.0;-0.18275312656323142
2018-12-22T06:00:00.0;-0.19106033302183864
2018-12-22T07:00:00.0;-0.20640162106442475
2018-12-22T08:00:00.0;-0.21275575967624755
2018-12-22T09:00:00.0;-0.2097894253548305
2018-12-22T10:00:00.0;-0.2026827265815818
2018-12-22T11:00:00.0;-0.19739616750648692
2018-12-22T12:00:00.0;-0.19373377873566608
2018-12-22T13:00:00.0;-0.19415853116980686
2018-12-22T14:00:00.0;-0.19700530146681172
2018-12-22T15:00:00.0;-0.20402925858767848
2018-12-22T16:00:00.0;-0.22086871905565747
2018-12-22T17:00:00.0;-0.2416837035062221
2018-12-22T18:00:00.0;-0.24771050130192457
2018-12-22T19:00:00.0;-0.25259485521219754
2018-12-22T20:00:00.0;-0.2518866855399999
2018-12-22T21:00:00.0;-0.2469381092464206
2018-12-22T22:00:00.0;-0.23845272886908478
2018-12-22T23:00:00.0;-0.22843362840748027
2018-12-23T00:00:00.0;-0.20726053532984565
2018-12-23T01:00:00.0;-0.19754796921776582
2018-12-23T02:00:00.0;-0.18821787309152474
2018-12-23T03:00:00.0;-0.17985472530637353
2018-12-23T04:00:00.0;-0.17288767360462157
2018-12-23T05:00:00.0;-0.1702896265102074
2018-12-23T06:00:00.0;-0.17306839803131233
2018-12-23T07:00:00.0;-0.18213403583726523
2018-12-23T08:00:00.0;-0.18629292972332
2018-12-23T09:00:00.0;-0.18460469539465482
2018-12-23T10:00:00.0;-0.18063440678188533
2018-12-23T11:00:00.0;-0.1786841475637514
2018-12-23T12:00:00.0;-0.17792875943956935
2018-12-23T13:00:00.0;-0.1799899166818918
2018-12-23T14:00:00.0;-0.18320544570907382
2018-12-23T15:00:00.0;-0.19050928057301716
2018-12-23T16:00:00.0;-0.2079940504295227
2018-12-23T17:00:00.0;-0.2270688357009609
2018-12-23T18:00:00.0;-0.23608300247393305
2018-12-23T19:00:00.0;-0.2438505031807428
2018-12-23T20:00:00.0;-0.2424822415662179
2018-12-23T21:00:00.0;-0.23721971208801185
2018-12-23T22:00:00.0;-0.22732262361012087
2018-12-23T23:00:00.0;-0.21697643182312118
2018-12-24T00:00:00.0;-0.2057138983803016
2018-12-24T01:00:00.0;-0.19622161220225587
2018-12-24T02:00:00.0;-0.18825083697324574
2018-12-24T03:00:00.0;-0.1808051789087672
2018-12-24T04:00:00.0;-0.17501214649351265
2018-12-24T05:00:00.0;-0.17528639839345123
2018-12-24T06:00:00.0;-0.18273915634619528
2018-12-24T07:00:00.0;-0.1916242739934723
2018-12-24T08:00:00.0;-0.19251472176213905
2018-12-24T09:00:00.0;-0.18679383311261452
2018-12-24T10:00:00.0;-0.17983074886941927
2018-12-24T11:00:00.0;-0.17625645456557276
2018-12-24T12:00:00.0;-0.17548451227254078
2018-12-24T13:00:00.0;-0.1797043329493437
2018-12-24T14:00:00.0;-0.18502289789279414
2018-12-24T15:00:00.0;-0.19458590970762607
2018-12-24T16:00:00.0;-0.21270407845410408
2018-12-24T17:00:00.0;-0.2315969218068598
2018-12-24T18:00:00.0;-0.24294495872069996
2018-12-24T19:00:00.0;-0.2504029620038809
2018-12-24T20:00:00.0;-0.24821085450047786
2018-12-24T21:00:00.0;-0.2409164394204693
2018-12-24T22:00:00.0;-0.22931994221383392
2018-12-24T23:00:00.0;-0.2175102370564025
2018-12-25T00:00:00.0;-0.21619200558700294
2018-12-25T01:00:00.0;-0.20611487761669606
2018-12-25T02:00:00.0;-0.1967604345256101
2018-12-25T03:00:00.0;-0.1881465476893441
2018-12-25T04:00:00.0;-0.1821634128407513
2018-12-25T05:00:00.0;-0.18267959172943524
2018-12-25T06:00:00.0;-0.19238738296498153
2018-12-25T07:00:00.0;-0.205434780889472
2018-12-25T08:00:00.0;-0.20922333687713543
2018-12-25T09:00:00.0;-0.203724361080503
2018-12-25T10:00:00.0;-0.19618519662013068
2018-12-25T11:00:00.0;-0.19063400381597406
2018-12-25T12:00:00.0;-0.18736469389907728
2018-12-25T13:00:00.0;-0.189410244236931
2018-12-25T14:00:00.0;-0.19379147495975305
2018-12-25T15:00:00.0;-0.20315145229697446
2018-12-25T16:00:00.0;-0.22090147876678476
2018-12-25T17:00:00.0;-0.24196071577064812
2018-12-25T18:00:00.0;-0.2509782502346151
2018-12-25T19:00:00.0;-0.2567593342534771
2018-12-25T20:00:00.0;-0.2548559322529423
2018-12-25T21:00:00.0;-0.24873564592851075
2018-12-25T22:00:00.0;-0.23843440162727483
2018-12-25T23:00:00.0;-0.2261337936471158
2018-12-26T00:00:00.0;-0.20781415413575424
2018-12-26T01:00:00.0;-0.1983969788088438
2018-12-26T02:00:00.0;-0.1899365094906745
2018-12-26T03:00:00.0;-0.18218801708612628
2018-12-26T04:00:00.0;-0.177130302458276
2018-12-26T05:00:00.0;-0.1790871400370504
2018-12-26T06:00:00.0;-0.1878668699700686
2018-12-26T07:00:00.0;-0.1959472436242011
2018-12-26T08:00:00.0;-0.19669046599109047
2018-12-26T09:00:00.0;-0.19025523446133397
2018-12-26T10:00:00.0;-0.1827299610505631
2018-12-26T11:00:00.0;-0.17852990723901033
2018-12-26T12:00:00.0;-0.17747537885713927
2018-12-26T13:00:00.0;-0.18045333001855518
2018-12-26T14:00:00.0;-0.1850009030711265
2018-12-26T15:00:00.0;-0.19450728958604857
2018-12-26T16:00:00.0;-0.2130544683279852
2018-12-26T17:00:00.0;-0.23020288745865722
2018-12-26T18:00:00.0;-0.24229334909065126
2018-12-26T19:00:00.0;-0.24873117200696054
2018-12-26T20:00:00.0;-0.24640023085124943
2018-12-26T21:00:00.0;-0.23909605430765093
2018-12-26T22:00:00.0;-0.22885932245368926
2018-12-26T23:00:00.0;-0.2173987135284472
2018-12-27T00:00:00.0;-0.21553142238816497
2018-12-27T01:00:00.0;-0.20559328093997825
2018-12-27T02:00:00.0;-0.19654219491560038
2018-12-27T03:00:00.0;-0.1884281813779507
2018-12-27T04:00:00.0;-0.18355399317326498
2018-12-27T05:00:00.0;-0.1864863184768101
2018-12-27T06:00:00.0;-0.19858075717829302
2018-12-27T07:00:00.0;-0.21042654547177758
2018-12-27T08:00:00.0;-0.21233220620267404
2018-12-27T09:00:00.0;-0.2051385914820301
2018-12-27T10:00:00.0;-0.19584626080214435
2018-12-27T11:00:00.0;-0.1897291970361863
2018-12-27T12:00:00.0;-0.187079226758012
2018-12-27T13:00:00.0;-0.18911381531436475
2018-12-27T14:00:00.0;-0.1934851573286205
2018-12-27T15:00:00.0;-0.20277470655332855
2018-12-27T16:00:00.0;-0.22079100820814845
2018-12-27T17:00:00.0;-0.23871380205379159
2018-12-27T18:00:00.0;-0.248569201268535
2018-12-27T19:00:00.0;-0.25339140919232384
2018-12-27T20:00:00.0;-0.2517961759807286
2018-12-27T21:00:00.0;-0.2446369161563389
2018-12-27T22:00:00.0;-0.23523667920949082
2018-12-27T23:00:00.0;-0.2240003166151911
2018-12-28T00:00:00.0;-0.21835463047948742
2018-12-28T01:00:00.0;-0.2079267946835766
2018-12-28T02:00:00.0;-0.19772313262788996
2018-12-28T03:00:00.0;-0.18877261742775372
2018-12-28T04:00:00.0;-0.1819574891667664
2018-12-28T05:00:00.0;-0.18062446636228957
2018-12-28T06:00:00.0;-0.18792534661354754
2018-12-28T07:00:00.0;-0.2022359718305516
2018-12-28T08:00:00.0;-0.20830581443500798
2018-12-28T09:00:00.0;-0.20564265503463827
2018-12-28T10:00:00.0;-0.19911113942995212
2018-12-28T11:00:00.0;-0.19440670756212278
2018-12-28T12:00:00.0;-0.19122333841506206
2018-12-28T13:00:00.0;-0.19185310640664172
2018-12-28T14:00:00.0;-0.19470003429274138
2018-12-28T15:00:00.0;-0.20170597181619174
2018-12-28T16:00:00.0;-0.21863733857661435
2018-12-28T17:00:00.0;-0.23914287641197093
2018-12-28T18:00:00.0;-0.24560485134927446
2018-12-28T19:00:00.0;-0.25095597962262267
2018-12-28T20:00:00.0;-0.25016295275383094
2018-12-28T21:00:00.0;-0.24520974385042776
2018-12-28T22:00:00.0;-0.23655220048371187
2018-12-28T23:00:00.0;-0.2265319096651038
2018-12-29T00:00:00.0;-0.22913046472258222
2018-12-29T01:00:00.0;-0.2180203411680418
2018-12-29T02:00:00.0;-0.20716498946463452
2018-12-29T03:00:00.0;-0.19775924183000151
2018-12-29T04:00:00.0;-0.19122645947745093
2018-12-29T05:00:00.0;-0.19148347674997737
2018-12-29T06:00:00.0;-0.2039195973654855
2018-12-29T07:00:00.0;-0.22348804443113504
2018-12-29T08:00:00.0;-0.23100682937412115
2018-12-29T09:00:00.0;-0.22679428911389013
2018-12-29T10:00:00.0;-0.2173289894062274
2018-12-29T11:00:00.0;-0.20965392607653116
2018-12-29T12:00:00.0;-0.20402577203090544
2018-12-29T13:00:00.0;-0.20361188743857264
2018-12-29T14:00:00.0;-0.20646061539639285
2018-12-29T15:00:00.0;-0.21356254162799437
2018-12-29T16:00:00.0;-0.23002589295044013
2018-12-29T17:00:00.0;-0.25211491717615137
2018-12-29T18:00:00.0;-0.25635932306421305
2018-12-29T19:00:00.0;-0.25933106864573285
2018-12-29T20:00:00.0;-0.258969106334316
2018-12-29T21:00:00.0;-0.254038912500327
2018-12-29T22:00:00.0;-0.24625583916630875
2018-12-29T23:00:00.0;-0.23623632657034435
2018-12-30T00:00:00.0;-0.20506024577232232
2018-12-30T01:00:00.0;-0.1956825687408265
2018-12-30T02:00:00.0;-0.18695717169020099
2018-12-30T03:00:00.0;-0.17900528917154865
2018-12-30T04:00:00.0;-0.17303896394525747
2018-12-30T05:00:00.0;-0.17260160012906176
2018-12-30T06:00:00.0;-0.1774537329865967
2018-12-30T07:00:00.0;-0.18466410718671383
2018-12-30T08:00:00.0;-0.18661701995973418
2018-12-30T09:00:00.0;-0.18266970460999615
2018-12-30T10:00:00.0;-0.17749242288493192
2018-12-30T11:00:00.0;-0.17500024125110414
2018-12-30T12:00:00.0;-0.17463268717715313
2018-12-30T13:00:00.0;-0.17739352996432436
2018-12-30T14:00:00.0;-0.18131884803521428
2018-12-30T15:00:00.0;-0.18985656466541093
2018-12-30T16:00:00.0;-0.20806872980021582
2018-12-30T17:00:00.0;-0.22572104635104923
2018-12-30T18:00:00.0;-0.23701474162696815
2018-12-30T19:00:00.0;-0.2446200401254704
2018-12-30T20:00:00.0;-0.2425849000451014
2018-12-30T21:00:00.0;-0.23621819932918356
2018-12-30T22:00:00.0;-0.22594144342693753
2018-12-30T23:00:00.0;-0.2149089741197945
2018-12-31T00:00:00.0;-0.21141199858169235
2018-12-31T01:00:00.0;-0.20146437702480077
2018-12-31T02:00:00.0;-0.1918228015033827
2018-12-31T03:00:00.0;-0.1831692258386354
2018-12-31T04:00:00.0;-0.17626925464898227
2018-12-31T05:00:00.0;-0.17416247048192718
2018-12-31T06:00:00.0;-0.17869187228927874
2018-12-31T07:00:00.0;-0.1896646565783423
2018-12-31T08:00:00.0;-0.19450709862142695
2018-12-31T09:00:00.0;-0.19227187796318138
2018-12-31T10:00:00.0;-0.18748105054116254
2018-12-31T11:00:00.0;-0.1844262703854576
2018-12-31T12:00:00.0;-0.18262988634622668
2018-12-31T13:00:00.0;-0.18423353886414645
2018-12-31T14:00:00.0;-0.18746120983187867
2018-12-31T15:00:00.0;-0.1950004468290859
2018-12-31T16:00:00.0;-0.21237176821807158
2018-12-31T17:00:00.0;-0.23240257456660485
2018-12-31T18:00:00.0;-0.24068607470275227
2018-12-31T19:00:00.0;-0.24769902269840144
2018-12-31T20:00:00.0;-0.24637117057359625
2018-12-31T21:00:00.0;-0.24123688197207982
2018-12-31T22:00:00.0;-0.23154342274309841
2018-12-31T23:00:00.0;-0.2208261560276314
