timestamp;value
2018-01-01T00:00:00.0;-0.009068434522190048
2018-01-01T01:00:00.0;-0.006001237682893155
2018-01-01T02:00:00.0;-0.0043518259149226066
2018-01-01T03:00:00.0;-0.004365085483843837
2018-01-01T04:00:00.0;-0.007585500837293171
2018-01-01T05:00:00.0;-0.00758919704634142
2018-01-01T06:00:00.0;-0.008102480164853983
2018-01-01T07:00:00.0;-0.029856601409498335
2018-01-01T08:00:00.0;-0.03087094771258398
2018-01-01T09:00:00.0;-0.04318409270279805
2018-01-01T10:00:00.0;-0.04142055911654025
2018-01-01T11:00:00.0;-0.039617289553892515
2018-01-01T12:00:00.0;-0.01969157455643025
2018-01-01T13:00:00.0;-0.01978243607581124
2018-01-01T14:00:00.0;-0.020232351765801994
2018-01-01T15:00:00.0;-0.02118525324177836
2018-01-01T16:00:00.0;-0.04464495406148551
2018-01-01T17:00:00.0;-0.04969425064295377
2018-01-01T18:00:00.0;-0.05082580086520653
2018-01-01T19:00:00.0;-0.051653505255397664
2018-01-01T20:00:00.0;-0.05143592749526411
2018-01-01T21:00:00.0;-0.025977511431424103
2018-01-01T22:00:00.0;-0.009990443074072538
2018-01-01T23:00:00.0;-0.009469336106135914
2018-01-02T00:00:00.0;-0.008800031502888368
2018-01-02T01:00:00.0;-0.007697104118142631
2018-01-02T02:00:00.0;-0.003926284715535001
2018-01-02T03:00:00.0;-0.0037472448790731535
2018-01-02T04:00:00.0;-0.007362763738664218
2018-01-02T05:00:00.0;-0.0073318395688828945
2018-01-02T06:00:00.0;-0.014231895807599796
2018-01-02T07:00:00.0;-0.03808068089064039
2018-01-02T08:00:00.0;-0.03915459288960831
2018-01-02T09:00:00.0;-0.041874846393453555
2018-01-02T10:00:00.0;-0.0404761178659107
2018-01-02T11:00:00.0;-0.03922600557824703
2018-01-02T12:00:00.0;-0.01761868539074838
2018-01-02T13:00:00.0;-0.011213681756910286
2018-01-02T14:00:00.0;-0.011485224814946893
2018-01-02T15:00:00.0;-0.012057994478393744
2018-01-02T16:00:00.0;-0.037536529204481195
2018-01-02T17:00:00.0;-0.04153216136044564
2018-01-02T18:00:00.0;-0.042790746225086676
2018-01-02T19:00:00.0;-0.04378635915528625
2018-01-02T20:00:00.0;-0.04345058298323433
2018-01-02T21:00:00.0;-0.01483077896034981
2018-01-02T22:00:00.0;-0.009790923865144286
2018-01-02T23:00:00.0;-0.007782630006593205
2018-01-03T00:00:00.0;-0.009124310451229413
2018-01-03T01:00:00.0;-0.007295463060004432
2018-01-03T02:00:00.0;-0.0034064781125556984
2018-01-03T03:00:00.0;-0.003250945147769811
2018-01-03T04:00:00.0;-0.007644389470202476
2018-01-03T05:00:00.0;-0.007662397953276508
2018-01-03T06:00:00.0;-0.008211968888962022
2018-01-03T07:00:00.0;-0.03728285185011252
2018-01-03T08:00:00.0;-0.038473627473901685
2018-01-03T09:00:00.0;-0.04506526705474344
2018-01-03T10:00:00.0;-0.04322470744812005
2018-01-03T11:00:00.0;-0.041504449723772555
2018-01-03T12:00:00.0;-0.015057877775640065
2018-01-03T13:00:00.0;-0.015150728877775577
2018-01-03T14:00:00.0;-0.015515526261607324
2018-01-03T15:00:00.0;-0.01628181029801895
2018-01-03T16:00:00.0;-0.04688729181606354
2018-01-03T17:00:00.0;-0.052082973081464555
2018-01-03T18:00:00.0;-0.05329188222157111
2018-01-03T19:00:00.0;-0.05415078357714019
2018-01-03T20:00:00.0;-0.053787136525302495
2018-01-03T21:00:00.0;-0.019726275781201515
2018-01-03T22:00:00.0;-0.010108786177875738
2018-01-03T23:00:00.0;-0.00954689429668058
2018-01-04T00:00:00.0;-0.009126291169219957
2018-01-04T01:00:00.0;-0.005040285572316177
2018-01-04T02:00:00.0;-0.0056196258903031815
2018-01-04T03:00:00.0;-0.0053628654106532905
2018-01-04T04:00:00.0;-0.007630187628796191
2018-01-04T05:00:00.0;-0.0076414311429856075
2018-01-04T06:00:00.0;-0.008541026227042264
2018-01-04T07:00:00.0;-0.02463945398576005
2018-01-04T08:00:00.0;-0.02557082595926485
2018-01-04T09:00:00.0;-0.04503539963686579
2018-01-04T10:00:00.0;-0.04319995309787463
2018-01-04T11:00:00.0;-0.041601465361397603
2018-01-04T12:00:00.0;-0.026703282605953543
2018-01-04T13:00:00.0;-0.026377194756601805
2018-01-04T14:00:00.0;-0.02688371552947112
2018-01-04T15:00:00.0;-0.02801278042030626
2018-01-04T16:00:00.0;-0.04593071185503361
2018-01-04T17:00:00.0;-0.050673000896060534
2018-01-04T18:00:00.0;-0.05171200172842966
2018-01-04T19:00:00.0;-0.05245050811753832
2018-01-04T20:00:00.0;-0.05222583015010694
2018-01-04T21:00:00.0;-0.03363605998410398
2018-01-04T22:00:00.0;-0.009961273746594938
2018-01-04T23:00:00.0;-0.009396760180292353
2018-01-05T00:00:00.0;-0.008988536056480086
2018-01-05T01:00:00.0;-0.005153412338208996
2018-01-05T02:00:00.0;-0.0061270220833924555
2018-01-05T03:00:00.0;-0.005853863737351722
2018-01-05T04:00:00.0;-0.007564298768523709
2018-01-05T05:00:00.0;-0.01116548808317749
2018-01-05T06:00:00.0;-0.012603830355488198
2018-01-05T07:00:00.0;-0.025423452215717623
2018-01-05T08:00:00.0;-0.026160066312023226
2018-01-05T09:00:00.0;-0.04400733875168919
2018-01-05T10:00:00.0;-0.04153784820412754
2018-01-05T11:00:00.0;-0.04005672845829589
2018-01-05T12:00:00.0;-0.02863934808928209
2018-01-05T13:00:00.0;-0.028756577286852235
2018-01-05T14:00:00.0;-0.029368097441644682
2018-01-05T15:00:00.0;-0.030680508670391175
2018-01-05T16:00:00.0;-0.04594807759803172
2018-01-05T17:00:00.0;-0.0502803412707493
2018-01-05T18:00:00.0;-0.05139123345021155
2018-01-05T19:00:00.0;-0.05224559495632688
2018-01-05T20:00:00.0;-0.052151693834539915
2018-01-05T21:00:00.0;-0.037534355559376884
2018-01-05T22:00:00.0;-0.01517183543509939
2018-01-05T23:00:00.0;-0.009337844456432372
2018-01-06T00:00:00.0;-0.008246560586025003
2018-01-06T01:00:00.0;-0.0055634303510437655
2018-01-06T02:00:00.0;-0.007364916394926381
2018-01-06T03:00:00.0;-0.0070318439917263645
2018-01-06T04:00:00.0;-0.006861108295254867
2018-01-06T05:00:00.0;-0.006737172393975712
2018-01-06T06:00:00.0;-0.02280653514070398
2018-01-06T07:00:00.0;-0.024567795597166996
2018-01-06T08:00:00.0;-0.025301083553924183
2018-01-06T09:00:00.0;-0.03636751499632125
2018-01-06T10:00:00.0;-0.03573080026210914
2018-01-06T11:00:00.0;-0.03544475374256355
2018-01-06T12:00:00.0;-0.03473385369786313
2018-01-06T13:00:00.0;-0.018302049504959603
2018-01-06T14:00:00.0;-0.01861651581656073
2018-01-06T15:00:00.0;-0.019354290682131944
2018-01-06T16:00:00.0;-0.021970921846703285
2018-01-06T17:00:00.0;-0.023870207204660276
2018-01-06T18:00:00.0;-0.024837546977820216
2018-01-06T19:00:00.0;-0.025699875255121324
2018-01-06T20:00:00.0;-0.025546630333239565
2018-01-06T21:00:00.0;-0.024191743033875134
2018-01-06T22:00:00.0;-0.009049807742598993
2018-01-06T23:00:00.0;-0.0048275963980037905
2018-01-07T00:00:00.0;-0.008475799181020108
2018-01-07T01:00:00.0;-0.004393099519416461
2018-01-07T02:00:00.0;-0.004189727305473302
2018-01-07T03:00:00.0;-0.005635497779279691
2018-01-07T04:00:00.0;-0.0070480689899668405
2018-01-07T05:00:00.0;-0.006942891673620687
2018-01-07T06:00:00.0;-0.009502149244322503
2018-01-07T07:00:00.0;-0.019702509266664232
2018-01-07T08:00:00.0;-0.020223965860725997
2018-01-07T09:00:00.0;-0.029301322350127956
2018-01-07T10:00:00.0;-0.028228858464047782
2018-01-07T11:00:00.0;-0.025788321326339108
2018-01-07T12:00:00.0;-0.0165113650016831
2018-01-07T13:00:00.0;-0.014408527807083536
2018-01-07T14:00:00.0;-0.014840343956309766
2018-01-07T15:00:00.0;-0.015671153295705096
2018-01-07T16:00:00.0;-0.027605692037898522
2018-01-07T17:00:00.0;-0.03244020361312271
2018-01-07T18:00:00.0;-0.03352007838389433
2018-01-07T19:00:00.0;-0.03447509967018104
2018-01-07T20:00:00.0;-0.03469536877544548
2018-01-07T21:00:00.0;-0.022178836833275005
2018-01-07T22:00:00.0;-0.009440391053168505
2018-01-07T23:00:00.0;-0.008424932037280957
2018-01-08T00:00:00.0;-0.00911443501837527
2018-01-08T01:00:00.0;-0.008412199324938939
2018-01-08T02:00:00.0;-0.0023325921042989433
2018-01-08T03:00:00.0;-0.0022266930788087244
2018-01-08T04:00:00.0;-0.007643626219181894
2018-01-08T05:00:00.0;-0.007663610604173391
2018-01-08T06:00:00.0;-0.008225886380606461
2018-01-08T07:00:00.0;-0.0435720990739311
2018-01-08T08:00:00.0;-0.044834335052374476
2018-01-08T09:00:00.0;-0.04499231669117721
2018-01-08T10:00:00.0;-0.04316138614813882
2018-01-08T11:00:00.0;-0.041394316724742294
2018-01-08T12:00:00.0;-0.009434941094134796
2018-01-08T13:00:00.0;-0.009512917582325352
2018-01-08T14:00:00.0;-0.009764045757971379
2018-01-08T15:00:00.0;-0.01028155164454967
2018-01-08T16:00:00.0;-0.04709430816102382
2018-01-08T17:00:00.0;-0.052479649731796904
2018-01-08T18:00:00.0;-0.05377541681795427
2018-01-08T19:00:00.0;-0.05469922852593162
2018-01-08T20:00:00.0;-0.05426732971557492
2018-01-08T21:00:00.0;-0.012519468624552022
2018-01-08T22:00:00.0;-0.010172443310749226
2018-01-08T23:00:00.0;-0.009571102349214235
2018-01-09T00:00:00.0;-0.009071706450214925
2018-01-09T01:00:00.0;-0.006295924670845908
2018-01-09T02:00:00.0;-0.004613439535418129
2018-01-09T03:00:00.0;-0.0044056030295793296
2018-01-09T04:00:00.0;-0.007617723680942227
2018-01-09T05:00:00.0;-0.007655279474662625
2018-01-09T06:00:00.0;-0.00985587744124291
2018-01-09T07:00:00.0;-0.03178141077419411
2018-01-09T08:00:00.0;-0.03276995222389443
2018-01-09T09:00:00.0;-0.0446938757983975
2018-01-09T10:00:00.0;-0.041095548189361314
2018-01-09T11:00:00.0;-0.0395041597067472
2018-01-09T12:00:00.0;-0.019706622627848676
2018-01-09T13:00:00.0;-0.0198110075912175
2018-01-09T14:00:00.0;-0.020272309579558077
2018-01-09T15:00:00.0;-0.021238151007958277
2018-01-09T16:00:00.0;-0.046494602116031625
2018-01-09T17:00:00.0;-0.05137128065748787
2018-01-09T18:00:00.0;-0.052658579991516456
2018-01-09T19:00:00.0;-0.05347452970918704
2018-01-09T20:00:00.0;-0.05314014637155468
2018-01-09T21:00:00.0;-0.027727357820795454
2018-01-09T22:00:00.0;-0.01200567918082326
2018-01-09T23:00:00.0;-0.00946868792641674
2018-01-10T00:00:00.0;-0.00910923788788093
2018-01-10T01:00:00.0;-0.0028864017109888115
2018-01-10T02:00:00.0;-0.00782167265940214
2018-01-10T03:00:00.0;-0.0074669930001539896
2018-01-10T04:00:00.0;-0.007609746150939998
2018-01-10T05:00:00.0;-0.008418944037378582
2018-01-10T06:00:00.0;-0.009487430949107796
2018-01-10T07:00:00.0;-0.012768925868116964
2018-01-10T08:00:00.0;-0.013301296681029568
2018-01-10T09:00:00.0;-0.04487831851001587
2018-01-10T10:00:00.0;-0.04305321182225964
2018-01-10T11:00:00.0;-0.04158176477203073
2018-01-10T12:00:00.0;-0.03836304487959498
2018-01-10T13:00:00.0;-0.03777977112619802
2018-01-10T14:00:00.0;-0.038337748075541106
2018-01-10T15:00:00.0;-0.03968848204934041
2018-01-10T16:00:00.0;-0.04522696193606333
2018-01-10T17:00:00.0;-0.04948401176196568
2018-01-10T18:00:00.0;-0.05036079504721592
2018-01-10T19:00:00.0;-0.051004938440020804
2018-01-10T20:00:00.0;-0.050944210477676416
2018-01-10T21:00:00.0;-0.04718775003818875
2018-01-10T22:00:00.0;-0.010818967672044225
2018-01-10T23:00:00.0;-0.009280537870700331
2018-01-11T00:00:00.0;-0.008979570195658159
2018-01-11T01:00:00.0;-0.003179422130030315
2018-01-11T02:00:00.0;-0.00813292706446423
2018-01-11T03:00:00.0;-0.007772111030059588
2018-01-11T04:00:00.0;-0.007548802607371911
2018-01-11T05:00:00.0;-0.012546543817415231
2018-01-11T06:00:00.0;-0.01337452507967699
2018-01-11T07:00:00.0;-0.01448198686493763
2018-01-11T08:00:00.0;-0.014954120907485144
2018-01-11T09:00:00.0;-0.043909900673430875
2018-01-11T10:00:00.0;-0.04215426031431846
2018-01-11T11:00:00.0;-0.04076995811805152
2018-01-11T12:00:00.0;-0.03993040949765293
2018-01-11T13:00:00.0;-0.039953649500091136
2018-01-11T14:00:00.0;-0.04062599022568845
2018-01-11T15:00:00.0;-0.04217372207290299
2018-01-11T16:00:00.0;-0.04548002327199926
2018-01-11T17:00:00.0;-0.04936020172671016
2018-01-11T18:00:00.0;-0.050254690831720975
2018-01-11T19:00:00.0;-0.051031909308204886
2018-01-11T20:00:00.0;-0.05113284931674239
2018-01-11T21:00:00.0;-0.04993696954453925
2018-01-11T22:00:00.0;-0.015933467261878807
2018-01-11T23:00:00.0;-0.009262083815753469
2018-01-12T00:00:00.0;-0.009102161686958937
2018-01-12T01:00:00.0;-0.002729833522051317
2018-01-12T02:00:00.0;-0.008045045419960184
2018-01-12T03:00:00.0;-0.007681999351223764
2018-01-12T04:00:00.0;-0.007613605233616487
2018-01-12T05:00:00.0;-0.009347904453832037
2018-01-12T06:00:00.0;-0.009957005367418061
2018-01-12T07:00:00.0;-0.011954090562320663
2018-01-12T08:00:00.0;-0.012436265874879693
2018-01-12T09:00:00.0;-0.04487180300332805
2018-01-12T10:00:00.0;-0.04303359387233758
2018-01-12T11:00:00.0;-0.0415606316089301
2018-01-12T12:00:00.0;-0.03956094121556123
2018-01-12T13:00:00.0;-0.03950222056867454
2018-01-12T14:00:00.0;-0.04008776549703604
2018-01-12T15:00:00.0;-0.04150067641339749
2018-01-12T16:00:00.0;-0.04582145612472801
2018-01-12T17:00:00.0;-0.05003239177323141
2018-01-12T18:00:00.0;-0.05088907020528732
2018-01-12T19:00:00.0;-0.051537633712881586
2018-01-12T20:00:00.0;-0.05152546541090167
2018-01-12T21:00:00.0;-0.04921574960049713
2018-01-12T22:00:00.0;-0.011961404825002242
2018-01-12T23:00:00.0;-0.009380882688516215
2018-01-13T00:00:00.0;-0.008289951050271725
2018-01-13T01:00:00.0;-0.006379395025156383
2018-01-13T02:00:00.0;-0.0065972925885469805
2018-01-13T03:00:00.0;-0.0063021393374275364
2018-01-13T04:00:00.0;-0.006936326241687536
2018-01-13T05:00:00.0;-0.009112655493062335
2018-01-13T06:00:00.0;-0.023166141151622133
2018-01-13T07:00:00.0;-0.02925015226442776
2018-01-13T08:00:00.0;-0.02989737337774267
2018-01-13T09:00:00.0;-0.03699778088805518
2018-01-13T10:00:00.0;-0.03623534752800108
2018-01-13T11:00:00.0;-0.0357765729652043
2018-01-13T12:00:00.0;-0.030927058352547984
2018-01-13T13:00:00.0;-0.017041544073669854
2018-01-13T14:00:00.0;-0.017397262556155965
2018-01-13T15:00:00.0;-0.018179461695546604
2018-01-13T16:00:00.0;-0.025494239179708274
2018-01-13T17:00:00.0;-0.02769740673422167
2018-01-13T18:00:00.0;-0.028773778831620005
2018-01-13T19:00:00.0;-0.029754683097026727
2018-01-13T20:00:00.0;-0.029614258422640035
2018-01-13T21:00:00.0;-0.022608770016605568
2018-01-13T22:00:00.0;-0.012150759973754208
2018-01-13T23:00:00.0;-0.005476045981583736
2018-01-14T00:00:00.0;-0.00819556683045951
2018-01-14T01:00:00.0;-0.007604231978646801
2018-01-14T02:00:00.0;-0.0057798295376290006
2018-01-14T03:00:00.0;-0.005537347421586531
2018-01-14T04:00:00.0;-0.006959434097346357
2018-01-14T05:00:00.0;-0.0069822210005663545
2018-01-14T06:00:00.0;-0.026279981707444885
2018-01-14T07:00:00.0;-0.036565489050031
2018-01-14T08:00:00.0;-0.036760306637081734
2018-01-14T09:00:00.0;-0.036721640250617846
2018-01-14T10:00:00.0;-0.02877068924251365
2018-01-14T11:00:00.0;-0.0282199040159418
2018-01-14T12:00:00.0;-0.019638883672571307
2018-01-14T13:00:00.0;-0.008189856918828257
2018-01-14T14:00:00.0;-0.008441803779293162
2018-01-14T15:00:00.0;-0.008924232039075993
2018-01-14T16:00:00.0;-0.028322537177487825
2018-01-14T17:00:00.0;-0.030757871078455887
2018-01-14T18:00:00.0;-0.032444623052612954
2018-01-14T19:00:00.0;-0.03349689769318959
2018-01-14T20:00:00.0;-0.033116848435468894
2018-01-14T21:00:00.0;-0.020459201089293916
2018-01-14T22:00:00.0;-0.01800859353944059
2018-01-14T23:00:00.0;-0.00597187962241093
2018-01-15T00:00:00.0;-0.009112058208305606
2018-01-15T01:00:00.0;-0.008680610070750567
2018-01-15T02:00:00.0;-0.0020740570197223785
2018-01-15T03:00:00.0;-0.001980155877830143
2018-01-15T04:00:00.0;-0.007643442498120314
2018-01-15T05:00:00.0;-0.007663902477667332
2018-01-15T06:00:00.0;-0.008229236182371575
2018-01-15T07:00:00.0;-0.04508891032761058
2018-01-15T08:00:00.0;-0.046362863498389306
2018-01-15T09:00:00.0;-0.04497475500809048
2018-01-15T10:00:00.0;-0.04314614457031167
2018-01-15T11:00:00.0;-0.04136781344479807
2018-01-15T12:00:00.0;-0.008084676192295987
2018-01-15T13:00:00.0;-0.008155679828729489
2018-01-15T14:00:00.0;-0.008375353748861494
2018-01-15T15:00:00.0;-0.008826546503473752
2018-01-15T16:00:00.0;-0.04714412682677833
2018-01-15T17:00:00.0;-0.05257512581856856
2018-01-15T18:00:00.0;-0.05389179306442341
2018-01-15T19:00:00.0;-0.05483122558728368
2018-01-15T20:00:00.0;-0.054382899113970165
2018-01-15T21:00:00.0;-0.010761890345635213
2018-01-15T22:00:00.0;-0.010187764749956356
2018-01-15T23:00:00.0;-0.009576928930838955
2018-01-16T00:00:00.0;-0.009112058208305606
2018-01-16T01:00:00.0;-0.008680610070750567
2018-01-16T02:00:00.0;-0.0020740570197223785
2018-01-16T03:00:00.0;-0.001980155877830143
2018-01-16T04:00:00.0;-0.007643442498120314
2018-01-16T05:00:00.0;-0.007663902477667332
2018-01-16T06:00:00.0;-0.008229236182371575
2018-01-16T07:00:00.0;-0.04508891032761058
2018-01-16T08:00:00.0;-0.046362863498389306
2018-01-16T09:00:00.0;-0.04497475500809048
2018-01-16T10:00:00.0;-0.04314614457031167
2018-01-16T11:00:00.0;-0.04136781344479807
2018-01-16T12:00:00.0;-0.008084676192295987
2018-01-16T13:00:00.0;-0.008155679828729489
2018-01-16T14:00:00.0;-0.008375353748861494
2018-01-16T15:00:00.0;-0.008826546503473752
2018-01-16T16:00:00.0;-0.04714412682677833
2018-01-16T17:00:00.0;-0.05257512581856856
2018-01-16T18:00:00.0;-0.05389179306442341
2018-01-16T19:00:00.0;-0.05483122558728368
2018-01-16T20:00:00.0;-0.054382899113970165
2018-01-16T21:00:00.0;-0.010761890345635213
2018-01-16T22:00:00.0;-0.010187764749956356
2018-01-16T23:00:00.0;-0.009576928930838955
2018-01-17T00:00:00.0;-0.009088492823421751
2018-01-17T01:00:00.0;-0.008657737473888573
2018-01-17T02:00:00.0;-0.0022806320875831923
2018-01-17T03:00:00.0;-0.0021780902804090746
2018-01-17T04:00:00.0;-0.007630192006515711
2018-01-17T05:00:00.0;-0.007836224892908526
2018-01-17T06:00:00.0;-0.008416376833694778
2018-01-17T07:00:00.0;-0.04399459700966986
2018-01-17T08:00:00.0;-0.046218831087303035
2018-01-17T09:00:00.0;-0.0448227180248619
2018-01-17T10:00:00.0;-0.04298166825688144
2018-01-17T11:00:00.0;-0.04031152905884248
2018-01-17T12:00:00.0;-0.008257393839370106
2018-01-17T13:00:00.0;-0.00833481005120274
2018-01-17T14:00:00.0;-0.00856305579478899
2018-01-17T15:00:00.0;-0.009025917765875371
2018-01-17T16:00:00.0;-0.04603139026955119
2018-01-17T17:00:00.0;-0.05246022270658625
2018-01-17T18:00:00.0;-0.053777993868737134
2018-01-17T19:00:00.0;-0.05473129483423478
2018-01-17T20:00:00.0;-0.05429870317900983
2018-01-17T21:00:00.0;-0.01219895297072269
2018-01-17T22:00:00.0;-0.010412204392546965
2018-01-17T23:00:00.0;-0.009558156460939143
2018-01-18T00:00:00.0;-0.009066725155198192
2018-01-18T01:00:00.0;-0.008143487142071349
2018-01-18T02:00:00.0;-0.0028125531805670064
2018-01-18T03:00:00.0;-0.0026853147925154633
2018-01-18T04:00:00.0;-0.007616676686534612
2018-01-18T05:00:00.0;-0.009017168016831797
2018-01-18T06:00:00.0;-0.009676710071023439
2018-01-18T07:00:00.0;-0.042094642013406076
2018-01-18T08:00:00.0;-0.043226483464918954
2018-01-18T09:00:00.0;-0.04461590235315508
2018-01-18T10:00:00.0;-0.042816149023279564
2018-01-18T11:00:00.0;-0.0411047138377939
2018-01-18T12:00:00.0;-0.01194154714578531
2018-01-18T13:00:00.0;-0.01204153219086254
2018-01-18T14:00:00.0;-0.012359239790006247
2018-01-18T15:00:00.0;-0.013012453524714281
2018-01-18T16:00:00.0;-0.04687100999661156
2018-01-18T17:00:00.0;-0.052044020884589696
2018-01-18T18:00:00.0;-0.0533222160130206
2018-01-18T19:00:00.0;-0.05427506516882556
2018-01-18T20:00:00.0;-0.053917077126270536
2018-01-18T21:00:00.0;-0.015806665150682953
2018-01-18T22:00:00.0;-0.011905563492041181
2018-01-18T23:00:00.0;-0.009511826605257095
2018-01-19T00:00:00.0;-0.008965551505864956
2018-01-19T01:00:00.0;-0.007701997047176793
2018-01-19T02:00:00.0;-0.0036926246030593917
2018-01-19T03:00:00.0;-0.0035275196602609724
2018-01-19T04:00:00.0;-0.0075600352464389575
2018-01-19T05:00:00.0;-0.011843436406568776
2018-01-19T06:00:00.0;-0.012705087153102586
2018-01-19T07:00:00.0;-0.03968481117862627
2018-01-19T08:00:00.0;-0.0405630130453629
2018-01-19T09:00:00.0;-0.04381827880770606
2018-01-19T10:00:00.0;-0.0420849130809793
2018-01-19T11:00:00.0;-0.04048523138622984
2018-01-19T12:00:00.0;-0.016527633977255582
2018-01-19T13:00:00.0;-0.0166738140892517
2018-01-19T14:00:00.0;-0.01711704726198634
2018-01-19T15:00:00.0;-0.018022986706665054
2018-01-19T16:00:00.0;-0.04642393639300618
2018-01-19T17:00:00.0;-0.051171223421975325
2018-01-19T18:00:00.0;-0.05242159342839294
2018-01-19T19:00:00.0;-0.05344217249314799
2018-01-19T20:00:00.0;-0.05323214645081225
2018-01-19T21:00:00.0;-0.021794146934846617
2018-01-19T22:00:00.0;-0.015470537881296076
2018-01-19T23:00:00.0;-0.009389947881728885
2018-01-20T00:00:00.0;-0.008423244688881648
2018-01-20T01:00:00.0;-0.006214027706148341
2018-01-20T02:00:00.0;-0.006902534613256082
2018-01-20T03:00:00.0;-0.006611921198936446
2018-01-20T04:00:00.0;-0.007177178018848312
2018-01-20T05:00:00.0;-0.015859284532830645
2018-01-20T06:00:00.0;-0.024974427499414028
2018-01-20T07:00:00.0;-0.03058240973333845
2018-01-20T08:00:00.0;-0.030767898004248756
2018-01-20T09:00:00.0;-0.039073573805918846
2018-01-20T10:00:00.0;-0.03519219645011344
2018-01-20T11:00:00.0;-0.03432963775480343
2018-01-20T12:00:00.0;-0.030192058286931587
2018-01-20T13:00:00.0;-0.025171838471949776
2018-01-20T14:00:00.0;-0.025851030758950396
2018-01-20T15:00:00.0;-0.027205070504551128
2018-01-20T16:00:00.0;-0.03727127721352336
2018-01-20T17:00:00.0;-0.040047253441873376
2018-01-20T18:00:00.0;-0.04145041327248957
2018-01-20T19:00:00.0;-0.04263264200975085
2018-01-20T20:00:00.0;-0.04264938962312335
2018-01-20T21:00:00.0;-0.036212354087222544
2018-01-20T22:00:00.0;-0.023381029832080288
2018-01-20T23:00:00.0;-0.007603988002795152
2018-01-21T00:00:00.0;-0.00815249584266994
2018-01-21T01:00:00.0;-0.006883543490028625
2018-01-21T02:00:00.0;-0.00657177347588729
2018-01-21T03:00:00.0;-0.006296101639061991
2018-01-21T04:00:00.0;-0.006912357449352731
2018-01-21T05:00:00.0;-0.006921654967573167
2018-01-21T06:00:00.0;-0.02681574716532802
2018-01-21T07:00:00.0;-0.032497079632774185
2018-01-21T08:00:00.0;-0.032740223319329964
2018-01-21T09:00:00.0;-0.03625680351354873
2018-01-21T10:00:00.0;-0.028654175333296356
2018-01-21T11:00:00.0;-0.028196963276420767
2018-01-21T12:00:00.0;-0.023809597110587166
2018-01-21T13:00:00.0;-0.011417377972081437
2018-01-21T14:00:00.0;-0.011743070492882961
2018-01-21T15:00:00.0;-0.012375452599305971
2018-01-21T16:00:00.0;-0.02672818404602406
2018-01-21T17:00:00.0;-0.028923306052968008
2018-01-21T18:00:00.0;-0.030510990186840517
2018-01-21T19:00:00.0;-0.03152061705347
2018-01-21T20:00:00.0;-0.03119043350319735
2018-01-21T21:00:00.0;-0.024350268264514394
2018-01-21T22:00:00.0;-0.017558774597809187
2018-01-21T23:00:00.0;-0.005677192164187896
2018-01-22T00:00:00.0;-0.008978963190577392
2018-01-22T01:00:00.0;-0.007221817047298647
2018-01-22T02:00:00.0;-0.004115328618101083
2018-01-22T03:00:00.0;-0.003930974682708837
2018-01-22T04:00:00.0;-0.007565301580487542
2018-01-22T05:00:00.0;-0.011598623067573196
2018-01-22T06:00:00.0;-0.012433844532753584
2018-01-22T07:00:00.0;-0.0369734654011924
2018-01-22T08:00:00.0;-0.03785900141987282
2018-01-22T09:00:00.0;-0.04392178773285823
2018-01-22T10:00:00.0;-0.04217808846933968
2018-01-22T11:00:00.0;-0.040590710309847934
2018-01-22T12:00:00.0;-0.018742629826589512
2018-01-22T13:00:00.0;-0.018888948045422873
2018-01-22T14:00:00.0;-0.019369444506582366
2018-01-22T15:00:00.0;-0.02036107954186347
2018-01-22T16:00:00.0;-0.046365098489198696
2018-01-22T17:00:00.0;-0.05105996060537772
2018-01-22T18:00:00.0;-0.052271800663190274
2018-01-22T19:00:00.0;-0.053255931579069854
2018-01-22T20:00:00.0;-0.053065235648371706
2018-01-22T21:00:00.0;-0.024573467305451333
2018-01-22T22:00:00.0;-0.01512043889653677
2018-01-22T23:00:00.0;-0.009389099611092086
2018-01-23T00:00:00.0;-0.008900750303050603
2018-01-23T01:00:00.0;-0.008479629983547744
2018-01-23T02:00:00.0;-0.003194183695595747
2018-01-23T03:00:00.0;-0.0030523431817802604
2018-01-23T04:00:00.0;-0.00747769035414128
2018-01-23T05:00:00.0;-0.007950189221633918
2018-01-23T06:00:00.0;-0.011557006675607098
2018-01-23T07:00:00.0;-0.040594477254959335
2018-01-23T08:00:00.0;-0.044368341572076996
2018-01-23T09:00:00.0;-0.043111690838257985
2018-01-23T10:00:00.0;-0.041447408709709775
2018-01-23T11:00:00.0;-0.037456450902006104
2018-01-23T12:00:00.0;-0.011389159696356064
2018-01-23T13:00:00.0;-0.00844380601763116
2018-01-23T14:00:00.0;-0.008677537786844111
2018-01-23T15:00:00.0;-0.009143192404296913
2018-01-23T16:00:00.0;-0.03964002351532968
2018-01-23T17:00:00.0;-0.04721288955844827
2018-01-23T18:00:00.0;-0.04853739738319982
2018-01-23T19:00:00.0;-0.049565889111709005
2018-01-23T20:00:00.0;-0.04919220267249489
2018-01-23T21:00:00.0;-0.014512310104674292
2018-01-23T22:00:00.0;-0.010596942492363242
2018-01-23T23:00:00.0;-0.008699024445208427
2018-01-24T00:00:00.0;-0.008988843049968371
2018-01-24T01:00:00.0;-0.00790930794325891
2018-01-24T02:00:00.0;-0.002288587391797486
2018-01-24T03:00:00.0;-0.002577038981054829
2018-01-24T04:00:00.0;-0.007530274242534889
2018-01-24T05:00:00.0;-0.007655116643445157
2018-01-24T06:00:00.0;-0.008180567951584086
2018-01-24T07:00:00.0;-0.040273225372602084
2018-01-24T08:00:00.0;-0.0413690587893134
2018-01-24T09:00:00.0;-0.041373117126843315
2018-01-24T10:00:00.0;-0.0397021587389506
2018-01-24T11:00:00.0;-0.03771362031665396
2018-01-24T12:00:00.0;-0.008724032110796896
2018-01-24T13:00:00.0;-0.008803446765409818
2018-01-24T14:00:00.0;-0.00905168196058284
2018-01-24T15:00:00.0;-0.009551622353148949
2018-01-24T16:00:00.0;-0.043266930706906154
2018-01-24T17:00:00.0;-0.048676156393152245
2018-01-24T18:00:00.0;-0.04996726771324149
2018-01-24T19:00:00.0;-0.05093966929830209
2018-01-24T20:00:00.0;-0.050670379594610716
2018-01-24T21:00:00.0;-0.01228430939871259
2018-01-24T22:00:00.0;-0.010226090963140743
2018-01-24T23:00:00.0;-0.009463586594074765
2018-01-25T00:00:00.0;-0.008944490259247866
2018-01-25T01:00:00.0;-0.008525494215103744
2018-01-25T02:00:00.0;-0.00295775144075176
2018-01-25T03:00:00.0;-0.0028260808319637023
2018-01-25T04:00:00.0;-0.007552066897907497
2018-01-25T05:00:00.0;-0.012210334301682984
2018-01-25T06:00:00.0;-0.013114243668560002
2018-01-25T07:00:00.0;-0.044350186932610565
2018-01-25T08:00:00.0;-0.045197466938010994
2018-01-25T09:00:00.0;-0.04365599576612051
2018-01-25T10:00:00.0;-0.041939086338668156
2018-01-25T11:00:00.0;-0.04031646026342451
2018-01-25T12:00:00.0;-0.012688598184646654
2018-01-25T13:00:00.0;-0.012823440891893861
2018-01-25T14:00:00.0;-0.013189021279876147
2018-01-25T15:00:00.0;-0.013925970952118056
2018-01-25T16:00:00.0;-0.046532258350258406
2018-01-25T17:00:00.0;-0.05137657768337762
2018-01-25T18:00:00.0;-0.052693141590776205
2018-01-25T19:00:00.0;-0.05377466047575859
2018-01-25T20:00:00.0;-0.05352902414210116
2018-01-25T21:00:00.0;-0.01689933826348705
2018-01-25T22:00:00.0;-0.016007335445830956
2018-01-25T23:00:00.0;-0.00939357438996794
2018-01-26T00:00:00.0;-0.008856756042921349
2018-01-26T01:00:00.0;-0.003801410545371448
2018-01-26T02:00:00.0;-0.008033562883195674
2018-01-26T03:00:00.0;-0.007683198774612155
2018-01-26T04:00:00.0;-0.007484658121975234
2018-01-26T05:00:00.0;-0.015681879786212705
2018-01-26T06:00:00.0;-0.016733382846548704
2018-01-26T07:00:00.0;-0.017974954856769802
2018-01-26T08:00:00.0;-0.018412460539192623
2018-01-26T09:00:00.0;-0.04294687931489519
2018-01-26T10:00:00.0;-0.0412745564984131
2018-01-26T11:00:00.0;-0.03996969972486282
2018-01-26T12:00:00.0;-0.03930236103985639
2018-01-26T13:00:00.0;-0.03942241554746946
2018-01-26T14:00:00.0;-0.040183281937810456
2018-01-26T15:00:00.0;-0.041856455731813014
2018-01-26T16:00:00.0;-0.0451790108109803
2018-01-26T17:00:00.0;-0.048765582188326495
2018-01-26T18:00:00.0;-0.04971264594722515
2018-01-26T19:00:00.0;-0.05062830177282519
2018-01-26T20:00:00.0;-0.050829020102533165
2018-01-26T21:00:00.0;-0.04952820649270545
2018-01-26T22:00:00.0;-0.01978689386374503
2018-01-26T23:00:00.0;-0.009148971203245107
2018-01-27T00:00:00.0;-0.008319504303903165
2018-01-27T01:00:00.0;-0.007566965756670049
2018-01-27T02:00:00.0;-0.005239043025765625
2018-01-27T03:00:00.0;-0.005000991842694383
2018-01-27T04:00:00.0;-0.006940554768974932
2018-01-27T05:00:00.0;-0.006834886784332446
2018-01-27T06:00:00.0;-0.02168377478310091
2018-01-27T07:00:00.0;-0.03499198701710037
2018-01-27T08:00:00.0;-0.035820793434631744
2018-01-27T09:00:00.0;-0.03713237359948092
2018-01-27T10:00:00.0;-0.036390292744325974
2018-01-27T11:00:00.0;-0.03587425148740955
2018-01-27T12:00:00.0;-0.023991896194391467
2018-01-27T13:00:00.0;-0.009038972949738018
2018-01-27T14:00:00.0;-0.009244852279799796
2018-01-27T15:00:00.0;-0.009689615319485378
2018-01-27T16:00:00.0;-0.024520891766225454
2018-01-27T17:00:00.0;-0.02689172912153436
2018-01-27T18:00:00.0;-0.027999811062593482
2018-01-27T19:00:00.0;-0.02896230721364604
2018-01-27T20:00:00.0;-0.028719282479128163
2018-01-27T21:00:00.0;-0.012179428945258246
2018-01-27T22:00:00.0;-0.00927359145909871
2018-01-27T23:00:00.0;-0.005304221206225539
2018-01-28T00:00:00.0;-0.008802595489401589
2018-01-28T01:00:00.0;-0.0073107445872069255
2018-01-28T02:00:00.0;-0.002005443719705303
2018-01-28T03:00:00.0;-0.002901396021124285
2018-01-28T04:00:00.0;-0.007359070453240912
2018-01-28T05:00:00.0;-0.007319806870119174
2018-01-28T06:00:00.0;-0.007767103209447031
2018-01-28T07:00:00.0;-0.03624772207735131
2018-01-28T08:00:00.0;-0.03713509831786827
2018-01-28T09:00:00.0;-0.03604857166677706
2018-01-28T10:00:00.0;-0.03460849592261518
2018-01-28T11:00:00.0;-0.03228057301918438
2018-01-28T12:00:00.0;-0.00657545064193407
2018-01-28T13:00:00.0;-0.006645857314613813
2018-01-28T14:00:00.0;-0.006854775589565028
2018-01-28T15:00:00.0;-0.007261698185888512
2018-01-28T16:00:00.0;-0.03755739511292295
2018-01-28T17:00:00.0;-0.043065239221093565
2018-01-28T18:00:00.0;-0.0443452469742843
2018-01-28T19:00:00.0;-0.04537083735811789
2018-01-28T20:00:00.0;-0.04530339047172646
2018-01-28T21:00:00.0;-0.010443958192925635
2018-01-28T22:00:00.0;-0.00989912594190398
2018-01-28T23:00:00.0;-0.009311812947659658
2018-01-29T00:00:00.0;-0.009011154957102698
2018-01-29T01:00:00.0;-0.00822584139356192
2018-01-29T02:00:00.0;-0.0020516834076081862
2018-01-29T03:00:00.0;-0.0022880316851587516
2018-01-29T04:00:00.0;-0.007550722898897987
2018-01-29T05:00:00.0;-0.0075517137310131535
2018-01-29T06:00:00.0;-0.008078552297653203
2018-01-29T07:00:00.0;-0.042113818300338814
2018-01-29T08:00:00.0;-0.04325433463908088
2018-01-29T09:00:00.0;-0.04196844126546692
2018-01-29T10:00:00.0;-0.040271308679662186
2018-01-29T11:00:00.0;-0.038305080465169415
2018-01-29T12:00:00.0;-0.007577419867392088
2018-01-29T13:00:00.0;-0.0076485112514575035
2018-01-29T14:00:00.0;-0.007865253002671425
2018-01-29T15:00:00.0;-0.008302467076833664
2018-01-29T16:00:00.0;-0.04393765770256031
2018-01-29T17:00:00.0;-0.04939475828429406
2018-01-29T18:00:00.0;-0.0507045488885764
2018-01-29T19:00:00.0;-0.05167963926693385
2018-01-29T20:00:00.0;-0.051366691669482316
2018-01-29T21:00:00.0;-0.010658225287935134
2018-01-29T22:00:00.0;-0.010093651232737777
2018-01-29T23:00:00.0;-0.009490484826609342
2018-01-30T00:00:00.0;-0.008799915690102003
2018-01-30T01:00:00.0;-0.008393779368643935
2018-01-30T02:00:00.0;-0.0036441277035937185
2018-01-30T03:00:00.0;-0.0034871707012761196
2018-01-30T04:00:00.0;-0.007485493607440183
2018-01-30T05:00:00.0;-0.012710169312677327
2018-01-30T06:00:00.0;-0.01706456095806283
2018-01-30T07:00:00.0;-0.043894662221918304
2018-01-30T08:00:00.0;-0.044371348556082345
2018-01-30T09:00:00.0;-0.04261375858527442
2018-01-30T10:00:00.0;-0.037483479972919
2018-01-30T11:00:00.0;-0.03605195729116403
2018-01-30T12:00:00.0;-0.012944593737168669
2018-01-30T13:00:00.0;-0.013111411498051194
2018-01-30T14:00:00.0;-0.013523764874933765
2018-01-30T15:00:00.0;-0.01432316455782565
2018-01-30T16:00:00.0;-0.04602027647734223
2018-01-30T17:00:00.0;-0.05047591360300374
2018-01-30T18:00:00.0;-0.05210604980287722
2018-01-30T19:00:00.0;-0.053229986607643644
2018-01-30T20:00:00.0;-0.052947730444638845
2018-01-30T21:00:00.0;-0.021658055389424277
2018-01-30T22:00:00.0;-0.020515278624619295
2018-01-30T23:00:00.0;-0.009254581408832558
2018-01-31T00:00:00.0;-0.00902761565863963
2018-01-31T01:00:00.0;-0.008515570104390975
2018-01-31T02:00:00.0;-0.002529397248956246
2018-01-31T03:00:00.0;-0.0024941156604454755
2018-01-31T04:00:00.0;-0.007587848743700772
2018-01-31T05:00:00.0;-0.008479058890262296
2018-01-31T06:00:00.0;-0.009100933841319353
2018-01-31T07:00:00.0;-0.0424269865734364
2018-01-31T08:00:00.0;-0.04523959914476565
2018-01-31T09:00:00.0;-0.043843944011603825
2018-01-31T10:00:00.0;-0.04203878058158174
2018-01-31T11:00:00.0;-0.03871631224661303
2018-01-31T12:00:00.0;-0.008818026522259936
2018-01-31T13:00:00.0;-0.008907719168307437
2018-01-31T14:00:00.0;-0.009159184215074728
2018-01-31T15:00:00.0;-0.00966134127206268
2018-01-31T16:00:00.0;-0.04440831544550842
2018-01-31T17:00:00.0;-0.05148237610980917
2018-01-31T18:00:00.0;-0.05279974212400026
2018-01-31T19:00:00.0;-0.05378875425338046
2018-01-31T20:00:00.0;-0.0534241614723188
2018-01-31T21:00:00.0;-0.01394235391886523
2018-01-31T22:00:00.0;-0.01125841448565464
2018-01-31T23:00:00.0;-0.00950223166903288
2018-02-01T00:00:00.0;-0.008877819778564134
2018-02-01T01:00:00.0;-0.008434932617758474
2018-02-01T02:00:00.0;-0.0035104971941169938
2018-02-01T03:00:00.0;-0.003381556776132301
2018-02-01T04:00:00.0;-0.00751174759867084
2018-02-01T05:00:00.0;-0.012305020013224028
2018-02-01T06:00:00.0;-0.01322246497365948
2018-02-01T07:00:00.0;-0.04080238428968027
2018-02-01T08:00:00.0;-0.04462612666603231
2018-02-01T09:00:00.0;-0.04308120817617406
2018-02-01T10:00:00.0;-0.041324190510037516
2018-02-01T11:00:00.0;-0.036940128200328055
2018-02-01T12:00:00.0;-0.012727531297462307
2018-02-01T13:00:00.0;-0.012885970266425377
2018-02-01T14:00:00.0;-0.013271727965466593
2018-02-01T15:00:00.0;-0.014020543890987317
2018-02-01T16:00:00.0;-0.042884163008775185
2018-02-01T17:00:00.0;-0.05089589023835817
2018-02-01T18:00:00.0;-0.05221557297641105
2018-02-01T19:00:00.0;-0.05333037246108395
2018-02-01T20:00:00.0;-0.05312544751047328
2018-02-01T21:00:00.0;-0.020739270458143645
2018-02-01T22:00:00.0;-0.01613387775395779
2018-02-01T23:00:00.0;-0.009344569595966606
2018-02-02T00:00:00.0;-0.008780154925708194
2018-02-02T01:00:00.0;-0.008367437930519032
2018-02-02T02:00:00.0;-0.004230772738089465
2018-02-02T03:00:00.0;-0.004052786876205068
2018-02-02T04:00:00.0;-0.0074602201316105845
2018-02-02T05:00:00.0;-0.013977478249584284
2018-02-02T06:00:00.0;-0.01503312567501329
2018-02-02T07:00:00.0;-0.03823058492993878
2018-02-02T08:00:00.0;-0.04416613287085232
2018-02-02T09:00:00.0;-0.04255035464251772
2018-02-02T10:00:00.0;-0.040785375275888144
2018-02-02T11:00:00.0;-0.03442377050887633
2018-02-02T12:00:00.0;-0.014386571934059763
2018-02-02T13:00:00.0;-0.014594984041760687
2018-02-02T14:00:00.0;-0.015053995169068591
2018-02-02T15:00:00.0;-0.015917477367553327
2018-02-02T16:00:00.0;-0.040298049737317064
2018-02-02T17:00:00.0;-0.05050233980454186
2018-02-02T18:00:00.0;-0.0518249229120722
2018-02-02T19:00:00.0;-0.053011516159057075
2018-02-02T20:00:00.0;-0.05289293706605218
2018-02-02T21:00:00.0;-0.025720391548855814
2018-02-02T22:00:00.0;-0.01822412694901922
2018-02-02T23:00:00.0;-0.00925310914421957
2018-02-03T00:00:00.0;-0.008274433447300318
2018-02-03T01:00:00.0;-0.00556119482197436
2018-02-03T02:00:00.0;-0.007517637039203748
2018-02-03T03:00:00.0;-0.007185069888153852
2018-02-03T04:00:00.0;-0.006937164515132237
2018-02-03T05:00:00.0;-0.010664501714353259
2018-02-03T06:00:00.0;-0.02411716717042563
2018-02-03T07:00:00.0;-0.02527770877279205
2018-02-03T08:00:00.0;-0.025812692357971706
2018-02-03T09:00:00.0;-0.03694997613744365
2018-02-03T10:00:00.0;-0.03616788419465619
2018-02-03T11:00:00.0;-0.035742322064989944
2018-02-03T12:00:00.0;-0.03565447252754707
2018-02-03T13:00:00.0;-0.022536513923907337
2018-02-03T14:00:00.0;-0.02297622356632962
2018-02-03T15:00:00.0;-0.023958347184885005
2018-02-03T16:00:00.0;-0.02624583951782892
2018-02-03T17:00:00.0;-0.02833117714450199
2018-02-03T18:00:00.0;-0.029382162730868654
2018-02-03T19:00:00.0;-0.030374156267907532
2018-02-03T20:00:00.0;-0.030309274636177885
2018-02-03T21:00:00.0;-0.02957369464848387
2018-02-03T22:00:00.0;-0.0140486143515115
2018-02-03T23:00:00.0;-0.0056097757816413315
2018-02-04T00:00:00.0;-0.008570353449880273
2018-02-04T01:00:00.0;-0.0064485291901828085
2018-02-04T02:00:00.0;-0.0035827266196730555
2018-02-04T03:00:00.0;-0.004463201838831488
2018-02-04T04:00:00.0;-0.007161989490045917
2018-02-04T05:00:00.0;-0.0070868263507763455
2018-02-04T06:00:00.0;-0.010771904757567714
2018-02-04T07:00:00.0;-0.02862019995856562
2018-02-04T08:00:00.0;-0.03155341885797465
2018-02-04T09:00:00.0;-0.03374576401858703
2018-02-04T10:00:00.0;-0.032492914277170645
2018-02-04T11:00:00.0;-0.028375002380198258
2018-02-04T12:00:00.0;-0.012304411862687329
2018-02-04T13:00:00.0;-0.009142792130919473
2018-02-04T14:00:00.0;-0.009426272605401506
2018-02-04T15:00:00.0;-0.009965753332180164
2018-02-04T16:00:00.0;-0.02944830345064245
2018-02-04T17:00:00.0;-0.03658711754639626
2018-02-04T18:00:00.0;-0.03779574741033338
2018-02-04T19:00:00.0;-0.03882638202053433
2018-02-04T20:00:00.0;-0.03883385101088565
2018-02-04T21:00:00.0;-0.016815047538846113
2018-02-04T22:00:00.0;-0.009616619264279242
2018-02-04T23:00:00.0;-0.008313326351461953
2018-02-05T00:00:00.0;-0.008626160646342584
2018-02-05T01:00:00.0;-0.005654777325603241
2018-02-05T02:00:00.0;-0.007569078065571584
2018-02-05T03:00:00.0;-0.007267755326623619
2018-02-05T04:00:00.0;-0.0073776011350333215
2018-02-05T05:00:00.0;-0.0147877812915327
2018-02-05T06:00:00.0;-0.019365202046501283
2018-02-05T07:00:00.0;-0.022401814248830722
2018-02-05T08:00:00.0;-0.02883960156812556
2018-02-05T09:00:00.0;-0.041457521858784034
2018-02-05T10:00:00.0;-0.036204649630270105
2018-02-05T11:00:00.0;-0.02952901413924304
2018-02-05T12:00:00.0;-0.027618166986334715
2018-02-05T13:00:00.0;-0.027956968631709354
2018-02-05T14:00:00.0;-0.028769892430669807
2018-02-05T15:00:00.0;-0.030264724515924355
2018-02-05T16:00:00.0;-0.03845143750389256
2018-02-05T17:00:00.0;-0.04845952947883831
2018-02-05T18:00:00.0;-0.04990015199651874
2018-02-05T19:00:00.0;-0.050991759255233166
2018-02-05T20:00:00.0;-0.051020858223813956
2018-02-05T21:00:00.0;-0.04744272628592531
2018-02-05T22:00:00.0;-0.022798999665790767
2018-02-05T23:00:00.0;-0.009026306223084283
2018-02-06T00:00:00.0;-0.008560621707073114
2018-02-06T01:00:00.0;-0.005138998118768213
2018-02-06T02:00:00.0;-0.007812037870457198
2018-02-06T03:00:00.0;-0.007494445666373438
2018-02-06T04:00:00.0;-0.007350492356302749
2018-02-06T05:00:00.0;-0.01747135541728963
2018-02-06T06:00:00.0;-0.024463935530116946
2018-02-06T07:00:00.0;-0.025750985213882506
2018-02-06T08:00:00.0;-0.02584739440663247
2018-02-06T09:00:00.0;-0.040786629269646234
2018-02-06T10:00:00.0;-0.033577270875569075
2018-02-06T11:00:00.0;-0.03252331181308017
2018-02-06T12:00:00.0;-0.03222724247666394
2018-02-06T13:00:00.0;-0.03255531627461183
2018-02-06T14:00:00.0;-0.0334682318775844
2018-02-06T15:00:00.0;-0.035232503351980235
2018-02-06T16:00:00.0;-0.04445971757621428
2018-02-06T17:00:00.0;-0.04751924680890707
2018-02-06T18:00:00.0;-0.0491209164708704
2018-02-06T19:00:00.0;-0.05022883172358752
2018-02-06T20:00:00.0;-0.050316209621923784
2018-02-06T21:00:00.0;-0.048697623420179734
2018-02-06T22:00:00.0;-0.028255988856242496
2018-02-06T23:00:00.0;-0.008905984473515855
2018-02-07T00:00:00.0;-0.00852014635515734
2018-02-07T01:00:00.0;-0.005353372048312279
2018-02-07T02:00:00.0;-0.007773735064601164
2018-02-07T03:00:00.0;-0.00745725289413898
2018-02-07T04:00:00.0;-0.007323042744330078
2018-02-07T05:00:00.0;-0.02023700570736516
2018-02-07T06:00:00.0;-0.025646720734506558
2018-02-07T07:00:00.0;-0.02692737487376683
2018-02-07T08:00:00.0;-0.02694957488767349
2018-02-07T09:00:00.0;-0.040419121104841735
2018-02-07T10:00:00.0;-0.035027944341147574
2018-02-07T11:00:00.0;-0.033975994303339446
2018-02-07T12:00:00.0;-0.03374188052375498
2018-02-07T13:00:00.0;-0.03410742165553783
2018-02-07T14:00:00.0;-0.03506819786745055
2018-02-07T15:00:00.0;-0.03693711431774998
2018-02-07T16:00:00.0;-0.044358496763321466
2018-02-07T17:00:00.0;-0.04726561802200292
2018-02-07T18:00:00.0;-0.04872236882095606
2018-02-07T19:00:00.0;-0.04991942405611856
2018-02-07T20:00:00.0;-0.05014846190900658
2018-02-07T21:00:00.0;-0.0485149694309955
2018-02-07T22:00:00.0;-0.029593617510590163
2018-02-07T23:00:00.0;-0.008859553099554163
2018-02-08T00:00:00.0;-0.008691349123223762
2018-02-08T01:00:00.0;-0.008287283545678323
2018-02-08T02:00:00.0;-0.004515300386702962
2018-02-08T03:00:00.0;-0.004325669866325677
2018-02-08T04:00:00.0;-0.007412573050953402
2018-02-08T05:00:00.0;-0.01724606562703579
2018-02-08T06:00:00.0;-0.01854116533731735
2018-02-08T07:00:00.0;-0.03973688457276887
2018-02-08T08:00:00.0;-0.04351000135539811
2018-02-08T09:00:00.0;-0.041786761464781295
2018-02-08T10:00:00.0;-0.04013537329240051
2018-02-08T11:00:00.0;-0.03559334212366914
2018-02-08T12:00:00.0;-0.0175668276715173
2018-02-08T13:00:00.0;-0.01782831239224593
2018-02-08T14:00:00.0;-0.018396831624152052
2018-02-08T15:00:00.0;-0.019476433912993637
2018-02-08T16:00:00.0;-0.04195025525758191
2018-02-08T17:00:00.0;-0.04976324349240974
2018-02-08T18:00:00.0;-0.05108356821633039
2018-02-08T19:00:00.0;-0.05235727854524913
2018-02-08T20:00:00.0;-0.0523707988093238
2018-02-08T21:00:00.0;-0.027659318793857957
2018-02-08T22:00:00.0;-0.022247134590283636
2018-02-08T23:00:00.0;-0.009142355321059307
2018-02-09T00:00:00.0;-0.008626603563799507
2018-02-09T01:00:00.0;-0.008214277747059916
2018-02-09T02:00:00.0;-0.005779604524636556
2018-02-09T03:00:00.0;-0.0055590937862952
2018-02-09T04:00:00.0;-0.0073723433280029485
2018-02-09T05:00:00.0;-0.013191233820779977
2018-02-09T06:00:00.0;-0.014223357876826718
2018-02-09T07:00:00.0;-0.027707643895418747
2018-02-09T08:00:00.0;-0.04330571755931932
2018-02-09T09:00:00.0;-0.04169061808805256
2018-02-09T10:00:00.0;-0.03973578254208302
2018-02-09T11:00:00.0;-0.024717328701752056
2018-02-09T12:00:00.0;-0.013524945781635954
2018-02-09T13:00:00.0;-0.013796475693173977
2018-02-09T14:00:00.0;-0.01428660838456472
2018-02-09T15:00:00.0;-0.015118857319381125
2018-02-09T16:00:00.0;-0.029366209092826178
2018-02-09T17:00:00.0;-0.049963647235561945
2018-02-09T18:00:00.0;-0.05129745063227417
2018-02-09T19:00:00.0;-0.0525506315915358
2018-02-09T20:00:00.0;-0.05248457560686052
2018-02-09T21:00:00.0;-0.03648282873128904
2018-02-09T22:00:00.0;-0.017246854050341334
2018-02-09T23:00:00.0;-0.009158195324049144
2018-02-10T00:00:00.0;-0.008209882518787237
2018-02-10T01:00:00.0;-0.0073656215019611915
2018-02-10T02:00:00.0;-0.007439677363089593
2018-02-10T03:00:00.0;-0.007105262551151028
2018-02-10T04:00:00.0;-0.007592933167358526
2018-02-10T05:00:00.0;-0.00745603283267728
2018-02-10T06:00:00.0;-0.023672683517955803
2018-02-10T07:00:00.0;-0.029059072528429875
2018-02-10T08:00:00.0;-0.029779744783289246
2018-02-10T09:00:00.0;-0.03593314542426256
2018-02-10T10:00:00.0;-0.035339229495463156
2018-02-10T11:00:00.0;-0.03428776057570299
2018-02-10T12:00:00.0;-0.030026860818891134
2018-02-10T13:00:00.0;-0.013511761629650358
2018-02-10T14:00:00.0;-0.013782358297810444
2018-02-10T15:00:00.0;-0.014386130872646175
2018-02-10T16:00:00.0;-0.020780009225913745
2018-02-10T17:00:00.0;-0.022613696554927485
2018-02-10T18:00:00.0;-0.024620739908097777
2018-02-10T19:00:00.0;-0.02552393969795639
2018-02-10T20:00:00.0;-0.025361029158748893
2018-02-10T21:00:00.0;-0.01915896788231558
2018-02-10T22:00:00.0;-0.010076225158792333
2018-02-10T23:00:00.0;-0.005725236657652139
2018-02-11T00:00:00.0;-0.00847415022298146
2018-02-11T01:00:00.0;-0.005625057875743396
2018-02-11T02:00:00.0;-0.002221338890580698
2018-02-11T03:00:00.0;-0.004087631176587144
2018-02-11T04:00:00.0;-0.007054839065204436
2018-02-11T05:00:00.0;-0.00695101790804312
2018-02-11T06:00:00.0;-0.007268356876424964
2018-02-11T07:00:00.0;-0.0261509748241091
2018-02-11T08:00:00.0;-0.026693954100604433
2018-02-11T09:00:00.0;-0.02747433420717437
2018-02-11T10:00:00.0;-0.026400047641327865
2018-02-11T11:00:00.0;-0.023579884926103883
2018-02-11T12:00:00.0;-0.006512288410472697
2018-02-11T13:00:00.0;-0.006592892788314795
2018-02-11T14:00:00.0;-0.0068319488373378805
2018-02-11T15:00:00.0;-0.007275300232499615
2018-02-11T16:00:00.0;-0.02806844885782203
2018-02-11T17:00:00.0;-0.03360520775655221
2018-02-11T18:00:00.0;-0.03477692972578073
2018-02-11T19:00:00.0;-0.035805069440636245
2018-02-11T20:00:00.0;-0.03604663497528296
2018-02-11T21:00:00.0;-0.012082293901138548
2018-02-11T22:00:00.0;-0.009571721297098965
2018-02-11T23:00:00.0;-0.009021000342679247
2018-02-12T00:00:00.0;-0.008593054306999002
2018-02-12T01:00:00.0;-0.007639845217575944
2018-02-12T02:00:00.0;-0.003993855859764002
2018-02-12T03:00:00.0;-0.004333422292178545
2018-02-12T04:00:00.0;-0.007298640210659193
2018-02-12T05:00:00.0;-0.01591482126719983
2018-02-12T06:00:00.0;-0.01699802667354118
2018-02-12T07:00:00.0;-0.03701441101812557
2018-02-12T08:00:00.0;-0.03912402761343545
2018-02-12T09:00:00.0;-0.03762275497203148
2018-02-12T10:00:00.0;-0.03617215398015691
2018-02-12T11:00:00.0;-0.03275575072697767
2018-02-12T12:00:00.0;-0.015568805555279336
2018-02-12T13:00:00.0;-0.01579810827085341
2018-02-12T14:00:00.0;-0.016325308000881986
2018-02-12T15:00:00.0;-0.017322491294798615
2018-02-12T16:00:00.0;-0.03885117232920518
2018-02-12T17:00:00.0;-0.04520787107815724
2018-02-12T18:00:00.0;-0.046512884900057325
2018-02-12T19:00:00.0;-0.04777473484004869
2018-02-12T20:00:00.0;-0.04791549029394354
2018-02-12T21:00:00.0;-0.024168556054607698
2018-02-12T22:00:00.0;-0.020772188566226292
2018-02-12T23:00:00.0;-0.009061883632879292
2018-02-13T00:00:00.0;-0.008512871990304833
2018-02-13T01:00:00.0;-0.00762802787237516
2018-02-13T02:00:00.0;-0.004974381597787321
2018-02-13T03:00:00.0;-0.005219838693192936
2018-02-13T04:00:00.0;-0.007232523352900767
2018-02-13T05:00:00.0;-0.012726841901583305
2018-02-13T06:00:00.0;-0.01517662956084929
2018-02-13T07:00:00.0;-0.029513282538275187
2018-02-13T08:00:00.0;-0.03889339808844778
2018-02-13T09:00:00.0;-0.03752991375060382
2018-02-13T10:00:00.0;-0.03596159647246092
2018-02-13T11:00:00.0;-0.026175730500365
2018-02-13T12:00:00.0;-0.014034834334281059
2018-02-13T13:00:00.0;-0.012727575268481693
2018-02-13T14:00:00.0;-0.013173261509148606
2018-02-13T15:00:00.0;-0.013961278891502527
2018-02-13T16:00:00.0;-0.029388030077084647
2018-02-13T17:00:00.0;-0.04347577987146398
2018-02-13T18:00:00.0;-0.04478879030653041
2018-02-13T19:00:00.0;-0.04603034338972317
2018-02-13T20:00:00.0;-0.04607769065698518
2018-02-13T21:00:00.0;-0.028913646869333755
2018-02-13T22:00:00.0;-0.016804133783571706
2018-02-13T23:00:00.0;-0.008680313071074624
2018-02-14T00:00:00.0;-0.008515185939553728
2018-02-14T01:00:00.0;-0.007743577323398427
2018-02-14T02:00:00.0;-0.005816605082410953
2018-02-14T03:00:00.0;-0.005935600806865438
2018-02-14T04:00:00.0;-0.007270649448315954
2018-02-14T05:00:00.0;-0.012505558259431967
2018-02-14T06:00:00.0;-0.013433489066290634
2018-02-14T07:00:00.0;-0.0238460546420982
2018-02-14T08:00:00.0;-0.0401227340788742
2018-02-14T09:00:00.0;-0.038641188503848116
2018-02-14T10:00:00.0;-0.03680246775125365
2018-02-14T11:00:00.0;-0.020917732160676307
2018-02-14T12:00:00.0;-0.012389908460422329
2018-02-14T13:00:00.0;-0.012656709483797332
2018-02-14T14:00:00.0;-0.013133221090693176
2018-02-14T15:00:00.0;-0.013923638640273859
2018-02-14T16:00:00.0;-0.02507032515715101
2018-02-14T17:00:00.0;-0.046719706853278496
2018-02-14T18:00:00.0;-0.0480467042426769
2018-02-14T19:00:00.0;-0.04931805968273101
2018-02-14T20:00:00.0;-0.049367414093607925
2018-02-14T21:00:00.0;-0.036839557492862586
2018-02-14T22:00:00.0;-0.016474003403526144
2018-02-14T23:00:00.0;-0.009070544458593628
2018-02-15T00:00:00.0;-0.00892413639308887
2018-02-15T01:00:00.0;-0.00803994574568339
2018-02-15T02:00:00.0;-0.0035939327087160526
2018-02-15T03:00:00.0;-0.0034349372336433454
2018-02-15T04:00:00.0;-0.007538691854957416
2018-02-15T05:00:00.0;-0.012486950322436562
2018-02-15T06:00:00.0;-0.013405282961911513
2018-02-15T07:00:00.0;-0.0408347360719047
2018-02-15T08:00:00.0;-0.04243352560597439
2018-02-15T09:00:00.0;-0.043521119763943815
2018-02-15T10:00:00.0;-0.04179353951703653
2018-02-15T11:00:00.0;-0.039488497323386815
2018-02-15T12:00:00.0;-0.015280295367967217
2018-02-15T13:00:00.0;-0.015437279661338144
2018-02-15T14:00:00.0;-0.015868569786826228
2018-02-15T15:00:00.0;-0.01673416047241319
2018-02-15T16:00:00.0;-0.04553273580225671
2018-02-15T17:00:00.0;-0.05107703419906567
2018-02-15T18:00:00.0;-0.05235772013764559
2018-02-15T19:00:00.0;-0.053427607960397326
2018-02-15T20:00:00.0;-0.053230102264391656
2018-02-15T21:00:00.0;-0.021200300177737427
2018-02-15T22:00:00.0;-0.016313067420250436
2018-02-15T23:00:00.0;-0.009362203177629511
2018-02-16T00:00:00.0;-0.008491119086827523
2018-02-16T01:00:00.0;-0.006837872976151875
2018-02-16T02:00:00.0;-0.006334694827503397
2018-02-16T03:00:00.0;-0.006098023849329152
2018-02-16T04:00:00.0;-0.007314468638885924
2018-02-16T05:00:00.0;-0.01959904773294729
2018-02-16T06:00:00.0;-0.0258621168270576
2018-02-16T07:00:00.0;-0.03534117224431278
2018-02-16T08:00:00.0;-0.03519530069859372
2018-02-16T09:00:00.0;-0.04008538462458048
2018-02-16T10:00:00.0;-0.03391272025097077
2018-02-16T11:00:00.0;-0.032803277322428215
2018-02-16T12:00:00.0;-0.025425000480604115
2018-02-16T13:00:00.0;-0.025791034657438774
2018-02-16T14:00:00.0;-0.02662947068509767
2018-02-16T15:00:00.0;-0.028213815066780626
2018-02-16T16:00:00.0;-0.04442891172517233
2018-02-16T17:00:00.0;-0.047618848003746765
2018-02-16T18:00:00.0;-0.049279237222909604
2018-02-16T19:00:00.0;-0.05055895709499101
2018-02-16T20:00:00.0;-0.05065353344904722
2018-02-16T21:00:00.0;-0.03959090902962375
2018-02-16T22:00:00.0;-0.030037587356262416
2018-02-16T23:00:00.0;-0.008884977446663361
2018-02-17T00:00:00.0;-0.008006917903137881
2018-02-17T01:00:00.0;-0.007585347175126051
2018-02-17T02:00:00.0;-0.007352364416870079
2018-02-17T03:00:00.0;-0.007076918291506623
2018-02-17T04:00:00.0;-0.0070479740460942355
2018-02-17T05:00:00.0;-0.03476984424173314
2018-02-17T06:00:00.0;-0.03938239534428327
2018-02-17T07:00:00.0;-0.03990175559449831
2018-02-17T08:00:00.0;-0.03838635810004348
2018-02-17T09:00:00.0;-0.03633595866633962
2018-02-17T10:00:00.0;-0.03340725327139681
2018-02-17T11:00:00.0;-0.032652951327883935
2018-02-17T12:00:00.0;-0.03311979378221144
2018-02-17T13:00:00.0;-0.03387983023318769
2018-02-17T14:00:00.0;-0.03521492143200136
2018-02-17T15:00:00.0;-0.037655589486527134
2018-02-17T16:00:00.0;-0.04309824910206181
2018-02-17T17:00:00.0;-0.044716900512231345
2018-02-17T18:00:00.0;-0.046214908081076145
2018-02-17T19:00:00.0;-0.04803839697735897
2018-02-17T20:00:00.0;-0.04880390210739552
2018-02-17T21:00:00.0;-0.04675141051978908
2018-02-17T22:00:00.0;-0.044032174705386846
2018-02-17T23:00:00.0;-0.008376724631607255
2018-02-18T00:00:00.0;-0.00801634421012325
2018-02-18T01:00:00.0;-0.007215257581416487
2018-02-18T02:00:00.0;-0.007364043562788947
2018-02-18T03:00:00.0;-0.007085881836055184
2018-02-18T04:00:00.0;-0.007003591608376806
2018-02-18T05:00:00.0;-0.023733441688154916
2018-02-18T06:00:00.0;-0.03632791832500329
2018-02-18T07:00:00.0;-0.036935602536297095
2018-02-18T08:00:00.0;-0.03592429910844761
2018-02-18T09:00:00.0;-0.036159289309825544
2018-02-18T10:00:00.0;-0.028648059369574038
2018-02-18T11:00:00.0;-0.028020264739037445
2018-02-18T12:00:00.0;-0.02828819762160101
2018-02-18T13:00:00.0;-0.025219153111000966
2018-02-18T14:00:00.0;-0.026181385132630394
2018-02-18T15:00:00.0;-0.02792449488084641
2018-02-18T16:00:00.0;-0.03815769629926894
2018-02-18T17:00:00.0;-0.04006183040121625
2018-02-18T18:00:00.0;-0.04195404930389679
2018-02-18T19:00:00.0;-0.04346406815973394
2018-02-18T20:00:00.0;-0.043657236952766285
2018-02-18T21:00:00.0;-0.041933571431307305
2018-02-18T22:00:00.0;-0.03710192765851331
2018-02-18T23:00:00.0;-0.007594222370225613
2018-02-19T00:00:00.0;-0.00850356120708655
2018-02-19T01:00:00.0;-0.005490237729397092
2018-02-19T02:00:00.0;-0.007747801382823266
2018-02-19T03:00:00.0;-0.007427476527554197
2018-02-19T04:00:00.0;-0.007300170585799968
2018-02-19T05:00:00.0;-0.024563914681771975
2018-02-19T06:00:00.0;-0.026283762868420872
2018-02-19T07:00:00.0;-0.02757668650531857
2018-02-19T08:00:00.0;-0.027564564348171065
2018-02-19T09:00:00.0;-0.040176421051256496
2018-02-19T10:00:00.0;-0.03874416905280751
2018-02-19T11:00:00.0;-0.03766818822387574
2018-02-19T12:00:00.0;-0.037496043977541145
2018-02-19T13:00:00.0;-0.03789448694223216
2018-02-19T14:00:00.0;-0.038910103556386744
2018-02-19T15:00:00.0;-0.04094403243911564
2018-02-19T16:00:00.0;-0.04431331122792443
2018-02-19T17:00:00.0;-0.04705545536306118
2018-02-19T18:00:00.0;-0.0481537708517777
2018-02-19T19:00:00.0;-0.04946754944974584
2018-02-19T20:00:00.0;-0.04995514030433285
2018-02-19T21:00:00.0;-0.04835197928534963
2018-02-19T22:00:00.0;-0.03040611156585871
2018-02-19T23:00:00.0;-0.008823659235258205
2018-02-20T00:00:00.0;-0.008469733483527742
2018-02-20T01:00:00.0;-0.005624430213799851
2018-02-20T02:00:00.0;-0.00772452857685663
2018-02-20T03:00:00.0;-0.007408798858652705
2018-02-20T04:00:00.0;-0.007287150874783359
2018-02-20T05:00:00.0;-0.02412870983073121
2018-02-20T06:00:00.0;-0.027130039918487652
2018-02-20T07:00:00.0;-0.028395239268271057
2018-02-20T08:00:00.0;-0.028313758909340386
2018-02-20T09:00:00.0;-0.03994785736492462
2018-02-20T10:00:00.0;-0.03725705735534266
2018-02-20T11:00:00.0;-0.036211624864152844
2018-02-20T12:00:00.0;-0.03607060415157532
2018-02-20T13:00:00.0;-0.036488378571805986
2018-02-20T14:00:00.0;-0.037514499178584876
2018-02-20T15:00:00.0;-0.0395340332077148
2018-02-20T16:00:00.0;-0.044231879299392526
2018-02-20T17:00:00.0;-0.04693416519119515
2018-02-20T18:00:00.0;-0.048166629857683364
2018-02-20T19:00:00.0;-0.04948645057402245
2018-02-20T20:00:00.0;-0.04992128379561574
2018-02-20T21:00:00.0;-0.048274539607167426
2018-02-20T22:00:00.0;-0.03128102333778259
2018-02-20T23:00:00.0;-0.00879925021733377
2018-02-21T00:00:00.0;-0.008323945738232011
2018-02-21T01:00:00.0;-0.006476345917885311
2018-02-21T02:00:00.0;-0.00739315994334835
2018-02-21T03:00:00.0;-0.007099333272405009
2018-02-21T04:00:00.0;-0.007215209490968616
2018-02-21T05:00:00.0;-0.02679907269164374
2018-02-21T06:00:00.0;-0.030942810142486458
2018-02-21T07:00:00.0;-0.03333656571732676
2018-02-21T08:00:00.0;-0.032866782138991385
2018-02-21T09:00:00.0;-0.038830381007151506
2018-02-21T10:00:00.0;-0.03540114500018082
2018-02-21T11:00:00.0;-0.034441098671253556
2018-02-21T12:00:00.0;-0.03337074505265024
2018-02-21T13:00:00.0;-0.0338901601384885
2018-02-21T14:00:00.0;-0.03498754814849194
2018-02-21T15:00:00.0;-0.03707377885803283
2018-02-21T16:00:00.0;-0.043926884722130376
2018-02-21T17:00:00.0;-0.04635636570947518
2018-02-21T18:00:00.0;-0.04775330295882304
2018-02-21T19:00:00.0;-0.04922696475555684
2018-02-21T20:00:00.0;-0.04970722509999752
2018-02-21T21:00:00.0;-0.04647827507495654
2018-02-21T22:00:00.0;-0.03536296297211965
2018-02-21T23:00:00.0;-0.00867705514945789
2018-02-22T00:00:00.0;-0.00838138776808971
2018-02-22T01:00:00.0;-0.00684947883289763
2018-02-22T02:00:00.0;-0.00676838858640827
2018-02-22T03:00:00.0;-0.006500951617772317
2018-02-22T04:00:00.0;-0.007262213462690149
2018-02-22T05:00:00.0;-0.021374607262185038
2018-02-22T06:00:00.0;-0.02908929606503179
2018-02-22T07:00:00.0;-0.035575460205919916
2018-02-22T08:00:00.0;-0.03517397096171977
2018-02-22T09:00:00.0;-0.039394394007324265
2018-02-22T10:00:00.0;-0.03212321296146536
2018-02-22T11:00:00.0;-0.031131198686747436
2018-02-22T12:00:00.0;-0.026446719251610375
2018-02-22T13:00:00.0;-0.026876231157289893
2018-02-22T14:00:00.0;-0.027802473743793445
2018-02-22T15:00:00.0;-0.029520767852727524
2018-02-22T16:00:00.0;-0.04423245704317966
2018-02-22T17:00:00.0;-0.047069768685828614
2018-02-22T18:00:00.0;-0.04885893952146405
2018-02-22T19:00:00.0;-0.05020874088286824
2018-02-22T20:00:00.0;-0.05034862980214194
2018-02-22T21:00:00.0;-0.04251439719100665
2018-02-22T22:00:00.0;-0.033383444046914346
2018-02-22T23:00:00.0;-0.008773280242332678
2018-02-23T00:00:00.0;-0.008337778936279539
2018-02-23T01:00:00.0;-0.009866030432287053
2018-02-23T02:00:00.0;-0.008207938227414637
2018-02-23T03:00:00.0;-0.007887067446966297
2018-02-23T04:00:00.0;-0.008823235761387424
2018-02-23T05:00:00.0;-0.01543134847592891
2018-02-23T06:00:00.0;-0.022509155481803066
2018-02-23T07:00:00.0;-0.03073005251481921
2018-02-23T08:00:00.0;-0.03962900003426248
2018-02-23T09:00:00.0;-0.038312358731272894
2018-02-23T10:00:00.0;-0.03695170863994694
2018-02-23T11:00:00.0;-0.026278743575951155
2018-02-23T12:00:00.0;-0.019858021065597885
2018-02-23T13:00:00.0;-0.014137022790364011
2018-02-23T14:00:00.0;-0.014608666086499045
2018-02-23T15:00:00.0;-0.015448164484137432
2018-02-23T16:00:00.0;-0.02441436196257135
2018-02-23T17:00:00.0;-0.03704035016756719
2018-02-23T18:00:00.0;-0.040666078080590314
2018-02-23T19:00:00.0;-0.041989353446985345
2018-02-23T20:00:00.0;-0.04201723413122956
2018-02-23T21:00:00.0;-0.03235890910297646
2018-02-23T22:00:00.0;-0.020216730345883432
2018-02-23T23:00:00.0;-0.009583190434223862
2018-02-24T00:00:00.0;-0.008222229406555643
2018-02-24T01:00:00.0;-0.004940751496807425
2018-02-24T02:00:00.0;-0.0018768055614214088
2018-02-24T03:00:00.0;-0.004445113631829142
2018-02-24T04:00:00.0;-0.00682569558979064
2018-02-24T05:00:00.0;-0.006674321314357184
2018-02-24T06:00:00.0;-0.006900445269321564
2018-02-24T07:00:00.0;-0.021933028822328383
2018-02-24T08:00:00.0;-0.02227676921269474
2018-02-24T09:00:00.0;-0.021660573981097397
2018-02-24T10:00:00.0;-0.020831545985172308
2018-02-24T11:00:00.0;-0.017686361786289104
2018-02-24T12:00:00.0;-0.004117064338747756
2018-02-24T13:00:00.0;-0.004179421327837776
2018-02-24T14:00:00.0;-0.004354062192266721
2018-02-24T15:00:00.0;-0.004666769413244503
2018-02-24T16:00:00.0;-0.02155703013439296
2018-02-24T17:00:00.0;-0.027183331877096855
2018-02-24T18:00:00.0;-0.02827000661751225
2018-02-24T19:00:00.0;-0.029271520149616263
2018-02-24T20:00:00.0;-0.029643776500211
2018-02-24T21:00:00.0;-0.009847715103577586
2018-02-24T22:00:00.0;-0.009357815441226337
2018-02-24T23:00:00.0;-0.008814627606493838
2018-02-25T00:00:00.0;-0.00817761230666969
2018-02-25T01:00:00.0;-0.00511556118978158
2018-02-25T02:00:00.0;-0.0023260394638627666
2018-02-25T03:00:00.0;-0.004683576330251769
2018-02-25T04:00:00.0;-0.006818738655370372
2018-02-25T05:00:00.0;-0.006697589813438076
2018-02-25T06:00:00.0;-0.009200943242193095
2018-02-25T07:00:00.0;-0.022940175361591285
2018-02-25T08:00:00.0;-0.023204302413750735
2018-02-25T09:00:00.0;-0.022498668098752967
2018-02-25T10:00:00.0;-0.020057777544133636
2018-02-25T11:00:00.0;-0.017138987125703456
2018-02-25T12:00:00.0;-0.004903979531566436
2018-02-25T13:00:00.0;-0.004339107233954798
2018-02-25T14:00:00.0;-0.00452316156013584
2018-02-25T15:00:00.0;-0.0048502304592662636
2018-02-25T16:00:00.0;-0.02208092790547633
2018-02-25T17:00:00.0;-0.027434285081487316
2018-02-25T18:00:00.0;-0.02863902158238989
2018-02-25T19:00:00.0;-0.02965327889526049
2018-02-25T20:00:00.0;-0.029965450305305313
2018-02-25T21:00:00.0;-0.012036315221935507
2018-02-25T22:00:00.0;-0.011434259836778914
2018-02-25T23:00:00.0;-0.008605720425111655
2018-02-26T00:00:00.0;-0.008492233189719383
2018-02-26T01:00:00.0;-0.008087914122929698
2018-02-26T02:00:00.0;-0.00654215780612274
2018-02-26T03:00:00.0;-0.006302732593362401
2018-02-26T04:00:00.0;-0.007298339527512115
2018-02-26T05:00:00.0;-0.015836454243206222
2018-02-26T06:00:00.0;-0.017084815415822487
2018-02-26T07:00:00.0;-0.02555561186285092
2018-02-26T08:00:00.0;-0.04240880181654553
2018-02-26T09:00:00.0;-0.040696190343930724
2018-02-26T10:00:00.0;-0.03877865145476182
2018-02-26T11:00:00.0;-0.022608380596886503
2018-02-26T12:00:00.0;-0.01605817684386559
2018-02-26T13:00:00.0;-0.01641996488629495
2018-02-26T14:00:00.0;-0.017034714088958253
2018-02-26T15:00:00.0;-0.01805349321266389
2018-02-26T16:00:00.0;-0.027177476513125264
2018-02-26T17:00:00.0;-0.04910364318812339
2018-02-26T18:00:00.0;-0.050439184775352634
2018-02-26T19:00:00.0;-0.051794873650332175
2018-02-26T20:00:00.0;-0.05186723019334528
2018-02-26T21:00:00.0;-0.041726577420439726
2018-02-26T22:00:00.0;-0.020522983945944918
2018-02-26T23:00:00.0;-0.009024347905744188
2018-02-27T00:00:00.0;-0.00831936192852662
2018-02-27T01:00:00.0;-0.007928176819725451
2018-02-27T02:00:00.0;-0.00735770700940305
2018-02-27T03:00:00.0;-0.00710393348167944
2018-02-27T04:00:00.0;-0.007211735081438084
2018-02-27T05:00:00.0;-0.017677086897885604
2018-02-27T06:00:00.0;-0.021262212354069394
2018-02-27T07:00:00.0;-0.024190522513981544
2018-02-27T08:00:00.0;-0.0413456242035359
2018-02-27T09:00:00.0;-0.03943415030510166
2018-02-27T10:00:00.0;-0.03547692349743856
2018-02-27T11:00:00.0;-0.019072597708250684
2018-02-27T12:00:00.0;-0.017556799426347844
2018-02-27T13:00:00.0;-0.018009197424363185
2018-02-27T14:00:00.0;-0.018742757149444116
2018-02-27T15:00:00.0;-0.019923490152051828
2018-02-27T16:00:00.0;-0.02576647618706121
2018-02-27T17:00:00.0;-0.04801182976119942
2018-02-27T18:00:00.0;-0.049554205400582065
2018-02-27T19:00:00.0;-0.05099739186996907
2018-02-27T20:00:00.0;-0.05112621940661715
2018-02-27T21:00:00.0;-0.04731173493072174
2018-02-27T22:00:00.0;-0.025134605128275703
2018-02-27T23:00:00.0;-0.00885522568712953
2018-02-28T00:00:00.0;-0.008715303604244991
2018-02-28T01:00:00.0;-0.008646482801788386
2018-02-28T02:00:00.0;-0.005719596450819848
2018-02-28T03:00:00.0;-0.005721007102154864
2018-02-28T04:00:00.0;-0.007922688669755443
2018-02-28T05:00:00.0;-0.007914646318989296
2018-02-28T06:00:00.0;-0.009034347986750848
2018-02-28T07:00:00.0;-0.024822672619874066
2018-02-28T08:00:00.0;-0.042282571704383216
2018-02-28T09:00:00.0;-0.04090206496029338
2018-02-28T10:00:00.0;-0.03834989053104969
2018-02-28T11:00:00.0;-0.021032051041473158
2018-02-28T12:00:00.0;-0.007420284087019481
2018-02-28T13:00:00.0;-0.007561278661721992
2018-02-28T14:00:00.0;-0.007831258183535628
2018-02-28T15:00:00.0;-0.008282657414658496
2018-02-28T16:00:00.0;-0.025416146553420522
2018-02-28T17:00:00.0;-0.048217618890244195
2018-02-28T18:00:00.0;-0.050330254306587274
2018-02-28T19:00:00.0;-0.051453722966653875
2018-02-28T20:00:00.0;-0.051247268219496024
2018-02-28T21:00:00.0;-0.03222166714472846
2018-02-28T22:00:00.0;-0.011208258009538985
2018-02-28T23:00:00.0;-0.009946606468585592
2018-03-01T00:00:00.0;-0.009014117366807099
2018-03-01T01:00:00.0;-0.007982704539376497
2018-03-01T02:00:00.0;-0.002845968464499922
2018-03-01T03:00:00.0;-0.0028406021645702565
2018-03-01T04:00:00.0;-0.007580182792792317
2018-03-01T05:00:00.0;-0.007614246571504678
2018-03-01T06:00:00.0;-0.009859613323229854
2018-03-01T07:00:00.0;-0.04101430797531129
2018-03-01T08:00:00.0;-0.04218388728792279
2018-03-01T09:00:00.0;-0.04343008002843122
2018-03-01T10:00:00.0;-0.039869277338866665
2018-03-01T11:00:00.0;-0.038026301521589576
2018-03-01T12:00:00.0;-0.010165191280541348
2018-03-01T13:00:00.0;-0.010257844526696211
2018-03-01T14:00:00.0;-0.010543620370582941
2018-03-01T15:00:00.0;-0.011117282786674029
2018-03-01T16:00:00.0;-0.04551309438276488
2018-03-01T17:00:00.0;-0.050837682009453634
2018-03-01T18:00:00.0;-0.052270501542524765
2018-03-01T19:00:00.0;-0.05321060452314027
2018-03-01T20:00:00.0;-0.052813748526398765
2018-03-01T21:00:00.0;-0.01606837896420648
2018-03-01T22:00:00.0;-0.01214216642688405
2018-03-01T23:00:00.0;-0.009474181666267288
2018-03-02T00:00:00.0;-0.009007319007048679
2018-03-02T01:00:00.0;-0.007944488012467176
2018-03-02T02:00:00.0;-0.0027276320218906133
2018-03-02T03:00:00.0;-0.0028532575251826054
2018-03-02T04:00:00.0;-0.0075556704926215724
2018-03-02T05:00:00.0;-0.007558464409890324
2018-03-02T06:00:00.0;-0.00809278838826721
2018-03-02T07:00:00.0;-0.0388226719383163
2018-03-02T08:00:00.0;-0.04179160995147528
2018-03-02T09:00:00.0;-0.042543865773043615
2018-03-02T10:00:00.0;-0.04078050709300219
2018-03-02T11:00:00.0;-0.037196007111948814
2018-03-02T12:00:00.0;-0.009480522790175154
2018-03-02T13:00:00.0;-0.009570781619269615
2018-03-02T14:00:00.0;-0.00983865615949349
2018-03-02T15:00:00.0;-0.010371445882725983
2018-03-02T16:00:00.0;-0.042618027970471414
2018-03-02T17:00:00.0;-0.04992486457656254
2018-03-02T18:00:00.0;-0.05121130049923593
2018-03-02T19:00:00.0;-0.05217264252726163
2018-03-02T20:00:00.0;-0.05186289180215449
2018-03-02T21:00:00.0;-0.015286344369935208
2018-03-02T22:00:00.0;-0.010070648800919835
2018-03-02T23:00:00.0;-0.009482189520352168
2018-03-03T00:00:00.0;-0.008189443113469752
2018-03-03T01:00:00.0;-0.005080302763545537
2018-03-03T02:00:00.0;-0.0036891053078510166
2018-03-03T03:00:00.0;-0.005779272466819874
2018-03-03T04:00:00.0;-0.006854496762843644
2018-03-03T05:00:00.0;-0.007173272303552219
2018-03-03T06:00:00.0;-0.007478032571990775
2018-03-03T07:00:00.0;-0.015571772928373353
2018-03-03T08:00:00.0;-0.023394758663269677
2018-03-03T09:00:00.0;-0.02411455995033028
2018-03-03T10:00:00.0;-0.023055419289793367
2018-03-03T11:00:00.0;-0.01336695260820383
2018-03-03T12:00:00.0;-0.006288250283282526
2018-03-03T13:00:00.0;-0.006410572329998057
2018-03-03T14:00:00.0;-0.006686405974380409
2018-03-03T15:00:00.0;-0.007147384468172926
2018-03-03T16:00:00.0;-0.016361631019484114
2018-03-03T17:00:00.0;-0.030158073440673075
2018-03-03T18:00:00.0;-0.031297151193857495
2018-03-03T19:00:00.0;-0.03237419142604889
2018-03-03T20:00:00.0;-0.03274902942780092
2018-03-03T21:00:00.0;-0.022427674726794154
2018-03-03T22:00:00.0;-0.009948587533827304
2018-03-03T23:00:00.0;-0.008800649550093218
2018-03-04T00:00:00.0;-0.007887460307901365
2018-03-04T01:00:00.0;-0.0051531812509824845
2018-03-04T02:00:00.0;-0.00521284066448504
2018-03-04T03:00:00.0;-0.006458829935627245
2018-03-04T04:00:00.0;-0.006592005679563553
2018-03-04T05:00:00.0;-0.006461860582104507
2018-03-04T06:00:00.0;-0.019459024965675566
2018-03-04T07:00:00.0;-0.02215316449296323
2018-03-04T08:00:00.0;-0.022358782678595812
2018-03-04T09:00:00.0;-0.025450884126213696
2018-03-04T10:00:00.0;-0.02215476482950899
2018-03-04T11:00:00.0;-0.02052840563922928
2018-03-04T12:00:00.0;-0.018392214648720547
2018-03-04T13:00:00.0;-0.008588258973069637
2018-03-04T14:00:00.0;-0.008881284247584715
2018-03-04T15:00:00.0;-0.009424259832322788
2018-03-04T16:00:00.0;-0.01630155343329129
2018-03-04T17:00:00.0;-0.019532093206951765
2018-03-04T18:00:00.0;-0.02058967050399765
2018-03-04T19:00:00.0;-0.02145275756064205
2018-03-04T20:00:00.0;-0.021528830017798168
2018-03-04T21:00:00.0;-0.01820623092940004
2018-03-04T22:00:00.0;-0.012543596548106299
2018-03-04T23:00:00.0;-0.005937020548118466
2018-03-05T00:00:00.0;-0.008263837926348726
2018-03-05T01:00:00.0;-0.006267650060892415
2018-03-05T02:00:00.0;-0.007341064340947993
2018-03-05T03:00:00.0;-0.0072691517675515524
2018-03-05T04:00:00.0;-0.007159881117502773
2018-03-05T05:00:00.0;-0.02416341979226458
2018-03-05T06:00:00.0;-0.02922326287558086
2018-03-05T07:00:00.0;-0.030258371904869654
2018-03-05T08:00:00.0;-0.03151678314926873
2018-03-05T09:00:00.0;-0.03707817488785765
2018-03-05T10:00:00.0;-0.0325697334788551
2018-03-05T11:00:00.0;-0.029968893261653917
2018-03-05T12:00:00.0;-0.02998587328317986
2018-03-05T13:00:00.0;-0.030498854806501812
2018-03-05T14:00:00.0;-0.0315570851882364
2018-03-05T15:00:00.0;-0.03349769012668537
2018-03-05T16:00:00.0;-0.04004940530818715
2018-03-05T17:00:00.0;-0.0445599905400881
2018-03-05T18:00:00.0;-0.04606671926033779
2018-03-05T19:00:00.0;-0.04750544277058354
2018-03-05T20:00:00.0;-0.04793821394459042
2018-03-05T21:00:00.0;-0.04627634827758205
2018-03-05T22:00:00.0;-0.03370333756317168
2018-03-05T23:00:00.0;-0.008650746955323878
2018-03-06T00:00:00.0;-0.008319735239318157
2018-03-06T01:00:00.0;-0.0063076236999028154
2018-03-06T02:00:00.0;-0.0075986683554373855
2018-03-06T03:00:00.0;-0.007293804544141543
2018-03-06T04:00:00.0;-0.00720017821066009
2018-03-06T05:00:00.0;-0.028683038198529655
2018-03-06T06:00:00.0;-0.03095887474014431
2018-03-06T07:00:00.0;-0.032087272732753566
2018-03-06T08:00:00.0;-0.03181457259313413
2018-03-06T09:00:00.0;-0.038716584569190256
2018-03-06T10:00:00.0;-0.037412772427473616
2018-03-06T11:00:00.0;-0.03632380474515791
2018-03-06T12:00:00.0;-0.036403696113875665
2018-03-06T13:00:00.0;-0.036719673229277355
2018-03-06T14:00:00.0;-0.03785171624792521
2018-03-06T15:00:00.0;-0.04004153025148979
2018-03-06T16:00:00.0;-0.04340505888333893
2018-03-06T17:00:00.0;-0.04588941645298101
2018-03-06T18:00:00.0;-0.04706839711243525
2018-03-06T19:00:00.0;-0.048580018687327406
2018-03-06T20:00:00.0;-0.049197291001342694
2018-03-06T21:00:00.0;-0.04745653571321551
2018-03-06T22:00:00.0;-0.035195495597762895
2018-03-06T23:00:00.0;-0.008607214912283756
2018-03-07T00:00:00.0;-0.008312715687343859
2018-03-07T01:00:00.0;-0.006341069362048038
2018-03-07T02:00:00.0;-0.007593389611168004
2018-03-07T03:00:00.0;-0.00728928451403622
2018-03-07T04:00:00.0;-0.0072004735142707785
2018-03-07T05:00:00.0;-0.029280036997672985
2018-03-07T06:00:00.0;-0.03137678719939034
2018-03-07T07:00:00.0;-0.032490971274965044
2018-03-07T08:00:00.0;-0.03201970543162929
2018-03-07T09:00:00.0;-0.03867883993557528
2018-03-07T10:00:00.0;-0.03737659343425435
2018-03-07T11:00:00.0;-0.03642453246679083
2018-03-07T12:00:00.0;-0.036519927827181935
2018-03-07T13:00:00.0;-0.0370687735566947
2018-03-07T14:00:00.0;-0.03822214327431536
2018-03-07T15:00:00.0;-0.040451004713462746
2018-03-07T16:00:00.0;-0.043845517881642204
2018-03-07T17:00:00.0;-0.04613134790023447
2018-03-07T18:00:00.0;-0.04731142482281129
2018-03-07T19:00:00.0;-0.04884032409380641
2018-03-07T20:00:00.0;-0.04948287765548052
2018-03-07T21:00:00.0;-0.047715991756910166
2018-03-07T22:00:00.0;-0.03585836538078188
2018-03-07T23:00:00.0;-0.008647869284990168
2018-03-08T00:00:00.0;-0.008445017604879885
2018-03-08T01:00:00.0;-0.008043795529713738
2018-03-08T02:00:00.0;-0.006640610689844302
2018-03-08T03:00:00.0;-0.006396867389710508
2018-03-08T04:00:00.0;-0.007254000804556851
2018-03-08T05:00:00.0;-0.015710349437937216
2018-03-08T06:00:00.0;-0.018054561238093986
2018-03-08T07:00:00.0;-0.025668066721367365
2018-03-08T08:00:00.0;-0.04185027003537822
2018-03-08T09:00:00.0;-0.04019711918322297
2018-03-08T10:00:00.0;-0.03836339196724025
2018-03-08T11:00:00.0;-0.022795477556100754
2018-03-08T12:00:00.0;-0.017014948138567656
2018-03-08T13:00:00.0;-0.016282938390338134
2018-03-08T14:00:00.0;-0.0168870863109117
2018-03-08T15:00:00.0;-0.01789209735817254
2018-03-08T16:00:00.0;-0.02613669317380239
2018-03-08T17:00:00.0;-0.04729086376019318
2018-03-08T18:00:00.0;-0.048629583747298394
2018-03-08T19:00:00.0;-0.04999187232479862
2018-03-08T20:00:00.0;-0.05005837531040834
2018-03-08T21:00:00.0;-0.04094521334394477
2018-03-08T22:00:00.0;-0.02038699108692643
2018-03-08T23:00:00.0;-0.00872714643388715
2018-03-09T00:00:00.0;-0.008278489709274056
2018-03-09T01:00:00.0;-0.0064729790223457505
2018-03-09T02:00:00.0;-0.007569130155770197
2018-03-09T03:00:00.0;-0.0072693740978940265
2018-03-09T04:00:00.0;-0.007186490515844957
2018-03-09T05:00:00.0;-0.02906172947107618
2018-03-09T06:00:00.0;-0.032243246231600006
2018-03-09T07:00:00.0;-0.03330539476173381
2018-03-09T08:00:00.0;-0.03273795874174604
2018-03-09T09:00:00.0;-0.0384411131500532
2018-03-09T10:00:00.0;-0.03612509004502383
2018-03-09T11:00:00.0;-0.03519896202568387
2018-03-09T12:00:00.0;-0.035321421439452175
2018-03-09T13:00:00.0;-0.03588710359575758
2018-03-09T14:00:00.0;-0.03704987672571688
2018-03-09T15:00:00.0;-0.039267529652303165
2018-03-09T16:00:00.0;-0.04376286735474786
2018-03-09T17:00:00.0;-0.046001226978254026
2018-03-09T18:00:00.0;-0.04729623086336575
2018-03-09T19:00:00.0;-0.04883682487145113
2018-03-09T20:00:00.0;-0.04943994562945638
2018-03-09T21:00:00.0;-0.04763145966581594
2018-03-09T22:00:00.0;-0.036730773215852025
2018-03-09T23:00:00.0;-0.008621998865761553
2018-03-10T00:00:00.0;-0.007924755355813556
2018-03-10T01:00:00.0;-0.00594274242556446
2018-03-10T02:00:00.0;-0.004687656065449803
2018-03-10T03:00:00.0;-0.005929487410784153
2018-03-10T04:00:00.0;-0.00664051749345061
2018-03-10T05:00:00.0;-0.010314050418708719
2018-03-10T06:00:00.0;-0.019181981176997927
2018-03-10T07:00:00.0;-0.024969944742465056
2018-03-10T08:00:00.0;-0.02644149480910916
2018-03-10T09:00:00.0;-0.026015937073192278
2018-03-10T10:00:00.0;-0.02538083629035895
2018-03-10T11:00:00.0;-0.022397217240712995
2018-03-10T12:00:00.0;-0.017458605978570158
2018-03-10T13:00:00.0;-0.009204436716526319
2018-03-10T14:00:00.0;-0.009533790229405105
2018-03-10T15:00:00.0;-0.01014056656076806
2018-03-10T16:00:00.0;-0.017281299424235026
2018-03-10T17:00:00.0;-0.02230933728539601
2018-03-10T18:00:00.0;-0.023328437665812083
2018-03-10T19:00:00.0;-0.024336401614801047
2018-03-10T20:00:00.0;-0.024526067199965886
2018-03-10T21:00:00.0;-0.017051325603093446
2018-03-10T22:00:00.0;-0.014136190257311096
2018-03-10T23:00:00.0;-0.006382026575900066
2018-03-11T00:00:00.0;-0.007834464622242656
2018-03-11T01:00:00.0;-0.006305942536192503
2018-03-11T02:00:00.0;-0.006106456666187513
2018-03-11T03:00:00.0;-0.0065430979161600535
2018-03-11T04:00:00.0;-0.006573129196950308
2018-03-11T05:00:00.0;-0.011309603101278537
2018-03-11T06:00:00.0;-0.0255780011637323
2018-03-11T07:00:00.0;-0.027565822169181898
2018-03-11T08:00:00.0;-0.027680757283715565
2018-03-11T09:00:00.0;-0.029063557566472924
2018-03-11T10:00:00.0;-0.028675039721524773
2018-03-11T11:00:00.0;-0.027933512955007973
2018-03-11T12:00:00.0;-0.026691168512082242
2018-03-11T13:00:00.0;-0.01276083910995206
2018-03-11T14:00:00.0;-0.013125261781028914
2018-03-11T15:00:00.0;-0.013850886266207089
2018-03-11T16:00:00.0;-0.017110541792467977
2018-03-11T17:00:00.0;-0.01928518070527014
2018-03-11T18:00:00.0;-0.020221134893441357
2018-03-11T19:00:00.0;-0.021154957063611143
2018-03-11T20:00:00.0;-0.02121606907373992
2018-03-11T21:00:00.0;-0.018734390089442936
2018-03-11T22:00:00.0;-0.015302758823817592
2018-03-11T23:00:00.0;-0.004896482787737627
2018-03-12T00:00:00.0;-0.008157520529073006
2018-03-12T01:00:00.0;-0.006900257810278372
2018-03-12T02:00:00.0;-0.007477359049361684
2018-03-12T03:00:00.0;-0.007189798517883292
2018-03-12T04:00:00.0;-0.007120629511981496
2018-03-12T05:00:00.0;-0.02842246260195982
2018-03-12T06:00:00.0;-0.03489857961089138
2018-03-12T07:00:00.0;-0.035757331749917756
2018-03-12T08:00:00.0;-0.03488370273297385
2018-03-12T09:00:00.0;-0.03749543743244196
2018-03-12T10:00:00.0;-0.032854241339598945
2018-03-12T11:00:00.0;-0.0320359992898627
2018-03-12T12:00:00.0;-0.03225481861886753
2018-03-12T13:00:00.0;-0.032196920187948015
2018-03-12T14:00:00.0;-0.033352091786786324
2018-03-12T15:00:00.0;-0.03549003829025021
2018-03-12T16:00:00.0;-0.042571006017121334
2018-03-12T17:00:00.0;-0.04462149627076323
2018-03-12T18:00:00.0;-0.04620583794929814
2018-03-12T19:00:00.0;-0.04778812249988639
2018-03-12T20:00:00.0;-0.04827819181543964
2018-03-12T21:00:00.0;-0.046403336684769245
2018-03-12T22:00:00.0;-0.03873105361689592
2018-03-12T23:00:00.0;-0.008376843477410238
2018-03-13T00:00:00.0;-0.00820863015483785
2018-03-13T01:00:00.0;-0.007828840673748248
2018-03-13T02:00:00.0;-0.007536754512275237
2018-03-13T03:00:00.0;-0.0072713140941156355
2018-03-13T04:00:00.0;-0.0071450304224884445
2018-03-13T05:00:00.0;-0.02464635159065828
2018-03-13T06:00:00.0;-0.026571367752423927
2018-03-13T07:00:00.0;-0.0277814979673404
2018-03-13T08:00:00.0;-0.040372131476470056
2018-03-13T09:00:00.0;-0.03835637722546887
2018-03-13T10:00:00.0;-0.03671921554175034
2018-03-13T11:00:00.0;-0.02412584626804907
2018-03-13T12:00:00.0;-0.024202765876837083
2018-03-13T13:00:00.0;-0.024815557568616566
2018-03-13T14:00:00.0;-0.02580529039462904
2018-03-13T15:00:00.0;-0.027457248075948792
2018-03-13T16:00:00.0;-0.029721984408606884
2018-03-13T17:00:00.0;-0.04690159184514346
2018-03-13T18:00:00.0;-0.048232794549737855
2018-03-13T19:00:00.0;-0.049848746771909966
2018-03-13T20:00:00.0;-0.050305144140446276
2018-03-13T21:00:00.0;-0.04838343686085765
2018-03-13T22:00:00.0;-0.030968282702430964
2018-03-13T23:00:00.0;-0.008691298433961672
2018-03-14T00:00:00.0;-0.008198717791879383
2018-03-14T01:00:00.0;-0.013858389539299784
2018-03-14T02:00:00.0;-0.01242918087146091
2018-03-14T03:00:00.0;-0.011939162621379819
2018-03-14T04:00:00.0;-0.01244123179466456
2018-03-14T05:00:00.0;-0.022941940543465298
2018-03-14T06:00:00.0;-0.03144254779616615
2018-03-14T07:00:00.0;-0.03689645131652923
2018-03-14T08:00:00.0;-0.037788080905050994
2018-03-14T09:00:00.0;-0.0363109515691812
2018-03-14T10:00:00.0;-0.03445647912277876
2018-03-14T11:00:00.0;-0.02724738596778562
2018-03-14T12:00:00.0;-0.023223720366705673
2018-03-14T13:00:00.0;-0.01733433860541002
2018-03-14T14:00:00.0;-0.017921767399573695
2018-03-14T15:00:00.0;-0.019017688772526246
2018-03-14T16:00:00.0;-0.026710643714337033
2018-03-14T17:00:00.0;-0.030037113512564127
2018-03-14T18:00:00.0;-0.03846229090156903
2018-03-14T19:00:00.0;-0.039933006407082076
2018-03-14T20:00:00.0;-0.040210464611248914
2018-03-14T21:00:00.0;-0.033716120380415
2018-03-14T22:00:00.0;-0.030496574754497945
2018-03-14T23:00:00.0;-0.013816581210589415
2018-03-15T00:00:00.0;-0.008558163824296361
2018-03-15T01:00:00.0;-0.006789447576087198
2018-03-15T02:00:00.0;-0.0029920552771980163
2018-03-15T03:00:00.0;-0.00412165978074485
2018-03-15T04:00:00.0;-0.007197420592266647
2018-03-15T05:00:00.0;-0.007165309084565519
2018-03-15T06:00:00.0;-0.009761129871491322
2018-03-15T07:00:00.0;-0.029905611352171783
2018-03-15T08:00:00.0;-0.033804491905579354
2018-03-15T09:00:00.0;-0.0326848422008839
2018-03-15T10:00:00.0;-0.029097254416610284
2018-03-15T11:00:00.0;-0.023731072501205614
2018-03-15T12:00:00.0;-0.006003404297352568
2018-03-15T13:00:00.0;-0.006093925593092095
2018-03-15T14:00:00.0;-0.006317470998922525
2018-03-15T15:00:00.0;-0.0067211294181610615
2018-03-15T16:00:00.0;-0.030746336729045996
2018-03-15T17:00:00.0;-0.039665603384701896
2018-03-15T18:00:00.0;-0.041106545289702236
2018-03-15T19:00:00.0;-0.042184593659230954
2018-03-15T20:00:00.0;-0.042202937087806175
2018-03-15T21:00:00.0;-0.01739655782192988
2018-03-15T22:00:00.0;-0.012434266999428524
2018-03-15T23:00:00.0;-0.009106464435702299
2018-03-16T00:00:00.0;-0.00878983230234179
2018-03-16T01:00:00.0;-0.008367002458682736
2018-03-16T02:00:00.0;-0.0047372035524252875
2018-03-16T03:00:00.0;-0.004546306316397266
2018-03-16T04:00:00.0;-0.0074443556020219095
2018-03-16T05:00:00.0;-0.00849414766987154
2018-03-16T06:00:00.0;-0.010248389282272433
2018-03-16T07:00:00.0;-0.030244327871397945
2018-03-16T08:00:00.0;-0.04418289593146509
2018-03-16T09:00:00.0;-0.04278914161666282
2018-03-16T10:00:00.0;-0.04082871182203844
2018-03-16T11:00:00.0;-0.027417245745149782
2018-03-16T12:00:00.0;-0.009952418435439885
2018-03-16T13:00:00.0;-0.009010337286834086
2018-03-16T14:00:00.0;-0.009303742663709676
2018-03-16T15:00:00.0;-0.009820376827222924
2018-03-16T16:00:00.0;-0.030776433918583465
2018-03-16T17:00:00.0;-0.04955689744643902
2018-03-16T18:00:00.0;-0.050892097196297115
2018-03-16T19:00:00.0;-0.051994193696792104
2018-03-16T20:00:00.0;-0.051705425825293305
2018-03-16T21:00:00.0;-0.02784059012358901
2018-03-16T22:00:00.0;-0.011287054944411398
2018-03-16T23:00:00.0;-0.009079827059140655
2018-03-17T00:00:00.0;-0.00838145241957503
2018-03-17T01:00:00.0;-0.004433440829132917
2018-03-17T02:00:00.0;-0.0029562158711517023
2018-03-17T03:00:00.0;-0.005069021275256656
2018-03-17T04:00:00.0;-0.006963296284028482
2018-03-17T05:00:00.0;-0.006838562626924294
2018-03-17T06:00:00.0;-0.007107928903388952
2018-03-17T07:00:00.0;-0.019757189297220833
2018-03-17T08:00:00.0;-0.02018948577441538
2018-03-17T09:00:00.0;-0.025107597396312506
2018-03-17T10:00:00.0;-0.024130462160491358
2018-03-17T11:00:00.0;-0.021196041278930072
2018-03-17T12:00:00.0;-0.009703810467775837
2018-03-17T13:00:00.0;-0.009813062836156957
2018-03-17T14:00:00.0;-0.010166373403262978
2018-03-17T15:00:00.0;-0.010815856864139746
2018-03-17T16:00:00.0;-0.02528170518315061
2018-03-17T17:00:00.0;-0.03073110657187066
2018-03-17T18:00:00.0;-0.031821745002808564
2018-03-17T19:00:00.0;-0.03280666623093306
2018-03-17T20:00:00.0;-0.0331488574966406
2018-03-17T21:00:00.0;-0.017103353761425237
2018-03-17T22:00:00.0;-0.009429255094365947
2018-03-17T23:00:00.0;-0.008916488948851992
2018-03-18T00:00:00.0;-0.007861360245283304
2018-03-18T01:00:00.0;-0.0035980261522024354
2018-03-18T02:00:00.0;-0.0017968446581003255
2018-03-18T03:00:00.0;-0.005283980690159018
2018-03-18T04:00:00.0;-0.006494003400120912
2018-03-18T05:00:00.0;-0.006272849990329832
2018-03-18T06:00:00.0;-0.006361578011920948
2018-03-18T07:00:00.0;-0.014522719305359545
2018-03-18T08:00:00.0;-0.0146477125513593
2018-03-18T09:00:00.0;-0.014261313372156846
2018-03-18T10:00:00.0;-0.0137348742303923
2018-03-18T11:00:00.0;-0.010221912597811196
2018-03-18T12:00:00.0;-0.002833142810571655
2018-03-18T13:00:00.0;-0.00288593623247143
2018-03-18T14:00:00.0;-0.0030299851208628083
2018-03-18T15:00:00.0;-0.0032767486188834422
2018-03-18T16:00:00.0;-0.012909486584759171
2018-03-18T17:00:00.0;-0.01859256844382057
2018-03-18T18:00:00.0;-0.019477085662816057
2018-03-18T19:00:00.0;-0.020341512014663315
2018-03-18T20:00:00.0;-0.020806556768366714
2018-03-18T21:00:00.0;-0.00947697800300468
2018-03-18T22:00:00.0;-0.009021232479677808
2018-03-18T23:00:00.0;-0.008505488372382542
2018-03-19T00:00:00.0;-0.008432335992743656
2018-03-19T01:00:00.0;-0.018755189090340036
2018-03-19T02:00:00.0;-0.016363120322013196
2018-03-19T03:00:00.0;-0.01608670420871646
2018-03-19T04:00:00.0;-0.017196402690839028
2018-03-19T05:00:00.0;-0.022888521708367752
2018-03-19T06:00:00.0;-0.028195048091509103
2018-03-19T07:00:00.0;-0.03805651709680062
2018-03-19T08:00:00.0;-0.03761193844135987
2018-03-19T09:00:00.0;-0.03591218883320601
2018-03-19T10:00:00.0;-0.03076661522142015
2018-03-19T11:00:00.0;-0.01975634696074969
2018-03-19T12:00:00.0;-0.011873127744961548
2018-03-19T13:00:00.0;-0.01199668242973803
2018-03-19T14:00:00.0;-0.012465722754738682
2018-03-19T15:00:00.0;-0.01330493882504111
2018-03-19T16:00:00.0;-0.028243470528217844
2018-03-19T17:00:00.0;-0.030649055685601542
2018-03-19T18:00:00.0;-0.045186347682472844
2018-03-19T19:00:00.0;-0.046649968460718644
2018-03-19T20:00:00.0;-0.047030545844028666
2018-03-19T21:00:00.0;-0.03575909597836963
2018-03-19T22:00:00.0;-0.034186161992347995
2018-03-19T23:00:00.0;-0.02105214179069195
2018-03-20T00:00:00.0;-0.008254704973088655
2018-03-20T01:00:00.0;-0.015282790163910204
2018-03-20T02:00:00.0;-0.013920219102882702
2018-03-20T03:00:00.0;-0.013959055681601435
2018-03-20T04:00:00.0;-0.014471884015879751
2018-03-20T05:00:00.0;-0.025461040826319153
2018-03-20T06:00:00.0;-0.029505112906608982
2018-03-20T07:00:00.0;-0.03504306626395859
2018-03-20T08:00:00.0;-0.03440134790095538
2018-03-20T09:00:00.0;-0.0335169705191574
2018-03-20T10:00:00.0;-0.029894466547252724
2018-03-20T11:00:00.0;-0.02141504900153426
2018-03-20T12:00:00.0;-0.0172180652894262
2018-03-20T13:00:00.0;-0.01744897776562677
2018-03-20T14:00:00.0;-0.018145872213769447
2018-03-20T15:00:00.0;-0.019392589767891787
2018-03-20T16:00:00.0;-0.029068385649829467
2018-03-20T17:00:00.0;-0.031545010344342615
2018-03-20T18:00:00.0;-0.04252784169919542
2018-03-20T19:00:00.0;-0.0440674714753497
2018-03-20T20:00:00.0;-0.0446568269468193
2018-03-20T21:00:00.0;-0.038166110172187115
2018-03-20T22:00:00.0;-0.03551587564273579
2018-03-20T23:00:00.0;-0.017665124609543045
2018-03-21T00:00:00.0;-0.008115297006828939
2018-03-21T01:00:00.0;-0.009883070143168395
2018-03-21T02:00:00.0;-0.009421889553173317
2018-03-21T03:00:00.0;-0.009073428226561216
2018-03-21T04:00:00.0;-0.008974450638389876
2018-03-21T05:00:00.0;-0.026032809351674898
2018-03-21T06:00:00.0;-0.031174908998723393
2018-03-21T07:00:00.0;-0.03252161296309161
2018-03-21T08:00:00.0;-0.03854833441677564
2018-03-21T09:00:00.0;-0.036729080952001725
2018-03-21T10:00:00.0;-0.03548278564773181
2018-03-21T11:00:00.0;-0.026782446698899776
2018-03-21T12:00:00.0;-0.02664934764602998
2018-03-21T13:00:00.0;-0.0239427925247286
2018-03-21T14:00:00.0;-0.024837562630986226
2018-03-21T15:00:00.0;-0.026412488091657377
2018-03-21T16:00:00.0;-0.02910575473603966
2018-03-21T17:00:00.0;-0.03873040044922584
2018-03-21T18:00:00.0;-0.04260760073041816
2018-03-21T19:00:00.0;-0.044223064612010574
2018-03-21T20:00:00.0;-0.044682403364834915
2018-03-21T21:00:00.0;-0.042762941272509444
2018-03-21T22:00:00.0;-0.032762774068740126
2018-03-21T23:00:00.0;-0.010173194040068988
2018-03-22T00:00:00.0;-0.008568858104321312
2018-03-22T01:00:00.0;-0.005406024426221571
2018-03-22T02:00:00.0;-0.007742443961023417
2018-03-22T03:00:00.0;-0.007489756385064274
2018-03-22T04:00:00.0;-0.007326276889714158
2018-03-22T05:00:00.0;-0.020212108424953763
2018-03-22T06:00:00.0;-0.021631232540791686
2018-03-22T07:00:00.0;-0.02291952554953299
2018-03-22T08:00:00.0;-0.027190918644411238
2018-03-22T09:00:00.0;-0.04042309890870355
2018-03-22T10:00:00.0;-0.03883625453686424
2018-03-22T11:00:00.0;-0.033963328509979726
2018-03-22T12:00:00.0;-0.03367620729259505
2018-03-22T13:00:00.0;-0.034053335980394915
2018-03-22T14:00:00.0;-0.03498060848743906
2018-03-22T15:00:00.0;-0.0367624708199407
2018-03-22T16:00:00.0;-0.0397551951988879
2018-03-22T17:00:00.0;-0.04727940168469325
2018-03-22T18:00:00.0;-0.04837930479973005
2018-03-22T19:00:00.0;-0.049596543451049795
2018-03-22T20:00:00.0;-0.04995009204282723
2018-03-22T21:00:00.0;-0.04843635604191749
2018-03-22T22:00:00.0;-0.025406681362413405
2018-03-22T23:00:00.0;-0.00892875705256364
2018-03-23T00:00:00.0;-0.008342074874470506
2018-03-23T01:00:00.0;-0.011021467967694801
2018-03-23T02:00:00.0;-0.010613217431718261
2018-03-23T03:00:00.0;-0.01025239652912002
2018-03-23T04:00:00.0;-0.00996139701565172
2018-03-23T05:00:00.0;-0.016552021271152413
2018-03-23T06:00:00.0;-0.019586892418581962
2018-03-23T07:00:00.0;-0.020827495183778987
2018-03-23T08:00:00.0;-0.04059139536028682
2018-03-23T09:00:00.0;-0.03902312938907507
2018-03-23T10:00:00.0;-0.03717937244679045
2018-03-23T11:00:00.0;-0.015636809641256574
2018-03-23T12:00:00.0;-0.015562374223129213
2018-03-23T13:00:00.0;-0.014133721268242425
2018-03-23T14:00:00.0;-0.014694090008601505
2018-03-23T15:00:00.0;-0.015580081709710912
2018-03-23T16:00:00.0;-0.016855291128925764
2018-03-23T17:00:00.0;-0.041637675637691066
2018-03-23T18:00:00.0;-0.0467430837543092
2018-03-23T19:00:00.0;-0.048173644489056845
2018-03-23T20:00:00.0;-0.048338412193416516
2018-03-23T21:00:00.0;-0.04689726443029969
2018-03-23T22:00:00.0;-0.021571194231481173
2018-03-23T23:00:00.0;-0.011928871303838304
2018-03-24T00:00:00.0;-0.007920561321469828
2018-03-24T01:00:00.0;-0.007576365515606989
2018-03-24T02:00:00.0;-0.007273902140745947
2018-03-24T03:00:00.0;-0.006997675064925556
2018-03-24T04:00:00.0;-0.006925936674222984
2018-03-24T05:00:00.0;-0.02749864245621476
2018-03-24T06:00:00.0;-0.0381903370296648
2018-03-24T07:00:00.0;-0.038591776319676536
2018-03-24T08:00:00.0;-0.03732135476730977
2018-03-24T09:00:00.0;-0.03522282055030727
2018-03-24T10:00:00.0;-0.03060978383087167
2018-03-24T11:00:00.0;-0.0300659735179329
2018-03-24T12:00:00.0;-0.030507832137388585
2018-03-24T13:00:00.0;-0.026674671630749405
2018-03-24T14:00:00.0;-0.027694523732044143
2018-03-24T15:00:00.0;-0.02956294995548472
2018-03-24T16:00:00.0;-0.03674445960388574
2018-03-24T17:00:00.0;-0.03837979768904142
2018-03-24T18:00:00.0;-0.04003942317891947
2018-03-24T19:00:00.0;-0.04166570039757032
2018-03-24T20:00:00.0;-0.042037230988462196
2018-03-24T21:00:00.0;-0.04035962623043933
2018-03-24T22:00:00.0;-0.03836028474548347
2018-03-24T23:00:00.0;-0.007301419229009663
2018-03-25T00:00:00.0;-0.007824887802730027
2018-03-25T01:00:00.0;-0.007478346167718193
2018-03-25T02:00:00.0;-0.00715681942689492
2018-03-25T03:00:00.0;-0.0068644895443670745
2018-03-25T04:00:00.0;-0.006718097267603513
2018-03-25T05:00:00.0;-0.02214190540916913
2018-03-25T06:00:00.0;-0.035114346047268
2018-03-25T07:00:00.0;-0.03546783351351189
2018-03-25T08:00:00.0;-0.03477980869328901
2018-03-25T09:00:00.0;-0.033513641238555464
2018-03-25T10:00:00.0;-0.03300648303904654
2018-03-25T11:00:00.0;-0.032840748541324
2018-03-25T12:00:00.0;-0.033399056265804944
2018-03-25T13:00:00.0;-0.022188985313721935
2018-03-25T14:00:00.0;-0.022875493406334695
2018-03-25T15:00:00.0;-0.02422343443093475
2018-03-25T16:00:00.0;-0.026628035026806003
2018-03-25T17:00:00.0;-0.028048851188261472
2018-03-25T18:00:00.0;-0.02924497806444013
2018-03-25T19:00:00.0;-0.030604140999151826
2018-03-25T20:00:00.0;-0.030808008329677977
2018-03-25T21:00:00.0;-0.029773936003410616
2018-03-25T22:00:00.0;-0.02829609062236616
2018-03-25T23:00:00.0;-0.005527842416116717
2018-03-26T00:00:00.0;-0.007966846353224461
2018-03-26T01:00:00.0;-0.007627067438656648
2018-03-26T02:00:00.0;-0.007346120101767131
2018-03-26T03:00:00.0;-0.007085068015605008
2018-03-26T04:00:00.0;-0.007056758793846998
2018-03-26T05:00:00.0;-0.0277301200134824
2018-03-26T06:00:00.0;-0.04020549100032851
2018-03-26T07:00:00.0;-0.040596419773725
2018-03-26T08:00:00.0;-0.03894902169992745
2018-03-26T09:00:00.0;-0.036257011064076465
2018-03-26T10:00:00.0;-0.025942106752017836
2018-03-26T11:00:00.0;-0.025245004554645088
2018-03-26T12:00:00.0;-0.025553669948437396
2018-03-26T13:00:00.0;-0.026204871249078804
2018-03-26T14:00:00.0;-0.027369045582074696
2018-03-26T15:00:00.0;-0.02939990925994142
2018-03-26T16:00:00.0;-0.04300951996450099
2018-03-26T17:00:00.0;-0.044794366679135375
2018-03-26T18:00:00.0;-0.04707416556344096
2018-03-26T19:00:00.0;-0.048737816234620424
2018-03-26T20:00:00.0;-0.0490232410144399
2018-03-26T21:00:00.0;-0.04684319595195334
2018-03-26T22:00:00.0;-0.04449850355640555
2018-03-26T23:00:00.0;-0.008382953475074348
2018-03-27T00:00:00.0;-0.008100653705227825
2018-03-27T01:00:00.0;-0.007702540105488241
2018-03-27T02:00:00.0;-0.007434326892708928
2018-03-27T03:00:00.0;-0.007161770224503144
2018-03-27T04:00:00.0;-0.0070891995015589255
2018-03-27T05:00:00.0;-0.03116632483683454
2018-03-27T06:00:00.0;-0.03353333528812972
2018-03-27T07:00:00.0;-0.03447528353281798
2018-03-27T08:00:00.0;-0.03927144068200699
2018-03-27T09:00:00.0;-0.037238697875566724
2018-03-27T10:00:00.0;-0.03589712692279614
2018-03-27T11:00:00.0;-0.02988894536715369
2018-03-27T12:00:00.0;-0.030174094729537304
2018-03-27T13:00:00.0;-0.030892090180981612
2018-03-27T14:00:00.0;-0.032098648501532455
2018-03-27T15:00:00.0;-0.03422783922547862
2018-03-27T16:00:00.0;-0.037126389304299234
2018-03-27T17:00:00.0;-0.045682925472552906
2018-03-27T18:00:00.0;-0.047002180485568326
2018-03-27T19:00:00.0;-0.048756422293534656
2018-03-27T20:00:00.0;-0.04944828421077171
2018-03-27T21:00:00.0;-0.04746955020067962
2018-03-27T22:00:00.0;-0.038256316272399504
2018-03-27T23:00:00.0;-0.008515757694206644
2018-03-28T00:00:00.0;-0.008097930774743625
2018-03-28T01:00:00.0;-0.0076553186459278975
2018-03-28T02:00:00.0;-0.007420572392935401
2018-03-28T03:00:00.0;-0.0071466212747201266
2018-03-28T04:00:00.0;-0.007087891891102365
2018-03-28T05:00:00.0;-0.0317061788887663
2018-03-28T06:00:00.0;-0.03410360809810057
2018-03-28T07:00:00.0;-0.03507298449875234
2018-03-28T08:00:00.0;-0.03898412586611257
2018-03-28T09:00:00.0;-0.03718466406667889
2018-03-28T10:00:00.0;-0.03587180143714992
2018-03-28T11:00:00.0;-0.03062537580908086
2018-03-28T12:00:00.0;-0.03087862345167726
2018-03-28T13:00:00.0;-0.03160006375058672
2018-03-28T14:00:00.0;-0.032823806471431446
2018-03-28T15:00:00.0;-0.03500033165061192
2018-03-28T16:00:00.0;-0.0380314153663435
2018-03-28T17:00:00.0;-0.04559002032926824
2018-03-28T18:00:00.0;-0.046904250967790495
2018-03-28T19:00:00.0;-0.048664110254464626
2018-03-28T20:00:00.0;-0.049375298708874464
2018-03-28T21:00:00.0;-0.04733263541388334
2018-03-28T22:00:00.0;-0.03883400452195361
2018-03-28T23:00:00.0;-0.008504378869265807
2018-03-29T00:00:00.0;-0.008104197557640835
2018-03-29T01:00:00.0;-0.009942854851956657
2018-03-29T02:00:00.0;-0.009877909029601842
2018-03-29T03:00:00.0;-0.00950967927248747
2018-03-29T04:00:00.0;-0.009437371900281979
2018-03-29T05:00:00.0;-0.03220123047976147
2018-03-29T06:00:00.0;-0.037765575550477895
2018-03-29T07:00:00.0;-0.03842044173760566
2018-03-29T08:00:00.0;-0.03717820147208517
2018-03-29T09:00:00.0;-0.03675880141233711
2018-03-29T10:00:00.0;-0.03260284627591938
2018-03-29T11:00:00.0;-0.029546303291756122
2018-03-29T12:00:00.0;-0.029828061585651443
2018-03-29T13:00:00.0;-0.03041267374544822
2018-03-29T14:00:00.0;-0.03159319973197588
2018-03-29T15:00:00.0;-0.03373861252329438
2018-03-29T16:00:00.0;-0.04018394022737173
2018-03-29T17:00:00.0;-0.041885244960847494
2018-03-29T18:00:00.0;-0.04648874964872746
2018-03-29T19:00:00.0;-0.04821470980328469
2018-03-29T20:00:00.0;-0.04887454410251047
2018-03-29T21:00:00.0;-0.04709881259600753
2018-03-29T22:00:00.0;-0.04271504357885658
2018-03-29T23:00:00.0;-0.011260428872285967
2018-03-30T00:00:00.0;-0.00790709609811568
2018-03-30T01:00:00.0;-0.005784280306523802
2018-03-30T02:00:00.0;-0.005554651388259495
2018-03-30T03:00:00.0;-0.0069633481365382185
2018-03-30T04:00:00.0;-0.006708993400297898
2018-03-30T05:00:00.0;-0.01278020806161577
2018-03-30T06:00:00.0;-0.016712304600249316
2018-03-30T07:00:00.0;-0.01731685354683365
2018-03-30T08:00:00.0;-0.026569639354371885
2018-03-30T09:00:00.0;-0.02565601345893849
2018-03-30T10:00:00.0;-0.024668288316488533
2018-03-30T11:00:00.0;-0.014129465129532701
2018-03-30T12:00:00.0;-0.014096045452894506
2018-03-30T13:00:00.0;-0.011177370396866386
2018-03-30T14:00:00.0;-0.011670290717476975
2018-03-30T15:00:00.0;-0.01247893862756004
2018-03-30T16:00:00.0;-0.013722041573734961
2018-03-30T17:00:00.0;-0.028521592911711496
2018-03-30T18:00:00.0;-0.02968391226606051
2018-03-30T19:00:00.0;-0.030909975921673428
2018-03-30T20:00:00.0;-0.03131758443840454
2018-03-30T21:00:00.0;-0.030731804165306065
2018-03-30T22:00:00.0;-0.01728568969679374
2018-03-30T23:00:00.0;-0.007704776942453353
2018-03-31T00:00:00.0;-0.007743361788179697
2018-03-31T01:00:00.0;-0.0056238830658218945
2018-03-31T02:00:00.0;-0.005412110929264547
2018-03-31T03:00:00.0;-0.006866549114294722
2018-03-31T04:00:00.0;-0.006721254271889236
2018-03-31T05:00:00.0;-0.016011013782857835
2018-03-31T06:00:00.0;-0.02699505293641296
2018-03-31T07:00:00.0;-0.027070420557348998
2018-03-31T08:00:00.0;-0.026177961003981544
2018-03-31T09:00:00.0;-0.024583337906564535
2018-03-31T10:00:00.0;-0.014743073765577007
2018-03-31T11:00:00.0;-0.012858576303183813
2018-03-31T12:00:00.0;-0.012908778192769673
2018-03-31T13:00:00.0;-0.01325489362629524
2018-03-31T14:00:00.0;-0.013953233191407581
2018-03-31T15:00:00.0;-0.015117350424793313
2018-03-31T16:00:00.0;-0.027807913676155472
2018-03-31T17:00:00.0;-0.03148048642496444
2018-03-31T18:00:00.0;-0.03346880100274652
2018-03-31T19:00:00.0;-0.03481046703510181
2018-03-31T20:00:00.0;-0.03517699911011423
2018-03-31T21:00:00.0;-0.03425966301026869
2018-03-31T22:00:00.0;-0.0325682918933773
2018-03-31T23:00:00.0;-0.008281494388582097
2018-04-01T00:00:00.0;-0.0077939228245104
2018-04-01T01:00:00.0;-0.006945123314667771
2018-04-01T02:00:00.0;-0.006646987389059049
2018-04-01T03:00:00.0;-0.0068378248046222145
2018-04-01T04:00:00.0;-0.006680346360713177
2018-04-01T05:00:00.0;-0.02163532788727706
2018-04-01T06:00:00.0;-0.032320403111238634
2018-04-01T07:00:00.0;-0.032600854453741814
2018-04-01T08:00:00.0;-0.03193570548694237
2018-04-01T09:00:00.0;-0.030719775360586548
2018-04-01T10:00:00.0;-0.03016843098556305
2018-04-01T11:00:00.0;-0.029507977275276095
2018-04-01T12:00:00.0;-0.029941926183455304
2018-04-01T13:00:00.0;-0.0209888592762578
2018-04-01T14:00:00.0;-0.021704451222152088
2018-04-01T15:00:00.0;-0.023067029582391412
2018-04-01T16:00:00.0;-0.025395782241729153
2018-04-01T17:00:00.0;-0.02736603146592336
2018-04-01T18:00:00.0;-0.028540698553735446
2018-04-01T19:00:00.0;-0.02988508257616233
2018-04-01T20:00:00.0;-0.030199928221610738
2018-04-01T21:00:00.0;-0.029301962166407618
2018-04-01T22:00:00.0;-0.027861597913621337
2018-04-01T23:00:00.0;-0.006007644957258898
2018-04-02T00:00:00.0;-0.007579482964800556
2018-04-02T01:00:00.0;-0.005801384032910969
2018-04-02T02:00:00.0;-0.005540063911072794
2018-04-02T03:00:00.0;-0.006610486595644005
2018-04-02T04:00:00.0;-0.006323499141278844
2018-04-02T05:00:00.0;-0.009471561375817453
2018-04-02T06:00:00.0;-0.023823421001160725
2018-04-02T07:00:00.0;-0.023878080899194843
2018-04-02T08:00:00.0;-0.023881282595049617
2018-04-02T09:00:00.0;-0.023581684791644693
2018-04-02T10:00:00.0;-0.023388434896983834
2018-04-02T11:00:00.0;-0.022306807332263374
2018-04-02T12:00:00.0;-0.022554617775404698
2018-04-02T13:00:00.0;-0.00827909641187891
2018-04-02T14:00:00.0;-0.008552532147453678
2018-04-02T15:00:00.0;-0.009074167360746765
2018-04-02T16:00:00.0;-0.010143386934729486
2018-04-02T17:00:00.0;-0.012534198763291458
2018-04-02T18:00:00.0;-0.01324061206013383
2018-04-02T19:00:00.0;-0.013950150770582427
2018-04-02T20:00:00.0;-0.01404754236997684
2018-04-02T21:00:00.0;-0.013850114203988649
2018-04-02T22:00:00.0;-0.013167433424850354
2018-04-02T23:00:00.0;-0.004462894033618163
2018-04-03T00:00:00.0;-0.008033258231427184
2018-04-03T01:00:00.0;-0.0054763186894214435
2018-04-03T02:00:00.0;-0.004933867408507757
2018-04-03T03:00:00.0;-0.006762686579484539
2018-04-03T04:00:00.0;-0.00679302894856124
2018-04-03T05:00:00.0;-0.009720095468001838
2018-04-03T06:00:00.0;-0.010187362291874908
2018-04-03T07:00:00.0;-0.012472680254453878
2018-04-03T08:00:00.0;-0.025478468925387687
2018-04-03T09:00:00.0;-0.024610178246580048
2018-04-03T10:00:00.0;-0.023451601745175805
2018-04-03T11:00:00.0;-0.009274271447506359
2018-04-03T12:00:00.0;-0.0076136654346757125
2018-04-03T13:00:00.0;-0.007808960051472891
2018-04-03T14:00:00.0;-0.008177585546705583
2018-04-03T15:00:00.0;-0.008760186044093612
2018-04-03T16:00:00.0;-0.011575496461304131
2018-04-03T17:00:00.0;-0.031140183037258046
2018-04-03T18:00:00.0;-0.032327594386771276
2018-04-03T19:00:00.0;-0.033529144036247925
2018-04-03T20:00:00.0;-0.03397751532015137
2018-04-03T21:00:00.0;-0.031182964229240513
2018-04-03T22:00:00.0;-0.013336957648478615
2018-04-03T23:00:00.0;-0.008670976882985893
2018-04-04T00:00:00.0;-0.008119338227020304
2018-04-04T01:00:00.0;-0.007216841259724229
2018-04-04T02:00:00.0;-0.005988257433878455
2018-04-04T03:00:00.0;-0.006248728850793079
2018-04-04T04:00:00.0;-0.007039284402239747
2018-04-04T05:00:00.0;-0.02879502475938761
2018-04-04T06:00:00.0;-0.03073442929596091
2018-04-04T07:00:00.0;-0.036812908069107544
2018-04-04T08:00:00.0;-0.035927096879008226
2018-04-04T09:00:00.0;-0.03401004990467306
2018-04-04T10:00:00.0;-0.032906009632712514
2018-04-04T11:00:00.0;-0.031599042080618436
2018-04-04T12:00:00.0;-0.027150180601304752
2018-04-04T13:00:00.0;-0.027701693643488765
2018-04-04T14:00:00.0;-0.02876183533501944
2018-04-04T15:00:00.0;-0.03072054669754805
2018-04-04T16:00:00.0;-0.0390964874995729
2018-04-04T17:00:00.0;-0.041858139850596374
2018-04-04T18:00:00.0;-0.04315988007830937
2018-04-04T19:00:00.0;-0.044801328082149476
2018-04-04T20:00:00.0;-0.04549529126918961
2018-04-04T21:00:00.0;-0.03775530088375548
2018-04-04T22:00:00.0;-0.035902163935865226
2018-04-04T23:00:00.0;-0.008530698802655608
2018-04-05T00:00:00.0;-0.008072535947982722
2018-04-05T01:00:00.0;-0.005797471777203939
2018-04-05T02:00:00.0;-0.004049147751591366
2018-04-05T03:00:00.0;-0.005631946109098939
2018-04-05T04:00:00.0;-0.006853653816659401
2018-04-05T05:00:00.0;-0.017845630964768235
2018-04-05T06:00:00.0;-0.018708810068933525
2018-04-05T07:00:00.0;-0.02736141627065782
2018-04-05T08:00:00.0;-0.027120815437088424
2018-04-05T09:00:00.0;-0.025984743663661547
2018-04-05T10:00:00.0;-0.025083261612352477
2018-04-05T11:00:00.0;-0.02275795524873019
2018-04-05T12:00:00.0;-0.015495861383042216
2018-04-05T13:00:00.0;-0.01578915538987624
2018-04-05T14:00:00.0;-0.01644773889664575
2018-04-05T15:00:00.0;-0.017631576914125792
2018-04-05T16:00:00.0;-0.02821125337425711
2018-04-05T17:00:00.0;-0.03256049472376609
2018-04-05T18:00:00.0;-0.033765349152052794
2018-04-05T19:00:00.0;-0.03508534214444417
2018-04-05T20:00:00.0;-0.035674713668655135
2018-04-05T21:00:00.0;-0.024824993612195364
2018-04-05T22:00:00.0;-0.02360742439848087
2018-04-05T23:00:00.0;-0.008581231236871815
2018-04-06T00:00:00.0;-0.007973702230838485
2018-04-06T01:00:00.0;-0.01695193971894075
2018-04-06T02:00:00.0;-0.016197433262997295
2018-04-06T03:00:00.0;-0.01676587461736083
2018-04-06T04:00:00.0;-0.0160946113402836
2018-04-06T05:00:00.0;-0.015778921585021803
2018-04-06T06:00:00.0;-0.023612460903541018
2018-04-06T07:00:00.0;-0.024070297098446495
2018-04-06T08:00:00.0;-0.027193893787783006
2018-04-06T09:00:00.0;-0.026559053729521442
2018-04-06T10:00:00.0;-0.025857391504057692
2018-04-06T11:00:00.0;-0.012564439053899734
2018-04-06T12:00:00.0;-0.012537096565772801
2018-04-06T13:00:00.0;-0.005267384966994613
2018-04-06T14:00:00.0;-0.005474625048369736
2018-04-06T15:00:00.0;-0.00583381271911013
2018-04-06T16:00:00.0;-0.006439647639378103
2018-04-06T17:00:00.0;-0.012490763855125514
2018-04-06T18:00:00.0;-0.02552978116387727
2018-04-06T19:00:00.0;-0.026714091015773638
2018-04-06T20:00:00.0;-0.027085324361477113
2018-04-06T21:00:00.0;-0.027103239062104368
2018-04-06T22:00:00.0;-0.02158788378675046
2018-04-06T23:00:00.0;-0.018506866708716856
2018-04-07T00:00:00.0;-0.007517852498012574
2018-04-07T01:00:00.0;-0.003682334378258614
2018-04-07T02:00:00.0;-0.0035390153375078194
2018-04-07T03:00:00.0;-0.006641440644486169
2018-04-07T04:00:00.0;-0.006376915619208112
2018-04-07T05:00:00.0;-0.006317082405473603
2018-04-07T06:00:00.0;-0.015513551017946213
2018-04-07T07:00:00.0;-0.015426354030017474
2018-04-07T08:00:00.0;-0.015071521476529232
2018-04-07T09:00:00.0;-0.014319398492265547
2018-04-07T10:00:00.0;-0.005711969059723429
2018-04-07T11:00:00.0;-0.002843034164124671
2018-04-07T12:00:00.0;-0.0028243897336491415
2018-04-07T13:00:00.0;-0.0029037735287267274
2018-04-07T14:00:00.0;-0.003085056072240483
2018-04-07T15:00:00.0;-0.0033758113187123003
2018-04-07T16:00:00.0;-0.014121535742652519
2018-04-07T17:00:00.0;-0.01912960905833418
2018-04-07T18:00:00.0;-0.02056732021419454
2018-04-07T19:00:00.0;-0.02151138489963381
2018-04-07T20:00:00.0;-0.02187405991610535
2018-04-07T21:00:00.0;-0.021748955373651336
2018-04-07T22:00:00.0;-0.020694414379636126
2018-04-07T23:00:00.0;-0.00817581846887613
2018-04-08T00:00:00.0;-0.007903772432738076
2018-04-08T01:00:00.0;-0.007199780056935572
2018-04-08T02:00:00.0;-0.0069006496102399974
2018-04-08T03:00:00.0;-0.006960179516224693
2018-04-08T04:00:00.0;-0.006876329463888362
2018-04-08T05:00:00.0;-0.030081301906542658
2018-04-08T06:00:00.0;-0.03566863549753429
2018-04-08T07:00:00.0;-0.036052674701378205
2018-04-08T08:00:00.0;-0.03489980182611443
2018-04-08T09:00:00.0;-0.03303980012695204
2018-04-08T10:00:00.0;-0.032180567274572094
2018-04-08T11:00:00.0;-0.031337203033769655
2018-04-08T12:00:00.0;-0.03179532146737467
2018-04-08T13:00:00.0;-0.02895888721064001
2018-04-08T14:00:00.0;-0.030050739472257417
2018-04-08T15:00:00.0;-0.032076905768189695
2018-04-08T16:00:00.0;-0.03505520969056081
2018-04-08T17:00:00.0;-0.037001107149138526
2018-04-08T18:00:00.0;-0.038297575080440474
2018-04-08T19:00:00.0;-0.039970927882708306
2018-04-08T20:00:00.0;-0.040628967622462056
2018-04-08T21:00:00.0;-0.03917444267146445
2018-04-08T22:00:00.0;-0.03727239426345867
2018-04-08T23:00:00.0;-0.007498839732199216
2018-04-09T00:00:00.0;-0.007945218862575364
2018-04-09T01:00:00.0;-0.007286093609732275
2018-04-09T02:00:00.0;-0.006988270465554672
2018-04-09T03:00:00.0;-0.006997820312980469
2018-04-09T04:00:00.0;-0.00686989408674287
2018-04-09T05:00:00.0;-0.02479558959033408
2018-04-09T06:00:00.0;-0.031865199217323927
2018-04-09T07:00:00.0;-0.03252705284436991
2018-04-09T08:00:00.0;-0.035224782316878214
2018-04-09T09:00:00.0;-0.03360657442697227
2018-04-09T10:00:00.0;-0.03267048530555132
2018-04-09T11:00:00.0;-0.028735732607072104
2018-04-09T12:00:00.0;-0.02905713366212167
2018-04-09T13:00:00.0;-0.024304081479228967
2018-04-09T14:00:00.0;-0.02519698855226638
2018-04-09T15:00:00.0;-0.026816753712614588
2018-04-09T16:00:00.0;-0.029310552882170157
2018-04-09T17:00:00.0;-0.035435675141081334
2018-04-09T18:00:00.0;-0.03672294024567662
2018-04-09T19:00:00.0;-0.03826569530773817
2018-04-09T20:00:00.0;-0.03870853456445402
2018-04-09T21:00:00.0;-0.03738916791377171
2018-04-09T22:00:00.0;-0.03135421230696155
2018-04-09T23:00:00.0;-0.007154214052181118
2018-04-10T00:00:00.0;-0.00786765605351527
2018-04-10T01:00:00.0;-0.005072997000340264
2018-04-10T02:00:00.0;-0.00487217504178586
2018-04-10T03:00:00.0;-0.006930700077856822
2018-04-10T04:00:00.0;-0.006669063314618206
2018-04-10T05:00:00.0;-0.01301308008666336
2018-04-10T06:00:00.0;-0.013563598978462944
2018-04-10T07:00:00.0;-0.01401698184912674
2018-04-10T08:00:00.0;-0.022895395383385843
2018-04-10T09:00:00.0;-0.02202399116131498
2018-04-10T10:00:00.0;-0.021079159244037977
2018-04-10T11:00:00.0;-0.010414205811951927
2018-04-10T12:00:00.0;-0.010356157158178505
2018-04-10T13:00:00.0;-0.010626597525347108
2018-04-10T14:00:00.0;-0.011148879745946664
2018-04-10T15:00:00.0;-0.011989276519217676
2018-04-10T16:00:00.0;-0.013206078178191222
2018-04-10T17:00:00.0;-0.02824077797172421
2018-04-10T18:00:00.0;-0.0293865035079384
2018-04-10T19:00:00.0;-0.030622156674800404
2018-04-10T20:00:00.0;-0.031210390011817656
2018-04-10T21:00:00.0;-0.030774278401063303
2018-04-10T22:00:00.0;-0.017718037324840057
2018-04-10T23:00:00.0;-0.008481568901427644
2018-04-11T00:00:00.0;-0.008015024016298755
2018-04-11T01:00:00.0;-0.0064148299302169325
2018-04-11T02:00:00.0;-0.005273650339995908
2018-04-11T03:00:00.0;-0.006190815104201533
2018-04-11T04:00:00.0;-0.006790545763741235
2018-04-11T05:00:00.0;-0.014217772119721441
2018-04-11T06:00:00.0;-0.0206662742011076
2018-04-11T07:00:00.0;-0.02599519279148647
2018-04-11T08:00:00.0;-0.02988551532045036
2018-04-11T09:00:00.0;-0.02890638831658598
2018-04-11T10:00:00.0;-0.028018639703537823
2018-04-11T11:00:00.0;-0.02275117690684262
2018-04-11T12:00:00.0;-0.01852076172514784
2018-04-11T13:00:00.0;-0.013180773031195015
2018-04-11T14:00:00.0;-0.013676281647508068
2018-04-11T15:00:00.0;-0.014560706085754587
2018-04-11T16:00:00.0;-0.021186220696011657
2018-04-11T17:00:00.0;-0.02922187153131637
2018-04-11T18:00:00.0;-0.030398041049264427
2018-04-11T19:00:00.0;-0.03161801764486509
2018-04-11T20:00:00.0;-0.031899525412526386
2018-04-11T21:00:00.0;-0.025274266368161886
2018-04-11T22:00:00.0;-0.01899565214454415
2018-04-11T23:00:00.0;-0.007184939141676857
2018-04-12T00:00:00.0;-0.008096318254622151
2018-04-12T01:00:00.0;-0.006105141185107815
2018-04-12T02:00:00.0;-0.005659153838343135
2018-04-12T03:00:00.0;-0.006942574903876695
2018-04-12T04:00:00.0;-0.006895162904511952
2018-04-12T05:00:00.0;-0.012401612853393284
2018-04-12T06:00:00.0;-0.013109653865306397
2018-04-12T07:00:00.0;-0.014976457113537206
2018-04-12T08:00:00.0;-0.029339874222868028
2018-04-12T09:00:00.0;-0.028239126952170814
2018-04-12T10:00:00.0;-0.026909185089324068
2018-04-12T11:00:00.0;-0.011879833591470436
2018-04-12T12:00:00.0;-0.010752830370280417
2018-04-12T13:00:00.0;-0.011031627041451542
2018-04-12T14:00:00.0;-0.011531424102743165
2018-04-12T15:00:00.0;-0.012324130663571879
2018-04-12T16:00:00.0;-0.014754166061043824
2018-04-12T17:00:00.0;-0.03537239937868895
2018-04-12T18:00:00.0;-0.03662197109505441
2018-04-12T19:00:00.0;-0.037922709030573945
2018-04-12T20:00:00.0;-0.038353886576915075
2018-04-12T21:00:00.0;-0.03606981596282677
2018-04-12T22:00:00.0;-0.016676132852973025
2018-04-12T23:00:00.0;-0.008705127633223347
2018-04-13T00:00:00.0;-0.007998034703334753
2018-04-13T01:00:00.0;-0.007649427684478346
2018-04-13T02:00:00.0;-0.007338778495472674
2018-04-13T03:00:00.0;-0.007061399917719939
2018-04-13T04:00:00.0;-0.007036068409287923
2018-04-13T05:00:00.0;-0.03692885627661069
2018-04-13T06:00:00.0;-0.039671233360246604
2018-04-13T07:00:00.0;-0.04017429592558115
2018-04-13T08:00:00.0;-0.03861468598005471
2018-04-13T09:00:00.0;-0.03620860734733662
2018-04-13T10:00:00.0;-0.035121161497632974
2018-04-13T11:00:00.0;-0.034373810642583824
2018-04-13T12:00:00.0;-0.034910293979509455
2018-04-13T13:00:00.0;-0.03570710207406358
2018-04-13T14:00:00.0;-0.037087764937961745
2018-04-13T15:00:00.0;-0.03963804933558802
2018-04-13T16:00:00.0;-0.04307415200983419
2018-04-13T17:00:00.0;-0.044607520898626324
2018-04-13T18:00:00.0;-0.04592246451931639
2018-04-13T19:00:00.0;-0.04780606964692652
2018-04-13T20:00:00.0;-0.048704067059308985
2018-04-13T21:00:00.0;-0.046666675922064776
2018-04-13T22:00:00.0;-0.04441062346374887
2018-04-13T23:00:00.0;-0.008357996738395927
2018-04-14T00:00:00.0;-0.0077413739182223985
2018-04-14T01:00:00.0;-0.005765942686248976
2018-04-14T02:00:00.0;-0.005521089995890344
2018-04-14T03:00:00.0;-0.006798289917183482
2018-04-14T04:00:00.0;-0.006628240833366157
2018-04-14T05:00:00.0;-0.021782121498882336
2018-04-14T06:00:00.0;-0.026511807368242334
2018-04-14T07:00:00.0;-0.02666379649573605
2018-04-14T08:00:00.0;-0.02599576797762031
2018-04-14T09:00:00.0;-0.024824040606849295
2018-04-14T10:00:00.0;-0.0240472941435832
2018-04-14T11:00:00.0;-0.022309407085866286
2018-04-14T12:00:00.0;-0.022511590468209376
2018-04-14T13:00:00.0;-0.019519443533298615
2018-04-14T14:00:00.0;-0.02035148864498091
2018-04-14T15:00:00.0;-0.021839422867825684
2018-04-14T16:00:00.0;-0.024253580220917927
2018-04-14T17:00:00.0;-0.027470733477363545
2018-04-14T18:00:00.0;-0.028637404506262155
2018-04-14T19:00:00.0;-0.03000850350982838
2018-04-14T20:00:00.0;-0.03062764905379359
2018-04-14T21:00:00.0;-0.029956859934670503
2018-04-14T22:00:00.0;-0.028520007532787446
2018-04-14T23:00:00.0;-0.007381368703099326
2018-04-15T00:00:00.0;-0.008013310489656825
2018-04-15T01:00:00.0;-0.011163090819719421
2018-04-15T02:00:00.0;-0.010691697284220016
2018-04-15T03:00:00.0;-0.010624218904985959
2018-04-15T04:00:00.0;-0.01051118067192971
2018-04-15T05:00:00.0;-0.03370567528040831
2018-04-15T06:00:00.0;-0.036433112691426746
2018-04-15T07:00:00.0;-0.03686710458271669
2018-04-15T08:00:00.0;-0.03560028784916975
2018-04-15T09:00:00.0;-0.03359204951738579
2018-04-15T10:00:00.0;-0.03258458870668206
2018-04-15T11:00:00.0;-0.028210911821068906
2018-04-15T12:00:00.0;-0.028529978104888117
2018-04-15T13:00:00.0;-0.0285130979165107
2018-04-15T14:00:00.0;-0.029648341148890783
2018-04-15T15:00:00.0;-0.03171353750050759
2018-04-15T16:00:00.0;-0.03455726600887399
2018-04-15T17:00:00.0;-0.03639342428140847
2018-04-15T18:00:00.0;-0.042210819926289514
2018-04-15T19:00:00.0;-0.0439980450272508
2018-04-15T20:00:00.0;-0.04488168184415255
2018-04-15T21:00:00.0;-0.0435301698866735
2018-04-15T22:00:00.0;-0.04153780640154908
2018-04-15T23:00:00.0;-0.012499403214793876
2018-04-16T00:00:00.0;-0.008064961903468684
2018-04-16T01:00:00.0;-0.016547946232798955
2018-04-16T02:00:00.0;-0.015832507987892753
2018-04-16T03:00:00.0;-0.01628188427603297
2018-04-16T04:00:00.0;-0.01590104348576716
2018-04-16T05:00:00.0;-0.027775995572473098
2018-04-16T06:00:00.0;-0.02902765269545683
2018-04-16T07:00:00.0;-0.02947086022369844
2018-04-16T08:00:00.0;-0.030386841358851287
2018-04-16T09:00:00.0;-0.028969745200700725
2018-04-16T10:00:00.0;-0.02799004411342147
2018-04-16T11:00:00.0;-0.016458672819221372
2018-04-16T12:00:00.0;-0.01648075528128272
2018-04-16T13:00:00.0;-0.016718633855520307
2018-04-16T14:00:00.0;-0.017448015285656367
2018-04-16T15:00:00.0;-0.018712214035938573
2018-04-16T16:00:00.0;-0.02046938372362432
2018-04-16T17:00:00.0;-0.02481961796940581
2018-04-16T18:00:00.0;-0.03741187527604141
2018-04-16T19:00:00.0;-0.039030446155220645
2018-04-16T20:00:00.0;-0.03992398655603839
2018-04-16T21:00:00.0;-0.0395345314930802
2018-04-16T22:00:00.0;-0.03580715939813464
2018-04-16T23:00:00.0;-0.01951763213828052
2018-04-17T00:00:00.0;-0.008040462770414968
2018-04-17T01:00:00.0;-0.017910702099894406
2018-04-17T02:00:00.0;-0.01713479320519766
2018-04-17T03:00:00.0;-0.018569624718273305
2018-04-17T04:00:00.0;-0.01781834093331942
2018-04-17T05:00:00.0;-0.017496500020295073
2018-04-17T06:00:00.0;-0.017923992148444798
2018-04-17T07:00:00.0;-0.018353174569410633
2018-04-17T08:00:00.0;-0.023334646749692288
2018-04-17T09:00:00.0;-0.02256917958956809
2018-04-17T10:00:00.0;-0.021671416661188322
2018-04-17T11:00:00.0;-0.004382578446654702
2018-04-17T12:00:00.0;-0.004334802471258956
2018-04-17T13:00:00.0;-0.004390401352640457
2018-04-17T14:00:00.0;-0.004605336968985341
2018-04-17T15:00:00.0;-0.004954761281523519
2018-04-17T16:00:00.0;-0.0054581951776607835
2018-04-17T17:00:00.0;-0.01473330734490692
2018-04-17T18:00:00.0;-0.02982002489490816
2018-04-17T19:00:00.0;-0.03113808493510102
2018-04-17T20:00:00.0;-0.03188732026611538
2018-04-17T21:00:00.0;-0.032171217145743836
2018-04-17T22:00:00.0;-0.024020473173187493
2018-04-17T23:00:00.0;-0.022590112699430683
2018-04-18T00:00:00.0;-0.00793258207325438
2018-04-18T01:00:00.0;-0.010198543507362205
2018-04-18T02:00:00.0;-0.009766223738070295
2018-04-18T03:00:00.0;-0.010365376051567452
2018-04-18T04:00:00.0;-0.010197174839004975
2018-04-18T05:00:00.0;-0.02941882323470202
2018-04-18T06:00:00.0;-0.03161971510375168
2018-04-18T07:00:00.0;-0.03191704896656598
2018-04-18T08:00:00.0;-0.030885503854460285
2018-04-18T09:00:00.0;-0.0292051113039169
2018-04-18T10:00:00.0;-0.02775999765664659
2018-04-18T11:00:00.0;-0.023119268104052057
2018-04-18T12:00:00.0;-0.023310151553960677
2018-04-18T13:00:00.0;-0.02377635780642704
2018-04-18T14:00:00.0;-0.024802545343289958
2018-04-18T15:00:00.0;-0.026625586328196244
2018-04-18T16:00:00.0;-0.02978274595768478
2018-04-18T17:00:00.0;-0.03237158188120545
2018-04-18T18:00:00.0;-0.03793466212867209
2018-04-18T19:00:00.0;-0.03959873758449389
2018-04-18T20:00:00.0;-0.040480421222974856
2018-04-18T21:00:00.0;-0.03951928166684904
2018-04-18T22:00:00.0;-0.03771832497906544
2018-04-18T23:00:00.0;-0.0124036480536598
2018-04-19T00:00:00.0;-0.008005761328441779
2018-04-19T01:00:00.0;-0.013916470997006125
2018-04-19T02:00:00.0;-0.013255196178387788
2018-04-19T03:00:00.0;-0.013759071592404819
2018-04-19T04:00:00.0;-0.013543481412801397
2018-04-19T05:00:00.0;-0.029335015956785476
2018-04-19T06:00:00.0;-0.03081732858713724
2018-04-19T07:00:00.0;-0.03146814932547995
2018-04-19T08:00:00.0;-0.030554481052594597
2018-04-19T09:00:00.0;-0.029014366885173205
2018-04-19T10:00:00.0;-0.028048627126173967
2018-04-19T11:00:00.0;-0.020252405743191957
2018-04-19T12:00:00.0;-0.02007542025851651
2018-04-19T13:00:00.0;-0.02040177323879539
2018-04-19T14:00:00.0;-0.021279913472520073
2018-04-19T15:00:00.0;-0.02283365195350581
2018-04-19T16:00:00.0;-0.025384106256377634
2018-04-19T17:00:00.0;-0.027867182186409534
2018-04-19T18:00:00.0;-0.03754043347083692
2018-04-19T19:00:00.0;-0.03919244401468609
2018-04-19T20:00:00.0;-0.04011063862767765
2018-04-19T21:00:00.0;-0.039099744774334984
2018-04-19T22:00:00.0;-0.03741097343748789
2018-04-19T23:00:00.0;-0.016538619423957224
2018-04-20T00:00:00.0;-0.008101236227600667
2018-04-20T01:00:00.0;-0.01754232800655803
2018-04-20T02:00:00.0;-0.01678126406529804
2018-04-20T03:00:00.0;-0.016750255412652307
2018-04-20T04:00:00.0;-0.016462026924382794
2018-04-20T05:00:00.0;-0.03250042699489716
2018-04-20T06:00:00.0;-0.03415771055482434
2018-04-20T07:00:00.0;-0.03456767509088458
2018-04-20T08:00:00.0;-0.033520688574593796
2018-04-20T09:00:00.0;-0.03181204045653663
2018-04-20T10:00:00.0;-0.030808175481998535
2018-04-20T11:00:00.0;-0.020633999491884093
2018-04-20T12:00:00.0;-0.02073825291052212
2018-04-20T13:00:00.0;-0.02102127463483961
2018-04-20T14:00:00.0;-0.02189555191581346
2018-04-20T15:00:00.0;-0.02345089324197317
2018-04-20T16:00:00.0;-0.025582024669884754
2018-04-20T17:00:00.0;-0.027468625932363752
2018-04-20T18:00:00.0;-0.04065337161363045
2018-04-20T19:00:00.0;-0.04239750087266115
2018-04-20T20:00:00.0;-0.04335977942442973
2018-04-20T21:00:00.0;-0.04272952476801441
2018-04-20T22:00:00.0;-0.04095737407385287
2018-04-20T23:00:00.0;-0.019950040733632452
2018-04-21T00:00:00.0;-0.008082109906913111
2018-04-21T01:00:00.0;-0.024586507807130332
2018-04-21T02:00:00.0;-0.023467931226118028
2018-04-21T03:00:00.0;-0.024007987423953842
2018-04-21T04:00:00.0;-0.0231254199943576
2018-04-21T05:00:00.0;-0.02279261558509992
2018-04-21T06:00:00.0;-0.02624219667347025
2018-04-21T07:00:00.0;-0.026478301451471817
2018-04-21T08:00:00.0;-0.02609700826833347
2018-04-21T09:00:00.0;-0.025299575928501062
2018-04-21T10:00:00.0;-0.024562616714694847
2018-04-21T11:00:00.0;-0.007886439472168796
2018-04-21T12:00:00.0;-0.007838508518524292
2018-04-21T13:00:00.0;-0.004934153914600416
2018-04-21T14:00:00.0;-0.005149896919029662
2018-04-21T15:00:00.0;-0.005521892587546226
2018-04-21T16:00:00.0;-0.006084558207322588
2018-04-21T17:00:00.0;-0.008174837886933049
2018-04-21T18:00:00.0;-0.029367643763003697
2018-04-21T19:00:00.0;-0.03076365083795694
2018-04-21T20:00:00.0;-0.03150781934720954
2018-04-21T21:00:00.0;-0.0319873416016478
2018-04-21T22:00:00.0;-0.030830438930805146
2018-04-21T23:00:00.0;-0.028211544029248605
2018-04-22T00:00:00.0;-0.0074001634668451706
2018-04-22T01:00:00.0;-0.002786946640300497
2018-04-22T02:00:00.0;-0.0027447295326700795
2018-04-22T03:00:00.0;-0.006448150941437209
2018-04-22T04:00:00.0;-0.006079602331470347
2018-04-22T05:00:00.0;-0.005779058961951195
2018-04-22T06:00:00.0;-0.00995036526979074
2018-04-22T07:00:00.0;-0.009885194181900156
2018-04-22T08:00:00.0;-0.009881286603770066
2018-04-22T09:00:00.0;-0.010069632854575898
2018-04-22T10:00:00.0;-0.009812680389785774
2018-04-22T11:00:00.0;-0.006565612108711069
2018-04-22T12:00:00.0;-0.006519516819866712
2018-04-22T13:00:00.0;-0.002551681735299202
2018-04-22T14:00:00.0;-0.002690202883674238
2018-04-22T15:00:00.0;-0.0029221246594875153
2018-04-22T16:00:00.0;-0.0033123800352859814
2018-04-22T17:00:00.0;-0.008158065023455088
2018-04-22T18:00:00.0;-0.008650723637162672
2018-04-22T19:00:00.0;-0.009152931546537258
2018-04-22T20:00:00.0;-0.009423952787485434
2018-04-22T21:00:00.0;-0.009534088355277888
2018-04-22T22:00:00.0;-0.008530336751249076
2018-04-22T23:00:00.0;-0.006915122528234197
2018-04-23T00:00:00.0;-0.007784114934123071
2018-04-23T01:00:00.0;-0.007919461774405587
2018-04-23T02:00:00.0;-0.007582563367403612
2018-04-23T03:00:00.0;-0.010311310063681448
2018-04-23T04:00:00.0;-0.009825589087785887
2018-04-23T05:00:00.0;-0.01039714912436544
2018-04-23T06:00:00.0;-0.010603057671989583
2018-04-23T07:00:00.0;-0.010857815046766662
2018-04-23T08:00:00.0;-0.01713013985943941
2018-04-23T09:00:00.0;-0.016604710209307993
2018-04-23T10:00:00.0;-0.01590903059845268
2018-04-23T11:00:00.0;-0.004105420548042516
2018-04-23T12:00:00.0;-0.004057984820152798
2018-04-23T13:00:00.0;-0.004147604166305195
2018-04-23T14:00:00.0;-0.004369762071989641
2018-04-23T15:00:00.0;-0.004723920674329976
2018-04-23T16:00:00.0;-0.005247415173709396
2018-04-23T17:00:00.0;-0.017432753136164304
2018-04-23T18:00:00.0;-0.022698869361913954
2018-04-23T19:00:00.0;-0.023756906359681224
2018-04-23T20:00:00.0;-0.02435636965329808
2018-04-23T21:00:00.0;-0.024443599718545882
2018-04-23T22:00:00.0;-0.01469037076807706
2018-04-23T23:00:00.0;-0.012719082489835127
2018-04-24T00:00:00.0;-0.008170483079285225
2018-04-24T01:00:00.0;-0.004772216562813783
2018-04-24T02:00:00.0;-0.005445915345911882
2018-04-24T03:00:00.0;-0.006717412129361413
2018-04-24T04:00:00.0;-0.006934611092686577
2018-04-24T05:00:00.0;-0.018251167475197356
2018-04-24T06:00:00.0;-0.01916573273133959
2018-04-24T07:00:00.0;-0.022246619990949415
2018-04-24T08:00:00.0;-0.022190354264732114
2018-04-24T09:00:00.0;-0.028168133274313754
2018-04-24T10:00:00.0;-0.027174296203359746
2018-04-24T11:00:00.0;-0.025025610783131026
2018-04-24T12:00:00.0;-0.022741419244423692
2018-04-24T13:00:00.0;-0.023076484650954
2018-04-24T14:00:00.0;-0.023910814573787215
2018-04-24T15:00:00.0;-0.025446374907505467
2018-04-24T16:00:00.0;-0.030438921300959727
2018-04-24T17:00:00.0;-0.03448718430618177
2018-04-24T18:00:00.0;-0.03562784641773645
2018-04-24T19:00:00.0;-0.036898599871438995
2018-04-24T20:00:00.0;-0.03751448903322723
2018-04-24T21:00:00.0;-0.033870764074012565
2018-04-24T22:00:00.0;-0.023779969516325144
2018-04-24T23:00:00.0;-0.00861888913152104
2018-04-25T00:00:00.0;-0.007952042641178514
2018-04-25T01:00:00.0;-0.004420259451763158
2018-04-25T02:00:00.0;-0.004718731119672894
2018-04-25T03:00:00.0;-0.0066955273490629475
2018-04-25T04:00:00.0;-0.006725788025512054
2018-04-25T05:00:00.0;-0.016198503616379437
2018-04-25T06:00:00.0;-0.01684091944848573
2018-04-25T07:00:00.0;-0.01871635409062966
2018-04-25T08:00:00.0;-0.019655574041248937
2018-04-25T09:00:00.0;-0.02269661492918219
2018-04-25T10:00:00.0;-0.021890416680807878
2018-04-25T11:00:00.0;-0.018385888755499194
2018-04-25T12:00:00.0;-0.017006294408621635
2018-04-25T13:00:00.0;-0.017321259752669623
2018-04-25T14:00:00.0;-0.01805879661156822
2018-04-25T15:00:00.0;-0.019352841005386746
2018-04-25T16:00:00.0;-0.022919308212229657
2018-04-25T17:00:00.0;-0.028585800089878852
2018-04-25T18:00:00.0;-0.02968800087475533
2018-04-25T19:00:00.0;-0.03091186134721867
2018-04-25T20:00:00.0;-0.031573713793730314
2018-04-25T21:00:00.0;-0.029309397437820132
2018-04-25T22:00:00.0;-0.021612178218511902
2018-04-25T23:00:00.0;-0.00846732843968342
2018-04-26T00:00:00.0;-0.007880381920553004
2018-04-26T01:00:00.0;-0.003902608646431549
2018-04-26T02:00:00.0;-0.0024855773810455862
2018-04-26T03:00:00.0;-0.00569199708572001
2018-04-26T04:00:00.0;-0.006538076197408671
2018-04-26T05:00:00.0;-0.006329646414593212
2018-04-26T06:00:00.0;-0.006459614315248301
2018-04-26T07:00:00.0;-0.01286245237442892
2018-04-26T08:00:00.0;-0.016321075514876448
2018-04-26T09:00:00.0;-0.01587518184679131
2018-04-26T10:00:00.0;-0.015236501420180926
2018-04-26T11:00:00.0;-0.008819227432079515
2018-04-26T12:00:00.0;-0.0031164267578873686
2018-04-26T13:00:00.0;-0.0031815588535352834
2018-04-26T14:00:00.0;-0.0033409691368779825
2018-04-26T15:00:00.0;-0.0036065085422305643
2018-04-26T16:00:00.0;-0.01113104394343135
2018-04-26T17:00:00.0;-0.020609354046231234
2018-04-26T18:00:00.0;-0.021556377741017006
2018-04-26T19:00:00.0;-0.022483345639739045
2018-04-26T20:00:00.0;-0.02295425360352314
2018-04-26T21:00:00.0;-0.014293659251209996
2018-04-26T22:00:00.0;-0.009049722781920325
2018-04-26T23:00:00.0;-0.008535364436758395
2018-04-27T00:00:00.0;-0.007738053952002765
2018-04-27T01:00:00.0;-0.005296174126851358
2018-04-27T02:00:00.0;-0.00507316147316767
2018-04-27T03:00:00.0;-0.006801593668119362
2018-04-27T04:00:00.0;-0.006638792047699764
2018-04-27T05:00:00.0;-0.023414810835321587
2018-04-27T06:00:00.0;-0.024444573616136136
2018-04-27T07:00:00.0;-0.02456452140974368
2018-04-27T08:00:00.0;-0.02384952358185426
2018-04-27T09:00:00.0;-0.02264076663760196
2018-04-27T10:00:00.0;-0.021932573080020317
2018-04-27T11:00:00.0;-0.01974106289384401
2018-04-27T12:00:00.0;-0.01987186187120343
2018-04-27T13:00:00.0;-0.02034391147891539
2018-04-27T14:00:00.0;-0.021300523073601387
2018-04-27T15:00:00.0;-0.02297157680030777
2018-04-27T16:00:00.0;-0.025339370117315324
2018-04-27T17:00:00.0;-0.029098404959615676
2018-04-27T18:00:00.0;-0.030272681397882157
2018-04-27T19:00:00.0;-0.03171817918423731
2018-04-27T20:00:00.0;-0.032557911925138336
2018-04-27T21:00:00.0;-0.03192333224749697
2018-04-27T22:00:00.0;-0.030413170171409976
2018-04-27T23:00:00.0;-0.008235924880972544
2018-04-28T00:00:00.0;-0.0077170023499002986
2018-04-28T01:00:00.0;-0.007890623018557337
2018-04-28T02:00:00.0;-0.007543340129669468
2018-04-28T03:00:00.0;-0.009708026285462638
2018-04-28T04:00:00.0;-0.00938733901737738
2018-04-28T05:00:00.0;-0.01954053043283208
2018-04-28T06:00:00.0;-0.02034787527989448
2018-04-28T07:00:00.0;-0.020401753273655
2018-04-28T08:00:00.0;-0.01993138026755154
2018-04-28T09:00:00.0;-0.01907249283296203
2018-04-28T10:00:00.0;-0.018465905465726545
2018-04-28T11:00:00.0;-0.013341464914110129
2018-04-28T12:00:00.0;-0.013351181329950368
2018-04-28T13:00:00.0;-0.013383767128837324
2018-04-28T14:00:00.0;-0.014051998069400108
2018-04-28T15:00:00.0;-0.015195375540243552
2018-04-28T16:00:00.0;-0.01684909005900889
2018-04-28T17:00:00.0;-0.020893795781495993
2018-04-28T18:00:00.0;-0.0255719923047951
2018-04-28T19:00:00.0;-0.026850950052969967
2018-04-28T20:00:00.0;-0.027633909494842866
2018-04-28T21:00:00.0;-0.027482469117905906
2018-04-28T22:00:00.0;-0.026249932108995823
2018-04-28T23:00:00.0;-0.011775621763706725
2018-04-29T00:00:00.0;-0.0075213530021016285
2018-04-29T01:00:00.0;-0.005443618935561643
2018-04-29T02:00:00.0;-0.005195495602902873
2018-04-29T03:00:00.0;-0.006549857944163019
2018-04-29T04:00:00.0;-0.006228995283583997
2018-04-29T05:00:00.0;-0.006715310754560823
2018-04-29T06:00:00.0;-0.021542111799230514
2018-04-29T07:00:00.0;-0.02154490379070639
2018-04-29T08:00:00.0;-0.021676680231506786
2018-04-29T09:00:00.0;-0.021559949023806313
2018-04-29T10:00:00.0;-0.021431614591504264
2018-04-29T11:00:00.0;-0.020177365581468217
2018-04-29T12:00:00.0;-0.020372526314458694
2018-04-29T13:00:00.0;-0.005287953592294424
2018-04-29T14:00:00.0;-0.005464144529219593
2018-04-29T15:00:00.0;-0.005798492488658461
2018-04-29T16:00:00.0;-0.0065110666443210785
2018-04-29T17:00:00.0;-0.008993125043375913
2018-04-29T18:00:00.0;-0.009532397207821392
2018-04-29T19:00:00.0;-0.010060395385283015
2018-04-29T20:00:00.0;-0.010128077122789502
2018-04-29T21:00:00.0;-0.010033628709839126
2018-04-29T22:00:00.0;-0.009540249742257057
2018-04-29T23:00:00.0;-0.0041639560705071365
2018-04-30T00:00:00.0;-0.00806793213307928
2018-04-30T01:00:00.0;-0.006460236545051532
2018-04-30T02:00:00.0;-0.005102411349057286
2018-04-30T03:00:00.0;-0.006040796506424668
2018-04-30T04:00:00.0;-0.006928506719676458
2018-04-30T05:00:00.0;-0.023673737366293402
2018-04-30T06:00:00.0;-0.0250420619610704
2018-04-30T07:00:00.0;-0.03170808542726648
2018-04-30T08:00:00.0;-0.031128312809206173
2018-04-30T09:00:00.0;-0.02961932403084149
2018-04-30T10:00:00.0;-0.028633379145148265
2018-04-30T11:00:00.0;-0.02681246527455342
2018-04-30T12:00:00.0;-0.02156493030701302
2018-04-30T13:00:00.0;-0.021996557092191178
2018-04-30T14:00:00.0;-0.02288403582318465
2018-04-30T15:00:00.0;-0.024496982306365277
2018-04-30T16:00:00.0;-0.03329521247359145
2018-04-30T17:00:00.0;-0.03684835786571219
2018-04-30T18:00:00.0;-0.03811118542230614
2018-04-30T19:00:00.0;-0.039606699701191884
2018-04-30T20:00:00.0;-0.04027644269044889
2018-04-30T21:00:00.0;-0.03190700415885917
2018-04-30T22:00:00.0;-0.030345826405704008
2018-04-30T23:00:00.0;-0.008527040235620016
2018-05-01T00:00:00.0;-0.008029158632728772
2018-05-01T01:00:00.0;-0.014656393632977717
2018-05-01T02:00:00.0;-0.014035154805742085
2018-05-01T03:00:00.0;-0.0154064060514574
2018-05-01T04:00:00.0;-0.014828874340205205
2018-05-01T05:00:00.0;-0.017419322779835923
2018-05-01T06:00:00.0;-0.018005696854382795
2018-05-01T07:00:00.0;-0.018513556822822703
2018-05-01T08:00:00.0;-0.02488632499746682
2018-05-01T09:00:00.0;-0.023996214264272276
2018-05-01T10:00:00.0;-0.023020447916943666
2018-05-01T11:00:00.0;-0.007263828337657942
2018-05-01T12:00:00.0;-0.007203835442531329
2018-05-01T13:00:00.0;-0.007323402867142366
2018-05-01T14:00:00.0;-0.007674187604729496
2018-05-01T15:00:00.0;-0.00824486206424091
2018-05-01T16:00:00.0;-0.00906286730037612
2018-05-01T17:00:00.0;-0.020112910985129573
2018-05-01T18:00:00.0;-0.03157460272163132
2018-05-01T19:00:00.0;-0.03291925561443519
2018-05-01T20:00:00.0;-0.03362760116314923
2018-05-01T21:00:00.0;-0.03361717192576259
2018-05-01T22:00:00.0;-0.02364750619693406
2018-05-01T23:00:00.0;-0.01872620757475351
2018-05-02T00:00:00.0;-0.007914249152554467
2018-05-02T01:00:00.0;-0.010218627876103484
2018-05-02T02:00:00.0;-0.009769239493353244
2018-05-02T03:00:00.0;-0.011998306203571738
2018-05-02T04:00:00.0;-0.01147388697614121
2018-05-02T05:00:00.0;-0.011187116525633362
2018-05-02T06:00:00.0;-0.011485341137095413
2018-05-02T07:00:00.0;-0.011967282599619067
2018-05-02T08:00:00.0;-0.020290020267410603
2018-05-02T09:00:00.0;-0.019666742169425586
2018-05-02T10:00:00.0;-0.01880560486514578
2018-05-02T11:00:00.0;-0.003944119606698546
2018-05-02T12:00:00.0;-0.00380022958729379
2018-05-02T13:00:00.0;-0.0038786155065605897
2018-05-02T14:00:00.0;-0.0040775147230397765
2018-05-02T15:00:00.0;-0.0043923868486601
2018-05-02T16:00:00.0;-0.004975811119521246
2018-05-02T17:00:00.0;-0.01907205402188809
2018-05-02T18:00:00.0;-0.026410764463760943
2018-05-02T19:00:00.0;-0.0275587455994098
2018-05-02T20:00:00.0;-0.028158621063914067
2018-05-02T21:00:00.0;-0.02806150495752698
2018-05-02T22:00:00.0;-0.015662615918408153
2018-05-02T23:00:00.0;-0.014761870158677692
2018-05-03T00:00:00.0;-0.008261136672402575
2018-05-03T01:00:00.0;-0.028592303383625638
2018-05-03T02:00:00.0;-0.02731919677899158
2018-05-03T03:00:00.0;-0.02713021195247279
2018-05-03T04:00:00.0;-0.026394609378845867
2018-05-03T05:00:00.0;-0.03084417881707576
2018-05-03T06:00:00.0;-0.03182919392098607
2018-05-03T07:00:00.0;-0.03223587020126942
2018-05-03T08:00:00.0;-0.031503209249403835
2018-05-03T09:00:00.0;-0.03021627624874843
2018-05-03T10:00:00.0;-0.029220283700348088
2018-05-03T11:00:00.0;-0.009845921373795155
2018-05-03T12:00:00.0;-0.009801239479947297
2018-05-03T13:00:00.0;-0.00983537349377956
2018-05-03T14:00:00.0;-0.01025994715165128
2018-05-03T15:00:00.0;-0.010994638784515832
2018-05-03T16:00:00.0;-0.01200889225334846
2018-05-03T17:00:00.0;-0.013600664242552803
2018-05-03T18:00:00.0;-0.03852684069894016
2018-05-03T19:00:00.0;-0.04020595733519333
2018-05-03T20:00:00.0;-0.04122497215284948
2018-05-03T21:00:00.0;-0.04164098043604415
2018-05-03T22:00:00.0;-0.040196981763633996
2018-05-03T23:00:00.0;-0.0323670906366536
2018-05-04T00:00:00.0;-0.008386800184408252
2018-05-04T01:00:00.0;-0.035186624574064164
2018-05-04T02:00:00.0;-0.03361134846372502
2018-05-04T03:00:00.0;-0.0330310875207039
2018-05-04T04:00:00.0;-0.03206217341504314
2018-05-04T05:00:00.0;-0.0320129005153473
2018-05-04T06:00:00.0;-0.032860615361938815
2018-05-04T07:00:00.0;-0.03333196932528149
2018-05-04T08:00:00.0;-0.03265740305636163
2018-05-04T09:00:00.0;-0.0314387352097354
2018-05-04T10:00:00.0;-0.030386282651555293
2018-05-04T11:00:00.0;-0.006012027882423858
2018-05-04T12:00:00.0;-0.005962799447152732
2018-05-04T13:00:00.0;-0.005951420852369571
2018-05-04T14:00:00.0;-0.006205691079142041
2018-05-04T15:00:00.0;-0.0066427252886083815
2018-05-04T16:00:00.0;-0.007243744986952004
2018-05-04T17:00:00.0;-0.008367100194172677
2018-05-04T18:00:00.0;-0.0397278933024488
2018-05-04T19:00:00.0;-0.04143249831690528
2018-05-04T20:00:00.0;-0.04249274596679803
2018-05-04T21:00:00.0;-0.0433394432748406
2018-05-04T22:00:00.0;-0.0419845152570454
2018-05-04T23:00:00.0;-0.039312008464604246
2018-05-05T00:00:00.0;-0.007814528432862875
2018-05-05T01:00:00.0;-0.0164180451153368
2018-05-05T02:00:00.0;-0.0156660661519002
2018-05-05T03:00:00.0;-0.018003281969844853
2018-05-05T04:00:00.0;-0.017192692218469943
2018-05-05T05:00:00.0;-0.01671876297343581
2018-05-05T06:00:00.0;-0.01678419197605388
2018-05-05T07:00:00.0;-0.016809385171173703
2018-05-05T08:00:00.0;-0.01658020531920085
2018-05-05T09:00:00.0;-0.016064989999039065
2018-05-05T10:00:00.0;-0.015518732282614838
2018-05-05T11:00:00.0;-0.003223567536046397
2018-05-05T12:00:00.0;-0.003188176603870459
2018-05-05T13:00:00.0;-0.0032230288359926954
2018-05-05T14:00:00.0;-0.003396076167077902
2018-05-05T15:00:00.0;-0.0036831032612171157
2018-05-05T16:00:00.0;-0.004103757980717584
2018-05-05T17:00:00.0;-0.0078789978789291
2018-05-05T18:00:00.0;-0.021991122122830237
2018-05-05T19:00:00.0;-0.023134787462604594
2018-05-05T20:00:00.0;-0.023907914437994046
2018-05-05T21:00:00.0;-0.024399619250898497
2018-05-05T22:00:00.0;-0.023459376896754522
2018-05-05T23:00:00.0;-0.022061091040696673
2018-05-06T00:00:00.0;-0.007431128055997143
2018-05-06T01:00:00.0;-0.005029144316697787
2018-05-06T02:00:00.0;-0.004797055481067
2018-05-06T03:00:00.0;-0.008963380452832306
2018-05-06T04:00:00.0;-0.008453883585248444
2018-05-06T05:00:00.0;-0.008049435995282342
2018-05-06T06:00:00.0;-0.007931631105299142
2018-05-06T07:00:00.0;-0.00785734060270501
2018-05-06T08:00:00.0;-0.007795267547004208
2018-05-06T09:00:00.0;-0.007594743775385704
2018-05-06T10:00:00.0;-0.0073350096590121695
2018-05-06T11:00:00.0;-0.001681362299043183
2018-05-06T12:00:00.0;-0.0016581423281207424
2018-05-06T13:00:00.0;-0.0016941683977788292
2018-05-06T14:00:00.0;-0.0018005320532098585
2018-05-06T15:00:00.0;-0.0019734700489864973
2018-05-06T16:00:00.0;-0.002237614195050249
2018-05-06T17:00:00.0;-0.007551906262288456
2018-05-06T18:00:00.0;-0.01107586833114913
2018-05-06T19:00:00.0;-0.011723895618993915
2018-05-06T20:00:00.0;-0.012181251941400564
2018-05-06T21:00:00.0;-0.012437058928794861
2018-05-06T22:00:00.0;-0.01189351922509968
2018-05-06T23:00:00.0;-0.01121966228475757
2018-05-07T00:00:00.0;-0.008031834174849595
2018-05-07T01:00:00.0;-0.018152194571218645
2018-05-07T02:00:00.0;-0.01735011789719621
2018-05-07T03:00:00.0;-0.01801487745044149
2018-05-07T04:00:00.0;-0.017547947142528806
2018-05-07T05:00:00.0;-0.02745301813544377
2018-05-07T06:00:00.0;-0.028463049311120193
2018-05-07T07:00:00.0;-0.02872947323931873
2018-05-07T08:00:00.0;-0.02800097887792581
2018-05-07T09:00:00.0;-0.026743227729388763
2018-05-07T10:00:00.0;-0.02587946151625447
2018-05-07T11:00:00.0;-0.014207498250447169
2018-05-07T12:00:00.0;-0.014208716204656054
2018-05-07T13:00:00.0;-0.014380057765613899
2018-05-07T14:00:00.0;-0.015025538562522929
2018-05-07T15:00:00.0;-0.016146813405310777
2018-05-07T16:00:00.0;-0.01771377698868138
2018-05-07T17:00:00.0;-0.020255824136963477
2018-05-07T18:00:00.0;-0.0348090483941453
2018-05-07T19:00:00.0;-0.03639146785345221
2018-05-07T20:00:00.0;-0.037334085431529516
2018-05-07T21:00:00.0;-0.03723845532275932
2018-05-07T22:00:00.0;-0.03574720511927275
2018-05-07T23:00:00.0;-0.021633753373544302
2018-05-08T00:00:00.0;-0.008079281220180078
2018-05-08T01:00:00.0;-0.024837712866576284
2018-05-08T02:00:00.0;-0.02371188765862478
2018-05-08T03:00:00.0;-0.024727255628339374
2018-05-08T04:00:00.0;-0.02380009440800867
2018-05-08T05:00:00.0;-0.023443986136043354
2018-05-08T06:00:00.0;-0.02379560202874488
2018-05-08T07:00:00.0;-0.0239829008528882
2018-05-08T08:00:00.0;-0.023576835515802582
2018-05-08T09:00:00.0;-0.022770967068603765
2018-05-08T10:00:00.0;-0.022002213142399023
2018-05-08T11:00:00.0;-0.004441192873320849
2018-05-08T12:00:00.0;-0.0043987559008281845
2018-05-08T13:00:00.0;-0.004418840174233722
2018-05-08T14:00:00.0;-0.004632189312069039
2018-05-08T15:00:00.0;-0.004991634005528707
2018-05-08T16:00:00.0;-0.005503656755706779
2018-05-08T17:00:00.0;-0.008104829083242558
2018-05-08T18:00:00.0;-0.02998178622455243
2018-05-08T19:00:00.0;-0.03141158258050915
2018-05-08T20:00:00.0;-0.03234495792071525
2018-05-08T21:00:00.0;-0.033000465011422224
2018-05-08T22:00:00.0;-0.03184196504241513
2018-05-08T23:00:00.0;-0.029882894110419656
2018-05-09T00:00:00.0;-0.008203443952284731
2018-05-09T01:00:00.0;-0.023552261011879363
2018-05-09T02:00:00.0;-0.0225174246007065
2018-05-09T03:00:00.0;-0.02226423389489489
2018-05-09T04:00:00.0;-0.021793830723202578
2018-05-09T05:00:00.0;-0.03255036272197719
2018-05-09T06:00:00.0;-0.033954158590206084
2018-05-09T07:00:00.0;-0.03439231122973598
2018-05-09T08:00:00.0;-0.033461136761979156
2018-05-09T09:00:00.0;-0.0319035566344566
2018-05-09T10:00:00.0;-0.03087660432188531
2018-05-09T11:00:00.0;-0.015803386531543947
2018-05-09T12:00:00.0;-0.01581443553387704
2018-05-09T13:00:00.0;-0.015946997881468607
2018-05-09T14:00:00.0;-0.016614378261996528
2018-05-09T15:00:00.0;-0.01778891724833779
2018-05-09T16:00:00.0;-0.019398594711030694
2018-05-09T17:00:00.0;-0.021015438734263123
2018-05-09T18:00:00.0;-0.0405823073347954
2018-05-09T19:00:00.0;-0.0423191553328608
2018-05-09T20:00:00.0;-0.04331600330488143
2018-05-09T21:00:00.0;-0.043177793608096114
2018-05-09T22:00:00.0;-0.041539483417043874
2018-05-09T23:00:00.0;-0.02650178647979997
2018-05-10T00:00:00.0;-0.007793614317550213
2018-05-10T01:00:00.0;-0.010510921224421512
2018-05-10T02:00:00.0;-0.010045963543633364
2018-05-10T03:00:00.0;-0.01189813391922937
2018-05-10T04:00:00.0;-0.011520673263779122
2018-05-10T05:00:00.0;-0.021279643933996253
2018-05-10T06:00:00.0;-0.02190549597510419
2018-05-10T07:00:00.0;-0.02199751818351988
2018-05-10T08:00:00.0;-0.021480167428352005
2018-05-10T09:00:00.0;-0.02054727117405234
2018-05-10T10:00:00.0;-0.019883775078173804
2018-05-10T11:00:00.0;-0.01300901586620462
2018-05-10T12:00:00.0;-0.013009341753189942
2018-05-10T13:00:00.0;-0.013246526348295658
2018-05-10T14:00:00.0;-0.013896760979579832
2018-05-10T15:00:00.0;-0.015010537561653731
2018-05-10T16:00:00.0;-0.016603804268386577
2018-05-10T17:00:00.0;-0.02033128825769008
2018-05-10T18:00:00.0;-0.02762645762287184
2018-05-10T19:00:00.0;-0.028980203398410478
2018-05-10T20:00:00.0;-0.029816444648059808
2018-05-10T21:00:00.0;-0.029705959400175824
2018-05-10T22:00:00.0;-0.028415439782928383
2018-05-10T23:00:00.0;-0.01445907194659458
2018-05-11T00:00:00.0;-0.007970515840126204
2018-05-11T01:00:00.0;-0.021125907510568274
2018-05-11T02:00:00.0;-0.020165118310518797
2018-05-11T03:00:00.0;-0.021707026332593204
2018-05-11T04:00:00.0;-0.020838256855502155
2018-05-11T05:00:00.0;-0.02080127682441107
2018-05-11T06:00:00.0;-0.02104190327539667
2018-05-11T07:00:00.0;-0.02115687725197853
2018-05-11T08:00:00.0;-0.02081807872442311
2018-05-11T09:00:00.0;-0.020122205073822622
2018-05-11T10:00:00.0;-0.01944213557426474
2018-05-11T11:00:00.0;-0.00429126035048291
2018-05-11T12:00:00.0;-0.004249752954102448
2018-05-11T13:00:00.0;-0.00428099911845494
2018-05-11T14:00:00.0;-0.0044961128260046675
2018-05-11T15:00:00.0;-0.004856592574761166
2018-05-11T16:00:00.0;-0.005375564598777301
2018-05-11T17:00:00.0;-0.008466071592434196
2018-05-11T18:00:00.0;-0.026889296242672788
2018-05-11T19:00:00.0;-0.02821540315629808
2018-05-11T20:00:00.0;-0.029091166983680247
2018-05-11T21:00:00.0;-0.029657773214565985
2018-05-11T22:00:00.0;-0.028570201357854288
2018-05-11T23:00:00.0;-0.02637179850466474
2018-05-12T00:00:00.0;-0.007470262275742295
2018-05-12T01:00:00.0;-0.0032621031224005673
2018-05-12T02:00:00.0;-0.0031182851113067253
2018-05-12T03:00:00.0;-0.006529570826003497
2018-05-12T04:00:00.0;-0.006219708906734411
2018-05-12T05:00:00.0;-0.010716782667031664
2018-05-12T06:00:00.0;-0.012650661806242802
2018-05-12T07:00:00.0;-0.012587062164984533
2018-05-12T08:00:00.0;-0.012425754343256296
2018-05-12T09:00:00.0;-0.012039059416007336
2018-05-12T10:00:00.0;-0.011683233396576278
2018-05-12T11:00:00.0;-0.008529536668244499
2018-05-12T12:00:00.0;-0.00849898700488323
2018-05-12T13:00:00.0;-0.006915310973781293
2018-05-12T14:00:00.0;-0.007295899329012553
2018-05-12T15:00:00.0;-0.007933944310092597
2018-05-12T16:00:00.0;-0.008921713952465495
2018-05-12T17:00:00.0;-0.01386639768025585
2018-05-12T18:00:00.0;-0.01462024967464661
2018-05-12T19:00:00.0;-0.015434364655846076
2018-05-12T20:00:00.0;-0.015924920258784406
2018-05-12T21:00:00.0;-0.01599306111957745
2018-05-12T22:00:00.0;-0.015249459488491972
2018-05-12T23:00:00.0;-0.007616724064628545
2018-05-13T00:00:00.0;-0.007448972536899015
2018-05-13T01:00:00.0;-0.002839630299287293
2018-05-13T02:00:00.0;-0.0027147240321384603
2018-05-13T03:00:00.0;-0.006512639172208585
2018-05-13T04:00:00.0;-0.006196886671407102
2018-05-13T05:00:00.0;-0.010725970372538415
2018-05-13T06:00:00.0;-0.010751087027791368
2018-05-13T07:00:00.0;-0.010681544796469482
2018-05-13T08:00:00.0;-0.010525707938283795
2018-05-13T09:00:00.0;-0.010170480667552275
2018-05-13T10:00:00.0;-0.009834320264074966
2018-05-13T11:00:00.0;-0.006409276921970187
2018-05-13T12:00:00.0;-0.006369169162444622
2018-05-13T13:00:00.0;-0.006528699954186953
2018-05-13T14:00:00.0;-0.006914165167200402
2018-05-13T15:00:00.0;-0.0075512541347496805
2018-05-13T16:00:00.0;-0.008502702479074042
2018-05-13T17:00:00.0;-0.013837207098524675
2018-05-13T18:00:00.0;-0.014588215895520961
2018-05-13T19:00:00.0;-0.015407528425222305
2018-05-13T20:00:00.0;-0.015961439223842053
2018-05-13T21:00:00.0;-0.016082756557855366
2018-05-13T22:00:00.0;-0.01534227370660125
2018-05-13T23:00:00.0;-0.008100190149941715
2018-05-14T00:00:00.0;-0.008130201895468253
2018-05-14T01:00:00.0;-0.025296096988617175
2018-05-14T02:00:00.0;-0.0241607033279205
2018-05-14T03:00:00.0;-0.024878538343108752
2018-05-14T04:00:00.0;-0.024008801232355333
2018-05-14T05:00:00.0;-0.02478594944726327
2018-05-14T06:00:00.0;-0.02530150248635567
2018-05-14T07:00:00.0;-0.025584959944882843
2018-05-14T08:00:00.0;-0.025726900807623933
2018-05-14T09:00:00.0;-0.02480473673622148
2018-05-14T10:00:00.0;-0.023955341758887836
2018-05-14T11:00:00.0;-0.0057554843058938415
2018-05-14T12:00:00.0;-0.00570742454031229
2018-05-14T13:00:00.0;-0.005735975395502275
2018-05-14T14:00:00.0;-0.006004725623860452
2018-05-14T15:00:00.0;-0.006458749837969258
2018-05-14T16:00:00.0;-0.0071005087788143535
2018-05-14T17:00:00.0;-0.01018186972559988
2018-05-14T18:00:00.0;-0.032360790432983184
2018-05-14T19:00:00.0;-0.033852122532541884
2018-05-14T20:00:00.0;-0.03479380177396135
2018-05-14T21:00:00.0;-0.03536475561843263
2018-05-14T22:00:00.0;-0.03331701336531563
2018-05-14T23:00:00.0;-0.02997634662907851
2018-05-15T00:00:00.0;-0.008193567385128659
2018-05-15T01:00:00.0;-0.024685292636032512
2018-05-15T02:00:00.0;-0.02359226806667153
2018-05-15T03:00:00.0;-0.02356371294164955
2018-05-15T04:00:00.0;-0.022977472759437265
2018-05-15T05:00:00.0;-0.030674668838997256
2018-05-15T06:00:00.0;-0.031800295572947807
2018-05-15T07:00:00.0;-0.03218545916068595
2018-05-15T08:00:00.0;-0.03138919570909322
2018-05-15T09:00:00.0;-0.030020275563348978
2018-05-15T10:00:00.0;-0.029042597152229045
2018-05-15T11:00:00.0;-0.012736615135222232
2018-05-15T12:00:00.0;-0.012713405511916435
2018-05-15T13:00:00.0;-0.012801181546053492
2018-05-15T14:00:00.0;-0.01335268130639463
2018-05-15T15:00:00.0;-0.014313132443260842
2018-05-15T16:00:00.0;-0.015639334441517418
2018-05-15T17:00:00.0;-0.017445961707644047
2018-05-15T18:00:00.0;-0.03841101193439198
2018-05-15T19:00:00.0;-0.040090187120677766
2018-05-15T20:00:00.0;-0.04108704372086791
2018-05-15T21:00:00.0;-0.04121043280088192
2018-05-15T22:00:00.0;-0.03969050606978031
2018-05-15T23:00:00.0;-0.028129596572208093
2018-05-16T00:00:00.0;-0.008053691097129128
2018-05-16T01:00:00.0;-0.012827823644407575
2018-05-16T02:00:00.0;-0.012465772029940989
2018-05-16T03:00:00.0;-0.012851769762284028
2018-05-16T04:00:00.0;-0.01260594759360003
2018-05-16T05:00:00.0;-0.028779512837609985
2018-05-16T06:00:00.0;-0.03030041530901025
2018-05-16T07:00:00.0;-0.030803632413253068
2018-05-16T08:00:00.0;-0.03103247250257509
2018-05-16T09:00:00.0;-0.030453931393376578
2018-05-16T10:00:00.0;-0.029449915393909207
2018-05-16T11:00:00.0;-0.021664927957927734
2018-05-16T12:00:00.0;-0.02175450910956243
2018-05-16T13:00:00.0;-0.022116349683093495
2018-05-16T14:00:00.0;-0.023033097842610557
2018-05-16T15:00:00.0;-0.0246574469416266
2018-05-16T16:00:00.0;-0.026934700663443605
2018-05-16T17:00:00.0;-0.030588255297710854
2018-05-16T18:00:00.0;-0.03906285063117935
2018-05-16T19:00:00.0;-0.04070000592160779
2018-05-16T20:00:00.0;-0.04156976147737054
2018-05-16T21:00:00.0;-0.04078819535991666
2018-05-16T22:00:00.0;-0.03650649081925739
2018-05-16T23:00:00.0;-0.015373128119312436
2018-05-17T00:00:00.0;-0.007920722544350651
2018-05-17T01:00:00.0;-0.0069827947847395785
2018-05-17T02:00:00.0;-0.005196400993157823
2018-05-17T03:00:00.0;-0.008218774851086257
2018-05-17T04:00:00.0;-0.009148962614185146
2018-05-17T05:00:00.0;-0.008874189381519739
2018-05-17T06:00:00.0;-0.009014640995404109
2018-05-17T07:00:00.0;-0.016453315641653248
2018-05-17T08:00:00.0;-0.016535660084781332
2018-05-17T09:00:00.0;-0.01607732077897435
2018-05-17T10:00:00.0;-0.015489296062638526
2018-05-17T11:00:00.0;-0.009806777602725195
2018-05-17T12:00:00.0;-0.0031586708647018758
2018-05-17T13:00:00.0;-0.003209628759411401
2018-05-17T14:00:00.0;-0.0033670199767233794
2018-05-17T15:00:00.0;-0.0036367216702316314
2018-05-17T16:00:00.0;-0.012315686265958253
2018-05-17T17:00:00.0;-0.017460818199089897
2018-05-17T18:00:00.0;-0.021757764447823198
2018-05-17T19:00:00.0;-0.02272078007748912
2018-05-17T20:00:00.0;-0.023247617285270156
2018-05-17T21:00:00.0;-0.013235126168336867
2018-05-17T22:00:00.0;-0.012623540008336197
2018-05-17T23:00:00.0;-0.011892194303382219
2018-05-18T00:00:00.0;-0.00807622159326536
2018-05-18T01:00:00.0;-0.020498972653208252
2018-05-18T02:00:00.0;-0.01958959143944681
2018-05-18T03:00:00.0;-0.02013191186684817
2018-05-18T04:00:00.0;-0.01958742803526921
2018-05-18T05:00:00.0;-0.027719400630165675
2018-05-18T06:00:00.0;-0.02866884202334781
2018-05-18T07:00:00.0;-0.028951641728397398
2018-05-18T08:00:00.0;-0.028249496181475247
2018-05-18T09:00:00.0;-0.027024213332399228
2018-05-18T10:00:00.0;-0.026145091840693066
2018-05-18T11:00:00.0;-0.012654420927035169
2018-05-18T12:00:00.0;-0.012635752911331432
2018-05-18T13:00:00.0;-0.012761388819716437
2018-05-18T14:00:00.0;-0.01333355834665181
2018-05-18T15:00:00.0;-0.014324377859647823
2018-05-18T16:00:00.0;-0.015708045663888757
2018-05-18T17:00:00.0;-0.01809370717643461
2018-05-18T18:00:00.0;-0.035075418850400546
2018-05-18T19:00:00.0;-0.03666426893199833
2018-05-18T20:00:00.0;-0.03762113155906414
2018-05-18T21:00:00.0;-0.03767602744184108
2018-05-18T22:00:00.0;-0.036218230283560325
2018-05-18T23:00:00.0;-0.02415966201935999
2018-05-19T00:00:00.0;-0.008064417613252332
2018-05-19T01:00:00.0;-0.011546833706306549
2018-05-19T02:00:00.0;-0.011063831259453594
2018-05-19T03:00:00.0;-0.01065092342966991
2018-05-19T04:00:00.0;-0.010582296524187533
2018-05-19T05:00:00.0;-0.0368501192173752
2018-05-19T06:00:00.0;-0.039392682809092354
2018-05-19T07:00:00.0;-0.039912748954294926
2018-05-19T08:00:00.0;-0.03844493731583703
2018-05-19T09:00:00.0;-0.0361593779861279
2018-05-19T10:00:00.0;-0.03505855051056273
2018-05-19T11:00:00.0;-0.030908716132520754
2018-05-19T12:00:00.0;-0.03130247488602778
2018-05-19T13:00:00.0;-0.03191267753552467
2018-05-19T14:00:00.0;-0.03315316211716349
2018-05-19T15:00:00.0;-0.03542757215690949
2018-05-19T16:00:00.0;-0.038492950438532646
2018-05-19T17:00:00.0;-0.03992070327388795
2018-05-19T18:00:00.0;-0.04573929961495988
2018-05-19T19:00:00.0;-0.04761404376937884
2018-05-19T20:00:00.0;-0.048536979053527295
2018-05-19T21:00:00.0;-0.0468703421701779
2018-05-19T22:00:00.0;-0.04471773515127421
2018-05-19T23:00:00.0;-0.012605893716097657
2018-05-20T00:00:00.0;-0.007415735519397227
2018-05-20T01:00:00.0;-0.004591773837689893
2018-05-20T02:00:00.0;-0.004380026209195818
2018-05-20T03:00:00.0;-0.008617682171195703
2018-05-20T04:00:00.0;-0.008123541687509898
2018-05-20T05:00:00.0;-0.007727815891323257
2018-05-20T06:00:00.0;-0.007608367089675091
2018-05-20T07:00:00.0;-0.007533424684436954
2018-05-20T08:00:00.0;-0.007475860384385932
2018-05-20T09:00:00.0;-0.00728534636058396
2018-05-20T10:00:00.0;-0.007036233797754113
2018-05-20T11:00:00.0;-0.0016249093134382024
2018-05-20T12:00:00.0;-0.0016022265810703483
2018-05-20T13:00:00.0;-0.0016378003878411427
2018-05-20T14:00:00.0;-0.0017412812814005668
2018-05-20T15:00:00.0;-0.0019094111448805864
2018-05-20T16:00:00.0;-0.0021666739688778964
2018-05-20T17:00:00.0;-0.007538773010217256
2018-05-20T18:00:00.0;-0.01065386646928643
2018-05-20T19:00:00.0;-0.011279986993264528
2018-05-20T20:00:00.0;-0.011722597752548263
2018-05-20T21:00:00.0;-0.011968966456287481
2018-05-20T22:00:00.0;-0.01144334558182337
2018-05-20T23:00:00.0;-0.010796406537140653
2018-05-21T00:00:00.0;-0.007314548108850641
2018-05-21T01:00:00.0;-0.0017547697499513788
2018-05-21T02:00:00.0;-0.0016757203989896585
2018-05-21T03:00:00.0;-0.006378249683389049
2018-05-21T04:00:00.0;-0.005991340755089283
2018-05-21T05:00:00.0;-0.005664352418738757
2018-05-21T06:00:00.0;-0.0055450765134219095
2018-05-21T07:00:00.0;-0.005472272343749159
2018-05-21T08:00:00.0;-0.005440118882981868
2018-05-21T09:00:00.0;-0.0053103628560137815
2018-05-21T10:00:00.0;-0.005129379690709977
2018-05-21T11:00:00.0;-0.0012642982061597684
2018-05-21T12:00:00.0;-0.0012452405939230833
2018-05-21T13:00:00.0;-0.001276881463907336
2018-05-21T14:00:00.0;-0.0013610165226542147
2018-05-21T15:00:00.0;-0.0014971009549006728
2018-05-21T16:00:00.0;-0.0017079783119983852
2018-05-21T17:00:00.0;-0.007452435050004556
2018-05-21T18:00:00.0;-0.007910882656408564
2018-05-21T19:00:00.0;-0.008389132747815024
2018-05-21T20:00:00.0;-0.00873083400897511
2018-05-21T21:00:00.0;-0.008915219637829402
2018-05-21T22:00:00.0;-0.008511222698558495
2018-05-21T23:00:00.0;-0.008037073160169031
2018-05-22T00:00:00.0;-0.008014342799519349
2018-05-22T01:00:00.0;-0.015366690949533154
2018-05-22T02:00:00.0;-0.01469681962770048
2018-05-22T03:00:00.0;-0.015191896512922515
2018-05-22T04:00:00.0;-0.014875344706029766
2018-05-22T05:00:00.0;-0.02933795816230735
2018-05-22T06:00:00.0;-0.030683181283728492
2018-05-22T07:00:00.0;-0.030990560628192925
2018-05-22T08:00:00.0;-0.03009982713535628
2018-05-22T09:00:00.0;-0.02861663989730049
2018-05-22T10:00:00.0;-0.027709002405947813
2018-05-22T11:00:00.0;-0.01866425154425607
2018-05-22T12:00:00.0;-0.01873846797346083
2018-05-22T13:00:00.0;-0.019019796224601655
2018-05-22T14:00:00.0;-0.01984639294944229
2018-05-22T15:00:00.0;-0.021302043066270406
2018-05-22T16:00:00.0;-0.023320621828451484
2018-05-22T17:00:00.0;-0.025752148488681962
2018-05-22T18:00:00.0;-0.03705513362110038
2018-05-22T19:00:00.0;-0.038704027560055206
2018-05-22T20:00:00.0;-0.039643536026161434
2018-05-22T21:00:00.0;-0.03916178601847267
2018-05-22T22:00:00.0;-0.0375114184507092
2018-05-22T23:00:00.0;-0.018190597672418832
2018-05-23T00:00:00.0;-0.008021829444828541
2018-05-23T01:00:00.0;-0.00825221188056578
2018-05-23T02:00:00.0;-0.00792075629706609
2018-05-23T03:00:00.0;-0.00810380531643204
2018-05-23T04:00:00.0;-0.007891125295979795
2018-05-23T05:00:00.0;-0.019156824715909678
2018-05-23T06:00:00.0;-0.025678816127716605
2018-05-23T07:00:00.0;-0.026556325990497284
2018-05-23T08:00:00.0;-0.03432818104783993
2018-05-23T09:00:00.0;-0.03298574689659634
2018-05-23T10:00:00.0;-0.03187991812239306
2018-05-23T11:00:00.0;-0.022440038336631496
2018-05-23T12:00:00.0;-0.022538993575408763
2018-05-23T13:00:00.0;-0.0177369558109847
2018-05-23T14:00:00.0;-0.01841321283827577
2018-05-23T15:00:00.0;-0.019578195290289785
2018-05-23T16:00:00.0;-0.02139161428868356
2018-05-23T17:00:00.0;-0.03334609110617316
2018-05-23T18:00:00.0;-0.035950879379158696
2018-05-23T19:00:00.0;-0.03737265111731097
2018-05-23T20:00:00.0;-0.037701771770216976
2018-05-23T21:00:00.0;-0.0366282807120901
2018-05-23T22:00:00.0;-0.024888893372846173
2018-05-23T23:00:00.0;-0.00854141003350119
2018-05-24T00:00:00.0;-0.00810417850116873
2018-05-24T01:00:00.0;-0.01008247832267034
2018-05-24T02:00:00.0;-0.009023269567980876
2018-05-24T03:00:00.0;-0.010744121370329119
2018-05-24T04:00:00.0;-0.010881322729858407
2018-05-24T05:00:00.0;-0.011292354159325474
2018-05-24T06:00:00.0;-0.01173282150431582
2018-05-24T07:00:00.0;-0.015623169654388399
2018-05-24T08:00:00.0;-0.024909388329995726
2018-05-24T09:00:00.0;-0.024118892744166728
2018-05-24T10:00:00.0;-0.023049058528071962
2018-05-24T11:00:00.0;-0.008247420993379157
2018-05-24T12:00:00.0;-0.005157924664527001
2018-05-24T13:00:00.0;-0.005259001797535777
2018-05-24T14:00:00.0;-0.005503936519677804
2018-05-24T15:00:00.0;-0.005899653981889516
2018-05-24T16:00:00.0;-0.010212062812679766
2018-05-24T17:00:00.0;-0.02507947019825196
2018-05-24T18:00:00.0;-0.031596029898091745
2018-05-24T19:00:00.0;-0.03280153735462886
2018-05-24T20:00:00.0;-0.033311934683180354
2018-05-24T21:00:00.0;-0.02873874047934342
2018-05-24T22:00:00.0;-0.015575892760641837
2018-05-24T23:00:00.0;-0.013892877997853416
2018-05-25T00:00:00.0;-0.007947746128027417
2018-05-25T01:00:00.0;-0.007425400730510228
2018-05-25T02:00:00.0;-0.007124312294435322
2018-05-25T03:00:00.0;-0.008171751223193696
2018-05-25T04:00:00.0;-0.007971976369270313
2018-05-25T05:00:00.0;-0.022243905786337385
2018-05-25T06:00:00.0;-0.02346263009963673
2018-05-25T07:00:00.0;-0.024044587107847223
2018-05-25T08:00:00.0;-0.029149953772459544
2018-05-25T09:00:00.0;-0.027763535586985993
2018-05-25T10:00:00.0;-0.026719294432526467
2018-05-25T11:00:00.0;-0.018736822060615548
2018-05-25T12:00:00.0;-0.01878425089763228
2018-05-25T13:00:00.0;-0.019226181636567558
2018-05-25T14:00:00.0;-0.020083939229979128
2018-05-25T15:00:00.0;-0.021536751468605807
2018-05-25T16:00:00.0;-0.02357927979175187
2018-05-25T17:00:00.0;-0.03347348294012563
2018-05-25T18:00:00.0;-0.03620781994333956
2018-05-25T19:00:00.0;-0.03771025298316455
2018-05-25T20:00:00.0;-0.03842983363847443
2018-05-25T21:00:00.0;-0.037540913194011066
2018-05-25T22:00:00.0;-0.028819750528004274
2018-05-25T23:00:00.0;-0.009862733110220144
2018-05-26T00:00:00.0;-0.007731657777529786
2018-05-26T01:00:00.0;-0.013673401819821159
2018-05-26T02:00:00.0;-0.01304602471593786
2018-05-26T03:00:00.0;-0.015765011925887598
2018-05-26T04:00:00.0;-0.015025062440143597
2018-05-26T05:00:00.0;-0.014922470937974384
2018-05-26T06:00:00.0;-0.01494151557324994
2018-05-26T07:00:00.0;-0.014933629061700206
2018-05-26T08:00:00.0;-0.014740461092080735
2018-05-26T09:00:00.0;-0.014290236992153083
2018-05-26T10:00:00.0;-0.013804434591817965
2018-05-26T11:00:00.0;-0.0032268950567756467
2018-05-26T12:00:00.0;-0.003191499826585316
2018-05-26T13:00:00.0;-0.003234232069105403
2018-05-26T14:00:00.0;-0.00341312109169838
2018-05-26T15:00:00.0;-0.003708823446773584
2018-05-26T16:00:00.0;-0.004145269146536754
2018-05-26T17:00:00.0;-0.008271322775507465
2018-05-26T18:00:00.0;-0.019798892841025127
2018-05-26T19:00:00.0;-0.020853247122300286
2018-05-26T20:00:00.0;-0.021570793682865328
2018-05-26T21:00:00.0;-0.02199555553826056
2018-05-26T22:00:00.0;-0.021119806488232477
2018-05-26T23:00:00.0;-0.019397983988754225
2018-05-27T00:00:00.0;-0.0074834006970324685
2018-05-27T01:00:00.0;-0.005356137186599086
2018-05-27T02:00:00.0;-0.005111838026975517
2018-05-27T03:00:00.0;-0.008910890992389052
2018-05-27T04:00:00.0;-0.008449225791574864
2018-05-27T05:00:00.0;-0.010152970396379924
2018-05-27T06:00:00.0;-0.010102953964457114
2018-05-27T07:00:00.0;-0.010034813143174916
2018-05-27T08:00:00.0;-0.009918840688776203
2018-05-27T09:00:00.0;-0.009622208316467937
2018-05-27T10:00:00.0;-0.009298025341623578
2018-05-27T11:00:00.0;-0.00387789430388205
2018-05-27T12:00:00.0;-0.00383949844482216
2018-05-27T13:00:00.0;-0.003923565024831928
2018-05-27T14:00:00.0;-0.004159143590239583
2018-05-27T15:00:00.0;-0.004545601997060485
2018-05-27T16:00:00.0;-0.005125922131214443
2018-05-27T17:00:00.0;-0.010284789278781044
2018-05-27T18:00:00.0;-0.01382414074050727
2018-05-27T19:00:00.0;-0.014608317404612823
2018-05-27T20:00:00.0;-0.015149133339462035
2018-05-27T21:00:00.0;-0.015378273080832897
2018-05-27T22:00:00.0;-0.014700039428986405
2018-05-27T23:00:00.0;-0.011095569478519002
2018-05-28T00:00:00.0;-0.008349107911503758
2018-05-28T01:00:00.0;-0.02942699222051506
2018-05-28T02:00:00.0;-0.02813214561571665
2018-05-28T03:00:00.0;-0.02711939831736686
2018-05-28T04:00:00.0;-0.026579318410022573
2018-05-28T05:00:00.0;-0.03552487364052702
2018-05-28T06:00:00.0;-0.037867163656838426
2018-05-28T07:00:00.0;-0.03845361341958164
2018-05-28T08:00:00.0;-0.037449059808907545
2018-05-28T09:00:00.0;-0.03577143797261941
2018-05-28T10:00:00.0;-0.03464766067174119
2018-05-28T11:00:00.0;-0.015535805933120612
2018-05-28T12:00:00.0;-0.015534266848901173
2018-05-28T13:00:00.0;-0.014850283109073558
2018-05-28T14:00:00.0;-0.015434378357327631
2018-05-28T15:00:00.0;-0.016472097872778625
2018-05-28T16:00:00.0;-0.017897511257509175
2018-05-28T17:00:00.0;-0.018705523827470007
2018-05-28T18:00:00.0;-0.04388325990693187
2018-05-28T19:00:00.0;-0.04569115643641463
2018-05-28T20:00:00.0;-0.04666663753546756
2018-05-28T21:00:00.0;-0.046678152753037536
2018-05-28T22:00:00.0;-0.04502236859869395
2018-05-28T23:00:00.0;-0.031920138735623146
2018-05-29T00:00:00.0;-0.008285800672590346
2018-05-29T01:00:00.0;-0.012520936207902272
2018-05-29T02:00:00.0;-0.012041687919171712
2018-05-29T03:00:00.0;-0.012267979924989913
2018-05-29T04:00:00.0;-0.011883844878506583
2018-05-29T05:00:00.0;-0.01674034693749233
2018-05-29T06:00:00.0;-0.017796063180605143
2018-05-29T07:00:00.0;-0.018805186980671993
2018-05-29T08:00:00.0;-0.03565031763397306
2018-05-29T09:00:00.0;-0.03427476484363405
2018-05-29T10:00:00.0;-0.03263225746843596
2018-05-29T11:00:00.0;-0.011239322844215508
2018-05-29T12:00:00.0;-0.011156716470756651
2018-05-29T13:00:00.0;-0.01140219293096112
2018-05-29T14:00:00.0;-0.011891268167958836
2018-05-29T15:00:00.0;-0.012661238473924093
2018-05-29T16:00:00.0;-0.013742182996030503
2018-05-29T17:00:00.0;-0.035762055887754156
2018-05-29T18:00:00.0;-0.04345406296155893
2018-05-29T19:00:00.0;-0.04488322303881976
2018-05-29T20:00:00.0;-0.04528504634752936
2018-05-29T21:00:00.0;-0.04434778425744892
2018-05-29T22:00:00.0;-0.022093344815816082
2018-05-29T23:00:00.0;-0.014803978917630578
2018-05-30T00:00:00.0;-0.008403723761958687
2018-05-30T01:00:00.0;-0.03220016506911788
2018-05-30T02:00:00.0;-0.030781990716441814
2018-05-30T03:00:00.0;-0.029685379330065088
2018-05-30T04:00:00.0;-0.029073065075921185
2018-05-30T05:00:00.0;-0.036447540957463664
2018-05-30T06:00:00.0;-0.03796898350177245
2018-05-30T07:00:00.0;-0.03857593153625477
2018-05-30T08:00:00.0;-0.037577303746131524
2018-05-30T09:00:00.0;-0.035907762057304546
2018-05-30T10:00:00.0;-0.034738773759231664
2018-05-30T11:00:00.0;-0.013322623051855446
2018-05-30T12:00:00.0;-0.013295511662264925
2018-05-30T13:00:00.0;-0.01332278291779088
2018-05-30T14:00:00.0;-0.013855097784858775
2018-05-30T15:00:00.0;-0.014793496784228971
2018-05-30T16:00:00.0;-0.01606048234902664
2018-05-30T17:00:00.0;-0.016784469828097073
2018-05-30T18:00:00.0;-0.044803755746492126
2018-05-30T19:00:00.0;-0.046632832014037034
2018-05-30T20:00:00.0;-0.047683051437949195
2018-05-30T21:00:00.0;-0.04791132560903371
2018-05-30T22:00:00.0;-0.04628776860472064
2018-05-30T23:00:00.0;-0.035101931866212216
2018-05-31T00:00:00.0;-0.008313712153900784
2018-05-31T01:00:00.0;-0.02660184879723446
2018-05-31T02:00:00.0;-0.025440595210757866
2018-05-31T03:00:00.0;-0.024523885161684054
2018-05-31T04:00:00.0;-0.024108351165517437
2018-05-31T05:00:00.0;-0.03655435797780504
2018-05-31T06:00:00.0;-0.03834665311404324
2018-05-31T07:00:00.0;-0.03893055777960477
2018-05-31T08:00:00.0;-0.037807469010060026
2018-05-31T09:00:00.0;-0.03597450904989902
2018-05-31T10:00:00.0;-0.03482356386570485
2018-05-31T11:00:00.0;-0.017967476772452334
2018-05-31T12:00:00.0;-0.018001704685687913
2018-05-31T13:00:00.0;-0.01812316361362174
2018-05-31T14:00:00.0;-0.018841984881414073
2018-05-31T15:00:00.0;-0.02012272776488341
2018-05-31T16:00:00.0;-0.021851062359736936
2018-05-31T17:00:00.0;-0.02278846578243611
2018-05-31T18:00:00.0;-0.04505182798992993
2018-05-31T19:00:00.0;-0.04689308044719641
2018-05-31T20:00:00.0;-0.047909563423340594
2018-05-31T21:00:00.0;-0.047635176246790666
2018-05-31T22:00:00.0;-0.04587122250222847
2018-05-31T23:00:00.0;-0.0290064299016954
2018-06-01T00:00:00.0;-0.008218537917611249
2018-06-01T01:00:00.0;-0.020776196758162193
2018-06-01T02:00:00.0;-0.019879658898834567
2018-06-01T03:00:00.0;-0.019154324973923637
2018-06-01T04:00:00.0;-0.018905583906245294
2018-06-01T05:00:00.0;-0.03666728540333322
2018-06-01T06:00:00.0;-0.03874599291348736
2018-06-01T07:00:00.0;-0.03930552880041413
2018-06-01T08:00:00.0;-0.03805083683160734
2018-06-01T09:00:00.0;-0.03604508592122321
2018-06-01T10:00:00.0;-0.03491324909931419
2018-06-01T11:00:00.0;-0.022894766711930352
2018-06-01T12:00:00.0;-0.0230333660914018
2018-06-01T13:00:00.0;-0.023301895714326233
2018-06-01T14:00:00.0;-0.024218986958531384
2018-06-01T15:00:00.0;-0.02587119279091036
2018-06-01T16:00:00.0;-0.028099692603076033
2018-06-01T17:00:00.0;-0.029241766093546645
2018-06-01T18:00:00.0;-0.04531421495528844
2018-06-01T19:00:00.0;-0.047168293784825115
2018-06-01T20:00:00.0;-0.04814908205424374
2018-06-01T21:00:00.0;-0.0473431850202889
2018-06-01T22:00:00.0;-0.045430821029404087
2018-06-01T23:00:00.0;-0.022661634132824356
2018-06-02T00:00:00.0;-0.007955876656152234
2018-06-02T01:00:00.0;-0.013313061574159266
2018-06-02T02:00:00.0;-0.01273348186221476
2018-06-02T03:00:00.0;-0.013506856915562764
2018-06-02T04:00:00.0;-0.01321255161271195
2018-06-02T05:00:00.0;-0.027918928800444998
2018-06-02T06:00:00.0;-0.02917320659422394
2018-06-02T07:00:00.0;-0.029433209701212833
2018-06-02T08:00:00.0;-0.028590828779756498
2018-06-02T09:00:00.0;-0.027180931171397336
2018-06-02T10:00:00.0;-0.02632016891077458
2018-06-02T11:00:00.0;-0.018647143882351534
2018-06-02T12:00:00.0;-0.01872726635465791
2018-06-02T13:00:00.0;-0.019039224833505633
2018-06-02T14:00:00.0;-0.01988246056256466
2018-06-02T15:00:00.0;-0.021363563147424474
2018-06-02T16:00:00.0;-0.023428277094885545
2018-06-02T17:00:00.0;-0.02615426776081441
2018-06-02T18:00:00.0;-0.03544464195430145
2018-06-02T19:00:00.0;-0.037048589646770186
2018-06-02T20:00:00.0;-0.037968931651954474
2018-06-02T21:00:00.0;-0.03746947154659455
2018-06-02T22:00:00.0;-0.03585408301833732
2018-06-02T23:00:00.0;-0.016214626632356028
2018-06-03T00:00:00.0;-0.00831506795934036
2018-06-03T01:00:00.0;-0.028892251943673144
2018-06-03T02:00:00.0;-0.02761739703595445
2018-06-03T03:00:00.0;-0.02696249726679366
2018-06-03T04:00:00.0;-0.026365046240089163
2018-06-03T05:00:00.0;-0.034084450255584306
2018-06-03T06:00:00.0;-0.035450204252892775
2018-06-03T07:00:00.0;-0.035961649309644586
2018-06-03T08:00:00.0;-0.03504218901168087
2018-06-03T09:00:00.0;-0.03349028405543448
2018-06-03T10:00:00.0;-0.03240059830760351
2018-06-03T11:00:00.0;-0.013282611434149525
2018-06-03T12:00:00.0;-0.01325899163903491
2018-06-03T13:00:00.0;-0.013314239419347484
2018-06-03T14:00:00.0;-0.013862460174051341
2018-06-03T15:00:00.0;-0.014824512126608855
2018-06-03T16:00:00.0;-0.0161354796095101
2018-06-03T17:00:00.0;-0.017310877785911963
2018-06-03T18:00:00.0;-0.04221232004176879
2018-06-03T19:00:00.0;-0.043984493384149746
2018-06-03T20:00:00.0;-0.04501471692360136
2018-06-03T21:00:00.0;-0.04517745887650511
2018-06-03T22:00:00.0;-0.043586267655851905
2018-06-03T23:00:00.0;-0.0320038329040554
2018-06-04T00:00:00.0;-0.008302677149984752
2018-06-04T01:00:00.0;-0.0275387270830853
2018-06-04T02:00:00.0;-0.026324443812209157
2018-06-04T03:00:00.0;-0.025365852597671625
2018-06-04T04:00:00.0;-0.02484878798803387
2018-06-04T05:00:00.0;-0.034053912127823785
2018-06-04T06:00:00.0;-0.03754599058100238
2018-06-04T07:00:00.0;-0.038110370692179846
2018-06-04T08:00:00.0;-0.03715011127343282
2018-06-04T09:00:00.0;-0.03553018840431063
2018-06-04T10:00:00.0;-0.03446912288163172
2018-06-04T11:00:00.0;-0.016980975524572492
2018-06-04T12:00:00.0;-0.017002013327046588
2018-06-04T13:00:00.0;-0.015181011917008084
2018-06-04T14:00:00.0;-0.01576525647698388
2018-06-04T15:00:00.0;-0.01681132621536444
2018-06-04T16:00:00.0;-0.01828771912782037
2018-06-04T17:00:00.0;-0.019132598396806984
2018-06-04T18:00:00.0;-0.04234179083961843
2018-06-04T19:00:00.0;-0.044109970514011825
2018-06-04T20:00:00.0;-0.04498723402976788
2018-06-04T21:00:00.0;-0.044883836634490706
2018-06-04T22:00:00.0;-0.04324088495466776
2018-06-04T23:00:00.0;-0.02961018894646602
2018-06-05T00:00:00.0;-0.00839364511730019
2018-06-05T01:00:00.0;-0.032629886042833234
2018-06-05T02:00:00.0;-0.03118723791216492
2018-06-05T03:00:00.0;-0.03023806647240741
2018-06-05T04:00:00.0;-0.029552641604450758
2018-06-05T05:00:00.0;-0.03527359197729832
2018-06-05T06:00:00.0;-0.03662467560313159
2018-06-05T07:00:00.0;-0.03719314872735317
2018-06-05T08:00:00.0;-0.03627633656738658
2018-06-05T09:00:00.0;-0.034720697017012636
2018-06-05T10:00:00.0;-0.033583525312165435
2018-06-05T11:00:00.0;-0.011653112205237048
2018-06-05T12:00:00.0;-0.011614135115393056
2018-06-05T13:00:00.0;-0.011629751352615259
2018-06-05T14:00:00.0;-0.012102409801466398
2018-06-05T15:00:00.0;-0.01293063241365442
2018-06-05T16:00:00.0;-0.014054106293148592
2018-06-05T17:00:00.0;-0.014911087804141812
2018-06-05T18:00:00.0;-0.043473850858239564
2018-06-05T19:00:00.0;-0.0452720013212902
2018-06-05T20:00:00.0;-0.046324954147351126
2018-06-05T21:00:00.0;-0.04669718151550038
2018-06-05T22:00:00.0;-0.04513758886145591
2018-06-05T23:00:00.0;-0.03581669780428707
2018-06-06T00:00:00.0;-0.00836032590686364
2018-06-06T01:00:00.0;-0.03423667047636354
2018-06-06T02:00:00.0;-0.03270166778222291
2018-06-06T03:00:00.0;-0.03221425024941527
2018-06-06T04:00:00.0;-0.031249431261577285
2018-06-06T05:00:00.0;-0.031168055517292882
2018-06-06T06:00:00.0;-0.03228974517999131
2018-06-06T07:00:00.0;-0.032739215573710685
2018-06-06T08:00:00.0;-0.032093035968157824
2018-06-06T09:00:00.0;-0.03091439251802311
2018-06-06T10:00:00.0;-0.029892053378806308
2018-06-06T11:00:00.0;-0.006227827223454155
2018-06-06T12:00:00.0;-0.006178079625337379
2018-06-06T13:00:00.0;-0.005866639205905569
2018-06-06T14:00:00.0;-0.006117481852874567
2018-06-06T15:00:00.0;-0.006548864972494731
2018-06-06T16:00:00.0;-0.007147598690108182
2018-06-06T17:00:00.0;-0.008351196283051676
2018-06-06T18:00:00.0;-0.03880494209098408
2018-06-06T19:00:00.0;-0.04048528321349968
2018-06-06T20:00:00.0;-0.041513872754984374
2018-06-06T21:00:00.0;-0.04232190737682027
2018-06-06T22:00:00.0;-0.04098055678782152
2018-06-06T23:00:00.0;-0.03830735148286078
2018-06-07T00:00:00.0;-0.008459393887500466
2018-06-07T01:00:00.0;-0.03570573548884904
2018-06-07T02:00:00.0;-0.03412546789468168
2018-06-07T03:00:00.0;-0.03291812377909112
2018-06-07T04:00:00.0;-0.0321651144240683
2018-06-07T05:00:00.0;-0.03638146966002453
2018-06-07T06:00:00.0;-0.037735407557393935
2018-06-07T07:00:00.0;-0.03835660566235873
2018-06-07T08:00:00.0;-0.037434952425528245
2018-06-07T09:00:00.0;-0.03586648129977033
2018-06-07T10:00:00.0;-0.03468634772749323
2018-06-07T11:00:00.0;-0.010457262798747143
2018-06-07T12:00:00.0;-0.01041039579562123
2018-06-07T13:00:00.0;-0.010401261200772368
2018-06-07T14:00:00.0;-0.010818716825559394
2018-06-07T15:00:00.0;-0.01154974770450441
2018-06-07T16:00:00.0;-0.012537084457238015
2018-06-07T17:00:00.0;-0.013119422716133701
2018-06-07T18:00:00.0;-0.044650368527448824
2018-06-07T19:00:00.0;-0.04647189192867986
2018-06-07T20:00:00.0;-0.047542965854646
2018-06-07T21:00:00.0;-0.04808211617899907
2018-06-07T22:00:00.0;-0.04654540928498914
2018-06-07T23:00:00.0;-0.038918017836182796
2018-06-08T00:00:00.0;-0.008122917612450544
2018-06-08T01:00:00.0;-0.015132714988184508
2018-06-08T02:00:00.0;-0.014489522533741821
2018-06-08T03:00:00.0;-0.013953380578171887
2018-06-08T04:00:00.0;-0.013824716504868075
2018-06-08T05:00:00.0;-0.03660179553322646
2018-06-08T06:00:00.0;-0.03908780074163465
2018-06-08T07:00:00.0;-0.03962168743740018
2018-06-08T08:00:00.0;-0.03824726403596801
2018-06-08T09:00:00.0;-0.03608425815973976
2018-06-08T10:00:00.0;-0.03497778867589058
2018-06-08T11:00:00.0;-0.027746539388891017
2018-06-08T12:00:00.0;-0.028027701993829476
2018-06-08T13:00:00.0;-0.028349726871415074
2018-06-08T14:00:00.0;-0.029454683151438114
2018-06-08T15:00:00.0;-0.03146784920616615
2018-06-08T16:00:00.0;-0.034190142634476096
2018-06-08T17:00:00.0;-0.03551208293992565
2018-06-08T18:00:00.0;-0.04538302313384931
2018-06-08T19:00:00.0;-0.04724469006786894
2018-06-08T20:00:00.0;-0.04818006466677812
2018-06-08T21:00:00.0;-0.046861240195542865
2018-06-08T22:00:00.0;-0.04481073465058067
2018-06-08T23:00:00.0;-0.01648361544098312
2018-06-09T00:00:00.0;-0.0079483184892924
2018-06-09T01:00:00.0;-0.015895866884618328
2018-06-09T02:00:00.0;-0.015190531966622393
2018-06-09T03:00:00.0;-0.016329280534287078
2018-06-09T04:00:00.0;-0.015854165822290028
2018-06-09T05:00:00.0;-0.024757079815625443
2018-06-09T06:00:00.0;-0.025553387511997122
2018-06-09T07:00:00.0;-0.025741886635392567
2018-06-09T08:00:00.0;-0.025125380571739173
2018-06-09T09:00:00.0;-0.02403435048094411
2018-06-09T10:00:00.0;-0.02325482486564933
2018-06-09T11:00:00.0;-0.01285202048887266
2018-06-09T12:00:00.0;-0.012841783288337023
2018-06-09T13:00:00.0;-0.01301640431932815
2018-06-09T14:00:00.0;-0.013624309226384463
2018-06-09T15:00:00.0;-0.014671789623305741
2018-06-09T16:00:00.0;-0.016150960685773985
2018-06-09T17:00:00.0;-0.019147686860255152
2018-06-09T18:00:00.0;-0.03168490994744091
2018-06-09T19:00:00.0;-0.03317277659671069
2018-06-09T20:00:00.0;-0.034079341387299365
2018-06-09T21:00:00.0;-0.034048340711299134
2018-06-09T22:00:00.0;-0.03265820075914143
2018-06-09T23:00:00.0;-0.019706276755337506
2018-06-10T00:00:00.0;-0.007882204890211757
2018-06-10T01:00:00.0;-0.016804107839992585
2018-06-10T02:00:00.0;-0.0160437473350715
2018-06-10T03:00:00.0;-0.01785485652160167
2018-06-10T04:00:00.0;-0.017166362561317174
2018-06-10T05:00:00.0;-0.020039365820921064
2018-06-10T06:00:00.0;-0.020350512546162377
2018-06-10T07:00:00.0;-0.020436767298413705
2018-06-10T08:00:00.0;-0.020071087981778916
2018-06-10T09:00:00.0;-0.019346891780304597
2018-06-10T10:00:00.0;-0.018701364549587787
2018-06-10T11:00:00.0;-0.006700979423493939
2018-06-10T12:00:00.0;-0.006655201636683662
2018-06-10T13:00:00.0;-0.006731959753793766
2018-06-10T14:00:00.0;-0.007072705230214788
2018-06-10T15:00:00.0;-0.007646215019959982
2018-06-10T16:00:00.0;-0.008472653764206165
2018-06-10T17:00:00.0;-0.011926241252166618
2018-06-10T18:00:00.0;-0.026035314700850316
2018-06-10T19:00:00.0;-0.027331616255925825
2018-06-10T20:00:00.0;-0.028175242504152542
2018-06-10T21:00:00.0;-0.02852743684899554
2018-06-10T22:00:00.0;-0.02741061980543464
2018-06-10T23:00:00.0;-0.02173427875635912
2018-06-11T00:00:00.0;-0.007973465513739342
2018-06-11T01:00:00.0;-0.013056894409815431
2018-06-11T02:00:00.0;-0.012489117795696622
2018-06-11T03:00:00.0;-0.012642540136583101
2018-06-11T04:00:00.0;-0.012395653554215997
2018-06-11T05:00:00.0;-0.028114444654409862
2018-06-11T06:00:00.0;-0.0329135467610358
2018-06-11T07:00:00.0;-0.033259091755946116
2018-06-11T08:00:00.0;-0.03236020886853584
2018-06-11T09:00:00.0;-0.0308467674081634
2018-06-11T10:00:00.0;-0.030012223974815254
2018-06-11T11:00:00.0;-0.023663749339516194
2018-06-11T12:00:00.0;-0.02386193413367874
2018-06-11T13:00:00.0;-0.02099200190527659
2018-06-11T14:00:00.0;-0.021818516020815474
2018-06-11T15:00:00.0;-0.023317414171769916
2018-06-11T16:00:00.0;-0.025532535676645356
2018-06-11T17:00:00.0;-0.02756882519586594
2018-06-11T18:00:00.0;-0.0358698276543258
2018-06-11T19:00:00.0;-0.037471277425428454
2018-06-11T20:00:00.0;-0.03817526904820362
2018-06-11T21:00:00.0;-0.03741072799204629
2018-06-11T22:00:00.0;-0.03574895498966952
2018-06-11T23:00:00.0;-0.014358511496068701
2018-06-12T00:00:00.0;-0.008003179458710218
2018-06-12T01:00:00.0;-0.010527317277742011
2018-06-12T02:00:00.0;-0.01008695669157491
2018-06-12T03:00:00.0;-0.010244474382875643
2018-06-12T04:00:00.0;-0.01003643823605954
2018-06-12T05:00:00.0;-0.025602073453857205
2018-06-12T06:00:00.0;-0.030359186664473937
2018-06-12T07:00:00.0;-0.030990618192260722
2018-06-12T08:00:00.0;-0.033736109526284155
2018-06-12T09:00:00.0;-0.03217892994350601
2018-06-12T10:00:00.0;-0.031182285870369197
2018-06-12T11:00:00.0;-0.02392108041713926
2018-06-12T12:00:00.0;-0.024091338828264305
2018-06-12T13:00:00.0;-0.02137963187762412
2018-06-12T14:00:00.0;-0.022219714909529703
2018-06-12T15:00:00.0;-0.02370831889000913
2018-06-12T16:00:00.0;-0.02590605294648827
2018-06-12T17:00:00.0;-0.03217895374536649
2018-06-12T18:00:00.0;-0.037521440524043395
2018-06-12T19:00:00.0;-0.03909236553846318
2018-06-12T20:00:00.0;-0.039686045993125404
2018-06-12T21:00:00.0;-0.038662708655206976
2018-06-12T22:00:00.0;-0.03261471357259295
2018-06-12T23:00:00.0;-0.011538168555271917
2018-06-13T00:00:00.0;-0.008034088571032622
2018-06-13T01:00:00.0;-0.017421437409721015
2018-06-13T02:00:00.0;-0.016655337991709568
2018-06-13T03:00:00.0;-0.01721486031790758
2018-06-13T04:00:00.0;-0.016803956459760273
2018-06-13T05:00:00.0;-0.0283668099206677
2018-06-13T06:00:00.0;-0.029511862881246697
2018-06-13T07:00:00.0;-0.02980042742182444
2018-06-13T08:00:00.0;-0.029005754499986713
2018-06-13T09:00:00.0;-0.02765493766602611
2018-06-13T10:00:00.0;-0.026767668131104514
2018-06-13T11:00:00.0;-0.015859647116053213
2018-06-13T12:00:00.0;-0.015883681225543445
2018-06-13T13:00:00.0;-0.01608913785526666
2018-06-13T14:00:00.0;-0.016800575258330903
2018-06-13T15:00:00.0;-0.018043228506455077
2018-06-13T16:00:00.0;-0.019773382839206752
2018-06-13T17:00:00.0;-0.022235492184392806
2018-06-13T18:00:00.0;-0.03588726262928268
2018-06-13T19:00:00.0;-0.03750154066979628
2018-06-13T20:00:00.0;-0.03844664588782274
2018-06-13T21:00:00.0;-0.03821500216070442
2018-06-13T22:00:00.0;-0.036660154135932564
2018-06-13T23:00:00.0;-0.02064250922056848
2018-06-14T00:00:00.0;-0.0081189165418161
2018-06-14T01:00:00.0;-0.006009497304158663
2018-06-14T02:00:00.0;-0.005789652209628758
2018-06-14T03:00:00.0;-0.007181401740670707
2018-06-14T04:00:00.0;-0.006892852486199618
2018-06-14T05:00:00.0;-0.008686599948475413
2018-06-14T06:00:00.0;-0.009180244334427065
2018-06-14T07:00:00.0;-0.009753608101046259
2018-06-14T08:00:00.0;-0.02888678257858936
2018-06-14T09:00:00.0;-0.027913060753910802
2018-06-14T10:00:00.0;-0.026475694072531208
2018-06-14T11:00:00.0;-0.007172372589561475
2018-06-14T12:00:00.0;-0.007092901771682346
2018-06-14T13:00:00.0;-0.007288760834155476
2018-06-14T14:00:00.0;-0.007628907623201492
2018-06-14T15:00:00.0;-0.008147277848535018
2018-06-14T16:00:00.0;-0.008896052027861744
2018-06-14T17:00:00.0;-0.03500686265862724
2018-06-14T18:00:00.0;-0.036251475214016
2018-06-14T19:00:00.0;-0.03748597857628017
2018-06-14T20:00:00.0;-0.03783468715621115
2018-06-14T21:00:00.0;-0.03708556734433471
2018-06-14T22:00:00.0;-0.011869724105469328
2018-06-14T23:00:00.0;-0.0087759629958372
2018-06-15T00:00:00.0;-0.008425868761325056
2018-06-15T01:00:00.0;-0.03359069571623906
2018-06-15T02:00:00.0;-0.032108334691302566
2018-06-15T03:00:00.0;-0.030967626260215413
2018-06-15T04:00:00.0;-0.03030108337240894
2018-06-15T05:00:00.0;-0.0364212591577537
2018-06-15T06:00:00.0;-0.037876069035616355
2018-06-15T07:00:00.0;-0.038488685758669254
2018-06-15T08:00:00.0;-0.03752067780628121
2018-06-15T09:00:00.0;-0.035891340932289906
2018-06-15T10:00:00.0;-0.03471791787985338
2018-06-15T11:00:00.0;-0.012182137247073302
2018-06-15T12:00:00.0;-0.012145502973988722
2018-06-15T13:00:00.0;-0.01215629249640448
2018-06-15T14:00:00.0;-0.012642872627258528
2018-06-15T15:00:00.0;-0.01349838328114772
2018-06-15T16:00:00.0;-0.014653607041497558
2018-06-15T17:00:00.0;-0.015322131860067189
2018-06-15T18:00:00.0;-0.044742736255890064
2018-06-15T19:00:00.0;-0.04656881010093913
2018-06-15T20:00:00.0;-0.047627326211173146
2018-06-15T21:00:00.0;-0.0479792644670177
2018-06-15T22:00:00.0;-0.04639025389575628
2018-06-15T23:00:00.0;-0.03661570615969191
2018-06-16T00:00:00.0;-0.007615891724829363
2018-06-16T01:00:00.0;-0.004876263280881925
2018-06-16T02:00:00.0;-0.004664331087671566
2018-06-16T03:00:00.0;-0.007214147162753246
2018-06-16T04:00:00.0;-0.006955417610087405
2018-06-16T05:00:00.0;-0.01677455715607483
2018-06-16T06:00:00.0;-0.018260219529620553
2018-06-16T07:00:00.0;-0.01826812992352507
2018-06-16T08:00:00.0;-0.017881673193273516
2018-06-16T09:00:00.0;-0.017149101907555416
2018-06-16T10:00:00.0;-0.01662679790255735
2018-06-16T11:00:00.0;-0.013466361092755308
2018-06-16T12:00:00.0;-0.013485256703132909
2018-06-16T13:00:00.0;-0.012784965597009436
2018-06-16T14:00:00.0;-0.013433249237012902
2018-06-16T15:00:00.0;-0.014541784498344796
2018-06-16T16:00:00.0;-0.016186234581528788
2018-06-16T17:00:00.0;-0.020585765764954325
2018-06-16T18:00:00.0;-0.022248515505007935
2018-06-16T19:00:00.0;-0.023396492984142668
2018-06-16T20:00:00.0;-0.024075982782814597
2018-06-16T21:00:00.0;-0.023915163749635808
2018-06-16T22:00:00.0;-0.022802391913347916
2018-06-16T23:00:00.0;-0.008579506498224164
2018-06-17T00:00:00.0;-0.0073806597862087495
2018-06-17T01:00:00.0;-0.0022837603673534963
2018-06-17T02:00:00.0;-0.002182139192916772
2018-06-17T03:00:00.0;-0.006444346087655737
2018-06-17T04:00:00.0;-0.006092435466385991
2018-06-17T05:00:00.0;-0.008087172481573698
2018-06-17T06:00:00.0;-0.00801330112575344
2018-06-17T07:00:00.0;-0.007935368869236367
2018-06-17T08:00:00.0;-0.007853203006830114
2018-06-17T09:00:00.0;-0.007626158529511444
2018-06-17T10:00:00.0;-0.007370271081507664
2018-06-17T11:00:00.0;-0.003711008986485887
2018-06-17T12:00:00.0;-0.0036736229342710556
2018-06-17T13:00:00.0;-0.003766778550078857
2018-06-17T14:00:00.0;-0.004001947697850935
2018-06-17T15:00:00.0;-0.004386035795018048
2018-06-17T16:00:00.0;-0.004967638694667965
2018-06-17T17:00:00.0;-0.01053607545235141
2018-06-17T18:00:00.0;-0.011146004635964662
2018-06-17T19:00:00.0;-0.011795951482784726
2018-06-17T20:00:00.0;-0.012248312054795502
2018-06-17T21:00:00.0;-0.012424564417481557
2018-06-17T22:00:00.0;-0.011856778783697279
2018-06-17T23:00:00.0;-0.00806811488291516
2018-06-18T00:00:00.0;-0.008031523863538344
2018-06-18T01:00:00.0;-0.00591646756704312
2018-06-18T02:00:00.0;-0.005279243827001098
2018-06-18T03:00:00.0;-0.006687956193837574
2018-06-18T04:00:00.0;-0.006845126069086353
2018-06-18T05:00:00.0;-0.015318573329775624
2018-06-18T06:00:00.0;-0.016137454071325073
2018-06-18T07:00:00.0;-0.018991746500289796
2018-06-18T08:00:00.0;-0.02801273206300714
2018-06-18T09:00:00.0;-0.026880463175064935
2018-06-18T10:00:00.0;-0.025740164160584455
2018-06-18T11:00:00.0;-0.015318573544903426
2018-06-18T12:00:00.0;-0.013310449316889105
2018-06-18T13:00:00.0;-0.01363433313371968
2018-06-18T14:00:00.0;-0.014246834504276678
2018-06-18T15:00:00.0;-0.015256226683721777
2018-06-18T16:00:00.0;-0.019118861945060097
2018-06-18T17:00:00.0;-0.03380592639513112
2018-06-18T18:00:00.0;-0.0350362910214346
2018-06-18T19:00:00.0;-0.03637099789105199
2018-06-18T20:00:00.0;-0.036907685802422645
2018-06-18T21:00:00.0;-0.03339878426529284
2018-06-18T22:00:00.0;-0.020415946957990344
2018-06-18T23:00:00.0;-0.008603140730270688
2018-06-19T00:00:00.0;-0.007966456466168975
2018-06-19T01:00:00.0;-0.007311401519450884
2018-06-19T02:00:00.0;-0.0070136101478572395
2018-06-19T03:00:00.0;-0.007029832791724822
2018-06-19T04:00:00.0;-0.006982435251250898
2018-06-19T05:00:00.0;-0.03458057653445554
2018-06-19T06:00:00.0;-0.03701486262402474
2018-06-19T07:00:00.0;-0.03747867367623041
2018-06-19T08:00:00.0;-0.03640065324486535
2018-06-19T09:00:00.0;-0.034198781581935414
2018-06-19T10:00:00.0;-0.03315444629048986
2018-06-19T11:00:00.0;-0.03189945283872291
2018-06-19T12:00:00.0;-0.03234969932006916
2018-06-19T13:00:00.0;-0.03309408132549441
2018-06-19T14:00:00.0;-0.03441031729705207
2018-06-19T15:00:00.0;-0.03681528329973397
2018-06-19T16:00:00.0;-0.04008118263173405
2018-06-19T17:00:00.0;-0.04235843993611934
2018-06-19T18:00:00.0;-0.04366764499481414
2018-06-19T19:00:00.0;-0.04548978326915669
2018-06-19T20:00:00.0;-0.04638027563723024
2018-06-19T21:00:00.0;-0.044586527045698036
2018-06-19T22:00:00.0;-0.04207056450512126
2018-06-19T23:00:00.0;-0.008349102373746552
2018-06-20T00:00:00.0;-0.008069550656191395
2018-06-20T01:00:00.0;-0.010401654542830732
2018-06-20T02:00:00.0;-0.009982965696997073
2018-06-20T03:00:00.0;-0.010950635268090354
2018-06-20T04:00:00.0;-0.010610100270214725
2018-06-20T05:00:00.0;-0.0182892119774274
2018-06-20T06:00:00.0;-0.019237291253976815
2018-06-20T07:00:00.0;-0.019959913419565455
2018-06-20T08:00:00.0;-0.029533603305511188
2018-06-20T09:00:00.0;-0.0283256102785413
2018-06-20T10:00:00.0;-0.027121641244978206
2018-06-20T11:00:00.0;-0.012799406643612466
2018-06-20T12:00:00.0;-0.012747095558373773
2018-06-20T13:00:00.0;-0.013025389948421553
2018-06-20T14:00:00.0;-0.013613843954824211
2018-06-20T15:00:00.0;-0.014572430079019344
2018-06-20T16:00:00.0;-0.015929667708996068
2018-06-20T17:00:00.0;-0.030613680806386354
2018-06-20T18:00:00.0;-0.036734140625360706
2018-06-20T19:00:00.0;-0.03815859950180717
2018-06-20T20:00:00.0;-0.03877257047466108
2018-06-20T21:00:00.0;-0.03813564987293798
2018-06-20T22:00:00.0;-0.024219008149158977
2018-06-20T23:00:00.0;-0.013256898408368908
2018-06-21T00:00:00.0;-0.007903687192616964
2018-06-21T01:00:00.0;-0.011398574800995853
2018-06-21T02:00:00.0;-0.01091398710081415
2018-06-21T03:00:00.0;-0.01312741054725897
2018-06-21T04:00:00.0;-0.01253557413613388
2018-06-21T05:00:00.0;-0.012221251280717837
2018-06-21T06:00:00.0;-0.012508513537346805
2018-06-21T07:00:00.0;-0.01286036907884422
2018-06-21T08:00:00.0;-0.019870226286401355
2018-06-21T09:00:00.0;-0.019256883679808646
2018-06-21T10:00:00.0;-0.018439811823007593
2018-06-21T11:00:00.0;-0.0037784145768624496
2018-06-21T12:00:00.0;-0.00373273413053695
2018-06-21T13:00:00.0;-0.0038040804763783036
2018-06-21T14:00:00.0;-0.004000218803346449
2018-06-21T15:00:00.0;-0.004312765050584246
2018-06-21T16:00:00.0;-0.004770965426860449
2018-06-21T17:00:00.0;-0.017252957460999255
2018-06-21T18:00:00.0;-0.025912143813803978
2018-06-21T19:00:00.0;-0.02706902354288241
2018-06-21T20:00:00.0;-0.027703122155180563
2018-06-21T21:00:00.0;-0.027827673348252445
2018-06-21T22:00:00.0;-0.01710214265754734
2018-06-21T23:00:00.0;-0.016112481404350613
2018-06-22T00:00:00.0;-0.008216678097323193
2018-06-22T01:00:00.0;-0.004919335804215684
2018-06-22T02:00:00.0;-0.0018755753602147564
2018-06-22T03:00:00.0;-0.004458720803158032
2018-06-22T04:00:00.0;-0.0068205933584017595
2018-06-22T05:00:00.0;-0.006668146060916657
2018-06-22T06:00:00.0;-0.006892155687803913
2018-06-22T07:00:00.0;-0.021810378992708136
2018-06-22T08:00:00.0;-0.022150061644945773
2018-06-22T09:00:00.0;-0.021537765254830355
2018-06-22T10:00:00.0;-0.020713841274691454
2018-06-22T11:00:00.0;-0.017562184194794477
2018-06-22T12:00:00.0;-0.004095892558553251
2018-06-22T13:00:00.0;-0.0041581289012325925
2018-06-22T14:00:00.0;-0.004332353046999161
2018-06-22T15:00:00.0;-0.004644088592541693
2018-06-22T16:00:00.0;-0.02141644583877801
2018-06-22T17:00:00.0;-0.027043719045389276
2018-06-22T18:00:00.0;-0.028127759837071067
2018-06-22T19:00:00.0;-0.02912787370178692
2018-06-22T20:00:00.0;-0.029502606331458018
2018-06-22T21:00:00.0;-0.009842011969160418
2018-06-22T22:00:00.0;-0.009352637721249753
2018-06-22T23:00:00.0;-0.008809872017839561
2018-06-23T00:00:00.0;-0.007468174980504708
2018-06-23T01:00:00.0;-0.002997579015922573
2018-06-23T02:00:00.0;-0.002866134395492523
2018-06-23T03:00:00.0;-0.006531835376896829
2018-06-23T04:00:00.0;-0.00622624579340042
2018-06-23T05:00:00.0;-0.0114924874884049
2018-06-23T06:00:00.0;-0.011554958025584924
2018-06-23T07:00:00.0;-0.011490279151620065
2018-06-23T08:00:00.0;-0.011309709021169146
2018-06-23T09:00:00.0;-0.010913389365856162
2018-06-23T10:00:00.0;-0.01055413847408631
2018-06-23T11:00:00.0;-0.0071988760268841875
2018-06-23T12:00:00.0;-0.007160970784499151
2018-06-23T13:00:00.0;-0.007339674023812519
2018-06-23T14:00:00.0;-0.007766331650347164
2018-06-23T15:00:00.0;-0.00847394166993485
2018-06-23T16:00:00.0;-0.00952693243873537
2018-06-23T17:00:00.0;-0.014786154561395648
2018-06-23T18:00:00.0;-0.015573993909715554
2018-06-23T19:00:00.0;-0.016439441845534992
2018-06-23T20:00:00.0;-0.017019556934783728
2018-06-23T21:00:00.0;-0.017116917433151232
2018-06-23T22:00:00.0;-0.01632725775460365
2018-06-23T23:00:00.0;-0.008109206392170448
2018-06-24T00:00:00.0;-0.007433369087686575
2018-06-24T01:00:00.0;-0.0033632561767761426
2018-06-24T02:00:00.0;-0.0032122955368232295
2018-06-24T03:00:00.0;-0.0071861529597722976
2018-06-24T04:00:00.0;-0.006814253841717704
2018-06-24T05:00:00.0;-0.009551883823220014
2018-06-24T06:00:00.0;-0.00951326929318232
2018-06-24T07:00:00.0;-0.009439537044497985
2018-06-24T08:00:00.0;-0.009324957657934618
2018-06-24T09:00:00.0;-0.009037444066698607
2018-06-24T10:00:00.0;-0.008735325361106081
2018-06-24T11:00:00.0;-0.004638907979882612
2018-06-24T12:00:00.0;-0.004598494074395139
2018-06-24T13:00:00.0;-0.004709959531071266
2018-06-24T14:00:00.0;-0.0049953363022380345
2018-06-24T15:00:00.0;-0.005463833636603989
2018-06-24T16:00:00.0;-0.006168088730984748
2018-06-24T17:00:00.0;-0.011543663447232228
2018-06-24T18:00:00.0;-0.013059844488820766
2018-06-24T19:00:00.0;-0.013805992165474734
2018-06-24T20:00:00.0;-0.014319052277713839
2018-06-24T21:00:00.0;-0.014495877518325182
2018-06-24T22:00:00.0;-0.013838563969073105
2018-06-24T23:00:00.0;-0.008963003332265216
2018-06-25T00:00:00.0;-0.00819878897840781
2018-06-25T01:00:00.0;-0.025604682831079733
2018-06-25T02:00:00.0;-0.024465526353610243
2018-06-25T03:00:00.0;-0.024345033951769183
2018-06-25T04:00:00.0;-0.023646632130078185
2018-06-25T05:00:00.0;-0.027877908656004754
2018-06-25T06:00:00.0;-0.030776946912108926
2018-06-25T07:00:00.0;-0.03121311127253291
2018-06-25T08:00:00.0;-0.03127820169355869
2018-06-25T09:00:00.0;-0.030092528163328146
2018-06-25T10:00:00.0;-0.029158490514856427
2018-06-25T11:00:00.0;-0.011661188850503516
2018-06-25T12:00:00.0;-0.011626508705976616
2018-06-25T13:00:00.0;-0.009776925350928896
2018-06-25T14:00:00.0;-0.010184225845590934
2018-06-25T15:00:00.0;-0.010893328642659628
2018-06-25T16:00:00.0;-0.011918472707262496
2018-06-25T17:00:00.0;-0.014345042404586969
2018-06-25T18:00:00.0;-0.036192770152480916
2018-06-25T19:00:00.0;-0.03778535910342623
2018-06-25T20:00:00.0;-0.03862075393677069
2018-06-25T21:00:00.0;-0.03884683020360439
2018-06-25T22:00:00.0;-0.036542796128125735
2018-06-25T23:00:00.0;-0.028653874531199896
2018-06-26T00:00:00.0;-0.008261081549566122
2018-06-26T01:00:00.0;-0.028587586044945826
2018-06-26T02:00:00.0;-0.02731470389804358
2018-06-26T03:00:00.0;-0.027125671776747302
2018-06-26T04:00:00.0;-0.026390339174047928
2018-06-26T05:00:00.0;-0.03084566447925863
2018-06-26T06:00:00.0;-0.03183104588557872
2018-06-26T07:00:00.0;-0.03223774824178952
2018-06-26T08:00:00.0;-0.031504913492139464
2018-06-26T09:00:00.0;-0.030217743425623986
2018-06-26T10:00:00.0;-0.02922172435568749
2018-06-26T11:00:00.0;-0.009851299031057642
2018-06-26T12:00:00.0;-0.009806640870569601
2018-06-26T13:00:00.0;-0.0098408390867515
2018-06-26T14:00:00.0;-0.010265636937683717
2018-06-26T15:00:00.0;-0.011000727796082584
2018-06-26T16:00:00.0;-0.012015525584917959
2018-06-26T17:00:00.0;-0.013607358971432882
2018-06-26T18:00:00.0;-0.03852863801834918
2018-06-26T19:00:00.0;-0.04020780606305293
2018-06-26T20:00:00.0;-0.041226802089981925
2018-06-26T21:00:00.0;-0.04164232173977378
2018-06-26T22:00:00.0;-0.04019815099778016
2018-06-26T23:00:00.0;-0.032361610845737195
2018-06-27T00:00:00.0;-0.008360714381050044
2018-06-27T01:00:00.0;-0.032631758351384446
2018-06-27T02:00:00.0;-0.03117819428440568
2018-06-27T03:00:00.0;-0.03044905201043356
2018-06-27T04:00:00.0;-0.02965224790646175
2018-06-27T05:00:00.0;-0.032799800231933414
2018-06-27T06:00:00.0;-0.034559466763787156
2018-06-27T07:00:00.0;-0.035065763304502374
2018-06-27T08:00:00.0;-0.03429381479055512
2018-06-27T09:00:00.0;-0.032937447262859194
2018-06-27T10:00:00.0;-0.03187733006306062
2018-06-27T11:00:00.0;-0.0097733991863003
2018-06-27T12:00:00.0;-0.009726045344143557
2018-06-27T13:00:00.0;-0.009077588321359178
2018-06-27T14:00:00.0;-0.009451226172161944
2018-06-27T15:00:00.0;-0.01010249267899696
2018-06-27T16:00:00.0;-0.011005828428491621
2018-06-27T17:00:00.0;-0.012031821085161366
2018-06-27T18:00:00.0;-0.040721380422992635
2018-06-27T19:00:00.0;-0.04245032178224406
2018-06-27T20:00:00.0;-0.043449301098462914
2018-06-27T21:00:00.0;-0.04397666844336895
2018-06-27T22:00:00.0;-0.04252232151890043
2018-06-27T23:00:00.0;-0.03602109587030768
2018-06-28T00:00:00.0;-0.008373102457073806
2018-06-28T01:00:00.0;-0.03423074105183241
2018-06-28T02:00:00.0;-0.032702794239503716
2018-06-28T03:00:00.0;-0.032212586602196266
2018-06-28T04:00:00.0;-0.03125142383599896
2018-06-28T05:00:00.0;-0.031182200349313488
2018-06-28T06:00:00.0;-0.03201941919944248
2018-06-28T07:00:00.0;-0.032511843659705074
2018-06-28T08:00:00.0;-0.03232004194602349
2018-06-28T09:00:00.0;-0.031120789832419588
2018-06-28T10:00:00.0;-0.03006391066352579
2018-06-28T11:00:00.0;-0.005951826105917576
2018-06-28T12:00:00.0;-0.0059022039500193114
2018-06-28T13:00:00.0;-0.005896016924352637
2018-06-28T14:00:00.0;-0.006149345335789444
2018-06-28T15:00:00.0;-0.006583070594399963
2018-06-28T16:00:00.0;-0.00718088230877345
2018-06-28T17:00:00.0;-0.008905812668953468
2018-06-28T18:00:00.0;-0.03939287880670786
2018-06-28T19:00:00.0;-0.041078674645447476
2018-06-28T20:00:00.0;-0.04211680386793023
2018-06-28T21:00:00.0;-0.04291725192803847
2018-06-28T22:00:00.0;-0.04097690116981651
2018-06-28T23:00:00.0;-0.03837800869445592
2018-06-29T00:00:00.0;-0.00833525730235856
2018-06-29T01:00:00.0;-0.03340939028656023
2018-06-29T02:00:00.0;-0.03191058668696931
2018-06-29T03:00:00.0;-0.031602284129484466
2018-06-29T04:00:00.0;-0.030633348449543876
2018-06-29T05:00:00.0;-0.030519905681451336
2018-06-29T06:00:00.0;-0.03127220057300052
2018-06-29T07:00:00.0;-0.03168876609729434
2018-06-29T08:00:00.0;-0.031063928505090887
2018-06-29T09:00:00.0;-0.02992008604177624
2018-06-29T10:00:00.0;-0.028917077463968065
2018-06-29T11:00:00.0;-0.0057370094128482456
2018-06-29T12:00:00.0;-0.0056888148891695136
2018-06-29T13:00:00.0;-0.005683782353330239
2018-06-29T14:00:00.0;-0.005931635406620726
2018-06-29T15:00:00.0;-0.006356154098437144
2018-06-29T16:00:00.0;-0.006943541157009616
2018-06-29T17:00:00.0;-0.008323144186260598
2018-06-29T18:00:00.0;-0.03805952771233463
2018-06-29T19:00:00.0;-0.0397223856039813
2018-06-29T20:00:00.0;-0.040765810458637045
2018-06-29T21:00:00.0;-0.041580393003030854
2018-06-29T22:00:00.0;-0.040254109050950636
2018-06-29T23:00:00.0;-0.0377058327130615
2018-06-30T00:00:00.0;-0.00772003341331298
2018-06-30T01:00:00.0;-0.013522735719357675
2018-06-30T02:00:00.0;-0.012901253325570268
2018-06-30T03:00:00.0;-0.015698633768332863
2018-06-30T04:00:00.0;-0.01494771916599171
2018-06-30T05:00:00.0;-0.014464534153542196
2018-06-30T06:00:00.0;-0.014459399253863936
2018-06-30T07:00:00.0;-0.01444521091369724
2018-06-30T08:00:00.0;-0.014267001121659208
2018-06-30T09:00:00.0;-0.013841016631102303
2018-06-30T10:00:00.0;-0.013369297708274802
2018-06-30T11:00:00.0;-0.0028191750885404117
2018-06-30T12:00:00.0;-0.002786567732092187
2018-06-30T13:00:00.0;-0.0028239300376928108
2018-06-30T14:00:00.0;-0.00298145635793939
2018-06-30T15:00:00.0;-0.003241377199825023
2018-06-30T16:00:00.0;-0.0036261159468255573
2018-06-30T17:00:00.0;-0.007798387113090291
2018-06-30T18:00:00.0;-0.019228768884088136
2018-06-30T19:00:00.0;-0.02025920673522642
2018-06-30T20:00:00.0;-0.02096370422451069
2018-06-30T21:00:00.0;-0.021397124221452977
2018-06-30T22:00:00.0;-0.02054579603374954
2018-06-30T23:00:00.0;-0.01933568937695257
2018-07-01T00:00:00.0;-0.007314548108850641
2018-07-01T01:00:00.0;-0.0017547697499513788
2018-07-01T02:00:00.0;-0.0016757203989896585
2018-07-01T03:00:00.0;-0.006378249683389049
2018-07-01T04:00:00.0;-0.005991340755089283
2018-07-01T05:00:00.0;-0.005664352418738757
2018-07-01T06:00:00.0;-0.0055450765134219095
2018-07-01T07:00:00.0;-0.005472272343749159
2018-07-01T08:00:00.0;-0.005440118882981868
2018-07-01T09:00:00.0;-0.0053103628560137815
2018-07-01T10:00:00.0;-0.005129379690709977
2018-07-01T11:00:00.0;-0.0012642982061597684
2018-07-01T12:00:00.0;-0.0012452405939230833
2018-07-01T13:00:00.0;-0.001276881463907336
2018-07-01T14:00:00.0;-0.0013610165226542147
2018-07-01T15:00:00.0;-0.0014971009549006728
2018-07-01T16:00:00.0;-0.0017079783119983852
2018-07-01T17:00:00.0;-0.007452435050004556
2018-07-01T18:00:00.0;-0.007910882656408564
2018-07-01T19:00:00.0;-0.008389132747815024
2018-07-01T20:00:00.0;-0.00873083400897511
2018-07-01T21:00:00.0;-0.008915219637829402
2018-07-01T22:00:00.0;-0.008511222698558495
2018-07-01T23:00:00.0;-0.008037073160169031
2018-07-02T00:00:00.0;-0.00815173089227365
2018-07-02T01:00:00.0;-0.02722077910539678
2018-07-02T02:00:00.0;-0.025990538268551452
2018-07-02T03:00:00.0;-0.026635816292943645
2018-07-02T04:00:00.0;-0.02568975661139766
2018-07-02T05:00:00.0;-0.02538948894675862
2018-07-02T06:00:00.0;-0.025842144341887266
2018-07-02T07:00:00.0;-0.026087098468552016
2018-07-02T08:00:00.0;-0.025623876079906873
2018-07-02T09:00:00.0;-0.024728030728967097
2018-07-02T10:00:00.0;-0.023894883494021038
2018-07-02T11:00:00.0;-0.004796126733525354
2018-07-02T12:00:00.0;-0.004751954966176933
2018-07-02T13:00:00.0;-0.004766011392416854
2018-07-02T14:00:00.0;-0.004989571308290393
2018-07-02T15:00:00.0;-0.005367927102158142
2018-07-02T16:00:00.0;-0.0059025745625576505
2018-07-02T17:00:00.0;-0.008166622415556692
2018-07-02T18:00:00.0;-0.03223294723176797
2018-07-02T19:00:00.0;-0.033733054821069926
2018-07-02T20:00:00.0;-0.034702054844489114
2018-07-02T21:00:00.0;-0.0354025153846116
2018-07-02T22:00:00.0;-0.03419221437342642
2018-07-02T23:00:00.0;-0.03207106778945974
2018-07-03T00:00:00.0;-0.008323495823984336
2018-07-03T01:00:00.0;-0.033006253888603766
2018-07-03T02:00:00.0;-0.03152483605419609
2018-07-03T03:00:00.0;-0.03127833631487679
2018-07-03T04:00:00.0;-0.030309791818657755
2018-07-03T05:00:00.0;-0.0301824252193537
2018-07-03T06:00:00.0;-0.030913638735599006
2018-07-03T07:00:00.0;-0.031318107238411844
2018-07-03T08:00:00.0;-0.030704350491968183
2018-07-03T09:00:00.0;-0.029577264240712758
2018-07-03T10:00:00.0;-0.028585431345469602
2018-07-03T11:00:00.0;-0.0056749154880953185
2018-07-03T12:00:00.0;-0.005626962781754907
2018-07-03T13:00:00.0;-0.005623317817158238
2018-07-03T14:00:00.0;-0.005869681630824695
2018-07-03T15:00:00.0;-0.006291316826403413
2018-07-03T16:00:00.0;-0.0068755206223210285
2018-07-03T17:00:00.0;-0.008313113777493308
2018-07-03T18:00:00.0;-0.0376807918511483
2018-07-03T19:00:00.0;-0.0393338801560585
2018-07-03T20:00:00.0;-0.040373215588618366
2018-07-03T21:00:00.0;-0.04118047384983972
2018-07-03T22:00:00.0;-0.03986096759017615
2018-07-03T23:00:00.0;-0.03734077665800788
2018-07-04T00:00:00.0;-0.00835644458828733
2018-07-04T01:00:00.0;-0.029248866600121413
2018-07-04T02:00:00.0;-0.027966437122372276
2018-07-04T03:00:00.0;-0.02696418749757505
2018-07-04T04:00:00.0;-0.026459964400200334
2018-07-04T05:00:00.0;-0.0365036491270439
2018-07-04T06:00:00.0;-0.03816735586512666
2018-07-04T07:00:00.0;-0.03876220065280706
2018-07-04T08:00:00.0;-0.03769819936511465
2018-07-04T09:00:00.0;-0.035942821159776164
2018-07-04T10:00:00.0;-0.03478330664012167
2018-07-04T11:00:00.0;-0.015760524754974144
2018-07-04T12:00:00.0;-0.01576110286396858
2018-07-04T13:00:00.0;-0.015832404222598902
2018-07-04T14:00:00.0;-0.016462560524731384
2018-07-04T15:00:00.0;-0.017579690735862217
2018-07-04T16:00:00.0;-0.019087586569524348
2018-07-04T17:00:00.0;-0.019926077738642096
2018-07-04T18:00:00.0;-0.04493404736562508
2018-07-04T19:00:00.0;-0.04676952477804063
2018-07-04T20:00:00.0;-0.047802026587514604
2018-07-04T21:00:00.0;-0.04776627676363936
2018-07-04T22:00:00.0;-0.04606897100542999
2018-07-04T23:00:00.0;-0.031888731692427494
2018-07-05T00:00:00.0;-0.008413132433947035
2018-07-05T01:00:00.0;-0.03279031778253008
2018-07-05T02:00:00.0;-0.031344919839350525
2018-07-05T03:00:00.0;-0.03022956522612678
2018-07-05T04:00:00.0;-0.029594491632355335
2018-07-05T05:00:00.0;-0.036436374806371186
2018-07-05T06:00:00.0;-0.03792950718210155
2018-07-05T07:00:00.0;-0.03853886367890407
2018-07-05T08:00:00.0;-0.037553245262516265
2018-07-05T09:00:00.0;-0.03590078525786425
2018-07-05T10:00:00.0;-0.03472991257394308
2018-07-05T11:00:00.0;-0.012837959673667132
2018-07-05T12:00:00.0;-0.012806533692301187
2018-07-05T13:00:00.0;-0.01282647961032928
2018-07-05T14:00:00.0;-0.013339356062199634
2018-07-05T15:00:00.0;-0.014242474090655328
2018-07-05T16:00:00.0;-0.015461891792041823
2018-07-05T17:00:00.0;-0.01616245771141127
2018-07-05T18:00:00.0;-0.04477783001102947
2018-07-05T19:00:00.0;-0.046605630976929026
2018-07-05T20:00:00.0;-0.04765937554468194
2018-07-05T21:00:00.0;-0.047940190587224936
2018-07-05T22:00:00.0;-0.046331310945723125
2018-07-05T23:00:00.0;-0.03574440211108605
2018-07-06T00:00:00.0;-0.008306605366412097
2018-07-06T01:00:00.0;-0.02595465925641459
2018-07-06T02:00:00.0;-0.0248269836187361
2018-07-06T03:00:00.0;-0.024052523563981996
2018-07-06T04:00:00.0;-0.023600431916228324
2018-07-06T05:00:00.0;-0.03477055765422995
2018-07-06T06:00:00.0;-0.036447094012508084
2018-07-06T07:00:00.0;-0.03708235923369592
2018-07-06T08:00:00.0;-0.037039455293206285
2018-07-06T09:00:00.0;-0.0352928111221858
2018-07-06T10:00:00.0;-0.03412547940994686
2018-07-06T11:00:00.0;-0.01675494170257748
2018-07-06T12:00:00.0;-0.01676722726510777
2018-07-06T13:00:00.0;-0.016890908884691084
2018-07-06T14:00:00.0;-0.01756983798151419
2018-07-06T15:00:00.0;-0.018766705733272857
2018-07-06T16:00:00.0;-0.020389309272679294
2018-07-06T17:00:00.0;-0.022584991008401622
2018-07-06T18:00:00.0;-0.04430913880657202
2018-07-06T19:00:00.0;-0.046109516995368555
2018-07-06T20:00:00.0;-0.047088709579866946
2018-07-06T21:00:00.0;-0.04684711403557922
2018-07-06T22:00:00.0;-0.0439244058267747
2018-07-06T23:00:00.0;-0.028507792959256296
2018-07-07T00:00:00.0;-0.008267705936645517
2018-07-07T01:00:00.0;-0.031106186467972412
2018-07-07T02:00:00.0;-0.029706911211799476
2018-07-07T03:00:00.0;-0.029752279363632866
2018-07-07T04:00:00.0;-0.028787595466813275
2018-07-07T05:00:00.0;-0.028597821354630452
2018-07-07T06:00:00.0;-0.02923254110354732
2018-07-07T07:00:00.0;-0.029581678425912007
2018-07-07T08:00:00.0;-0.029019133265205253
2018-07-07T09:00:00.0;-0.02796991915611467
2018-07-07T10:00:00.0;-0.02703055659275253
2018-07-07T11:00:00.0;-0.0053837277855374585
2018-07-07T12:00:00.0;-0.005336951944618407
2018-07-07T13:00:00.0;-0.005339582475294332
2018-07-07T14:00:00.0;-0.005578756044685968
2018-07-07T15:00:00.0;-0.005986573823126791
2018-07-07T16:00:00.0;-0.006555311240633215
2018-07-07T17:00:00.0;-0.008265534279325611
2018-07-07T18:00:00.0;-0.03589422951952996
2018-07-07T19:00:00.0;-0.03749974437385096
2018-07-07T20:00:00.0;-0.03851841306960446
2018-07-07T21:00:00.0;-0.039290948900867484
2018-07-07T22:00:00.0;-0.03800481444054374
2018-07-07T23:00:00.0;-0.035616516149537834
2018-07-08T00:00:00.0;-0.008258556242709467
2018-07-08T01:00:00.0;-0.030796491629229546
2018-07-08T02:00:00.0;-0.02941063661500022
2018-07-08T03:00:00.0;-0.029503668481748947
2018-07-08T04:00:00.0;-0.02853993386038575
2018-07-08T05:00:00.0;-0.028340498549691062
2018-07-08T06:00:00.0;-0.028959945598259575
2018-07-08T07:00:00.0;-0.029300331723772065
2018-07-08T08:00:00.0;-0.028745972591953054
2018-07-08T09:00:00.0;-0.027709275889157767
2018-07-08T10:00:00.0;-0.02677843332730628
2018-07-08T11:00:00.0;-0.00533650057828171
2018-07-08T12:00:00.0;-0.0052899224479385646
2018-07-08T13:00:00.0;-0.0052935338732136026
2018-07-08T14:00:00.0;-0.005531508337632521
2018-07-08T15:00:00.0;-0.005937037992728974
2018-07-08T16:00:00.0;-0.006503181056805349
2018-07-08T17:00:00.0;-0.008257730979418471
2018-07-08T18:00:00.0;-0.035602797058406896
2018-07-08T19:00:00.0;-0.03720031549492332
2018-07-08T20:00:00.0;-0.038215394742781114
2018-07-08T21:00:00.0;-0.03898223913514658
2018-07-08T22:00:00.0;-0.037701770441860925
2018-07-08T23:00:00.0;-0.03533489339099729
2018-07-09T00:00:00.0;-0.007999451106027674
2018-07-09T01:00:00.0;-0.012499807608794902
2018-07-09T02:00:00.0;-0.011962769337080922
2018-07-09T03:00:00.0;-0.011495776567438614
2018-07-09T04:00:00.0;-0.011150769939413618
2018-07-09T05:00:00.0;-0.017847574759882
2018-07-09T06:00:00.0;-0.030202857466073693
2018-07-09T07:00:00.0;-0.030989059948977358
2018-07-09T08:00:00.0;-0.0353686605675464
2018-07-09T09:00:00.0;-0.03438601177713009
2018-07-09T10:00:00.0;-0.03362589938849101
2018-07-09T11:00:00.0;-0.024734591648894085
2018-07-09T12:00:00.0;-0.024924332693127448
2018-07-09T13:00:00.0;-0.013660262543071658
2018-07-09T14:00:00.0;-0.014097126329043285
2018-07-09T15:00:00.0;-0.014899748485846834
2018-07-09T16:00:00.0;-0.016342099570217525
2018-07-09T17:00:00.0;-0.023230491157078866
2018-07-09T18:00:00.0;-0.030110239600076548
2018-07-09T19:00:00.0;-0.03140629432438173
2018-07-09T20:00:00.0;-0.03152618819152013
2018-07-09T21:00:00.0;-0.03081343739273012
2018-07-09T22:00:00.0;-0.02346924890857776
2018-07-09T23:00:00.0;-0.011133509097671008
2018-07-10T00:00:00.0;-0.008370906339463998
2018-07-10T01:00:00.0;-0.019391699629989316
2018-07-10T02:00:00.0;-0.01969863200553758
2018-07-10T03:00:00.0;-0.019914777886881622
2018-07-10T04:00:00.0;-0.01930756307552913
2018-07-10T05:00:00.0;-0.02312245034195447
2018-07-10T06:00:00.0;-0.02403378060051705
2018-07-10T07:00:00.0;-0.02484823958676573
2018-07-10T08:00:00.0;-0.02588205251820362
2018-07-10T09:00:00.0;-0.031093416549530996
2018-07-10T10:00:00.0;-0.02996375708082759
2018-07-10T11:00:00.0;-0.015433259001900582
2018-07-10T12:00:00.0;-0.015273677834031692
2018-07-10T13:00:00.0;-0.01535038623618801
2018-07-10T14:00:00.0;-0.01591641903405119
2018-07-10T15:00:00.0;-0.01692231967580847
2018-07-10T16:00:00.0;-0.018459764152203437
2018-07-10T17:00:00.0;-0.022207524898382167
2018-07-10T18:00:00.0;-0.038788924051945756
2018-07-10T19:00:00.0;-0.040192275788076826
2018-07-10T20:00:00.0;-0.04095327334353989
2018-07-10T21:00:00.0;-0.04096402063738751
2018-07-10T22:00:00.0;-0.030281090332208348
2018-07-10T23:00:00.0;-0.023869758111194184
2018-07-11T00:00:00.0;-0.008203109755222267
2018-07-11T01:00:00.0;-0.021402808980146123
2018-07-11T02:00:00.0;-0.020471613845012674
2018-07-11T03:00:00.0;-0.019714067245685894
2018-07-11T04:00:00.0;-0.01930651766510844
2018-07-11T05:00:00.0;-0.030264503240932192
2018-07-11T06:00:00.0;-0.03565847859732042
2018-07-11T07:00:00.0;-0.036314162236483385
2018-07-11T08:00:00.0;-0.03704236023510086
2018-07-11T09:00:00.0;-0.03546731004267772
2018-07-11T10:00:00.0;-0.034444698442155926
2018-07-11T11:00:00.0;-0.02065588980161904
2018-07-11T12:00:00.0;-0.020740904103773664
2018-07-11T13:00:00.0;-0.017171443346053104
2018-07-11T14:00:00.0;-0.017809513359546593
2018-07-11T15:00:00.0;-0.018957596181787283
2018-07-11T16:00:00.0;-0.020652185712135313
2018-07-11T17:00:00.0;-0.02354104806171809
2018-07-11T18:00:00.0;-0.04030199063659149
2018-07-11T19:00:00.0;-0.04197894167055234
2018-07-11T20:00:00.0;-0.04264120144530792
2018-07-11T21:00:00.0;-0.04212041857197652
2018-07-11T22:00:00.0;-0.03848912875158107
2018-07-11T23:00:00.0;-0.02256544095486118
2018-07-12T00:00:00.0;-0.008318266750443353
2018-07-12T01:00:00.0;-0.03282730946745911
2018-07-12T02:00:00.0;-0.03135361354626272
2018-07-12T03:00:00.0;-0.031134560506127586
2018-07-12T04:00:00.0;-0.03016623719462408
2018-07-12T05:00:00.0;-0.030032765949256367
2018-07-12T06:00:00.0;-0.030754689444632933
2018-07-12T07:00:00.0;-0.031153828028562057
2018-07-12T08:00:00.0;-0.030544965931612617
2018-07-12T09:00:00.0;-0.029425291424940655
2018-07-12T10:00:00.0;-0.028438414411931418
2018-07-12T11:00:00.0;-0.0056473879519787044
2018-07-12T12:00:00.0;-0.005599543458942972
2018-07-12T13:00:00.0;-0.0055965081767584855
2018-07-12T14:00:00.0;-0.005842206911350354
2018-07-12T15:00:00.0;-0.006262556830259867
2018-07-12T16:00:00.0;-0.006845336723202611
2018-07-12T17:00:00.0;-0.00830865430599248
2018-07-12T18:00:00.0;-0.0375126429976663
2018-07-12T19:00:00.0;-0.03916135876759878
2018-07-12T20:00:00.0;-0.04019884615995853
2018-07-12T21:00:00.0;-0.04100284856320579
2018-07-12T22:00:00.0;-0.0396863844321567
2018-07-12T23:00:00.0;-0.03717864875462661
2018-07-13T00:00:00.0;-0.00847863006096322
2018-07-13T01:00:00.0;-0.03804405750165427
2018-07-13T02:00:00.0;-0.03634957975832643
2018-07-13T03:00:00.0;-0.0352382729572918
2018-07-13T04:00:00.0;-0.03431489284374821
2018-07-13T05:00:00.0;-0.03511655414405787
2018-07-13T06:00:00.0;-0.03620872398871707
2018-07-13T07:00:00.0;-0.036796622372481984
2018-07-13T08:00:00.0;-0.03599895408587433
2018-07-13T09:00:00.0;-0.03460007540669442
2018-07-13T10:00:00.0;-0.03344772753175377
2018-07-13T11:00:00.0;-0.0072140186756144
2018-07-13T12:00:00.0;-0.007161935833862411
2018-07-13T13:00:00.0;-0.00713869526242619
2018-07-13T14:00:00.0;-0.0074310650157552735
2018-07-13T15:00:00.0;-0.007937999729574513
2018-07-13T16:00:00.0;-0.008626291054460068
2018-07-13T17:00:00.0;-0.009256225274822621
2018-07-13T18:00:00.0;-0.04317819789691979
2018-07-13T19:00:00.0;-0.04496355807231957
2018-07-13T20:00:00.0;-0.04604783065206402
2018-07-13T21:00:00.0;-0.04689205523700218
2018-07-13T22:00:00.0;-0.04546559213477494
2018-07-13T23:00:00.0;-0.041731622612616724
2018-07-14T00:00:00.0;-0.008242938997406218
2018-07-14T01:00:00.0;-0.030269136752864557
2018-07-14T02:00:00.0;-0.028906154772767027
2018-07-14T03:00:00.0;-0.029080409499671212
2018-07-14T04:00:00.0;-0.02811850095282098
2018-07-14T05:00:00.0;-0.02790294886925137
2018-07-14T06:00:00.0;-0.028496687255780764
2018-07-14T07:00:00.0;-0.028822346757896848
2018-07-14T08:00:00.0;-0.028281821492927635
2018-07-14T09:00:00.0;-0.027266325003374607
2018-07-14T10:00:00.0;-0.02634996937635629
2018-07-14T11:00:00.0;-0.005256234316955473
2018-07-14T12:00:00.0;-0.00520999671142944
2018-07-14T13:00:00.0;-0.005215250941191295
2018-07-14T14:00:00.0;-0.005451165756412169
2018-07-14T15:00:00.0;-0.00585277556490358
2018-07-14T16:00:00.0;-0.006414452787844309
2018-07-14T17:00:00.0;-0.008244411753960968
2018-07-14T18:00:00.0;-0.035106383854530014
2018-07-14T19:00:00.0;-0.03669012707748176
2018-07-14T20:00:00.0;-0.03769894941305546
2018-07-14T21:00:00.0;-0.03845608135732775
2018-07-14T22:00:00.0;-0.03718540878008978
2018-07-14T23:00:00.0;-0.03485495839368815
2018-07-15T00:00:00.0;-0.008046520222916766
2018-07-15T01:00:00.0;-0.02377126296811931
2018-07-15T02:00:00.0;-0.02269235540913271
2018-07-15T03:00:00.0;-0.023873894010093537
2018-07-15T04:00:00.0;-0.022957112671367023
2018-07-15T05:00:00.0;-0.022579083107373374
2018-07-15T06:00:00.0;-0.022888215862591075
2018-07-15T07:00:00.0;-0.023051319177351152
2018-07-15T08:00:00.0;-0.02266986492492177
2018-07-15T09:00:00.0;-0.021903210322242392
2018-07-15T10:00:00.0;-0.021163079608948056
2018-07-15T11:00:00.0;-0.004283761081948119
2018-07-15T12:00:00.0;-0.004242135843942775
2018-07-15T13:00:00.0;-0.004264665585597826
2018-07-15T14:00:00.0;-0.0044732821386208235
2018-07-15T15:00:00.0;-0.004824047611714541
2018-07-15T16:00:00.0;-0.0053255041944936105
2018-07-15T17:00:00.0;-0.008076886006147508
2018-07-15T18:00:00.0;-0.02897293573397601
2018-07-15T19:00:00.0;-0.03036981106555659
2018-07-15T20:00:00.0;-0.031285916603848336
2018-07-15T21:00:00.0;-0.03192111439311514
2018-07-15T22:00:00.0;-0.03078715638828402
2018-07-15T23:00:00.0;-0.02890015878777752
2018-07-16T00:00:00.0;-0.008417914922646668
2018-07-16T01:00:00.0;-0.03473340667478856
2018-07-16T02:00:00.0;-0.03319058515524218
2018-07-16T03:00:00.0;-0.03226260434909485
2018-07-16T04:00:00.0;-0.031456440682395045
2018-07-16T05:00:00.0;-0.034603552389882795
2018-07-16T06:00:00.0;-0.035778115799490834
2018-07-16T07:00:00.0;-0.03633338704243744
2018-07-16T08:00:00.0;-0.03549968999884697
2018-07-16T09:00:00.0;-0.03405677025613907
2018-07-16T10:00:00.0;-0.032931130550929257
2018-07-16T11:00:00.0;-0.009239135458762487
2018-07-16T12:00:00.0;-0.00918922151379252
2018-07-16T13:00:00.0;-0.009183359683533848
2018-07-16T14:00:00.0;-0.009561007885413602
2018-07-16T15:00:00.0;-0.010218242306884682
2018-07-16T16:00:00.0;-0.01111228527344234
2018-07-16T17:00:00.0;-0.011957131477272011
2018-07-16T18:00:00.0;-0.042672386353368515
2018-07-16T19:00:00.0;-0.04444949045471758
2018-07-16T20:00:00.0;-0.04551407483315684
2018-07-16T21:00:00.0;-0.04612176343605672
2018-07-16T22:00:00.0;-0.04464135866353031
2018-07-16T23:00:00.0;-0.038246862650457826
2018-07-17T00:00:00.0;-0.008469719815697127
2018-07-17T01:00:00.0;-0.035377929212179235
2018-07-17T02:00:00.0;-0.03382979785982008
2018-07-17T03:00:00.0;-0.03290365305196893
2018-07-17T04:00:00.0;-0.03197972885947777
2018-07-17T05:00:00.0;-0.0320212664252441
2018-07-17T06:00:00.0;-0.033109976407810035
2018-07-17T07:00:00.0;-0.033871518252962564
2018-07-17T08:00:00.0;-0.03580888840825514
2018-07-17T09:00:00.0;-0.03446094693817681
2018-07-17T10:00:00.0;-0.03322239007299443
2018-07-17T11:00:00.0;-0.006543165412410239
2018-07-17T12:00:00.0;-0.006488432062557416
2018-07-17T13:00:00.0;-0.006486450932973152
2018-07-17T14:00:00.0;-0.006755069124288307
2018-07-17T15:00:00.0;-0.007211771761543342
2018-07-17T16:00:00.0;-0.007835727726327594
2018-07-17T17:00:00.0;-0.01156300330481262
2018-07-17T18:00:00.0;-0.04309147139917566
2018-07-17T19:00:00.0;-0.04481260531133889
2018-07-17T20:00:00.0;-0.04578997937097931
2018-07-17T21:00:00.0;-0.04646394021759396
2018-07-17T22:00:00.0;-0.041735581292293635
2018-07-17T23:00:00.0;-0.03908755978434571
2018-07-18T00:00:00.0;-0.008397132999858347
2018-07-18T01:00:00.0;-0.03181570158643013
2018-07-18T02:00:00.0;-0.03041512675437713
2018-07-18T03:00:00.0;-0.029335065656752275
2018-07-18T04:00:00.0;-0.028735910394070814
2018-07-18T05:00:00.0;-0.036423480171225875
2018-07-18T06:00:00.0;-0.03795929040402373
2018-07-18T07:00:00.0;-0.03856357743723167
2018-07-18T08:00:00.0;-0.03755843932213095
2018-07-18T09:00:00.0;-0.03588052099583502
2018-07-18T10:00:00.0;-0.03471365119593098
2018-07-18T11:00:00.0;-0.01360329616823918
2018-07-18T12:00:00.0;-0.013578914890388018
2018-07-18T13:00:00.0;-0.013611014668118737
2018-07-18T14:00:00.0;-0.014154813937814769
2018-07-18T15:00:00.0;-0.015114024992421657
2018-07-18T16:00:00.0;-0.016409224294382935
2018-07-18T17:00:00.0;-0.017152512142753155
2018-07-18T18:00:00.0;-0.04478547215409168
2018-07-18T19:00:00.0;-0.04661458663157647
2018-07-18T20:00:00.0;-0.04766253081173637
2018-07-18T21:00:00.0;-0.047859473948911484
2018-07-18T22:00:00.0;-0.0462277873349467
2018-07-18T23:00:00.0;-0.03468994241248231
2018-07-19T00:00:00.0;-0.00841234062672037
2018-07-19T01:00:00.0;-0.033177085361153116
2018-07-19T02:00:00.0;-0.03171189397294709
2018-07-19T03:00:00.0;-0.030650568249573767
2018-07-19T04:00:00.0;-0.0299768385234169
2018-07-19T05:00:00.0;-0.035948575762065976
2018-07-19T06:00:00.0;-0.037361217319667316
2018-07-19T07:00:00.0;-0.037955446608616404
2018-07-19T08:00:00.0;-0.037008243374406544
2018-07-19T09:00:00.0;-0.03540886960077149
2018-07-19T10:00:00.0;-0.03425044177706239
2018-07-19T11:00:00.0;-0.011978786686467142
2018-07-19T12:00:00.0;-0.011941264109298093
2018-07-19T13:00:00.0;-0.011954281742246775
2018-07-19T14:00:00.0;-0.012435771826309517
2018-07-19T15:00:00.0;-0.013281180763694595
2018-07-19T16:00:00.0;-0.014424903444420496
2018-07-19T17:00:00.0;-0.015171929856891678
2018-07-19T18:00:00.0;-0.04422122209921505
2018-07-19T19:00:00.0;-0.04603596880889384
2018-07-19T20:00:00.0;-0.04709221877887101
2018-07-19T21:00:00.0;-0.047451071648495706
2018-07-19T22:00:00.0;-0.04587363908576649
2018-07-19T23:00:00.0;-0.03626728482790582
2018-07-20T00:00:00.0;-0.008309200474022145
2018-07-20T01:00:00.0;-0.028373414447413644
2018-07-20T02:00:00.0;-0.027123088090450883
2018-07-20T03:00:00.0;-0.026461254905972686
2018-07-20T04:00:00.0;-0.025890948631963184
2018-07-20T05:00:00.0;-0.034263802361643884
2018-07-20T06:00:00.0;-0.0356751096878982
2018-07-20T07:00:00.0;-0.03619012764308946
2018-07-20T08:00:00.0;-0.03524917153453441
2018-07-20T09:00:00.0;-0.033668057256499816
2018-07-20T10:00:00.0;-0.03257516246075606
2018-07-20T11:00:00.0;-0.01390206615789868
2018-07-20T12:00:00.0;-0.013884615352580612
2018-07-20T13:00:00.0;-0.013949313534685523
2018-07-20T14:00:00.0;-0.014521881476385895
2018-07-20T15:00:00.0;-0.015528418577675458
2018-07-20T16:00:00.0;-0.016898994822045106
2018-07-20T17:00:00.0;-0.01807409423072431
2018-07-20T18:00:00.0;-0.04242676401493673
2018-07-20T19:00:00.0;-0.04420464854243243
2018-07-20T20:00:00.0;-0.04523207032566241
2018-07-20T21:00:00.0;-0.04533468656619082
2018-07-20T22:00:00.0;-0.04372297110759495
2018-07-20T23:00:00.0;-0.031401596793652724
2018-07-21T00:00:00.0;-0.00794795509705059
2018-07-21T01:00:00.0;-0.020573645213120363
2018-07-21T02:00:00.0;-0.01963587886649849
2018-07-21T03:00:00.0;-0.0212714797717514
2018-07-21T04:00:00.0;-0.02039704648662147
2018-07-21T05:00:00.0;-0.019967827959624908
2018-07-21T06:00:00.0;-0.020436645623435102
2018-07-21T07:00:00.0;-0.02053710345670943
2018-07-21T08:00:00.0;-0.02022677038068822
2018-07-21T09:00:00.0;-0.019572508964266003
2018-07-21T10:00:00.0;-0.018917964964693054
2018-07-21T11:00:00.0;-0.004121404972029713
2018-07-21T12:00:00.0;-0.00408061765036651
2018-07-21T13:00:00.0;-0.0038546982729665115
2018-07-21T14:00:00.0;-0.004049170368150538
2018-07-21T15:00:00.0;-0.004374835584493321
2018-07-21T16:00:00.0;-0.004847880291783201
2018-07-21T17:00:00.0;-0.007998993149587304
2018-07-21T18:00:00.0;-0.02590654128087916
2018-07-21T19:00:00.0;-0.027196571577757525
2018-07-21T20:00:00.0;-0.02804025229331776
2018-07-21T21:00:00.0;-0.028599595246182614
2018-07-21T22:00:00.0;-0.02754444897856044
2018-07-21T23:00:00.0;-0.025810046372437098
2018-07-22T00:00:00.0;-0.008086418686817583
2018-07-22T01:00:00.0;-0.025070975790051443
2018-07-22T02:00:00.0;-0.023934904256710698
2018-07-22T03:00:00.0;-0.024913971989511775
2018-07-22T04:00:00.0;-0.023984700902395652
2018-07-22T05:00:00.0;-0.02363364357537552
2018-07-22T06:00:00.0;-0.02399477992147182
2018-07-22T07:00:00.0;-0.024187505061276895
2018-07-22T08:00:00.0;-0.023775975819697634
2018-07-22T09:00:00.0;-0.022961442374092672
2018-07-22T10:00:00.0;-0.022186411579212896
2018-07-22T11:00:00.0;-0.004475745000662915
2018-07-22T12:00:00.0;-0.004433133433589691
2018-07-22T13:00:00.0;-0.004452661769976473
2018-07-22T14:00:00.0;-0.004667032438717022
2018-07-22T15:00:00.0;-0.005028357468126342
2018-07-22T16:00:00.0;-0.005542654493788556
2018-07-22T17:00:00.0;-0.008110916831498125
2018-07-22T18:00:00.0;-0.030202331159011858
2018-07-22T19:00:00.0;-0.03163920673090759
2018-07-22T20:00:00.0;-0.032576248654692934
2018-07-22T21:00:00.0;-0.03323618192897162
2018-07-22T22:00:00.0;-0.03207242750712454
2018-07-22T23:00:00.0;-0.030097553900728317
2018-07-23T00:00:00.0;-0.008405577072784595
2018-07-23T01:00:00.0;-0.03231633828083835
2018-07-23T02:00:00.0;-0.030892806966281446
2018-07-23T03:00:00.0;-0.029792502639016893
2018-07-23T04:00:00.0;-0.029175738061173975
2018-07-23T05:00:00.0;-0.03644534147294626
2018-07-23T06:00:00.0;-0.037961207488623826
2018-07-23T07:00:00.0;-0.038568629942594565
2018-07-23T08:00:00.0;-0.03757256472891033
2018-07-23T09:00:00.0;-0.035906387773040414
2018-07-23T10:00:00.0;-0.03473702826638553
2018-07-23T11:00:00.0;-0.013227141808505732
2018-07-23T12:00:00.0;-0.01319914914449161
2018-07-23T13:00:00.0;-0.013224939742951176
2018-07-23T14:00:00.0;-0.01375342480315645
2018-07-23T15:00:00.0;-0.014684866657944246
2018-07-23T16:00:00.0;-0.015942472537120864
2018-07-23T17:00:00.0;-0.016661863132553027
2018-07-23T18:00:00.0;-0.04479864885225401
2018-07-23T19:00:00.0;-0.046627473950430896
2018-07-23T20:00:00.0;-0.04767838777217161
2018-07-23T21:00:00.0;-0.047917011406258765
2018-07-23T22:00:00.0;-0.046296345503278984
2018-07-23T23:00:00.0;-0.035228405323260076
2018-07-24T00:00:00.0;-0.008493530325053086
2018-07-24T01:00:00.0;-0.03787162713516753
2018-07-24T02:00:00.0;-0.03619075822117815
2018-07-24T03:00:00.0;-0.034915714902018904
2018-07-24T04:00:00.0;-0.034069254130623484
2018-07-24T05:00:00.0;-0.036340952514078595
2018-07-24T06:00:00.0;-0.037592182363551024
2018-07-24T07:00:00.0;-0.03822211783506969
2018-07-24T08:00:00.0;-0.03734766407486888
2018-07-24T09:00:00.0;-0.03584116857525883
2018-07-24T10:00:00.0;-0.034654206101915164
2018-07-24T11:00:00.0;-0.008703036741898776
2018-07-24T12:00:00.0;-0.0086509281286915
2018-07-24T13:00:00.0;-0.00862772775120907
2018-07-24T14:00:00.0;-0.008974938169555883
2018-07-24T15:00:00.0;-0.00958046217383985
2018-07-24T16:00:00.0;-0.010398469587935404
2018-07-24T17:00:00.0;-0.010890299782522662
2018-07-24T18:00:00.0;-0.0445563278616818
2018-07-24T19:00:00.0;-0.04637321153053298
2018-07-24T20:00:00.0;-0.04745706920362204
2018-07-24T21:00:00.0;-0.04818684290302895
2018-07-24T22:00:00.0;-0.04670339851992509
2018-07-24T23:00:00.0;-0.041275455522248775
2018-07-25T00:00:00.0;-0.008485548043766765
2018-07-25T01:00:00.0;-0.037364056237894766
2018-07-25T02:00:00.0;-0.03570679360074993
2018-07-25T03:00:00.0;-0.034447567002408794
2018-07-25T04:00:00.0;-0.033623447241583546
2018-07-25T05:00:00.0;-0.036350427016640055
2018-07-25T06:00:00.0;-0.03762567326859324
2018-07-25T07:00:00.0;-0.038253565685688384
2018-07-25T08:00:00.0;-0.037368075097608776
2018-07-25T09:00:00.0;-0.03584708754796077
2018-07-25T10:00:00.0;-0.03466172154833123
2018-07-25T11:00:00.0;-0.009113045690611596
2018-07-25T12:00:00.0;-0.00906169475503211
2018-07-25T13:00:00.0;-0.00904122109551075
2018-07-25T14:00:00.0;-0.009404844644789875
2018-07-25T15:00:00.0;-0.010039604178571693
2018-07-25T16:00:00.0;-0.010897060321910857
2018-07-25T17:00:00.0;-0.011410302992639716
2018-07-25T18:00:00.0;-0.04457831680155303
2018-07-25T19:00:00.0;-0.04639628597119684
2018-07-25T20:00:00.0;-0.04747715463745383
2018-07-25T21:00:00.0;-0.048162354206976496
2018-07-25T22:00:00.0;-0.04666645474274723
2018-07-25T23:00:00.0;-0.04072301685505486
2018-07-26T00:00:00.0;-0.008529301232779018
2018-07-26T01:00:00.0;-0.03824911252645543
2018-07-26T02:00:00.0;-0.03656969059329226
2018-07-26T03:00:00.0;-0.035295620637475725
2018-07-26T04:00:00.0;-0.034365575754686135
2018-07-26T05:00:00.0;-0.03449871634652518
2018-07-26T06:00:00.0;-0.03569391949217531
2018-07-26T07:00:00.0;-0.03648039961185938
2018-07-26T08:00:00.0;-0.037603755471775684
2018-07-26T09:00:00.0;-0.03616331348185442
2018-07-26T10:00:00.0;-0.034892284498704365
2018-07-26T11:00:00.0;-0.006855196239778159
2018-07-26T12:00:00.0;-0.006800420306403968
2018-07-26T13:00:00.0;-0.006784439142788328
2018-07-26T14:00:00.0;-0.0070587727193756125
2018-07-26T15:00:00.0;-0.007529328595041908
2018-07-26T16:00:00.0;-0.008166866778478771
2018-07-26T17:00:00.0;-0.010722324447981546
2018-07-26T18:00:00.0;-0.044894943140286366
2018-07-26T19:00:00.0;-0.04667104226572773
2018-07-26T20:00:00.0;-0.04768962077173602
2018-07-26T21:00:00.0;-0.04845860399826102
2018-07-26T22:00:00.0;-0.044645657192679995
2018-07-26T23:00:00.0;-0.04178551053716561
2018-07-27T00:00:00.0;-0.008435485451984899
2018-07-27T01:00:00.0;-0.027898558688644822
2018-07-27T02:00:00.0;-0.02673333228339584
2018-07-27T03:00:00.0;-0.026207934287362525
2018-07-27T04:00:00.0;-0.025397900695175987
2018-07-27T05:00:00.0;-0.025360760029531224
2018-07-27T06:00:00.0;-0.02646919333486747
2018-07-27T07:00:00.0;-0.02749278783220958
2018-07-27T08:00:00.0;-0.035909082409917165
2018-07-27T09:00:00.0;-0.03460439287042102
2018-07-27T10:00:00.0;-0.03316248031318891
2018-07-27T11:00:00.0;-0.006533431091488232
2018-07-27T12:00:00.0;-0.006470437178414799
2018-07-27T13:00:00.0;-0.006519599189701909
2018-07-27T14:00:00.0;-0.006794139102588915
2018-07-27T15:00:00.0;-0.007242680195461236
2018-07-27T16:00:00.0;-0.007862995501738529
2018-07-27T17:00:00.0;-0.01913635621268205
2018-07-27T18:00:00.0;-0.04343800110312967
2018-07-27T19:00:00.0;-0.045027044878648004
2018-07-27T20:00:00.0;-0.045755563954035766
2018-07-27T21:00:00.0;-0.04590128364404604
2018-07-27T22:00:00.0;-0.03338871744311714
2018-07-27T23:00:00.0;-0.031336867479214825
2018-07-28T00:00:00.0;-0.007581868457223613
2018-07-28T01:00:00.0;-0.006187998778667964
2018-07-28T02:00:00.0;-0.00581850751978052
2018-07-28T03:00:00.0;-0.008874089176044195
2018-07-28T04:00:00.0;-0.00854905612971029
2018-07-28T05:00:00.0;-0.012274102272125633
2018-07-28T06:00:00.0;-0.013931462160765476
2018-07-28T07:00:00.0;-0.014346833324763632
2018-07-28T08:00:00.0;-0.014169612960752755
2018-07-28T09:00:00.0;-0.01372307986873988
2018-07-28T10:00:00.0;-0.013302451363504598
2018-07-28T11:00:00.0;-0.008295026685887066
2018-07-28T12:00:00.0;-0.007864423230933578
2018-07-28T13:00:00.0;-0.0065404991441506185
2018-07-28T14:00:00.0;-0.006890471482002817
2018-07-28T15:00:00.0;-0.007478792882697937
2018-07-28T16:00:00.0;-0.008884720954497221
2018-07-28T17:00:00.0;-0.01351999852369722
2018-07-28T18:00:00.0;-0.017175140537949912
2018-07-28T19:00:00.0;-0.01809896029021244
2018-07-28T20:00:00.0;-0.018656438232076567
2018-07-28T21:00:00.0;-0.018148502065630175
2018-07-28T22:00:00.0;-0.01733261905130248
2018-07-28T23:00:00.0;-0.010673493402778794
2018-07-29T00:00:00.0;-0.007471286757385191
2018-07-29T01:00:00.0;-0.005387590539274066
2018-07-29T02:00:00.0;-0.00514353832751238
2018-07-29T03:00:00.0;-0.00860196539552431
2018-07-29T04:00:00.0;-0.00814531895048896
2018-07-29T05:00:00.0;-0.007811985445278533
2018-07-29T06:00:00.0;-0.011571951644619716
2018-07-29T07:00:00.0;-0.011495514969921579
2018-07-29T08:00:00.0;-0.011412599399167554
2018-07-29T09:00:00.0;-0.011128281820249027
2018-07-29T10:00:00.0;-0.009887057743365511
2018-07-29T11:00:00.0;-0.004993826464737965
2018-07-29T12:00:00.0;-0.004954513871524982
2018-07-29T13:00:00.0;-0.0023699048670027274
2018-07-29T14:00:00.0;-0.0025034547807479077
2018-07-29T15:00:00.0;-0.0027246132234374732
2018-07-29T16:00:00.0;-0.004256667029870609
2018-07-29T17:00:00.0;-0.008980799693583771
2018-07-29T18:00:00.0;-0.012145048085813187
2018-07-29T19:00:00.0;-0.012827017085409472
2018-07-29T20:00:00.0;-0.013208608792630165
2018-07-29T21:00:00.0;-0.01336994722055766
2018-07-29T22:00:00.0;-0.012767079874084618
2018-07-29T23:00:00.0;-0.00995844243228015
2018-07-30T00:00:00.0;-0.008131544598691727
2018-07-30T01:00:00.0;-0.020202070563457346
2018-07-30T02:00:00.0;-0.01931743596216054
2018-07-30T03:00:00.0;-0.01932577560212115
2018-07-30T04:00:00.0;-0.01892906881832187
2018-07-30T05:00:00.0;-0.03153885404483978
2018-07-30T06:00:00.0;-0.03295793742231444
2018-07-30T07:00:00.0;-0.03335020822436383
2018-07-30T08:00:00.0;-0.032416086510775065
2018-07-30T09:00:00.0;-0.030861237668076705
2018-07-30T10:00:00.0;-0.029874770285981216
2018-07-30T11:00:00.0;-0.017332100155277842
2018-07-30T12:00:00.0;-0.017371454655350924
2018-07-30T13:00:00.0;-0.01756428277971798
2018-07-30T14:00:00.0;-0.018307406525570044
2018-07-30T15:00:00.0;-0.019617348705591443
2018-07-30T16:00:00.0;-0.021419236225187432
2018-07-30T17:00:00.0;-0.023324333770189155
2018-07-30T18:00:00.0;-0.03949505980571164
2018-07-30T19:00:00.0;-0.04120668804933432
2018-07-30T20:00:00.0;-0.04218184545861489
2018-07-30T21:00:00.0;-0.04186771634407087
2018-07-30T22:00:00.0;-0.0402058477912747
2018-07-30T23:00:00.0;-0.023047637262945963
2018-07-31T00:00:00.0;-0.008530533185072207
2018-07-31T01:00:00.0;-0.04023338885744367
2018-07-31T02:00:00.0;-0.03844243467810256
2018-07-31T03:00:00.0;-0.03709418018966101
2018-07-31T04:00:00.0;-0.0361402573465631
2018-07-31T05:00:00.0;-0.03629703075598407
2018-07-31T06:00:00.0;-0.037436931937964824
2018-07-31T07:00:00.0;-0.03807633788845734
2018-07-31T08:00:00.0;-0.03725304636633142
2018-07-31T09:00:00.0;-0.03581373059009399
2018-07-31T10:00:00.0;-0.034619370332942885
2018-07-31T11:00:00.0;-0.0068039028805639236
2018-07-31T12:00:00.0;-0.006752013324172802
2018-07-31T13:00:00.0;-0.00672065659105848
2018-07-31T14:00:00.0;-0.00699188260356461
2018-07-31T15:00:00.0;-0.007462777242606139
2018-07-31T16:00:00.0;-0.008099081896775506
2018-07-31T17:00:00.0;-0.008489670115930246
2018-07-31T18:00:00.0;-0.044454403558344256
2018-07-31T19:00:00.0;-0.04626625070281719
2018-07-31T20:00:00.0;-0.04736396208942016
2018-07-31T21:00:00.0;-0.04830036299680253
2018-07-31T22:00:00.0;-0.046874659374815386
2018-07-31T23:00:00.0;-0.0438458266776145
2018-08-01T00:00:00.0;-0.008470949495654852
2018-08-01T01:00:00.0;-0.03643752882627965
2018-08-01T02:00:00.0;-0.03482330918079292
2018-08-01T03:00:00.0;-0.03359303092369729
2018-08-01T04:00:00.0;-0.03280899808351871
2018-08-01T05:00:00.0;-0.03636775434114529
2018-08-01T06:00:00.0;-0.037686923918470935
2018-08-01T07:00:00.0;-0.038311079786122276
2018-08-01T08:00:00.0;-0.03740540421385319
2018-08-01T09:00:00.0;-0.03585791260446663
2018-08-01T10:00:00.0;-0.03467546691458443
2018-08-01T11:00:00.0;-0.009863198193322603
2018-08-01T12:00:00.0;-0.009813971908264349
2018-08-01T13:00:00.0;-0.009799373005275142
2018-08-01T14:00:00.0;-0.01019303396791464
2018-08-01T15:00:00.0;-0.0108814388194892
2018-08-01T16:00:00.0;-0.011811272588245717
2018-08-01T17:00:00.0;-0.012363283407331713
2018-08-01T18:00:00.0;-0.04461853331338161
2018-08-01T19:00:00.0;-0.04643848682084911
2018-08-01T20:00:00.0;-0.04751388854893407
2018-08-01T21:00:00.0;-0.04811756752454376
2018-08-01T22:00:00.0;-0.046598890075248034
2018-08-01T23:00:00.0;-0.039714554806736184
2018-08-02T00:00:00.0;-0.00851866902188948
2018-08-02T01:00:00.0;-0.03958622435026575
2018-08-02T02:00:00.0;-0.03783383556595744
2018-08-02T03:00:00.0;-0.03651014483572839
2018-08-02T04:00:00.0;-0.03558505202674938
2018-08-02T05:00:00.0;-0.03577765012195421
2018-08-02T06:00:00.0;-0.037510596842415735
2018-08-02T07:00:00.0;-0.03814078135036947
2018-08-02T08:00:00.0;-0.03729844564452373
2018-08-02T09:00:00.0;-0.035824024523549644
2018-08-02T10:00:00.0;-0.03408769353042221
2018-08-02T11:00:00.0;-0.006798944253726053
2018-08-02T12:00:00.0;-0.006748589268217092
2018-08-02T13:00:00.0;-0.006721725271162052
2018-08-02T14:00:00.0;-0.006995171436512996
2018-08-02T15:00:00.0;-0.0074688265340320725
2018-08-02T16:00:00.0;-0.008718625379207713
2018-08-02T17:00:00.0;-0.009140268618638911
2018-08-02T18:00:00.0;-0.04455009908454353
2018-08-02T19:00:00.0;-0.04635033481569897
2018-08-02T20:00:00.0;-0.04740805434549743
2018-08-02T21:00:00.0;-0.048280083395432286
2018-08-02T22:00:00.0;-0.04683349925931779
2018-08-02T23:00:00.0;-0.04315597765875312
2018-08-03T00:00:00.0;-0.008512736979315799
2018-08-03T01:00:00.0;-0.03926311620295804
2018-08-03T02:00:00.0;-0.03752988122821514
2018-08-03T03:00:00.0;-0.0362184226949494
2018-08-03T04:00:00.0;-0.035307578984555214
2018-08-03T05:00:00.0;-0.03551765151043032
2018-08-03T06:00:00.0;-0.03754742892244323
2018-08-03T07:00:00.0;-0.038173003124060086
2018-08-03T08:00:00.0;-0.03732114530864421
2018-08-03T09:00:00.0;-0.03582917145777012
2018-08-03T10:00:00.0;-0.03382197810670177
2018-08-03T11:00:00.0;-0.006796464944928367
2018-08-03T12:00:00.0;-0.0067468772452071455
2018-08-03T13:00:00.0;-0.006722259610022004
2018-08-03T14:00:00.0;-0.0069968158513980154
2018-08-03T15:00:00.0;-0.007471851172993338
2018-08-03T16:00:00.0;-0.009028892693072138
2018-08-03T17:00:00.0;-0.009466139980330857
2018-08-03T18:00:00.0;-0.04459794807963997
2018-08-03T19:00:00.0;-0.046392377258680444
2018-08-03T20:00:00.0;-0.04743010054813476
2018-08-03T21:00:00.0;-0.04826994359747276
2018-08-03T22:00:00.0;-0.04681291942902808
2018-08-03T23:00:00.0;-0.04281139594274454
2018-08-04T00:00:00.0;-0.008103376328124978
2018-08-04T01:00:00.0;-0.024672726725751874
2018-08-04T02:00:00.0;-0.023554684049813396
2018-08-04T03:00:00.0;-0.023929158488880557
2018-08-04T04:00:00.0;-0.023099789472283607
2018-08-04T05:00:00.0;-0.02400609166535968
2018-08-04T06:00:00.0;-0.027497462566805887
2018-08-04T07:00:00.0;-0.027765108031005833
2018-08-04T08:00:00.0;-0.02732400210289813
2018-08-04T09:00:00.0;-0.02644010523918484
2018-08-04T10:00:00.0;-0.025669906804036524
2018-08-04T11:00:00.0;-0.009098232379892419
2018-08-04T12:00:00.0;-0.009053603997822684
2018-08-04T13:00:00.0;-0.006224028674583453
2018-08-04T14:00:00.0;-0.006491706086848122
2018-08-04T15:00:00.0;-0.0069555868246427175
2018-08-04T16:00:00.0;-0.007652081356396769
2018-08-04T17:00:00.0;-0.009631342946248506
2018-08-04T18:00:00.0;-0.03080542144222388
2018-08-04T19:00:00.0;-0.03224840443916701
2018-08-04T20:00:00.0;-0.0330084527037495
2018-08-04T21:00:00.0;-0.0334243284797636
2018-08-04T22:00:00.0;-0.03220836023673849
2018-08-04T23:00:00.0;-0.028080899623690776
2018-08-05T00:00:00.0;-0.00820631058838543
2018-08-05T01:00:00.0;-0.028479009489993625
2018-08-05T02:00:00.0;-0.027203194946125515
2018-08-05T03:00:00.0;-0.027199319364673763
2018-08-05T04:00:00.0;-0.026313345892115494
2018-08-05T05:00:00.0;-0.026141289098800542
2018-08-05T06:00:00.0;-0.029655473385770608
2018-08-05T07:00:00.0;-0.02999015166370006
2018-08-05T08:00:00.0;-0.029460382841953084
2018-08-05T09:00:00.0;-0.0284350743205581
2018-08-05T10:00:00.0;-0.026807185964542016
2018-08-05T11:00:00.0;-0.007500828096855137
2018-08-05T12:00:00.0;-0.007453303783623749
2018-08-05T13:00:00.0;-0.005469170381326972
2018-08-05T14:00:00.0;-0.005705392380038532
2018-08-05T15:00:00.0;-0.006112023827542576
2018-08-05T16:00:00.0;-0.007583763529673206
2018-08-05T17:00:00.0;-0.009219651964769445
2018-08-05T18:00:00.0;-0.03416821735458684
2018-08-05T19:00:00.0;-0.03569894993579391
2018-08-05T20:00:00.0;-0.036511690749698775
2018-08-05T21:00:00.0;-0.0370482098741388
2018-08-05T22:00:00.0;-0.035763268467441586
2018-08-05T23:00:00.0;-0.032093220819894915
2018-08-06T00:00:00.0;-0.008469627999545688
2018-08-06T01:00:00.0;-0.037340618759868285
2018-08-06T02:00:00.0;-0.035707413965595236
2018-08-06T03:00:00.0;-0.03455728130624498
2018-08-06T04:00:00.0;-0.03369283917571709
2018-08-06T05:00:00.0;-0.03392858297207462
2018-08-06T06:00:00.0;-0.03696256217782568
2018-08-06T07:00:00.0;-0.0375450234159799
2018-08-06T08:00:00.0;-0.03668376508486966
2018-08-06T09:00:00.0;-0.03516566425871128
2018-08-06T10:00:00.0;-0.032223903959074415
2018-08-06T11:00:00.0;-0.006664548831533849
2018-08-06T12:00:00.0;-0.006618015412964374
2018-08-06T13:00:00.0;-0.006604479789571751
2018-08-06T14:00:00.0;-0.006880398049117399
2018-08-06T15:00:00.0;-0.007355163124086128
2018-08-06T16:00:00.0;-0.01000001344969918
2018-08-06T17:00:00.0;-0.01060843593375415
2018-08-06T18:00:00.0;-0.04403538317944005
2018-08-06T19:00:00.0;-0.045794121673059726
2018-08-06T20:00:00.0;-0.04675757507229585
2018-08-06T21:00:00.0;-0.047471930977039105
2018-08-06T22:00:00.0;-0.045988579645644526
2018-08-06T23:00:00.0;-0.04089112993303978
2018-08-07T00:00:00.0;-0.008473333071762653
2018-08-07T01:00:00.0;-0.03756485880217516
2018-08-07T02:00:00.0;-0.035911921623992336
2018-08-07T03:00:00.0;-0.034650539733260176
2018-08-07T04:00:00.0;-0.03377320754760964
2018-08-07T05:00:00.0;-0.03397468443615971
2018-08-07T06:00:00.0;-0.037371063560606516
2018-08-07T07:00:00.0;-0.037973431159500234
2018-08-07T08:00:00.0;-0.03714121655081049
2018-08-07T09:00:00.0;-0.03566504731655485
2018-08-07T10:00:00.0;-0.03318778795452098
2018-08-07T11:00:00.0;-0.007592774543622908
2018-08-07T12:00:00.0;-0.007544075854575491
2018-08-07T13:00:00.0;-0.006714680693524606
2018-08-07T14:00:00.0;-0.00698705538373729
2018-08-07T15:00:00.0;-0.007459356987984344
2018-08-07T16:00:00.0;-0.009608293185931477
2018-08-07T17:00:00.0;-0.01008324659461844
2018-08-07T18:00:00.0;-0.0435916030822035
2018-08-07T19:00:00.0;-0.04534854298626307
2018-08-07T20:00:00.0;-0.04627882126504161
2018-08-07T21:00:00.0;-0.04698054150658705
2018-08-07T22:00:00.0;-0.045513597976580146
2018-08-07T23:00:00.0;-0.04079841727610311
2018-08-08T00:00:00.0;-0.00845969625260285
2018-08-08T01:00:00.0;-0.02904303634854687
2018-08-08T02:00:00.0;-0.027870684871818603
2018-08-08T03:00:00.0;-0.027223503396448127
2018-08-08T04:00:00.0;-0.02640007171994201
2018-08-08T05:00:00.0;-0.02638568976629513
2018-08-08T06:00:00.0;-0.027525409007167805
2018-08-08T07:00:00.0;-0.028559965502713544
2018-08-08T08:00:00.0;-0.03617511196622751
2018-08-08T09:00:00.0;-0.035112206439364496
2018-08-08T10:00:00.0;-0.033673317926035166
2018-08-08T11:00:00.0;-0.00687127867800119
2018-08-08T12:00:00.0;-0.00680520938526069
2018-08-08T13:00:00.0;-0.006848000268419637
2018-08-08T14:00:00.0;-0.007132348441349861
2018-08-08T15:00:00.0;-0.007600185609888055
2018-08-08T16:00:00.0;-0.008247596127441552
2018-08-08T17:00:00.0;-0.01849054592171468
2018-08-08T18:00:00.0;-0.04393428563041219
2018-08-08T19:00:00.0;-0.0455391715361723
2018-08-08T20:00:00.0;-0.046290525789952554
2018-08-08T21:00:00.0;-0.046489436853731796
2018-08-08T22:00:00.0;-0.03463722638583527
2018-08-08T23:00:00.0;-0.0325044340855471
2018-08-09T00:00:00.0;-0.00813252675531458
2018-08-09T01:00:00.0;-0.02252497967016011
2018-08-09T02:00:00.0;-0.02151245970552282
2018-08-09T03:00:00.0;-0.020691749346496383
2018-08-09T04:00:00.0;-0.020141951203559244
2018-08-09T05:00:00.0;-0.026217174048730647
2018-08-09T06:00:00.0;-0.035410740316263734
2018-08-09T07:00:00.0;-0.035874525196930004
2018-08-09T08:00:00.0;-0.03527298553763411
2018-08-09T09:00:00.0;-0.03412192186662564
2018-08-09T10:00:00.0;-0.03338657543053603
2018-08-09T11:00:00.0;-0.02042063503273476
2018-08-09T12:00:00.0;-0.020522872439249936
2018-08-09T13:00:00.0;-0.01254900720703227
2018-08-09T14:00:00.0;-0.012976566002055073
2018-08-09T15:00:00.0;-0.013770888449291838
2018-08-09T16:00:00.0;-0.015077027650251155
2018-08-09T17:00:00.0;-0.015899324151044777
2018-08-09T18:00:00.0;-0.033731892213563285
2018-08-09T19:00:00.0;-0.035243683195768566
2018-08-09T20:00:00.0;-0.03569090889050679
2018-08-09T21:00:00.0;-0.03546276319133008
2018-08-09T22:00:00.0;-0.03404783773076011
2018-08-09T23:00:00.0;-0.022774370334606817
2018-08-10T00:00:00.0;-0.00782231312823134
2018-08-10T01:00:00.0;-0.002761507346150672
2018-08-10T02:00:00.0;-0.0035075612319719275
2018-08-10T03:00:00.0;-0.006725607500018401
2018-08-10T04:00:00.0;-0.006497540952679326
2018-08-10T05:00:00.0;-0.006305366971777017
2018-08-10T06:00:00.0;-0.00777127979763801
2018-08-10T07:00:00.0;-0.008524581736041755
2018-08-10T08:00:00.0;-0.010830701321183661
2018-08-10T09:00:00.0;-0.015197819475812023
2018-08-10T10:00:00.0;-0.013278812549538003
2018-08-10T11:00:00.0;-0.007937887297838899
2018-08-10T12:00:00.0;-0.007324417367768703
2018-08-10T13:00:00.0;-0.007461125815783902
2018-08-10T14:00:00.0;-0.007825721607489086
2018-08-10T15:00:00.0;-0.008430825930069788
2018-08-10T16:00:00.0;-0.011617520099100385
2018-08-10T17:00:00.0;-0.019605453713881
2018-08-10T18:00:00.0;-0.02056675050787039
2018-08-10T19:00:00.0;-0.021448806804262317
2018-08-10T20:00:00.0;-0.02193849485195834
2018-08-10T21:00:00.0;-0.021228426261934212
2018-08-10T22:00:00.0;-0.010787890951045447
2018-08-10T23:00:00.0;-0.008441399800739408
2018-08-11T00:00:00.0;-0.0074743267646642676
2018-08-11T01:00:00.0;-0.0028961158558727025
2018-08-11T02:00:00.0;-0.0028861509420557586
2018-08-11T03:00:00.0;-0.006566509031577391
2018-08-11T04:00:00.0;-0.006254595998415525
2018-08-11T05:00:00.0;-0.006092639136208418
2018-08-11T06:00:00.0;-0.011218291555955748
2018-08-11T07:00:00.0;-0.011158500631511857
2018-08-11T08:00:00.0;-0.010991709761811122
2018-08-11T09:00:00.0;-0.011046989662506815
2018-08-11T10:00:00.0;-0.006025208127380821
2018-08-11T11:00:00.0;-0.0027451067993929388
2018-08-11T12:00:00.0;-0.0027177629161377606
2018-08-11T13:00:00.0;-0.00278895205607288
2018-08-11T14:00:00.0;-0.0029624012447356926
2018-08-11T15:00:00.0;-0.003242204144009576
2018-08-11T16:00:00.0;-0.009596669227669143
2018-08-11T17:00:00.0;-0.014939056121606583
2018-08-11T18:00:00.0;-0.015962561335552145
2018-08-11T19:00:00.0;-0.016765903808617526
2018-08-11T20:00:00.0;-0.01718911989525819
2018-08-11T21:00:00.0;-0.01725740446704126
2018-08-11T22:00:00.0;-0.015710801756262834
2018-08-11T23:00:00.0;-0.00814898327348458
2018-08-12T00:00:00.0;-0.007436785880855202
2018-08-12T01:00:00.0;-0.0040082932138935014
2018-08-12T02:00:00.0;-0.003828265652339533
2018-08-12T03:00:00.0;-0.0068249090682737466
2018-08-12T04:00:00.0;-0.00646006524152532
2018-08-12T05:00:00.0;-0.006182942449924795
2018-08-12T06:00:00.0;-0.013752887918949993
2018-08-12T07:00:00.0;-0.013672477941752224
2018-08-12T08:00:00.0;-0.013649942447552995
2018-08-12T09:00:00.0;-0.013413115008540533
2018-08-12T10:00:00.0;-0.01238183567062086
2018-08-12T11:00:00.0;-0.009362958921862676
2018-08-12T12:00:00.0;-0.009345046591641478
2018-08-12T13:00:00.0;-0.0028513833818226645
2018-08-12T14:00:00.0;-0.0029919639025776513
2018-08-12T15:00:00.0;-0.003231993307809297
2018-08-12T16:00:00.0;-0.004614905817253551
2018-08-12T17:00:00.0;-0.00881126610603365
2018-08-12T18:00:00.0;-0.009790349285928923
2018-08-12T19:00:00.0;-0.0103445170731123
2018-08-12T20:00:00.0;-0.010573575583896351
2018-08-12T21:00:00.0;-0.01062657838333025
2018-08-12T22:00:00.0;-0.010125242738037346
2018-08-12T23:00:00.0;-0.006671212833227413
2018-08-13T00:00:00.0;-0.008156764986816462
2018-08-13T01:00:00.0;-0.019621230358368057
2018-08-13T02:00:00.0;-0.018765023566357578
2018-08-13T03:00:00.0;-0.018064693138798008
2018-08-13T04:00:00.0;-0.017762846346521286
2018-08-13T05:00:00.0;-0.03271512780304294
2018-08-13T06:00:00.0;-0.037645157985234774
2018-08-13T07:00:00.0;-0.038162084031551954
2018-08-13T08:00:00.0;-0.03710794566309727
2018-08-13T09:00:00.0;-0.03536428948049303
2018-08-13T10:00:00.0;-0.03438548121340467
2018-08-13T11:00:00.0;-0.023513849226868076
2018-08-13T12:00:00.0;-0.02367874988476564
2018-08-13T13:00:00.0;-0.020860151955196485
2018-08-13T14:00:00.0;-0.021639071402785995
2018-08-13T15:00:00.0;-0.023062146056141576
2018-08-13T16:00:00.0;-0.025122466635434302
2018-08-13T17:00:00.0;-0.02624816529524645
2018-08-13T18:00:00.0;-0.041060404565599264
2018-08-13T19:00:00.0;-0.042799172192303774
2018-08-13T20:00:00.0;-0.043549161644777484
2018-08-13T21:00:00.0;-0.04283285407163862
2018-08-13T22:00:00.0;-0.04106419764115792
2018-08-13T23:00:00.0;-0.020727972888126375
2018-08-14T00:00:00.0;-0.008142972161495038
2018-08-14T01:00:00.0;-0.020213794369259713
2018-08-14T02:00:00.0;-0.019512954177759754
2018-08-14T03:00:00.0;-0.01984531972789567
2018-08-14T04:00:00.0;-0.01932745260524866
2018-08-14T05:00:00.0;-0.026246365312818244
2018-08-14T06:00:00.0;-0.028883757630902063
2018-08-14T07:00:00.0;-0.029325177191023132
2018-08-14T08:00:00.0;-0.02935863648879228
2018-08-14T09:00:00.0;-0.02895734961232767
2018-08-14T10:00:00.0;-0.02647954201664654
2018-08-14T11:00:00.0;-0.012707343093174558
2018-08-14T12:00:00.0;-0.01267074482090309
2018-08-14T13:00:00.0;-0.0127991073997938
2018-08-14T14:00:00.0;-0.013360236440045683
2018-08-14T15:00:00.0;-0.014327420238791256
2018-08-14T16:00:00.0;-0.017439280580380963
2018-08-14T17:00:00.0;-0.020498211414578176
2018-08-14T18:00:00.0;-0.037314485345351124
2018-08-14T19:00:00.0;-0.038874721429752866
2018-08-14T20:00:00.0;-0.03970523658138389
2018-08-14T21:00:00.0;-0.039621856940607235
2018-08-14T22:00:00.0;-0.03603975119464307
2018-08-14T23:00:00.0;-0.023771394412272506
2018-08-15T00:00:00.0;-0.008127371725086473
2018-08-15T01:00:00.0;-0.017780304119480256
2018-08-15T02:00:00.0;-0.017011475565324636
2018-08-15T03:00:00.0;-0.016506657104139472
2018-08-15T04:00:00.0;-0.01614149846771654
2018-08-15T05:00:00.0;-0.027306416564419917
2018-08-15T06:00:00.0;-0.033647547046696466
2018-08-15T07:00:00.0;-0.03430820828871794
2018-08-15T08:00:00.0;-0.035927892233739496
2018-08-15T09:00:00.0;-0.03445303874402418
2018-08-15T10:00:00.0;-0.03348193230346391
2018-08-15T11:00:00.0;-0.021847852049789663
2018-08-15T12:00:00.0;-0.02196203581116361
2018-08-15T13:00:00.0;-0.017401512477131287
2018-08-15T14:00:00.0;-0.018043425978226776
2018-08-15T15:00:00.0;-0.019197935579461676
2018-08-15T16:00:00.0;-0.02095240220305053
2018-08-15T17:00:00.0;-0.02504703684905146
2018-08-15T18:00:00.0;-0.03801508900097897
2018-08-15T19:00:00.0;-0.03961259907551669
2018-08-15T20:00:00.0;-0.0401670627555757
2018-08-15T21:00:00.0;-0.039513026995924586
2018-08-15T22:00:00.0;-0.034930737314686267
2018-08-15T23:00:00.0;-0.01857229639626956
2018-08-16T00:00:00.0;-0.00800582679285691
2018-08-16T01:00:00.0;-0.00804566023173387
2018-08-16T02:00:00.0;-0.007816248873798117
2018-08-16T03:00:00.0;-0.009033459192155943
2018-08-16T04:00:00.0;-0.008757939956960802
2018-08-16T05:00:00.0;-0.018092878580307534
2018-08-16T06:00:00.0;-0.019019402193036963
2018-08-16T07:00:00.0;-0.019666094782381714
2018-08-16T08:00:00.0;-0.027675501072139497
2018-08-16T09:00:00.0;-0.02700182552879303
2018-08-16T10:00:00.0;-0.025891817595490335
2018-08-16T11:00:00.0;-0.014578299789446638
2018-08-16T12:00:00.0;-0.01453724796441284
2018-08-16T13:00:00.0;-0.014869210426259263
2018-08-16T14:00:00.0;-0.015540703936053684
2018-08-16T15:00:00.0;-0.016648188802111503
2018-08-16T16:00:00.0;-0.018231169596440878
2018-08-16T17:00:00.0;-0.03144338678971152
2018-08-16T18:00:00.0;-0.035186842811975066
2018-08-16T19:00:00.0;-0.036585170685094724
2018-08-16T20:00:00.0;-0.03721782496849061
2018-08-16T21:00:00.0;-0.03653826287617793
2018-08-16T22:00:00.0;-0.023923220859019878
2018-08-16T23:00:00.0;-0.010948948294196292
2018-08-17T00:00:00.0;-0.008368743327975554
2018-08-17T01:00:00.0;-0.03294516502764532
2018-08-17T02:00:00.0;-0.03151843098342571
2018-08-17T03:00:00.0;-0.03042393533889529
2018-08-17T04:00:00.0;-0.02965754477559885
2018-08-17T05:00:00.0;-0.02988069146794541
2018-08-17T06:00:00.0;-0.03696895873070705
2018-08-17T07:00:00.0;-0.0375033402399912
2018-08-17T08:00:00.0;-0.03668667048815847
2018-08-17T09:00:00.0;-0.0351954503994164
2018-08-17T10:00:00.0;-0.030928476444668767
2018-08-17T11:00:00.0;-0.00917235286431148
2018-08-17T12:00:00.0;-0.009133915565980977
2018-08-17T13:00:00.0;-0.006674548119346965
2018-08-17T14:00:00.0;-0.006945395217518901
2018-08-17T15:00:00.0;-0.007415323220614901
2018-08-17T16:00:00.0;-0.011749801679911836
2018-08-17T17:00:00.0;-0.012384166546261951
2018-08-17T18:00:00.0;-0.04149031289028443
2018-08-17T19:00:00.0;-0.04314855759156802
2018-08-17T20:00:00.0;-0.04381212192169057
2018-08-17T21:00:00.0;-0.04415274003474067
2018-08-17T22:00:00.0;-0.0426448124170734
2018-08-17T23:00:00.0;-0.03547419518526539
2018-08-18T00:00:00.0;-0.00754183735570469
2018-08-18T01:00:00.0;-0.0037995841064849527
2018-08-18T02:00:00.0;-0.0036361306016103423
2018-08-18T03:00:00.0;-0.0065999155423085215
2018-08-18T04:00:00.0;-0.006268935741845821
2018-08-18T05:00:00.0;-0.007267598108893677
2018-08-18T06:00:00.0;-0.012461314968244623
2018-08-18T07:00:00.0;-0.012548925428123848
2018-08-18T08:00:00.0;-0.01495503919477496
2018-08-18T09:00:00.0;-0.014591513363127003
2018-08-18T10:00:00.0;-0.013511345039030254
2018-08-18T11:00:00.0;-0.008369760424170305
2018-08-18T12:00:00.0;-0.008330800741681438
2018-08-18T13:00:00.0;-0.004204689127117425
2018-08-18T14:00:00.0;-0.004419251039213342
2018-08-18T15:00:00.0;-0.004775435493684715
2018-08-18T16:00:00.0;-0.00617855891297327
2018-08-18T17:00:00.0;-0.013762407526937354
2018-08-18T18:00:00.0;-0.014537054691080104
2018-08-18T19:00:00.0;-0.015297144316647191
2018-08-18T20:00:00.0;-0.015640076189899172
2018-08-18T21:00:00.0;-0.01565182496084989
2018-08-18T22:00:00.0;-0.011372422833544964
2018-08-18T23:00:00.0;-0.00703524700154054
2018-08-19T00:00:00.0;-0.007452753304769154
2018-08-19T01:00:00.0;-0.004023656689768088
2018-08-19T02:00:00.0;-0.0037817123435243175
2018-08-19T03:00:00.0;-0.006434771402342462
2018-08-19T04:00:00.0;-0.0061404595102829106
2018-08-19T05:00:00.0;-0.0058621005904811
2018-08-19T06:00:00.0;-0.014982196123837709
2018-08-19T07:00:00.0;-0.015197101719250409
2018-08-19T08:00:00.0;-0.01524894733283336
2018-08-19T09:00:00.0;-0.015080566986682156
2018-08-19T10:00:00.0;-0.014839597561795108
2018-08-19T11:00:00.0;-0.012411957197075565
2018-08-19T12:00:00.0;-0.012165044280559763
2018-08-19T13:00:00.0;-0.0032048462585308065
2018-08-19T14:00:00.0;-0.003346390182403052
2018-08-19T15:00:00.0;-0.0035949928112785114
2018-08-19T16:00:00.0;-0.004391957530466469
2018-08-19T17:00:00.0;-0.0081844415147436
2018-08-19T18:00:00.0;-0.008680664192834617
2018-08-19T19:00:00.0;-0.009174925974130482
2018-08-19T20:00:00.0;-0.009344880055120398
2018-08-19T21:00:00.0;-0.00895302927031236
2018-08-19T22:00:00.0;-0.008525307509439018
2018-08-19T23:00:00.0;-0.005608568117506433
2018-08-20T00:00:00.0;-0.00818974098981824
2018-08-20T01:00:00.0;-0.015570394904623914
2018-08-20T02:00:00.0;-0.015160451655478562
2018-08-20T03:00:00.0;-0.014594784870576707
2018-08-20T04:00:00.0;-0.014435096685914613
2018-08-20T05:00:00.0;-0.03545286915402902
2018-08-20T06:00:00.0;-0.03768380265191373
2018-08-20T07:00:00.0;-0.03835531120912632
2018-08-20T08:00:00.0;-0.03719705141436951
2018-08-20T09:00:00.0;-0.03653706423935804
2018-08-20T10:00:00.0;-0.03538450148189001
2018-08-20T11:00:00.0;-0.027518126569873978
2018-08-20T12:00:00.0;-0.027720856851661153
2018-08-20T13:00:00.0;-0.028124459153135748
2018-08-20T14:00:00.0;-0.02918519556414574
2018-08-20T15:00:00.0;-0.03112716508455416
2018-08-20T16:00:00.0;-0.03379952763523046
2018-08-20T17:00:00.0;-0.035207517976768334
2018-08-20T18:00:00.0;-0.04578635573479205
2018-08-20T19:00:00.0;-0.04758996338635958
2018-08-20T20:00:00.0;-0.04849495467187468
2018-08-20T21:00:00.0;-0.04726946305192024
2018-08-20T22:00:00.0;-0.04357133686879672
2018-08-20T23:00:00.0;-0.017278155423882672
2018-08-21T00:00:00.0;-0.008124338892922642
2018-08-21T01:00:00.0;-0.015919500373883032
2018-08-21T02:00:00.0;-0.015267891728673969
2018-08-21T03:00:00.0;-0.014719835854973115
2018-08-21T04:00:00.0;-0.014575960709900278
2018-08-21T05:00:00.0;-0.03268053622089404
2018-08-21T06:00:00.0;-0.03932183914669695
2018-08-21T07:00:00.0;-0.03981058456752301
2018-08-21T08:00:00.0;-0.03840565127882905
2018-08-21T09:00:00.0;-0.03612625576258317
2018-08-21T10:00:00.0;-0.030873372763682235
2018-08-21T11:00:00.0;-0.02300126969326163
2018-08-21T12:00:00.0;-0.02318510906543845
2018-08-21T13:00:00.0;-0.02357658572032755
2018-08-21T14:00:00.0;-0.02455973135936897
2018-08-21T15:00:00.0;-0.02630041903465871
2018-08-21T16:00:00.0;-0.03344496444607752
2018-08-21T17:00:00.0;-0.034831922274062524
2018-08-21T18:00:00.0;-0.0460508708151056
2018-08-21T19:00:00.0;-0.04781735991422042
2018-08-21T20:00:00.0;-0.048493876027412106
2018-08-21T21:00:00.0;-0.04717603837883433
2018-08-21T22:00:00.0;-0.04509890833489334
2018-08-21T23:00:00.0;-0.017416204190576226
2018-08-22T00:00:00.0;-0.00839443098429495
2018-08-22T01:00:00.0;-0.029617301860070736
2018-08-22T02:00:00.0;-0.028339048816188574
2018-08-22T03:00:00.0;-0.027334501122751913
2018-08-22T04:00:00.0;-0.026650449021434815
2018-08-22T05:00:00.0;-0.030644889458611217
2018-08-22T06:00:00.0;-0.03402806223611689
2018-08-22T07:00:00.0;-0.03487847285907286
2018-08-22T08:00:00.0;-0.03764455630256819
2018-08-22T09:00:00.0;-0.036160564697749524
2018-08-22T10:00:00.0;-0.03465458283974571
2018-08-22T11:00:00.0;-0.012195703548742495
2018-08-22T12:00:00.0;-0.01215055594480916
2018-08-22T13:00:00.0;-0.010495535910590343
2018-08-22T14:00:00.0;-0.010907510548836492
2018-08-22T15:00:00.0;-0.011618494913806501
2018-08-22T16:00:00.0;-0.012933048332925827
2018-08-22T17:00:00.0;-0.017656630441713592
2018-08-22T18:00:00.0;-0.043206350201297095
2018-08-22T19:00:00.0;-0.044901424124485195
2018-08-22T20:00:00.0;-0.045670232628433595
2018-08-22T21:00:00.0;-0.04574664063462059
2018-08-22T22:00:00.0;-0.03984800615186635
2018-08-22T23:00:00.0;-0.03206609591124494
2018-08-23T00:00:00.0;-0.008268319032099673
2018-08-23T01:00:00.0;-0.016542736481095683
2018-08-23T02:00:00.0;-0.01587094761732555
2018-08-23T03:00:00.0;-0.015306847898846681
2018-08-23T04:00:00.0;-0.014930793922089704
2018-08-23T05:00:00.0;-0.02364712464980448
2018-08-23T06:00:00.0;-0.028135710394035958
2018-08-23T07:00:00.0;-0.02926777436868699
2018-08-23T08:00:00.0;-0.03869679926935946
2018-08-23T09:00:00.0;-0.037135952227881
2018-08-23T10:00:00.0;-0.03572767189005885
2018-08-23T11:00:00.0;-0.018341163167495508
2018-08-23T12:00:00.0;-0.018335727093445216
2018-08-23T13:00:00.0;-0.015654161175413593
2018-08-23T14:00:00.0;-0.0162541365382981
2018-08-23T15:00:00.0;-0.01726696924974701
2018-08-23T16:00:00.0;-0.018747813270690895
2018-08-23T17:00:00.0;-0.031622581760764136
2018-08-23T18:00:00.0;-0.04315377197657108
2018-08-23T19:00:00.0;-0.04471566816561425
2018-08-23T20:00:00.0;-0.04514379834062349
2018-08-23T21:00:00.0;-0.04420878773288241
2018-08-23T22:00:00.0;-0.030449136080815974
2018-08-23T23:00:00.0;-0.01762351616911505
2018-08-24T00:00:00.0;-0.00813802805657276
2018-08-24T01:00:00.0;-0.01837437365350813
2018-08-24T02:00:00.0;-0.017598632667234805
2018-08-24T03:00:00.0;-0.018632622041512923
2018-08-24T04:00:00.0;-0.017912661519274158
2018-08-24T05:00:00.0;-0.01765800515218363
2018-08-24T06:00:00.0;-0.018242347959666
2018-08-24T07:00:00.0;-0.01885008093334272
2018-08-24T08:00:00.0;-0.026559993392622522
2018-08-24T09:00:00.0;-0.025671815948867423
2018-08-24T10:00:00.0;-0.024589555479776887
2018-08-24T11:00:00.0;-0.004930599859495385
2018-08-24T12:00:00.0;-0.004876733765558509
2018-08-24T13:00:00.0;-0.004943983480343741
2018-08-24T14:00:00.0;-0.005177015977390185
2018-08-24T15:00:00.0;-0.005552091871629437
2018-08-24T16:00:00.0;-0.006088546801906915
2018-08-24T17:00:00.0;-0.01816967342589894
2018-08-24T18:00:00.0;-0.03345128273700686
2018-08-24T19:00:00.0;-0.03482146817837299
2018-08-24T20:00:00.0;-0.03552085337250877
2018-08-24T21:00:00.0;-0.03565471774928641
2018-08-24T22:00:00.0;-0.024031080116916972
2018-08-24T23:00:00.0;-0.022602051295228517
2018-08-25T00:00:00.0;-0.007655606177373545
2018-08-25T01:00:00.0;-0.008669986262945446
2018-08-25T02:00:00.0;-0.008315567959103322
2018-08-25T03:00:00.0;-0.010151665818908596
2018-08-25T04:00:00.0;-0.009690437694143328
2018-08-25T05:00:00.0;-0.00942126861704921
2018-08-25T06:00:00.0;-0.019172610543953608
2018-08-25T07:00:00.0;-0.019251431459516775
2018-08-25T08:00:00.0;-0.019904008176865683
2018-08-25T09:00:00.0;-0.019599894404572313
2018-08-25T10:00:00.0;-0.017407157188604718
2018-08-25T11:00:00.0;-0.011628867832153356
2018-08-25T12:00:00.0;-0.011624190952767389
2018-08-25T13:00:00.0;-0.004153029673365414
2018-08-25T14:00:00.0;-0.00433629314495332
2018-08-25T15:00:00.0;-0.004652881821418384
2018-08-25T16:00:00.0;-0.0073852650696700885
2018-08-25T17:00:00.0;-0.01160112487723046
2018-08-25T18:00:00.0;-0.01672695473753993
2018-08-25T19:00:00.0;-0.017578685732178828
2018-08-25T20:00:00.0;-0.01784148942585972
2018-08-25T21:00:00.0;-0.017823129024449345
2018-08-25T22:00:00.0;-0.015734447155083774
2018-08-25T23:00:00.0;-0.01048248698483242
2018-08-26T00:00:00.0;-0.007472032560606177
2018-08-26T01:00:00.0;-0.004603441631315782
2018-08-26T02:00:00.0;-0.0043732310502082716
2018-08-26T03:00:00.0;-0.006486726874106887
2018-08-26T04:00:00.0;-0.006164367920163362
2018-08-26T05:00:00.0;-0.005895874751947145
2018-08-26T06:00:00.0;-0.017632838923514027
2018-08-26T07:00:00.0;-0.017682698676153356
2018-08-26T08:00:00.0;-0.01777752396021986
2018-08-26T09:00:00.0;-0.017645502920758453
2018-08-26T10:00:00.0;-0.0174511640602967
2018-08-26T11:00:00.0;-0.015503673123039968
2018-08-26T12:00:00.0;-0.01548710343665231
2018-08-26T13:00:00.0;-0.0037417686286055477
2018-08-26T14:00:00.0;-0.0038886542598144218
2018-08-26T15:00:00.0;-0.004154493643640946
2018-08-26T16:00:00.0;-0.004798612357730383
2018-08-26T17:00:00.0;-0.008018011731789662
2018-08-26T18:00:00.0;-0.008506487461906645
2018-08-26T19:00:00.0;-0.008987924805286956
2018-08-26T20:00:00.0;-0.009106686393745246
2018-08-26T21:00:00.0;-0.008943606057218627
2018-08-26T22:00:00.0;-0.008511072295009659
2018-08-26T23:00:00.0;-0.004913225588996311
2018-08-27T00:00:00.0;-0.008186545220893487
2018-08-27T01:00:00.0;-0.005165270798604324
2018-08-27T02:00:00.0;-0.005641094184764638
2018-08-27T03:00:00.0;-0.00721032769473974
2018-08-27T04:00:00.0;-0.006905993108619634
2018-08-27T05:00:00.0;-0.007215861510243037
2018-08-27T06:00:00.0;-0.0075893478339029525
2018-08-27T07:00:00.0;-0.008080840016733627
2018-08-27T08:00:00.0;-0.024352352455504673
2018-08-27T09:00:00.0;-0.02715383907814572
2018-08-27T10:00:00.0;-0.025797615317291467
2018-08-27T11:00:00.0;-0.008891602022958472
2018-08-27T12:00:00.0;-0.008761612666070414
2018-08-27T13:00:00.0;-0.008965011249331219
2018-08-27T14:00:00.0;-0.009354911807182589
2018-08-27T15:00:00.0;-0.009962949637881463
2018-08-27T16:00:00.0;-0.010889337506094924
2018-08-27T17:00:00.0;-0.03372277954992871
2018-08-27T18:00:00.0;-0.03490095571595698
2018-08-27T19:00:00.0;-0.03603621308569556
2018-08-27T20:00:00.0;-0.03638668742076222
2018-08-27T21:00:00.0;-0.03580121987234258
2018-08-27T22:00:00.0;-0.009897001386863278
2018-08-27T23:00:00.0;-0.008814584267217648
2018-08-28T00:00:00.0;-0.00798704579181846
2018-08-28T01:00:00.0;-0.007606879130445567
2018-08-28T02:00:00.0;-0.007349096686120929
2018-08-28T03:00:00.0;-0.007080716969565595
2018-08-28T04:00:00.0;-0.007052136292669057
2018-08-28T05:00:00.0;-0.03134027765251732
2018-08-28T06:00:00.0;-0.03979103857332223
2018-08-28T07:00:00.0;-0.04024721465679438
2018-08-28T08:00:00.0;-0.0386664403571245
2018-08-28T09:00:00.0;-0.036295267113952395
2018-08-28T10:00:00.0;-0.02973329956719134
2018-08-28T11:00:00.0;-0.028999930399769
2018-08-28T12:00:00.0;-0.029385730757354366
2018-08-28T13:00:00.0;-0.030096415607144968
2018-08-28T14:00:00.0;-0.03135599292524886
2018-08-28T15:00:00.0;-0.03360424505113737
2018-08-28T16:00:00.0;-0.04305418467213669
2018-08-28T17:00:00.0;-0.04475354186639276
2018-08-28T18:00:00.0;-0.04663424622184819
2018-08-28T19:00:00.0;-0.04837981140375896
2018-08-28T20:00:00.0;-0.048910591532071515
2018-08-28T21:00:00.0;-0.046795453475852476
2018-08-28T22:00:00.0;-0.04426726397432967
2018-08-28T23:00:00.0;-0.00837953174008002
2018-08-29T00:00:00.0;-0.008028788252327767
2018-08-29T01:00:00.0;-0.007941240245647255
2018-08-29T02:00:00.0;-0.007644874592873044
2018-08-29T03:00:00.0;-0.007356740632871745
2018-08-29T04:00:00.0;-0.007276262960805876
2018-08-29T05:00:00.0;-0.030641473390020785
2018-08-29T06:00:00.0;-0.035329448768166793
2018-08-29T07:00:00.0;-0.036082106734688445
2018-08-29T08:00:00.0;-0.0382077391617429
2018-08-29T09:00:00.0;-0.036273209500637456
2018-08-29T10:00:00.0;-0.035152966311683194
2018-08-29T11:00:00.0;-0.03132398919887401
2018-08-29T12:00:00.0;-0.031702519429361406
2018-08-29T13:00:00.0;-0.02999669992592203
2018-08-29T14:00:00.0;-0.03111973577728802
2018-08-29T15:00:00.0;-0.03315770689928969
2018-08-29T16:00:00.0;-0.0360696837119303
2018-08-29T17:00:00.0;-0.04151438733094401
2018-08-29T18:00:00.0;-0.043188378199477885
2018-08-29T19:00:00.0;-0.04491112930571598
2018-08-29T20:00:00.0;-0.045533767920754614
2018-08-29T21:00:00.0;-0.04377460262149914
2018-08-29T22:00:00.0;-0.03773886353128034
2018-08-29T23:00:00.0;-0.00821332292127297
2018-08-30T00:00:00.0;-0.008073544380360613
2018-08-30T01:00:00.0;-0.019962390897700712
2018-08-30T02:00:00.0;-0.01916839791331789
2018-08-30T03:00:00.0;-0.019492333347851314
2018-08-30T04:00:00.0;-0.019021797233101174
2018-08-30T05:00:00.0;-0.01932721362077723
2018-08-30T06:00:00.0;-0.030971808176201578
2018-08-30T07:00:00.0;-0.03125570672499696
2018-08-30T08:00:00.0;-0.03084360344001435
2018-08-30T09:00:00.0;-0.029175898362469546
2018-08-30T10:00:00.0;-0.01837968290091981
2018-08-30T11:00:00.0;-0.005498775775932664
2018-08-30T12:00:00.0;-0.005464742030245867
2018-08-30T13:00:00.0;-0.0055411110044459744
2018-08-30T14:00:00.0;-0.005821848684683087
2018-08-30T15:00:00.0;-0.006283315066491331
2018-08-30T16:00:00.0;-0.018541655548295115
2018-08-30T17:00:00.0;-0.021381405369841986
2018-08-30T18:00:00.0;-0.03862297550760514
2018-08-30T19:00:00.0;-0.04005818998758074
2018-08-30T20:00:00.0;-0.0404196322397097
2018-08-30T21:00:00.0;-0.040110535399594
2018-08-30T22:00:00.0;-0.03786821555200134
2018-08-30T23:00:00.0;-0.02331639537310012
2018-08-31T00:00:00.0;-0.008313176566177725
2018-08-31T01:00:00.0;-0.0292345274260698
2018-08-31T02:00:00.0;-0.02803870350558172
2018-08-31T03:00:00.0;-0.027079667610671508
2018-08-31T04:00:00.0;-0.026514629259222915
2018-08-31T05:00:00.0;-0.027013304529078453
2018-08-31T06:00:00.0;-0.038152763189481485
2018-08-31T07:00:00.0;-0.03863450155359948
2018-08-31T08:00:00.0;-0.03758706242600703
2018-08-31T09:00:00.0;-0.035703845463038536
2018-08-31T10:00:00.0;-0.026650814114367392
2018-08-31T11:00:00.0;-0.007923531928438294
2018-08-31T12:00:00.0;-0.007897366930072137
2018-08-31T13:00:00.0;-0.006723486627240068
2018-08-31T14:00:00.0;-0.007021007053528037
2018-08-31T15:00:00.0;-0.0075245623903044635
2018-08-31T16:00:00.0;-0.01733824235799547
2018-08-31T17:00:00.0;-0.018228645525884022
2018-08-31T18:00:00.0;-0.04417271677362156
2018-08-31T19:00:00.0;-0.045777885374722424
2018-08-31T20:00:00.0;-0.04619968759323864
2018-08-31T21:00:00.0;-0.046100465136136345
2018-08-31T22:00:00.0;-0.044391417381021446
2018-08-31T23:00:00.0;-0.03176356452088278
2018-09-01T00:00:00.0;-0.008236889319662545
2018-09-01T01:00:00.0;-0.027356988601438446
2018-09-01T02:00:00.0;-0.02619075057457507
2018-09-01T03:00:00.0;-0.025249279390513968
2018-09-01T04:00:00.0;-0.02460651968317453
2018-09-01T05:00:00.0;-0.02481176287837595
2018-09-01T06:00:00.0;-0.036576228863568136
2018-09-01T07:00:00.0;-0.037034497518119734
2018-09-01T08:00:00.0;-0.03626829308798684
2018-09-01T09:00:00.0;-0.034804225371086295
2018-09-01T10:00:00.0;-0.02877629564653005
2018-09-01T11:00:00.0;-0.011755725281501223
2018-09-01T12:00:00.0;-0.011745364189278818
2018-09-01T13:00:00.0;-0.006676160344778094
2018-09-01T14:00:00.0;-0.006941417354670361
2018-09-01T15:00:00.0;-0.007404756559177824
2018-09-01T16:00:00.0;-0.014007124239574188
2018-09-01T17:00:00.0;-0.01477835749015064
2018-09-01T18:00:00.0;-0.03828933674484532
2018-09-01T19:00:00.0;-0.03981855321638941
2018-09-01T20:00:00.0;-0.04017070711017904
2018-09-01T21:00:00.0;-0.04011684170926677
2018-09-01T22:00:00.0;-0.038598001063527045
2018-09-01T23:00:00.0;-0.02878815409864086
2018-09-02T00:00:00.0;-0.00793307445915742
2018-09-02T01:00:00.0;-0.016122367976645385
2018-09-02T02:00:00.0;-0.015462471178646641
2018-09-02T03:00:00.0;-0.01595354133936433
2018-09-02T04:00:00.0;-0.015494205458475959
2018-09-02T05:00:00.0;-0.0155947886972583
2018-09-02T06:00:00.0;-0.02951203572411463
2018-09-02T07:00:00.0;-0.029683157462309217
2018-09-02T08:00:00.0;-0.029020699113390565
2018-09-02T09:00:00.0;-0.027697339581232442
2018-09-02T10:00:00.0;-0.018784278218596615
2018-09-02T11:00:00.0;-0.009440829167500666
2018-09-02T12:00:00.0;-0.009435504133340003
2018-09-02T13:00:00.0;-0.005382055479547133
2018-09-02T14:00:00.0;-0.005633873988517765
2018-09-02T15:00:00.0;-0.0060584420238294105
2018-09-02T16:00:00.0;-0.0164660981975568
2018-09-02T17:00:00.0;-0.018798397465716144
2018-09-02T18:00:00.0;-0.031612207612617994
2018-09-02T19:00:00.0;-0.03290265490459263
2018-09-02T20:00:00.0;-0.03312439804718357
2018-09-02T21:00:00.0;-0.0328106816000766
2018-09-02T22:00:00.0;-0.03137788188659248
2018-09-02T23:00:00.0;-0.018153007020380675
2018-09-03T00:00:00.0;-0.008058977661170343
2018-09-03T01:00:00.0;-0.007603635884196088
2018-09-03T02:00:00.0;-0.007390428616734733
2018-09-03T03:00:00.0;-0.007112934418868981
2018-09-03T04:00:00.0;-0.007030715972007876
2018-09-03T05:00:00.0;-0.029914138080793264
2018-09-03T06:00:00.0;-0.034176567291848266
2018-09-03T07:00:00.0;-0.035024446251110036
2018-09-03T08:00:00.0;-0.038197044438594195
2018-09-03T09:00:00.0;-0.03663428698170612
2018-09-03T10:00:00.0;-0.035446048103858915
2018-09-03T11:00:00.0;-0.030990137708860638
2018-09-03T12:00:00.0;-0.03132270876015554
2018-09-03T13:00:00.0;-0.030008571679266533
2018-09-03T14:00:00.0;-0.03113128786137522
2018-09-03T15:00:00.0;-0.03315433298819402
2018-09-03T16:00:00.0;-0.03603860548937938
2018-09-03T17:00:00.0;-0.042663177526856035
2018-09-03T18:00:00.0;-0.043981283594733515
2018-09-03T19:00:00.0;-0.045685855452871856
2018-09-03T20:00:00.0;-0.04629103819461547
2018-09-03T21:00:00.0;-0.04448888598801131
2018-09-03T22:00:00.0;-0.03689563616149773
2018-09-03T23:00:00.0;-0.008015484317942865
2018-09-04T00:00:00.0;-0.008164937878301146
2018-09-04T01:00:00.0;-0.020744041404597114
2018-09-04T02:00:00.0;-0.01991703661449435
2018-09-04T03:00:00.0;-0.019224691292675834
2018-09-04T04:00:00.0;-0.018893899412961105
2018-09-04T05:00:00.0;-0.024481738107572638
2018-09-04T06:00:00.0;-0.03790269405079861
2018-09-04T07:00:00.0;-0.038369383403758006
2018-09-04T08:00:00.0;-0.037711663313184554
2018-09-04T09:00:00.0;-0.035662008313122044
2018-09-04T10:00:00.0;-0.025763990256987675
2018-09-04T11:00:00.0;-0.013602448829755684
2018-09-04T12:00:00.0;-0.013631037318670864
2018-09-04T13:00:00.0;-0.01155522597335213
2018-09-04T14:00:00.0;-0.01206062240924691
2018-09-04T15:00:00.0;-0.012924151216780724
2018-09-04T16:00:00.0;-0.02442279927401386
2018-09-04T17:00:00.0;-0.026224019909971936
2018-09-04T18:00:00.0;-0.04326316065155459
2018-09-04T19:00:00.0;-0.04482209032138412
2018-09-04T20:00:00.0;-0.04506223218311104
2018-09-04T21:00:00.0;-0.044271649457417246
2018-09-04T22:00:00.0;-0.041828237698588656
2018-09-04T23:00:00.0;-0.02226868705720054
2018-09-05T00:00:00.0;-0.008032084298587892
2018-09-05T01:00:00.0;-0.007433272861991881
2018-09-05T02:00:00.0;-0.0073877844596417575
2018-09-05T03:00:00.0;-0.007116788376960828
2018-09-05T04:00:00.0;-0.007077748848691183
2018-09-05T05:00:00.0;-0.029570312342469318
2018-09-05T06:00:00.0;-0.03847251333751606
2018-09-05T07:00:00.0;-0.03904726135758563
2018-09-05T08:00:00.0;-0.03783938254981596
2018-09-05T09:00:00.0;-0.036672670293883304
2018-09-05T10:00:00.0;-0.029494697642914628
2018-09-05T11:00:00.0;-0.028576857279462377
2018-09-05T12:00:00.0;-0.028892119038154494
2018-09-05T13:00:00.0;-0.02956310184065863
2018-09-05T14:00:00.0;-0.03077767773793797
2018-09-05T15:00:00.0;-0.0329451408759068
2018-09-05T16:00:00.0;-0.0429693797308101
2018-09-05T17:00:00.0;-0.045009288764344624
2018-09-05T18:00:00.0;-0.046926160822137526
2018-09-05T19:00:00.0;-0.048606058108088775
2018-09-05T20:00:00.0;-0.04906019962078016
2018-09-05T21:00:00.0;-0.04697630410687176
2018-09-05T22:00:00.0;-0.042923223293488647
2018-09-05T23:00:00.0;-0.008426082765182016
2018-09-06T00:00:00.0;-0.008128586947733486
2018-09-06T01:00:00.0;-0.007431697393181259
2018-09-06T02:00:00.0;-0.007452710299153573
2018-09-06T03:00:00.0;-0.007173220865491049
2018-09-06T04:00:00.0;-0.007103956843444631
2018-09-06T05:00:00.0;-0.03159315966984349
2018-09-06T06:00:00.0;-0.033957764389496534
2018-09-06T07:00:00.0;-0.03488971644493056
2018-09-06T08:00:00.0;-0.03778994960366555
2018-09-06T09:00:00.0;-0.037382372414019864
2018-09-06T10:00:00.0;-0.036083702689859956
2018-09-06T11:00:00.0;-0.031792376169063816
2018-09-06T12:00:00.0;-0.032076535674554804
2018-09-06T13:00:00.0;-0.032778252702589314
2018-09-06T14:00:00.0;-0.03400408025013319
2018-09-06T15:00:00.0;-0.03621603781682131
2018-09-06T16:00:00.0;-0.03928728066402818
2018-09-06T17:00:00.0;-0.0456232843747446
2018-09-06T18:00:00.0;-0.04691429263254016
2018-09-06T19:00:00.0;-0.048641665838170506
2018-09-06T20:00:00.0;-0.04935224333365961
2018-09-06T21:00:00.0;-0.047407503031434664
2018-09-06T22:00:00.0;-0.03865369377850833
2018-09-06T23:00:00.0;-0.00852018406290676
2018-09-07T00:00:00.0;-0.008237392107712103
2018-09-07T01:00:00.0;-0.022132445924553417
2018-09-07T02:00:00.0;-0.021186961264964596
2018-09-07T03:00:00.0;-0.02095817747962857
2018-09-07T04:00:00.0;-0.02023156557236136
2018-09-07T05:00:00.0;-0.020050814941284103
2018-09-07T06:00:00.0;-0.02564347862744168
2018-09-07T07:00:00.0;-0.02650623130590904
2018-09-07T08:00:00.0;-0.03331958795619785
2018-09-07T09:00:00.0;-0.03233336484994601
2018-09-07T10:00:00.0;-0.031218694977563487
2018-09-07T11:00:00.0;-0.01093773965076509
2018-09-07T12:00:00.0;-0.010878101709707471
2018-09-07T13:00:00.0;-0.006235942846268206
2018-09-07T14:00:00.0;-0.00648063289811775
2018-09-07T15:00:00.0;-0.006892056078973214
2018-09-07T16:00:00.0;-0.007530369507936992
2018-09-07T17:00:00.0;-0.017249009261639976
2018-09-07T18:00:00.0;-0.03541354644624701
2018-09-07T19:00:00.0;-0.03683521514289085
2018-09-07T20:00:00.0;-0.037285929376376606
2018-09-07T21:00:00.0;-0.037232143666569434
2018-09-07T22:00:00.0;-0.026799135300288938
2018-09-07T23:00:00.0;-0.024069915790377438
2018-09-08T00:00:00.0;-0.007750245536223819
2018-09-08T01:00:00.0;-0.0038712435709092052
2018-09-08T02:00:00.0;-0.002675041598727955
2018-09-08T03:00:00.0;-0.005780246137052336
2018-09-08T04:00:00.0;-0.006408013639486629
2018-09-08T05:00:00.0;-0.006175286757758814
2018-09-08T06:00:00.0;-0.009318672442540869
2018-09-08T07:00:00.0;-0.01442739973249525
2018-09-08T08:00:00.0;-0.01564887654145694
2018-09-08T09:00:00.0;-0.015295969808540614
2018-09-08T10:00:00.0;-0.014801554073371867
2018-09-08T11:00:00.0;-0.010638697088634652
2018-09-08T12:00:00.0;-0.00599779119572396
2018-09-08T13:00:00.0;-0.003120949784694081
2018-09-08T14:00:00.0;-0.0032710514214732596
2018-09-08T15:00:00.0;-0.003527491029127807
2018-09-08T16:00:00.0;-0.009743583728471589
2018-09-08T17:00:00.0;-0.016099778803179497
2018-09-08T18:00:00.0;-0.016914607177587946
2018-09-08T19:00:00.0;-0.017715626266081322
2018-09-08T20:00:00.0;-0.018080786729196205
2018-09-08T21:00:00.0;-0.010989162913794813
2018-09-08T22:00:00.0;-0.008885967985276935
2018-09-08T23:00:00.0;-0.007599735081443188
2018-09-09T00:00:00.0;-0.007659626462423016
2018-09-09T01:00:00.0;-0.004018649300874207
2018-09-09T02:00:00.0;-0.004369217658306506
2018-09-09T03:00:00.0;-0.006704297341704256
2018-09-09T04:00:00.0;-0.006404805418741327
2018-09-09T05:00:00.0;-0.006256102378448098
2018-09-09T06:00:00.0;-0.016306324705961737
2018-09-09T07:00:00.0;-0.016449587421169618
2018-09-09T08:00:00.0;-0.01642034150107452
2018-09-09T09:00:00.0;-0.018402946682073876
2018-09-09T10:00:00.0;-0.01417523461897651
2018-09-09T11:00:00.0;-0.011757706194206213
2018-09-09T12:00:00.0;-0.011709300987108888
2018-09-09T13:00:00.0;-0.0061237503437849205
2018-09-09T14:00:00.0;-0.006401769317983092
2018-09-09T15:00:00.0;-0.006879178991075957
2018-09-09T16:00:00.0;-0.012325188931471906
2018-09-09T17:00:00.0;-0.01642108977059256
2018-09-09T18:00:00.0;-0.017434249726887154
2018-09-09T19:00:00.0;-0.018246701731973475
2018-09-09T20:00:00.0;-0.01848422243446686
2018-09-09T21:00:00.0;-0.018372753569950166
2018-09-09T22:00:00.0;-0.014050275685429547
2018-09-09T23:00:00.0;-0.006740291859808839
2018-09-10T00:00:00.0;-0.008178048149068353
2018-09-10T01:00:00.0;-0.0148619570351075
2018-09-10T02:00:00.0;-0.014248882346735721
2018-09-10T03:00:00.0;-0.013789982114279837
2018-09-10T04:00:00.0;-0.013430607367283603
2018-09-10T05:00:00.0;-0.021838705482917463
2018-09-10T06:00:00.0;-0.028494382193024345
2018-09-10T07:00:00.0;-0.02952078950394269
2018-09-10T08:00:00.0;-0.03732925145952495
2018-09-10T09:00:00.0;-0.03593423518752635
2018-09-10T10:00:00.0;-0.03471993126050762
2018-09-10T11:00:00.0;-0.020236323206332937
2018-09-10T12:00:00.0;-0.020275894017085922
2018-09-10T13:00:00.0;-0.01528422362379772
2018-09-10T14:00:00.0;-0.015847931444355295
2018-09-10T15:00:00.0;-0.016819071261512317
2018-09-10T16:00:00.0;-0.018318086867629382
2018-09-10T17:00:00.0;-0.029445599679616477
2018-09-10T18:00:00.0;-0.039134709643798206
2018-09-10T19:00:00.0;-0.040632022245196325
2018-09-10T20:00:00.0;-0.040971126994493026
2018-09-10T21:00:00.0;-0.04008961302067826
2018-09-10T22:00:00.0;-0.02829040557732996
2018-09-10T23:00:00.0;-0.015302341143590659
2018-09-11T00:00:00.0;-0.008289617609445035
2018-09-11T01:00:00.0;-0.010978827504306225
2018-09-11T02:00:00.0;-0.010840441715485146
2018-09-11T03:00:00.0;-0.011628443946388362
2018-09-11T04:00:00.0;-0.011177456654669345
2018-09-11T05:00:00.0;-0.011052324526956734
2018-09-11T06:00:00.0;-0.011670709876067267
2018-09-11T07:00:00.0;-0.012422767703958469
2018-09-11T08:00:00.0;-0.03060995269851713
2018-09-11T09:00:00.0;-0.031135122687732022
2018-09-11T10:00:00.0;-0.029566167445891876
2018-09-11T11:00:00.0;-0.007281931781840842
2018-09-11T12:00:00.0;-0.0071865600108589325
2018-09-11T13:00:00.0;-0.00734096084428983
2018-09-11T14:00:00.0;-0.007660513600134532
2018-09-11T15:00:00.0;-0.008153598360663957
2018-09-11T16:00:00.0;-0.008873408289379518
2018-09-11T17:00:00.0;-0.03284638211017924
2018-09-11T18:00:00.0;-0.03965580073423207
2018-09-11T19:00:00.0;-0.04092524383579131
2018-09-11T20:00:00.0;-0.041275315166364325
2018-09-11T21:00:00.0;-0.04065447061487585
2018-09-11T22:00:00.0;-0.014971355466561738
2018-09-11T23:00:00.0;-0.01412873310297949
2018-09-12T00:00:00.0;-0.008159119125253432
2018-09-12T01:00:00.0;-0.007626646560092515
2018-09-12T02:00:00.0;-0.007486219911076941
2018-09-12T03:00:00.0;-0.007213495942693832
2018-09-12T04:00:00.0;-0.007119856989040943
2018-09-12T05:00:00.0;-0.02854495966089314
2018-09-12T06:00:00.0;-0.030801527761539535
2018-09-12T07:00:00.0;-0.031882488694434746
2018-09-12T08:00:00.0;-0.03902805874455036
2018-09-12T09:00:00.0;-0.03777772727773516
2018-09-12T10:00:00.0;-0.036259413374433884
2018-09-12T11:00:00.0;-0.02832971731962379
2018-09-12T12:00:00.0;-0.02851463676075654
2018-09-12T13:00:00.0;-0.029186300909862614
2018-09-12T14:00:00.0;-0.030314933330769754
2018-09-12T15:00:00.0;-0.03227884159412177
2018-09-12T16:00:00.0;-0.035069228389068494
2018-09-12T17:00:00.0;-0.046169167926183884
2018-09-12T18:00:00.0;-0.047487332220206596
2018-09-12T19:00:00.0;-0.049168972585772144
2018-09-12T20:00:00.0;-0.04976594852252759
2018-09-12T21:00:00.0;-0.04782628540248042
2018-09-12T22:00:00.0;-0.03541812615292673
2018-09-12T23:00:00.0;-0.00859194884088003
2018-09-13T00:00:00.0;-0.008123507692866778
2018-09-13T01:00:00.0;-0.020524387133295838
2018-09-13T02:00:00.0;-0.0197365700674247
2018-09-13T03:00:00.0;-0.01906442512345047
2018-09-13T04:00:00.0;-0.018714141863171725
2018-09-13T05:00:00.0;-0.019221779187053433
2018-09-13T06:00:00.0;-0.03823930047348742
2018-09-13T07:00:00.0;-0.03859298071475666
2018-09-13T08:00:00.0;-0.03745587842701638
2018-09-13T09:00:00.0;-0.035354526464449414
2018-09-13T10:00:00.0;-0.021286474784855392
2018-09-13T11:00:00.0;-0.009879575879590216
2018-09-13T12:00:00.0;-0.009888120865498852
2018-09-13T13:00:00.0;-0.006711734014142702
2018-09-13T14:00:00.0;-0.007019988744813415
2018-09-13T15:00:00.0;-0.007536835197928583
2018-09-13T16:00:00.0;-0.02358717733912803
2018-09-13T17:00:00.0;-0.02487767113151964
2018-09-13T18:00:00.0;-0.04211058323022333
2018-09-13T19:00:00.0;-0.043546909705071114
2018-09-13T20:00:00.0;-0.043477810701318016
2018-09-13T21:00:00.0;-0.04267487643107273
2018-09-13T22:00:00.0;-0.04082969862618311
2018-09-13T23:00:00.0;-0.021834831951498726
2018-09-14T00:00:00.0;-0.008097164886205101
2018-09-14T01:00:00.0;-0.013860796327983626
2018-09-14T02:00:00.0;-0.013282744590909366
2018-09-14T03:00:00.0;-0.013221553752763283
2018-09-14T04:00:00.0;-0.012711753012775008
2018-09-14T05:00:00.0;-0.012517388454068674
2018-09-14T06:00:00.0;-0.022495249331196274
2018-09-14T07:00:00.0;-0.023446260784554983
2018-09-14T08:00:00.0;-0.03342356525908654
2018-09-14T09:00:00.0;-0.03267030802587455
2018-09-14T10:00:00.0;-0.03164284133187496
2018-09-14T11:00:00.0;-0.015749088156601712
2018-09-14T12:00:00.0;-0.015721283900639118
2018-09-14T13:00:00.0;-0.006419510667732559
2018-09-14T14:00:00.0;-0.00664859132266686
2018-09-14T15:00:00.0;-0.007035559159979642
2018-09-14T16:00:00.0;-0.0077103772632681426
2018-09-14T17:00:00.0;-0.02132553202126461
2018-09-14T18:00:00.0;-0.030255835457338412
2018-09-14T19:00:00.0;-0.03146411923200732
2018-09-14T20:00:00.0;-0.03157125963142333
2018-09-14T21:00:00.0;-0.031113838237193017
2018-09-14T22:00:00.0;-0.016967618706017276
2018-09-14T23:00:00.0;-0.01375945835633406
2018-09-15T00:00:00.0;-0.007716102571564019
2018-09-15T01:00:00.0;-0.004907278236311733
2018-09-15T02:00:00.0;-0.004914676130402917
2018-09-15T03:00:00.0;-0.006834283403337129
2018-09-15T04:00:00.0;-0.006670771615367803
2018-09-15T05:00:00.0;-0.006778582797434713
2018-09-15T06:00:00.0;-0.022760311512012875
2018-09-15T07:00:00.0;-0.022972505757197538
2018-09-15T08:00:00.0;-0.022343219181206565
2018-09-15T09:00:00.0;-0.022011384802391145
2018-09-15T10:00:00.0;-0.007305618541178468
2018-09-15T11:00:00.0;-0.00523286322958871
2018-09-15T12:00:00.0;-0.005094567861704337
2018-09-15T13:00:00.0;-0.005234967521230824
2018-09-15T14:00:00.0;-0.005537972924550402
2018-09-15T15:00:00.0;-0.006025403362334923
2018-09-15T16:00:00.0;-0.024081599862860313
2018-09-15T17:00:00.0;-0.02836144764470318
2018-09-15T18:00:00.0;-0.030615955524255098
2018-09-15T19:00:00.0;-0.031730362857807906
2018-09-15T20:00:00.0;-0.031820869434379694
2018-09-15T21:00:00.0;-0.03094871639702442
2018-09-15T22:00:00.0;-0.02803096875221335
2018-09-15T23:00:00.0;-0.00831794719815213
2018-09-16T00:00:00.0;-0.007722636610814627
2018-09-16T01:00:00.0;-0.004428498706905566
2018-09-16T02:00:00.0;-0.004246574053214987
2018-09-16T03:00:00.0;-0.006776779957348709
2018-09-16T04:00:00.0;-0.00643894132459956
2018-09-16T05:00:00.0;-0.006221430778890016
2018-09-16T06:00:00.0;-0.010468133982903534
2018-09-16T07:00:00.0;-0.010782799430907477
2018-09-16T08:00:00.0;-0.018562210764889404
2018-09-16T09:00:00.0;-0.018131904472141094
2018-09-16T10:00:00.0;-0.01745529166732735
2018-09-16T11:00:00.0;-0.007589619062054918
2018-09-16T12:00:00.0;-0.007528281685158838
2018-09-16T13:00:00.0;-0.003673998941885536
2018-09-16T14:00:00.0;-0.003852712330129838
2018-09-16T15:00:00.0;-0.0041400439501239165
2018-09-16T16:00:00.0;-0.004606015855657339
2018-09-16T17:00:00.0;-0.018455281250738906
2018-09-16T18:00:00.0;-0.019360026901590333
2018-09-16T19:00:00.0;-0.02025700184540487
2018-09-16T20:00:00.0;-0.020602641429506612
2018-09-16T21:00:00.0;-0.02050719660030534
2018-09-16T22:00:00.0;-0.008870846966810848
2018-09-16T23:00:00.0;-0.007344926333832507
2018-09-17T00:00:00.0;-0.008085501645006671
2018-09-17T01:00:00.0;-0.01567409904932198
2018-09-17T02:00:00.0;-0.015086248295935214
2018-09-17T03:00:00.0;-0.014928842422963433
2018-09-17T04:00:00.0;-0.014631371188085789
2018-09-17T05:00:00.0;-0.017134595325298718
2018-09-17T06:00:00.0;-0.03287214366881891
2018-09-17T07:00:00.0;-0.0334382236312024
2018-09-17T08:00:00.0;-0.035780811495739445
2018-09-17T09:00:00.0;-0.03376836037137718
2018-09-17T10:00:00.0;-0.020907119188836722
2018-09-17T11:00:00.0;-0.009989280599945883
2018-09-17T12:00:00.0;-0.009986286664586118
2018-09-17T13:00:00.0;-0.008419634867356772
2018-09-17T14:00:00.0;-0.008819594649219723
2018-09-17T15:00:00.0;-0.009476577538030185
2018-09-17T16:00:00.0;-0.024215190805086453
2018-09-17T17:00:00.0;-0.029944300295637025
2018-09-17T18:00:00.0;-0.042095722898555045
2018-09-17T19:00:00.0;-0.04350213866970995
2018-09-17T20:00:00.0;-0.04350599053456572
2018-09-17T21:00:00.0;-0.04250132071706791
2018-09-17T22:00:00.0;-0.03663988600794733
2018-09-17T23:00:00.0;-0.01738964355151179
2018-09-18T00:00:00.0;-0.0082105852490462
2018-09-18T01:00:00.0;-0.005259754808354469
2018-09-18T02:00:00.0;-0.0029315988376397597
2018-09-18T03:00:00.0;-0.005164235512181468
2018-09-18T04:00:00.0;-0.00685443262508009
2018-09-18T05:00:00.0;-0.0067142337474214615
2018-09-18T06:00:00.0;-0.006986397202539076
2018-09-18T07:00:00.0;-0.018434043089427934
2018-09-18T08:00:00.0;-0.024209723830770902
2018-09-18T09:00:00.0;-0.023512931330527665
2018-09-18T10:00:00.0;-0.022513871491627684
2018-09-18T11:00:00.0;-0.01459787231992
2018-09-18T12:00:00.0;-0.004440290466317802
2018-09-18T13:00:00.0;-0.004522926298754249
2018-09-18T14:00:00.0;-0.004717601995765347
2018-09-18T15:00:00.0;-0.0050494909324422035
2018-09-18T16:00:00.0;-0.017853579859048438
2018-09-18T17:00:00.0;-0.029472539952971066
2018-09-18T18:00:00.0;-0.030610154715532197
2018-09-18T19:00:00.0;-0.031668237320862255
2018-09-18T20:00:00.0;-0.0320229264705073
2018-09-18T21:00:00.0;-0.017210355003477045
2018-09-18T22:00:00.0;-0.009362896976925687
2018-09-18T23:00:00.0;-0.008824804979102662
2018-09-19T00:00:00.0;-0.008129649040678692
2018-09-19T01:00:00.0;-0.00575697749002589
2018-09-19T02:00:00.0;-0.0052730590024213314
2018-09-19T03:00:00.0;-0.00691980491871045
2018-09-19T04:00:00.0;-0.0068688668165170965
2018-09-19T05:00:00.0;-0.006743263024143171
2018-09-19T06:00:00.0;-0.007098276908370558
2018-09-19T07:00:00.0;-0.009016317730507702
2018-09-19T08:00:00.0;-0.027348719852264395
2018-09-19T09:00:00.0;-0.026497681890343534
2018-09-19T10:00:00.0;-0.02513048374743504
2018-09-19T11:00:00.0;-0.006342254348023881
2018-09-19T12:00:00.0;-0.004965092714477644
2018-09-19T13:00:00.0;-0.005098005472420248
2018-09-19T14:00:00.0;-0.005337026381102124
2018-09-19T15:00:00.0;-0.005702301975378712
2018-09-19T16:00:00.0;-0.00785290541609223
2018-09-19T17:00:00.0;-0.033297961442402275
2018-09-19T18:00:00.0;-0.034515351389053345
2018-09-19T19:00:00.0;-0.035686206465452064
2018-09-19T20:00:00.0;-0.03601619418648589
2018-09-19T21:00:00.0;-0.03355890790569862
2018-09-19T22:00:00.0;-0.009323316862278696
2018-09-19T23:00:00.0;-0.008800858873250468
2018-09-20T00:00:00.0;-0.008286235873401058
2018-09-20T01:00:00.0;-0.007026127479388854
2018-09-20T02:00:00.0;-0.003965149662386828
2018-09-20T03:00:00.0;-0.005973353373294398
2018-09-20T04:00:00.0;-0.008237370424613368
2018-09-20T05:00:00.0;-0.009853601296269401
2018-09-20T06:00:00.0;-0.010246755404178593
2018-09-20T07:00:00.0;-0.02520758530527109
2018-09-20T08:00:00.0;-0.025489469883268015
2018-09-20T09:00:00.0;-0.02470838405252896
2018-09-20T10:00:00.0;-0.023775672587598263
2018-09-20T11:00:00.0;-0.01966319637585479
2018-09-20T12:00:00.0;-0.006367028089170243
2018-09-20T13:00:00.0;-0.006457241199354156
2018-09-20T14:00:00.0;-0.006717106730154161
2018-09-20T15:00:00.0;-0.0071864500690766745
2018-09-20T16:00:00.0;-0.023847947989656604
2018-09-20T17:00:00.0;-0.02897282644236177
2018-09-20T18:00:00.0;-0.03188419366528311
2018-09-20T19:00:00.0;-0.03298620280525147
2018-09-20T20:00:00.0;-0.03337986521004058
2018-09-20T21:00:00.0;-0.014268762239620826
2018-09-20T22:00:00.0;-0.013568807489977427
2018-09-20T23:00:00.0;-0.01052643728240362
2018-09-21T00:00:00.0;-0.008249147145831148
2018-09-21T01:00:00.0;-0.005044930924826741
2018-09-21T02:00:00.0;-0.0018827707494266934
2018-09-21T03:00:00.0;-0.004378822452873363
2018-09-21T04:00:00.0;-0.006850435687847609
2018-09-21T05:00:00.0;-0.0067042642102380515
2018-09-21T06:00:00.0;-0.006940640658724856
2018-09-21T07:00:00.0;-0.022531580774409074
2018-09-21T08:00:00.0;-0.022895303661106824
2018-09-21T09:00:00.0;-0.02226004212221122
2018-09-21T10:00:00.0;-0.02140606621467511
2018-09-21T11:00:00.0;-0.018292629612752846
2018-09-21T12:00:00.0;-0.004220353797052876
2018-09-21T13:00:00.0;-0.004283284059261842
2018-09-21T14:00:00.0;-0.004459921675796535
2018-09-21T15:00:00.0;-0.0047773215121755174
2018-09-21T16:00:00.0;-0.02224205794876743
2018-09-21T17:00:00.0;-0.027863605735633096
2018-09-21T18:00:00.0;-0.028962841374917916
2018-09-21T19:00:00.0;-0.029970827530644322
2018-09-21T20:00:00.0;-0.030330611899764676
2018-09-21T21:00:00.0;-0.009875369038985341
2018-09-21T22:00:00.0;-0.00938292168796202
2018-09-21T23:00:00.0;-0.008837686998701098
2018-09-22T00:00:00.0;-0.007903206960750617
2018-09-22T01:00:00.0;-0.002972374023441557
2018-09-22T02:00:00.0;-0.003321053180571096
2018-09-22T03:00:00.0;-0.0063674781413361765
2018-09-22T04:00:00.0;-0.006574108344108967
2018-09-22T05:00:00.0;-0.006414889145398809
2018-09-22T06:00:00.0;-0.00888424141029877
2018-09-22T07:00:00.0;-0.011885545082639096
2018-09-22T08:00:00.0;-0.011975292788571368
2018-09-22T09:00:00.0;-0.016613573626451737
2018-09-22T10:00:00.0;-0.013710594849778794
2018-09-22T11:00:00.0;-0.010495107412569546
2018-09-22T12:00:00.0;-0.00785932690924876
2018-09-22T13:00:00.0;-0.007989380273095752
2018-09-22T14:00:00.0;-0.008362146438708806
2018-09-22T15:00:00.0;-0.008997953226723227
2018-09-22T16:00:00.0;-0.015863090890321754
2018-09-22T17:00:00.0;-0.0212212312590173
2018-09-22T18:00:00.0;-0.022279199150060044
2018-09-22T19:00:00.0;-0.023182778040318142
2018-09-22T20:00:00.0;-0.02364141035556154
2018-09-22T21:00:00.0;-0.019862825392633565
2018-09-22T22:00:00.0;-0.012153173940777086
2018-09-22T23:00:00.0;-0.008496251412731104
2018-09-23T00:00:00.0;-0.007603023742540164
2018-09-23T01:00:00.0;-0.007259123118990642
2018-09-23T02:00:00.0;-0.006923670641646475
2018-09-23T03:00:00.0;-0.006612189357494786
2018-09-23T04:00:00.0;-0.006310692089851181
2018-09-23T05:00:00.0;-0.006093277263689706
2018-09-23T06:00:00.0;-0.029283397761344733
2018-09-23T07:00:00.0;-0.029438997172476798
2018-09-23T08:00:00.0;-0.029866377911304715
2018-09-23T09:00:00.0;-0.0300610579621088
2018-09-23T10:00:00.0;-0.03029708927407303
2018-09-23T11:00:00.0;-0.03087624288312715
2018-09-23T12:00:00.0;-0.03146379544439189
2018-09-23T13:00:00.0;-0.006436213165145138
2018-09-23T14:00:00.0;-0.006564979350762954
2018-09-23T15:00:00.0;-0.0068580781603249305
2018-09-23T16:00:00.0;-0.007665945044611102
2018-09-23T17:00:00.0;-0.008271218190947094
2018-09-23T18:00:00.0;-0.00877400809668107
2018-09-23T19:00:00.0;-0.009246039497096105
2018-09-23T20:00:00.0;-0.009159621000803841
2018-09-23T21:00:00.0;-0.008955492456758685
2018-09-23T22:00:00.0;-0.008498026990218087
2018-09-23T23:00:00.0;-0.0020188040298852474
2018-09-24T00:00:00.0;-0.008056893182669523
2018-09-24T01:00:00.0;-0.008120766855001293
2018-09-24T02:00:00.0;-0.007817694131026964
2018-09-24T03:00:00.0;-0.009221888867382908
2018-09-24T04:00:00.0;-0.008870080138696725
2018-09-24T05:00:00.0;-0.008796852089171968
2018-09-24T06:00:00.0;-0.01287869804443732
2018-09-24T07:00:00.0;-0.013500300788648355
2018-09-24T08:00:00.0;-0.027723034919101247
2018-09-24T09:00:00.0;-0.026654301842013315
2018-09-24T10:00:00.0;-0.02186352922990968
2018-09-24T11:00:00.0;-0.005046858708375272
2018-09-24T12:00:00.0;-0.004993439358936152
2018-09-24T13:00:00.0;-0.005122367244615812
2018-09-24T14:00:00.0;-0.005374950999196558
2018-09-24T15:00:00.0;-0.005763863631988611
2018-09-24T16:00:00.0;-0.010495451417025632
2018-09-24T17:00:00.0;-0.03091265265992345
2018-09-24T18:00:00.0;-0.03510041032437588
2018-09-24T19:00:00.0;-0.036322272742084105
2018-09-24T20:00:00.0;-0.03662486351534479
2018-09-24T21:00:00.0;-0.03602133595362146
2018-09-24T22:00:00.0;-0.016558594396828583
2018-09-24T23:00:00.0;-0.011242655612117541
2018-09-25T00:00:00.0;-0.007999529961104626
2018-09-25T01:00:00.0;-0.012366060600775776
2018-09-25T02:00:00.0;-0.011927907856853496
2018-09-25T03:00:00.0;-0.01152665458211262
2018-09-25T04:00:00.0;-0.011362765402424068
2018-09-25T05:00:00.0;-0.014662591662126658
2018-09-25T06:00:00.0;-0.03754481614083108
2018-09-25T07:00:00.0;-0.03795757394680137
2018-09-25T08:00:00.0;-0.03815170704949894
2018-09-25T09:00:00.0;-0.03573545085101498
2018-09-25T10:00:00.0;-0.018272494035103354
2018-09-25T11:00:00.0;-0.012449564095389267
2018-09-25T12:00:00.0;-0.01250338214374734
2018-09-25T13:00:00.0;-0.009486521758595103
2018-09-25T14:00:00.0;-0.009939424744224571
2018-09-25T15:00:00.0;-0.01068896520541687
2018-09-25T16:00:00.0;-0.031236394587592604
2018-09-25T17:00:00.0;-0.03467640491528945
2018-09-25T18:00:00.0;-0.043159509809679586
2018-09-25T19:00:00.0;-0.04451351471072403
2018-09-25T20:00:00.0;-0.04415309837785304
2018-09-25T21:00:00.0;-0.042616868514292826
2018-09-25T22:00:00.0;-0.03884341784267004
2018-09-25T23:00:00.0;-0.01292570054371988
2018-09-26T00:00:00.0;-0.008008541286579069
2018-09-26T01:00:00.0;-0.005189238003207966
2018-09-26T02:00:00.0;-0.004818323914410817
2018-09-26T03:00:00.0;-0.006898084895443273
2018-09-26T04:00:00.0;-0.006748731894787884
2018-09-26T05:00:00.0;-0.0066038002213203335
2018-09-26T06:00:00.0;-0.007325098685180532
2018-09-26T07:00:00.0;-0.008648557361987061
2018-09-26T08:00:00.0;-0.023838053923399757
2018-09-26T09:00:00.0;-0.0230926089706544
2018-09-26T10:00:00.0;-0.02152142926520533
2018-09-26T11:00:00.0;-0.005260866178099701
2018-09-26T12:00:00.0;-0.0043754025548551545
2018-09-26T13:00:00.0;-0.004493361232631987
2018-09-26T14:00:00.0;-0.004714629310202662
2018-09-26T15:00:00.0;-0.0050548469057753054
2018-09-26T16:00:00.0;-0.00709112028915869
2018-09-26T17:00:00.0;-0.029378610834048295
2018-09-26T18:00:00.0;-0.030565419714135872
2018-09-26T19:00:00.0;-0.03169402612624077
2018-09-26T20:00:00.0;-0.03209274225364025
2018-09-26T21:00:00.0;-0.03048363161112635
2018-09-26T22:00:00.0;-0.00976872183032971
2018-09-26T23:00:00.0;-0.008686524246451822
2018-09-27T00:00:00.0;-0.008095913635199327
2018-09-27T01:00:00.0;-0.013756825775027536
2018-09-27T02:00:00.0;-0.013223321254325128
2018-09-27T03:00:00.0;-0.013067429103379756
2018-09-27T04:00:00.0;-0.012678858770999496
2018-09-27T05:00:00.0;-0.012744086122934812
2018-09-27T06:00:00.0;-0.026761932105440277
2018-09-27T07:00:00.0;-0.027635724723487704
2018-09-27T08:00:00.0;-0.03534672314450115
2018-09-27T09:00:00.0;-0.03395043738871275
2018-09-27T10:00:00.0;-0.026158291204860528
2018-09-27T11:00:00.0;-0.012504683801777378
2018-09-27T12:00:00.0;-0.012486438320636537
2018-09-27T13:00:00.0;-0.006551492648353129
2018-09-27T14:00:00.0;-0.006823189270704289
2018-09-27T15:00:00.0;-0.0072703747671037985
2018-09-27T16:00:00.0;-0.015783131366350605
2018-09-27T17:00:00.0;-0.02709613426461833
2018-09-27T18:00:00.0;-0.03641779147170984
2018-09-27T19:00:00.0;-0.037704856198926696
2018-09-27T20:00:00.0;-0.03765896760234997
2018-09-27T21:00:00.0;-0.03684995630259347
2018-09-27T22:00:00.0;-0.02520443422709223
2018-09-27T23:00:00.0;-0.0142638997009772
2018-09-28T00:00:00.0;-0.007967854997651456
2018-09-28T01:00:00.0;-0.007546309146451788
2018-09-28T02:00:00.0;-0.0072840125103446896
2018-09-28T03:00:00.0;-0.00799598784842233
2018-09-28T04:00:00.0;-0.007821609350465247
2018-09-28T05:00:00.0;-0.010003206591600259
2018-09-28T06:00:00.0;-0.025337330918069757
2018-09-28T07:00:00.0;-0.025992737067893616
2018-09-28T08:00:00.0;-0.03254311546667866
2018-09-28T09:00:00.0;-0.03060960343038108
2018-09-28T10:00:00.0;-0.015990248114773075
2018-09-28T11:00:00.0;-0.007532633683768262
2018-09-28T12:00:00.0;-0.007490122682902483
2018-09-28T13:00:00.0;-0.00770081283205928
2018-09-28T14:00:00.0;-0.008103282388477257
2018-09-28T15:00:00.0;-0.00873907051238263
2018-09-28T16:00:00.0;-0.02568707107695471
2018-09-28T17:00:00.0;-0.03723058057419742
2018-09-28T18:00:00.0;-0.04090077992913144
2018-09-28T19:00:00.0;-0.042171645722560505
2018-09-28T20:00:00.0;-0.04206152383338309
2018-09-28T21:00:00.0;-0.04069547947990667
2018-09-28T22:00:00.0;-0.030047605059866134
2018-09-28T23:00:00.0;-0.00961991779072017
2018-09-29T00:00:00.0;-0.00769035203334192
2018-09-29T01:00:00.0;-0.007353242309042359
2018-09-29T02:00:00.0;-0.007052571351310729
2018-09-29T03:00:00.0;-0.00676623093070031
2018-09-29T04:00:00.0;-0.006543201296652984
2018-09-29T05:00:00.0;-0.006519727634210213
2018-09-29T06:00:00.0;-0.03283048103008638
2018-09-29T07:00:00.0;-0.032986264714200984
2018-09-29T08:00:00.0;-0.032748562173334626
2018-09-29T09:00:00.0;-0.031914027924581305
2018-09-29T10:00:00.0;-0.02401539182418766
2018-09-29T11:00:00.0;-0.024028061274940973
2018-09-29T12:00:00.0;-0.02437545645643838
2018-09-29T13:00:00.0;-0.006536581688371583
2018-09-29T14:00:00.0;-0.006741971958394173
2018-09-29T15:00:00.0;-0.0071305362114066125
2018-09-29T16:00:00.0;-0.01727253646186741
2018-09-29T17:00:00.0;-0.018501578646037787
2018-09-29T18:00:00.0;-0.019831828283637675
2018-09-29T19:00:00.0;-0.020709799523742772
2018-09-29T20:00:00.0;-0.020444879095048697
2018-09-29T21:00:00.0;-0.01981266647570973
2018-09-29T22:00:00.0;-0.01878108137149918
2018-09-29T23:00:00.0;-0.0038504016001124223
2018-09-30T00:00:00.0;-0.007666331875265164
2018-09-30T01:00:00.0;-0.005519275748641127
2018-09-30T02:00:00.0;-0.005710114067573926
2018-09-30T03:00:00.0;-0.006665883841586271
2018-09-30T04:00:00.0;-0.00634700222334759
2018-09-30T05:00:00.0;-0.006122227685820934
2018-09-30T06:00:00.0;-0.022016574575282444
2018-09-30T07:00:00.0;-0.022279667049723152
2018-09-30T08:00:00.0;-0.02258959237103673
2018-09-30T09:00:00.0;-0.024570475039743186
2018-09-30T10:00:00.0;-0.024391259863084453
2018-09-30T11:00:00.0;-0.023409115689720667
2018-09-30T12:00:00.0;-0.023574085624110553
2018-09-30T13:00:00.0;-0.007253408195901872
2018-09-30T14:00:00.0;-0.007459802652915933
2018-09-30T15:00:00.0;-0.007868254975064215
2018-09-30T16:00:00.0;-0.008796103842510892
2018-09-30T17:00:00.0;-0.011032841681449433
2018-09-30T18:00:00.0;-0.011654288967799397
2018-09-30T19:00:00.0;-0.01224843107619633
2018-09-30T20:00:00.0;-0.0122803539038953
2018-09-30T21:00:00.0;-0.012130109678043599
2018-09-30T22:00:00.0;-0.008613949722051706
2018-09-30T23:00:00.0;-0.004064628707912336
2018-10-01T00:00:00.0;-0.008104643864047417
2018-10-01T01:00:00.0;-0.005575580111098229
2018-10-01T02:00:00.0;-0.0037738404241072564
2018-10-01T03:00:00.0;-0.00561617641636769
2018-10-01T04:00:00.0;-0.0068661928412261175
2018-10-01T05:00:00.0;-0.0068401261919177735
2018-10-01T06:00:00.0;-0.013269647786536732
2018-10-01T07:00:00.0;-0.022303105656349725
2018-10-01T08:00:00.0;-0.026165024935644626
2018-10-01T09:00:00.0;-0.025095853117230813
2018-10-01T10:00:00.0;-0.018154396344347134
2018-10-01T11:00:00.0;-0.012257699929739766
2018-10-01T12:00:00.0;-0.004699655707062272
2018-10-01T13:00:00.0;-0.004800599236363006
2018-10-01T14:00:00.0;-0.0050256579605105385
2018-10-01T15:00:00.0;-0.005401994931264786
2018-10-01T16:00:00.0;-0.022239386078748497
2018-10-01T17:00:00.0;-0.03152962984458803
2018-10-01T18:00:00.0;-0.03316183454136184
2018-10-01T19:00:00.0;-0.03426491196026096
2018-10-01T20:00:00.0;-0.03445415677681869
2018-10-01T21:00:00.0;-0.02304610276904006
2018-10-01T22:00:00.0;-0.01704523976079763
2018-10-01T23:00:00.0;-0.008706490034641102
2018-10-02T00:00:00.0;-0.008431897992084676
2018-10-02T01:00:00.0;-0.006226552645663634
2018-10-02T02:00:00.0;-0.0032612689374120554
2018-10-02T03:00:00.0;-0.00478555601797782
2018-10-02T04:00:00.0;-0.007067007173500193
2018-10-02T05:00:00.0;-0.006972707740370689
2018-10-02T06:00:00.0;-0.007340950127878246
2018-10-02T07:00:00.0;-0.022565936823889705
2018-10-02T08:00:00.0;-0.030207077631994268
2018-10-02T09:00:00.0;-0.029312041342101143
2018-10-02T10:00:00.0;-0.028027564644735593
2018-10-02T11:00:00.0;-0.0189301893692708
2018-10-02T12:00:00.0;-0.0054360874262939915
2018-10-02T13:00:00.0;-0.005530291839505746
2018-10-02T14:00:00.0;-0.0057458673330469095
2018-10-02T15:00:00.0;-0.006119404156211072
2018-10-02T16:00:00.0;-0.022728376926179638
2018-10-02T17:00:00.0;-0.03599597979593832
2018-10-02T18:00:00.0;-0.03722585058525383
2018-10-02T19:00:00.0;-0.03832159718744168
2018-10-02T20:00:00.0;-0.03852051742732518
2018-10-02T21:00:00.0;-0.01936658603631861
2018-10-02T22:00:00.0;-0.009573021456021482
2018-10-02T23:00:00.0;-0.009019087749649666
2018-10-03T00:00:00.0;-0.007995499479379461
2018-10-03T01:00:00.0;-0.007279993555243064
2018-10-03T02:00:00.0;-0.0070400267184658255
2018-10-03T03:00:00.0;-0.00714845519048812
2018-10-03T04:00:00.0;-0.0070289157751961965
2018-10-03T05:00:00.0;-0.01129098779258315
2018-10-03T06:00:00.0;-0.03041592475144675
2018-10-03T07:00:00.0;-0.031140219170648218
2018-10-03T08:00:00.0;-0.036978228747407485
2018-10-03T09:00:00.0;-0.03465355771529339
2018-10-03T10:00:00.0;-0.01799312882434246
2018-10-03T11:00:00.0;-0.011299477509267726
2018-10-03T12:00:00.0;-0.011316152919703002
2018-10-03T13:00:00.0;-0.010399116484117456
2018-10-03T14:00:00.0;-0.010916093474370267
2018-10-03T15:00:00.0;-0.011743952816279253
2018-10-03T16:00:00.0;-0.03119387223311626
2018-10-03T17:00:00.0;-0.04154383071454448
2018-10-03T18:00:00.0;-0.0443411057857434
2018-10-03T19:00:00.0;-0.04564181569240684
2018-10-03T20:00:00.0;-0.04529935033338558
2018-10-03T21:00:00.0;-0.04349180843931022
2018-10-03T22:00:00.0;-0.03341792604629627
2018-10-03T23:00:00.0;-0.008255281269233111
2018-10-04T00:00:00.0;-0.008212134864928404
2018-10-04T01:00:00.0;-0.007653129771124081
2018-10-04T02:00:00.0;-0.007457544422379418
2018-10-04T03:00:00.0;-0.007302310316206733
2018-10-04T04:00:00.0;-0.007155797368220155
2018-10-04T05:00:00.0;-0.017267910478803838
2018-10-04T06:00:00.0;-0.024498813467864054
2018-10-04T07:00:00.0;-0.02566175505952433
2018-10-04T08:00:00.0;-0.039617471006040704
2018-10-04T09:00:00.0;-0.037966677827538896
2018-10-04T10:00:00.0;-0.030696349790826215
2018-10-04T11:00:00.0;-0.017071372689767182
2018-10-04T12:00:00.0;-0.017056598543658468
2018-10-04T13:00:00.0;-0.0175120787931222
2018-10-04T14:00:00.0;-0.018268166212900883
2018-10-04T15:00:00.0;-0.01948248470860449
2018-10-04T16:00:00.0;-0.027638351045587102
2018-10-04T17:00:00.0;-0.046477056102719704
2018-10-04T18:00:00.0;-0.0483512955056137
2018-10-04T19:00:00.0;-0.04978735175151936
2018-10-04T20:00:00.0;-0.0498518083640793
2018-10-04T21:00:00.0;-0.0479515524505915
2018-10-04T22:00:00.0;-0.02862412368044013
2018-10-04T23:00:00.0;-0.008743472760413719
2018-10-05T00:00:00.0;-0.00805257765524841
2018-10-05T01:00:00.0;-0.015158260050768884
2018-10-05T02:00:00.0;-0.014649131676576695
2018-10-05T03:00:00.0;-0.014185738970566063
2018-10-05T04:00:00.0;-0.01404321001386915
2018-10-05T05:00:00.0;-0.014719049138267732
2018-10-05T06:00:00.0;-0.04040429623606217
2018-10-05T07:00:00.0;-0.040673022254351265
2018-10-05T08:00:00.0;-0.039082353811204784
2018-10-05T09:00:00.0;-0.03622843123611357
2018-10-05T10:00:00.0;-0.013456330995973948
2018-10-05T11:00:00.0;-0.0066041167047179265
2018-10-05T12:00:00.0;-0.006614059719459212
2018-10-05T13:00:00.0;-0.006763713967198737
2018-10-05T14:00:00.0;-0.007124394855023297
2018-10-05T15:00:00.0;-0.00770650462511236
2018-10-05T16:00:00.0;-0.03410821613123511
2018-10-05T17:00:00.0;-0.035911657633320784
2018-10-05T18:00:00.0;-0.048312825072239704
2018-10-05T19:00:00.0;-0.049655033568283616
2018-10-05T20:00:00.0;-0.04914071087294215
2018-10-05T21:00:00.0;-0.04748325103440531
2018-10-05T22:00:00.0;-0.045216691761104266
2018-10-05T23:00:00.0;-0.016773635465749653
2018-10-06T00:00:00.0;-0.008007069504512552
2018-10-06T01:00:00.0;-0.00671533081570907
2018-10-06T02:00:00.0;-0.006468486799789044
2018-10-06T03:00:00.0;-0.007087294807950524
2018-10-06T04:00:00.0;-0.006831436856781993
2018-10-06T05:00:00.0;-0.006795237527225243
2018-10-06T06:00:00.0;-0.018459123510443428
2018-10-06T07:00:00.0;-0.019303316232664302
2018-10-06T08:00:00.0;-0.032103948494021074
2018-10-06T09:00:00.0;-0.030996715587515374
2018-10-06T10:00:00.0;-0.024942305630647008
2018-10-06T11:00:00.0;-0.011951229163880528
2018-10-06T12:00:00.0;-0.011907889915846112
2018-10-06T13:00:00.0;-0.006027973414445286
2018-10-06T14:00:00.0;-0.006284655003652616
2018-10-06T15:00:00.0;-0.0066937189000695575
2018-10-06T16:00:00.0;-0.01311460589511033
2018-10-06T17:00:00.0;-0.031224200351441463
2018-10-06T18:00:00.0;-0.032802780110628156
2018-10-06T19:00:00.0;-0.03395190142521588
2018-10-06T20:00:00.0;-0.03389722024484257
2018-10-06T21:00:00.0;-0.03300781041794762
2018-10-06T22:00:00.0;-0.015397390532493161
2018-10-06T23:00:00.0;-0.00715191242907711
2018-10-07T00:00:00.0;-0.007581722521018468
2018-10-07T01:00:00.0;-0.006031986626632936
2018-10-07T02:00:00.0;-0.005771316401059439
2018-10-07T03:00:00.0;-0.006636314775703436
2018-10-07T04:00:00.0;-0.006354691571972881
2018-10-07T05:00:00.0;-0.006209146841811173
2018-10-07T06:00:00.0;-0.025187888851792257
2018-10-07T07:00:00.0;-0.025223218954832153
2018-10-07T08:00:00.0;-0.02519485006798081
2018-10-07T09:00:00.0;-0.02477905598601944
2018-10-07T10:00:00.0;-0.020971277775155683
2018-10-07T11:00:00.0;-0.02002186583457405
2018-10-07T12:00:00.0;-0.020230167360685693
2018-10-07T13:00:00.0;-0.005147158108326091
2018-10-07T14:00:00.0;-0.005324864904291097
2018-10-07T15:00:00.0;-0.005654951625967836
2018-10-07T16:00:00.0;-0.010784080795613273
2018-10-07T17:00:00.0;-0.01300111167378257
2018-10-07T18:00:00.0;-0.013867840158041263
2018-10-07T19:00:00.0;-0.014564208881725852
2018-10-07T20:00:00.0;-0.014551714925333225
2018-10-07T21:00:00.0;-0.014298249612122189
2018-10-07T22:00:00.0;-0.013578287695970293
2018-10-07T23:00:00.0;-0.004287054435460342
2018-10-08T00:00:00.0;-0.008082286408412171
2018-10-08T01:00:00.0;-0.0061872163933592884
2018-10-08T02:00:00.0;-0.005318333665539782
2018-10-08T03:00:00.0;-0.00654413491252953
2018-10-08T04:00:00.0;-0.006934537291604069
2018-10-08T05:00:00.0;-0.0069736041778249635
2018-10-08T06:00:00.0;-0.016215901643060644
2018-10-08T07:00:00.0;-0.020492825885213443
2018-10-08T08:00:00.0;-0.030088431486774828
2018-10-08T09:00:00.0;-0.0286843057826501
2018-10-08T10:00:00.0;-0.018991720555559984
2018-10-08T11:00:00.0;-0.008467673760074611
2018-10-08T12:00:00.0;-0.005315796931251389
2018-10-08T13:00:00.0;-0.005454768187731662
2018-10-08T14:00:00.0;-0.00572225377959124
2018-10-08T15:00:00.0;-0.006146678773150831
2018-10-08T16:00:00.0;-0.02060108238525488
2018-10-08T17:00:00.0;-0.035906650582680145
2018-10-08T18:00:00.0;-0.03786727916987368
2018-10-08T19:00:00.0;-0.0390435945952365
2018-10-08T20:00:00.0;-0.03907372370528485
2018-10-08T21:00:00.0;-0.03369898525576509
2018-10-08T22:00:00.0;-0.020153309789142784
2018-10-08T23:00:00.0;-0.008699262675183487
2018-10-09T00:00:00.0;-0.007899899464694233
2018-10-09T01:00:00.0;-0.00757907181334699
2018-10-09T02:00:00.0;-0.007361878720207384
2018-10-09T03:00:00.0;-0.007135870972066456
2018-10-09T04:00:00.0;-0.007101172278652403
2018-10-09T05:00:00.0;-0.007543209200907531
2018-10-09T06:00:00.0;-0.04135207295605468
2018-10-09T07:00:00.0;-0.041502739980737495
2018-10-09T08:00:00.0;-0.03966686719772931
2018-10-09T09:00:00.0;-0.036360904505405016
2018-10-09T10:00:00.0;-0.006806662496158801
2018-10-09T11:00:00.0;-0.006540286309900152
2018-10-09T12:00:00.0;-0.006569986054032973
2018-10-09T13:00:00.0;-0.006777470342448624
2018-10-09T14:00:00.0;-0.007166733011839226
2018-10-09T15:00:00.0;-0.007784372935380962
2018-10-09T16:00:00.0;-0.04287078972080644
2018-10-09T17:00:00.0;-0.04519550906105419
2018-10-09T18:00:00.0;-0.04954677167107543
2018-10-09T19:00:00.0;-0.050738152145741185
2018-10-09T20:00:00.0;-0.04970847623959525
2018-10-09T21:00:00.0;-0.047222174269974826
2018-10-09T22:00:00.0;-0.04468715438632117
2018-10-09T23:00:00.0;-0.008436516612460738
2018-10-10T00:00:00.0;-0.008268110021598173
2018-10-10T01:00:00.0;-0.009930015968220565
2018-10-10T02:00:00.0;-0.009887917512215407
2018-10-10T03:00:00.0;-0.010508890831519069
2018-10-10T04:00:00.0;-0.010143075551245865
2018-10-10T05:00:00.0;-0.01012186593648489
2018-10-10T06:00:00.0;-0.01425254824737407
2018-10-10T07:00:00.0;-0.01510094655871084
2018-10-10T08:00:00.0;-0.03193962976922201
2018-10-10T09:00:00.0;-0.03246924756233492
2018-10-10T10:00:00.0;-0.027423054786554713
2018-10-10T11:00:00.0;-0.007700789089703224
2018-10-10T12:00:00.0;-0.007612332395353848
2018-10-10T13:00:00.0;-0.007786446852744331
2018-10-10T14:00:00.0;-0.00813240816096073
2018-10-10T15:00:00.0;-0.008667623393871034
2018-10-10T16:00:00.0;-0.013442190797785272
2018-10-10T17:00:00.0;-0.03583825202929098
2018-10-10T18:00:00.0;-0.041537023358696974
2018-10-10T19:00:00.0;-0.04278768284735384
2018-10-10T20:00:00.0;-0.04296257336533337
2018-10-10T21:00:00.0;-0.042075087816102495
2018-10-10T22:00:00.0;-0.017855094860936442
2018-10-10T23:00:00.0;-0.012727038478076031
2018-10-11T00:00:00.0;-0.008208239290437805
2018-10-11T01:00:00.0;-0.006334309241978915
2018-10-11T02:00:00.0;-0.0061092193520068195
2018-10-11T03:00:00.0;-0.0072705156568756
2018-10-11T04:00:00.0;-0.006970187489023056
2018-10-11T05:00:00.0;-0.00686969287603277
2018-10-11T06:00:00.0;-0.0072919103609497635
2018-10-11T07:00:00.0;-0.007820991701209392
2018-10-11T08:00:00.0;-0.031052387016373643
2018-10-11T09:00:00.0;-0.030056083563741735
2018-10-11T10:00:00.0;-0.028421980916332718
2018-10-11T11:00:00.0;-0.005654203505234534
2018-10-11T12:00:00.0;-0.005580211959878628
2018-10-11T13:00:00.0;-0.005737285385016531
2018-10-11T14:00:00.0;-0.006000838275753162
2018-10-11T15:00:00.0;-0.006394102452653449
2018-10-11T16:00:00.0;-0.006962292446085524
2018-10-11T17:00:00.0;-0.03743443415588171
2018-10-11T18:00:00.0;-0.03870638990879423
2018-10-11T19:00:00.0;-0.03992157490928152
2018-10-11T20:00:00.0;-0.04015971207266992
2018-10-11T21:00:00.0;-0.03929441435549071
2018-10-11T22:00:00.0;-0.009408376092479107
2018-10-11T23:00:00.0;-0.008883056098155238
2018-10-12T00:00:00.0;-0.008244432535695057
2018-10-12T01:00:00.0;-0.00557242467442061
2018-10-12T02:00:00.0;-0.003469801570037497
2018-10-12T03:00:00.0;-0.005428476309988206
2018-10-12T04:00:00.0;-0.006905057280227631
2018-10-12T05:00:00.0;-0.006778046950295444
2018-10-12T06:00:00.0;-0.007088086976861438
2018-10-12T07:00:00.0;-0.017492276225684382
2018-10-12T08:00:00.0;-0.026132748649966505
2018-10-12T09:00:00.0;-0.025363507047842574
2018-10-12T10:00:00.0;-0.024232648737300924
2018-10-12T11:00:00.0;-0.013900368214369895
2018-10-12T12:00:00.0;-0.004760866884679399
2018-10-12T13:00:00.0;-0.004855629796127783
2018-10-12T14:00:00.0;-0.005063677294507572
2018-10-12T15:00:00.0;-0.005411688027895282
2018-10-12T16:00:00.0;-0.016968633829114687
2018-10-12T17:00:00.0;-0.031655754729509315
2018-10-12T18:00:00.0;-0.03283251174386094
2018-10-12T19:00:00.0;-0.033924266525959604
2018-10-12T20:00:00.0;-0.0342442576065512
2018-10-12T21:00:00.0;-0.020936614342506554
2018-10-12T22:00:00.0;-0.009402354974423347
2018-10-12T23:00:00.0;-0.008863774306131186
2018-10-13T00:00:00.0;-0.008147332316076698
2018-10-13T01:00:00.0;-0.00492887468545485
2018-10-13T02:00:00.0;-0.0034710407571785836
2018-10-13T03:00:00.0;-0.005481842548323801
2018-10-13T04:00:00.0;-0.006867533053718528
2018-10-13T05:00:00.0;-0.006831365523292696
2018-10-13T06:00:00.0;-0.012886626409276944
2018-10-13T07:00:00.0;-0.022600946077180852
2018-10-13T08:00:00.0;-0.022684232157006212
2018-10-13T09:00:00.0;-0.02425744535739302
2018-10-13T10:00:00.0;-0.01769781660741886
2018-10-13T11:00:00.0;-0.0151123118191109
2018-10-13T12:00:00.0;-0.006803511405829706
2018-10-13T13:00:00.0;-0.006921246888934633
2018-10-13T14:00:00.0;-0.007225358230353758
2018-10-13T15:00:00.0;-0.007752972063330697
2018-10-13T16:00:00.0;-0.02521409577660237
2018-10-13T17:00:00.0;-0.030264340616971228
2018-10-13T18:00:00.0;-0.03180546213367677
2018-10-13T19:00:00.0;-0.03285089414590658
2018-10-13T20:00:00.0;-0.033080534880991844
2018-10-13T21:00:00.0;-0.020819791360325135
2018-10-13T22:00:00.0;-0.016640700892342028
2018-10-13T23:00:00.0;-0.008713740338275714
2018-10-14T00:00:00.0;-0.007953995615344656
2018-10-14T01:00:00.0;-0.005487241566230489
2018-10-14T02:00:00.0;-0.00610115581797953
2018-10-14T03:00:00.0;-0.0070781440015615605
2018-10-14T04:00:00.0;-0.006930391047386202
2018-10-14T05:00:00.0;-0.007134687777542937
2018-10-14T06:00:00.0;-0.026775457623266385
2018-10-14T07:00:00.0;-0.02718950172696337
2018-10-14T08:00:00.0;-0.026564793969376967
2018-10-14T09:00:00.0;-0.02904741419190675
2018-10-14T10:00:00.0;-0.010652469394309385
2018-10-14T11:00:00.0;-0.009189344844717546
2018-10-14T12:00:00.0;-0.009147544283253336
2018-10-14T13:00:00.0;-0.009367684533682879
2018-10-14T14:00:00.0;-0.009845363543709938
2018-10-14T15:00:00.0;-0.010626185937050484
2018-10-14T16:00:00.0;-0.032451459468000786
2018-10-14T17:00:00.0;-0.036156193249801176
2018-10-14T18:00:00.0;-0.03891210727099682
2018-10-14T19:00:00.0;-0.040034955191134154
2018-10-14T20:00:00.0;-0.0398173238465681
2018-10-14T21:00:00.0;-0.038587200693077466
2018-10-14T22:00:00.0;-0.03145794805866948
2018-10-14T23:00:00.0;-0.008493153362957365
2018-10-15T00:00:00.0;-0.008033759281859398
2018-10-15T01:00:00.0;-0.00711432170748333
2018-10-15T02:00:00.0;-0.007453703431797276
2018-10-15T03:00:00.0;-0.007209370671414995
2018-10-15T04:00:00.0;-0.0071518499737186275
2018-10-15T05:00:00.0;-0.009260347596761987
2018-10-15T06:00:00.0;-0.037840745921118156
2018-10-15T07:00:00.0;-0.03834933308276378
2018-10-15T08:00:00.0;-0.03703802479063365
2018-10-15T09:00:00.0;-0.03726050558599008
2018-10-15T10:00:00.0;-0.011488636884309265
2018-10-15T11:00:00.0;-0.011058232690504363
2018-10-15T12:00:00.0;-0.011072756065869108
2018-10-15T13:00:00.0;-0.01133220268141626
2018-10-15T14:00:00.0;-0.011910946876443777
2018-10-15T15:00:00.0;-0.012852330860675408
2018-10-15T16:00:00.0;-0.04314197547880811
2018-10-15T17:00:00.0;-0.045623762659761584
2018-10-15T18:00:00.0;-0.04943711080731742
2018-10-15T19:00:00.0;-0.050604498245727644
2018-10-15T20:00:00.0;-0.049785149910755416
2018-10-15T21:00:00.0;-0.04747641422497861
2018-10-15T22:00:00.0;-0.041410302107329246
2018-10-15T23:00:00.0;-0.00852444952320043
2018-10-16T00:00:00.0;-0.0080263722917757
2018-10-16T01:00:00.0;-0.007555264110862445
2018-10-16T02:00:00.0;-0.007757059992041717
2018-10-16T03:00:00.0;-0.007508007171771536
2018-10-16T04:00:00.0;-0.007454697906988912
2018-10-16T05:00:00.0;-0.007861387754710005
2018-10-16T06:00:00.0;-0.03765514510602954
2018-10-16T07:00:00.0;-0.03822794694754263
2018-10-16T08:00:00.0;-0.0377182846245802
2018-10-16T09:00:00.0;-0.03722740829159354
2018-10-16T10:00:00.0;-0.01030300200198548
2018-10-16T11:00:00.0;-0.008931959785451297
2018-10-16T12:00:00.0;-0.008887124258377715
2018-10-16T13:00:00.0;-0.009132907639793672
2018-10-16T14:00:00.0;-0.0096133448770915
2018-10-16T15:00:00.0;-0.010385063186819053
2018-10-16T16:00:00.0;-0.041921944211055856
2018-10-16T17:00:00.0;-0.045331750125968996
2018-10-16T18:00:00.0;-0.04967686770492701
2018-10-16T19:00:00.0;-0.05082508173609425
2018-10-16T20:00:00.0;-0.04991936071631398
2018-10-16T21:00:00.0;-0.047535662517888995
2018-10-16T22:00:00.0;-0.04127746468898015
2018-10-16T23:00:00.0;-0.008902304642129549
2018-10-17T00:00:00.0;-0.008091432424740244
2018-10-17T01:00:00.0;-0.00704981512147277
2018-10-17T02:00:00.0;-0.007458841418954872
2018-10-17T03:00:00.0;-0.0071937347690718585
2018-10-17T04:00:00.0;-0.007052501806863476
2018-10-17T05:00:00.0;-0.009036179205798005
2018-10-17T06:00:00.0;-0.030698019254564193
2018-10-17T07:00:00.0;-0.03158825481075984
2018-10-17T08:00:00.0;-0.035473449640826306
2018-10-17T09:00:00.0;-0.0370461125431613
2018-10-17T10:00:00.0;-0.021081017073220423
2018-10-17T11:00:00.0;-0.01661632364667391
2018-10-17T12:00:00.0;-0.016618865521990357
2018-10-17T13:00:00.0;-0.012106404608449962
2018-10-17T14:00:00.0;-0.012612228212993497
2018-10-17T15:00:00.0;-0.013458112114169871
2018-10-17T16:00:00.0;-0.03202121253710354
2018-10-17T17:00:00.0;-0.03941436699350348
2018-10-17T18:00:00.0;-0.04199493388467494
2018-10-17T19:00:00.0;-0.04317294120294995
2018-10-17T20:00:00.0;-0.042681934054175474
2018-10-17T21:00:00.0;-0.04102279828643325
2018-10-17T22:00:00.0;-0.029565222501414218
2018-10-17T23:00:00.0;-0.007467367034818461
2018-10-18T00:00:00.0;-0.008230536092931503
2018-10-18T01:00:00.0;-0.0064446006099988205
2018-10-18T02:00:00.0;-0.007578057584605778
2018-10-18T03:00:00.0;-0.007302287615700351
2018-10-18T04:00:00.0;-0.007213786870911637
2018-10-18T05:00:00.0;-0.01505394100056488
2018-10-18T06:00:00.0;-0.03284251546453243
2018-10-18T07:00:00.0;-0.03377149129760117
2018-10-18T08:00:00.0;-0.033106535457493855
2018-10-18T09:00:00.0;-0.0384844404428284
2018-10-18T10:00:00.0;-0.02186294065567303
2018-10-18T11:00:00.0;-0.021134024674296013
2018-10-18T12:00:00.0;-0.021100705409077172
2018-10-18T13:00:00.0;-0.02138604395085245
2018-10-18T14:00:00.0;-0.022252733255264338
2018-10-18T15:00:00.0;-0.023754610183760558
2018-10-18T16:00:00.0;-0.04348973693557826
2018-10-18T17:00:00.0;-0.046097107633577036
2018-10-18T18:00:00.0;-0.048814099676331664
2018-10-18T19:00:00.0;-0.050027355621212896
2018-10-18T20:00:00.0;-0.0497200873936783
2018-10-18T21:00:00.0;-0.0477123365734671
2018-10-18T22:00:00.0;-0.03666625373527572
2018-10-18T23:00:00.0;-0.008628478021541439
2018-10-19T00:00:00.0;-0.008028615933731598
2018-10-19T01:00:00.0;-0.006995517252385541
2018-10-19T02:00:00.0;-0.007423114910609592
2018-10-19T03:00:00.0;-0.0071651452933364414
2018-10-19T04:00:00.0;-0.007074770893595149
2018-10-19T05:00:00.0;-0.009953791463463417
2018-10-19T06:00:00.0;-0.035981553231429694
2018-10-19T07:00:00.0;-0.03655724417134014
2018-10-19T08:00:00.0;-0.035562224491082046
2018-10-19T09:00:00.0;-0.036745797429122484
2018-10-19T10:00:00.0;-0.015809829522704835
2018-10-19T11:00:00.0;-0.015314164972015097
2018-10-19T12:00:00.0;-0.01534909796814959
2018-10-19T13:00:00.0;-0.012692719766629083
2018-10-19T14:00:00.0;-0.01327337486038232
2018-10-19T15:00:00.0;-0.014245663651392666
2018-10-19T16:00:00.0;-0.0390202977592074
2018-10-19T17:00:00.0;-0.04136988492109435
2018-10-19T18:00:00.0;-0.04452779788496791
2018-10-19T19:00:00.0;-0.04571770043707505
2018-10-19T20:00:00.0;-0.04509773435095006
2018-10-19T21:00:00.0;-0.043170256033751464
2018-10-19T22:00:00.0;-0.03669492302548163
2018-10-19T23:00:00.0;-0.007812043426079965
2018-10-20T00:00:00.0;-0.007816796306091384
2018-10-20T01:00:00.0;-0.0071813909529403605
2018-10-20T02:00:00.0;-0.007188967826468807
2018-10-20T03:00:00.0;-0.006911702854142063
2018-10-20T04:00:00.0;-0.006729907622640477
2018-10-20T05:00:00.0;-0.006815115910861289
2018-10-20T06:00:00.0;-0.0337155855266751
2018-10-20T07:00:00.0;-0.034056087759946646
2018-10-20T08:00:00.0;-0.03359122542654633
2018-10-20T09:00:00.0;-0.03365007077848036
2018-10-20T10:00:00.0;-0.021141366133835323
2018-10-20T11:00:00.0;-0.02089911177924626
2018-10-20T12:00:00.0;-0.02109264245315962
2018-10-20T13:00:00.0;-0.008092902071643985
2018-10-20T14:00:00.0;-0.008387038749164175
2018-10-20T15:00:00.0;-0.008914365457361306
2018-10-20T16:00:00.0;-0.02424281723163694
2018-10-20T17:00:00.0;-0.0259021694239161
2018-10-20T18:00:00.0;-0.027826996041939535
2018-10-20T19:00:00.0;-0.028868397568570965
2018-10-20T20:00:00.0;-0.028465932674151623
2018-10-20T21:00:00.0;-0.0274726634932526
2018-10-20T22:00:00.0;-0.024213198532568668
2018-10-20T23:00:00.0;-0.0051526514553885865
2018-10-21T00:00:00.0;-0.007852837061473075
2018-10-21T01:00:00.0;-0.005701888231964211
2018-10-21T02:00:00.0;-0.004410498542438673
2018-10-21T03:00:00.0;-0.005873506449524476
2018-10-21T04:00:00.0;-0.006597700192921904
2018-10-21T05:00:00.0;-0.00650014065182499
2018-10-21T06:00:00.0;-0.01943140285792942
2018-10-21T07:00:00.0;-0.02512124196425297
2018-10-21T08:00:00.0;-0.0251443753367583
2018-10-21T09:00:00.0;-0.02442974834486557
2018-10-21T10:00:00.0;-0.019513604453627455
2018-10-21T11:00:00.0;-0.01768797099414799
2018-10-21T12:00:00.0;-0.012765654638226775
2018-10-21T13:00:00.0;-0.004858691204741833
2018-10-21T14:00:00.0;-0.005053285671382174
2018-10-21T15:00:00.0;-0.005400922721025173
2018-10-21T16:00:00.0;-0.017328926198709713
2018-10-21T17:00:00.0;-0.020899261797539606
2018-10-21T18:00:00.0;-0.022124366553209287
2018-10-21T19:00:00.0;-0.023051254376181163
2018-10-21T20:00:00.0;-0.02312516038861335
2018-10-21T21:00:00.0;-0.015561069388357685
2018-10-21T22:00:00.0;-0.01477666957605959
2018-10-21T23:00:00.0;-0.006399058651090729
2018-10-22T00:00:00.0;-0.008269108087143111
2018-10-22T01:00:00.0;-0.007085804370204367
2018-10-22T02:00:00.0;-0.005580172810712149
2018-10-22T03:00:00.0;-0.006088662840741654
2018-10-22T04:00:00.0;-0.006969315830652866
2018-10-22T05:00:00.0;-0.006869432019740299
2018-10-22T06:00:00.0;-0.013830708809968794
2018-10-22T07:00:00.0;-0.021344941724227885
2018-10-22T08:00:00.0;-0.03437596732741
2018-10-22T09:00:00.0;-0.03352825871115654
2018-10-22T10:00:00.0;-0.032210293216579686
2018-10-22T11:00:00.0;-0.019061735021225247
2018-10-22T12:00:00.0;-0.012833550548129954
2018-10-22T13:00:00.0;-0.006453927393443195
2018-10-22T14:00:00.0;-0.0066848926910896694
2018-10-22T15:00:00.0;-0.007074216773118868
2018-10-22T16:00:00.0;-0.015099505688242247
2018-10-22T17:00:00.0;-0.033173975520266366
2018-10-22T18:00:00.0;-0.03440683580353925
2018-10-22T19:00:00.0;-0.03552695586083743
2018-10-22T20:00:00.0;-0.03549564413235011
2018-10-22T21:00:00.0;-0.026311985515365195
2018-10-22T22:00:00.0;-0.009371620197735762
2018-10-22T23:00:00.0;-0.007311142891555369
2018-10-23T00:00:00.0;-0.008728611187627204
2018-10-23T01:00:00.0;-0.006994180537397339
2018-10-23T02:00:00.0;-0.001989042256400964
2018-10-23T03:00:00.0;-0.003111533850627274
2018-10-23T04:00:00.0;-0.00729108115897679
2018-10-23T05:00:00.0;-0.007237533483351431
2018-10-23T06:00:00.0;-0.0076566209289002
2018-10-23T07:00:00.0;-0.03425850914725432
2018-10-23T08:00:00.0;-0.03506342710271595
2018-10-23T09:00:00.0;-0.03404376807994865
2018-10-23T10:00:00.0;-0.03269012006899396
2018-10-23T11:00:00.0;-0.030242529278217672
2018-10-23T12:00:00.0;-0.006235070529713625
2018-10-23T13:00:00.0;-0.006304953796113921
2018-10-23T14:00:00.0;-0.006510525792497313
2018-10-23T15:00:00.0;-0.0069062498160840854
2018-10-23T16:00:00.0;-0.03537415064069443
2018-10-23T17:00:00.0;-0.04089895694040681
2018-10-23T18:00:00.0;-0.04216335682311898
2018-10-23T19:00:00.0;-0.043199346689108395
2018-10-23T20:00:00.0;-0.043207873691449974
2018-10-23T21:00:00.0;-0.010367949435321407
2018-10-23T22:00:00.0;-0.009830120217155085
2018-10-23T23:00:00.0;-0.009248431479933806
2018-10-24T00:00:00.0;-0.008441565088242536
2018-10-24T01:00:00.0;-0.007398995777721294
2018-10-24T02:00:00.0;-0.005406164758848934
2018-10-24T03:00:00.0;-0.005787719035429023
2018-10-24T04:00:00.0;-0.007160834356677092
2018-10-24T05:00:00.0;-0.00983176775649531
2018-10-24T06:00:00.0;-0.012784014929249835
2018-10-24T07:00:00.0;-0.02327117765423022
2018-10-24T08:00:00.0;-0.03734933933552333
2018-10-24T09:00:00.0;-0.03614952132422482
2018-10-24T10:00:00.0;-0.03454058007445145
2018-10-24T11:00:00.0;-0.020470469678490838
2018-10-24T12:00:00.0;-0.011682310340803468
2018-10-24T13:00:00.0;-0.009638439260928635
2018-10-24T14:00:00.0;-0.0099940558864587
2018-10-24T15:00:00.0;-0.010591829278775491
2018-10-24T16:00:00.0;-0.021851829136084844
2018-10-24T17:00:00.0;-0.04121125134582757
2018-10-24T18:00:00.0;-0.04251676623752388
2018-10-24T19:00:00.0;-0.04372571260253384
2018-10-24T20:00:00.0;-0.0437469799843744
2018-10-24T21:00:00.0;-0.03101590211385389
2018-10-24T22:00:00.0;-0.013158033491802916
2018-10-24T23:00:00.0;-0.008487308889921075
2018-10-25T00:00:00.0;-0.008404130355708785
2018-10-25T01:00:00.0;-0.008018344821515073
2018-10-25T02:00:00.0;-0.004994778008734865
2018-10-25T03:00:00.0;-0.004776546541712905
2018-10-25T04:00:00.0;-0.007113386794288867
2018-10-25T05:00:00.0;-0.014387396793934405
2018-10-25T06:00:00.0;-0.023514219903982014
2018-10-25T07:00:00.0;-0.03942773647370523
2018-10-25T08:00:00.0;-0.039744504382371766
2018-10-25T09:00:00.0;-0.0385449701976246
2018-10-25T10:00:00.0;-0.037487680365602044
2018-10-25T11:00:00.0;-0.03663768634822982
2018-10-25T12:00:00.0;-0.02293871704506701
2018-10-25T13:00:00.0;-0.014921456541434487
2018-10-25T14:00:00.0;-0.015340544330418272
2018-10-25T15:00:00.0;-0.01618868586268118
2018-10-25T16:00:00.0;-0.03377452455956749
2018-10-25T17:00:00.0;-0.03669206055542886
2018-10-25T18:00:00.0;-0.037972965165747156
2018-10-25T19:00:00.0;-0.039195633974131255
2018-10-25T20:00:00.0;-0.03911415937971828
2018-10-25T21:00:00.0;-0.019906570677356298
2018-10-25T22:00:00.0;-0.01887732711721527
2018-10-25T23:00:00.0;-0.006971811510551459
2018-10-26T00:00:00.0;-0.00844713631441298
2018-10-26T01:00:00.0;-0.006162415188420688
2018-10-26T02:00:00.0;-0.006938871999941422
2018-10-26T03:00:00.0;-0.007453219604536721
2018-10-26T04:00:00.0;-0.007174619887502336
2018-10-26T05:00:00.0;-0.007903121525838696
2018-10-26T06:00:00.0;-0.008441195520488458
2018-10-26T07:00:00.0;-0.009121749531700439
2018-10-26T08:00:00.0;-0.03099335414427815
2018-10-26T09:00:00.0;-0.03555405335171952
2018-10-26T10:00:00.0;-0.03369302272586593
2018-10-26T11:00:00.0;-0.012587100553806541
2018-10-26T12:00:00.0;-0.012399592955099865
2018-10-26T13:00:00.0;-0.012672324203990634
2018-10-26T14:00:00.0;-0.01315895657327519
2018-10-26T15:00:00.0;-0.01391510438658389
2018-10-26T16:00:00.0;-0.015074991037877218
2018-10-26T17:00:00.0;-0.04297701342924414
2018-10-26T18:00:00.0;-0.0442139467036711
2018-10-26T19:00:00.0;-0.04536371975452997
2018-10-26T20:00:00.0;-0.04548130791663909
2018-10-26T21:00:00.0;-0.04434715181994193
2018-10-26T22:00:00.0;-0.010585687988991833
2018-10-26T23:00:00.0;-0.009038300502685318
2018-10-27T00:00:00.0;-0.008154885703262378
2018-10-27T01:00:00.0;-0.006424293179148008
2018-10-27T02:00:00.0;-0.006761174510924016
2018-10-27T03:00:00.0;-0.00718270508477046
2018-10-27T04:00:00.0;-0.006907802523038448
2018-10-27T05:00:00.0;-0.0068347251942545645
2018-10-27T06:00:00.0;-0.016433035744718404
2018-10-27T07:00:00.0;-0.017378509259606458
2018-10-27T08:00:00.0;-0.030791493561554494
2018-10-27T09:00:00.0;-0.03302026857302158
2018-10-27T10:00:00.0;-0.02959087512986508
2018-10-27T11:00:00.0;-0.01620096865449048
2018-10-27T12:00:00.0;-0.016096215798399392
2018-10-27T13:00:00.0;-0.009355431074178173
2018-10-27T14:00:00.0;-0.009697331460538146
2018-10-27T15:00:00.0;-0.010258201985924573
2018-10-27T16:00:00.0;-0.013722631288800994
2018-10-27T17:00:00.0;-0.03205951503605931
2018-10-27T18:00:00.0;-0.03340732011051889
2018-10-27T19:00:00.0;-0.0345144256746216
2018-10-27T20:00:00.0;-0.034475805076905265
2018-10-27T21:00:00.0;-0.03362651432783423
2018-10-27T22:00:00.0;-0.011930367303032385
2018-10-27T23:00:00.0;-0.007075374920820493
2018-10-28T00:00:00.0;-0.008400912871024603
2018-10-28T01:00:00.0;-0.005330450543485767
2018-10-28T02:00:00.0;-0.0032216836206495525
2018-10-28T03:00:00.0;-0.004978058963649006
2018-10-28T04:00:00.0;-0.0070230967197288975
2018-10-28T05:00:00.0;-0.0069317287469973145
2018-10-28T06:00:00.0;-0.008195463840558827
2018-10-28T07:00:00.0;-0.021914832615846334
2018-10-28T08:00:00.0;-0.025195831982748915
2018-10-28T09:00:00.0;-0.027513948807898293
2018-10-28T10:00:00.0;-0.02542844529719943
2018-10-28T11:00:00.0;-0.020143828639229287
2018-10-28T12:00:00.0;-0.007930474155863695
2018-10-28T13:00:00.0;-0.008043660869467714
2018-10-28T14:00:00.0;-0.008346772101081826
2018-10-28T15:00:00.0;-0.008887507744314615
2018-10-28T16:00:00.0;-0.025222443914748472
2018-10-28T17:00:00.0;-0.03369891775451211
2018-10-28T18:00:00.0;-0.03493200602003448
2018-10-28T19:00:00.0;-0.03597267689035075
2018-10-28T20:00:00.0;-0.03622045161476976
2018-10-28T21:00:00.0;-0.018991865352332438
2018-10-28T22:00:00.0;-0.010705942957352742
2018-10-28T23:00:00.0;-0.008955318468269007
2018-10-29T00:00:00.0;-0.00859445223167639
2018-10-29T01:00:00.0;-0.00808729096457092
2018-10-29T02:00:00.0;-0.006821114523030434
2018-10-29T03:00:00.0;-0.006663809472452396
2018-10-29T04:00:00.0;-0.007340407201002521
2018-10-29T05:00:00.0;-0.007319789092693333
2018-10-29T06:00:00.0;-0.00790890972814126
2018-10-29T07:00:00.0;-0.014386168120140062
2018-10-29T08:00:00.0;-0.042785303945409206
2018-10-29T09:00:00.0;-0.04136829401958083
2018-10-29T10:00:00.0;-0.03908446837965955
2018-10-29T11:00:00.0;-0.012745142912242218
2018-10-29T12:00:00.0;-0.007510844235470816
2018-10-29T13:00:00.0;-0.007699622112212688
2018-10-29T14:00:00.0;-0.008001082456651072
2018-10-29T15:00:00.0;-0.00846047123509398
2018-10-29T16:00:00.0;-0.015222219116520084
2018-10-29T17:00:00.0;-0.049863813278194453
2018-10-29T18:00:00.0;-0.0512108589683484
2018-10-29T19:00:00.0;-0.05239628566783037
2018-10-29T20:00:00.0;-0.05220174247542769
2018-10-29T21:00:00.0;-0.04387644618634526
2018-10-29T22:00:00.0;-0.00977476018671758
2018-10-29T23:00:00.0;-0.009221750762643317
2018-10-30T00:00:00.0;-0.008653897791988939
2018-10-30T01:00:00.0;-0.007874023087925973
2018-10-30T02:00:00.0;-0.00688791715028251
2018-10-30T03:00:00.0;-0.006645595614235592
2018-10-30T04:00:00.0;-0.007381164009888902
2018-10-30T05:00:00.0;-0.00736694932956596
2018-10-30T06:00:00.0;-0.007959035657323322
2018-10-30T07:00:00.0;-0.014809122124835119
2018-10-30T08:00:00.0;-0.041712758425897146
2018-10-30T09:00:00.0;-0.04228400480051511
2018-10-30T10:00:00.0;-0.03999098069933023
2018-10-30T11:00:00.0;-0.015034078420625764
2018-10-30T12:00:00.0;-0.009423863689407454
2018-10-30T13:00:00.0;-0.009640941710835856
2018-10-30T14:00:00.0;-0.009999408069243751
2018-10-30T15:00:00.0;-0.01055499479150218
2018-10-30T16:00:00.0;-0.01782593403972785
2018-10-30T17:00:00.0;-0.05061373390846166
2018-10-30T18:00:00.0;-0.05193134106373759
2018-10-30T19:00:00.0;-0.05307319137336779
2018-10-30T20:00:00.0;-0.052855603069943295
2018-10-30T21:00:00.0;-0.044144425961981586
2018-10-30T22:00:00.0;-0.009801532054889027
2018-10-30T23:00:00.0;-0.009256156300953302
2018-10-31T00:00:00.0;-0.008539995649817398
2018-10-31T01:00:00.0;-0.009957979356653495
2018-10-31T02:00:00.0;-0.008508383150769896
2018-10-31T03:00:00.0;-0.008422367951910608
2018-10-31T04:00:00.0;-0.009150276569597243
2018-10-31T05:00:00.0;-0.009157913000759533
2018-10-31T06:00:00.0;-0.011823729048388522
2018-10-31T07:00:00.0;-0.019054706885994314
2018-10-31T08:00:00.0;-0.041110199366808604
2018-10-31T09:00:00.0;-0.039628989428332435
2018-10-31T10:00:00.0;-0.03557920926658452
2018-10-31T11:00:00.0;-0.012892528039948264
2018-10-31T12:00:00.0;-0.007218358465267187
2018-10-31T13:00:00.0;-0.007383247234279277
2018-10-31T14:00:00.0;-0.0076788015447079834
2018-10-31T15:00:00.0;-0.008141011678367538
2018-10-31T16:00:00.0;-0.01773860287704552
2018-10-31T17:00:00.0;-0.04535740342968357
2018-10-31T18:00:00.0;-0.04942265705833125
2018-10-31T19:00:00.0;-0.05064037415594079
2018-10-31T20:00:00.0;-0.050515317335752534
2018-10-31T21:00:00.0;-0.04172810142866069
2018-10-31T22:00:00.0;-0.014572274448519398
2018-10-31T23:00:00.0;-0.011448983376567376
2018-11-01T00:00:00.0;-0.008510715595477223
2018-11-01T01:00:00.0;-0.008086198899485718
2018-11-01T02:00:00.0;-0.007820743861002675
2018-11-01T03:00:00.0;-0.007572420285992994
2018-11-01T04:00:00.0;-0.007301323618112832
2018-11-01T05:00:00.0;-0.007277434227355025
2018-11-01T06:00:00.0;-0.007883132750266007
2018-11-01T07:00:00.0;-0.008615849706912227
2018-11-01T08:00:00.0;-0.04289154105103716
2018-11-01T09:00:00.0;-0.0414367044550696
2018-11-01T10:00:00.0;-0.03900821591922897
2018-11-01T11:00:00.0;-0.0076290202066969
2018-11-01T12:00:00.0;-0.007530696302696247
2018-11-01T13:00:00.0;-0.007746718675897889
2018-11-01T14:00:00.0;-0.008067955244738382
2018-11-01T15:00:00.0;-0.008533375580733664
2018-11-01T16:00:00.0;-0.009189615651579035
2018-11-01T17:00:00.0;-0.050190804175304714
2018-11-01T18:00:00.0;-0.05154611366893123
2018-11-01T19:00:00.0;-0.05277745018308798
2018-11-01T20:00:00.0;-0.0526002683154573
2018-11-01T21:00:00.0;-0.050843015007066145
2018-11-01T22:00:00.0;-0.00971197143517056
2018-11-01T23:00:00.0;-0.009169373665189193
2018-11-02T00:00:00.0;-0.008409398417540122
2018-11-02T01:00:00.0;-0.010040233635644043
2018-11-02T02:00:00.0;-0.008399722235734779
2018-11-02T03:00:00.0;-0.008099210683533154
2018-11-02T04:00:00.0;-0.009303325775118622
2018-11-02T05:00:00.0;-0.009556918120513146
2018-11-02T06:00:00.0;-0.02489654298208484
2018-11-02T07:00:00.0;-0.03466254947254556
2018-11-02T08:00:00.0;-0.04095404356627364
2018-11-02T09:00:00.0;-0.03976896026399063
2018-11-02T10:00:00.0;-0.02426335567904783
2018-11-02T11:00:00.0;-0.015616837291240958
2018-11-02T12:00:00.0;-0.008224965203506601
2018-11-02T13:00:00.0;-0.008289137744068718
2018-11-02T14:00:00.0;-0.00864432944666792
2018-11-02T15:00:00.0;-0.009233789912863659
2018-11-02T16:00:00.0;-0.0347999411988672
2018-11-02T17:00:00.0;-0.04523964972356152
2018-11-02T18:00:00.0;-0.05057031768549853
2018-11-02T19:00:00.0;-0.05173014784691116
2018-11-02T20:00:00.0;-0.051198125476229456
2018-11-02T21:00:00.0;-0.03961458041321148
2018-11-02T22:00:00.0;-0.028890532694279675
2018-11-02T23:00:00.0;-0.011347270347546078
2018-11-03T00:00:00.0;-0.008352655244242448
2018-11-03T01:00:00.0;-0.007224904968524747
2018-11-03T02:00:00.0;-0.004582944106587786
2018-11-03T03:00:00.0;-0.005053639245351307
2018-11-03T04:00:00.0;-0.007203670863032123
2018-11-03T05:00:00.0;-0.007373839438089128
2018-11-03T06:00:00.0;-0.0222836597348173
2018-11-03T07:00:00.0;-0.0371649155028797
2018-11-03T08:00:00.0;-0.036900774796656745
2018-11-03T09:00:00.0;-0.035248055224351975
2018-11-03T10:00:00.0;-0.02011509758509512
2018-11-03T11:00:00.0;-0.018714103593235564
2018-11-03T12:00:00.0;-0.006680453667700389
2018-11-03T13:00:00.0;-0.006812005897218184
2018-11-03T14:00:00.0;-0.007105641968881031
2018-11-03T15:00:00.0;-0.007614342460487226
2018-11-03T16:00:00.0;-0.03878095004400426
2018-11-03T17:00:00.0;-0.04294817203489829
2018-11-03T18:00:00.0;-0.04548387683715691
2018-11-03T19:00:00.0;-0.04658983591570748
2018-11-03T20:00:00.0;-0.0461791818759576
2018-11-03T21:00:00.0;-0.028316881686053032
2018-11-03T22:00:00.0;-0.02647156489768714
2018-11-03T23:00:00.0;-0.008878414337170798
2018-11-04T00:00:00.0;-0.008166998587350522
2018-11-04T01:00:00.0;-0.014453632390561577
2018-11-04T02:00:00.0;-0.014727199532409795
2018-11-04T03:00:00.0;-0.014164876103373128
2018-11-04T04:00:00.0;-0.013793483000219842
2018-11-04T05:00:00.0;-0.013946533291713536
2018-11-04T06:00:00.0;-0.032039054860884354
2018-11-04T07:00:00.0;-0.03280156486528211
2018-11-04T08:00:00.0;-0.03253728268503235
2018-11-04T09:00:00.0;-0.035789960372259615
2018-11-04T10:00:00.0;-0.026288770653716636
2018-11-04T11:00:00.0;-0.01920624962448995
2018-11-04T12:00:00.0;-0.01919225525441653
2018-11-04T13:00:00.0;-0.011260746297395173
2018-11-04T14:00:00.0;-0.01165132709511315
2018-11-04T15:00:00.0;-0.012355672438997918
2018-11-04T16:00:00.0;-0.023495218714105308
2018-11-04T17:00:00.0;-0.0250626193775969
2018-11-04T18:00:00.0;-0.03570735892408344
2018-11-04T19:00:00.0;-0.03692128043523304
2018-11-04T20:00:00.0;-0.03678551644290339
2018-11-04T21:00:00.0;-0.03603351319443855
2018-11-04T22:00:00.0;-0.028734974033085493
2018-11-04T23:00:00.0;-0.015015826890322076
2018-11-05T00:00:00.0;-0.008529841043266446
2018-11-05T01:00:00.0;-0.005702556999871123
2018-11-05T02:00:00.0;-0.007137935785900049
2018-11-05T03:00:00.0;-0.0068387280594456165
2018-11-05T04:00:00.0;-0.007271342097696236
2018-11-05T05:00:00.0;-0.014743061774237152
2018-11-05T06:00:00.0;-0.023281747266380663
2018-11-05T07:00:00.0;-0.02819440423604498
2018-11-05T08:00:00.0;-0.0284491539786014
2018-11-05T09:00:00.0;-0.040149056399857184
2018-11-05T10:00:00.0;-0.03473895554749779
2018-11-05T11:00:00.0;-0.03376411244821778
2018-11-05T12:00:00.0;-0.030208708619638466
2018-11-05T13:00:00.0;-0.027048325668940762
2018-11-05T14:00:00.0;-0.027766630808723634
2018-11-05T15:00:00.0;-0.029191612332277468
2018-11-05T16:00:00.0;-0.04001198187393184
2018-11-05T17:00:00.0;-0.04305419390691214
2018-11-05T18:00:00.0;-0.04454144322506943
2018-11-05T19:00:00.0;-0.04564868820524838
2018-11-05T20:00:00.0;-0.04562271249676456
2018-11-05T21:00:00.0;-0.040054937126752094
2018-11-05T22:00:00.0;-0.02341642051423977
2018-11-05T23:00:00.0;-0.008127314679026592
2018-11-06T00:00:00.0;-0.008471068963883343
2018-11-06T01:00:00.0;-0.006712832367750842
2018-11-06T02:00:00.0;-0.007487393517207124
2018-11-06T03:00:00.0;-0.007321458571569391
2018-11-06T04:00:00.0;-0.007304316792132437
2018-11-06T05:00:00.0;-0.007417278643228211
2018-11-06T06:00:00.0;-0.017238185601760582
2018-11-06T07:00:00.0;-0.019508124020583353
2018-11-06T08:00:00.0;-0.034924341517257866
2018-11-06T09:00:00.0;-0.04009327721440857
2018-11-06T10:00:00.0;-0.02905691605608056
2018-11-06T11:00:00.0;-0.014537866075402767
2018-11-06T12:00:00.0;-0.013389890792921948
2018-11-06T13:00:00.0;-0.013674976273126423
2018-11-06T14:00:00.0;-0.014209627319982944
2018-11-06T15:00:00.0;-0.015064222364345898
2018-11-06T16:00:00.0;-0.027834005941679157
2018-11-06T17:00:00.0;-0.04795108134799686
2018-11-06T18:00:00.0;-0.05003967230679663
2018-11-06T19:00:00.0;-0.05111622384817526
2018-11-06T20:00:00.0;-0.05074915086927446
2018-11-06T21:00:00.0;-0.04772832031505417
2018-11-06T22:00:00.0;-0.020433419884613065
2018-11-06T23:00:00.0;-0.009008139068834894
2018-11-07T00:00:00.0;-0.008602612223921152
2018-11-07T01:00:00.0;-0.00785528182021606
2018-11-07T02:00:00.0;-0.006036227631329089
2018-11-07T03:00:00.0;-0.006121034946521084
2018-11-07T04:00:00.0;-0.007319981209777368
2018-11-07T05:00:00.0;-0.0072914177129378465
2018-11-07T06:00:00.0;-0.007847861664829798
2018-11-07T07:00:00.0;-0.017415687595312587
2018-11-07T08:00:00.0;-0.04111662958120614
2018-11-07T09:00:00.0;-0.03978228453615903
2018-11-07T10:00:00.0;-0.037682686081940406
2018-11-07T11:00:00.0;-0.015289411382191267
2018-11-07T12:00:00.0;-0.00723589545063232
2018-11-07T13:00:00.0;-0.007402694680922908
2018-11-07T14:00:00.0;-0.0076866065279748525
2018-11-07T15:00:00.0;-0.008133865781217163
2018-11-07T16:00:00.0;-0.018219542722995734
2018-11-07T17:00:00.0;-0.047976243789273586
2018-11-07T18:00:00.0;-0.049312460436731195
2018-11-07T19:00:00.0;-0.05047782814016422
2018-11-07T20:00:00.0;-0.05033719569419203
2018-11-07T21:00:00.0;-0.03845506286804688
2018-11-07T22:00:00.0;-0.00977108255081169
2018-11-07T23:00:00.0;-0.009214462615844755
2018-11-08T00:00:00.0;-0.008430636163905688
2018-11-08T01:00:00.0;-0.008033825914681728
2018-11-08T02:00:00.0;-0.006899754115132679
2018-11-08T03:00:00.0;-0.006667034572132053
2018-11-08T04:00:00.0;-0.0072966069532011
2018-11-08T05:00:00.0;-0.007408473561544149
2018-11-08T06:00:00.0;-0.01696260144921639
2018-11-08T07:00:00.0;-0.02321525489254815
2018-11-08T08:00:00.0;-0.042513184126803084
2018-11-08T09:00:00.0;-0.04055460786944377
2018-11-08T10:00:00.0;-0.029762588270192077
2018-11-08T11:00:00.0;-0.011830562015127074
2018-11-08T12:00:00.0;-0.007346605619425848
2018-11-08T13:00:00.0;-0.007538734456135083
2018-11-08T14:00:00.0;-0.007863756350049217
2018-11-08T15:00:00.0;-0.008369248770304283
2018-11-08T16:00:00.0;-0.024476655424638026
2018-11-08T17:00:00.0;-0.04916028463757636
2018-11-08T18:00:00.0;-0.051340145465789806
2018-11-08T19:00:00.0;-0.05251713860125121
2018-11-08T20:00:00.0;-0.05206364030198078
2018-11-08T21:00:00.0;-0.04431173511821034
2018-11-08T22:00:00.0;-0.020182225321342995
2018-11-08T23:00:00.0;-0.009026677044188528
2018-11-09T00:00:00.0;-0.008615390787847944
2018-11-09T01:00:00.0;-0.007892744118623497
2018-11-09T02:00:00.0;-0.007055959283689297
2018-11-09T03:00:00.0;-0.006810853504215294
2018-11-09T04:00:00.0;-0.0073528313353730095
2018-11-09T05:00:00.0;-0.007334132016998954
2018-11-09T06:00:00.0;-0.008362169001090552
2018-11-09T07:00:00.0;-0.014057316461219256
2018-11-09T08:00:00.0;-0.04170253470026892
2018-11-09T09:00:00.0;-0.041971763101710406
2018-11-09T10:00:00.0;-0.03969183067901503
2018-11-09T11:00:00.0;-0.014077428663924477
2018-11-09T12:00:00.0;-0.009532904571628607
2018-11-09T13:00:00.0;-0.009321501018299663
2018-11-09T14:00:00.0;-0.009672649355304746
2018-11-09T15:00:00.0;-0.010211981195347724
2018-11-09T16:00:00.0;-0.01622452644901971
2018-11-09T17:00:00.0;-0.049842499922497153
2018-11-09T18:00:00.0;-0.05116749524046656
2018-11-09T19:00:00.0;-0.05232750195237902
2018-11-09T20:00:00.0;-0.05211648394083469
2018-11-09T21:00:00.0;-0.044768832989196525
2018-11-09T22:00:00.0;-0.009767742071199714
2018-11-09T23:00:00.0;-0.009127572757558844
2018-11-10T00:00:00.0;-0.00847417396072727
2018-11-10T01:00:00.0;-0.008079719078144188
2018-11-10T02:00:00.0;-0.004375290970433083
2018-11-10T03:00:00.0;-0.004176171232132369
2018-11-10T04:00:00.0;-0.0070799820884916076
2018-11-10T05:00:00.0;-0.00699996343405773
2018-11-10T06:00:00.0;-0.019442725082481536
2018-11-10T07:00:00.0;-0.03847548207434829
2018-11-10T08:00:00.0;-0.039389514833079814
2018-11-10T09:00:00.0;-0.038669308044963234
2018-11-10T10:00:00.0;-0.03771450290188067
2018-11-10T11:00:00.0;-0.036934941613141495
2018-11-10T12:00:00.0;-0.019721705301434213
2018-11-10T13:00:00.0;-0.007428777243825372
2018-11-10T14:00:00.0;-0.007610047055893845
2018-11-10T15:00:00.0;-0.00799435596082673
2018-11-10T16:00:00.0;-0.028738078068502662
2018-11-10T17:00:00.0;-0.031664556875867216
2018-11-10T18:00:00.0;-0.03287066004620431
2018-11-10T19:00:00.0;-0.033889558799434935
2018-11-10T20:00:00.0;-0.03359445673445385
2018-11-10T21:00:00.0;-0.009998230332765756
2018-11-10T22:00:00.0;-0.009473468030836105
2018-11-10T23:00:00.0;-0.006107610143907785
2018-11-11T00:00:00.0;-0.00849291624542565
2018-11-11T01:00:00.0;-0.0031531115811802325
2018-11-11T02:00:00.0;-0.00650247583218735
2018-11-11T03:00:00.0;-0.007350415502402836
2018-11-11T04:00:00.0;-0.007055412498350085
2018-11-11T05:00:00.0;-0.006952587541856469
2018-11-11T06:00:00.0;-0.012506609408535407
2018-11-11T07:00:00.0;-0.013321817764353951
2018-11-11T08:00:00.0;-0.01376358755901061
2018-11-11T09:00:00.0;-0.03220442252542963
2018-11-11T10:00:00.0;-0.03113175968816912
2018-11-11T11:00:00.0;-0.02925262579705922
2018-11-11T12:00:00.0;-0.028744550009085403
2018-11-11T13:00:00.0;-0.023558431459836243
2018-11-11T14:00:00.0;-0.02408017281476434
2018-11-11T15:00:00.0;-0.025166034318896482
2018-11-11T16:00:00.0;-0.027522446672433535
2018-11-11T17:00:00.0;-0.031470697906035724
2018-11-11T18:00:00.0;-0.03245636018526127
2018-11-11T19:00:00.0;-0.033331749204979534
2018-11-11T20:00:00.0;-0.03349643148254247
2018-11-11T21:00:00.0;-0.03305900817298272
2018-11-11T22:00:00.0;-0.009302109289795553
2018-11-11T23:00:00.0;-0.007656963957887898
2018-11-12T00:00:00.0;-0.008662596180571448
2018-11-12T01:00:00.0;-0.00779946400520722
2018-11-12T02:00:00.0;-0.00689449477350559
2018-11-12T03:00:00.0;-0.006650654582998737
2018-11-12T04:00:00.0;-0.0073857368576657895
2018-11-12T05:00:00.0;-0.007371953853007062
2018-11-12T06:00:00.0;-0.007962521668309352
2018-11-12T07:00:00.0;-0.014808883795560708
2018-11-12T08:00:00.0;-0.04129132722096047
2018-11-12T09:00:00.0;-0.04233635931014888
2018-11-12T10:00:00.0;-0.04005044948800513
2018-11-12T11:00:00.0;-0.015465451482602512
2018-11-12T12:00:00.0;-0.009846089878473253
2018-11-12T13:00:00.0;-0.01006848756456279
2018-11-12T14:00:00.0;-0.010439028546994184
2018-11-12T15:00:00.0;-0.011015543110949905
2018-11-12T16:00:00.0;-0.018313276411461812
2018-11-12T17:00:00.0;-0.05061441229474884
2018-11-12T18:00:00.0;-0.05192476472465063
2018-11-12T19:00:00.0;-0.053057730856934944
2018-11-12T20:00:00.0;-0.05284185943386948
2018-11-12T21:00:00.0;-0.044149297643441214
2018-11-12T22:00:00.0;-0.009802869406728875
2018-11-12T23:00:00.0;-0.009259654351571563
2018-11-13T00:00:00.0;-0.008609063957998365
2018-11-13T01:00:00.0;-0.0054655532063598725
2018-11-13T02:00:00.0;-0.005277096300227922
2018-11-13T03:00:00.0;-0.005923049404579622
2018-11-13T04:00:00.0;-0.007271648454226372
2018-11-13T05:00:00.0;-0.0072848058917877444
2018-11-13T06:00:00.0;-0.011841175177332134
2018-11-13T07:00:00.0;-0.02210352742914676
2018-11-13T08:00:00.0;-0.027105975183047228
2018-11-13T09:00:00.0;-0.03563193149054943
2018-11-13T10:00:00.0;-0.0299169355450673
2018-11-13T11:00:00.0;-0.023911542624212818
2018-11-13T12:00:00.0;-0.015111364021024769
2018-11-13T13:00:00.0;-0.015294998823889875
2018-11-13T14:00:00.0;-0.015792272422085488
2018-11-13T15:00:00.0;-0.016689534799441866
2018-11-13T16:00:00.0;-0.03275484643447821
2018-11-13T17:00:00.0;-0.04230353298963903
2018-11-13T18:00:00.0;-0.04381695440051111
2018-11-13T19:00:00.0;-0.04480492246684905
2018-11-13T20:00:00.0;-0.04476933135456612
2018-11-13T21:00:00.0;-0.03258380141894125
2018-11-13T22:00:00.0;-0.014654584400582257
2018-11-13T23:00:00.0;-0.009092172373819764
2018-11-14T00:00:00.0;-0.008444520518334348
2018-11-14T01:00:00.0;-0.0066201077589067734
2018-11-14T02:00:00.0;-0.006615900229022972
2018-11-14T03:00:00.0;-0.006366389172285579
2018-11-14T04:00:00.0;-0.007339739152833093
2018-11-14T05:00:00.0;-0.007594390714764435
2018-11-14T06:00:00.0;-0.02674621276144553
2018-11-14T07:00:00.0;-0.034718779533212986
2018-11-14T08:00:00.0;-0.0344801488597466
2018-11-14T09:00:00.0;-0.04023565519535386
2018-11-14T10:00:00.0;-0.020983530702751923
2018-11-14T11:00:00.0;-0.020176827960693356
2018-11-14T12:00:00.0;-0.014232706029175073
2018-11-14T13:00:00.0;-0.014476437273912995
2018-11-14T14:00:00.0;-0.01504269929511412
2018-11-14T15:00:00.0;-0.01602675879007772
2018-11-14T16:00:00.0;-0.04445472471255178
2018-11-14T17:00:00.0;-0.04787630977143094
2018-11-14T18:00:00.0;-0.05077753835346978
2018-11-14T19:00:00.0;-0.051768286354423335
2018-11-14T20:00:00.0;-0.05108839185035661
2018-11-14T21:00:00.0;-0.04152739049613118
2018-11-14T22:00:00.0;-0.030526127094596834
2018-11-14T23:00:00.0;-0.008902302237336502
2018-11-15T00:00:00.0;-0.008396993160443792
2018-11-15T01:00:00.0;-0.005672413309111253
2018-11-15T02:00:00.0;-0.007723935088681122
2018-11-15T03:00:00.0;-0.007438841752717853
2018-11-15T04:00:00.0;-0.007315297243087635
2018-11-15T05:00:00.0;-0.0075877350670134755
2018-11-15T06:00:00.0;-0.028236798940552175
2018-11-15T07:00:00.0;-0.029355497623731082
2018-11-15T08:00:00.0;-0.029129578330901375
2018-11-15T09:00:00.0;-0.0399012228125894
2018-11-15T10:00:00.0;-0.01938147434283779
2018-11-15T11:00:00.0;-0.01866367568313729
2018-11-15T12:00:00.0;-0.01848779583726515
2018-11-15T13:00:00.0;-0.018785756570009107
2018-11-15T14:00:00.0;-0.01950338968407496
2018-11-15T15:00:00.0;-0.020741613462224057
2018-11-15T16:00:00.0;-0.04407469336634673
2018-11-15T17:00:00.0;-0.04718645793181014
2018-11-15T18:00:00.0;-0.05015191707882628
2018-11-15T19:00:00.0;-0.05109734237798302
2018-11-15T20:00:00.0;-0.05045024573829775
2018-11-15T21:00:00.0;-0.04853375728652091
2018-11-15T22:00:00.0;-0.03187676859258492
2018-11-15T23:00:00.0;-0.008828230816546443
2018-11-16T00:00:00.0;-0.008701134664755921
2018-11-16T01:00:00.0;-0.007316115930120672
2018-11-16T02:00:00.0;-0.009272896031130552
2018-11-16T03:00:00.0;-0.008920001611499457
2018-11-16T04:00:00.0;-0.008608991518578416
2018-11-16T05:00:00.0;-0.008583565180339741
2018-11-16T06:00:00.0;-0.011264374742157109
2018-11-16T07:00:00.0;-0.012243223973282815
2018-11-16T08:00:00.0;-0.030056659159009895
2018-11-16T09:00:00.0;-0.0419416630159623
2018-11-16T10:00:00.0;-0.03995070277550652
2018-11-16T11:00:00.0;-0.021758822018474046
2018-11-16T12:00:00.0;-0.021398640517975236
2018-11-16T13:00:00.0;-0.01960912362607951
2018-11-16T14:00:00.0;-0.020178226880695798
2018-11-16T15:00:00.0;-0.021138009031893775
2018-11-16T16:00:00.0;-0.02281741831861716
2018-11-16T17:00:00.0;-0.044982653365070055
2018-11-16T18:00:00.0;-0.047835704175714824
2018-11-16T19:00:00.0;-0.048855359613964804
2018-11-16T20:00:00.0;-0.04876662699270143
2018-11-16T21:00:00.0;-0.04751738871064536
2018-11-16T22:00:00.0;-0.011290987118507697
2018-11-16T23:00:00.0;-0.010270602329732625
2018-11-17T00:00:00.0;-0.008621777912020035
2018-11-17T01:00:00.0;-0.0033890441011283226
2018-11-17T02:00:00.0;-0.006127425318090647
2018-11-17T03:00:00.0;-0.007002690510485657
2018-11-17T04:00:00.0;-0.0072356964774579185
2018-11-17T05:00:00.0;-0.0072293766062365055
2018-11-17T06:00:00.0;-0.011534768950578412
2018-11-17T07:00:00.0;-0.015166844187250651
2018-11-17T08:00:00.0;-0.0155491584689625
2018-11-17T09:00:00.0;-0.03374485799972747
2018-11-17T10:00:00.0;-0.028504404215249805
2018-11-17T11:00:00.0;-0.026422287509134373
2018-11-17T12:00:00.0;-0.023311817826012986
2018-11-17T13:00:00.0;-0.023307365769585805
2018-11-17T14:00:00.0;-0.02393928774066053
2018-11-17T15:00:00.0;-0.025160520531370367
2018-11-17T16:00:00.0;-0.03467431373327486
2018-11-17T17:00:00.0;-0.0392756201065147
2018-11-17T18:00:00.0;-0.040611347703311616
2018-11-17T19:00:00.0;-0.04149076808064951
2018-11-17T20:00:00.0;-0.04161470315017708
2018-11-17T21:00:00.0;-0.03751377863341372
2018-11-17T22:00:00.0;-0.014133221701366567
2018-11-17T23:00:00.0;-0.009000355127369429
2018-11-18T00:00:00.0;-0.008686234861626188
2018-11-18T01:00:00.0;-0.007611314184443556
2018-11-18T02:00:00.0;-0.0028887971420525262
2018-11-18T03:00:00.0;-0.003368598257341815
2018-11-18T04:00:00.0;-0.007260372702250556
2018-11-18T05:00:00.0;-0.007206865738557745
2018-11-18T06:00:00.0;-0.012221846226339829
2018-11-18T07:00:00.0;-0.03724646836762141
2018-11-18T08:00:00.0;-0.038150049795314805
2018-11-18T09:00:00.0;-0.03717661391908241
2018-11-18T10:00:00.0;-0.03588698510551817
2018-11-18T11:00:00.0;-0.034112009045432025
2018-11-18T12:00:00.0;-0.011456793876501555
2018-11-18T13:00:00.0;-0.006949263314126817
2018-11-18T14:00:00.0;-0.007149995714043345
2018-11-18T15:00:00.0;-0.007551553468001085
2018-11-18T16:00:00.0;-0.03437925627161952
2018-11-18T17:00:00.0;-0.038911581132913
2018-11-18T18:00:00.0;-0.04018123574902091
2018-11-18T19:00:00.0;-0.041220468427953856
2018-11-18T20:00:00.0;-0.04105036812567641
2018-11-18T21:00:00.0;-0.010285100386352924
2018-11-18T22:00:00.0;-0.009747289279506398
2018-11-18T23:00:00.0;-0.008124199434662086
2018-11-19T00:00:00.0;-0.008987838434893945
2018-11-19T01:00:00.0;-0.00812187068669036
2018-11-19T02:00:00.0;-0.0020465135775153643
2018-11-19T03:00:00.0;-0.0023581432308868553
2018-11-19T04:00:00.0;-0.0075292970808376715
2018-11-19T05:00:00.0;-0.0075257884312802
2018-11-19T06:00:00.0;-0.008043732710485831
2018-11-19T07:00:00.0;-0.04143904864654626
2018-11-19T08:00:00.0;-0.0425497477280305
2018-11-19T09:00:00.0;-0.04128693980519093
2018-11-19T10:00:00.0;-0.03961952927208603
2018-11-19T11:00:00.0;-0.037611079215657
2018-11-19T12:00:00.0;-0.007462290439404367
2018-11-19T13:00:00.0;-0.0075333632339547145
2018-11-19T14:00:00.0;-0.007749348313617797
2018-11-19T15:00:00.0;-0.008183269459130829
2018-11-19T16:00:00.0;-0.04320780962450893
2018-11-19T17:00:00.0;-0.04867079781484783
2018-11-19T18:00:00.0;-0.04997830069035829
2018-11-19T19:00:00.0;-0.05096058959972722
2018-11-19T20:00:00.0;-0.05067738506451627
2018-11-19T21:00:00.0;-0.01063427060978303
2018-11-19T22:00:00.0;-0.01007190368241152
2018-11-19T23:00:00.0;-0.009470509567708382
2018-11-20T00:00:00.0;-0.009009103335607178
2018-11-20T01:00:00.0;-0.007698441401412684
2018-11-20T02:00:00.0;-0.004027960305030039
2018-11-20T03:00:00.0;-0.003853661343694416
2018-11-20T04:00:00.0;-0.007581014195492672
2018-11-20T05:00:00.0;-0.007591750204258638
2018-11-20T06:00:00.0;-0.008154451692889598
2018-11-20T07:00:00.0;-0.03318974617896866
2018-11-20T08:00:00.0;-0.04075869004712184
2018-11-20T09:00:00.0;-0.04438069163407602
2018-11-20T10:00:00.0;-0.04243320764055646
2018-11-20T11:00:00.0;-0.034840552628922265
2018-11-20T12:00:00.0;-0.012375070288714454
2018-11-20T13:00:00.0;-0.012505404273952532
2018-11-20T14:00:00.0;-0.01285157923277641
2018-11-20T15:00:00.0;-0.013515770090376352
2018-11-20T16:00:00.0;-0.03987111331238055
2018-11-20T17:00:00.0;-0.05182152023808037
2018-11-20T18:00:00.0;-0.05307661737821915
2018-11-20T19:00:00.0;-0.054018374034488455
2018-11-20T20:00:00.0;-0.053674090036871014
2018-11-20T21:00:00.0;-0.024127942950118435
2018-11-20T22:00:00.0;-0.01004968045939816
2018-11-20T23:00:00.0;-0.009482670467749683
2018-11-21T00:00:00.0;-0.00868721583960957
2018-11-21T01:00:00.0;-0.006789600766987952
2018-11-21T02:00:00.0;-0.005948126907621788
2018-11-21T03:00:00.0;-0.005710879299248616
2018-11-21T04:00:00.0;-0.0074394810052518376
2018-11-21T05:00:00.0;-0.007579232044136044
2018-11-21T06:00:00.0;-0.018071458191563555
2018-11-21T07:00:00.0;-0.031033315535971117
2018-11-21T08:00:00.0;-0.03550976837555946
2018-11-21T09:00:00.0;-0.04204844422888063
2018-11-21T10:00:00.0;-0.030323237813182937
2018-11-21T11:00:00.0;-0.025501029383516536
2018-11-21T12:00:00.0;-0.014906803039788382
2018-11-21T13:00:00.0;-0.015115377320390661
2018-11-21T14:00:00.0;-0.015620132216748028
2018-11-21T15:00:00.0;-0.016524099976500152
2018-11-21T16:00:00.0;-0.041049423517825714
2018-11-21T17:00:00.0;-0.049504579509251405
2018-11-21T18:00:00.0;-0.051621343025862534
2018-11-21T19:00:00.0;-0.05258137352886124
2018-11-21T20:00:00.0;-0.052085610863102136
2018-11-21T21:00:00.0;-0.037051207042999634
2018-11-21T22:00:00.0;-0.02134811745759648
2018-11-21T23:00:00.0;-0.009149461148838505
2018-11-22T00:00:00.0;-0.008784631545857192
2018-11-22T01:00:00.0;-0.004099128675274654
2018-11-22T02:00:00.0;-0.007986920337928688
2018-11-22T03:00:00.0;-0.007647606881916165
2018-11-22T04:00:00.0;-0.007460282611121744
2018-11-22T05:00:00.0;-0.013799740771211301
2018-11-22T06:00:00.0;-0.018478022038773873
2018-11-22T07:00:00.0;-0.01974662450977046
2018-11-22T08:00:00.0;-0.02012937166364191
2018-11-22T09:00:00.0;-0.04248654920242136
2018-11-22T10:00:00.0;-0.03699523790230736
2018-11-22T11:00:00.0;-0.03578518959909411
2018-11-22T12:00:00.0;-0.035216179581891924
2018-11-22T13:00:00.0;-0.035393625501574336
2018-11-22T14:00:00.0;-0.036184382190539405
2018-11-22T15:00:00.0;-0.03781766590623265
2018-11-22T16:00:00.0;-0.04500647242415004
2018-11-22T17:00:00.0;-0.04853791706287335
2018-11-22T18:00:00.0;-0.049857932444971866
2018-11-22T19:00:00.0;-0.0507631422353435
2018-11-22T20:00:00.0;-0.05079309062097431
2018-11-22T21:00:00.0;-0.049388890788184946
2018-11-22T22:00:00.0;-0.021680851859982676
2018-11-22T23:00:00.0;-0.009101832307828754
2018-11-23T00:00:00.0;-0.008603081413008256
2018-11-23T01:00:00.0;-0.004989355864285175
2018-11-23T02:00:00.0;-0.007874917984637882
2018-11-23T03:00:00.0;-0.007568488625127996
2018-11-23T04:00:00.0;-0.007400087540292417
2018-11-23T05:00:00.0;-0.007585978343918437
2018-11-23T06:00:00.0;-0.021712991622982476
2018-11-23T07:00:00.0;-0.02295939847832755
2018-11-23T08:00:00.0;-0.025305846618696712
2018-11-23T09:00:00.0;-0.041414123714811596
2018-11-23T10:00:00.0;-0.026319248560707463
2018-11-23T11:00:00.0;-0.02347504515657694
2018-11-23T12:00:00.0;-0.023135476479337006
2018-11-23T13:00:00.0;-0.023401372955261276
2018-11-23T14:00:00.0;-0.024137818462935733
2018-11-23T15:00:00.0;-0.02545906801031356
2018-11-23T16:00:00.0;-0.042422539103668035
2018-11-23T17:00:00.0;-0.0481725630944181
2018-11-23T18:00:00.0;-0.05048199188945113
2018-11-23T19:00:00.0;-0.05134707060803235
2018-11-23T20:00:00.0;-0.05088265780635148
2018-11-23T21:00:00.0;-0.04920382193763257
2018-11-23T22:00:00.0;-0.025071808273972054
2018-11-23T23:00:00.0;-0.009006493671716036
2018-11-24T00:00:00.0;-0.008400649093239827
2018-11-24T01:00:00.0;-0.005121056146185227
2018-11-24T02:00:00.0;-0.007643907235749449
2018-11-24T03:00:00.0;-0.007313403965269482
2018-11-24T04:00:00.0;-0.00707005625751404
2018-11-24T05:00:00.0;-0.007057894268547658
2018-11-24T06:00:00.0;-0.022474164711820153
2018-11-24T07:00:00.0;-0.023689727599254796
2018-11-24T08:00:00.0;-0.02421987639115841
2018-11-24T09:00:00.0;-0.0383683354443983
2018-11-24T10:00:00.0;-0.032869658467249215
2018-11-24T11:00:00.0;-0.032247179029849235
2018-11-24T12:00:00.0;-0.03198750111230551
2018-11-24T13:00:00.0;-0.021409644674862588
2018-11-24T14:00:00.0;-0.02186878997116426
2018-11-24T15:00:00.0;-0.022834702879975386
2018-11-24T16:00:00.0;-0.02995524414315273
2018-11-24T17:00:00.0;-0.03245018934766338
2018-11-24T18:00:00.0;-0.033829446104129815
2018-11-24T19:00:00.0;-0.03475940220811287
2018-11-24T20:00:00.0;-0.034521017242986916
2018-11-24T21:00:00.0;-0.033642941702716235
2018-11-24T22:00:00.0;-0.014567960626231724
2018-11-24T23:00:00.0;-0.006330283421031568
2018-11-25T00:00:00.0;-0.008401322791665536
2018-11-25T01:00:00.0;-0.0074858504135000385
2018-11-25T02:00:00.0;-0.0057322381920288
2018-11-25T03:00:00.0;-0.005487454987946525
2018-11-25T04:00:00.0;-0.007062325598226649
2018-11-25T05:00:00.0;-0.007001069843716936
2018-11-25T06:00:00.0;-0.01944771339998475
2018-11-25T07:00:00.0;-0.03107401472067297
2018-11-25T08:00:00.0;-0.036579766830785974
2018-11-25T09:00:00.0;-0.038450416130800476
2018-11-25T10:00:00.0;-0.03611580639060467
2018-11-25T11:00:00.0;-0.03081442212839198
2018-11-25T12:00:00.0;-0.02083380664061665
2018-11-25T13:00:00.0;-0.009955550305737876
2018-11-25T14:00:00.0;-0.01022323556505226
2018-11-25T15:00:00.0;-0.010741423730587882
2018-11-25T16:00:00.0;-0.0246942011683406
2018-11-25T17:00:00.0;-0.033042709524892244
2018-11-25T18:00:00.0;-0.03433361042922647
2018-11-25T19:00:00.0;-0.03537896338318858
2018-11-25T20:00:00.0;-0.035106603828836166
2018-11-25T21:00:00.0;-0.021109003051599903
2018-11-25T22:00:00.0;-0.010866685094515645
2018-11-25T23:00:00.0;-0.006355519412753239
2018-11-26T00:00:00.0;-0.00883717819447555
2018-11-26T01:00:00.0;-0.0037421663256283627
2018-11-26T02:00:00.0;-0.008010733150646265
2018-11-26T03:00:00.0;-0.007657083442932362
2018-11-26T04:00:00.0;-0.007436458101449722
2018-11-26T05:00:00.0;-0.013058906773958046
2018-11-26T06:00:00.0;-0.016167090802673412
2018-11-26T07:00:00.0;-0.017392373207044714
2018-11-26T08:00:00.0;-0.017894344286173734
2018-11-26T09:00:00.0;-0.04257031322832749
2018-11-26T10:00:00.0;-0.04098843071474375
2018-11-26T11:00:00.0;-0.03977460001388009
2018-11-26T12:00:00.0;-0.03909756893612961
2018-11-26T13:00:00.0;-0.03691160511251251
2018-11-26T14:00:00.0;-0.03757118767775678
2018-11-26T15:00:00.0;-0.039062950531753765
2018-11-26T16:00:00.0;-0.04223180974755823
2018-11-26T17:00:00.0;-0.04573222570277006
2018-11-26T18:00:00.0;-0.04670312123836705
2018-11-26T19:00:00.0;-0.04758820707439908
2018-11-26T20:00:00.0;-0.047677781042173975
2018-11-26T21:00:00.0;-0.04652823533488176
2018-11-26T22:00:00.0;-0.01664444129193761
2018-11-26T23:00:00.0;-0.00863569149274718
2018-11-27T00:00:00.0;-0.008906923761536987
2018-11-27T01:00:00.0;-0.00847783242342545
2018-11-27T02:00:00.0;-0.004114701489409492
2018-11-27T03:00:00.0;-0.003945324348929856
2018-11-27T04:00:00.0;-0.0075267174392378055
2018-11-27T05:00:00.0;-0.007532067694469135
2018-11-27T06:00:00.0;-0.00811116529078816
2018-11-27T07:00:00.0;-0.0322849741922582
2018-11-27T08:00:00.0;-0.04517827761829695
2018-11-27T09:00:00.0;-0.04376756848283522
2018-11-27T10:00:00.0;-0.04173330553920222
2018-11-27T11:00:00.0;-0.029279596098553202
2018-11-27T12:00:00.0;-0.007895687062833789
2018-11-27T13:00:00.0;-0.008016165772884241
2018-11-27T14:00:00.0;-0.008270484898369207
2018-11-27T15:00:00.0;-0.008726522570846669
2018-11-27T16:00:00.0;-0.033984205223787235
2018-11-27T17:00:00.0;-0.05176148433019046
2018-11-27T18:00:00.0;-0.05309154266342016
2018-11-27T19:00:00.0;-0.054130479989059184
2018-11-27T20:00:00.0;-0.05377470647493534
2018-11-27T21:00:00.0;-0.024967970260069892
2018-11-27T22:00:00.0;-0.010025439012481475
2018-11-27T23:00:00.0;-0.009437892133360666
2018-11-28T00:00:00.0;-0.009112058208305606
2018-11-28T01:00:00.0;-0.008680610070750567
2018-11-28T02:00:00.0;-0.0020740570197223785
2018-11-28T03:00:00.0;-0.001980155877830143
2018-11-28T04:00:00.0;-0.007643442498120314
2018-11-28T05:00:00.0;-0.007663902477667332
2018-11-28T06:00:00.0;-0.008229236182371575
2018-11-28T07:00:00.0;-0.04508891032761058
2018-11-28T08:00:00.0;-0.046362863498389306
2018-11-28T09:00:00.0;-0.04497475500809048
2018-11-28T10:00:00.0;-0.04314614457031167
2018-11-28T11:00:00.0;-0.04136781344479807
2018-11-28T12:00:00.0;-0.008084676192295987
2018-11-28T13:00:00.0;-0.008155679828729489
2018-11-28T14:00:00.0;-0.008375353748861494
2018-11-28T15:00:00.0;-0.008826546503473752
2018-11-28T16:00:00.0;-0.04714412682677833
2018-11-28T17:00:00.0;-0.05257512581856856
2018-11-28T18:00:00.0;-0.05389179306442341
2018-11-28T19:00:00.0;-0.05483122558728368
2018-11-28T20:00:00.0;-0.054382899113970165
2018-11-28T21:00:00.0;-0.010761890345635213
2018-11-28T22:00:00.0;-0.010187764749956356
2018-11-28T23:00:00.0;-0.009576928930838955
2018-11-29T00:00:00.0;-0.009100422446452776
2018-11-29T01:00:00.0;-0.008627767617922008
2018-11-29T02:00:00.0;-0.002071476904949753
2018-11-29T03:00:00.0;-0.0020160289074860785
2018-11-29T04:00:00.0;-0.007632750570813823
2018-11-29T05:00:00.0;-0.007650965657208157
2018-11-29T06:00:00.0;-0.008211859863865122
2018-11-29T07:00:00.0;-0.04474127698282765
2018-11-29T08:00:00.0;-0.04599947801289458
2018-11-29T09:00:00.0;-0.04462334814236686
2018-11-29T10:00:00.0;-0.0428101357475126
2018-11-29T11:00:00.0;-0.041009707795863805
2018-11-29T12:00:00.0;-0.00802543320632354
2018-11-29T13:00:00.0;-0.008096460899520371
2018-11-29T14:00:00.0;-0.008315825064473677
2018-11-29T15:00:00.0;-0.008765428361147506
2018-11-29T16:00:00.0;-0.04677039018179208
2018-11-29T17:00:00.0;-0.052204450708390214
2018-11-29T18:00:00.0;-0.05352057552915432
2018-11-29T19:00:00.0;-0.05446449337228993
2018-11-29T20:00:00.0;-0.05403233053064618
2018-11-29T21:00:00.0;-0.010749936090038392
2018-11-29T22:00:00.0;-0.010176911948331086
2018-11-29T23:00:00.0;-0.009566960514364054
2018-11-30T00:00:00.0;-0.008905172578550339
2018-11-30T01:00:00.0;-0.007770941535914634
2018-11-30T02:00:00.0;-0.0036306757630537837
2018-11-30T03:00:00.0;-0.0035303066661088994
2018-11-30T04:00:00.0;-0.007496362838616506
2018-11-30T05:00:00.0;-0.007523624543489126
2018-11-30T06:00:00.0;-0.012173638816687328
2018-11-30T07:00:00.0;-0.03852800379255894
2018-11-30T08:00:00.0;-0.04059051318601371
2018-11-30T09:00:00.0;-0.0428483255798716
2018-11-30T10:00:00.0;-0.038923273553515415
2018-11-30T11:00:00.0;-0.03639342828370123
2018-11-30T12:00:00.0;-0.012936198669085939
2018-11-30T13:00:00.0;-0.01108708418393277
2018-11-30T14:00:00.0;-0.011393643264881103
2018-11-30T15:00:00.0;-0.012003634388769136
2018-11-30T16:00:00.0;-0.04206774083808343
2018-11-30T17:00:00.0;-0.04794288602301534
2018-11-30T18:00:00.0;-0.04940460119228901
2018-11-30T19:00:00.0;-0.05037547115297802
2018-11-30T20:00:00.0;-0.049984917088316434
2018-11-30T21:00:00.0;-0.018849736433693885
2018-11-30T22:00:00.0;-0.012556900491823208
2018-11-30T23:00:00.0;-0.008924745750599193
2018-12-01T00:00:00.0;-0.008918046810209359
2018-12-01T01:00:00.0;-0.008486386697019833
2018-12-01T02:00:00.0;-0.002799832806734183
2018-12-01T03:00:00.0;-0.002682965422222921
2018-12-01T04:00:00.0;-0.007471937176657581
2018-12-01T05:00:00.0;-0.00746173278025022
2018-12-01T06:00:00.0;-0.01193058648664706
2018-12-01T07:00:00.0;-0.043017105604847096
2018-12-01T08:00:00.0;-0.04417885230124858
2018-12-01T09:00:00.0;-0.04299336522223394
2018-12-01T10:00:00.0;-0.04143016171923329
2018-12-01T11:00:00.0;-0.03994461011433064
2018-12-01T12:00:00.0;-0.011815041141598683
2018-12-01T13:00:00.0;-0.007922025794465078
2018-12-01T14:00:00.0;-0.008130148268649934
2018-12-01T15:00:00.0;-0.008560914312920534
2018-12-01T16:00:00.0;-0.04127575103411027
2018-12-01T17:00:00.0;-0.04588782782602949
2018-12-01T18:00:00.0;-0.04720673212324876
2018-12-01T19:00:00.0;-0.048213199414477916
2018-12-01T20:00:00.0;-0.047814867603509
2018-12-01T21:00:00.0;-0.01053016440206373
2018-12-01T22:00:00.0;-0.009971116297801919
2018-12-01T23:00:00.0;-0.00849476241367528
2018-12-02T00:00:00.0;-0.008830625285795514
2018-12-02T01:00:00.0;-0.004904841220877374
2018-12-02T02:00:00.0;-0.006587996652703003
2018-12-02T03:00:00.0;-0.006288068197781015
2018-12-02T04:00:00.0;-0.007369256065600099
2018-12-02T05:00:00.0;-0.007333997063772331
2018-12-02T06:00:00.0;-0.014076907872606695
2018-12-02T07:00:00.0;-0.0230900284960371
2018-12-02T08:00:00.0;-0.023930891936774737
2018-12-02T09:00:00.0;-0.042114758498651546
2018-12-02T10:00:00.0;-0.040683409293382426
2018-12-02T11:00:00.0;-0.03954544394116149
2018-12-02T12:00:00.0;-0.03149880449481764
2018-12-02T13:00:00.0;-0.025157110502303428
2018-12-02T14:00:00.0;-0.025604714364999327
2018-12-02T15:00:00.0;-0.02663086172853726
2018-12-02T16:00:00.0;-0.03723804558477767
2018-12-02T17:00:00.0;-0.04084255513297324
2018-12-02T18:00:00.0;-0.04191511168509361
2018-12-02T19:00:00.0;-0.04277016274687695
2018-12-02T20:00:00.0;-0.0425805817517544
2018-12-02T21:00:00.0;-0.03233399686006715
2018-12-02T22:00:00.0;-0.009631988434419592
2018-12-02T23:00:00.0;-0.007757369025389033
2018-12-03T00:00:00.0;-0.008967645805254153
2018-12-03T01:00:00.0;-0.007148522782269287
2018-12-03T02:00:00.0;-0.004939192926947094
2018-12-03T03:00:00.0;-0.00472990760762702
2018-12-03T04:00:00.0;-0.00755361329325706
2018-12-03T05:00:00.0;-0.007559621664657321
2018-12-03T06:00:00.0;-0.008223445884262347
2018-12-03T07:00:00.0;-0.027746379308673193
2018-12-03T08:00:00.0;-0.037604274542731256
2018-12-03T09:00:00.0;-0.04412383652354887
2018-12-03T10:00:00.0;-0.04213749685022127
2018-12-03T11:00:00.0;-0.03244655486311226
2018-12-03T12:00:00.0;-0.014977773073525802
2018-12-03T13:00:00.0;-0.015034640123795831
2018-12-03T14:00:00.0;-0.015448381856115448
2018-12-03T15:00:00.0;-0.01622418182866895
2018-12-03T16:00:00.0;-0.03702993676181808
2018-12-03T17:00:00.0;-0.051302176451562105
2018-12-03T18:00:00.0;-0.052520327678854506
2018-12-03T19:00:00.0;-0.05345410016499194
2018-12-03T20:00:00.0;-0.05316080019032728
2018-12-03T21:00:00.0;-0.03011736287786353
2018-12-03T22:00:00.0;-0.00998207533442674
2018-12-03T23:00:00.0;-0.00941534494295736
2018-12-04T00:00:00.0;-0.008636349805910586
2018-12-04T01:00:00.0;-0.00558807908631063
2018-12-04T02:00:00.0;-0.007902675063200007
2018-12-04T03:00:00.0;-0.007604971493013804
2018-12-04T04:00:00.0;-0.007398541546286605
2018-12-04T05:00:00.0;-0.0075081423728231185
2018-12-04T06:00:00.0;-0.016398026184839095
2018-12-04T07:00:00.0;-0.017563349366295063
2018-12-04T08:00:00.0;-0.028714176948635914
2018-12-04T09:00:00.0;-0.04183398957232321
2018-12-04T10:00:00.0;-0.0315348307896686
2018-12-04T11:00:00.0;-0.02085336915029025
2018-12-04T12:00:00.0;-0.020532542131745015
2018-12-04T13:00:00.0;-0.020831475008474938
2018-12-04T14:00:00.0;-0.021504047246895332
2018-12-04T15:00:00.0;-0.02264822062748738
2018-12-04T16:00:00.0;-0.033777216728851533
2018-12-04T17:00:00.0;-0.0489486777844406
2018-12-04T18:00:00.0;-0.050839201316860365
2018-12-04T19:00:00.0;-0.0517741835938527
2018-12-04T20:00:00.0;-0.05143182331262352
2018-12-04T21:00:00.0;-0.04979829118330523
2018-12-04T22:00:00.0;-0.019361968909511522
2018-12-04T23:00:00.0;-0.00909613910637528
2018-12-05T00:00:00.0;-0.008992056508134864
2018-12-05T01:00:00.0;-0.006616728312345096
2018-12-05T02:00:00.0;-0.005307242445591788
2018-12-05T03:00:00.0;-0.005080664837571054
2018-12-05T04:00:00.0;-0.007566651387514957
2018-12-05T05:00:00.0;-0.007573529303545255
2018-12-05T06:00:00.0;-0.008125794661737178
2018-12-05T07:00:00.0;-0.025587065546023274
2018-12-05T08:00:00.0;-0.03460239124576887
2018-12-05T09:00:00.0;-0.04429477909581242
2018-12-05T10:00:00.0;-0.04231135553663907
2018-12-05T11:00:00.0;-0.03336935201574856
2018-12-05T12:00:00.0;-0.017670511527703086
2018-12-05T13:00:00.0;-0.01783543397616104
2018-12-05T14:00:00.0;-0.018299257447062064
2018-12-05T15:00:00.0;-0.019183943864062615
2018-12-05T16:00:00.0;-0.03801574717671556
2018-12-05T17:00:00.0;-0.05133487908185462
2018-12-05T18:00:00.0;-0.05250810467820547
2018-12-05T19:00:00.0;-0.053400334057029465
2018-12-05T20:00:00.0;-0.053133634545952456
2018-12-05T21:00:00.0;-0.03259181350364812
2018-12-05T22:00:00.0;-0.009967470113044564
2018-12-05T23:00:00.0;-0.009441405208267252
2018-12-06T00:00:00.0;-0.00911441616013309
2018-12-06T01:00:00.0;-0.007200159161689984
2018-12-06T02:00:00.0;-0.0035962165694179565
2018-12-06T03:00:00.0;-0.0034327847057594248
2018-12-06T04:00:00.0;-0.007638383560135139
2018-12-06T05:00:00.0;-0.0076554541776189386
2018-12-06T06:00:00.0;-0.008204756412762679
2018-12-06T07:00:00.0;-0.03613011877619365
2018-12-06T08:00:00.0;-0.037930060661651555
2018-12-06T09:00:00.0;-0.04500819527010462
2018-12-06T10:00:00.0;-0.0431561704481054
2018-12-06T11:00:00.0;-0.0408681587506591
2018-12-06T12:00:00.0;-0.015475327488707304
2018-12-06T13:00:00.0;-0.015573295250778323
2018-12-06T14:00:00.0;-0.01594919295390084
2018-12-06T15:00:00.0;-0.016733441278046088
2018-12-06T16:00:00.0;-0.04618603625834248
2018-12-06T17:00:00.0;-0.05200998151710868
2018-12-06T18:00:00.0;-0.05321285947303879
2018-12-06T19:00:00.0;-0.05407190480607607
2018-12-06T20:00:00.0;-0.05371835104996091
2018-12-06T21:00:00.0;-0.021009610887604068
2018-12-06T22:00:00.0;-0.010095422778915506
2018-12-06T23:00:00.0;-0.009537795555632863
2018-12-07T00:00:00.0;-0.009112058208305606
2018-12-07T01:00:00.0;-0.008680610070750567
2018-12-07T02:00:00.0;-0.0020740570197223785
2018-12-07T03:00:00.0;-0.001980155877830143
2018-12-07T04:00:00.0;-0.007643442498120314
2018-12-07T05:00:00.0;-0.007663902477667332
2018-12-07T06:00:00.0;-0.008229236182371575
2018-12-07T07:00:00.0;-0.04508891032761058
2018-12-07T08:00:00.0;-0.046362863498389306
2018-12-07T09:00:00.0;-0.04497475500809048
2018-12-07T10:00:00.0;-0.04314614457031167
2018-12-07T11:00:00.0;-0.04136781344479807
2018-12-07T12:00:00.0;-0.008084676192295987
2018-12-07T13:00:00.0;-0.008155679828729489
2018-12-07T14:00:00.0;-0.008375353748861494
2018-12-07T15:00:00.0;-0.008826546503473752
2018-12-07T16:00:00.0;-0.04714412682677833
2018-12-07T17:00:00.0;-0.05257512581856856
2018-12-07T18:00:00.0;-0.05389179306442341
2018-12-07T19:00:00.0;-0.05483122558728368
2018-12-07T20:00:00.0;-0.054382899113970165
2018-12-07T21:00:00.0;-0.010761890345635213
2018-12-07T22:00:00.0;-0.010187764749956356
2018-12-07T23:00:00.0;-0.009576928930838955
2018-12-08T00:00:00.0;-0.009013412225026782
2018-12-08T01:00:00.0;-0.004948147283349368
2018-12-08T02:00:00.0;-0.005079482715368961
2018-12-08T03:00:00.0;-0.00525970874622031
2018-12-08T04:00:00.0;-0.007529014537521226
2018-12-08T05:00:00.0;-0.007519312584750753
2018-12-08T06:00:00.0;-0.00799983481881211
2018-12-08T07:00:00.0;-0.02389420591508301
2018-12-08T08:00:00.0;-0.02474218224945657
2018-12-08T09:00:00.0;-0.04140482522943315
2018-12-08T10:00:00.0;-0.039715209289288296
2018-12-08T11:00:00.0;-0.0378259655205568
2018-12-08T12:00:00.0;-0.02316003514534148
2018-12-08T13:00:00.0;-0.02323943577100411
2018-12-08T14:00:00.0;-0.02374594540960929
2018-12-08T15:00:00.0;-0.02482451223235686
2018-12-08T16:00:00.0;-0.04257090418933187
2018-12-08T17:00:00.0;-0.047515044367127855
2018-12-08T18:00:00.0;-0.04858767241220871
2018-12-08T19:00:00.0;-0.0493953910291882
2018-12-08T20:00:00.0;-0.049300111545903545
2018-12-08T21:00:00.0;-0.030711868765868802
2018-12-08T22:00:00.0;-0.009887041182403567
2018-12-08T23:00:00.0;-0.009398852151692243
2018-12-09T00:00:00.0;-0.009097596476706191
2018-12-09T01:00:00.0;-0.008562992775405703
2018-12-09T02:00:00.0;-0.002118872451128872
2018-12-09T03:00:00.0;-0.002071974777067755
2018-12-09T04:00:00.0;-0.00762978098681838
2018-12-09T05:00:00.0;-0.007647276687953702
2018-12-09T06:00:00.0;-0.008206353606239123
2018-12-09T07:00:00.0;-0.04436190946815072
2018-12-09T08:00:00.0;-0.04561371249077679
2018-12-09T09:00:00.0;-0.04452809484656049
2018-12-09T10:00:00.0;-0.042718768316353205
2018-12-09T11:00:00.0;-0.04091423313909241
2018-12-09T12:00:00.0;-0.008259640954940155
2018-12-09T13:00:00.0;-0.008332094168750822
2018-12-09T14:00:00.0;-0.00855738965252394
2018-12-09T15:00:00.0;-0.009019129261247
2018-12-09T16:00:00.0;-0.04665636474789705
2018-12-09T17:00:00.0;-0.0520828149049932
2018-12-09T18:00:00.0;-0.05339490587522184
2018-12-09T19:00:00.0;-0.054337173894713583
2018-12-09T20:00:00.0;-0.05391256844446909
2018-12-09T21:00:00.0;-0.01107442054812754
2018-12-09T22:00:00.0;-0.010171006733090933
2018-12-09T23:00:00.0;-0.009563073759127181
2018-12-10T00:00:00.0;-0.009100550480671646
2018-12-10T01:00:00.0;-0.007496954702104469
2018-12-10T02:00:00.0;-0.003413590729011924
2018-12-10T03:00:00.0;-0.0032593589728680456
2018-12-10T04:00:00.0;-0.0076318260919998
2018-12-10T05:00:00.0;-0.007648617391433778
2018-12-10T06:00:00.0;-0.008202153840575412
2018-12-10T07:00:00.0;-0.03715323100474592
2018-12-10T08:00:00.0;-0.039619715402483234
2018-12-10T09:00:00.0;-0.04492253303995151
2018-12-10T10:00:00.0;-0.04306193448268197
2018-12-10T11:00:00.0;-0.04016560368741249
2018-12-10T12:00:00.0;-0.013914190084134328
2018-12-10T13:00:00.0;-0.014014965526063012
2018-12-10T14:00:00.0;-0.014365892609544824
2018-12-10T15:00:00.0;-0.015087506450235953
2018-12-10T16:00:00.0;-0.04552459286755818
2018-12-10T17:00:00.0;-0.052074566157025375
2018-12-10T18:00:00.0;-0.05330200973276603
2018-12-10T19:00:00.0;-0.054184277554785956
2018-12-10T20:00:00.0;-0.05381703130954111
2018-12-10T21:00:00.0;-0.019823665331246656
2018-12-10T22:00:00.0;-0.010104060494231558
2018-12-10T23:00:00.0;-0.00953687617205593
2018-12-11T00:00:00.0;-0.00876007936143704
2018-12-11T01:00:00.0;-0.004111899503655789
2018-12-11T02:00:00.0;-0.007988381764675114
2018-12-11T03:00:00.0;-0.007660105761715902
2018-12-11T04:00:00.0;-0.0074716704531641
2018-12-11T05:00:00.0;-0.007620249388888271
2018-12-11T06:00:00.0;-0.018748565758611866
2018-12-11T07:00:00.0;-0.019987971740320732
2018-12-11T08:00:00.0;-0.020341148534490493
2018-12-11T09:00:00.0;-0.042485742820842574
2018-12-11T10:00:00.0;-0.030030870748543482
2018-12-11T11:00:00.0;-0.02895537993644903
2018-12-11T12:00:00.0;-0.0284348707018076
2018-12-11T13:00:00.0;-0.028618934015304822
2018-12-11T14:00:00.0;-0.02935587399506094
2018-12-11T15:00:00.0;-0.030777057710478103
2018-12-11T16:00:00.0;-0.04495401388064848
2018-12-11T17:00:00.0;-0.04864037600144773
2018-12-11T18:00:00.0;-0.050593855166287796
2018-12-11T19:00:00.0;-0.05135965909874709
2018-12-11T20:00:00.0;-0.05099186687761207
2018-12-11T21:00:00.0;-0.049490701919196994
2018-12-11T22:00:00.0;-0.02183271431286548
2018-12-11T23:00:00.0;-0.009114345003482715
2018-12-12T00:00:00.0;-0.008857970862092108
2018-12-12T01:00:00.0;-0.006900703796394648
2018-12-12T02:00:00.0;-0.0061866433901541715
2018-12-12T03:00:00.0;-0.005940942108196083
2018-12-12T04:00:00.0;-0.007492084371411576
2018-12-12T05:00:00.0;-0.007490033677003769
2018-12-12T06:00:00.0;-0.0080555575946626
2018-12-12T07:00:00.0;-0.019846844167249935
2018-12-12T08:00:00.0;-0.036210231049250224
2018-12-12T09:00:00.0;-0.04350067936680434
2018-12-12T10:00:00.0;-0.04138998179288797
2018-12-12T11:00:00.0;-0.025802502977822255
2018-12-12T12:00:00.0;-0.01546900851994354
2018-12-12T13:00:00.0;-0.015689256488898837
2018-12-12T14:00:00.0;-0.01615873091103833
2018-12-12T15:00:00.0;-0.01697360913498669
2018-12-12T16:00:00.0;-0.029817756210997283
2018-12-12T17:00:00.0;-0.05095739754769472
2018-12-12T18:00:00.0;-0.05216976809982228
2018-12-12T19:00:00.0;-0.05314835491725497
2018-12-12T20:00:00.0;-0.052916393654442395
2018-12-12T21:00:00.0;-0.03876878246822926
2018-12-12T22:00:00.0;-0.009886663937983408
2018-12-12T23:00:00.0;-0.00936146269716692
2018-12-13T00:00:00.0;-0.008824854101175695
2018-12-13T01:00:00.0;-0.0046438869015553875
2018-12-13T02:00:00.0;-0.007656593557476805
2018-12-13T03:00:00.0;-0.007342957130529224
2018-12-13T04:00:00.0;-0.007491639466228662
2018-12-13T05:00:00.0;-0.007579934075832931
2018-12-13T06:00:00.0;-0.014408382677197086
2018-12-13T07:00:00.0;-0.017761900777644217
2018-12-13T08:00:00.0;-0.023366311979571362
2018-12-13T09:00:00.0;-0.043051855857726154
2018-12-13T10:00:00.0;-0.03469289377094135
2018-12-13T11:00:00.0;-0.02887856767460133
2018-12-13T12:00:00.0;-0.02634251765165611
2018-12-13T13:00:00.0;-0.026548440941740258
2018-12-13T14:00:00.0;-0.027228539323773948
2018-12-13T15:00:00.0;-0.028509624774418426
2018-12-13T16:00:00.0;-0.040116783689721054
2018-12-13T17:00:00.0;-0.04943362901437408
2018-12-13T18:00:00.0;-0.05103932463184304
2018-12-13T19:00:00.0;-0.05184537314359246
2018-12-13T20:00:00.0;-0.051560991356324005
2018-12-13T21:00:00.0;-0.04761400939707931
2018-12-13T22:00:00.0;-0.01709727734981422
2018-12-13T23:00:00.0;-0.009213991621005179
2018-12-14T00:00:00.0;-0.008963645858523031
2018-12-14T01:00:00.0;-0.006094674531484229
2018-12-14T02:00:00.0;-0.006102679996821495
2018-12-14T03:00:00.0;-0.005846829914566598
2018-12-14T04:00:00.0;-0.00754829374199805
2018-12-14T05:00:00.0;-0.007551852298658701
2018-12-14T06:00:00.0;-0.00810057358194189
2018-12-14T07:00:00.0;-0.020790555784665706
2018-12-14T08:00:00.0;-0.03163163403787199
2018-12-14T09:00:00.0;-0.04413442911772156
2018-12-14T10:00:00.0;-0.04211365356709007
2018-12-14T11:00:00.0;-0.031487037112089285
2018-12-14T12:00:00.0;-0.020110858665612345
2018-12-14T13:00:00.0;-0.020300147251536248
2018-12-14T14:00:00.0;-0.020821336523991776
2018-12-14T15:00:00.0;-0.021797601634260123
2018-12-14T16:00:00.0;-0.03585978025260277
2018-12-14T17:00:00.0;-0.05102500482147556
2018-12-14T18:00:00.0;-0.052160982067301284
2018-12-14T19:00:00.0;-0.053039795513714745
2018-12-14T20:00:00.0;-0.05281880108879231
2018-12-14T21:00:00.0;-0.03783039269999969
2018-12-14T22:00:00.0;-0.009912645529872489
2018-12-14T23:00:00.0;-0.009408166036202674
2018-12-15T00:00:00.0;-0.009118984546721406
2018-12-15T01:00:00.0;-0.007898031488568085
2018-12-15T02:00:00.0;-0.0028273831965730774
2018-12-15T03:00:00.0;-0.0026985749430451502
2018-12-15T04:00:00.0;-0.0076439778611968575
2018-12-15T05:00:00.0;-0.007663051934689702
2018-12-15T06:00:00.0;-0.008219474582920149
2018-12-15T07:00:00.0;-0.04067209934768636
2018-12-15T08:00:00.0;-0.041905975111832985
2018-12-15T09:00:00.0;-0.0450259276817278
2018-12-15T10:00:00.0;-0.04319055895472664
2018-12-15T11:00:00.0;-0.04144505121269652
2018-12-15T12:00:00.0;-0.012022835873002959
2018-12-15T13:00:00.0;-0.012110487872736398
2018-12-15T14:00:00.0;-0.012417390810430215
2018-12-15T15:00:00.0;-0.01305486274070435
2018-12-15T16:00:00.0;-0.04699894233939136
2018-12-15T17:00:00.0;-0.05229690056443173
2018-12-15T18:00:00.0;-0.053552656865837475
2018-12-15T19:00:00.0;-0.05444656637883609
2018-12-15T20:00:00.0;-0.05404611131877734
2018-12-15T21:00:00.0;-0.015858762165442426
2018-12-15T22:00:00.0;-0.010143116592993006
2018-12-15T23:00:00.0;-0.009559949729653093
2018-12-16T00:00:00.0;-0.008424589709447419
2018-12-16T01:00:00.0;-0.005800709516178273
2018-12-16T02:00:00.0;-0.006897116490001724
2018-12-16T03:00:00.0;-0.006596428829210245
2018-12-16T04:00:00.0;-0.007086157173225214
2018-12-16T05:00:00.0;-0.007068332129204484
2018-12-16T06:00:00.0;-0.02183508176802377
2018-12-16T07:00:00.0;-0.027225619208130113
2018-12-16T08:00:00.0;-0.02781959105124916
2018-12-16T09:00:00.0;-0.038555526629185134
2018-12-16T10:00:00.0;-0.033612413208196947
2018-12-16T11:00:00.0;-0.03293470959054038
2018-12-16T12:00:00.0;-0.028760682100345696
2018-12-16T13:00:00.0;-0.01826450630651644
2018-12-16T14:00:00.0;-0.01867851871239488
2018-12-16T15:00:00.0;-0.019541966377765917
2018-12-16T16:00:00.0;-0.030294483165606463
2018-12-16T17:00:00.0;-0.03293901570546044
2018-12-16T18:00:00.0;-0.034319658071937036
2018-12-16T19:00:00.0;-0.03527567736688573
2018-12-16T20:00:00.0;-0.035012916927520066
2018-12-16T21:00:00.0;-0.028991196744834875
2018-12-16T22:00:00.0;-0.013973718702393305
2018-12-16T23:00:00.0;-0.0063932444781323264
2018-12-17T00:00:00.0;-0.009126700287327
2018-12-17T01:00:00.0;-0.005351452550151589
2018-12-17T02:00:00.0;-0.005404784740545576
2018-12-17T03:00:00.0;-0.005159482062035592
2018-12-17T04:00:00.0;-0.0076373605764963335
2018-12-17T05:00:00.0;-0.007650875119751125
2018-12-17T06:00:00.0;-0.008179482609119453
2018-12-17T07:00:00.0;-0.025562672746423785
2018-12-17T08:00:00.0;-0.02739705884578213
2018-12-17T09:00:00.0;-0.04510493041654743
2018-12-17T10:00:00.0;-0.043233005750180804
2018-12-17T11:00:00.0;-0.04080429196792859
2018-12-17T12:00:00.0;-0.024779383059270854
2018-12-17T13:00:00.0;-0.02485519431420202
2018-12-17T14:00:00.0;-0.025359307254120785
2018-12-17T15:00:00.0;-0.026454936911775157
2018-12-17T16:00:00.0;-0.04559340299434131
2018-12-17T17:00:00.0;-0.05133953341298018
2018-12-17T18:00:00.0;-0.05239925389092584
2018-12-17T19:00:00.0;-0.053153104550127825
2018-12-17T20:00:00.0;-0.052913975736733274
2018-12-17T21:00:00.0;-0.03278588533880659
2018-12-17T22:00:00.0;-0.009987206753525765
2018-12-17T23:00:00.0;-0.009495130624824029
2018-12-18T00:00:00.0;-0.009112058208305606
2018-12-18T01:00:00.0;-0.008680610070750567
2018-12-18T02:00:00.0;-0.0020740570197223785
2018-12-18T03:00:00.0;-0.001980155877830143
2018-12-18T04:00:00.0;-0.007643442498120314
2018-12-18T05:00:00.0;-0.007663902477667332
2018-12-18T06:00:00.0;-0.008229236182371575
2018-12-18T07:00:00.0;-0.04508891032761058
2018-12-18T08:00:00.0;-0.046362863498389306
2018-12-18T09:00:00.0;-0.04497475500809048
2018-12-18T10:00:00.0;-0.04314614457031167
2018-12-18T11:00:00.0;-0.04136781344479807
2018-12-18T12:00:00.0;-0.008084676192295987
2018-12-18T13:00:00.0;-0.008155679828729489
2018-12-18T14:00:00.0;-0.008375353748861494
2018-12-18T15:00:00.0;-0.008826546503473752
2018-12-18T16:00:00.0;-0.04714412682677833
2018-12-18T17:00:00.0;-0.05257512581856856
2018-12-18T18:00:00.0;-0.05389179306442341
2018-12-18T19:00:00.0;-0.05483122558728368
2018-12-18T20:00:00.0;-0.054382899113970165
2018-12-18T21:00:00.0;-0.010761890345635213
2018-12-18T22:00:00.0;-0.010187764749956356
2018-12-18T23:00:00.0;-0.009576928930838955
2018-12-19T00:00:00.0;-0.009121227071519312
2018-12-19T01:00:00.0;-0.00764440058323407
2018-12-19T02:00:00.0;-0.003071234218659291
2018-12-19T03:00:00.0;-0.0029311609072857746
2018-12-19T04:00:00.0;-0.00764415117858628
2018-12-19T05:00:00.0;-0.007662776566068764
2018-12-19T06:00:00.0;-0.008216314199945576
2018-12-19T07:00:00.0;-0.03924428214973005
2018-12-19T08:00:00.0;-0.04046131167321921
2018-12-19T09:00:00.0;-0.04504249287722439
2018-12-19T10:00:00.0;-0.0432049378638034
2018-12-19T11:00:00.0;-0.04147006072955035
2018-12-19T12:00:00.0;-0.013300044192814142
2018-12-19T13:00:00.0;-0.013390690858826167
2018-12-19T14:00:00.0;-0.013722943411102606
2018-12-19T15:00:00.0;-0.014416181336889464
2018-12-19T16:00:00.0;-0.04695193216752928
2018-12-19T17:00:00.0;-0.052206823255890385
2018-12-19T18:00:00.0;-0.0534428552195874
2018-12-19T19:00:00.0;-0.05432202461667761
2018-12-19T20:00:00.0;-0.053937068144670156
2018-12-19T21:00:00.0;-0.017492689741215907
2018-12-19T22:00:00.0;-0.010128661313458461
2018-12-19T23:00:00.0;-0.009554452560576273
2018-12-20T00:00:00.0;-0.00912837019654621
2018-12-20T01:00:00.0;-0.006835670217873972
2018-12-20T02:00:00.0;-0.003847805570418176
2018-12-20T03:00:00.0;-0.003671969393596104
2018-12-20T04:00:00.0;-0.007644703195483491
2018-12-20T05:00:00.0;-0.007661899464830595
2018-12-20T06:00:00.0;-0.008206247768395245
2018-12-20T07:00:00.0;-0.03470343364873981
2018-12-20T08:00:00.0;-0.035854183840545034
2018-12-20T09:00:00.0;-0.04509524873536809
2018-12-20T10:00:00.0;-0.04325073569794254
2018-12-20T11:00:00.0;-0.04154973155655172
2018-12-20T12:00:00.0;-0.017375382103973082
2018-12-20T13:00:00.0;-0.017467757511218308
2018-12-20T14:00:00.0;-0.017871326443808674
2018-12-20T15:00:00.0;-0.018727377353982697
2018-12-20T16:00:00.0;-0.04680217700398531
2018-12-20T17:00:00.0;-0.051919909508031485
2018-12-20T18:00:00.0;-0.05309310255421251
2018-12-20T19:00:00.0;-0.05392531616339214
2018-12-20T20:00:00.0;-0.05358972536356112
2018-12-20T21:00:00.0;-0.02264418563604174
2018-12-20T22:00:00.0;-0.010082617991127309
2018-12-20T23:00:00.0;-0.009536942884586822
2018-12-21T00:00:00.0;-0.009169242842200073
2018-12-21T01:00:00.0;-0.002183609202400406
2018-12-21T02:00:00.0;-0.008286382027936544
2018-12-21T03:00:00.0;-0.007909417508304964
2018-12-21T04:00:00.0;-0.007647860295382263
2018-12-21T05:00:00.0;-0.007656881659595885
2018-12-21T06:00:00.0;-0.008148658379635625
2018-12-21T07:00:00.0;-0.008931147538342808
2018-12-21T08:00:00.0;-0.009333367744886866
2018-12-21T09:00:00.0;-0.04539684213230692
2018-12-21T10:00:00.0;-0.04351269013967973
2018-12-21T11:00:00.0;-0.042005835479109056
2018-12-21T12:00:00.0;-0.040900308536687274
2018-12-21T13:00:00.0;-0.04077401696496142
2018-12-21T14:00:00.0;-0.04130969752252121
2018-12-21T15:00:00.0;-0.04266369948945854
2018-12-21T16:00:00.0;-0.04594489135601725
2018-12-21T17:00:00.0;-0.05027849250531458
2018-12-21T18:00:00.0;-0.051091805364106034
2018-12-21T19:00:00.0;-0.05165522221873782
2018-12-21T20:00:00.0;-0.05160203947790135
2018-12-21T21:00:00.0;-0.05056801600172842
2018-12-21T22:00:00.0;-0.009819193763807677
2018-12-21T23:00:00.0;-0.009436767430568687
2018-12-22T00:00:00.0;-0.0088181331914258
2018-12-22T01:00:00.0;-0.0037181989280883013
2018-12-22T02:00:00.0;-0.007781802444648474
2018-12-22T03:00:00.0;-0.007428428516974413
2018-12-22T04:00:00.0;-0.007349622643470352
2018-12-22T05:00:00.0;-0.007308557041192607
2018-12-22T06:00:00.0;-0.01445212207478817
2018-12-22T07:00:00.0;-0.016731358955167665
2018-12-22T08:00:00.0;-0.01739498735989507
2018-12-22T09:00:00.0;-0.041965196150190745
2018-12-22T10:00:00.0;-0.040554779840186454
2018-12-22T11:00:00.0;-0.039503379835928845
2018-12-22T12:00:00.0;-0.03773872230932718
2018-12-22T13:00:00.0;-0.03088809853848801
2018-12-22T14:00:00.0;-0.031349158420594755
2018-12-22T15:00:00.0;-0.032469654778272385
2018-12-22T16:00:00.0;-0.036394634026836736
2018-12-22T17:00:00.0;-0.039746112766377545
2018-12-22T18:00:00.0;-0.04074088356031868
2018-12-22T19:00:00.0;-0.04154353149011959
2018-12-22T20:00:00.0;-0.04141764765081719
2018-12-22T21:00:00.0;-0.039249101414916894
2018-12-22T22:00:00.0;-0.009537037884053164
2018-12-22T23:00:00.0;-0.007610464299214268
2018-12-23T00:00:00.0;-0.008289828933323168
2018-12-23T01:00:00.0;-0.005437309748567466
2018-12-23T02:00:00.0;-0.007528181082651415
2018-12-23T03:00:00.0;-0.007193163025618328
2018-12-23T04:00:00.0;-0.006914506284989206
2018-12-23T05:00:00.0;-0.006810504141320673
2018-12-23T06:00:00.0;-0.022202829536580627
2018-12-23T07:00:00.0;-0.023386580934153713
2018-12-23T08:00:00.0;-0.024994056230151537
2018-12-23T09:00:00.0;-0.036933904735972786
2018-12-23T10:00:00.0;-0.03558261669896001
2018-12-23T11:00:00.0;-0.03430887841421101
2018-12-23T12:00:00.0;-0.034153412267538596
2018-12-23T13:00:00.0;-0.01919888619859491
2018-12-23T14:00:00.0;-0.019549454760635236
2018-12-23T15:00:00.0;-0.020338417853518285
2018-12-23T16:00:00.0;-0.022969547044585637
2018-12-23T17:00:00.0;-0.026094332634188446
2018-12-23T18:00:00.0;-0.027132618015526327
2018-12-23T19:00:00.0;-0.028024683893179553
2018-12-23T20:00:00.0;-0.02786251143284005
2018-12-23T21:00:00.0;-0.02723402276505057
2018-12-23T22:00:00.0;-0.009811552921468512
2018-12-23T23:00:00.0;-0.0052183824155908895
2018-12-24T00:00:00.0;-0.008227474314860046
2018-12-24T01:00:00.0;-0.006953235744183158
2018-12-24T02:00:00.0;-0.007005609491994266
2018-12-24T03:00:00.0;-0.006728487086396194
2018-12-24T04:00:00.0;-0.006999692564304806
2018-12-24T05:00:00.0;-0.0070105795573603335
2018-12-24T06:00:00.0;-0.0234269403396528
2018-12-24T07:00:00.0;-0.027441041598058553
2018-12-24T08:00:00.0;-0.033894481245158606
2018-12-24T09:00:00.0;-0.037378456642519056
2018-12-24T10:00:00.0;-0.030273041961897947
2018-12-24T11:00:00.0;-0.023930096018865296
2018-12-24T12:00:00.0;-0.021222280187505334
2018-12-24T13:00:00.0;-0.011581391539467654
2018-12-24T14:00:00.0;-0.01194539381559657
2018-12-24T15:00:00.0;-0.01259721495833917
2018-12-24T16:00:00.0;-0.0238068860480644
2018-12-24T17:00:00.0;-0.0333929371907688
2018-12-24T18:00:00.0;-0.03503232265975573
2018-12-24T19:00:00.0;-0.036104625985968815
2018-12-24T20:00:00.0;-0.0357837158617389
2018-12-24T21:00:00.0;-0.031166952181803178
2018-12-24T22:00:00.0;-0.016556972160463028
2018-12-24T23:00:00.0;-0.006434545837219524
2018-12-25T00:00:00.0;-0.008646418167576716
2018-12-25T01:00:00.0;-0.006196484778210269
2018-12-25T02:00:00.0;-0.005974488135965539
2018-12-25T03:00:00.0;-0.005713088910130775
2018-12-25T04:00:00.0;-0.007285726841421751
2018-12-25T05:00:00.0;-0.0073058367605616185
2018-12-25T06:00:00.0;-0.018366299109437687
2018-12-25T07:00:00.0;-0.030194068223617428
2018-12-25T08:00:00.0;-0.03088008707911874
2018-12-25T09:00:00.0;-0.04076452178906707
2018-12-25T10:00:00.0;-0.03520717555150177
2018-12-25T11:00:00.0;-0.03420363000992812
2018-12-25T12:00:00.0;-0.024048274597286597
2018-12-25T13:00:00.0;-0.017694732506763934
2018-12-25T14:00:00.0;-0.018126375753796928
2018-12-25T15:00:00.0;-0.019008271007990334
2018-12-25T16:00:00.0;-0.03661664438084443
2018-12-25T17:00:00.0;-0.04004256580474059
2018-12-25T18:00:00.0;-0.041534881149355087
2018-12-25T19:00:00.0;-0.042490034895051904
2018-12-25T20:00:00.0;-0.042166426885825156
2018-12-25T21:00:00.0;-0.02843078705500662
2018-12-25T22:00:00.0;-0.014508509318353286
2018-12-25T23:00:00.0;-0.0075865902017981796
2018-12-26T00:00:00.0;-0.008311506263964749
2018-12-26T01:00:00.0;-0.0055997683297244255
2018-12-26T02:00:00.0;-0.007596521514543282
2018-12-26T03:00:00.0;-0.007286156022421317
2018-12-26T04:00:00.0;-0.00708401097120653
2018-12-26T05:00:00.0;-0.007162349827842646
2018-12-26T06:00:00.0;-0.02576082759192081
2018-12-26T07:00:00.0;-0.02688544142516697
2018-12-26T08:00:00.0;-0.027119719565899945
2018-12-26T09:00:00.0;-0.038064258135459154
2018-12-26T10:00:00.0;-0.027471173958134736
2018-12-26T11:00:00.0;-0.026842082118007028
2018-12-26T12:00:00.0;-0.02667869538983584
2018-12-26T13:00:00.0;-0.018569762886670817
2018-12-26T14:00:00.0;-0.019090855476080172
2018-12-26T15:00:00.0;-0.020085014468722604
2018-12-26T16:00:00.0;-0.0327162061561295
2018-12-26T17:00:00.0;-0.035257374184435954
2018-12-26T18:00:00.0;-0.03711157544987501
2018-12-26T19:00:00.0;-0.038097155404896894
2018-12-26T20:00:00.0;-0.03773573978088228
2018-12-26T21:00:00.0;-0.03659480811080902
2018-12-26T22:00:00.0;-0.020642375771024284
2018-12-26T23:00:00.0;-0.006803681427432884
2018-12-27T00:00:00.0;-0.008620252103690855
2018-12-27T01:00:00.0;-0.00459781888904592
2018-12-27T02:00:00.0;-0.00786077003869133
2018-12-27T03:00:00.0;-0.007535526940266473
2018-12-27T04:00:00.0;-0.007340744171563193
2018-12-27T05:00:00.0;-0.00851885908652656
2018-12-27T06:00:00.0;-0.021024088917391905
2018-12-27T07:00:00.0;-0.022287107913323688
2018-12-27T08:00:00.0;-0.022640178018015825
2018-12-27T09:00:00.0;-0.041037814783696835
2018-12-27T10:00:00.0;-0.030634425294130407
2018-12-27T11:00:00.0;-0.02968240902448703
2018-12-27T12:00:00.0;-0.029267360032805296
2018-12-27T13:00:00.0;-0.026455880623565464
2018-12-27T14:00:00.0;-0.027132113061529576
2018-12-27T15:00:00.0;-0.02845127425513237
2018-12-27T16:00:00.0;-0.040659305574599666
2018-12-27T17:00:00.0;-0.043922409450171514
2018-12-27T18:00:00.0;-0.04573935423946262
2018-12-27T19:00:00.0;-0.04662605754620344
2018-12-27T20:00:00.0;-0.04632554428864955
2018-12-27T21:00:00.0;-0.04497458674827187
2018-12-27T22:00:00.0;-0.021107571188115612
2018-12-27T23:00:00.0;-0.008305597001260278
2018-12-28T00:00:00.0;-0.008733637637306502
2018-12-28T01:00:00.0;-0.003951902745040025
2018-12-28T02:00:00.0;-0.007776474130897574
2018-12-28T03:00:00.0;-0.007423594130280834
2018-12-28T04:00:00.0;-0.007276989082947342
2018-12-28T05:00:00.0;-0.0072234864113714685
2018-12-28T06:00:00.0;-0.015848458027780087
2018-12-28T07:00:00.0;-0.017788386279330718
2018-12-28T08:00:00.0;-0.018474071686422667
2018-12-28T09:00:00.0;-0.041136583188137996
2018-12-28T10:00:00.0;-0.0398406460888801
2018-12-28T11:00:00.0;-0.03890560789240991
2018-12-28T12:00:00.0;-0.0375901213956827
2018-12-28T13:00:00.0;-0.02919448402209917
2018-12-28T14:00:00.0;-0.029635307457257183
2018-12-28T15:00:00.0;-0.030704198652318892
2018-12-28T16:00:00.0;-0.034137003849581654
2018-12-28T17:00:00.0;-0.03724610994449794
2018-12-28T18:00:00.0;-0.03825598574515702
2018-12-28T19:00:00.0;-0.03908889774179212
2018-12-28T20:00:00.0;-0.038956731063992
2018-12-28T21:00:00.0;-0.037280345186901556
2018-12-28T22:00:00.0;-0.009461058616350604
2018-12-28T23:00:00.0;-0.007178112631031456
2018-12-29T00:00:00.0;-0.009164619818437397
2018-12-29T01:00:00.0;-0.0027118896894797466
2018-12-29T02:00:00.0;-0.00778476437505071
2018-12-29T03:00:00.0;-0.007430249846100989
2018-12-29T04:00:00.0;-0.007647503331536986
2018-12-29T05:00:00.0;-0.007657449134246741
2018-12-29T06:00:00.0;-0.008155171322757964
2018-12-29T07:00:00.0;-0.011828250827917582
2018-12-29T08:00:00.0;-0.012346661257723716
2018-12-29T09:00:00.0;-0.04536275283300667
2018-12-29T10:00:00.0;-0.043483069422562755
2018-12-29T11:00:00.0;-0.04195422675242111
2018-12-29T12:00:00.0;-0.03822186274388981
2018-12-29T13:00:00.0;-0.03813981611572854
2018-12-29T14:00:00.0;-0.038684112158645687
2018-12-29T15:00:00.0;-0.040018813023639306
2018-12-29T16:00:00.0;-0.046041890801960576
2018-12-29T17:00:00.0;-0.05046412509831608
2018-12-29T18:00:00.0;-0.0513181704957403
2018-12-29T19:00:00.0;-0.05191200047488828
2018-12-29T20:00:00.0;-0.05182688025316245
2018-12-29T21:00:00.0;-0.04754216895749557
2018-12-29T22:00:00.0;-0.009848986284119099
2018-12-29T23:00:00.0;-0.009448096870234372
2018-12-30T00:00:00.0;-0.008201556698927975
2018-12-30T01:00:00.0;-0.0057911111575518585
2018-12-30T02:00:00.0;-0.007477530960315338
2018-12-30T03:00:00.0;-0.007159072857554712
2018-12-30T04:00:00.0;-0.006920513349620835
2018-12-30T05:00:00.0;-0.0069030274171265225
2018-12-30T06:00:00.0;-0.025623103451311535
2018-12-30T07:00:00.0;-0.026684723047605195
2018-12-30T08:00:00.0;-0.027091426261482178
2018-12-30T09:00:00.0;-0.03654780653085891
2018-12-30T10:00:00.0;-0.03034483816886242
2018-12-30T11:00:00.0;-0.0299207286815354
2018-12-30T12:00:00.0;-0.029849267155120734
2018-12-30T13:00:00.0;-0.016958657396421575
2018-12-30T14:00:00.0;-0.017364277578248575
2018-12-30T15:00:00.0;-0.018189607572567313
2018-12-30T16:00:00.0;-0.026138630266218023
2018-12-30T17:00:00.0;-0.02823367523649993
2018-12-30T18:00:00.0;-0.029648234445574382
2018-12-30T19:00:00.0;-0.030599254602785928
2018-12-30T20:00:00.0;-0.030340907094970247
2018-12-30T21:00:00.0;-0.029525262128485646
2018-12-30T22:00:00.0;-0.015689702880335027
2018-12-30T23:00:00.0;-0.005586361581516486
2018-12-31T00:00:00.0;-0.008455764903178911
2018-12-31T01:00:00.0;-0.005360333256617032
2018-12-31T02:00:00.0;-0.007105530860284497
2018-12-31T03:00:00.0;-0.006784593817006422
2018-12-31T04:00:00.0;-0.007049791280439934
2018-12-31T05:00:00.0;-0.006965273667063203
2018-12-31T06:00:00.0;-0.020126866899790034
2018-12-31T07:00:00.0;-0.024375746019050622
2018-12-31T08:00:00.0;-0.02514296316972469
2018-12-31T09:00:00.0;-0.038468243805155844
2018-12-31T10:00:00.0;-0.0371484435260083
2018-12-31T11:00:00.0;-0.03654448821397227
2018-12-31T12:00:00.0;-0.03333327501272361
2018-12-31T13:00:00.0;-0.02057665793595016
2018-12-31T14:00:00.0;-0.020944261564093573
2018-12-31T15:00:00.0;-0.02178903812273468
2018-12-31T16:00:00.0;-0.02758730347101588
2018-12-31T17:00:00.0;-0.030070127551731527
2018-12-31T18:00:00.0;-0.031143533592744087
2018-12-31T19:00:00.0;-0.032050314850471745
2018-12-31T20:00:00.0;-0.031871991276982564
2018-12-31T21:00:00.0;-0.02740213309815331
2018-12-31T22:00:00.0;-0.00972023225749154
2018-12-31T23:00:00.0;-0.0059086369803278685
