timestamp;value
2021-01-01T00:00:00.0;-0.03237160905103248
2021-01-01T01:00:00.0;-0.030490250814012864
2021-01-01T02:00:00.0;-0.029789443560229546
2021-01-01T03:00:00.0;-0.02876151606643844
2021-01-01T04:00:00.0;-0.03683277601389698
2021-01-01T05:00:00.0;-0.036862106223349254
2021-01-01T06:00:00.0;-0.03849772029289781
2021-01-01T07:00:00.0;-0.04274016394270961
2021-01-01T08:00:00.0;-0.04222285322743554
2021-01-01T09:00:00.0;-0.031112351779307743
2021-01-01T10:00:00.0;-0.029159367556758103
2021-01-01T11:00:00.0;-0.027838213737644668
2021-01-01T12:00:00.0;-0.02512955008803748
2021-01-01T13:00:00.0;-0.025577273779578146
2021-01-01T14:00:00.0;-0.026651141082166645
2021-01-01T15:00:00.0;-0.0402980222914762
2021-01-01T16:00:00.0;-0.044622089307128306
2021-01-01T17:00:00.0;-0.04987556387573663
2021-01-01T18:00:00.0;-0.051841047136305385
2021-01-01T19:00:00.0;-0.053273516741824636
2021-01-01T20:00:00.0;-0.05298477873483283
2021-01-01T21:00:00.0;-0.05206604456380089
2021-01-01T22:00:00.0;-0.050406963229798374
2021-01-01T23:00:00.0;-0.04510849057233211
2021-01-02T00:00:00.0;-0.029312455539619076
2021-01-02T01:00:00.0;-0.028139858087794796
2021-01-02T02:00:00.0;-0.02701952023164764
2021-01-02T03:00:00.0;-0.0260915378706309
2021-01-02T04:00:00.0;-0.0388107572456646
2021-01-02T05:00:00.0;-0.03904245676567879
2021-01-02T06:00:00.0;-0.04090498648352041
2021-01-02T07:00:00.0;-0.04183306895647836
2021-01-02T08:00:00.0;-0.040573363115565614
2021-01-02T09:00:00.0;-0.024959473495788687
2021-01-02T10:00:00.0;-0.023267245636323847
2021-01-02T11:00:00.0;-0.02225043534024028
2021-01-02T12:00:00.0;-0.022231283254142722
2021-01-02T13:00:00.0;-0.022765649399442284
2021-01-02T14:00:00.0;-0.02384717270020078
2021-01-02T15:00:00.0;-0.039109987050965744
2021-01-02T16:00:00.0;-0.043614597681024235
2021-01-02T17:00:00.0;-0.04861416773299395
2021-01-02T18:00:00.0;-0.051056419770804586
2021-01-02T19:00:00.0;-0.05285034810664426
2021-01-02T20:00:00.0;-0.05245832522372228
2021-01-02T21:00:00.0;-0.05141641658332081
2021-01-02T22:00:00.0;-0.049754616449046586
2021-01-02T23:00:00.0;-0.047631416281029786
2021-01-03T00:00:00.0;-0.04436051846309398
2021-01-03T01:00:00.0;-0.010574854666912322
2021-01-03T02:00:00.0;-0.010341132384351862
2021-01-03T03:00:00.0;-0.00993956766632461
2021-01-03T04:00:00.0;-0.010824442539981844
2021-01-03T05:00:00.0;-0.010455578893552564
2021-01-03T06:00:00.0;-0.010331708880583095
2021-01-03T07:00:00.0;-0.011382602777016835
2021-01-03T08:00:00.0;-0.011345134294908526
2021-01-03T09:00:00.0;-0.0208515637072424
2021-01-03T10:00:00.0;-0.03644174801879903
2021-01-03T11:00:00.0;-0.009736205584264685
2021-01-03T12:00:00.0;-0.00871518216480656
2021-01-03T13:00:00.0;-0.008730389695434196
2021-01-03T14:00:00.0;-0.008965160159940713
2021-01-03T15:00:00.0;-0.01166039002580189
2021-01-03T16:00:00.0;-0.012546483318531023
2021-01-03T17:00:00.0;-0.014078710224453995
2021-01-03T18:00:00.0;-0.015036006620754617
2021-01-03T19:00:00.0;-0.015313964280671064
2021-01-03T20:00:00.0;-0.015372264847835002
2021-01-03T21:00:00.0;-0.015320075462870649
2021-01-03T22:00:00.0;-0.015058746178810785
2021-01-03T23:00:00.0;-0.00679623724973865
2021-01-04T00:00:00.0;-0.011323693521109053
2021-01-04T01:00:00.0;-0.002628534363078774
2021-01-04T02:00:00.0;-0.008940747541093067
2021-01-04T03:00:00.0;-0.008641281322363532
2021-01-04T04:00:00.0;-0.008363903423973975
2021-01-04T05:00:00.0;-0.00829303739455734
2021-01-04T06:00:00.0;-0.008556642362700139
2021-01-04T07:00:00.0;-0.043552521700447044
2021-01-04T08:00:00.0;-0.044980208011723755
2021-01-04T09:00:00.0;-0.0439635629712587
2021-01-04T10:00:00.0;-0.042093931799200526
2021-01-04T11:00:00.0;-0.0379312236720522
2021-01-04T12:00:00.0;-0.007577429367361116
2021-01-04T13:00:00.0;-0.007549724978353795
2021-01-04T14:00:00.0;-0.007813899281476484
2021-01-04T15:00:00.0;-0.040284926759259154
2021-01-04T16:00:00.0;-0.044452565061502816
2021-01-04T17:00:00.0;-0.05036239411570153
2021-01-04T18:00:00.0;-0.05171878665475258
2021-01-04T19:00:00.0;-0.052180241064437555
2021-01-04T20:00:00.0;-0.05256683694341356
2021-01-04T21:00:00.0;-0.051686515132027405
2021-01-04T22:00:00.0;-0.04990727986139019
2021-01-04T23:00:00.0;-0.00980301969096094
2021-01-05T00:00:00.0;-0.011382448199063342
2021-01-05T01:00:00.0;-0.004288213039854221
2021-01-05T02:00:00.0;-0.010519978182031098
2021-01-05T03:00:00.0;-0.010169425875755856
2021-01-05T04:00:00.0;-0.009846914738276237
2021-01-05T05:00:00.0;-0.00977570188497339
2021-01-05T06:00:00.0;-0.010109812422352545
2021-01-05T07:00:00.0;-0.04535154904620756
2021-01-05T08:00:00.0;-0.04685913152071896
2021-01-05T09:00:00.0;-0.04510774500725821
2021-01-05T10:00:00.0;-0.042243228830432945
2021-01-05T11:00:00.0;-0.03937092032552552
2021-01-05T12:00:00.0;-0.008936770195515741
2021-01-05T13:00:00.0;-0.008908748883991815
2021-01-05T14:00:00.0;-0.00922307440609615
2021-01-05T15:00:00.0;-0.04184946274910882
2021-01-05T16:00:00.0;-0.046209012267365
2021-01-05T17:00:00.0;-0.05234441739194725
2021-01-05T18:00:00.0;-0.05364597383641682
2021-01-05T19:00:00.0;-0.05412354878074664
2021-01-05T20:00:00.0;-0.05450115274148125
2021-01-05T21:00:00.0;-0.05356690287909303
2021-01-05T22:00:00.0;-0.051690671916220385
2021-01-05T23:00:00.0;-0.011918841481583078
2021-01-06T00:00:00.0;-0.026755283433597087
2021-01-06T01:00:00.0;-0.02187545556997001
2021-01-06T02:00:00.0;-0.024627050880979717
2021-01-06T03:00:00.0;-0.023786126819032048
2021-01-06T04:00:00.0;-0.023024478884769314
2021-01-06T05:00:00.0;-0.022843062962439698
2021-01-06T06:00:00.0;-0.0236773880575041
2021-01-06T07:00:00.0;-0.04483245963097689
2021-01-06T08:00:00.0;-0.04597882245991799
2021-01-06T09:00:00.0;-0.04441812315010029
2021-01-06T10:00:00.0;-0.041818821613534354
2021-01-06T11:00:00.0;-0.03944785139251485
2021-01-06T12:00:00.0;-0.02134622926109669
2021-01-06T13:00:00.0;-0.02140917526510148
2021-01-06T14:00:00.0;-0.02213309938687108
2021-01-06T15:00:00.0;-0.042227767193242186
2021-01-06T16:00:00.0;-0.046376227685494494
2021-01-06T17:00:00.0;-0.052280842688181256
2021-01-06T18:00:00.0;-0.05345398134125036
2021-01-06T19:00:00.0;-0.05408988239072414
2021-01-06T20:00:00.0;-0.05419943539362554
2021-01-06T21:00:00.0;-0.05340427594445688
2021-01-06T22:00:00.0;-0.051653884123948585
2021-01-06T23:00:00.0;-0.027994024547557613
2021-01-07T00:00:00.0;-0.022750022632207004
2021-01-07T01:00:00.0;-0.017304714879211983
2021-01-07T02:00:00.0;-0.02096303454838877
2021-01-07T03:00:00.0;-0.02025179529458818
2021-01-07T04:00:00.0;-0.019604963276556187
2021-01-07T05:00:00.0;-0.01945384305795518
2021-01-07T06:00:00.0;-0.020152284645290685
2021-01-07T07:00:00.0;-0.04496851824628512
2021-01-07T08:00:00.0;-0.0462095604835164
2021-01-07T09:00:00.0;-0.04459888015942479
2021-01-07T10:00:00.0;-0.04193006314882344
2021-01-07T11:00:00.0;-0.039427687003216985
2021-01-07T12:00:00.0;-0.018074559605652275
2021-01-07T13:00:00.0;-0.018099205333955322
2021-01-07T14:00:00.0;-0.018718100971223305
2021-01-07T15:00:00.0;-0.04212860990227267
2021-01-07T16:00:00.0;-0.04633239880767865
2021-01-07T17:00:00.0;-0.05229750626470595
2021-01-07T18:00:00.0;-0.05350430447885049
2021-01-07T19:00:00.0;-0.05409870667759657
2021-01-07T20:00:00.0;-0.054278518376476355
2021-01-07T21:00:00.0;-0.05344690194665195
2021-01-07T22:00:00.0;-0.051663526503542466
2021-01-07T23:00:00.0;-0.023808325356690276
2021-01-08T00:00:00.0;-0.035504659796343895
2021-01-08T01:00:00.0;-0.03183127374906621
2021-01-08T02:00:00.0;-0.03260216633975116
2021-01-08T03:00:00.0;-0.03147311443529001
2021-01-08T04:00:00.0;-0.030459642034146042
2021-01-08T05:00:00.0;-0.030208064437446943
2021-01-08T06:00:00.0;-0.031353197791730646
2021-01-08T07:00:00.0;-0.04453319567274568
2021-01-08T08:00:00.0;-0.04547130886879109
2021-01-08T09:00:00.0;-0.04402054381123792
2021-01-08T10:00:00.0;-0.041574143158296245
2021-01-08T11:00:00.0;-0.03949220335187599
2021-01-08T12:00:00.0;-0.028589896153942872
2021-01-08T13:00:00.0;-0.028773223459357036
2021-01-08T14:00:00.0;-0.029722331880809437
2021-01-08T15:00:00.0;-0.04244586548700848
2021-01-08T16:00:00.0;-0.046472630319558034
2021-01-08T17:00:00.0;-0.05224419077989919
2021-01-08T18:00:00.0;-0.05334329459824451
2021-01-08T19:00:00.0;-0.054070473215899126
2021-01-08T20:00:00.0;-0.054025491116248915
2021-01-08T21:00:00.0;-0.05331051953067472
2021-01-08T22:00:00.0;-0.051632675682316845
2021-01-08T23:00:00.0;-0.03713114464124062
2021-01-09T00:00:00.0;-0.029393113807380876
2021-01-09T01:00:00.0;-0.028216688170399188
2021-01-09T02:00:00.0;-0.02709290971013758
2021-01-09T03:00:00.0;-0.02616227839303647
2021-01-09T04:00:00.0;-0.038818748364398165
2021-01-09T05:00:00.0;-0.039047696797275294
2021-01-09T06:00:00.0;-0.04090900124152087
2021-01-09T07:00:00.0;-0.041843771408071405
2021-01-09T08:00:00.0;-0.04059300501846588
2021-01-09T09:00:00.0;-0.0250375964942243
2021-01-09T10:00:00.0;-0.023342252612135586
2021-01-09T11:00:00.0;-0.022322528204766608
2021-01-09T12:00:00.0;-0.022300762235636342
2021-01-09T13:00:00.0;-0.022835269619115812
2021-01-09T14:00:00.0;-0.023918226034099585
2021-01-09T15:00:00.0;-0.03912700216189937
2021-01-09T16:00:00.0;-0.04362859186274678
2021-01-09T17:00:00.0;-0.04863091542617073
2021-01-09T18:00:00.0;-0.05106640545461203
2021-01-09T19:00:00.0;-0.05285593161447972
2021-01-09T20:00:00.0;-0.05246453538093665
2021-01-09T21:00:00.0;-0.0514246738060558
2021-01-09T22:00:00.0;-0.04976326669474851
2021-01-09T23:00:00.0;-0.04764050971174314
2021-01-10T00:00:00.0;-0.03240379629693626
2021-01-10T01:00:00.0;-0.028944234554799844
2021-01-10T02:00:00.0;-0.029382261623526938
2021-01-10T03:00:00.0;-0.028367630681078455
2021-01-10T04:00:00.0;-0.03179787222297539
2021-01-10T05:00:00.0;-0.03165945580533841
2021-01-10T06:00:00.0;-0.032924531937861705
2021-01-10T07:00:00.0;-0.043240886323760976
2021-01-10T08:00:00.0;-0.04351733349700741
2021-01-10T09:00:00.0;-0.037454944936731155
2021-01-10T10:00:00.0;-0.03547837533388015
2021-01-10T11:00:00.0;-0.033375212765509664
2021-01-10T12:00:00.0;-0.02523828532070096
2021-01-10T13:00:00.0;-0.025510673062529774
2021-01-10T14:00:00.0;-0.026459169055667097
2021-01-10T15:00:00.0;-0.040946248585688065
2021-01-10T16:00:00.0;-0.04508296153352713
2021-01-10T17:00:00.0;-0.05057514307914566
2021-01-10T18:00:00.0;-0.05211234879712998
2021-01-10T19:00:00.0;-0.05314646527057985
2021-01-10T20:00:00.0;-0.05302234917803687
2021-01-10T21:00:00.0;-0.052210531609514825
2021-01-10T22:00:00.0;-0.05055412770559101
2021-01-10T23:00:00.0;-0.038741590940564244
2021-01-11T00:00:00.0;-0.01997254266831255
2021-01-11T01:00:00.0;-0.004192569795553763
2021-01-11T02:00:00.0;-0.008897803418060611
2021-01-11T03:00:00.0;-0.00858742030750514
2021-01-11T04:00:00.0;-0.008292611077157138
2021-01-11T05:00:00.0;-0.008164229202297807
2021-01-11T06:00:00.0;-0.008329666667998298
2021-01-11T07:00:00.0;-0.03408856393133706
2021-01-11T08:00:00.0;-0.03496218875502281
2021-01-11T09:00:00.0;-0.03770740781919015
2021-01-11T10:00:00.0;-0.04105740133465205
2021-01-11T11:00:00.0;-0.030457742805023447
2021-01-11T12:00:00.0;-0.007535549585642667
2021-01-11T13:00:00.0;-0.007514175826889206
2021-01-11T14:00:00.0;-0.007758887417474097
2021-01-11T15:00:00.0;-0.03233560194076975
2021-01-11T16:00:00.0;-0.03544198366542379
2021-01-11T17:00:00.0;-0.040071442644452636
2021-01-11T18:00:00.0;-0.04154208648997218
2021-01-11T19:00:00.0;-0.041990185705646686
2021-01-11T20:00:00.0;-0.04227623723554141
2021-01-11T21:00:00.0;-0.04171876282751585
2021-01-11T22:00:00.0;-0.040471416313066354
2021-01-11T23:00:00.0;-0.008053239002317207
2021-01-12T00:00:00.0;-0.009678240475925207
2021-01-12T01:00:00.0;-0.0023312911913894864
2021-01-12T02:00:00.0;-0.00894886495905722
2021-01-12T03:00:00.0;-0.0086514622808582
2021-01-12T04:00:00.0;-0.008377379321427982
2021-01-12T05:00:00.0;-0.008317385197011534
2021-01-12T06:00:00.0;-0.008599546281610469
2021-01-12T07:00:00.0;-0.04540858105464844
2021-01-12T08:00:00.0;-0.046955850449961097
2021-01-12T09:00:00.0;-0.04518351323438824
2021-01-12T10:00:00.0;-0.04228985811382877
2021-01-12T11:00:00.0;-0.039362467944141055
2021-01-12T12:00:00.0;-0.007585345662819966
2021-01-12T13:00:00.0;-0.0075564446296807405
2021-01-12T14:00:00.0;-0.007824297868232665
2021-01-12T15:00:00.0;-0.04180789859618131
2021-01-12T16:00:00.0;-0.046190640430796744
2021-01-12T17:00:00.0;-0.05235140230228444
2021-01-12T18:00:00.0;-0.053667067954363365
2021-01-12T19:00:00.0;-0.05412724769492303
2021-01-12T20:00:00.0;-0.05453430235343166
2021-01-12T21:00:00.0;-0.05358477070020557
2021-01-12T22:00:00.0;-0.051694713813701935
2021-01-12T23:00:00.0;-0.010135163404007507
2021-01-13T00:00:00.0;-0.018757496825470305
2021-01-13T01:00:00.0;-0.012501255508168788
2021-01-13T02:00:00.0;-0.017067356893849504
2021-01-13T03:00:00.0;-0.016491853054904013
2021-01-13T04:00:00.0;-0.01596696880105717
2021-01-13T05:00:00.0;-0.01584721273489423
2021-01-13T06:00:00.0;-0.016401282808834128
2021-01-13T07:00:00.0;-0.044795370225182006
2021-01-13T08:00:00.0;-0.04609726780937827
2021-01-13T09:00:00.0;-0.04443399793694672
2021-01-13T10:00:00.0;-0.04171834597475191
2021-01-13T11:00:00.0;-0.039110947745902194
2021-01-13T12:00:00.0;-0.014618447904764645
2021-01-13T13:00:00.0;-0.014616026817111593
2021-01-13T14:00:00.0;-0.015121491970194802
2021-01-13T15:00:00.0;-0.04173455171122357
2021-01-13T16:00:00.0;-0.046225612007586854
2021-01-13T17:00:00.0;-0.052235949577912215
2021-01-13T18:00:00.0;-0.053490112736209725
2021-01-13T19:00:00.0;-0.05405595313638372
2021-01-13T20:00:00.0;-0.05432092957093973
2021-01-13T21:00:00.0;-0.05345538928738893
2021-01-13T22:00:00.0;-0.05163922059809536
2021-01-13T23:00:00.0;-0.01963352148535412
2021-01-14T00:00:00.0;-0.019734237520316632
2021-01-14T01:00:00.0;-0.013857769385495064
2021-01-14T02:00:00.0;-0.01819881453381213
2021-01-14T03:00:00.0;-0.017584320209006125
2021-01-14T04:00:00.0;-0.017023750649673187
2021-01-14T05:00:00.0;-0.01689469897267303
2021-01-14T06:00:00.0;-0.01749343332132474
2021-01-14T07:00:00.0;-0.04507058235655186
2021-01-14T08:00:00.0;-0.0463826481405379
2021-01-14T09:00:00.0;-0.04473447463486483
2021-01-14T10:00:00.0;-0.04201351073329121
2021-01-14T11:00:00.0;-0.03941256071308087
2021-01-14T12:00:00.0;-0.015629194837318675
2021-01-14T13:00:00.0;-0.015631851643938193
2021-01-14T14:00:00.0;-0.01617087307789099
2021-01-14T15:00:00.0;-0.0420542271792825
2021-01-14T16:00:00.0;-0.04629952066620449
2021-01-14T17:00:00.0;-0.052310006414764326
2021-01-14T18:00:00.0;-0.053542054306789565
2021-01-14T19:00:00.0;-0.05410532620716404
2021-01-14T20:00:00.0;-0.054337842419483876
2021-01-14T21:00:00.0;-0.05347887784068538
2021-01-14T22:00:00.0;-0.05167075975110896
2021-01-14T23:00:00.0;-0.02065548062747269
2021-01-15T00:00:00.0;-0.03212044325840007
2021-01-15T01:00:00.0;-0.027985150039419954
2021-01-15T02:00:00.0;-0.029522167168935104
2021-01-15T03:00:00.0;-0.028505356385611712
2021-01-15T04:00:00.0;-0.027589454865482536
2021-01-15T05:00:00.0;-0.02736566984673181
2021-01-15T06:00:00.0;-0.028388287304393734
2021-01-15T07:00:00.0;-0.044649286094779396
2021-01-15T08:00:00.0;-0.0456681834784204
2021-01-15T09:00:00.0;-0.04417477276189875
2021-01-15T10:00:00.0;-0.04166905881717573
2021-01-15T11:00:00.0;-0.039474998358135414
2021-01-15T12:00:00.0;-0.025772171647298857
2021-01-15T13:00:00.0;-0.02590290179312835
2021-01-15T14:00:00.0;-0.026765608080436668
2021-01-15T15:00:00.0;-0.04236126089707837
2021-01-15T16:00:00.0;-0.04643523382018065
2021-01-15T17:00:00.0;-0.05225840878173678
2021-01-15T18:00:00.0;-0.05338623216049072
2021-01-15T19:00:00.0;-0.0540780024129043
2021-01-15T20:00:00.0;-0.05409296746700508
2021-01-15T21:00:00.0;-0.05334688943226895
2021-01-15T22:00:00.0;-0.05164090282669262
2021-01-15T23:00:00.0;-0.033598005627185054
2021-01-16T00:00:00.0;-0.010005039734391373
2021-01-16T01:00:00.0;-0.0033786520944916482
2021-01-16T02:00:00.0;-0.00925495593007289
2021-01-16T03:00:00.0;-0.008947358933452517
2021-01-16T04:00:00.0;-0.011397658048588605
2021-01-16T05:00:00.0;-0.011344360377601172
2021-01-16T06:00:00.0;-0.011751002005867208
2021-01-16T07:00:00.0;-0.044853517267142075
2021-01-16T08:00:00.0;-0.04595400442297787
2021-01-16T09:00:00.0;-0.04112628623066974
2021-01-16T10:00:00.0;-0.03841782625315458
2021-01-16T11:00:00.0;-0.03581467587449659
2021-01-16T12:00:00.0;-0.007766016982135153
2021-01-16T13:00:00.0;-0.0077624489590490215
2021-01-16T14:00:00.0;-0.008057100192153248
2021-01-16T15:00:00.0;-0.04120569666300404
2021-01-16T16:00:00.0;-0.04566184604677609
2021-01-16T17:00:00.0;-0.05165715934868496
2021-01-16T18:00:00.0;-0.05321725016633266
2021-01-16T19:00:00.0;-0.05389288962327503
2021-01-16T20:00:00.0;-0.054212103172468815
2021-01-16T21:00:00.0;-0.05321191011498458
2021-01-16T22:00:00.0;-0.051335206753716695
2021-01-16T23:00:00.0;-0.013809907998110492
2021-01-17T00:00:00.0;-0.009531551576350904
2021-01-17T01:00:00.0;-0.0030335104088916607
2021-01-17T02:00:00.0;-0.00881944171272611
2021-01-17T03:00:00.0;-0.008526581932214172
2021-01-17T04:00:00.0;-0.011798527556541477
2021-01-17T05:00:00.0;-0.011752526485046783
2021-01-17T06:00:00.0;-0.012179598041246763
2021-01-17T07:00:00.0;-0.04470668448308144
2021-01-17T08:00:00.0;-0.04568687471987236
2021-01-17T09:00:00.0;-0.03996486199158455
2021-01-17T10:00:00.0;-0.03730295564122518
2021-01-17T11:00:00.0;-0.034776190705348126
2021-01-17T12:00:00.0;-0.007372124813980468
2021-01-17T13:00:00.0;-0.00737461714451167
2021-01-17T14:00:00.0;-0.007660658929820607
2021-01-17T15:00:00.0;-0.0410113287598924
2021-01-17T16:00:00.0;-0.04549731575484353
2021-01-17T17:00:00.0;-0.05145169543010372
2021-01-17T18:00:00.0;-0.05308974145960422
2021-01-17T19:00:00.0;-0.053823985023829846
2021-01-17T20:00:00.0;-0.05412688574807476
2021-01-17T21:00:00.0;-0.05310634602102913
2021-01-17T22:00:00.0;-0.05122895338442128
2021-01-17T23:00:00.0;-0.014299739843179797
2021-01-18T00:00:00.0;-0.020706861742297283
2021-01-18T01:00:00.0;-0.006788450515852263
2021-01-18T02:00:00.0;-0.011253820644461869
2021-01-18T03:00:00.0;-0.010862986491906989
2021-01-18T04:00:00.0;-0.01049455109835121
2021-01-18T05:00:00.0;-0.01034627921210415
2021-01-18T06:00:00.0;-0.01058489049521807
2021-01-18T07:00:00.0;-0.03594613303254393
2021-01-18T08:00:00.0;-0.03687557503463614
2021-01-18T09:00:00.0;-0.038885548784121815
2021-01-18T10:00:00.0;-0.041203939233310206
2021-01-18T11:00:00.0;-0.03201603162447363
2021-01-18T12:00:00.0;-0.009564136434790529
2021-01-18T13:00:00.0;-0.00954509168119207
2021-01-18T14:00:00.0;-0.009858489271330659
2021-01-18T15:00:00.0;-0.03403290670015396
2021-01-18T16:00:00.0;-0.037321716453504364
2021-01-18T17:00:00.0;-0.04218081767254978
2021-01-18T18:00:00.0;-0.04362422785522449
2021-01-18T19:00:00.0;-0.044099398348741124
2021-01-18T20:00:00.0;-0.044369006143182226
2021-01-18T21:00:00.0;-0.043768969591740425
2021-01-18T22:00:00.0;-0.04243512350785667
2021-01-18T23:00:00.0;-0.011088459913612724
2021-01-19T00:00:00.0;-0.02123498945387058
2021-01-19T01:00:00.0;-0.004421104476118132
2021-01-19T02:00:00.0;-0.00889149545311686
2021-01-19T03:00:00.0;-0.008579508784435112
2021-01-19T04:00:00.0;-0.008282139120182315
2021-01-19T05:00:00.0;-0.008145308947598455
2021-01-19T06:00:00.0;-0.008296326977084536
2021-01-19T07:00:00.0;-0.032748762825247406
2021-01-19T08:00:00.0;-0.033552136129747986
2021-01-19T09:00:00.0;-0.03681648524722256
2021-01-19T10:00:00.0;-0.040905146549067954
2021-01-19T11:00:00.0;-0.02937391178518384
2021-01-19T12:00:00.0;-0.007529398006051659
2021-01-19T13:00:00.0;-0.007508954131186369
2021-01-19T14:00:00.0;-0.007750806917400428
2021-01-19T15:00:00.0;-0.03118321118388053
2021-01-19T16:00:00.0;-0.03414457756358852
2021-01-19T17:00:00.0;-0.038592647366304696
2021-01-19T18:00:00.0;-0.040065733364130086
2021-01-19T19:00:00.0;-0.04050902315052878
2021-01-19T20:00:00.0;-0.04078139553588976
2021-01-19T21:00:00.0;-0.04026520868448855
2021-01-19T22:00:00.0;-0.03908828258301298
2021-01-19T23:00:00.0;-0.00779726355194318
2021-01-20T00:00:00.0;-0.02278556563678551
2021-01-20T01:00:00.0;-0.004701881699083742
2021-01-20T02:00:00.0;-0.00888373382961631
2021-01-20T03:00:00.0;-0.00856977406566243
2021-01-20T04:00:00.0;-0.008269253925625216
2021-01-20T05:00:00.0;-0.008122028587321863
2021-01-20T06:00:00.0;-0.008255304307155877
2021-01-20T07:00:00.0;-0.031117901292830735
2021-01-20T08:00:00.0;-0.03183874717988468
2021-01-20T09:00:00.0;-0.035730103939215246
2021-01-20T10:00:00.0;-0.0407178045243084
2021-01-20T11:00:00.0;-0.028045211026430695
2021-01-20T12:00:00.0;-0.007521828823015992
2021-01-20T13:00:00.0;-0.007502529119188247
2021-01-20T14:00:00.0;-0.0077408643053144465
2021-01-20T15:00:00.0;-0.02977062080500525
2021-01-20T16:00:00.0;-0.032557374282571376
2021-01-20T17:00:00.0;-0.03678460270074876
2021-01-20T18:00:00.0;-0.03825565305302349
2021-01-20T19:00:00.0;-0.038692024096540725
2021-01-20T20:00:00.0;-0.03894794800117811
2021-01-20T21:00:00.0;-0.038480406936333936
2021-01-20T22:00:00.0;-0.0373874202561996
2021-01-20T23:00:00.0;-0.0074826666747449975
2021-01-21T00:00:00.0;-0.009465988315019342
2021-01-21T01:00:00.0;-0.004179911324714362
2021-01-21T02:00:00.0;-0.006940389862736103
2021-01-21T03:00:00.0;-0.006699422322100672
2021-01-21T04:00:00.0;-0.0065042307228890435
2021-01-21T05:00:00.0;-0.008244685302861952
2021-01-21T06:00:00.0;-0.008539303776581828
2021-01-21T07:00:00.0;-0.034648148905573085
2021-01-21T08:00:00.0;-0.035059362100610794
2021-01-21T09:00:00.0;-0.03351034435900311
2021-01-21T10:00:00.0;-0.0315386568993037
2021-01-21T11:00:00.0;-0.029694071138410116
2021-01-21T12:00:00.0;-0.0074245230987395015
2021-01-21T13:00:00.0;-0.007466236839522457
2021-01-21T14:00:00.0;-0.007758704464229401
2021-01-21T15:00:00.0;-0.03241177072362664
2021-01-21T16:00:00.0;-0.03582711966845413
2021-01-21T17:00:00.0;-0.05127910270308329
2021-01-21T18:00:00.0;-0.05284393771480645
2021-01-21T19:00:00.0;-0.05318156025892577
2021-01-21T20:00:00.0;-0.05333533982747908
2021-01-21T21:00:00.0;-0.05222027211469915
2021-01-21T22:00:00.0;-0.05040948651871611
2021-01-21T23:00:00.0;-0.009837399108188575
2021-01-22T00:00:00.0;-0.016257959231476753
2021-01-22T01:00:00.0;-0.005051089404559038
2021-01-22T02:00:00.0;-0.010257573012145312
2021-01-22T03:00:00.0;-0.00991182195320392
2021-01-22T04:00:00.0;-0.009603209284222666
2021-01-22T05:00:00.0;-0.009539639578253831
2021-01-22T06:00:00.0;-0.009808292677930586
2021-01-22T07:00:00.0;-0.03903180335969407
2021-01-22T08:00:00.0;-0.039798623900114787
2021-01-22T09:00:00.0;-0.03807453008615576
2021-01-22T10:00:00.0;-0.035734262969186484
2021-01-22T11:00:00.0;-0.03352256591321342
2021-01-22T12:00:00.0;-0.00851637434058673
2021-01-22T13:00:00.0;-0.008514856957139083
2021-01-22T14:00:00.0;-0.008812758259882798
2021-01-22T15:00:00.0;-0.03609127689655952
2021-01-22T16:00:00.0;-0.04496921570604232
2021-01-22T17:00:00.0;-0.050729857979806385
2021-01-22T18:00:00.0;-0.05227613856016382
2021-01-22T19:00:00.0;-0.05306117734374693
2021-01-22T20:00:00.0;-0.053669829538157424
2021-01-22T21:00:00.0;-0.052825345873961885
2021-01-22T22:00:00.0;-0.05098742109801038
2021-01-22T23:00:00.0;-0.01700914246602217
2021-01-23T00:00:00.0;-0.012649918889777975
2021-01-23T01:00:00.0;-0.005678101005739748
2021-01-23T02:00:00.0;-0.009310541185217652
2021-01-23T03:00:00.0;-0.008999452738266321
2021-01-23T04:00:00.0;-0.018311899707353328
2021-01-23T05:00:00.0;-0.018359837587486397
2021-01-23T06:00:00.0;-0.019054651510323505
2021-01-23T07:00:00.0;-0.040177542898137145
2021-01-23T08:00:00.0;-0.03979618434403842
2021-01-23T09:00:00.0;-0.027948297025465637
2021-01-23T10:00:00.0;-0.025978425422975935
2021-01-23T11:00:00.0;-0.02440918658522818
2021-01-23T12:00:00.0;-0.0074872039206902875
2021-01-23T13:00:00.0;-0.007568106027035188
2021-01-23T14:00:00.0;-0.007910150704826147
2021-01-23T15:00:00.0;-0.036682961076646314
2021-01-23T16:00:00.0;-0.04360875546727637
2021-01-23T17:00:00.0;-0.04898052358233952
2021-01-23T18:00:00.0;-0.051320494645426325
2021-01-23T19:00:00.0;-0.05271997344859785
2021-01-23T20:00:00.0;-0.05293860446639454
2021-01-23T21:00:00.0;-0.05184530274016534
2021-01-23T22:00:00.0;-0.05001860436755274
2021-01-23T23:00:00.0;-0.02501250129313881
2021-01-24T00:00:00.0;-0.008883756169467814
2021-01-24T01:00:00.0;-0.005857771121158634
2021-01-24T02:00:00.0;-0.008247610081747212
2021-01-24T03:00:00.0;-0.007974774036447018
2021-01-24T04:00:00.0;-0.025453872028038005
2021-01-24T05:00:00.0;-0.025744553127744967
2021-01-24T06:00:00.0;-0.027037004343492457
2021-01-24T07:00:00.0;-0.04131716153016652
2021-01-24T08:00:00.0;-0.03981982140488135
2021-01-24T09:00:00.0;-0.019986495151719633
2021-01-24T10:00:00.0;-0.018382270573769247
2021-01-24T11:00:00.0;-0.017285713984418184
2021-01-24T12:00:00.0;-0.00642690692184082
2021-01-24T13:00:00.0;-0.006566099748404088
2021-01-24T14:00:00.0;-0.006931501794801929
2021-01-24T15:00:00.0;-0.03722887488879035
2021-01-24T16:00:00.0;-0.04213808995148526
2021-01-24T17:00:00.0;-0.047149215023749635
2021-01-24T18:00:00.0;-0.05018475424745934
2021-01-24T19:00:00.0;-0.05244181184400556
2021-01-24T20:00:00.0;-0.051986079684508885
2021-01-24T21:00:00.0;-0.050682825905397834
2021-01-24T22:00:00.0;-0.048872124418461484
2021-01-24T23:00:00.0;-0.0311196317458675
2021-01-25T00:00:00.0;-0.03492229045035023
2021-01-25T01:00:00.0;-0.014522767388458493
2021-01-25T02:00:00.0;-0.01612523409850166
2021-01-25T03:00:00.0;-0.015536762700674271
2021-01-25T04:00:00.0;-0.014971208724983887
2021-01-25T05:00:00.0;-0.014644037940668056
2021-01-25T06:00:00.0;-0.014811509737596533
2021-01-25T07:00:00.0;-0.026483283013824813
2021-01-25T08:00:00.0;-0.026877945504529065
2021-01-25T09:00:00.0;-0.03246802492081843
2021-01-25T10:00:00.0;-0.039974155471450404
2021-01-25T11:00:00.0;-0.02437658243570969
2021-01-25T12:00:00.0;-0.013791829759032067
2021-01-25T13:00:00.0;-0.01380613302299693
2021-01-25T14:00:00.0;-0.014217435903525723
2021-01-25T15:00:00.0;-0.025968145179936755
2021-01-25T16:00:00.0;-0.0282192303134142
2021-01-25T17:00:00.0;-0.03176616791737356
2021-01-25T18:00:00.0;-0.03315994790284048
2021-01-25T19:00:00.0;-0.033622748824550276
2021-01-25T20:00:00.0;-0.033747289922382226
2021-01-25T21:00:00.0;-0.03344877131498181
2021-01-25T22:00:00.0;-0.032616080415792476
2021-01-25T23:00:00.0;-0.014896490329810429
2021-01-26T00:00:00.0;-0.019771026868574276
2021-01-26T01:00:00.0;-0.0075895368634399905
2021-01-26T02:00:00.0;-0.012023275070705199
2021-01-26T03:00:00.0;-0.011615162546544768
2021-01-26T04:00:00.0;-0.011255236687519125
2021-01-26T05:00:00.0;-0.011182008249761118
2021-01-26T06:00:00.0;-0.011478398950937047
2021-01-26T07:00:00.0;-0.03703552671618534
2021-01-26T08:00:00.0;-0.037555235785507846
2021-01-26T09:00:00.0;-0.03586981044882063
2021-01-26T10:00:00.0;-0.033715459049642654
2021-01-26T11:00:00.0;-0.03175297692291502
2021-01-26T12:00:00.0;-0.009934468722786095
2021-01-26T13:00:00.0;-0.00995104319645705
2021-01-26T14:00:00.0;-0.01029614394423749
2021-01-26T15:00:00.0;-0.03436633673694596
2021-01-26T16:00:00.0;-0.044597389953593955
2021-01-26T17:00:00.0;-0.050208281362321146
2021-01-26T18:00:00.0;-0.05181528821879584
2021-01-26T19:00:00.0;-0.052719067521193014
2021-01-26T20:00:00.0;-0.05336555840393843
2021-01-26T21:00:00.0;-0.05256807317269672
2021-01-26T22:00:00.0;-0.050759033145802664
2021-01-26T23:00:00.0;-0.020676206974586414
2021-01-27T00:00:00.0;-0.021387420412670607
2021-01-27T01:00:00.0;-0.009257961091378922
2021-01-27T02:00:00.0;-0.01332813942827541
2021-01-27T03:00:00.0;-0.01287445211111736
2021-01-27T04:00:00.0;-0.012475446191676792
2021-01-27T05:00:00.0;-0.012393831326594355
2021-01-27T06:00:00.0;-0.012721895543847348
2021-01-27T07:00:00.0;-0.036749383129980794
2021-01-27T08:00:00.0;-0.03721483063565891
2021-01-27T09:00:00.0;-0.035547177726103996
2021-01-27T10:00:00.0;-0.033433609068304
2021-01-27T11:00:00.0;-0.031535285581580856
2021-01-27T12:00:00.0;-0.011023746643182612
2021-01-27T13:00:00.0;-0.01105029814265432
2021-01-27T14:00:00.0;-0.011431744243462973
2021-01-27T15:00:00.0;-0.034173546627675924
2021-01-27T16:00:00.0;-0.04456304189226943
2021-01-27T17:00:00.0;-0.05013684474006669
2021-01-27T18:00:00.0;-0.051741574816409584
2021-01-27T19:00:00.0;-0.05267283808980075
2021-01-27T20:00:00.0;-0.053303243181842784
2021-01-27T21:00:00.0;-0.052522597632809975
2021-01-27T22:00:00.0;-0.05072705524655452
2021-01-27T23:00:00.0;-0.022363977089574567
2021-01-28T00:00:00.0;-0.043914597607287276
2021-01-28T01:00:00.0;-0.03127489539243327
2021-01-28T02:00:00.0;-0.030512214349925165
2021-01-28T03:00:00.0;-0.029404864162942836
2021-01-28T04:00:00.0;-0.028612615217289306
2021-01-28T05:00:00.0;-0.02812929294434393
2021-01-28T06:00:00.0;-0.02877990558714174
2021-01-28T07:00:00.0;-0.032877929652867115
2021-01-28T08:00:00.0;-0.03325934934981793
2021-01-28T09:00:00.0;-0.03608780809559279
2021-01-28T10:00:00.0;-0.0400018073938677
2021-01-28T11:00:00.0;-0.02980964783614551
2021-01-28T12:00:00.0;-0.026641131845153886
2021-01-28T13:00:00.0;-0.026826693530443375
2021-01-28T14:00:00.0;-0.02764265298412339
2021-01-28T15:00:00.0;-0.03227433540884936
2021-01-28T16:00:00.0;-0.035073155482268664
2021-01-28T17:00:00.0;-0.039340332182737164
2021-01-28T18:00:00.0;-0.040675293764796
2021-01-28T19:00:00.0;-0.04132578272657417
2021-01-28T20:00:00.0;-0.041279184700925425
2021-01-28T21:00:00.0;-0.04090190804921691
2021-01-28T22:00:00.0;-0.03983519973837732
2021-01-28T23:00:00.0;-0.03297310126920171
2021-01-29T00:00:00.0;-0.022689173778598266
2021-01-29T01:00:00.0;-0.006383070193735392
2021-01-29T02:00:00.0;-0.007076031324623206
2021-01-29T03:00:00.0;-0.006815680375455711
2021-01-29T04:00:00.0;-0.00659131198578351
2021-01-29T05:00:00.0;-0.008050833539364591
2021-01-29T06:00:00.0;-0.008191175575288168
2021-01-29T07:00:00.0;-0.02173801792810421
2021-01-29T08:00:00.0;-0.021767754510503032
2021-01-29T09:00:00.0;-0.025688015292340372
2021-01-29T10:00:00.0;-0.03124735677254492
2021-01-29T11:00:00.0;-0.01942408733571304
2021-01-29T12:00:00.0;-0.007374712899390388
2021-01-29T13:00:00.0;-0.0074194947762463
2021-01-29T14:00:00.0;-0.0076792420303706975
2021-01-29T15:00:00.0;-0.02114263089123412
2021-01-29T16:00:00.0;-0.0231246009118101
2021-01-29T17:00:00.0;-0.03566379245223449
2021-01-29T18:00:00.0;-0.037295095505966824
2021-01-29T19:00:00.0;-0.03765019729501242
2021-01-29T20:00:00.0;-0.037738062712461884
2021-01-29T21:00:00.0;-0.03717431878065475
2021-01-29T22:00:00.0;-0.036152124175698165
2021-01-29T23:00:00.0;-0.007210529586996672
2021-01-30T00:00:00.0;-0.013069798185705144
2021-01-30T01:00:00.0;-0.004599037964649409
2021-01-30T02:00:00.0;-0.008601200404183463
2021-01-30T03:00:00.0;-0.008309439930779585
2021-01-30T04:00:00.0;-0.011203936149678313
2021-01-30T05:00:00.0;-0.01115467232945063
2021-01-30T06:00:00.0;-0.01148839620581032
2021-01-30T07:00:00.0;-0.03408943860514043
2021-01-30T08:00:00.0;-0.03418771706293942
2021-01-30T09:00:00.0;-0.030694264512184228
2021-01-30T10:00:00.0;-0.030637155865031875
2021-01-30T11:00:00.0;-0.025183947424700474
2021-01-30T12:00:00.0;-0.006286993252573445
2021-01-30T13:00:00.0;-0.00631279556760372
2021-01-30T14:00:00.0;-0.007404439500130986
2021-01-30T15:00:00.0;-0.031658150253464835
2021-01-30T16:00:00.0;-0.03512397743780136
2021-01-30T17:00:00.0;-0.03941724384890616
2021-01-30T18:00:00.0;-0.041143646622816006
2021-01-30T19:00:00.0;-0.041986899920209736
2021-01-30T20:00:00.0;-0.04235499495287028
2021-01-30T21:00:00.0;-0.041605955862367386
2021-01-30T22:00:00.0;-0.040192245436209556
2021-01-30T23:00:00.0;-0.01288203267902304
2021-01-31T00:00:00.0;-0.015285854998998798
2021-01-31T01:00:00.0;-0.010927319383931803
2021-01-31T02:00:00.0;-0.01366045992042119
2021-01-31T03:00:00.0;-0.013198568734527367
2021-01-31T04:00:00.0;-0.012776644001423107
2021-01-31T05:00:00.0;-0.012705125775628915
2021-01-31T06:00:00.0;-0.01618204322747445
2021-01-31T07:00:00.0;-0.029991926161360066
2021-01-31T08:00:00.0;-0.030026873141313568
2021-01-31T09:00:00.0;-0.028588877115255113
2021-01-31T10:00:00.0;-0.026907856889070433
2021-01-31T11:00:00.0;-0.024945774630129095
2021-01-31T12:00:00.0;-0.01083212375447582
2021-01-31T13:00:00.0;-0.010867955272969758
2021-01-31T14:00:00.0;-0.011337160820614594
2021-01-31T15:00:00.0;-0.027411478548809712
2021-01-31T16:00:00.0;-0.030737357903507966
2021-01-31T17:00:00.0;-0.034581945757009715
2021-01-31T18:00:00.0;-0.03615909741052298
2021-01-31T19:00:00.0;-0.0506058346814577
2021-01-31T20:00:00.0;-0.03797774873432565
2021-01-31T21:00:00.0;-0.0378393060875226
2021-01-31T22:00:00.0;-0.03652700992408036
2021-01-31T23:00:00.0;-0.01563453883960347
2021-02-01T00:00:00.0;-0.024341820284288333
2021-02-01T01:00:00.0;-0.02134766809527836
2021-02-01T02:00:00.0;-0.02245322524948064
2021-02-01T03:00:00.0;-0.0216892242448281
2021-02-01T04:00:00.0;-0.030011858398115307
2021-02-01T05:00:00.0;-0.03004394947722251
2021-02-01T06:00:00.0;-0.031333914706801
2021-02-01T07:00:00.0;-0.043032968725775354
2021-02-01T08:00:00.0;-0.0427201688237748
2021-02-01T09:00:00.0;-0.031450892202514784
2021-02-01T10:00:00.0;-0.029382706250834383
2021-02-01T11:00:00.0;-0.027844843423865343
2021-02-01T12:00:00.0;-0.018722402093562858
2021-02-01T13:00:00.0;-0.018989142618152512
2021-02-01T14:00:00.0;-0.019803193079446987
2021-02-01T15:00:00.0;-0.040097200952787765
2021-02-01T16:00:00.0;-0.04453660415776978
2021-02-01T17:00:00.0;-0.04991924528390573
2021-02-01T18:00:00.0;-0.05195239729643763
2021-02-01T19:00:00.0;-0.053294982919263906
2021-02-01T20:00:00.0;-0.05315496123068503
2021-02-01T21:00:00.0;-0.052160258014478114
2021-02-01T22:00:00.0;-0.05043170470617708
2021-02-01T23:00:00.0;-0.03665818401479416
2021-02-02T00:00:00.0;-0.046827095058369315
2021-02-02T01:00:00.0;-0.020932031501036626
2021-02-02T02:00:00.0;-0.020135293001073303
2021-02-02T03:00:00.0;-0.01936954845844759
2021-02-02T04:00:00.0;-0.01862233998188529
2021-02-02T05:00:00.0;-0.01808877059750778
2021-02-02T06:00:00.0;-0.01810732277664231
2021-02-02T07:00:00.0;-0.018932304297544954
2021-02-02T08:00:00.0;-0.019021865888536937
2021-02-02T09:00:00.0;-0.02729337733242427
2021-02-02T10:00:00.0;-0.03892107443807344
2021-02-02T11:00:00.0;-0.017951228124113816
2021-02-02T12:00:00.0;-0.01731477672964181
2021-02-02T13:00:00.0;-0.01737724625226663
2021-02-02T14:00:00.0;-0.017849725173660617
2021-02-02T15:00:00.0;-0.019158439343110904
2021-02-02T16:00:00.0;-0.02065343026081251
2021-02-02T17:00:00.0;-0.02316755527003402
2021-02-02T18:00:00.0;-0.024384911547624656
2021-02-02T19:00:00.0;-0.02479046226279546
2021-02-02T20:00:00.0;-0.024830887341949014
2021-02-02T21:00:00.0;-0.024712890810187224
2021-02-02T22:00:00.0;-0.02421738346258865
2021-02-02T23:00:00.0;-0.018009965258577034
2021-02-03T00:00:00.0;-0.020506960323352072
2021-02-03T01:00:00.0;-0.004312665690336042
2021-02-03T02:00:00.0;-0.008642258808301944
2021-02-03T03:00:00.0;-0.00834747663073067
2021-02-03T04:00:00.0;-0.00809388226321277
2021-02-03T05:00:00.0;-0.008047033403673303
2021-02-03T06:00:00.0;-0.008211177196895708
2021-02-03T07:00:00.0;-0.03188523788198191
2021-02-03T08:00:00.0;-0.03197027731574522
2021-02-03T09:00:00.0;-0.03031829858450543
2021-02-03T10:00:00.0;-0.02852321508431502
2021-02-03T11:00:00.0;-0.02696047271590337
2021-02-03T12:00:00.0;-0.006951843600057706
2021-02-03T13:00:00.0;-0.006973467000155404
2021-02-03T14:00:00.0;-0.007215785574246899
2021-02-03T15:00:00.0;-0.029499781639321463
2021-02-03T16:00:00.0;-0.043454850208397754
2021-02-03T17:00:00.0;-0.048784400886696125
2021-02-03T18:00:00.0;-0.05063864661713795
2021-02-03T19:00:00.0;-0.05178030317814328
2021-02-03T20:00:00.0;-0.05269362678133033
2021-02-03T21:00:00.0;-0.051944458405458846
2021-02-03T22:00:00.0;-0.05014090792682668
2021-02-03T23:00:00.0;-0.02143200342243108
2021-02-04T00:00:00.0;-0.027119885594501902
2021-02-04T01:00:00.0;-0.014658850673860932
2021-02-04T02:00:00.0;-0.017177725259091642
2021-02-04T03:00:00.0;-0.0165860273566979
2021-02-04T04:00:00.0;-0.016073786634432163
2021-02-04T05:00:00.0;-0.015972568594472106
2021-02-04T06:00:00.0;-0.01668451120920958
2021-02-04T07:00:00.0;-0.03325391279375171
2021-02-04T08:00:00.0;-0.033327865461140124
2021-02-04T09:00:00.0;-0.03173492117947492
2021-02-04T10:00:00.0;-0.029907868357553897
2021-02-04T11:00:00.0;-0.028409307105462467
2021-02-04T12:00:00.0;-0.014076702914209469
2021-02-04T13:00:00.0;-0.014160205547466881
2021-02-04T14:00:00.0;-0.014652327639155752
2021-02-04T15:00:00.0;-0.03109695982629811
2021-02-04T16:00:00.0;-0.04264707112229714
2021-02-04T17:00:00.0;-0.047811972849706535
2021-02-04T18:00:00.0;-0.0495008842633332
2021-02-04T19:00:00.0;-0.05202316816690424
2021-02-04T20:00:00.0;-0.051324960768221004
2021-02-04T21:00:00.0;-0.05070197351047044
2021-02-04T22:00:00.0;-0.049004474960007885
2021-02-04T23:00:00.0;-0.028390095984289536
2021-02-05T00:00:00.0;-0.02595980287124393
2021-02-05T01:00:00.0;-0.018876672467263805
2021-02-05T02:00:00.0;-0.020196734635301215
2021-02-05T03:00:00.0;-0.019504899089101427
2021-02-05T04:00:00.0;-0.025749840487916457
2021-02-05T05:00:00.0;-0.025734972474269698
2021-02-05T06:00:00.0;-0.026660579667778912
2021-02-05T07:00:00.0;-0.038551819213398446
2021-02-05T08:00:00.0;-0.0381725492663918
2021-02-05T09:00:00.0;-0.02943490162922166
2021-02-05T10:00:00.0;-0.027671184374962327
2021-02-05T11:00:00.0;-0.026154763142573565
2021-02-05T12:00:00.0;-0.016622388983446933
2021-02-05T13:00:00.0;-0.016841440809552348
2021-02-05T14:00:00.0;-0.017528404346733337
2021-02-05T15:00:00.0;-0.035969624002804436
2021-02-05T16:00:00.0;-0.04378025746096574
2021-02-05T17:00:00.0;-0.04900944340964624
2021-02-05T18:00:00.0;-0.051054909742158525
2021-02-05T19:00:00.0;-0.05243825092841084
2021-02-05T20:00:00.0;-0.052583044303618404
2021-02-05T21:00:00.0;-0.05168871317950381
2021-02-05T22:00:00.0;-0.04997505707476965
2021-02-05T23:00:00.0;-0.035427240323004865
2021-02-06T00:00:00.0;-0.04723910884539811
2021-02-06T01:00:00.0;-0.009142584578393034
2021-02-06T02:00:00.0;-0.008759214731661183
2021-02-06T03:00:00.0;-0.008413600727108336
2021-02-06T04:00:00.0;-0.00806253855195002
2021-02-06T05:00:00.0;-0.007748548361766781
2021-02-06T06:00:00.0;-0.007597194435562074
2021-02-06T07:00:00.0;-0.007623198867134372
2021-02-06T08:00:00.0;-0.007610384703165675
2021-02-06T09:00:00.0;-0.019787601917833318
2021-02-06T10:00:00.0;-0.03771222933374694
2021-02-06T11:00:00.0;-0.0074676687347883216
2021-02-06T12:00:00.0;-0.0074003995063629145
2021-02-06T13:00:00.0;-0.007399455219207154
2021-02-06T14:00:00.0;-0.007581359389577874
2021-02-06T15:00:00.0;-0.007918077555503332
2021-02-06T16:00:00.0;-0.008479901313721823
2021-02-06T17:00:00.0;-0.009518460799938962
2021-02-06T18:00:00.0;-0.010196507210547365
2021-02-06T19:00:00.0;-0.010370887348057082
2021-02-06T20:00:00.0;-0.010420702661366429
2021-02-06T21:00:00.0;-0.010408298957881462
2021-02-06T22:00:00.0;-0.010253270589366918
2021-02-06T23:00:00.0;-0.002491069517259645
2021-02-07T00:00:00.0;-0.04239812839792025
2021-02-07T01:00:00.0;-0.009025030103304216
2021-02-07T02:00:00.0;-0.007972814352057945
2021-02-07T03:00:00.0;-0.007659144814133832
2021-02-07T04:00:00.0;-0.0073564660220417025
2021-02-07T05:00:00.0;-0.0077880126116340615
2021-02-07T06:00:00.0;-0.007694234759430901
2021-02-07T07:00:00.0;-0.008002582439454887
2021-02-07T08:00:00.0;-0.007944220648962112
2021-02-07T09:00:00.0;-0.018570800468523888
2021-02-07T10:00:00.0;-0.03417638496274183
2021-02-07T11:00:00.0;-0.00768257965415612
2021-02-07T12:00:00.0;-0.007357636828624578
2021-02-07T13:00:00.0;-0.007381921254245567
2021-02-07T14:00:00.0;-0.007584214567925615
2021-02-07T15:00:00.0;-0.008241681525907806
2021-02-07T16:00:00.0;-0.008863430028524799
2021-02-07T17:00:00.0;-0.01417461630850445
2021-02-07T18:00:00.0;-0.01513668034053288
2021-02-07T19:00:00.0;-0.01536604503774766
2021-02-07T20:00:00.0;-0.015415227025021723
2021-02-07T21:00:00.0;-0.015344971653338006
2021-02-07T22:00:00.0;-0.015084270467287119
2021-02-07T23:00:00.0;-0.003363221031995538
2021-02-08T00:00:00.0;-0.023898538538777454
2021-02-08T01:00:00.0;-0.008077619670059847
2021-02-08T02:00:00.0;-0.005493482539708088
2021-02-08T03:00:00.0;-0.005282583310320028
2021-02-08T04:00:00.0;-0.005117394602541363
2021-02-08T05:00:00.0;-0.007965992100772224
2021-02-08T06:00:00.0;-0.008097092764415075
2021-02-08T07:00:00.0;-0.012308378406987338
2021-02-08T08:00:00.0;-0.012053941115638565
2021-02-08T09:00:00.0;-0.01652778544259678
2021-02-08T10:00:00.0;-0.023153715242694946
2021-02-08T11:00:00.0;-0.010957093618130428
2021-02-08T12:00:00.0;-0.007235103044633157
2021-02-08T13:00:00.0;-0.0073388006521519795
2021-02-08T14:00:00.0;-0.007614798936971533
2021-02-08T15:00:00.0;-0.012209363081009188
2021-02-08T16:00:00.0;-0.013340633912319398
2021-02-08T17:00:00.0;-0.03314066725811654
2021-02-08T18:00:00.0;-0.03489255847451973
2021-02-08T19:00:00.0;-0.035174271228138716
2021-02-08T20:00:00.0;-0.035111923528947785
2021-02-08T21:00:00.0;-0.03451126296535694
2021-02-08T22:00:00.0;-0.03361828572031816
2021-02-08T23:00:00.0;-0.006705224895527531
2021-02-09T00:00:00.0;-0.013211128749712708
2021-02-09T01:00:00.0;-0.006999340630359494
2021-02-09T02:00:00.0;-0.01044808498931098
2021-02-09T03:00:00.0;-0.010096417220799483
2021-02-09T04:00:00.0;-0.009778244474649176
2021-02-09T05:00:00.0;-0.009729819790847373
2021-02-09T06:00:00.0;-0.012828642498126704
2021-02-09T07:00:00.0;-0.02969460103588274
2021-02-09T08:00:00.0;-0.02971501992425804
2021-02-09T09:00:00.0;-0.02805170956723839
2021-02-09T10:00:00.0;-0.026145377335289283
2021-02-09T11:00:00.0;-0.024565375434517034
2021-02-09T12:00:00.0;-0.008219682002092344
2021-02-09T13:00:00.0;-0.00824009253657165
2021-02-09T14:00:00.0;-0.008593425789006447
2021-02-09T15:00:00.0;-0.027016100760946106
2021-02-09T16:00:00.0;-0.032152356650115996
2021-02-09T17:00:00.0;-0.03617916198556757
2021-02-09T18:00:00.0;-0.037844740974083725
2021-02-09T19:00:00.0;-0.05107211961046975
2021-02-09T20:00:00.0;-0.039809989426305696
2021-02-09T21:00:00.0;-0.0396081937679776
2021-02-09T22:00:00.0;-0.03820752347326288
2021-02-09T23:00:00.0;-0.014041222794394756
2021-02-10T00:00:00.0;-0.02972277309488546
2021-02-10T01:00:00.0;-0.013535539748309316
2021-02-10T02:00:00.0;-0.01579319495401377
2021-02-10T03:00:00.0;-0.015245207317095466
2021-02-10T04:00:00.0;-0.014782555185007405
2021-02-10T05:00:00.0;-0.014694870248369341
2021-02-10T06:00:00.0;-0.014982744189692306
2021-02-10T07:00:00.0;-0.02992626438894457
2021-02-10T08:00:00.0;-0.029722498727883566
2021-02-10T09:00:00.0;-0.028176085675629323
2021-02-10T10:00:00.0;-0.026616456381468732
2021-02-10T11:00:00.0;-0.02540434239752708
2021-02-10T12:00:00.0;-0.012748969481653582
2021-02-10T13:00:00.0;-0.012847795345410662
2021-02-10T14:00:00.0;-0.013281800306693198
2021-02-10T15:00:00.0;-0.028038667871422795
2021-02-10T16:00:00.0;-0.04316071612093661
2021-02-10T17:00:00.0;-0.0482517087844757
2021-02-10T18:00:00.0;-0.05011326460933592
2021-02-10T19:00:00.0;-0.051434141800539096
2021-02-10T20:00:00.0;-0.052276273585162084
2021-02-10T21:00:00.0;-0.05162882925074963
2021-02-10T22:00:00.0;-0.04990405758756699
2021-02-10T23:00:00.0;-0.03103979423338825
2021-02-11T00:00:00.0;-0.031811438010500674
2021-02-11T01:00:00.0;-0.029785582831199676
2021-02-11T02:00:00.0;-0.02925049483089606
2021-02-11T03:00:00.0;-0.028235550937041755
2021-02-11T04:00:00.0;-0.027326604655942926
2021-02-11T05:00:00.0;-0.027153349282107626
2021-02-11T06:00:00.0;-0.030558712169745476
2021-02-11T07:00:00.0;-0.03259891022135033
2021-02-11T08:00:00.0;-0.03251882029740361
2021-02-11T09:00:00.0;-0.03100637721774909
2021-02-11T10:00:00.0;-0.02913373220349296
2021-02-11T11:00:00.0;-0.027798360026657917
2021-02-11T12:00:00.0;-0.024135748792721692
2021-02-11T13:00:00.0;-0.02437755548122659
2021-02-11T14:00:00.0;-0.025343951822896883
2021-02-11T15:00:00.0;-0.03062095979875489
2021-02-11T16:00:00.0;-0.03400063423465363
2021-02-11T17:00:00.0;-0.038070291958457896
2021-02-11T18:00:00.0;-0.039510507516281344
2021-02-11T19:00:00.0;-0.05170167179219103
2021-02-11T20:00:00.0;-0.04113363924315679
2021-02-11T21:00:00.0;-0.04100070357448868
2021-02-11T22:00:00.0;-0.0396805843302854
2021-02-11T23:00:00.0;-0.03373153821813063
2021-02-12T00:00:00.0;-0.009673804708232038
2021-02-12T01:00:00.0;-0.005600804522710779
2021-02-12T02:00:00.0;-0.008959612197344013
2021-02-12T03:00:00.0;-0.008659824424823933
2021-02-12T04:00:00.0;-0.008440508976677967
2021-02-12T05:00:00.0;-0.008449027016319386
2021-02-12T06:00:00.0;-0.008713042764834351
2021-02-12T07:00:00.0;-0.028122270184411175
2021-02-12T08:00:00.0;-0.027796501403814962
2021-02-12T09:00:00.0;-0.026090675556802438
2021-02-12T10:00:00.0;-0.024335942375774213
2021-02-12T11:00:00.0;-0.02100696671265692
2021-02-12T12:00:00.0;-0.005200359879142345
2021-02-12T13:00:00.0;-0.005234804787773732
2021-02-12T14:00:00.0;-0.00766243323689996
2021-02-12T15:00:00.0;-0.0259538887913823
2021-02-12T16:00:00.0;-0.028941929570779065
2021-02-12T17:00:00.0;-0.03217604004584519
2021-02-12T18:00:00.0;-0.033682180656478565
2021-02-12T19:00:00.0;-0.03455203177343475
2021-02-12T20:00:00.0;-0.035118022023128546
2021-02-12T21:00:00.0;-0.03445687593382339
2021-02-12T22:00:00.0;-0.03317844577847656
2021-02-12T23:00:00.0;-0.010261516203607372
2021-02-13T00:00:00.0;-0.009018733696335494
2021-02-13T01:00:00.0;-0.004831551724514748
2021-02-13T02:00:00.0;-0.008352771822781466
2021-02-13T03:00:00.0;-0.008073555957415119
2021-02-13T04:00:00.0;-0.007822713553664819
2021-02-13T05:00:00.0;-0.007793142799986578
2021-02-13T06:00:00.0;-0.011475067035991016
2021-02-13T07:00:00.0;-0.02751576970125097
2021-02-13T08:00:00.0;-0.027417472085403665
2021-02-13T09:00:00.0;-0.025758346521554017
2021-02-13T10:00:00.0;-0.023918121678025935
2021-02-13T11:00:00.0;-0.022234224237282708
2021-02-13T12:00:00.0;-0.006275380944826344
2021-02-13T13:00:00.0;-0.006289702436417963
2021-02-13T14:00:00.0;-0.006786561689110907
2021-02-13T15:00:00.0;-0.024832482244567498
2021-02-13T16:00:00.0;-0.028018496534897682
2021-02-13T17:00:00.0;-0.031507693183179857
2021-02-13T18:00:00.0;-0.03311695553239944
2021-02-13T19:00:00.0;-0.048969654934918734
2021-02-13T20:00:00.0;-0.03504803104164901
2021-02-13T21:00:00.0;-0.03492623084494689
2021-02-13T22:00:00.0;-0.03366487419168358
2021-02-13T23:00:00.0;-0.009637394615955886
2021-02-14T00:00:00.0;-0.016331672687959226
2021-02-14T01:00:00.0;-0.0059286171359076816
2021-02-14T02:00:00.0;-0.008398194158669974
2021-02-14T03:00:00.0;-0.008106743411211086
2021-02-14T04:00:00.0;-0.007879207295644008
2021-02-14T05:00:00.0;-0.007829419354772951
2021-02-14T06:00:00.0;-0.007992260700016244
2021-02-14T07:00:00.0;-0.022218840263904898
2021-02-14T08:00:00.0;-0.021900459207541738
2021-02-14T09:00:00.0;-0.023209158692834738
2021-02-14T10:00:00.0;-0.025368477190163847
2021-02-14T11:00:00.0;-0.016896217128852756
2021-02-14T12:00:00.0;-0.004965734109416878
2021-02-14T13:00:00.0;-0.0049956746170309735
2021-02-14T14:00:00.0;-0.007176216823421478
2021-02-14T15:00:00.0;-0.020973274049902638
2021-02-14T16:00:00.0;-0.023225684447072823
2021-02-14T17:00:00.0;-0.025822889904748524
2021-02-14T18:00:00.0;-0.02722101867429538
2021-02-14T19:00:00.0;-0.027921207974708612
2021-02-14T20:00:00.0;-0.028344311008743624
2021-02-14T21:00:00.0;-0.0279038406747699
2021-02-14T22:00:00.0;-0.026986701534490627
2021-02-14T23:00:00.0;-0.008169900988472568
2021-02-15T00:00:00.0;-0.010918131383022108
2021-02-15T01:00:00.0;-0.0071317094740509885
2021-02-15T02:00:00.0;-0.004457412107244789
2021-02-15T03:00:00.0;-0.004292039895931506
2021-02-15T04:00:00.0;-0.004184453119176817
2021-02-15T05:00:00.0;-0.008049396918413195
2021-02-15T06:00:00.0;-0.008331233735181421
2021-02-15T07:00:00.0;-0.01691173159823238
2021-02-15T08:00:00.0;-0.016432716755852908
2021-02-15T09:00:00.0;-0.016139661682177356
2021-02-15T10:00:00.0;-0.016255733322774264
2021-02-15T11:00:00.0;-0.01382400386366187
2021-02-15T12:00:00.0;-0.0066857494037111265
2021-02-15T13:00:00.0;-0.006822879079556601
2021-02-15T14:00:00.0;-0.007543968155692968
2021-02-15T15:00:00.0;-0.016258119559185803
2021-02-15T16:00:00.0;-0.017984976330729183
2021-02-15T17:00:00.0;-0.04403311343751692
2021-02-15T18:00:00.0;-0.04597123318816048
2021-02-15T19:00:00.0;-0.04628889763783278
2021-02-15T20:00:00.0;-0.04620487649291579
2021-02-15T21:00:00.0;-0.04504657516414015
2021-02-15T22:00:00.0;-0.04355363180769478
2021-02-15T23:00:00.0;-0.008999405834442004
2021-02-16T00:00:00.0;-0.021217236925917926
2021-02-16T01:00:00.0;-0.006843164868411009
2021-02-16T02:00:00.0;-0.008065339106626481
2021-02-16T03:00:00.0;-0.007776169259756187
2021-02-16T04:00:00.0;-0.007545024136570793
2021-02-16T05:00:00.0;-0.007789481673625648
2021-02-16T06:00:00.0;-0.007900853512899826
2021-02-16T07:00:00.0;-0.01737437407761621
2021-02-16T08:00:00.0;-0.017047453184738715
2021-02-16T09:00:00.0;-0.0202903617732112
2021-02-16T10:00:00.0;-0.025093229615743805
2021-02-16T11:00:00.0;-0.013354000413572029
2021-02-16T12:00:00.0;-0.005251432471354485
2021-02-16T13:00:00.0;-0.005289568989571307
2021-02-16T14:00:00.0;-0.007212060140221389
2021-02-16T15:00:00.0;-0.016721750810384666
2021-02-16T16:00:00.0;-0.018419862988986752
2021-02-16T17:00:00.0;-0.02246420787460328
2021-02-16T18:00:00.0;-0.023790297106181843
2021-02-16T19:00:00.0;-0.02437046086231424
2021-02-16T20:00:00.0;-0.024681479366747736
2021-02-16T21:00:00.0;-0.024339617904451046
2021-02-16T22:00:00.0;-0.02361635367371939
2021-02-16T23:00:00.0;-0.007189519508490667
2021-02-17T00:00:00.0;-0.01485928739090389
2021-02-17T01:00:00.0;-0.006078378070247905
2021-02-17T02:00:00.0;-0.007456197994420591
2021-02-17T03:00:00.0;-0.007193427374511139
2021-02-17T04:00:00.0;-0.006994927053597561
2021-02-17T05:00:00.0;-0.00790672735027112
2021-02-17T06:00:00.0;-0.00810289774694078
2021-02-17T07:00:00.0;-0.02189988237817913
2021-02-17T08:00:00.0;-0.021566769373550346
2021-02-17T09:00:00.0;-0.022402883484122355
2021-02-17T10:00:00.0;-0.02395839694474616
2021-02-17T11:00:00.0;-0.017091266835957186
2021-02-17T12:00:00.0;-0.005513607553860229
2021-02-17T13:00:00.0;-0.005563731980496232
2021-02-17T14:00:00.0;-0.007300256216428374
2021-02-17T15:00:00.0;-0.02075130899298264
2021-02-17T16:00:00.0;-0.02296675563695158
2021-02-17T17:00:00.0;-0.03133343098472412
2021-02-17T18:00:00.0;-0.03290552646310903
2021-02-17T19:00:00.0;-0.03356757612252216
2021-02-17T20:00:00.0;-0.03392166841479853
2021-02-17T21:00:00.0;-0.03331568090193259
2021-02-17T22:00:00.0;-0.032217700339224165
2021-02-17T23:00:00.0;-0.008441664977364196
2021-02-18T00:00:00.0;-0.020613320532933764
2021-02-18T01:00:00.0;-0.0074004093498855625
2021-02-18T02:00:00.0;-0.007083977624532361
2021-02-18T03:00:00.0;-0.006824719177065275
2021-02-18T04:00:00.0;-0.006627831859601998
2021-02-18T05:00:00.0;-0.007806023585435103
2021-02-18T06:00:00.0;-0.00793450966051073
2021-02-18T07:00:00.0;-0.014508983266542722
2021-02-18T08:00:00.0;-0.014127713662553474
2021-02-18T09:00:00.0;-0.017264969078161368
2021-02-18T10:00:00.0;-0.021995119112986433
2021-02-18T11:00:00.0;-0.011097309513665549
2021-02-18T12:00:00.0;-0.00549973262959232
2021-02-18T13:00:00.0;-0.005563353463863741
2021-02-18T14:00:00.0;-0.007256872051744285
2021-02-18T15:00:00.0;-0.014067905184153648
2021-02-18T16:00:00.0;-0.015491088691145022
2021-02-18T17:00:00.0;-0.024791295840935538
2021-02-18T18:00:00.0;-0.02625438825587019
2021-02-18T19:00:00.0;-0.026806328229707518
2021-02-18T20:00:00.0;-0.027051076001673606
2021-02-18T21:00:00.0;-0.026622264282836577
2021-02-18T22:00:00.0;-0.025839603553532355
2021-02-18T23:00:00.0;-0.007217630885453825
2021-02-19T00:00:00.0;-0.008918011789780604
2021-02-19T01:00:00.0;-0.005336905051437363
2021-02-19T02:00:00.0;-0.008264427552964294
2021-02-19T03:00:00.0;-0.00798787860377781
2021-02-19T04:00:00.0;-0.007796550146557722
2021-02-19T05:00:00.0;-0.007818183772748519
2021-02-19T06:00:00.0;-0.008057103067870561
2021-02-19T07:00:00.0;-0.024986283681851403
2021-02-19T08:00:00.0;-0.02446083628885945
2021-02-19T09:00:00.0;-0.022822965251694718
2021-02-19T10:00:00.0;-0.02126378969942775
2021-02-19T11:00:00.0;-0.017819249877000547
2021-02-19T12:00:00.0;-0.004206895306935364
2021-02-19T13:00:00.0;-0.004243089162930454
2021-02-19T14:00:00.0;-0.0070240717725294265
2021-02-19T15:00:00.0;-0.02304460722544209
2021-02-19T16:00:00.0;-0.02575711741456945
2021-02-19T17:00:00.0;-0.028523884266439488
2021-02-19T18:00:00.0;-0.029998521913070147
2021-02-19T19:00:00.0;-0.03087864654338612
2021-02-19T20:00:00.0;-0.03145013883949142
2021-02-19T21:00:00.0;-0.03084463427245551
2021-02-19T22:00:00.0;-0.02968475832831471
2021-02-19T23:00:00.0;-0.009486062835401701
2021-02-20T00:00:00.0;-0.0173351567208016
2021-02-20T01:00:00.0;-0.006436214480694661
2021-02-20T02:00:00.0;-0.008316186107914085
2021-02-20T03:00:00.0;-0.008025475372908236
2021-02-20T04:00:00.0;-0.007804600621117238
2021-02-20T05:00:00.0;-0.007755583437226255
2021-02-20T06:00:00.0;-0.00789951357383669
2021-02-20T07:00:00.0;-0.019032677439733147
2021-02-20T08:00:00.0;-0.018603818203478638
2021-02-20T09:00:00.0;-0.02035540328655019
2021-02-20T10:00:00.0;-0.023169987170439967
2021-02-20T11:00:00.0;-0.013899480230744313
2021-02-20T12:00:00.0;-0.0046112051934699945
2021-02-20T13:00:00.0;-0.0046465799383745825
2021-02-20T14:00:00.0;-0.007079646803664528
2021-02-20T15:00:00.0;-0.018045955798138034
2021-02-20T16:00:00.0;-0.019989645565562316
2021-02-20T17:00:00.0;-0.022154589425024584
2021-02-20T18:00:00.0;-0.023463572614785336
2021-02-20T19:00:00.0;-0.024132153198921237
2021-02-20T20:00:00.0;-0.024526569863065256
2021-02-20T21:00:00.0;-0.02415372998051553
2021-02-20T22:00:00.0;-0.02337032965558923
2021-02-20T23:00:00.0;-0.007871223437867962
2021-02-21T00:00:00.0;-0.027300826452720556
2021-02-21T01:00:00.0;-0.005476098473257784
2021-02-21T02:00:00.0;-0.00835676403812025
2021-02-21T03:00:00.0;-0.008066413610410064
2021-02-21T04:00:00.0;-0.007829048383197708
2021-02-21T05:00:00.0;-0.007791609631268718
2021-02-21T06:00:00.0;-0.007873701931581892
2021-02-21T07:00:00.0;-0.023617264778568268
2021-02-21T08:00:00.0;-0.02310075375954514
2021-02-21T09:00:00.0;-0.021640317847686188
2021-02-21T10:00:00.0;-0.020447233138204134
2021-02-21T11:00:00.0;-0.019573906356493375
2021-02-21T12:00:00.0;-0.006457467887051741
2021-02-21T13:00:00.0;-0.006513106137770149
2021-02-21T14:00:00.0;-0.006735890120538773
2021-02-21T15:00:00.0;-0.021930372788738467
2021-02-21T16:00:00.0;-0.041587689418682065
2021-02-21T17:00:00.0;-0.04635150704634544
2021-02-21T18:00:00.0;-0.048573861094778105
2021-02-21T19:00:00.0;-0.050179512384025335
2021-02-21T20:00:00.0;-0.05143967842547713
2021-02-21T21:00:00.0;-0.0508264192030631
2021-02-21T22:00:00.0;-0.04908118775794079
2021-02-21T23:00:00.0;-0.028489689687695947
2021-02-22T00:00:00.0;-0.024914493177556642
2021-02-22T01:00:00.0;-0.006015605490049681
2021-02-22T02:00:00.0;-0.008525476802189234
2021-02-22T03:00:00.0;-0.008228730950664353
2021-02-22T04:00:00.0;-0.007992206993751052
2021-02-22T05:00:00.0;-0.007953457340267776
2021-02-22T06:00:00.0;-0.008053059375899488
2021-02-22T07:00:00.0;-0.022107127002886293
2021-02-22T08:00:00.0;-0.021583509257136167
2021-02-22T09:00:00.0;-0.020894297096761466
2021-02-22T10:00:00.0;-0.020660012750468873
2021-02-22T11:00:00.0;-0.01779336132764354
2021-02-22T12:00:00.0;-0.0060937219569172215
2021-02-22T13:00:00.0;-0.006147546626369101
2021-02-22T14:00:00.0;-0.006963711941884099
2021-02-22T15:00:00.0;-0.02064056696417647
2021-02-22T16:00:00.0;-0.03589056873155378
2021-02-22T17:00:00.0;-0.03991780352822709
2021-02-22T18:00:00.0;-0.04196733029138819
2021-02-22T19:00:00.0;-0.04333221564382383
2021-02-22T20:00:00.0;-0.04433528115043794
2021-02-22T21:00:00.0;-0.04376910694943589
2021-02-22T22:00:00.0;-0.04228419180291081
2021-02-22T23:00:00.0;-0.023624422235016557
2021-02-23T00:00:00.0;-0.01619373795106387
2021-02-23T01:00:00.0;-0.006475148480410664
2021-02-23T02:00:00.0;-0.008264322551682263
2021-02-23T03:00:00.0;-0.007976753436388566
2021-02-23T04:00:00.0;-0.007765039012709916
2021-02-23T05:00:00.0;-0.007730207461852346
2021-02-23T06:00:00.0;-0.007883052641689888
2021-02-23T07:00:00.0;-0.018569297546617965
2021-02-23T08:00:00.0;-0.01807736373777668
2021-02-23T09:00:00.0;-0.019417809278976142
2021-02-23T10:00:00.0;-0.021715316384526635
2021-02-23T11:00:00.0;-0.013181272001487882
2021-02-23T12:00:00.0;-0.004355269214807868
2021-02-23T13:00:00.0;-0.004393207780530665
2021-02-23T14:00:00.0;-0.007019623395685732
2021-02-23T15:00:00.0;-0.017550545134968086
2021-02-23T16:00:00.0;-0.019478212496661984
2021-02-23T17:00:00.0;-0.021548842676670975
2021-02-23T18:00:00.0;-0.022845906483005194
2021-02-23T19:00:00.0;-0.023533440152459378
2021-02-23T20:00:00.0;-0.02394250254415798
2021-02-23T21:00:00.0;-0.023563639265232424
2021-02-23T22:00:00.0;-0.022780772936276672
2021-02-23T23:00:00.0;-0.008036106000076641
2021-02-24T00:00:00.0;-0.009117918794552985
2021-02-24T01:00:00.0;-0.0060931088174288345
2021-02-24T02:00:00.0;-0.0073195432444944685
2021-02-24T03:00:00.0;-0.007068541191092383
2021-02-24T04:00:00.0;-0.006907154998737687
2021-02-24T05:00:00.0;-0.007797272209320538
2021-02-24T06:00:00.0;-0.008041559133769588
2021-02-24T07:00:00.0;-0.020653464446842518
2021-02-24T08:00:00.0;-0.019993280403012407
2021-02-24T09:00:00.0;-0.01858960598770162
2021-02-24T10:00:00.0;-0.01738219478416955
2021-02-24T11:00:00.0;-0.01437143036823299
2021-02-24T12:00:00.0;-0.004293322331664795
2021-02-24T13:00:00.0;-0.004352098453505446
2021-02-24T14:00:00.0;-0.007012800166086663
2021-02-24T15:00:00.0;-0.01921910134651534
2021-02-24T16:00:00.0;-0.021754170470891603
2021-02-24T17:00:00.0;-0.029203874395216625
2021-02-24T18:00:00.0;-0.03078017540351166
2021-02-24T19:00:00.0;-0.03163018745622141
2021-02-24T20:00:00.0;-0.032131002950076294
2021-02-24T21:00:00.0;-0.03145788908745475
2021-02-24T22:00:00.0;-0.03028812957564669
2021-02-24T23:00:00.0;-0.009652123854047621
2021-02-25T00:00:00.0;-0.028229247725866817
2021-02-25T01:00:00.0;-0.005773021509161897
2021-02-25T02:00:00.0;-0.008180764066954307
2021-02-25T03:00:00.0;-0.007894768995282348
2021-02-25T04:00:00.0;-0.007665194732858746
2021-02-25T05:00:00.0;-0.007754728933260636
2021-02-25T06:00:00.0;-0.007825732108268695
2021-02-25T07:00:00.0;-0.02178520896835714
2021-02-25T08:00:00.0;-0.02118154405992364
2021-02-25T09:00:00.0;-0.01978867015587279
2021-02-25T10:00:00.0;-0.018721035042753843
2021-02-25T11:00:00.0;-0.017978544572026335
2021-02-25T12:00:00.0;-0.006377996454564752
2021-02-25T13:00:00.0;-0.006443888722076756
2021-02-25T14:00:00.0;-0.006665774905401322
2021-02-25T15:00:00.0;-0.020268198176936297
2021-02-25T16:00:00.0;-0.040627884454091136
2021-02-25T17:00:00.0;-0.04591283233124129
2021-02-25T18:00:00.0;-0.04820787197470965
2021-02-25T19:00:00.0;-0.049873256419086985
2021-02-25T20:00:00.0;-0.05116602175826361
2021-02-25T21:00:00.0;-0.05056079152970843
2021-02-25T22:00:00.0;-0.04883006848480957
2021-02-25T23:00:00.0;-0.029434185676071478
2021-02-26T00:00:00.0;-0.04405621061481654
2021-02-26T01:00:00.0;-0.024693598536039578
2021-02-26T02:00:00.0;-0.023764818401857443
2021-02-26T03:00:00.0;-0.022913699949649608
2021-02-26T04:00:00.0;-0.022231808392389498
2021-02-26T05:00:00.0;-0.02210873041172536
2021-02-26T06:00:00.0;-0.022393889492872052
2021-02-26T07:00:00.0;-0.02312672067074625
2021-02-26T08:00:00.0;-0.022351518170145225
2021-02-26T09:00:00.0;-0.021027733171218522
2021-02-26T10:00:00.0;-0.02002818629747941
2021-02-26T11:00:00.0;-0.01951356584735985
2021-02-26T12:00:00.0;-0.018839153534546474
2021-02-26T13:00:00.0;-0.019158430179306605
2021-02-26T14:00:00.0;-0.01977579107332018
2021-02-26T15:00:00.0;-0.02207519288399843
2021-02-26T16:00:00.0;-0.0417529731097307
2021-02-26T17:00:00.0;-0.04623709722011086
2021-02-26T18:00:00.0;-0.048315034050573115
2021-02-26T19:00:00.0;-0.05011381105926122
2021-02-26T20:00:00.0;-0.051065598529247934
2021-02-26T21:00:00.0;-0.05061754480348266
2021-02-26T22:00:00.0;-0.0490207288898992
2021-02-26T23:00:00.0;-0.04592454988986626
2021-02-27T00:00:00.0;-0.029594252246476813
2021-02-27T01:00:00.0;-0.021214764121455988
2021-02-27T02:00:00.0;-0.020365601968934936
2021-02-27T03:00:00.0;-0.01966054316320889
2021-02-27T04:00:00.0;-0.031521923597754506
2021-02-27T05:00:00.0;-0.0317343375236728
2021-02-27T06:00:00.0;-0.03287860548304579
2021-02-27T07:00:00.0;-0.03294894219206354
2021-02-27T08:00:00.0;-0.03130949204280626
2021-02-27T09:00:00.0;-0.017642778021711006
2021-02-27T10:00:00.0;-0.01647162618823315
2021-02-27T11:00:00.0;-0.015864247618300138
2021-02-27T12:00:00.0;-0.015961731254487216
2021-02-27T13:00:00.0;-0.016389610794448155
2021-02-27T14:00:00.0;-0.01717134614661062
2021-02-27T15:00:00.0;-0.03063727111059749
2021-02-27T16:00:00.0;-0.04174866544141409
2021-02-27T17:00:00.0;-0.046312412056639114
2021-02-27T18:00:00.0;-0.04912151336440276
2021-02-27T19:00:00.0;-0.05126169835238199
2021-02-27T20:00:00.0;-0.05138288894134224
2021-02-27T21:00:00.0;-0.05043630342556888
2021-02-27T22:00:00.0;-0.048774237807858854
2021-02-27T23:00:00.0;-0.04652192487064199
2021-02-28T00:00:00.0;-0.017193952635236695
2021-02-28T01:00:00.0;-0.01379326975574472
2021-02-28T02:00:00.0;-0.01327515827549318
2021-02-28T03:00:00.0;-0.012824279474964168
2021-02-28T04:00:00.0;-0.0350210134329406
2021-02-28T05:00:00.0;-0.035542404739544335
2021-02-28T06:00:00.0;-0.037273127083746714
2021-02-28T07:00:00.0;-0.03699059392000352
2021-02-28T08:00:00.0;-0.034458271813374866
2021-02-28T09:00:00.0;-0.012191215775589154
2021-02-28T10:00:00.0;-0.012487727432136098
2021-02-28T11:00:00.0;-0.009936957488740454
2021-02-28T12:00:00.0;-0.010145507359980313
2021-02-28T13:00:00.0;-0.01049949566708396
2021-02-28T14:00:00.0;-0.011140248258046695
2021-02-28T15:00:00.0;-0.03375518484165915
2021-02-28T16:00:00.0;-0.03831422563514992
2021-02-28T17:00:00.0;-0.04254571731972236
2021-02-28T18:00:00.0;-0.04599573900240744
2021-02-28T19:00:00.0;-0.048311297654016074
2021-02-28T20:00:00.0;-0.04789421277805344
2021-02-28T21:00:00.0;-0.04666694982551209
2021-02-28T22:00:00.0;-0.04512266945820774
2021-02-28T23:00:00.0;-0.04254350658055573
2021-03-01T00:00:00.0;-0.018299954614654824
2021-03-01T01:00:00.0;-0.01470846371783476
2021-03-01T02:00:00.0;-0.014448913639293431
2021-03-01T03:00:00.0;-0.013955572422181045
2021-03-01T04:00:00.0;-0.029034247513154057
2021-03-01T05:00:00.0;-0.029271327721641885
2021-03-01T06:00:00.0;-0.03190951700752945
2021-03-01T07:00:00.0;-0.0319422603398596
2021-03-01T08:00:00.0;-0.030219866715902502
2021-03-01T09:00:00.0;-0.01465303288268807
2021-03-01T10:00:00.0;-0.014750278815969074
2021-03-01T11:00:00.0;-0.012187006385506863
2021-03-01T12:00:00.0;-0.011036461873924536
2021-03-01T13:00:00.0;-0.011329459433274652
2021-03-01T14:00:00.0;-0.011972150277252529
2021-03-01T15:00:00.0;-0.02919218740680196
2021-03-01T16:00:00.0;-0.03308150349733643
2021-03-01T17:00:00.0;-0.0368226507936959
2021-03-01T18:00:00.0;-0.039567085646492646
2021-03-01T19:00:00.0;-0.04788276875511162
2021-03-01T20:00:00.0;-0.041557679163884496
2021-03-01T21:00:00.0;-0.04089352736677528
2021-03-01T22:00:00.0;-0.039538538840514344
2021-03-01T23:00:00.0;-0.03534270985767952
2021-03-02T00:00:00.0;-0.033655287460764384
2021-03-02T01:00:00.0;-0.02115450555882196
2021-03-02T02:00:00.0;-0.02036811972033766
2021-03-02T03:00:00.0;-0.019655220311563346
2021-03-02T04:00:00.0;-0.027709298614426336
2021-03-02T05:00:00.0;-0.02779603071924079
2021-03-02T06:00:00.0;-0.028564180859514718
2021-03-02T07:00:00.0;-0.028971375344728212
2021-03-02T08:00:00.0;-0.027600804145291768
2021-03-02T09:00:00.0;-0.017823233931222707
2021-03-02T10:00:00.0;-0.016743751512794166
2021-03-02T11:00:00.0;-0.016194987539514726
2021-03-02T12:00:00.0;-0.015915185707801698
2021-03-02T13:00:00.0;-0.016297419566622107
2021-03-02T14:00:00.0;-0.016998665747017375
2021-03-02T15:00:00.0;-0.027121515124045596
2021-03-02T16:00:00.0;-0.04152163127565622
2021-03-02T17:00:00.0;-0.046012690388216954
2021-03-02T18:00:00.0;-0.04864945494193111
2021-03-02T19:00:00.0;-0.050726703187652336
2021-03-02T20:00:00.0;-0.05116293508970694
2021-03-02T21:00:00.0;-0.0503747588999415
2021-03-02T22:00:00.0;-0.04873010323068758
2021-03-02T23:00:00.0;-0.045969606948535205
2021-03-03T00:00:00.0;-0.044773614008750816
2021-03-03T01:00:00.0;-0.025511832990851403
2021-03-03T02:00:00.0;-0.024419946721022913
2021-03-03T03:00:00.0;-0.023544213489677255
2021-03-03T04:00:00.0;-0.022843217470653484
2021-03-03T05:00:00.0;-0.0227160013692833
2021-03-03T06:00:00.0;-0.023011319550656256
2021-03-03T07:00:00.0;-0.023104379210883326
2021-03-03T08:00:00.0;-0.022317985883444868
2021-03-03T09:00:00.0;-0.02100011503221833
2021-03-03T10:00:00.0;-0.02000897535990159
2021-03-03T11:00:00.0;-0.019509871287548584
2021-03-03T12:00:00.0;-0.0193798488120885
2021-03-03T13:00:00.0;-0.01971521958903325
2021-03-03T14:00:00.0;-0.02034886367146723
2021-03-03T15:00:00.0;-0.022080273041057606
2021-03-03T16:00:00.0;-0.041759831038270974
2021-03-03T17:00:00.0;-0.04623177165266362
2021-03-03T18:00:00.0;-0.048303520188270416
2021-03-03T19:00:00.0;-0.05011072116575903
2021-03-03T20:00:00.0;-0.0510492263986691
2021-03-03T21:00:00.0;-0.050608338255910275
2021-03-03T22:00:00.0;-0.04901794975978117
2021-03-03T23:00:00.0;-0.046670151279378014
2021-03-04T00:00:00.0;-0.018905287110586217
2021-03-04T01:00:00.0;-0.012326030722131759
2021-03-04T02:00:00.0;-0.01186155778971555
2021-03-04T03:00:00.0;-0.011450989820478628
2021-03-04T04:00:00.0;-0.028208467331599242
2021-03-04T05:00:00.0;-0.028445414072838997
2021-03-04T06:00:00.0;-0.029524129634843604
2021-03-04T07:00:00.0;-0.029328444406673974
2021-03-04T08:00:00.0;-0.0274445008481811
2021-03-04T09:00:00.0;-0.01193688147671264
2021-03-04T10:00:00.0;-0.01379170779275333
2021-03-04T11:00:00.0;-0.00838297452225574
2021-03-04T12:00:00.0;-0.008545244488890796
2021-03-04T13:00:00.0;-0.008793444199471874
2021-03-04T14:00:00.0;-0.009958618466100381
2021-03-04T15:00:00.0;-0.0272090962671048
2021-03-04T16:00:00.0;-0.030669459115732736
2021-03-04T17:00:00.0;-0.03396220706344864
2021-03-04T18:00:00.0;-0.03670700686434548
2021-03-04T19:00:00.0;-0.038435185646844436
2021-03-04T20:00:00.0;-0.03835650642049467
2021-03-04T21:00:00.0;-0.037501203782889445
2021-03-04T22:00:00.0;-0.036305191206734984
2021-03-04T23:00:00.0;-0.033499022017373516
2021-03-05T00:00:00.0;-0.03100415310325715
2021-03-05T01:00:00.0;-0.006135560179010835
2021-03-05T02:00:00.0;-0.008220338715498302
2021-03-05T03:00:00.0;-0.00793161285945178
2021-03-05T04:00:00.0;-0.007702707702652666
2021-03-05T05:00:00.0;-0.007670466169067427
2021-03-05T06:00:00.0;-0.007706462461912652
2021-03-05T07:00:00.0;-0.019263973108437516
2021-03-05T08:00:00.0;-0.01854766701697047
2021-03-05T09:00:00.0;-0.01723616292317264
2021-03-05T10:00:00.0;-0.016332637555972973
2021-03-05T11:00:00.0;-0.015765238592702523
2021-03-05T12:00:00.0;-0.006197598565358852
2021-03-05T13:00:00.0;-0.006272714472087686
2021-03-05T14:00:00.0;-0.006485113980954039
2021-03-05T15:00:00.0;-0.01792950901269244
2021-03-05T16:00:00.0;-0.04052715290579977
2021-03-05T17:00:00.0;-0.04496910985666145
2021-03-05T18:00:00.0;-0.04740036847989239
2021-03-05T19:00:00.0;-0.04926994123531151
2021-03-05T20:00:00.0;-0.05072666759769446
2021-03-05T21:00:00.0;-0.050190888541663356
2021-03-05T22:00:00.0;-0.04847903023205278
2021-03-05T23:00:00.0;-0.032325376930604985
2021-03-06T00:00:00.0;-0.031155817982745953
2021-03-06T01:00:00.0;-0.017080697746673944
2021-03-06T02:00:00.0;-0.016517621155314445
2021-03-06T03:00:00.0;-0.0159408211370988
2021-03-06T04:00:00.0;-0.025549447363852378
2021-03-06T05:00:00.0;-0.025687339429263142
2021-03-06T06:00:00.0;-0.02634434596417991
2021-03-06T07:00:00.0;-0.02673835350292537
2021-03-06T08:00:00.0;-0.025152874065225622
2021-03-06T09:00:00.0;-0.014304115562841991
2021-03-06T10:00:00.0;-0.013405334762033762
2021-03-06T11:00:00.0;-0.012985442291843962
2021-03-06T12:00:00.0;-0.012568971239133519
2021-03-06T13:00:00.0;-0.012904939344778994
2021-03-06T14:00:00.0;-0.013492520138455505
2021-03-06T15:00:00.0;-0.024846761570643163
2021-03-06T16:00:00.0;-0.04065959966069693
2021-03-06T17:00:00.0;-0.04496960286034709
2021-03-06T18:00:00.0;-0.04789095635788812
2021-03-06T19:00:00.0;-0.050175018096501295
2021-03-06T20:00:00.0;-0.050726914582686806
2021-03-06T21:00:00.0;-0.04990175558745463
2021-03-06T22:00:00.0;-0.04824326421914466
2021-03-06T23:00:00.0;-0.0451358553834924
2021-03-07T00:00:00.0;-0.008884165081377333
2021-03-07T01:00:00.0;-0.00820695024651755
2021-03-07T02:00:00.0;-0.00827001704657494
2021-03-07T03:00:00.0;-0.007997133548250565
2021-03-07T04:00:00.0;-0.03514603309276468
2021-03-07T05:00:00.0;-0.03600277682038883
2021-03-07T06:00:00.0;-0.03804476376567672
2021-03-07T07:00:00.0;-0.039321828558670446
2021-03-07T08:00:00.0;-0.035953547179884984
2021-03-07T09:00:00.0;-0.008427657954857894
2021-03-07T10:00:00.0;-0.007637775104942806
2021-03-07T11:00:00.0;-0.007249832121308899
2021-03-07T12:00:00.0;-0.006069876332229131
2021-03-07T13:00:00.0;-0.006327904336346716
2021-03-07T14:00:00.0;-0.006776878957509393
2021-03-07T15:00:00.0;-0.034934241316417335
2021-03-07T16:00:00.0;-0.040202146756356506
2021-03-07T17:00:00.0;-0.044570432861942164
2021-03-07T18:00:00.0;-0.048668836757879794
2021-03-07T19:00:00.0;-0.0515041045031513
2021-03-07T20:00:00.0;-0.051001236419747596
2021-03-07T21:00:00.0;-0.049442694955990456
2021-03-07T22:00:00.0;-0.047666605474138535
2021-03-07T23:00:00.0;-0.04326435313899383
2021-03-08T00:00:00.0;-0.022374220419439227
2021-03-08T01:00:00.0;-0.01388241831210462
2021-03-08T02:00:00.0;-0.013345738265967338
2021-03-08T03:00:00.0;-0.012887003052407463
2021-03-08T04:00:00.0;-0.030482159642028234
2021-03-08T05:00:00.0;-0.030840332545859047
2021-03-08T06:00:00.0;-0.03201986974060124
2021-03-08T07:00:00.0;-0.03160578886788334
2021-03-08T08:00:00.0;-0.029391645892694968
2021-03-08T09:00:00.0;-0.011661602627260084
2021-03-08T10:00:00.0;-0.011608745028709715
2021-03-08T11:00:00.0;-0.009892359171121818
2021-03-08T12:00:00.0;-0.010075401696436883
2021-03-08T13:00:00.0;-0.010406974527730652
2021-03-08T14:00:00.0;-0.01098726192801093
2021-03-08T15:00:00.0;-0.028995016758105844
2021-03-08T16:00:00.0;-0.038785117365070676
2021-03-08T17:00:00.0;-0.04295834195470049
2021-03-08T18:00:00.0;-0.04630596046919629
2021-03-08T19:00:00.0;-0.048685484433231445
2021-03-08T20:00:00.0;-0.04868840530530919
2021-03-08T21:00:00.0;-0.04761507329409936
2021-03-08T22:00:00.0;-0.04603247114397469
2021-03-08T23:00:00.0;-0.04351826937347863
2021-03-09T00:00:00.0;-0.04149373890366692
2021-03-09T01:00:00.0;-0.019237213265496593
2021-03-09T02:00:00.0;-0.018922110269904244
2021-03-09T03:00:00.0;-0.018245359118505815
2021-03-09T04:00:00.0;-0.017711570772980342
2021-03-09T05:00:00.0;-0.01762503417195416
2021-03-09T06:00:00.0;-0.017766436619528543
2021-03-09T07:00:00.0;-0.02019874028995051
2021-03-09T08:00:00.0;-0.019370454307569094
2021-03-09T09:00:00.0;-0.018097994486730648
2021-03-09T10:00:00.0;-0.01723412553065514
2021-03-09T11:00:00.0;-0.016806352015731742
2021-03-09T12:00:00.0;-0.014634017936886233
2021-03-09T13:00:00.0;-0.014883409043949173
2021-03-09T14:00:00.0;-0.015367741636513861
2021-03-09T15:00:00.0;-0.019159478089232983
2021-03-09T16:00:00.0;-0.0409520607124938
2021-03-09T17:00:00.0;-0.04529311221948951
2021-03-09T18:00:00.0;-0.04756272351787415
2021-03-09T19:00:00.0;-0.04948979863278531
2021-03-09T20:00:00.0;-0.05067422498801961
2021-03-09T21:00:00.0;-0.05023094231358145
2021-03-09T22:00:00.0;-0.04861276276285893
2021-03-09T23:00:00.0;-0.04323993257437291
2021-03-10T00:00:00.0;-0.02927978340135931
2021-03-10T01:00:00.0;-0.008585206272071304
2021-03-10T02:00:00.0;-0.008250289291568532
2021-03-10T03:00:00.0;-0.007943218301880228
2021-03-10T04:00:00.0;-0.00769632156726046
2021-03-10T05:00:00.0;-0.007561057663265705
2021-03-10T06:00:00.0;-0.007557416176539954
2021-03-10T07:00:00.0;-0.007550155124635348
2021-03-10T08:00:00.0;-0.007258205085319483
2021-03-10T09:00:00.0;-0.013292646759475588
2021-03-10T10:00:00.0;-0.022106612066393996
2021-03-10T11:00:00.0;-0.004524643741947506
2021-03-10T12:00:00.0;-0.004562057613792242
2021-03-10T13:00:00.0;-0.0046039776483507745
2021-03-10T14:00:00.0;-0.006995396362998796
2021-03-10T15:00:00.0;-0.007478342038409871
2021-03-10T16:00:00.0;-0.00819318055013055
2021-03-10T17:00:00.0;-0.009042141223996339
2021-03-10T18:00:00.0;-0.009737245999139634
2021-03-10T19:00:00.0;-0.010048351968463336
2021-03-10T20:00:00.0;-0.010204576376162514
2021-03-10T21:00:00.0;-0.010107251812912142
2021-03-10T22:00:00.0;-0.009851851158596027
2021-03-10T23:00:00.0;-0.005404361624221997
2021-03-11T00:00:00.0;-0.02385094194335798
2021-03-11T01:00:00.0;-0.008444294603334691
2021-03-11T02:00:00.0;-0.007777072940186939
2021-03-11T03:00:00.0;-0.007491672168028729
2021-03-11T04:00:00.0;-0.0072847488072245725
2021-03-11T05:00:00.0;-0.007540841596434467
2021-03-11T06:00:00.0;-0.007593754570829068
2021-03-11T07:00:00.0;-0.007581277398653297
2021-03-11T08:00:00.0;-0.007210152567281037
2021-03-11T09:00:00.0;-0.011479865764320911
2021-03-11T10:00:00.0;-0.017790702679542154
2021-03-11T11:00:00.0;-0.003981933810661152
2021-03-11T12:00:00.0;-0.00403358000646864
2021-03-11T13:00:00.0;-0.004087152701305228
2021-03-11T14:00:00.0;-0.006878519555038552
2021-03-11T15:00:00.0;-0.007408470845218919
2021-03-11T16:00:00.0;-0.008171880456370226
2021-03-11T17:00:00.0;-0.010978988787940137
2021-03-11T18:00:00.0;-0.011818938705104889
2021-03-11T19:00:00.0;-0.012221996390179663
2021-03-11T20:00:00.0;-0.012429127387958403
2021-03-11T21:00:00.0;-0.012268469324227753
2021-03-11T22:00:00.0;-0.011919321896972531
2021-03-11T23:00:00.0;-0.00631195713813167
2021-03-12T00:00:00.0;-0.027953096733253517
2021-03-12T01:00:00.0;-0.008760700724685119
2021-03-12T02:00:00.0;-0.006450139922533002
2021-03-12T03:00:00.0;-0.0062022985422902415
2021-03-12T04:00:00.0;-0.006006627086172099
2021-03-12T05:00:00.0;-0.007769510518450664
2021-03-12T06:00:00.0;-0.00782495555357868
2021-03-12T07:00:00.0;-0.007845724032842933
2021-03-12T08:00:00.0;-0.007594361377008374
2021-03-12T09:00:00.0;-0.013379002198636034
2021-03-12T10:00:00.0;-0.021906291300379903
2021-03-12T11:00:00.0;-0.006114321420904683
2021-03-12T12:00:00.0;-0.006118759505318604
2021-03-12T13:00:00.0;-0.006201041683020351
2021-03-12T14:00:00.0;-0.0073517235317487745
2021-03-12T15:00:00.0;-0.007843805756816147
2021-03-12T16:00:00.0;-0.00856481036769745
2021-03-12T17:00:00.0;-0.02103195470398303
2021-03-12T18:00:00.0;-0.022403145380126492
2021-03-12T19:00:00.0;-0.022796275888349368
2021-03-12T20:00:00.0;-0.02289701382105736
2021-03-12T21:00:00.0;-0.022587581829064386
2021-03-12T22:00:00.0;-0.022036117093302682
2021-03-12T23:00:00.0;-0.005783200195639775
2021-03-13T00:00:00.0;-0.023871533832900155
2021-03-13T01:00:00.0;-0.008419160886662337
2021-03-13T02:00:00.0;-0.00797537950589758
2021-03-13T03:00:00.0;-0.007684037032181639
2021-03-13T04:00:00.0;-0.007473038214477118
2021-03-13T05:00:00.0;-0.007514957786521083
2021-03-13T06:00:00.0;-0.007562214378450206
2021-03-13T07:00:00.0;-0.007546189382528614
2021-03-13T08:00:00.0;-0.007167994965934522
2021-03-13T09:00:00.0;-0.011425877328909918
2021-03-13T10:00:00.0;-0.017713178911049888
2021-03-13T11:00:00.0;-0.003790842527324169
2021-03-13T12:00:00.0;-0.0038444160523561787
2021-03-13T13:00:00.0;-0.0038938584177822494
2021-03-13T14:00:00.0;-0.006832053637712748
2021-03-13T15:00:00.0;-0.007362162468634289
2021-03-13T16:00:00.0;-0.008126133225123924
2021-03-13T17:00:00.0;-0.009634911879730153
2021-03-13T18:00:00.0;-0.010386324688727558
2021-03-13T19:00:00.0;-0.010760129059178083
2021-03-13T20:00:00.0;-0.010957791075505374
2021-03-13T21:00:00.0;-0.010820473418157568
2021-03-13T22:00:00.0;-0.010510479433054047
2021-03-13T23:00:00.0;-0.006290574350713822
2021-03-14T00:00:00.0;-0.016652153222309878
2021-03-14T01:00:00.0;-0.007621039929871998
2021-03-14T02:00:00.0;-0.007800869562535709
2021-03-14T03:00:00.0;-0.007525358961778846
2021-03-14T04:00:00.0;-0.007345462848348165
2021-03-14T05:00:00.0;-0.007554637781198429
2021-03-14T06:00:00.0;-0.007684409443567533
2021-03-14T07:00:00.0;-0.0112603248389841
2021-03-14T08:00:00.0;-0.01068459820629885
2021-03-14T09:00:00.0;-0.012446529629659392
2021-03-14T10:00:00.0;-0.015345953241399224
2021-03-14T11:00:00.0;-0.006304452508081648
2021-03-14T12:00:00.0;-0.003446624382792401
2021-03-14T13:00:00.0;-0.0034975981255464055
2021-03-14T14:00:00.0;-0.006763246182219847
2021-03-14T15:00:00.0;-0.010720841652695198
2021-03-14T16:00:00.0;-0.01193353064835921
2021-03-14T17:00:00.0;-0.014404106890270116
2021-03-14T18:00:00.0;-0.015444468207000446
2021-03-14T19:00:00.0;-0.01601757067026186
2021-03-14T20:00:00.0;-0.016341892134469807
2021-03-14T21:00:00.0;-0.016073687532816773
2021-03-14T22:00:00.0;-0.0155393988162424
2021-03-14T23:00:00.0;-0.007644553187827516
2021-03-15T00:00:00.0;-0.016222009128883292
2021-03-15T01:00:00.0;-0.008329573597136949
2021-03-15T02:00:00.0;-0.006435680376001596
2021-03-15T03:00:00.0;-0.00620068199026446
2021-03-15T04:00:00.0;-0.006057536409132102
2021-03-15T05:00:00.0;-0.007601489082608702
2021-03-15T06:00:00.0;-0.007754936103104688
2021-03-15T07:00:00.0;-0.0077472716595938
2021-03-15T08:00:00.0;-0.007287278197450187
2021-03-15T09:00:00.0;-0.00913672533253424
2021-03-15T10:00:00.0;-0.01210333397955503
2021-03-15T11:00:00.0;-0.0038883758542973324
2021-03-15T12:00:00.0;-0.003950407943126452
2021-03-15T13:00:00.0;-0.004032719027365158
2021-03-15T14:00:00.0;-0.006872036513633643
2021-03-15T15:00:00.0;-0.007468729988076991
2021-03-15T16:00:00.0;-0.008299726263073272
2021-03-15T17:00:00.0;-0.018422677384620834
2021-03-15T18:00:00.0;-0.01972855537301576
2021-03-15T19:00:00.0;-0.020334183725194205
2021-03-15T20:00:00.0;-0.020619601176139066
2021-03-15T21:00:00.0;-0.020223210072240098
2021-03-15T22:00:00.0;-0.01956654825601506
2021-03-15T23:00:00.0;-0.0076315304875250916
2021-03-16T00:00:00.0;-0.026414483687381297
2021-03-16T01:00:00.0;-0.007078484123777094
2021-03-16T02:00:00.0;-0.008000423629553671
2021-03-16T03:00:00.0;-0.007722324886910924
2021-03-16T04:00:00.0;-0.016089401586729408
2021-03-16T05:00:00.0;-0.016168829366118926
2021-03-16T06:00:00.0;-0.01643345629039531
2021-03-16T07:00:00.0;-0.02214846191919498
2021-03-16T08:00:00.0;-0.020720484071903873
2021-03-16T09:00:00.0;-0.011606968494501463
2021-03-16T10:00:00.0;-0.010874590977070327
2021-03-16T11:00:00.0;-0.010514357419699985
2021-03-16T12:00:00.0;-0.005867549749756865
2021-03-16T13:00:00.0;-0.006008513727958839
2021-03-16T14:00:00.0;-0.006278966165175732
2021-03-16T15:00:00.0;-0.02034284625526175
2021-03-16T16:00:00.0;-0.03965180380033005
2021-03-16T17:00:00.0;-0.04383885856997947
2021-03-16T18:00:00.0;-0.04693809566009718
2021-03-16T19:00:00.0;-0.04929627403087102
2021-03-16T20:00:00.0;-0.050294754088450466
2021-03-16T21:00:00.0;-0.0494984681640384
2021-03-16T22:00:00.0;-0.047789765367460574
2021-03-16T23:00:00.0;-0.03823446952133992
2021-03-17T00:00:00.0;-0.01828828002571555
2021-03-17T01:00:00.0;-0.007537304802081252
2021-03-17T02:00:00.0;-0.006318241900204279
2021-03-17T03:00:00.0;-0.006091396354887895
2021-03-17T04:00:00.0;-0.005954574318912894
2021-03-17T05:00:00.0;-0.007634955835746838
2021-03-17T06:00:00.0;-0.007791215214838204
2021-03-17T07:00:00.0;-0.011641724946586841
2021-03-17T08:00:00.0;-0.010932758175238668
2021-03-17T09:00:00.0;-0.010041164561131188
2021-03-17T10:00:00.0;-0.009489167121449107
2021-03-17T11:00:00.0;-0.007825552730794131
2021-03-17T12:00:00.0;-0.004758710725845026
2021-03-17T13:00:00.0;-0.0048689137248377505
2021-03-17T14:00:00.0;-0.006645554383178132
2021-03-17T15:00:00.0;-0.010982452067923611
2021-03-17T16:00:00.0;-0.021619242021900447
2021-03-17T17:00:00.0;-0.03343334506255527
2021-03-17T18:00:00.0;-0.03551789504293162
2021-03-17T19:00:00.0;-0.036719393263322735
2021-03-17T20:00:00.0;-0.03744324435525782
2021-03-17T21:00:00.0;-0.036722077927925305
2021-03-17T22:00:00.0;-0.03541335370682727
2021-03-17T23:00:00.0;-0.019149445250774205
2021-03-18T00:00:00.0;-0.015133731780641238
2021-03-18T01:00:00.0;-0.013166425764343646
2021-03-18T02:00:00.0;-0.012683781064512933
2021-03-18T03:00:00.0;-0.012252610815364353
2021-03-18T04:00:00.0;-0.0227253865461346
2021-03-18T05:00:00.0;-0.02301369926001484
2021-03-18T06:00:00.0;-0.02389649661623891
2021-03-18T07:00:00.0;-0.023843626241026462
2021-03-18T08:00:00.0;-0.022169395990052198
2021-03-18T09:00:00.0;-0.011119979416761128
2021-03-18T10:00:00.0;-0.0109245713326329
2021-03-18T11:00:00.0;-0.0076286197717877705
2021-03-18T12:00:00.0;-0.00781393265202923
2021-03-18T13:00:00.0;-0.008036570741050898
2021-03-18T14:00:00.0;-0.010637935677218208
2021-03-18T15:00:00.0;-0.02199606103816867
2021-03-18T16:00:00.0;-0.024863228122801492
2021-03-18T17:00:00.0;-0.02726753464858011
2021-03-18T18:00:00.0;-0.029381121166566847
2021-03-18T19:00:00.0;-0.030823287825066232
2021-03-18T20:00:00.0;-0.031084250445722137
2021-03-18T21:00:00.0;-0.03038236876137559
2021-03-18T22:00:00.0;-0.029292958915051015
2021-03-18T23:00:00.0;-0.027612294973274023
2021-03-19T00:00:00.0;-0.019900770799429517
2021-03-19T01:00:00.0;-0.00666830079062828
2021-03-19T02:00:00.0;-0.00787442861691987
2021-03-19T03:00:00.0;-0.00760229059902897
2021-03-19T04:00:00.0;-0.007381257638348134
2021-03-19T05:00:00.0;-0.007474054474279272
2021-03-19T06:00:00.0;-0.01055197775588322
2021-03-19T07:00:00.0;-0.015314766674316648
2021-03-19T08:00:00.0;-0.014606367377713616
2021-03-19T09:00:00.0;-0.013417698602972877
2021-03-19T10:00:00.0;-0.012541794345138468
2021-03-19T11:00:00.0;-0.011791059405461421
2021-03-19T12:00:00.0;-0.005549327365391043
2021-03-19T13:00:00.0;-0.005619895898823091
2021-03-19T14:00:00.0;-0.006136438357120637
2021-03-19T15:00:00.0;-0.013922679631534724
2021-03-19T16:00:00.0;-0.026130102093705306
2021-03-19T17:00:00.0;-0.029601138137958616
2021-03-19T18:00:00.0;-0.0316223758774531
2021-03-19T19:00:00.0;-0.04601644075259701
2021-03-19T20:00:00.0;-0.034385437841307764
2021-03-19T21:00:00.0;-0.03435606063204746
2021-03-19T22:00:00.0;-0.033136191693254484
2021-03-19T23:00:00.0;-0.021198773643711546
2021-03-20T00:00:00.0;-0.025969388665356356
2021-03-20T01:00:00.0;-0.009387043436287917
2021-03-20T02:00:00.0;-0.009249738006773561
2021-03-20T03:00:00.0;-0.0089241314851551
2021-03-20T04:00:00.0;-0.01758005485089806
2021-03-20T05:00:00.0;-0.01761793446155554
2021-03-20T06:00:00.0;-0.019213872720790427
2021-03-20T07:00:00.0;-0.018572809774681485
2021-03-20T08:00:00.0;-0.017261937488001963
2021-03-20T09:00:00.0;-0.009370932663514284
2021-03-20T10:00:00.0;-0.01030888812152781
2021-03-20T11:00:00.0;-0.007559276093842899
2021-03-20T12:00:00.0;-0.006716913227541051
2021-03-20T13:00:00.0;-0.0068834806581540686
2021-03-20T14:00:00.0;-0.007220654574538338
2021-03-20T15:00:00.0;-0.01713497343004691
2021-03-20T16:00:00.0;-0.030804484581029766
2021-03-20T17:00:00.0;-0.034065066536245005
2021-03-20T18:00:00.0;-0.036827015792028295
2021-03-20T19:00:00.0;-0.04466434252047014
2021-03-20T20:00:00.0;-0.039646380459488234
2021-03-20T21:00:00.0;-0.039263066754609735
2021-03-20T22:00:00.0;-0.03798561393014671
2021-03-20T23:00:00.0;-0.03393435602632296
2021-03-21T00:00:00.0;-0.013261470994388834
2021-03-21T01:00:00.0;-0.008230980623914539
2021-03-21T02:00:00.0;-0.005718962803501488
2021-03-21T03:00:00.0;-0.005511132569316412
2021-03-21T04:00:00.0;-0.005399675511227291
2021-03-21T05:00:00.0;-0.007610256584446962
2021-03-21T06:00:00.0;-0.007808850093564408
2021-03-21T07:00:00.0;-0.007774099558438897
2021-03-21T08:00:00.0;-0.00723884961945779
2021-03-21T09:00:00.0;-0.00730449078857549
2021-03-21T10:00:00.0;-0.007862286758397985
2021-03-21T11:00:00.0;-0.003909178838176471
2021-03-21T12:00:00.0;-0.0039808298730458795
2021-03-21T13:00:00.0;-0.00408548084095988
2021-03-21T14:00:00.0;-0.006764126005712306
2021-03-21T15:00:00.0;-0.007412054780460064
2021-03-21T16:00:00.0;-0.010817629879698544
2021-03-21T17:00:00.0;-0.024848558657062328
2021-03-21T18:00:00.0;-0.02653664859111287
2021-03-21T19:00:00.0;-0.027362456174742956
2021-03-21T20:00:00.0;-0.02776415305829574
2021-03-21T21:00:00.0;-0.027142275477063344
2021-03-21T22:00:00.0;-0.026183420267408435
2021-03-21T23:00:00.0;-0.011271571793503595
2021-03-22T00:00:00.0;-0.03613989807938989
2021-03-22T01:00:00.0;-0.015452145769035995
2021-03-22T02:00:00.0;-0.014869396644709069
2021-03-22T03:00:00.0;-0.014341796501908708
2021-03-22T04:00:00.0;-0.019807517461328146
2021-03-22T05:00:00.0;-0.019845499023839787
2021-03-22T06:00:00.0;-0.020088820005486417
2021-03-22T07:00:00.0;-0.019961076375786948
2021-03-22T08:00:00.0;-0.018642633332497025
2021-03-22T09:00:00.0;-0.012131573383015074
2021-03-22T10:00:00.0;-0.011462827922381557
2021-03-22T11:00:00.0;-0.011204801087874925
2021-03-22T12:00:00.0;-0.011063408175774357
2021-03-22T13:00:00.0;-0.011343968288668835
2021-03-22T14:00:00.0;-0.011801611602667308
2021-03-22T15:00:00.0;-0.018669095564906046
2021-03-22T16:00:00.0;-0.0397289155398522
2021-03-22T17:00:00.0;-0.04378501202033444
2021-03-22T18:00:00.0;-0.046662517060560287
2021-03-22T19:00:00.0;-0.04902385851838026
2021-03-22T20:00:00.0;-0.050075413305360104
2021-03-22T21:00:00.0;-0.049456352496657315
2021-03-22T22:00:00.0;-0.047823189809467016
2021-03-22T23:00:00.0;-0.04503939691817544
2021-03-23T00:00:00.0;-0.03605933987996735
2021-03-23T01:00:00.0;-0.008385621847606177
2021-03-23T02:00:00.0;-0.00804076717125594
2021-03-23T03:00:00.0;-0.007745196877890882
2021-03-23T04:00:00.0;-0.011496488636843426
2021-03-23T05:00:00.0;-0.011397827907976058
2021-03-23T06:00:00.0;-0.011356557608549455
2021-03-23T07:00:00.0;-0.011024041172455033
2021-03-23T08:00:00.0;-0.010293372929658115
2021-03-23T09:00:00.0;-0.009173000903796033
2021-03-23T10:00:00.0;-0.013047852680731683
2021-03-23T11:00:00.0;-0.005589983753629566
2021-03-23T12:00:00.0;-0.00565271776013302
2021-03-23T13:00:00.0;-0.005760981764572825
2021-03-23T14:00:00.0;-0.006352342093266731
2021-03-23T15:00:00.0;-0.01059229150303934
2021-03-23T16:00:00.0;-0.0274584513748499
2021-03-23T17:00:00.0;-0.030261474025202583
2021-03-23T18:00:00.0;-0.032643759834467566
2021-03-23T19:00:00.0;-0.03419204735913489
2021-03-23T20:00:00.0;-0.035003530456613356
2021-03-23T21:00:00.0;-0.034683208453581346
2021-03-23T22:00:00.0;-0.03369310231882419
2021-03-23T23:00:00.0;-0.030125837396682544
2021-03-24T00:00:00.0;-0.03783835950066283
2021-03-24T01:00:00.0;-0.007923429671288278
2021-03-24T02:00:00.0;-0.007530378125054839
2021-03-24T03:00:00.0;-0.007252476652478951
2021-03-24T04:00:00.0;-0.007042844962848373
2021-03-24T05:00:00.0;-0.007502060836369816
2021-03-24T06:00:00.0;-0.007451775563197362
2021-03-24T07:00:00.0;-0.009507599053516594
2021-03-24T08:00:00.0;-0.00891000703682983
2021-03-24T09:00:00.0;-0.009812638461554364
2021-03-24T10:00:00.0;-0.01170921509229281
2021-03-24T11:00:00.0;-0.007845799381325175
2021-03-24T12:00:00.0;-0.005989137664728384
2021-03-24T13:00:00.0;-0.006100720025233985
2021-03-24T14:00:00.0;-0.00630246347219099
2021-03-24T15:00:00.0;-0.009102897980141474
2021-03-24T16:00:00.0;-0.031684269034546846
2021-03-24T17:00:00.0;-0.03782425284369847
2021-03-24T18:00:00.0;-0.040395529996158475
2021-03-24T19:00:00.0;-0.04216861195778558
2021-03-24T20:00:00.0;-0.043436749939307864
2021-03-24T21:00:00.0;-0.04307597894789713
2021-03-24T22:00:00.0;-0.04176577257019082
2021-03-24T23:00:00.0;-0.03266204269076869
2021-03-25T00:00:00.0;-0.01910018670028892
2021-03-25T01:00:00.0;-0.014491721326181034
2021-03-25T02:00:00.0;-0.013928981659274814
2021-03-25T03:00:00.0;-0.01344365104865019
2021-03-25T04:00:00.0;-0.013037972096502736
2021-03-25T05:00:00.0;-0.012985911541363387
2021-03-25T06:00:00.0;-0.017644380656591508
2021-03-25T07:00:00.0;-0.01306147472262451
2021-03-25T08:00:00.0;-0.012434875641466824
2021-03-25T09:00:00.0;-0.012729483238621168
2021-03-25T10:00:00.0;-0.01362131193318978
2021-03-25T11:00:00.0;-0.00955860085494337
2021-03-25T12:00:00.0;-0.0095077506510899
2021-03-25T13:00:00.0;-0.0096364923961506
2021-03-25T14:00:00.0;-0.010975949473028648
2021-03-25T15:00:00.0;-0.01200297974925787
2021-03-25T16:00:00.0;-0.013628532223031557
2021-03-25T17:00:00.0;-0.015104158483593224
2021-03-25T18:00:00.0;-0.016259869620488834
2021-03-25T19:00:00.0;-0.03654923832715285
2021-03-25T20:00:00.0;-0.017671983892082372
2021-03-25T21:00:00.0;-0.0177665254235662
2021-03-25T22:00:00.0;-0.017172560664494057
2021-03-25T23:00:00.0;-0.015480118043986277
2021-03-26T00:00:00.0;-0.00843721937509703
2021-03-26T01:00:00.0;-0.007604222045744433
2021-03-26T02:00:00.0;-0.006596796416626822
2021-03-26T03:00:00.0;-0.006366969622530045
2021-03-26T04:00:00.0;-0.006252867917881526
2021-03-26T05:00:00.0;-0.007553143924345266
2021-03-26T06:00:00.0;-0.00778335919920013
2021-03-26T07:00:00.0;-0.010491153001647845
2021-03-26T08:00:00.0;-0.00977544767991564
2021-03-26T09:00:00.0;-0.008895051453914959
2021-03-26T10:00:00.0;-0.008309506827429852
2021-03-26T11:00:00.0;-0.004957815685798691
2021-03-26T12:00:00.0;-0.0029271622349522565
2021-03-26T13:00:00.0;-0.0029968956432119853
2021-03-26T14:00:00.0;-0.0066379358377550565
2021-03-26T15:00:00.0;-0.00981848269486361
2021-03-26T16:00:00.0;-0.011040092668347816
2021-03-26T17:00:00.0;-0.019363538752474145
2021-03-26T18:00:00.0;-0.02072152435906832
2021-03-26T19:00:00.0;-0.021501605623944216
2021-03-26T20:00:00.0;-0.021930483253694406
2021-03-26T21:00:00.0;-0.02142704726161857
2021-03-26T22:00:00.0;-0.020607630975552002
2021-03-26T23:00:00.0;-0.00898697735357208
2021-03-27T00:00:00.0;-0.018343737230537702
2021-03-27T01:00:00.0;-0.008213547250403968
2021-03-27T02:00:00.0;-0.006433086953819109
2021-03-27T03:00:00.0;-0.0062001388379073746
2021-03-27T04:00:00.0;-0.00606533815240529
2021-03-27T05:00:00.0;-0.007530043998754385
2021-03-27T06:00:00.0;-0.00766465757606411
2021-03-27T07:00:00.0;-0.0075806089231620945
2021-03-27T08:00:00.0;-0.007041097762643239
2021-03-27T09:00:00.0;-0.007463273511870005
2021-03-27T10:00:00.0;-0.008526376654999815
2021-03-27T11:00:00.0;-0.003940605323283145
2021-03-27T12:00:00.0;-0.0040144562066464305
2021-03-27T13:00:00.0;-0.004112098517120752
2021-03-27T14:00:00.0;-0.006580914457106512
2021-03-27T15:00:00.0;-0.007220913958306776
2021-03-27T16:00:00.0;-0.014295426278979211
2021-03-27T17:00:00.0;-0.02411095113896538
2021-03-27T18:00:00.0;-0.025837205392705904
2021-03-27T19:00:00.0;-0.026803902847026148
2021-03-27T20:00:00.0;-0.02734974149864226
2021-03-27T21:00:00.0;-0.02683689663061697
2021-03-27T22:00:00.0;-0.025911367969386343
2021-03-27T23:00:00.0;-0.015149866104210883
2021-03-28T00:00:00.0;-0.017898581327114162
2021-03-28T01:00:00.0;-0.008197140847295602
2021-03-28T02:00:00.0;-0.007895958821838639
2021-03-28T03:00:00.0;-0.007615722343747903
2021-03-28T04:00:00.0;-0.007441348317356261
2021-03-28T05:00:00.0;-0.007430519224724574
2021-03-28T06:00:00.0;-0.007529720877666166
2021-03-28T07:00:00.0;-0.00749929896473018
2021-03-28T08:00:00.0;-0.007013003456953057
2021-03-28T09:00:00.0;-0.00932758074799228
2021-03-28T10:00:00.0;-0.012914008192209177
2021-03-28T11:00:00.0;-0.002783030584268208
2021-03-28T12:00:00.0;-0.0028470913428694767
2021-03-28T13:00:00.0;-0.002895188443070189
2021-03-28T14:00:00.0;-0.0065874305303750885
2021-03-28T15:00:00.0;-0.00717218227900354
2021-03-28T16:00:00.0;-0.00799355722147587
2021-03-28T17:00:00.0;-0.008710512882585921
2021-03-28T18:00:00.0;-0.009417492568587496
2021-03-28T19:00:00.0;-0.00982379121610342
2021-03-28T20:00:00.0;-0.010054101487611197
2021-03-28T21:00:00.0;-0.00989765261810676
2021-03-28T22:00:00.0;-0.009572364374347409
2021-03-28T23:00:00.0;-0.007247217162775413
2021-03-29T00:00:00.0;-0.008401741103838343
2021-03-29T01:00:00.0;-0.007980513251558524
2021-03-29T02:00:00.0;-0.006060834372551449
2021-03-29T03:00:00.0;-0.005846522169194799
2021-03-29T04:00:00.0;-0.005745394142059642
2021-03-29T05:00:00.0;-0.007550814425174522
2021-03-29T06:00:00.0;-0.0077867254723700185
2021-03-29T07:00:00.0;-0.00838358264271713
2021-03-29T08:00:00.0;-0.007762285268028603
2021-03-29T09:00:00.0;-0.007050213854528787
2021-03-29T10:00:00.0;-0.006602599693467435
2021-03-29T11:00:00.0;-0.003414706483305835
2021-03-29T12:00:00.0;-0.0030149959630845027
2021-03-29T13:00:00.0;-0.0030960801568747985
2021-03-29T14:00:00.0;-0.006650221877427131
2021-03-29T15:00:00.0;-0.007890337029048374
2021-03-29T16:00:00.0;-0.008868810942954636
2021-03-29T17:00:00.0;-0.020027067298928836
2021-03-29T18:00:00.0;-0.021450150228081256
2021-03-29T19:00:00.0;-0.022223185071293367
2021-03-29T20:00:00.0;-0.022621832227018825
2021-03-29T21:00:00.0;-0.022077017378431193
2021-03-29T22:00:00.0;-0.021238960473556612
2021-03-29T23:00:00.0;-0.008920034682856537
2021-03-30T00:00:00.0;-0.03881962704086984
2021-03-30T01:00:00.0;-0.007525181659577322
2021-03-30T02:00:00.0;-0.007914530062038096
2021-03-30T03:00:00.0;-0.007629445369363108
2021-03-30T04:00:00.0;-0.007419504130860498
2021-03-30T05:00:00.0;-0.007398912945821301
2021-03-30T06:00:00.0;-0.007331583428215603
2021-03-30T07:00:00.0;-0.010414083584600903
2021-03-30T08:00:00.0;-0.0096250660112297
2021-03-30T09:00:00.0;-0.008752263196726071
2021-03-30T10:00:00.0;-0.00835866303202822
2021-03-30T11:00:00.0;-0.00824933266373505
2021-03-30T12:00:00.0;-0.005615085082043684
2021-03-30T13:00:00.0;-0.0057338604778368095
2021-03-30T14:00:00.0;-0.005922982170762183
2021-03-30T15:00:00.0;-0.009749165590971507
2021-03-30T16:00:00.0;-0.038149905686016714
2021-03-30T17:00:00.0;-0.04187039577974034
2021-03-30T18:00:00.0;-0.04476992517376413
2021-03-30T19:00:00.0;-0.047231092429104816
2021-03-30T20:00:00.0;-0.0491284193946668
2021-03-30T21:00:00.0;-0.048766318552026275
2021-03-30T22:00:00.0;-0.04712927441864193
2021-03-30T23:00:00.0;-0.04038817831733559
2021-03-31T00:00:00.0;-0.04157346256940251
2021-03-31T01:00:00.0;-0.009899998284469209
2021-03-31T02:00:00.0;-0.00947585576866678
2021-03-31T03:00:00.0;-0.009131883283841324
2021-03-31T04:00:00.0;-0.009642716572506968
2021-03-31T05:00:00.0;-0.009626102013671353
2021-03-31T06:00:00.0;-0.009524205969611517
2021-03-31T07:00:00.0;-0.009070971481583501
2021-03-31T08:00:00.0;-0.008269315129285611
2021-03-31T09:00:00.0;-0.006884595277391887
2021-03-31T10:00:00.0;-0.006587259076505722
2021-03-31T11:00:00.0;-0.0065521444253163275
2021-03-31T12:00:00.0;-0.006639298521059705
2021-03-31T13:00:00.0;-0.006808114520161636
2021-03-31T14:00:00.0;-0.007036945261392844
2021-03-31T15:00:00.0;-0.008521358953809847
2021-03-31T16:00:00.0;-0.03762948774699991
2021-03-31T17:00:00.0;-0.04115605659549726
2021-03-31T18:00:00.0;-0.04419047964720505
2021-03-31T19:00:00.0;-0.04683194282009865
2021-03-31T20:00:00.0;-0.04873837110983584
2021-03-31T21:00:00.0;-0.048404747697311595
2021-03-31T22:00:00.0;-0.04679908451768527
2021-03-31T23:00:00.0;-0.04418521355509132
2021-04-01T00:00:00.0;-0.008378319340109413
2021-04-01T01:00:00.0;-0.007084808470630555
2021-04-01T02:00:00.0;-0.007777556051721653
2021-04-01T03:00:00.0;-0.007515850806393894
2021-04-01T04:00:00.0;-0.00736292516426939
2021-04-01T05:00:00.0;-0.007425581238383882
2021-04-01T06:00:00.0;-0.009006318540626085
2021-04-01T07:00:00.0;-0.012562247366294263
2021-04-01T08:00:00.0;-0.01176443209250703
2021-04-01T09:00:00.0;-0.01066634635189669
2021-04-01T10:00:00.0;-0.00987236853528274
2021-04-01T11:00:00.0;-0.006625376670471589
2021-04-01T12:00:00.0;-0.0028823117566531137
2021-04-01T13:00:00.0;-0.00293385637892292
2021-04-01T14:00:00.0;-0.006312020952977861
2021-04-01T15:00:00.0;-0.011492307049152141
2021-04-01T16:00:00.0;-0.013035028682577289
2021-04-01T17:00:00.0;-0.014230691354751251
2021-04-01T18:00:00.0;-0.015313783679120046
2021-04-01T19:00:00.0;-0.022026884813733768
2021-04-01T20:00:00.0;-0.016559305912995096
2021-04-01T21:00:00.0;-0.016328544153524683
2021-04-01T22:00:00.0;-0.01569365652947641
2021-04-01T23:00:00.0;-0.009052640764594834
2021-04-02T00:00:00.0;-0.011347108304831145
2021-04-02T01:00:00.0;-0.007486520874333296
2021-04-02T02:00:00.0;-0.007796125870844248
2021-04-02T03:00:00.0;-0.007529489602363308
2021-04-02T04:00:00.0;-0.007386378015531451
2021-04-02T05:00:00.0;-0.0074417481985304896
2021-04-02T06:00:00.0;-0.007615247366197223
2021-04-02T07:00:00.0;-0.010631821949476993
2021-04-02T08:00:00.0;-0.009905244491283568
2021-04-02T09:00:00.0;-0.009791353483364778
2021-04-02T10:00:00.0;-0.010234678032256157
2021-04-02T11:00:00.0;-0.004660135815660781
2021-04-02T12:00:00.0;-0.002370025054367954
2021-04-02T13:00:00.0;-0.0024157537101267496
2021-04-02T14:00:00.0;-0.006465507038679507
2021-04-02T15:00:00.0;-0.009916012384835962
2021-04-02T16:00:00.0;-0.011543468426804959
2021-04-02T17:00:00.0;-0.012542509214978464
2021-04-02T18:00:00.0;-0.013508156354384048
2021-04-02T19:00:00.0;-0.014130859430887077
2021-04-02T20:00:00.0;-0.014506545253175938
2021-04-02T21:00:00.0;-0.014228888329444795
2021-04-02T22:00:00.0;-0.013694108216084685
2021-04-02T23:00:00.0;-0.008960879947235899
2021-04-03T00:00:00.0;-0.0230897248108301
2021-04-03T01:00:00.0;-0.007247519112093525
2021-04-03T02:00:00.0;-0.007866763631532674
2021-04-03T03:00:00.0;-0.007592979789992159
2021-04-03T04:00:00.0;-0.007419660958740253
2021-04-03T05:00:00.0;-0.007447495316465782
2021-04-03T06:00:00.0;-0.0075492343039054235
2021-04-03T07:00:00.0;-0.011938779516069236
2021-04-03T08:00:00.0;-0.011118159117426737
2021-04-03T09:00:00.0;-0.010105809193172721
2021-04-03T10:00:00.0;-0.009502879386557552
2021-04-03T11:00:00.0;-0.007528579569986414
2021-04-03T12:00:00.0;-0.004041096347680426
2021-04-03T13:00:00.0;-0.004120870107976879
2021-04-03T14:00:00.0;-0.0062192867677161754
2021-04-03T15:00:00.0;-0.011093263559877987
2021-04-03T16:00:00.0;-0.02613511438033545
2021-04-03T17:00:00.0;-0.028558210595610437
2021-04-03T18:00:00.0;-0.030580945201423047
2021-04-03T19:00:00.0;-0.03221259442993657
2021-04-03T20:00:00.0;-0.033157351046969666
2021-04-03T21:00:00.0;-0.03269038253227666
2021-04-03T22:00:00.0;-0.03149751395114593
2021-04-03T23:00:00.0;-0.024441911308070493
2021-04-04T00:00:00.0;-0.01756980928420669
2021-04-04T01:00:00.0;-0.008143337517269027
2021-04-04T02:00:00.0;-0.007824514699123519
2021-04-04T03:00:00.0;-0.007546781198141683
2021-04-04T04:00:00.0;-0.007284412604200475
2021-04-04T05:00:00.0;-0.00720261855341546
2021-04-04T06:00:00.0;-0.013446887189546735
2021-04-04T07:00:00.0;-0.00699433834338522
2021-04-04T08:00:00.0;-0.006622601509461217
2021-04-04T09:00:00.0;-0.008760540681915922
2021-04-04T10:00:00.0;-0.011955272066750844
2021-04-04T11:00:00.0;-0.00553555354274978
2021-04-04T12:00:00.0;-0.005473576782866145
2021-04-04T13:00:00.0;-0.005524870113176903
2021-04-04T14:00:00.0;-0.0058260000342778995
2021-04-04T15:00:00.0;-0.006385329779317098
2021-04-04T16:00:00.0;-0.007309834072821675
2021-04-04T17:00:00.0;-0.008150026507766242
2021-04-04T18:00:00.0;-0.008914888465088004
2021-04-04T19:00:00.0;-0.036852740567565004
2021-04-04T20:00:00.0;-0.009846459492052187
2021-04-04T21:00:00.0;-0.010012046346570201
2021-04-04T22:00:00.0;-0.009702901399871768
2021-04-04T23:00:00.0;-0.007335388054439986
2021-04-05T00:00:00.0;-0.015052896338552817
2021-04-05T01:00:00.0;-0.008094880465437012
2021-04-05T02:00:00.0;-0.007802588108960586
2021-04-05T03:00:00.0;-0.007529422822214977
2021-04-05T04:00:00.0;-0.007374159387100349
2021-04-05T05:00:00.0;-0.007396120460365634
2021-04-05T06:00:00.0;-0.007522422752388998
2021-04-05T07:00:00.0;-0.007485897602135224
2021-04-05T08:00:00.0;-0.0069483892512279865
2021-04-05T09:00:00.0;-0.008358838139579435
2021-04-05T10:00:00.0;-0.010720186385366306
2021-04-05T11:00:00.0;-0.0023661007923146886
2021-04-05T12:00:00.0;-0.002430865148321627
2021-04-05T13:00:00.0;-0.002477355996727458
2021-04-05T14:00:00.0;-0.006479926295517795
2021-04-05T15:00:00.0;-0.007091504964038346
2021-04-05T16:00:00.0;-0.007940954001202108
2021-04-05T17:00:00.0;-0.00862312459543314
2021-04-05T18:00:00.0;-0.009333233246426646
2021-04-05T19:00:00.0;-0.009764616368656618
2021-04-05T20:00:00.0;-0.010014449286954727
2021-04-05T21:00:00.0;-0.00984242043904868
2021-04-05T22:00:00.0;-0.009498715199836005
2021-04-05T23:00:00.0;-0.007707489034782975
2021-04-06T00:00:00.0;-0.01100637087493466
2021-04-06T01:00:00.0;-0.008085506569790546
2021-04-06T02:00:00.0;-0.0066951219619837
2021-04-06T03:00:00.0;-0.006458980472013503
2021-04-06T04:00:00.0;-0.006339900947396696
2021-04-06T05:00:00.0;-0.00748332657584862
2021-04-06T06:00:00.0;-0.007675969880791747
2021-04-06T07:00:00.0;-0.007649501682218109
2021-04-06T08:00:00.0;-0.007078693513879828
2021-04-06T09:00:00.0;-0.007240393350016112
2021-04-06T10:00:00.0;-0.007932562494874838
2021-04-06T11:00:00.0;-0.0026855182301946112
2021-04-06T12:00:00.0;-0.00275634318728393
2021-04-06T13:00:00.0;-0.0028234226138040153
2021-04-06T14:00:00.0;-0.006573981657438985
2021-04-06T15:00:00.0;-0.007221386756876099
2021-04-06T16:00:00.0;-0.00810627167183438
2021-04-06T17:00:00.0;-0.015284298165502995
2021-04-06T18:00:00.0;-0.016445332167133262
2021-04-06T19:00:00.0;-0.017106400739715713
2021-04-06T20:00:00.0;-0.017464533655717412
2021-04-06T21:00:00.0;-0.017089489607298163
2021-04-06T22:00:00.0;-0.016461228212211704
2021-04-06T23:00:00.0;-0.008433876373313068
2021-04-07T00:00:00.0;-0.009591276400572018
2021-04-07T01:00:00.0;-0.008369301169799311
2021-04-07T02:00:00.0;-0.004006578364580908
2021-04-07T03:00:00.0;-0.0038568401035994674
2021-04-07T04:00:00.0;-0.003779900160273631
2021-04-07T05:00:00.0;-0.0078071471027985895
2021-04-07T06:00:00.0;-0.008082211340041601
2021-04-07T07:00:00.0;-0.008090279838581339
2021-04-07T08:00:00.0;-0.007584853334718475
2021-04-07T09:00:00.0;-0.007002590091133916
2021-04-07T10:00:00.0;-0.006645909434066224
2021-04-07T11:00:00.0;-0.005026009276705913
2021-04-07T12:00:00.0;-0.0050844554698528275
2021-04-07T13:00:00.0;-0.005238235163446498
2021-04-07T14:00:00.0;-0.007116395464922743
2021-04-07T15:00:00.0;-0.007777171042618431
2021-04-07T16:00:00.0;-0.0096013505820235
2021-04-07T17:00:00.0;-0.03502686774812674
2021-04-07T18:00:00.0;-0.03703750983046106
2021-04-07T19:00:00.0;-0.037671358165717636
2021-04-07T20:00:00.0;-0.03780151339515249
2021-04-07T21:00:00.0;-0.036769441697324226
2021-04-07T22:00:00.0;-0.035475898079757436
2021-04-07T23:00:00.0;-0.009940383776279146
2021-04-08T00:00:00.0;-0.01244576217236588
2021-04-08T01:00:00.0;-0.008018626789348723
2021-04-08T02:00:00.0;-0.007732887192568083
2021-04-08T03:00:00.0;-0.007466454434902121
2021-04-08T04:00:00.0;-0.010499122754266888
2021-04-08T05:00:00.0;-0.010589870856030754
2021-04-08T06:00:00.0;-0.010845999226613294
2021-04-08T07:00:00.0;-0.010764213884613415
2021-04-08T08:00:00.0;-0.009910971609229305
2021-04-08T09:00:00.0;-0.007499470025934574
2021-04-08T10:00:00.0;-0.008741619074279401
2021-04-08T11:00:00.0;-0.0024509228440795796
2021-04-08T12:00:00.0;-0.002528591418149468
2021-04-08T13:00:00.0;-0.0025881657338233948
2021-04-08T14:00:00.0;-0.006387517439889824
2021-04-08T15:00:00.0;-0.0100557768851113
2021-04-08T16:00:00.0;-0.011335041983583533
2021-04-08T17:00:00.0;-0.01230509527416872
2021-04-08T18:00:00.0;-0.013350503267831042
2021-04-08T19:00:00.0;-0.014020127112669992
2021-04-08T20:00:00.0;-0.014340684251282446
2021-04-08T21:00:00.0;-0.014055611209696142
2021-04-08T22:00:00.0;-0.013543337638250682
2021-04-08T23:00:00.0;-0.01205101215391027
2021-04-09T00:00:00.0;-0.0350008286723226
2021-04-09T01:00:00.0;-0.008131740867937588
2021-04-09T02:00:00.0;-0.006663292103881505
2021-04-09T03:00:00.0;-0.006417261428994096
2021-04-09T04:00:00.0;-0.006251140266912847
2021-04-09T05:00:00.0;-0.007456979043563468
2021-04-09T06:00:00.0;-0.0074419687735775356
2021-04-09T07:00:00.0;-0.0077063371888867315
2021-04-09T08:00:00.0;-0.007078062279695567
2021-04-09T09:00:00.0;-0.006438466291630472
2021-04-09T10:00:00.0;-0.006169066325896564
2021-04-09T11:00:00.0;-0.0061122743101560476
2021-04-09T12:00:00.0;-0.005735977286690165
2021-04-09T13:00:00.0;-0.0058898084783015345
2021-04-09T14:00:00.0;-0.006107145267352944
2021-04-09T15:00:00.0;-0.007304498976014662
2021-04-09T16:00:00.0;-0.032500951867484966
2021-04-09T17:00:00.0;-0.042349992490274074
2021-04-09T18:00:00.0;-0.04524269080395887
2021-04-09T19:00:00.0;-0.04736574170161929
2021-04-09T20:00:00.0;-0.04888920928529415
2021-04-09T21:00:00.0;-0.048330251374241934
2021-04-09T22:00:00.0;-0.04672185467222652
2021-04-09T23:00:00.0;-0.03621124898966147
2021-04-10T00:00:00.0;-0.01286533903979919
2021-04-10T01:00:00.0;-0.008022024412381609
2021-04-10T02:00:00.0;-0.007736036813690744
2021-04-10T03:00:00.0;-0.007468460912917876
2021-04-10T04:00:00.0;-0.008526378012169732
2021-04-10T05:00:00.0;-0.008586550132392432
2021-04-10T06:00:00.0;-0.008770152704204538
2021-04-10T07:00:00.0;-0.00871556035105213
2021-04-10T08:00:00.0;-0.008038962329346816
2021-04-10T09:00:00.0;-0.007628393806934349
2021-04-10T10:00:00.0;-0.009061856120333495
2021-04-10T11:00:00.0;-0.002225853080363993
2021-04-10T12:00:00.0;-0.0022947570988708457
2021-04-10T13:00:00.0;-0.0023447604090059086
2021-04-10T14:00:00.0;-0.006398707958860044
2021-04-10T15:00:00.0;-0.00817896145427431
2021-04-10T16:00:00.0;-0.009200517729455534
2021-04-10T17:00:00.0;-0.00997458657837656
2021-04-10T18:00:00.0;-0.010811004450805396
2021-04-10T19:00:00.0;-0.0113413385587278
2021-04-10T20:00:00.0;-0.011630358129797841
2021-04-10T21:00:00.0;-0.011410543508106658
2021-04-10T22:00:00.0;-0.010995295108258928
2021-04-10T23:00:00.0;-0.009543116452532061
2021-04-11T00:00:00.0;-0.028989771608351655
2021-04-11T01:00:00.0;-0.008181690644304605
2021-04-11T02:00:00.0;-0.006556833321483153
2021-04-11T03:00:00.0;-0.006317121271134752
2021-04-11T04:00:00.0;-0.006167898425618752
2021-04-11T05:00:00.0;-0.007451231144594725
2021-04-11T06:00:00.0;-0.007488070679667779
2021-04-11T07:00:00.0;-0.007251137395231369
2021-04-11T08:00:00.0;-0.006648249935475603
2021-04-11T09:00:00.0;-0.006030449774609339
2021-04-11T10:00:00.0;-0.005745492913712132
2021-04-11T11:00:00.0;-0.0049388447882235155
2021-04-11T12:00:00.0;-0.005017447078680413
2021-04-11T13:00:00.0;-0.005155455381687995
2021-04-11T14:00:00.0;-0.00618191685307065
2021-04-11T15:00:00.0;-0.006859221313353244
2021-04-11T16:00:00.0;-0.0268253579276887
2021-04-11T17:00:00.0;-0.03645600148319339
2021-04-11T18:00:00.0;-0.03903235043662076
2021-04-11T19:00:00.0;-0.040828225336442384
2021-04-11T20:00:00.0;-0.04204851456799548
2021-04-11T21:00:00.0;-0.041450754733727335
2021-04-11T22:00:00.0;-0.040022041119205515
2021-04-11T23:00:00.0;-0.0301979452672443
2021-04-12T00:00:00.0;-0.038537409559177865
2021-04-12T01:00:00.0;-0.00813416191255246
2021-04-12T02:00:00.0;-0.007897687131506067
2021-04-12T03:00:00.0;-0.0076097105762589125
2021-04-12T04:00:00.0;-0.008934312847334312
2021-04-12T05:00:00.0;-0.008893827835066936
2021-04-12T06:00:00.0;-0.008813606044086715
2021-04-12T07:00:00.0;-0.008948515164056418
2021-04-12T08:00:00.0;-0.00822877041586351
2021-04-12T09:00:00.0;-0.00739391963534159
2021-04-12T10:00:00.0;-0.008685525357644396
2021-04-12T11:00:00.0;-0.005764105779938494
2021-04-12T12:00:00.0;-0.00543462274365061
2021-04-12T13:00:00.0;-0.005555820374614519
2021-04-12T14:00:00.0;-0.005990710831218663
2021-04-12T15:00:00.0;-0.00847738463906921
2021-04-12T16:00:00.0;-0.032853805785331446
2021-04-12T17:00:00.0;-0.036020288129295815
2021-04-12T18:00:00.0;-0.03878389139819174
2021-04-12T19:00:00.0;-0.0409182615917022
2021-04-12T20:00:00.0;-0.042367718132532865
2021-04-12T21:00:00.0;-0.04204056619428395
2021-04-12T22:00:00.0;-0.04071408605679937
2021-04-12T23:00:00.0;-0.037174213846930704
2021-04-13T00:00:00.0;-0.0391652927315843
2021-04-13T01:00:00.0;-0.007586567554560171
2021-04-13T02:00:00.0;-0.007900367670939516
2021-04-13T03:00:00.0;-0.007615451590184489
2021-04-13T04:00:00.0;-0.0074063885940696805
2021-04-13T05:00:00.0;-0.007386336963461239
2021-04-13T06:00:00.0;-0.0073142223689195394
2021-04-13T07:00:00.0;-0.010034670582815243
2021-04-13T08:00:00.0;-0.009254855590956552
2021-04-13T09:00:00.0;-0.008405883064142243
2021-04-13T10:00:00.0;-0.008031235847393426
2021-04-13T11:00:00.0;-0.007935489921541562
2021-04-13T12:00:00.0;-0.005588108306555866
2021-04-13T13:00:00.0;-0.005708905586107161
2021-04-13T14:00:00.0;-0.005896949248213139
2021-04-13T15:00:00.0;-0.00939672422401213
2021-04-13T16:00:00.0;-0.03803981342835619
2021-04-13T17:00:00.0;-0.041726891817840436
2021-04-13T18:00:00.0;-0.044648107226795
2021-04-13T19:00:00.0;-0.0471366717374163
2021-04-13T20:00:00.0;-0.04905440329367368
2021-04-13T21:00:00.0;-0.048700345712158435
2021-04-13T22:00:00.0;-0.04706676650457121
2021-04-13T23:00:00.0;-0.04074364383489033
2021-04-14T00:00:00.0;-0.022748287531767296
2021-04-14T01:00:00.0;-0.00938513146433316
2021-04-14T02:00:00.0;-0.009017810855745996
2021-04-14T03:00:00.0;-0.008702872001511819
2021-04-14T04:00:00.0;-0.012614901000244459
2021-04-14T05:00:00.0;-0.012665450891600701
2021-04-14T06:00:00.0;-0.014791705471797199
2021-04-14T07:00:00.0;-0.012424200793750683
2021-04-14T08:00:00.0;-0.01142644116898234
2021-04-14T09:00:00.0;-0.007334605674339769
2021-04-14T10:00:00.0;-0.007416916159319943
2021-04-14T11:00:00.0;-0.005518705803927355
2021-04-14T12:00:00.0;-0.005599224725718541
2021-04-14T13:00:00.0;-0.00573583276376946
2021-04-14T14:00:00.0;-0.006912858451921287
2021-04-14T15:00:00.0;-0.011388979393699272
2021-04-14T16:00:00.0;-0.023633026620511498
2021-04-14T17:00:00.0;-0.02593791465005239
2021-04-14T18:00:00.0;-0.02812627075704959
2021-04-14T19:00:00.0;-0.038398470000808656
2021-04-14T20:00:00.0;-0.03077884083974225
2021-04-14T21:00:00.0;-0.030588087554980284
2021-04-14T22:00:00.0;-0.02951827379325682
2021-04-14T23:00:00.0;-0.02765887370445236
2021-04-15T00:00:00.0;-0.020970119361577833
2021-04-15T01:00:00.0;-0.011211301346279609
2021-04-15T02:00:00.0;-0.010766892943883305
2021-04-15T03:00:00.0;-0.010391242158049088
2021-04-15T04:00:00.0;-0.010076851201509411
2021-04-15T05:00:00.0;-0.01005192351280703
2021-04-15T06:00:00.0;-0.014942843864528753
2021-04-15T07:00:00.0;-0.009816004388804814
2021-04-15T08:00:00.0;-0.009176607551966708
2021-04-15T09:00:00.0;-0.008850985500664443
2021-04-15T10:00:00.0;-0.008961712408280201
2021-04-15T11:00:00.0;-0.007272713197006308
2021-04-15T12:00:00.0;-0.007243447672818323
2021-04-15T13:00:00.0;-0.0073625454018041965
2021-04-15T14:00:00.0;-0.00801867894923687
2021-04-15T15:00:00.0;-0.008884417199767533
2021-04-15T16:00:00.0;-0.01694866416062237
2021-04-15T17:00:00.0;-0.018750009004451763
2021-04-15T18:00:00.0;-0.020329938029714886
2021-04-15T19:00:00.0;-0.04253577367031418
2021-04-15T20:00:00.0;-0.022536713660904206
2021-04-15T21:00:00.0;-0.022746520396548328
2021-04-15T22:00:00.0;-0.021962465429766286
2021-04-15T23:00:00.0;-0.020391804908235053
2021-04-16T00:00:00.0;-0.021953720236883544
2021-04-16T01:00:00.0;-0.007982930165322734
2021-04-16T02:00:00.0;-0.007759687738366165
2021-04-16T03:00:00.0;-0.007485364126026022
2021-04-16T04:00:00.0;-0.00748434763915019
2021-04-16T05:00:00.0;-0.007441019088559043
2021-04-16T06:00:00.0;-0.012163446518625831
2021-04-16T07:00:00.0;-0.0076176575011191
2021-04-16T08:00:00.0;-0.007103928870256866
2021-04-16T09:00:00.0;-0.007564629030436358
2021-04-16T10:00:00.0;-0.008910815090191006
2021-04-16T11:00:00.0;-0.005647467867704644
2021-04-16T12:00:00.0;-0.005276571585744681
2021-04-16T13:00:00.0;-0.0053560105294612175
2021-04-16T14:00:00.0;-0.005705094351094784
2021-04-16T15:00:00.0;-0.006934841015882041
2021-04-16T16:00:00.0;-0.01586484191065954
2021-04-16T17:00:00.0;-0.017570290962874466
2021-04-16T18:00:00.0;-0.01914437807545806
2021-04-16T19:00:00.0;-0.04092168936526088
2021-04-16T20:00:00.0;-0.0212541817233601
2021-04-16T21:00:00.0;-0.021475485648725985
2021-04-16T22:00:00.0;-0.020767748727450727
2021-04-16T23:00:00.0;-0.018130523175292464
2021-04-17T00:00:00.0;-0.019390738322746508
2021-04-17T01:00:00.0;-0.007453687837008257
2021-04-17T02:00:00.0;-0.007731890276605159
2021-04-17T03:00:00.0;-0.00746438856504255
2021-04-17T04:00:00.0;-0.0072556110589629234
2021-04-17T05:00:00.0;-0.007260126531523839
2021-04-17T06:00:00.0;-0.011144661597300952
2021-04-17T07:00:00.0;-0.0098764629786571
2021-04-17T08:00:00.0;-0.009189022946212325
2021-04-17T09:00:00.0;-0.008297227768962962
2021-04-17T10:00:00.0;-0.007722538857352917
2021-04-17T11:00:00.0;-0.006965100160805725
2021-04-17T12:00:00.0;-0.004846638069632467
2021-04-17T13:00:00.0;-0.004930717296079507
2021-04-17T14:00:00.0;-0.005730107212751151
2021-04-17T15:00:00.0;-0.00890249721385084
2021-04-17T16:00:00.0;-0.02012061590172639
2021-04-17T17:00:00.0;-0.022188293857255296
2021-04-17T18:00:00.0;-0.024026976887547936
2021-04-17T19:00:00.0;-0.042035224152297254
2021-04-17T20:00:00.0;-0.026654147589446713
2021-04-17T21:00:00.0;-0.026757875057395634
2021-04-17T22:00:00.0;-0.025791969587428853
2021-04-17T23:00:00.0;-0.020850946835410007
2021-04-18T00:00:00.0;-0.032967776280879824
2021-04-18T01:00:00.0;-0.00809714309204816
2021-04-18T02:00:00.0;-0.007764273407863188
2021-04-18T03:00:00.0;-0.007488537121875491
2021-04-18T04:00:00.0;-0.015151209094279713
2021-04-18T05:00:00.0;-0.015239827806611308
2021-04-18T06:00:00.0;-0.01531195947246793
2021-04-18T07:00:00.0;-0.014606007575530964
2021-04-18T08:00:00.0;-0.013202490391652845
2021-04-18T09:00:00.0;-0.0057012599078442895
2021-04-18T10:00:00.0;-0.005373459690868987
2021-04-18T11:00:00.0;-0.0052954190614737905
2021-04-18T12:00:00.0;-0.005412731334737272
2021-04-18T13:00:00.0;-0.005585475081178544
2021-04-18T14:00:00.0;-0.005833750480920259
2021-04-18T15:00:00.0;-0.013478182958397335
2021-04-18T16:00:00.0;-0.03776915517112895
2021-04-18T17:00:00.0;-0.04138424244021561
2021-04-18T18:00:00.0;-0.044826463504323504
2021-04-18T19:00:00.0;-0.0476379292403736
2021-04-18T20:00:00.0;-0.049020226445649434
2021-04-18T21:00:00.0;-0.04837972756856774
2021-04-18T22:00:00.0;-0.04673164855242857
2021-04-18T23:00:00.0;-0.044184432336645374
2021-04-19T00:00:00.0;-0.033255551820349595
2021-04-19T01:00:00.0;-0.008097970718274212
2021-04-19T02:00:00.0;-0.007764571345825842
2021-04-19T03:00:00.0;-0.007488594694205321
2021-04-19T04:00:00.0;-0.01490468019513699
2021-04-19T05:00:00.0;-0.014988152814577752
2021-04-19T06:00:00.0;-0.01504953963036099
2021-04-19T07:00:00.0;-0.014351470998014723
2021-04-19T08:00:00.0;-0.012972524111246733
2021-04-19T09:00:00.0;-0.005694730317731187
2021-04-19T10:00:00.0;-0.005370195092284396
2021-04-19T11:00:00.0;-0.005294463836248753
2021-04-19T12:00:00.0;-0.0054106718618152265
2021-04-19T13:00:00.0;-0.005582354425975786
2021-04-19T14:00:00.0;-0.005828441146056635
2021-04-19T15:00:00.0;-0.013250307417690932
2021-04-19T16:00:00.0;-0.03774680803247573
2021-04-19T17:00:00.0;-0.041354795210929406
2021-04-19T18:00:00.0;-0.04478676671344159
2021-04-19T19:00:00.0;-0.04759578813464112
2021-04-19T20:00:00.0;-0.04900057241038669
2021-04-19T21:00:00.0;-0.048371299116656864
2021-04-19T22:00:00.0;-0.04672464455775268
2021-04-19T23:00:00.0;-0.04417396475860943
2021-04-20T00:00:00.0;-0.03888262535959043
2021-04-20T01:00:00.0;-0.009665409543414962
2021-04-20T02:00:00.0;-0.009256626011244681
2021-04-20T03:00:00.0;-0.00892301745844559
2021-04-20T04:00:00.0;-0.011697703913650142
2021-04-20T05:00:00.0;-0.011704545158069289
2021-04-20T06:00:00.0;-0.011644486385682879
2021-04-20T07:00:00.0;-0.011110688924053768
2021-04-20T08:00:00.0;-0.010116791212552484
2021-04-20T09:00:00.0;-0.00677813972422905
2021-04-20T10:00:00.0;-0.006453825446580125
2021-04-20T11:00:00.0;-0.006397148684349634
2021-04-20T12:00:00.0;-0.006496340071297485
2021-04-20T13:00:00.0;-0.006673326290293595
2021-04-20T14:00:00.0;-0.006920216320539836
2021-04-20T15:00:00.0;-0.010382696090325586
2021-04-20T16:00:00.0;-0.03776961587715939
2021-04-20T17:00:00.0;-0.041346276194312526
2021-04-20T18:00:00.0;-0.04448834428459564
2021-04-20T19:00:00.0;-0.047164658773043704
2021-04-20T20:00:00.0;-0.04888167805862482
2021-04-20T21:00:00.0;-0.04844779416082415
2021-04-20T22:00:00.0;-0.04682897001796567
2021-04-20T23:00:00.0;-0.0442424968537761
2021-04-21T00:00:00.0;-0.010180532993815421
2021-04-21T01:00:00.0;-0.007916952997796612
2021-04-21T02:00:00.0;-0.007637739657072445
2021-04-21T03:00:00.0;-0.007377300352240233
2021-04-21T04:00:00.0;-0.008430515950706163
2021-04-21T05:00:00.0;-0.008519035151697565
2021-04-21T06:00:00.0;-0.009409086670615314
2021-04-21T07:00:00.0;-0.00863768783574883
2021-04-21T08:00:00.0;-0.007917310532869561
2021-04-21T09:00:00.0;-0.006693610712231227
2021-04-21T10:00:00.0;-0.007028720699249943
2021-04-21T11:00:00.0;-0.0021498147281956564
2021-04-21T12:00:00.0;-0.0022189394846698876
2021-04-21T13:00:00.0;-0.0022710762068741076
2021-04-21T14:00:00.0;-0.006213720609461625
2021-04-21T15:00:00.0;-0.007990352118547858
2021-04-21T16:00:00.0;-0.009056282196419652
2021-04-21T17:00:00.0;-0.009806117122925612
2021-04-21T18:00:00.0;-0.010653138501150895
2021-04-21T19:00:00.0;-0.014195963098630972
2021-04-21T20:00:00.0;-0.011559186926440028
2021-04-21T21:00:00.0;-0.011361402616385538
2021-04-21T22:00:00.0;-0.010927337082727518
2021-04-21T23:00:00.0;-0.009969146182653373
2021-04-22T00:00:00.0;-0.025101746142903496
2021-04-22T01:00:00.0;-0.007872351819455368
2021-04-22T02:00:00.0;-0.007331074041248483
2021-04-22T03:00:00.0;-0.007070951429730191
2021-04-22T04:00:00.0;-0.006887941926224086
2021-04-22T05:00:00.0;-0.007303670843893659
2021-04-22T06:00:00.0;-0.009395315119212282
2021-04-22T07:00:00.0;-0.007982802013213382
2021-04-22T08:00:00.0;-0.007338424205049276
2021-04-22T09:00:00.0;-0.0066163820258236215
2021-04-22T10:00:00.0;-0.006226765205821289
2021-04-22T11:00:00.0;-0.005467897825873566
2021-04-22T12:00:00.0;-0.004812444750991352
2021-04-22T13:00:00.0;-0.004922075060032314
2021-04-22T14:00:00.0;-0.005840960441153984
2021-04-22T15:00:00.0;-0.007352510537647628
2021-04-22T16:00:00.0;-0.02354476751765928
2021-04-22T17:00:00.0;-0.028058297038599075
2021-04-22T18:00:00.0;-0.030293340443337344
2021-04-22T19:00:00.0;-0.040917781100692115
2021-04-22T20:00:00.0;-0.033336385231899995
2021-04-22T21:00:00.0;-0.03321738358638846
2021-04-22T22:00:00.0;-0.03204211195848655
2021-04-22T23:00:00.0;-0.02662319361730581
2021-04-23T00:00:00.0;-0.02737023623644339
2021-04-23T01:00:00.0;-0.00802930141286502
2021-04-23T02:00:00.0;-0.007704824419128132
2021-04-23T03:00:00.0;-0.0074341271610355655
2021-04-23T04:00:00.0;-0.013679876624996534
2021-04-23T05:00:00.0;-0.01374939159142066
2021-04-23T06:00:00.0;-0.015621867337431967
2021-04-23T07:00:00.0;-0.013210906358723294
2021-04-23T08:00:00.0;-0.011997514879212029
2021-04-23T09:00:00.0;-0.0056806134775632235
2021-04-23T10:00:00.0;-0.005313184268985523
2021-04-23T11:00:00.0;-0.00519798747255442
2021-04-23T12:00:00.0;-0.005279989556833913
2021-04-23T13:00:00.0;-0.00543286898076555
2021-04-23T14:00:00.0;-0.005703470011399375
2021-04-23T15:00:00.0;-0.012019279128962976
2021-04-23T16:00:00.0;-0.030988955482252428
2021-04-23T17:00:00.0;-0.03405263262666715
2021-04-23T18:00:00.0;-0.037030846308391326
2021-04-23T19:00:00.0;-0.047195874387482774
2021-04-23T20:00:00.0;-0.04082210196956549
2021-04-23T21:00:00.0;-0.04058672821581865
2021-04-23T22:00:00.0;-0.0391769552168219
2021-04-23T23:00:00.0;-0.036995926479295074
2021-04-24T00:00:00.0;-0.012177741019671612
2021-04-24T01:00:00.0;-0.007942640717580355
2021-04-24T02:00:00.0;-0.0076396619194433095
2021-04-24T03:00:00.0;-0.007375718786266709
2021-04-24T04:00:00.0;-0.007143817668075593
2021-04-24T05:00:00.0;-0.0071200416794385294
2021-04-24T06:00:00.0;-0.013821524859959038
2021-04-24T07:00:00.0;-0.006932279824061163
2021-04-24T08:00:00.0;-0.006470196124410037
2021-04-24T09:00:00.0;-0.006977232313654493
2021-04-24T10:00:00.0;-0.008013590033747728
2021-04-24T11:00:00.0;-0.004823074174767924
2021-04-24T12:00:00.0;-0.004792236017735387
2021-04-24T13:00:00.0;-0.004856614970909776
2021-04-24T14:00:00.0;-0.005564396674322093
2021-04-24T15:00:00.0;-0.006173536696555073
2021-04-24T16:00:00.0;-0.007159482667029727
2021-04-24T17:00:00.0;-0.007941569803942537
2021-04-24T18:00:00.0;-0.008716611255825481
2021-04-24T19:00:00.0;-0.03823057258186837
2021-04-24T20:00:00.0;-0.009755220394995824
2021-04-24T21:00:00.0;-0.009913948810994517
2021-04-24T22:00:00.0;-0.009570516114189433
2021-04-24T23:00:00.0;-0.008225672175869806
2021-04-25T00:00:00.0;-0.00864089488433931
2021-04-25T01:00:00.0;-0.00759740605504067
2021-04-25T02:00:00.0;-0.007382434582196595
2021-04-25T03:00:00.0;-0.007131535433555512
2021-04-25T04:00:00.0;-0.006930589802529676
2021-04-25T05:00:00.0;-0.0071678150253931495
2021-04-25T06:00:00.0;-0.01345138024151642
2021-04-25T07:00:00.0;-0.008517872728740748
2021-04-25T08:00:00.0;-0.00792539927756867
2021-04-25T09:00:00.0;-0.007116250007428954
2021-04-25T10:00:00.0;-0.006529288995862506
2021-04-25T11:00:00.0;-0.005557610738918088
2021-04-25T12:00:00.0;-0.004478290822993483
2021-04-25T13:00:00.0;-0.004552750564862564
2021-04-25T14:00:00.0;-0.00559673147314799
2021-04-25T15:00:00.0;-0.007519921438347931
2021-04-25T16:00:00.0;-0.009146826664714372
2021-04-25T17:00:00.0;-0.011333356532017442
2021-04-25T18:00:00.0;-0.012379508797935347
2021-04-25T19:00:00.0;-0.039724280709909875
2021-04-25T20:00:00.0;-0.013817751022146831
2021-04-25T21:00:00.0;-0.013966427739981213
2021-04-25T22:00:00.0;-0.013444366155298981
2021-04-25T23:00:00.0;-0.00946562729995618
2021-04-26T00:00:00.0;-0.010819220724934193
2021-04-26T01:00:00.0;-0.007472838907172879
2021-04-26T02:00:00.0;-0.007612016940279797
2021-04-26T03:00:00.0;-0.007353662704169937
2021-04-26T04:00:00.0;-0.00712499776018637
2021-04-26T05:00:00.0;-0.007124638499155828
2021-04-26T06:00:00.0;-0.01428350767940451
2021-04-26T07:00:00.0;-0.009023469379248795
2021-04-26T08:00:00.0;-0.008428295741977164
2021-04-26T09:00:00.0;-0.007572657147825633
2021-04-26T10:00:00.0;-0.0069410265810494545
2021-04-26T11:00:00.0;-0.006560059590101407
2021-04-26T12:00:00.0;-0.004974838846835185
2021-04-26T13:00:00.0;-0.005043871502461293
2021-04-26T14:00:00.0;-0.005426020702832869
2021-04-26T15:00:00.0;-0.007879720191797302
2021-04-26T16:00:00.0;-0.011501481558544477
2021-04-26T17:00:00.0;-0.012782402273209554
2021-04-26T18:00:00.0;-0.01398325629321874
2021-04-26T19:00:00.0;-0.04551082811855921
2021-04-26T20:00:00.0;-0.015753367758088055
2021-04-26T21:00:00.0;-0.01602985678496204
2021-04-26T22:00:00.0;-0.015440863721423614
2021-04-26T23:00:00.0;-0.011869237094059341
2021-04-27T00:00:00.0;-0.02491099856850489
2021-04-27T01:00:00.0;-0.007784801054177583
2021-04-27T02:00:00.0;-0.0077063172247163764
2021-04-27T03:00:00.0;-0.007435262918463254
2021-04-27T04:00:00.0;-0.007214833608313038
2021-04-27T05:00:00.0;-0.007200473184113299
2021-04-27T06:00:00.0;-0.011123435910973912
2021-04-27T07:00:00.0;-0.008007468126018873
2021-04-27T08:00:00.0;-0.007391230579993412
2021-04-27T09:00:00.0;-0.006854865665507136
2021-04-27T10:00:00.0;-0.006695979680949586
2021-04-27T11:00:00.0;-0.006070848520498073
2021-04-27T12:00:00.0;-0.005210966945770415
2021-04-27T13:00:00.0;-0.005308483401138859
2021-04-27T14:00:00.0;-0.005567734441062674
2021-04-27T15:00:00.0;-0.007243672989981139
2021-04-27T16:00:00.0;-0.022283025712054566
2021-04-27T17:00:00.0;-0.024581942220809505
2021-04-27T18:00:00.0;-0.026698446250743274
2021-04-27T19:00:00.0;-0.04546835261032333
2021-04-27T20:00:00.0;-0.029837926809605893
2021-04-27T21:00:00.0;-0.030059416851796205
2021-04-27T22:00:00.0;-0.02901448241025337
2021-04-27T23:00:00.0;-0.02576777943674282
2021-04-28T00:00:00.0;-0.008299772454458353
2021-04-28T01:00:00.0;-0.007640090934749777
2021-04-28T02:00:00.0;-0.007587792523397125
2021-04-28T03:00:00.0;-0.007331671201815026
2021-04-28T04:00:00.0;-0.007165263381510261
2021-04-28T05:00:00.0;-0.007219440837959732
2021-04-28T06:00:00.0;-0.011070538243985665
2021-04-28T07:00:00.0;-0.008363586523411709
2021-04-28T08:00:00.0;-0.007718351944886005
2021-04-28T09:00:00.0;-0.006949567068045019
2021-04-28T10:00:00.0;-0.0064463479457383
2021-04-28T11:00:00.0;-0.0040527528955069244
2021-04-28T12:00:00.0;-0.0032572807647589896
2021-04-28T13:00:00.0;-0.0033212139923285452
2021-04-28T14:00:00.0;-0.005838623380926653
2021-04-28T15:00:00.0;-0.007520077405708472
2021-04-28T16:00:00.0;-0.008650279194354484
2021-04-28T17:00:00.0;-0.009453936581785885
2021-04-28T18:00:00.0;-0.010303122491869245
2021-04-28T19:00:00.0;-0.026901963168223034
2021-04-28T20:00:00.0;-0.011388034297472635
2021-04-28T21:00:00.0;-0.011362713498822336
2021-04-28T22:00:00.0;-0.010924192879957417
2021-04-28T23:00:00.0;-0.008895881057110132
2021-04-29T00:00:00.0;-0.01823228188874814
2021-04-29T01:00:00.0;-0.00801179090005914
2021-04-29T02:00:00.0;-0.007046754775061316
2021-04-29T03:00:00.0;-0.006798772594051074
2021-04-29T04:00:00.0;-0.006668316274622333
2021-04-29T05:00:00.0;-0.007384044719774362
2021-04-29T06:00:00.0;-0.007501752600883525
2021-04-29T07:00:00.0;-0.007359171331119772
2021-04-29T08:00:00.0;-0.00672535262022838
2021-04-29T09:00:00.0;-0.006050070138007859
2021-04-29T10:00:00.0;-0.005681007720447888
2021-04-29T11:00:00.0;-0.0031529397961388996
2021-04-29T12:00:00.0;-0.0032393268227153948
2021-04-29T13:00:00.0;-0.003324836194915272
2021-04-29T14:00:00.0;-0.0062040187362716655
2021-04-29T15:00:00.0;-0.0068822103905667575
2021-04-29T16:00:00.0;-0.017183065077897453
2021-04-29T17:00:00.0;-0.022408521383760566
2021-04-29T18:00:00.0;-0.02415261238734618
2021-04-29T19:00:00.0;-0.025355647755903387
2021-04-29T20:00:00.0;-0.026122303062838657
2021-04-29T21:00:00.0;-0.025654765759285124
2021-04-29T22:00:00.0;-0.02469659822150921
2021-04-29T23:00:00.0;-0.019364260844549765
2021-04-30T00:00:00.0;-0.03818111502959242
2021-04-30T01:00:00.0;-0.008112103188729207
2021-04-30T02:00:00.0;-0.007769658906718523
2021-04-30T03:00:00.0;-0.0074895777961702876
2021-04-30T04:00:00.0;-0.010697320293218767
2021-04-30T05:00:00.0;-0.010711813731843574
2021-04-30T06:00:00.0;-0.010638498212270371
2021-04-30T07:00:00.0;-0.010093302951489691
2021-04-30T08:00:00.0;-0.009124864762810922
2021-04-30T09:00:00.0;-0.00558323112352556
2021-04-30T10:00:00.0;-0.005314449157648623
2021-04-30T11:00:00.0;-0.005278152510408169
2021-04-30T12:00:00.0;-0.005375504509416616
2021-04-30T13:00:00.0;-0.005529066237590981
2021-04-30T14:00:00.0;-0.005737778792940126
2021-04-30T15:00:00.0;-0.009404880013289188
2021-04-30T16:00:00.0;-0.037365212894002825
2021-04-30T17:00:00.0;-0.040851960504562246
2021-04-30T18:00:00.0;-0.044108912612168726
2021-04-30T19:00:00.0;-0.04687619539924671
2021-04-30T20:00:00.0;-0.04866496417348109
2021-04-30T21:00:00.0;-0.04822737660294874
2021-04-30T22:00:00.0;-0.046605045768783084
2021-04-30T23:00:00.0;-0.0439952225377202
2021-05-01T00:00:00.0;-0.02553336146536368
2021-05-01T01:00:00.0;-0.007958961811012263
2021-05-01T02:00:00.0;-0.007635454188619282
2021-05-01T03:00:00.0;-0.0073667288784845944
2021-05-01T04:00:00.0;-0.007444630591358466
2021-05-01T05:00:00.0;-0.0074404922696791964
2021-05-01T06:00:00.0;-0.011363786352825454
2021-05-01T07:00:00.0;-0.007049155310367819
2021-05-01T08:00:00.0;-0.006443269349134442
2021-05-01T09:00:00.0;-0.005541910184160824
2021-05-01T10:00:00.0;-0.0051909130056610195
2021-05-01T11:00:00.0;-0.005058338922766716
2021-05-01T12:00:00.0;-0.005075353115934444
2021-05-01T13:00:00.0;-0.0051836196092083855
2021-05-01T14:00:00.0;-0.005442646595523522
2021-05-01T15:00:00.0;-0.006356235413006576
2021-05-01T16:00:00.0;-0.02243999973002995
2021-05-01T17:00:00.0;-0.024697575510462567
2021-05-01T18:00:00.0;-0.026910610185675223
2021-05-01T19:00:00.0;-0.045848806659424646
2021-05-01T20:00:00.0;-0.030253391000873917
2021-05-01T21:00:00.0;-0.03048995509453716
2021-05-01T22:00:00.0;-0.029418455791604736
2021-05-01T23:00:00.0;-0.027690166322918323
2021-05-02T00:00:00.0;-0.033039909587636605
2021-05-02T01:00:00.0;-0.008084221250420277
2021-05-02T02:00:00.0;-0.007403712527271949
2021-05-02T03:00:00.0;-0.007136643475997077
2021-05-02T04:00:00.0;-0.006947412714879385
2021-05-02T05:00:00.0;-0.007282177742498843
2021-05-02T06:00:00.0;-0.008496044158991417
2021-05-02T07:00:00.0;-0.0069032278988904365
2021-05-02T08:00:00.0;-0.006287925438029332
2021-05-02T09:00:00.0;-0.005655895495853288
2021-05-02T10:00:00.0;-0.005371960420372693
2021-05-02T11:00:00.0;-0.005078013169277522
2021-05-02T12:00:00.0;-0.005140432315789209
2021-05-02T13:00:00.0;-0.005268808857692337
2021-05-02T14:00:00.0;-0.005739204727244026
2021-05-02T15:00:00.0;-0.006416437670316684
2021-05-02T16:00:00.0;-0.029363740772534765
2021-05-02T17:00:00.0;-0.033963425485594674
2021-05-02T18:00:00.0;-0.036649437175730326
2021-05-02T19:00:00.0;-0.04425841602011906
2021-05-02T20:00:00.0;-0.0405165436610017
2021-05-02T21:00:00.0;-0.04035529372937975
2021-05-02T22:00:00.0;-0.038971781009157214
2021-05-02T23:00:00.0;-0.03469896732617079
2021-05-03T00:00:00.0;-0.008142799245790542
2021-05-03T01:00:00.0;-0.00783630680337127
2021-05-03T02:00:00.0;-0.007566492809312273
2021-05-03T03:00:00.0;-0.007311207494863331
2021-05-03T04:00:00.0;-0.007204266546054231
2021-05-03T05:00:00.0;-0.007309140107000916
2021-05-03T06:00:00.0;-0.007503968763741738
2021-05-03T07:00:00.0;-0.007452011002384492
2021-05-03T08:00:00.0;-0.0067850063869960035
2021-05-03T09:00:00.0;-0.0060508988434014605
2021-05-03T10:00:00.0;-0.005598185156023579
2021-05-03T11:00:00.0;-0.0013900231152045282
2021-05-03T12:00:00.0;-0.0014448105595527491
2021-05-03T13:00:00.0;-0.001481222527076736
2021-05-03T14:00:00.0;-0.006208093439138416
2021-05-03T15:00:00.0;-0.006887505535443635
2021-05-03T16:00:00.0;-0.007807942816373287
2021-05-03T17:00:00.0;-0.008402156556267115
2021-05-03T18:00:00.0;-0.009120176618277579
2021-05-03T19:00:00.0;-0.009614987760650739
2021-05-03T20:00:00.0;-0.009914185347649174
2021-05-03T21:00:00.0;-0.009702761373080031
2021-05-03T22:00:00.0;-0.009312485985501483
2021-05-03T23:00:00.0;-0.008824165471413226
2021-05-04T00:00:00.0;-0.012336025525904435
2021-05-04T01:00:00.0;-0.008150685610680157
2021-05-04T02:00:00.0;-0.006617771054003724
2021-05-04T03:00:00.0;-0.006382094321017528
2021-05-04T04:00:00.0;-0.006256470830539466
2021-05-04T05:00:00.0;-0.007515740132559104
2021-05-04T06:00:00.0;-0.007698522071751131
2021-05-04T07:00:00.0;-0.007677176276825418
2021-05-04T08:00:00.0;-0.007135690089308082
2021-05-04T09:00:00.0;-0.007721861000003732
2021-05-04T10:00:00.0;-0.008977344970928369
2021-05-04T11:00:00.0;-0.002998223362435257
2021-05-04T12:00:00.0;-0.0030685354311038803
2021-05-04T13:00:00.0;-0.003140378921902581
2021-05-04T14:00:00.0;-0.006654564627663887
2021-05-04T15:00:00.0;-0.007288743817398382
2021-05-04T16:00:00.0;-0.008159549402566276
2021-05-04T17:00:00.0;-0.016172164499281567
2021-05-04T18:00:00.0;-0.017377271072346098
2021-05-04T19:00:00.0;-0.018029910964090057
2021-05-04T20:00:00.0;-0.018372969901973863
2021-05-04T21:00:00.0;-0.017988802444854
2021-05-04T22:00:00.0;-0.01734797422927582
2021-05-04T23:00:00.0;-0.008229865476282745
2021-05-05T00:00:00.0;-0.023242991634820912
2021-05-05T01:00:00.0;-0.008121705337605685
2021-05-05T02:00:00.0;-0.006614153234055056
2021-05-05T03:00:00.0;-0.006375771152559995
2021-05-05T04:00:00.0;-0.006238424583685557
2021-05-05T05:00:00.0;-0.0074448576288011934
2021-05-05T06:00:00.0;-0.007530415936720827
2021-05-05T07:00:00.0;-0.007348296493145755
2021-05-05T08:00:00.0;-0.006738386359309685
2021-05-05T09:00:00.0;-0.006098570937067606
2021-05-05T10:00:00.0;-0.005773784483515781
2021-05-05T11:00:00.0;-0.004185968427770872
2021-05-05T12:00:00.0;-0.004271275263516443
2021-05-05T13:00:00.0;-0.0043875965534437315
2021-05-05T14:00:00.0;-0.006248763825296896
2021-05-05T15:00:00.0;-0.006925424060388679
2021-05-05T16:00:00.0;-0.021784450822792532
2021-05-05T17:00:00.0;-0.030427973095769757
2021-05-05T18:00:00.0;-0.03264232915407064
2021-05-05T19:00:00.0;-0.034134079945708024
2021-05-05T20:00:00.0;-0.03510145510284359
2021-05-05T21:00:00.0;-0.03451918181052516
2021-05-05T22:00:00.0;-0.03328593937075728
2021-05-05T23:00:00.0;-0.02440113686093541
2021-05-06T00:00:00.0;-0.040237412907927254
2021-05-06T01:00:00.0;-0.008117399370226224
2021-05-06T02:00:00.0;-0.007771167241611092
2021-05-06T03:00:00.0;-0.007489381247467204
2021-05-06T04:00:00.0;-0.008876080518918252
2021-05-06T05:00:00.0;-0.008871837795920478
2021-05-06T06:00:00.0;-0.008789344299417816
2021-05-06T07:00:00.0;-0.00830126139464756
2021-05-06T08:00:00.0;-0.007505674067055996
2021-05-06T09:00:00.0;-0.0055351259218522865
2021-05-06T10:00:00.0;-0.005289830365306664
2021-05-06T11:00:00.0;-0.005270041775858385
2021-05-06T12:00:00.0;-0.005358896816806381
2021-05-06T13:00:00.0;-0.005504452724792147
2021-05-06T14:00:00.0;-0.00569737291557882
2021-05-06T15:00:00.0;-0.007765114079886396
2021-05-06T16:00:00.0;-0.037124111258307856
2021-05-06T17:00:00.0;-0.04055297237266469
2021-05-06T18:00:00.0;-0.04373022280561625
2021-05-06T19:00:00.0;-0.046562228023273464
2021-05-06T20:00:00.0;-0.04842831798406662
2021-05-06T21:00:00.0;-0.04807776280950143
2021-05-06T22:00:00.0;-0.04646844348310961
2021-05-06T23:00:00.0;-0.043837438690243063
2021-05-07T00:00:00.0;-0.030595534314915223
2021-05-07T01:00:00.0;-0.00803910997801472
2021-05-07T02:00:00.0;-0.007540718688230595
2021-05-07T03:00:00.0;-0.0072712689817910296
2021-05-07T04:00:00.0;-0.0070819187850569955
2021-05-07T05:00:00.0;-0.0072521578263205575
2021-05-07T06:00:00.0;-0.008754458960279302
2021-05-07T07:00:00.0;-0.00689805350773201
2021-05-07T08:00:00.0;-0.006279503422781144
2021-05-07T09:00:00.0;-0.005634709148828769
2021-05-07T10:00:00.0;-0.005329562978223005
2021-05-07T11:00:00.0;-0.004774847930376782
2021-05-07T12:00:00.0;-0.0048399585111469495
2021-05-07T13:00:00.0;-0.004957786557410866
2021-05-07T14:00:00.0;-0.005701127803847646
2021-05-07T15:00:00.0;-0.006377538772018673
2021-05-07T16:00:00.0;-0.027185121393625552
2021-05-07T17:00:00.0;-0.03062147782399492
2021-05-07T18:00:00.0;-0.03312108147501673
2021-05-07T19:00:00.0;-0.04178376710276163
2021-05-07T20:00:00.0;-0.03673186400793973
2021-05-07T21:00:00.0;-0.03661154380907417
2021-05-07T22:00:00.0;-0.03533476991339924
2021-05-07T23:00:00.0;-0.032308748371638746
2021-05-08T00:00:00.0;-0.008142799245790542
2021-05-08T01:00:00.0;-0.00783630680337127
2021-05-08T02:00:00.0;-0.007566492809312273
2021-05-08T03:00:00.0;-0.007311207494863331
2021-05-08T04:00:00.0;-0.007204266546054231
2021-05-08T05:00:00.0;-0.007309140107000916
2021-05-08T06:00:00.0;-0.007503968763741738
2021-05-08T07:00:00.0;-0.007452011002384492
2021-05-08T08:00:00.0;-0.0067850063869960035
2021-05-08T09:00:00.0;-0.0060508988434014605
2021-05-08T10:00:00.0;-0.005598185156023579
2021-05-08T11:00:00.0;-0.0013900231152045282
2021-05-08T12:00:00.0;-0.0014448105595527491
2021-05-08T13:00:00.0;-0.001481222527076736
2021-05-08T14:00:00.0;-0.006208093439138416
2021-05-08T15:00:00.0;-0.006887505535443635
2021-05-08T16:00:00.0;-0.007807942816373287
2021-05-08T17:00:00.0;-0.008402156556267115
2021-05-08T18:00:00.0;-0.009120176618277579
2021-05-08T19:00:00.0;-0.009614987760650739
2021-05-08T20:00:00.0;-0.009914185347649174
2021-05-08T21:00:00.0;-0.009702761373080031
2021-05-08T22:00:00.0;-0.009312485985501483
2021-05-08T23:00:00.0;-0.008824165471413226
2021-05-09T00:00:00.0;-0.03136164366390357
2021-05-09T01:00:00.0;-0.008034333267246872
2021-05-09T02:00:00.0;-0.007709394062132131
2021-05-09T03:00:00.0;-0.007434720864171998
2021-05-09T04:00:00.0;-0.0072627909977483335
2021-05-09T05:00:00.0;-0.007284869009805783
2021-05-09T06:00:00.0;-0.007266189770276524
2021-05-09T07:00:00.0;-0.006977116545833534
2021-05-09T08:00:00.0;-0.006323113997161184
2021-05-09T09:00:00.0;-0.005666177782608892
2021-05-09T10:00:00.0;-0.005371424701336708
2021-05-09T11:00:00.0;-0.004109144604381757
2021-05-09T12:00:00.0;-0.0042047885212081314
2021-05-09T13:00:00.0;-0.004312950055132601
2021-05-09T14:00:00.0;-0.005833195484760076
2021-05-09T15:00:00.0;-0.00651723526069642
2021-05-09T16:00:00.0;-0.028311236333925002
2021-05-09T17:00:00.0;-0.030760241149553384
2021-05-09T18:00:00.0;-0.033212117991596776
2021-05-09T19:00:00.0;-0.03520579017963635
2021-05-09T20:00:00.0;-0.03664305117305689
2021-05-09T21:00:00.0;-0.036250138812142646
2021-05-09T22:00:00.0;-0.03496414020316784
2021-05-09T23:00:00.0;-0.03301727547322284
2021-05-10T00:00:00.0;-0.021573060027076166
2021-05-10T01:00:00.0;-0.008017554436359361
2021-05-10T02:00:00.0;-0.007215678315887458
2021-05-10T03:00:00.0;-0.006960945992417796
2021-05-10T04:00:00.0;-0.00682038890764433
2021-05-10T05:00:00.0;-0.007358761071478634
2021-05-10T06:00:00.0;-0.007441682951182581
2021-05-10T07:00:00.0;-0.007261738080048957
2021-05-10T08:00:00.0;-0.006622775263414065
2021-05-10T09:00:00.0;-0.005952176257223148
2021-05-10T10:00:00.0;-0.005602069928120805
2021-05-10T11:00:00.0;-0.003408007233011871
2021-05-10T12:00:00.0;-0.0034979319033975934
2021-05-10T13:00:00.0;-0.0035896921937081006
2021-05-10T14:00:00.0;-0.006109457410696887
2021-05-10T15:00:00.0;-0.0067891402586440965
2021-05-10T16:00:00.0;-0.020112579868150272
2021-05-10T17:00:00.0;-0.024596507481961353
2021-05-10T18:00:00.0;-0.02652237150248943
2021-05-10T19:00:00.0;-0.027910971985852472
2021-05-10T20:00:00.0;-0.028829072366270157
2021-05-10T21:00:00.0;-0.028365422590657958
2021-05-10T22:00:00.0;-0.027319522945745467
2021-05-10T23:00:00.0;-0.0228612090754517
2021-05-11T00:00:00.0;-0.03637571729619299
2021-05-11T01:00:00.0;-0.00808749790679229
2021-05-11T02:00:00.0;-0.00774759662061733
2021-05-11T03:00:00.0;-0.007469133329410838
2021-05-11T04:00:00.0;-0.00986664863453419
2021-05-11T05:00:00.0;-0.009874148086073578
2021-05-11T06:00:00.0;-0.010470624994296605
2021-05-11T07:00:00.0;-0.009302034338313288
2021-05-11T08:00:00.0;-0.008424783246710704
2021-05-11T09:00:00.0;-0.005567793027872956
2021-05-11T10:00:00.0;-0.005287898985286909
2021-05-11T11:00:00.0;-0.00524030214356445
2021-05-11T12:00:00.0;-0.005323048096598043
2021-05-11T13:00:00.0;-0.005467876953587111
2021-05-11T14:00:00.0;-0.005682440046541215
2021-05-11T15:00:00.0;-0.008626956861121029
2021-05-11T16:00:00.0;-0.03478362299603028
2021-05-11T17:00:00.0;-0.038064674423132036
2021-05-11T18:00:00.0;-0.0411516783108164
2021-05-11T19:00:00.0;-0.04666014276288446
2021-05-11T20:00:00.0;-0.045568863121948674
2021-05-11T21:00:00.0;-0.04529762812858988
2021-05-11T22:00:00.0;-0.04376357727377126
2021-05-11T23:00:00.0;-0.04128941813742079
2021-05-12T00:00:00.0;-0.04219085785636462
2021-05-12T01:00:00.0;-0.008123562078109743
2021-05-12T02:00:00.0;-0.007773784001667385
2021-05-12T03:00:00.0;-0.007490374917764106
2021-05-12T04:00:00.0;-0.007289161661677941
2021-05-12T05:00:00.0;-0.007273932623419476
2021-05-12T06:00:00.0;-0.007159049228284097
2021-05-12T07:00:00.0;-0.00676313243542396
2021-05-12T08:00:00.0;-0.006114988604584971
2021-05-12T09:00:00.0;-0.005492824648924882
2021-05-12T10:00:00.0;-0.005269249316490201
2021-05-12T11:00:00.0;-0.005264926980361072
2021-05-12T12:00:00.0;-0.005346990146145586
2021-05-12T13:00:00.0;-0.005485858883973336
2021-05-12T14:00:00.0;-0.00566426706922289
2021-05-12T15:00:00.0;-0.00635039193004605
2021-05-12T16:00:00.0;-0.0370558115059735
2021-05-12T17:00:00.0;-0.040444256951704144
2021-05-12T18:00:00.0;-0.04355930148837434
2021-05-12T19:00:00.0;-0.0462927421243594
2021-05-12T20:00:00.0;-0.048392849484590834
2021-05-12T21:00:00.0;-0.04811068269552421
2021-05-12T22:00:00.0;-0.04650807377649131
2021-05-12T23:00:00.0;-0.04385029642926131
2021-05-13T00:00:00.0;-0.029247606633874865
2021-05-13T01:00:00.0;-0.00800041422550791
2021-05-13T02:00:00.0;-0.007671141038099097
2021-05-13T03:00:00.0;-0.007399085024606939
2021-05-13T04:00:00.0;-0.007957381020287667
2021-05-13T05:00:00.0;-0.007954387911986731
2021-05-13T06:00:00.0;-0.01082178702810426
2021-05-13T07:00:00.0;-0.007514597125634543
2021-05-13T08:00:00.0;-0.006848328704561484
2021-05-13T09:00:00.0;-0.005538989602937573
2021-05-13T10:00:00.0;-0.00520917042795835
2021-05-13T11:00:00.0;-0.005114508827002644
2021-05-13T12:00:00.0;-0.00515140888133054
2021-05-13T13:00:00.0;-0.005270296175582598
2021-05-13T14:00:00.0;-0.005512867193041364
2021-05-13T15:00:00.0;-0.006841552091106775
2021-05-13T16:00:00.0;-0.02628678067294608
2021-05-13T17:00:00.0;-0.028873418341399074
2021-05-13T18:00:00.0;-0.03137505557483442
2021-05-13T19:00:00.0;-0.04607655570522242
2021-05-13T20:00:00.0;-0.03512101550388514
2021-05-13T21:00:00.0;-0.03524920948038769
2021-05-13T22:00:00.0;-0.034025301897994034
2021-05-13T23:00:00.0;-0.03205003024915685
2021-05-14T00:00:00.0;-0.040370332153175086
2021-05-14T01:00:00.0;-0.00810557381162109
2021-05-14T02:00:00.0;-0.007758605575630372
2021-05-14T03:00:00.0;-0.007476777241543596
2021-05-14T04:00:00.0;-0.007274123806888481
2021-05-14T05:00:00.0;-0.007259906434701918
2021-05-14T06:00:00.0;-0.007589601344297492
2021-05-14T07:00:00.0;-0.006762995797333451
2021-05-14T08:00:00.0;-0.006122158743598585
2021-05-14T09:00:00.0;-0.005496626832379374
2021-05-14T10:00:00.0;-0.005258738769768128
2021-05-14T11:00:00.0;-0.005242025483278651
2021-05-14T12:00:00.0;-0.005316825864550331
2021-05-14T13:00:00.0;-0.005452210477474236
2021-05-14T14:00:00.0;-0.005639159696568914
2021-05-14T15:00:00.0;-0.006323034506657714
2021-05-14T16:00:00.0;-0.03540898369669771
2021-05-14T17:00:00.0;-0.03868061545516463
2021-05-14T18:00:00.0;-0.04171097550293726
2021-05-14T19:00:00.0;-0.046240549037813904
2021-05-14T20:00:00.0;-0.046402643094966375
2021-05-14T21:00:00.0;-0.04620278287886108
2021-05-14T22:00:00.0;-0.04465444172305325
2021-05-14T23:00:00.0;-0.04209475727756855
2021-05-15T00:00:00.0;-0.03929838529917679
2021-05-15T01:00:00.0;-0.008094944510844814
2021-05-15T02:00:00.0;-0.007749636614114787
2021-05-15T03:00:00.0;-0.007468742348802221
2021-05-15T04:00:00.0;-0.007265237926681827
2021-05-15T05:00:00.0;-0.007251618353438097
2021-05-15T06:00:00.0;-0.00784365025980771
2021-05-15T07:00:00.0;-0.00676291505772799
2021-05-15T08:00:00.0;-0.006126395582377085
2021-05-15T09:00:00.0;-0.005498873545900551
2021-05-15T10:00:00.0;-0.005252528070247656
2021-05-15T11:00:00.0;-0.005228492955148851
2021-05-15T12:00:00.0;-0.005299001751184803
2021-05-15T13:00:00.0;-0.0054323275960187776
2021-05-15T14:00:00.0;-0.0056243237471248105
2021-05-15T15:00:00.0;-0.006306869010777591
2021-05-15T16:00:00.0;-0.03444112972121046
2021-05-15T17:00:00.0;-0.03764286324254695
2021-05-15T18:00:00.0;-0.04062147054004872
2021-05-15T19:00:00.0;-0.04620970783808618
2021-05-15T20:00:00.0;-0.04522706458715319
2021-05-15T21:00:00.0;-0.045073001849487516
2021-05-15T22:00:00.0;-0.043557179795790366
2021-05-15T23:00:00.0;-0.041055884260962495
2021-05-16T00:00:00.0;-0.03793056937439951
2021-05-16T01:00:00.0;-0.008088682498059515
2021-05-16T02:00:00.0;-0.0077486139457790685
2021-05-16T03:00:00.0;-0.007468619715486665
2021-05-16T04:00:00.0;-0.007278853349699144
2021-05-16T05:00:00.0;-0.00727820766627504
2021-05-16T06:00:00.0;-0.007200930483938829
2021-05-16T07:00:00.0;-0.006846779008052769
2021-05-16T08:00:00.0;-0.006196344993625502
2021-05-16T09:00:00.0;-0.005560588576501124
2021-05-16T10:00:00.0;-0.0053091896671777754
2021-05-16T11:00:00.0;-0.004818265773485491
2021-05-16T12:00:00.0;-0.004908003550197559
2021-05-16T13:00:00.0;-0.00503498882025876
2021-05-16T14:00:00.0;-0.005730301481954301
2021-05-16T15:00:00.0;-0.00641561128981506
2021-05-16T16:00:00.0;-0.03367408866747171
2021-05-16T17:00:00.0;-0.03668763784423832
2021-05-16T18:00:00.0;-0.03955218347606561
2021-05-16T19:00:00.0;-0.04199168579761595
2021-05-16T20:00:00.0;-0.04382158935394645
2021-05-16T21:00:00.0;-0.0434818937832516
2021-05-16T22:00:00.0;-0.041996614202570004
2021-05-16T23:00:00.0;-0.039620704858428904
2021-05-17T00:00:00.0;-0.039406659254548754
2021-05-17T01:00:00.0;-0.008107528378213899
2021-05-17T02:00:00.0;-0.007763520238792412
2021-05-17T03:00:00.0;-0.007482376509509543
2021-05-17T04:00:00.0;-0.008359233977638884
2021-05-17T05:00:00.0;-0.008356800987031366
2021-05-17T06:00:00.0;-0.008263847386716318
2021-05-17T07:00:00.0;-0.007835477572865407
2021-05-17T08:00:00.0;-0.007086622343111402
2021-05-17T09:00:00.0;-0.005545460845291019
2021-05-17T10:00:00.0;-0.005297723718757387
2021-05-17T11:00:00.0;-0.005110659709842078
2021-05-17T12:00:00.0;-0.005200468182879659
2021-05-17T13:00:00.0;-0.00533960514079182
2021-05-17T14:00:00.0;-0.0057109604616753
2021-05-17T15:00:00.0;-0.007333987295769501
2021-05-17T16:00:00.0;-0.03595112620596973
2021-05-17T17:00:00.0;-0.039234864177576
2021-05-17T18:00:00.0;-0.042305186233424656
2021-05-17T19:00:00.0;-0.0449435550939028
2021-05-17T20:00:00.0;-0.046851039701078546
2021-05-17T21:00:00.0;-0.046498982441365425
2021-05-17T22:00:00.0;-0.04493120483841025
2021-05-17T23:00:00.0;-0.04238898293713775
2021-05-18T00:00:00.0;-0.03505299960496433
2021-05-18T01:00:00.0;-0.008054503070244773
2021-05-18T02:00:00.0;-0.007715890342503617
2021-05-18T03:00:00.0;-0.007438708232185122
2021-05-18T04:00:00.0;-0.0074625955653110495
2021-05-18T05:00:00.0;-0.007452610359352409
2021-05-18T06:00:00.0;-0.009024381699776415
2021-05-18T07:00:00.0;-0.006986218076495389
2021-05-18T08:00:00.0;-0.0063452055552826615
2021-05-18T09:00:00.0;-0.005513421640712452
2021-05-18T10:00:00.0;-0.005232437106379103
2021-05-18T11:00:00.0;-0.005178902396385654
2021-05-18T12:00:00.0;-0.005234441103132934
2021-05-18T13:00:00.0;-0.00536108733511004
2021-05-18T14:00:00.0;-0.005573981294364
2021-05-18T15:00:00.0;-0.006449744875088983
2021-05-18T16:00:00.0;-0.03088218575543086
2021-05-18T17:00:00.0;-0.03382305521299374
2021-05-18T18:00:00.0;-0.036605508846962606
2021-05-18T19:00:00.0;-0.04613442041676471
2021-05-18T20:00:00.0;-0.04085929705686614
2021-05-18T21:00:00.0;-0.04084855405562505
2021-05-18T22:00:00.0;-0.03945589594275219
2021-05-18T23:00:00.0;-0.03717801444907866
2021-05-19T00:00:00.0;-0.03896092874483004
2021-05-19T01:00:00.0;-0.008111306866653593
2021-05-19T02:00:00.0;-0.007767312932430909
2021-05-19T03:00:00.0;-0.007486600948215991
2021-05-19T04:00:00.0;-0.009663162597440515
2021-05-19T05:00:00.0;-0.009666525170999132
2021-05-19T06:00:00.0;-0.0096810685009392
2021-05-19T07:00:00.0;-0.009076121649083373
2021-05-19T08:00:00.0;-0.008207877207081278
2021-05-19T09:00:00.0;-0.005556831494252122
2021-05-19T10:00:00.0;-0.005298313426482501
2021-05-19T11:00:00.0;-0.005268739816367665
2021-05-19T12:00:00.0;-0.005359756597890554
2021-05-19T13:00:00.0;-0.005508057196094754
2021-05-19T14:00:00.0;-0.005709640040019721
2021-05-19T15:00:00.0;-0.008467969902757822
2021-05-19T16:00:00.0;-0.0368790019671654
2021-05-19T17:00:00.0;-0.040307928466875094
2021-05-19T18:00:00.0;-0.04350136158609383
2021-05-19T19:00:00.0;-0.04668766390180865
2021-05-19T20:00:00.0;-0.04810993851207148
2021-05-19T21:00:00.0;-0.047740353288607436
2021-05-19T22:00:00.0;-0.046136865226415746
2021-05-19T23:00:00.0;-0.04353536724829649
2021-05-20T00:00:00.0;-0.008106237337467015
2021-05-20T01:00:00.0;-0.007811481567653664
2021-05-20T02:00:00.0;-0.007531182029056475
2021-05-20T03:00:00.0;-0.007277054708002195
2021-05-20T04:00:00.0;-0.007395670155680659
2021-05-20T05:00:00.0;-0.00746256820033245
2021-05-20T06:00:00.0;-0.011206047503540793
2021-05-20T07:00:00.0;-0.007448319504112184
2021-05-20T08:00:00.0;-0.0068239075321392065
2021-05-20T09:00:00.0;-0.0058533675764109215
2021-05-20T10:00:00.0;-0.0053781427466596645
2021-05-20T11:00:00.0;-0.002977164151418419
2021-05-20T12:00:00.0;-0.003036087009335558
2021-05-20T13:00:00.0;-0.0031018002050568335
2021-05-20T14:00:00.0;-0.005781795710931393
2021-05-20T15:00:00.0;-0.006695306424928213
2021-05-20T16:00:00.0;-0.007712605886801125
2021-05-20T17:00:00.0;-0.008406288552975963
2021-05-20T18:00:00.0;-0.009187635147200845
2021-05-20T19:00:00.0;-0.025256802674549973
2021-05-20T20:00:00.0;-0.01018121701758221
2021-05-20T21:00:00.0;-0.010150491305351879
2021-05-20T22:00:00.0;-0.009755615338453571
2021-05-20T23:00:00.0;-0.009211693095990315
2021-05-21T00:00:00.0;-0.008142799245790542
2021-05-21T01:00:00.0;-0.00783630680337127
2021-05-21T02:00:00.0;-0.007566492809312273
2021-05-21T03:00:00.0;-0.007311207494863331
2021-05-21T04:00:00.0;-0.007204266546054231
2021-05-21T05:00:00.0;-0.007309140107000916
2021-05-21T06:00:00.0;-0.007503968763741738
2021-05-21T07:00:00.0;-0.007452011002384492
2021-05-21T08:00:00.0;-0.0067850063869960035
2021-05-21T09:00:00.0;-0.0060508988434014605
2021-05-21T10:00:00.0;-0.005598185156023579
2021-05-21T11:00:00.0;-0.0013900231152045282
2021-05-21T12:00:00.0;-0.0014448105595527491
2021-05-21T13:00:00.0;-0.001481222527076736
2021-05-21T14:00:00.0;-0.006208093439138416
2021-05-21T15:00:00.0;-0.006887505535443635
2021-05-21T16:00:00.0;-0.007807942816373287
2021-05-21T17:00:00.0;-0.008402156556267115
2021-05-21T18:00:00.0;-0.009120176618277579
2021-05-21T19:00:00.0;-0.009614987760650739
2021-05-21T20:00:00.0;-0.009914185347649174
2021-05-21T21:00:00.0;-0.009702761373080031
2021-05-21T22:00:00.0;-0.009312485985501483
2021-05-21T23:00:00.0;-0.008824165471413226
2021-05-22T00:00:00.0;-0.025748859813854066
2021-05-22T01:00:00.0;-0.008175590728100967
2021-05-22T02:00:00.0;-0.006397899487405355
2021-05-22T03:00:00.0;-0.006164690172557148
2021-05-22T04:00:00.0;-0.0060248841648993514
2021-05-22T05:00:00.0;-0.0074746349354332595
2021-05-22T06:00:00.0;-0.007544389951294573
2021-05-22T07:00:00.0;-0.007342842204203216
2021-05-22T08:00:00.0;-0.006744645111684533
2021-05-22T09:00:00.0;-0.006122221008022123
2021-05-22T10:00:00.0;-0.005819161711835444
2021-05-22T11:00:00.0;-0.004703256545662362
2021-05-22T12:00:00.0;-0.004783266316692804
2021-05-22T13:00:00.0;-0.004915465563137191
2021-05-22T14:00:00.0;-0.006270577206782393
2021-05-22T15:00:00.0;-0.006946488663026334
2021-05-22T16:00:00.0;-0.024068278194768658
2021-05-22T17:00:00.0;-0.03440845352433033
2021-05-22T18:00:00.0;-0.03682823115373225
2021-05-22T19:00:00.0;-0.038437584163320805
2021-05-22T20:00:00.0;-0.03949130940099404
2021-05-22T21:00:00.0;-0.038861741888062046
2021-05-22T22:00:00.0;-0.03750433913110203
2021-05-22T23:00:00.0;-0.026880006556006898
2021-05-23T00:00:00.0;-0.02091041381697956
2021-05-23T01:00:00.0;-0.007935206840957576
2021-05-23T02:00:00.0;-0.007630191003109299
2021-05-23T03:00:00.0;-0.007364593180013524
2021-05-23T04:00:00.0;-0.007199562437653945
2021-05-23T05:00:00.0;-0.007240364791679619
2021-05-23T06:00:00.0;-0.008841459367991633
2021-05-23T07:00:00.0;-0.007063782737847196
2021-05-23T08:00:00.0;-0.006432898768102005
2021-05-23T09:00:00.0;-0.005750046270369209
2021-05-23T10:00:00.0;-0.0053763486880446165
2021-05-23T11:00:00.0;-0.0035723281371047026
2021-05-23T12:00:00.0;-0.003650767819105668
2021-05-23T13:00:00.0;-0.003737959355200601
2021-05-23T14:00:00.0;-0.005814353704523536
2021-05-23T15:00:00.0;-0.006489690478584359
2021-05-23T16:00:00.0;-0.019005404660636743
2021-05-23T17:00:00.0;-0.02067279648161233
2021-05-23T18:00:00.0;-0.022438119884700694
2021-05-23T19:00:00.0;-0.030493030808004747
2021-05-23T20:00:00.0;-0.02480295059481027
2021-05-23T21:00:00.0;-0.024618504620413525
2021-05-23T22:00:00.0;-0.02370673739567799
2021-05-23T23:00:00.0;-0.02238618791891379
2021-05-24T00:00:00.0;-0.03296033419744564
2021-05-24T01:00:00.0;-0.008109235850850464
2021-05-24T02:00:00.0;-0.0073019299263884455
2021-05-24T03:00:00.0;-0.007037855342456715
2021-05-24T04:00:00.0;-0.006867795644725351
2021-05-24T05:00:00.0;-0.007343933802916307
2021-05-24T06:00:00.0;-0.007323832773651124
2021-05-24T07:00:00.0;-0.007029658511258174
2021-05-24T08:00:00.0;-0.006395908611008856
2021-05-24T09:00:00.0;-0.005761393996479359
2021-05-24T10:00:00.0;-0.005486517807487126
2021-05-24T11:00:00.0;-0.004681859111632811
2021-05-24T12:00:00.0;-0.004769609855920476
2021-05-24T13:00:00.0;-0.0048958321657676515
2021-05-24T14:00:00.0;-0.005923667570683714
2021-05-24T15:00:00.0;-0.006605691041941418
2021-05-24T16:00:00.0;-0.029848061882384244
2021-05-24T17:00:00.0;-0.035090039489921544
2021-05-24T18:00:00.0;-0.03774553681357595
2021-05-24T19:00:00.0;-0.039834292577527845
2021-05-24T20:00:00.0;-0.041337986096011914
2021-05-24T21:00:00.0;-0.04088686120177925
2021-05-24T22:00:00.0;-0.03947180014693904
2021-05-24T23:00:00.0;-0.0344621783744273
2021-05-25T00:00:00.0;-0.014055102749730078
2021-05-25T01:00:00.0;-0.00789508570017675
2021-05-25T02:00:00.0;-0.0075553816391286934
2021-05-25T03:00:00.0;-0.007296321535778155
2021-05-25T04:00:00.0;-0.007172817813860635
2021-05-25T05:00:00.0;-0.007310026065115814
2021-05-25T06:00:00.0;-0.007450885495031542
2021-05-25T07:00:00.0;-0.0073385741693603795
2021-05-25T08:00:00.0;-0.006677246699788647
2021-05-25T09:00:00.0;-0.005965243187294345
2021-05-25T10:00:00.0;-0.005554688798293579
2021-05-25T11:00:00.0;-0.0021589827666883003
2021-05-25T12:00:00.0;-0.0022343464202520097
2021-05-25T13:00:00.0;-0.0022911411235256554
2021-05-25T14:00:00.0;-0.0061243510578489115
2021-05-25T15:00:00.0;-0.006804690261308954
2021-05-25T16:00:00.0;-0.013279232495396328
2021-05-25T17:00:00.0;-0.014643838990101124
2021-05-25T18:00:00.0;-0.0158674178436496
2021-05-25T19:00:00.0;-0.016742231488525973
2021-05-25T20:00:00.0;-0.017297432035528026
2021-05-25T21:00:00.0;-0.016973849467964174
2021-05-25T22:00:00.0;-0.016312946904087952
2021-05-25T23:00:00.0;-0.015107457228827004
2021-05-26T00:00:00.0;-0.01794351219420976
2021-05-26T01:00:00.0;-0.007925300775197304
2021-05-26T02:00:00.0;-0.007631534875105483
2021-05-26T03:00:00.0;-0.007367951878165053
2021-05-26T04:00:00.0;-0.007854315707735666
2021-05-26T05:00:00.0;-0.007931903096440844
2021-05-26T06:00:00.0;-0.00805007571102717
2021-05-26T07:00:00.0;-0.007880439058423004
2021-05-26T08:00:00.0;-0.007160256854848198
2021-05-26T09:00:00.0;-0.005893669312351806
2021-05-26T10:00:00.0;-0.005508073028561059
2021-05-26T11:00:00.0;-0.0026655826308326948
2021-05-26T12:00:00.0;-0.002752627492940948
2021-05-26T13:00:00.0;-0.002823882237847373
2021-05-26T14:00:00.0;-0.006050053461841143
2021-05-26T15:00:00.0;-0.007308351774050125
2021-05-26T16:00:00.0;-0.017423456165644356
2021-05-26T17:00:00.0;-0.018837225674450245
2021-05-26T18:00:00.0;-0.02040698032099241
2021-05-26T19:00:00.0;-0.021567281609858553
2021-05-26T20:00:00.0;-0.022305214707020647
2021-05-26T21:00:00.0;-0.021924567468591224
2021-05-26T22:00:00.0;-0.021088993510538164
2021-05-26T23:00:00.0;-0.01995485068043185
2021-05-27T00:00:00.0;-0.03306774524699559
2021-05-27T01:00:00.0;-0.008249300578806462
2021-05-27T02:00:00.0;-0.006336099390495399
2021-05-27T03:00:00.0;-0.006101133050018623
2021-05-27T04:00:00.0;-0.005947017570739692
2021-05-27T05:00:00.0;-0.0074808345531977094
2021-05-27T06:00:00.0;-0.007488826535641433
2021-05-27T07:00:00.0;-0.007217900495640816
2021-05-27T08:00:00.0;-0.006627966116523395
2021-05-27T09:00:00.0;-0.006032756188120084
2021-05-27T10:00:00.0;-0.0057795930723736995
2021-05-27T11:00:00.0;-0.005641774157479446
2021-05-27T12:00:00.0;-0.005706618863375141
2021-05-27T13:00:00.0;-0.0058662062588079765
2021-05-27T14:00:00.0;-0.006182880339420529
2021-05-27T15:00:00.0;-0.006859673492975671
2021-05-27T16:00:00.0;-0.03041182662153995
2021-05-27T17:00:00.0;-0.041916873335440696
2021-05-27T18:00:00.0;-0.044757760995712936
2021-05-27T19:00:00.0;-0.046736991699402104
2021-05-27T20:00:00.0;-0.04811436787339684
2021-05-27T21:00:00.0;-0.0474928872912952
2021-05-27T22:00:00.0;-0.045908670898103826
2021-05-27T23:00:00.0;-0.034190261094447345
2021-05-28T00:00:00.0;-0.034404964801983906
2021-05-28T01:00:00.0;-0.00804606104417461
2021-05-28T02:00:00.0;-0.00770838893274283
2021-05-28T03:00:00.0;-0.007431790396092494
2021-05-28T04:00:00.0;-0.00722437249817286
2021-05-28T05:00:00.0;-0.0072135021974788814
2021-05-28T06:00:00.0;-0.009008512484994848
2021-05-28T07:00:00.0;-0.0067625437424743496
2021-05-28T08:00:00.0;-0.006145880434581763
2021-05-28T09:00:00.0;-0.005509205998827575
2021-05-28T10:00:00.0;-0.005223965488512077
2021-05-28T11:00:00.0;-0.005166257828567487
2021-05-28T12:00:00.0;-0.0052170299773188974
2021-05-28T13:00:00.0;-0.005340887756655216
2021-05-28T14:00:00.0;-0.005556094602527766
2021-05-28T15:00:00.0;-0.006232525490638199
2021-05-28T16:00:00.0;-0.030040336306336294
2021-05-28T17:00:00.0;-0.032912264716179626
2021-05-28T18:00:00.0;-0.03563648566301312
2021-05-28T19:00:00.0;-0.046067869186155005
2021-05-28T20:00:00.0;-0.039824846280816756
2021-05-28T21:00:00.0;-0.039854263729219346
2021-05-28T22:00:00.0;-0.03849231960730853
2021-05-28T23:00:00.0;-0.03626362166332252
2021-05-29T00:00:00.0;-0.01955271801045649
2021-05-29T01:00:00.0;-0.007893867950423671
2021-05-29T02:00:00.0;-0.0075799689054567064
2021-05-29T03:00:00.0;-0.007316744701136127
2021-05-29T04:00:00.0;-0.007097144331502612
2021-05-29T05:00:00.0;-0.007094833933524716
2021-05-29T06:00:00.0;-0.01259843930056367
2021-05-29T07:00:00.0;-0.006761387705008076
2021-05-29T08:00:00.0;-0.0062065432957214665
2021-05-29T09:00:00.0;-0.005541374520093169
2021-05-29T10:00:00.0;-0.005135039398722128
2021-05-29T11:00:00.0;-0.00497249686382353
2021-05-29T12:00:00.0;-0.004961822009325226
2021-05-29T13:00:00.0;-0.005056202844526404
2021-05-29T14:00:00.0;-0.0053436754425525285
2021-05-29T15:00:00.0;-0.006001071209120911
2021-05-29T16:00:00.0;-0.01686816686676466
2021-05-29T17:00:00.0;-0.018625468166082827
2021-05-29T18:00:00.0;-0.02038538252227086
2021-05-29T19:00:00.0;-0.04562625001461497
2021-05-29T20:00:00.0;-0.023049747357369123
2021-05-29T21:00:00.0;-0.023364904432956038
2021-05-29T22:00:00.0;-0.022527537041201487
2021-05-29T23:00:00.0;-0.021190364747824413
2021-05-30T00:00:00.0;-0.009306103624000124
2021-05-30T01:00:00.0;-0.007785236726656965
2021-05-30T02:00:00.0;-0.007488306165854491
2021-05-30T03:00:00.0;-0.007234628256466888
2021-05-30T04:00:00.0;-0.0070063339387002035
2021-05-30T05:00:00.0;-0.007010133692738341
2021-05-30T06:00:00.0;-0.01512681155990318
2021-05-30T07:00:00.0;-0.0067605625668550095
2021-05-30T08:00:00.0;-0.006249841841382798
2021-05-30T09:00:00.0;-0.005564335158900576
2021-05-30T10:00:00.0;-0.005071566643542177
2021-05-30T11:00:00.0;-0.0048341965668850535
2021-05-30T12:00:00.0;-0.004779663276209603
2021-05-30T13:00:00.0;-0.004853005021468806
2021-05-30T14:00:00.0;-0.005192060678392083
2021-05-30T15:00:00.0;-0.005835870894685301
2021-05-30T16:00:00.0;-0.007956248090126574
2021-05-30T17:00:00.0;-0.008836645587919892
2021-05-30T18:00:00.0;-0.009748719817642845
2021-05-30T19:00:00.0;-0.045311015271641386
2021-05-30T20:00:00.0;-0.011116971624676352
2021-05-30T21:00:00.0;-0.011371718235590154
2021-05-30T22:00:00.0;-0.010950905664298266
2021-05-30T23:00:00.0;-0.010289732801362656
2021-05-31T00:00:00.0;-0.0080503603565503
2021-05-31T01:00:00.0;-0.007771704446364089
2021-05-31T02:00:00.0;-0.007476887659202049
2021-05-31T03:00:00.0;-0.0072243989434347365
2021-05-31T04:00:00.0;-0.00699502170467536
2021-05-31T05:00:00.0;-0.006999582624600564
2021-05-31T06:00:00.0;-0.015439787965862704
2021-05-31T07:00:00.0;-0.006760459779271884
2021-05-31T08:00:00.0;-0.006255235522444283
2021-05-31T09:00:00.0;-0.0055671953632799994
2021-05-31T10:00:00.0;-0.005063659803985092
2021-05-31T11:00:00.0;-0.004816968439837685
2021-05-31T12:00:00.0;-0.004756971710904634
2021-05-31T13:00:00.0;-0.0048276926426073525
2021-05-31T14:00:00.0;-0.005173174146156803
2021-05-31T15:00:00.0;-0.005815292068986664
2021-05-31T16:00:00.0;-0.006874675637014901
2021-05-31T17:00:00.0;-0.007641091791981406
2021-05-31T18:00:00.0;-0.008438240329648657
2021-05-31T19:00:00.0;-0.045271745102742726
2021-05-31T20:00:00.0;-0.009632878243615582
2021-05-31T21:00:00.0;-0.009864673664523113
2021-05-31T22:00:00.0;-0.009498209777426362
2021-05-31T23:00:00.0;-0.008923560501716688
2021-06-01T00:00:00.0;-0.008055718945346652
2021-06-01T01:00:00.0;-0.007775449389491583
2021-06-01T02:00:00.0;-0.007482081999020223
2021-06-01T03:00:00.0;-0.007229431171335216
2021-06-01T04:00:00.0;-0.007007151231572463
2021-06-01T05:00:00.0;-0.007017526992300185
2021-06-01T06:00:00.0;-0.015010398553980984
2021-06-01T07:00:00.0;-0.0068005472683395855
2021-06-01T08:00:00.0;-0.006285945214351893
2021-06-01T09:00:00.0;-0.00559523491991168
2021-06-01T10:00:00.0;-0.0050946454366042684
2021-06-01T11:00:00.0;-0.004648842022058174
2021-06-01T12:00:00.0;-0.004606941505012094
2021-06-01T13:00:00.0;-0.0046787490518809755
2021-06-01T14:00:00.0;-0.0052331664363637655
2021-06-01T15:00:00.0;-0.00587744588704859
2021-06-01T16:00:00.0;-0.00692877619831993
2021-06-01T17:00:00.0;-0.0076852099591911026
2021-06-01T18:00:00.0;-0.008477771312395842
2021-06-01T19:00:00.0;-0.04332737492098565
2021-06-01T20:00:00.0;-0.00964918620940264
2021-06-01T21:00:00.0;-0.009855287686793885
2021-06-01T22:00:00.0;-0.00948744368446448
2021-06-01T23:00:00.0;-0.008917798644755268
2021-06-02T00:00:00.0;-0.018880608781814374
2021-06-02T01:00:00.0;-0.007886846351672262
2021-06-02T02:00:00.0;-0.007574049233894997
2021-06-02T03:00:00.0;-0.007311442493308031
2021-06-02T04:00:00.0;-0.007091297285385277
2021-06-02T05:00:00.0;-0.007089397024745097
2021-06-02T06:00:00.0;-0.012761830745616362
2021-06-02T07:00:00.0;-0.006761435447619707
2021-06-02T08:00:00.0;-0.006209423261069791
2021-06-02T09:00:00.0;-0.005542931383075878
2021-06-02T10:00:00.0;-0.005131009364585287
2021-06-02T11:00:00.0;-0.004963109944562712
2021-06-02T12:00:00.0;-0.0049496387105202495
2021-06-02T13:00:00.0;-0.005042658565541158
2021-06-02T14:00:00.0;-0.005334013596461563
2021-06-02T15:00:00.0;-0.005990535476182618
2021-06-02T16:00:00.0;-0.016279311981570784
2021-06-02T17:00:00.0;-0.017981848589096617
2021-06-02T18:00:00.0;-0.019690883273162842
2021-06-02T19:00:00.0;-0.045600921169810266
2021-06-02T20:00:00.0;-0.022276475925343403
2021-06-02T21:00:00.0;-0.02259423874033751
2021-06-02T22:00:00.0;-0.021782762212915325
2021-06-02T23:00:00.0;-0.02048837271299989
2021-06-03T00:00:00.0;-0.034608155518200685
2021-06-03T01:00:00.0;-0.008073675584536203
2021-06-03T02:00:00.0;-0.007737417672592417
2021-06-03T03:00:00.0;-0.007460418284408462
2021-06-03T04:00:00.0;-0.010090328303689793
2021-06-03T05:00:00.0;-0.01010595570368873
2021-06-03T06:00:00.0;-0.010822276743675977
2021-06-03T07:00:00.0;-0.009561756555200892
2021-06-03T08:00:00.0;-0.008664185454519498
2021-06-03T09:00:00.0;-0.00559239301381814
2021-06-03T10:00:00.0;-0.005299018766933594
2021-06-03T11:00:00.0;-0.005121530295926046
2021-06-03T12:00:00.0;-0.005205990072100639
2021-06-03T13:00:00.0;-0.005347833800690724
2021-06-03T14:00:00.0;-0.005699027309269439
2021-06-03T15:00:00.0;-0.008850431907035189
2021-06-03T16:00:00.0;-0.03356071017536222
2021-06-03T17:00:00.0;-0.0367205889987714
2021-06-03T18:00:00.0;-0.03972599031880214
2021-06-03T19:00:00.0;-0.04556635345228048
2021-06-03T20:00:00.0;-0.04395171662474771
2021-06-03T21:00:00.0;-0.04367352661206852
2021-06-03T22:00:00.0;-0.042182004117122314
2021-06-03T23:00:00.0;-0.03980515928877947
2021-06-04T00:00:00.0;-0.03398938120865635
2021-06-04T01:00:00.0;-0.008649885014694493
2021-06-04T02:00:00.0;-0.008287613798726097
2021-06-04T03:00:00.0;-0.00799074783029355
2021-06-04T04:00:00.0;-0.007855099217550955
2021-06-04T05:00:00.0;-0.007843138935839234
2021-06-04T06:00:00.0;-0.009744716262320137
2021-06-04T07:00:00.0;-0.0073853373444635545
2021-06-04T08:00:00.0;-0.00673279209360641
2021-06-04T09:00:00.0;-0.00597943957116287
2021-06-04T10:00:00.0;-0.005664274652797744
2021-06-04T11:00:00.0;-0.005592003263964685
2021-06-04T12:00:00.0;-0.005640203800679906
2021-06-04T13:00:00.0;-0.005771701999588827
2021-06-04T14:00:00.0;-0.006006929103514935
2021-06-04T15:00:00.0;-0.006804677391886993
2021-06-04T16:00:00.0;-0.029840225480050424
2021-06-04T17:00:00.0;-0.03272005819893021
2021-06-04T18:00:00.0;-0.035394119931153184
2021-06-04T19:00:00.0;-0.04621382348004097
2021-06-04T20:00:00.0;-0.039478282019460506
2021-06-04T21:00:00.0;-0.03951234951052443
2021-06-04T22:00:00.0;-0.038163001657012294
2021-06-04T23:00:00.0;-0.03596687427588294
2021-06-05T00:00:00.0;-0.038534313261721735
2021-06-05T01:00:00.0;-0.008093642832086327
2021-06-05T02:00:00.0;-0.007752193457953856
2021-06-05T03:00:00.0;-0.007471713590043494
2021-06-05T04:00:00.0;-0.007280319326298035
2021-06-05T05:00:00.0;-0.007277599699451008
2021-06-05T06:00:00.0;-0.007194974417585789
2021-06-05T07:00:00.0;-0.006834883374967748
2021-06-05T08:00:00.0;-0.006184775054052284
2021-06-05T09:00:00.0;-0.005550951665623206
2021-06-05T10:00:00.0;-0.005303509621187419
2021-06-05T11:00:00.0;-0.004882188835888018
2021-06-05T12:00:00.0;-0.004971020402187703
2021-06-05T13:00:00.0;-0.00509970505115582
2021-06-05T14:00:00.0;-0.005720910539346017
2021-06-05T15:00:00.0;-0.006406336259029797
2021-06-05T16:00:00.0;-0.03415787429945466
2021-06-05T17:00:00.0;-0.03722413829447148
2021-06-05T18:00:00.0;-0.040124991893419046
2021-06-05T19:00:00.0;-0.04260592325467201
2021-06-05T20:00:00.0;-0.04447338458926413
2021-06-05T21:00:00.0;-0.04414075568372274
2021-06-05T22:00:00.0;-0.04263828664678833
2021-06-05T23:00:00.0;-0.04022260292892396
2021-06-06T00:00:00.0;-0.04009573887133534
2021-06-06T01:00:00.0;-0.008103549739030545
2021-06-06T02:00:00.0;-0.007757303048655418
2021-06-06T03:00:00.0;-0.007475685855937593
2021-06-06T04:00:00.0;-0.007274225000319031
2021-06-06T05:00:00.0;-0.007261322195522411
2021-06-06T06:00:00.0;-0.007562862978628827
2021-06-06T07:00:00.0;-0.00677096311665188
2021-06-06T08:00:00.0;-0.006129382533856623
2021-06-06T09:00:00.0;-0.005502799840918091
2021-06-06T10:00:00.0;-0.005263294531641021
2021-06-06T11:00:00.0;-0.0052016486649490695
2021-06-06T12:00:00.0;-0.005277890737888625
2021-06-06T13:00:00.0;-0.005412430132393286
2021-06-06T14:00:00.0;-0.005647247975560497
2021-06-06T15:00:00.0;-0.006331207118349998
2021-06-06T16:00:00.0;-0.0352076943919527
2021-06-06T17:00:00.0;-0.03845169171327255
2021-06-06T18:00:00.0;-0.04146432729227518
2021-06-06T19:00:00.0;-0.04583739542155777
2021-06-06T20:00:00.0;-0.046111695979188815
2021-06-06T21:00:00.0;-0.04589956322619627
2021-06-06T22:00:00.0;-0.044358346581807276
2021-06-06T23:00:00.0;-0.04181860934517015
2021-06-07T00:00:00.0;-0.0348893355044774
2021-06-07T01:00:00.0;-0.008050926493763811
2021-06-07T02:00:00.0;-0.00771249438096998
2021-06-07T03:00:00.0;-0.007435468283078034
2021-06-07T04:00:00.0;-0.007228439887845185
2021-06-07T05:00:00.0;-0.007217295945164576
2021-06-07T06:00:00.0;-0.008892828984514123
2021-06-07T07:00:00.0;-0.006762580700003848
2021-06-07T08:00:00.0;-0.006143941083103746
2021-06-07T09:00:00.0;-0.005508177596008954
2021-06-07T10:00:00.0;-0.005226808366199104
2021-06-07T11:00:00.0;-0.0051724521832283675
2021-06-07T12:00:00.0;-0.005225188746472329
2021-06-07T13:00:00.0;-0.0053499888919265656
2021-06-07T14:00:00.0;-0.005562885526921663
2021-06-07T15:00:00.0;-0.00623992497958605
2021-06-07T16:00:00.0;-0.030474650961347285
2021-06-07T17:00:00.0;-0.0333800199443316
2021-06-07T18:00:00.0;-0.03613076615863426
2021-06-07T19:00:00.0;-0.04608198675893376
2021-06-07T20:00:00.0;-0.040362229154212045
2021-06-07T21:00:00.0;-0.04037538249993139
2021-06-07T22:00:00.0;-0.03899780428343629
2021-06-07T23:00:00.0;-0.03674167458045602
2021-06-08T00:00:00.0;-0.04190108148471719
2021-06-08T01:00:00.0;-0.008120704197919276
2021-06-08T02:00:00.0;-0.007771372534108747
2021-06-08T03:00:00.0;-0.007488214591235269
2021-06-08T04:00:00.0;-0.007286772524845568
2021-06-08T05:00:00.0;-0.007271704214213033
2021-06-08T06:00:00.0;-0.00722750496682254
2021-06-08T07:00:00.0;-0.00676311072707583
2021-06-08T08:00:00.0;-0.006116127759585354
2021-06-08T09:00:00.0;-0.0054934287201806
2021-06-08T10:00:00.0;-0.005267579456329124
2021-06-08T11:00:00.0;-0.005261288510792452
2021-06-08T12:00:00.0;-0.005342197802844257
2021-06-08T13:00:00.0;-0.005480513000295701
2021-06-08T14:00:00.0;-0.005660278136926565
2021-06-08T15:00:00.0;-0.006346045519824901
2021-06-08T16:00:00.0;-0.03679342457767149
2021-06-08T17:00:00.0;-0.04016343535695219
2021-06-08T18:00:00.0;-0.043265269111035475
2021-06-08T19:00:00.0;-0.04628444999339434
2021-06-08T20:00:00.0;-0.04807659377522664
2021-06-08T21:00:00.0;-0.0478079067922915
2021-06-08T22:00:00.0;-0.046213855369075955
2021-06-08T23:00:00.0;-0.04357160199676712
2021-06-09T00:00:00.0;-0.036838822980368335
2021-06-09T01:00:00.0;-0.008070449047081846
2021-06-09T02:00:00.0;-0.007728967437451784
2021-06-09T03:00:00.0;-0.007450225756739949
2021-06-09T04:00:00.0;-0.007244760262250292
2021-06-09T05:00:00.0;-0.007232518340195851
2021-06-09T06:00:00.0;-0.00842807887868535
2021-06-09T07:00:00.0;-0.006762728991769786
2021-06-09T08:00:00.0;-0.006136159444882384
2021-06-09T09:00:00.0;-0.0055040511369575905
2021-06-09T10:00:00.0;-0.00523821537987633
2021-06-09T11:00:00.0;-0.005197306966424405
2021-06-09T12:00:00.0;-0.005257925729691826
2021-06-09T13:00:00.0;-0.005386507119361767
2021-06-09T14:00:00.0;-0.0055901340928112804
2021-06-09T15:00:00.0;-0.0062696154228989495
2021-06-09T16:00:00.0;-0.03222556586228328
2021-06-09T17:00:00.0;-0.035263748508494334
2021-06-09T18:00:00.0;-0.038118246405726294
2021-06-09T19:00:00.0;-0.04613863301411718
2021-06-09T20:00:00.0;-0.04251915690419485
2021-06-09T21:00:00.0;-0.04246260901630151
2021-06-09T22:00:00.0;-0.04102300699042281
2021-06-09T23:00:00.0;-0.03865747394587328
2021-06-10T00:00:00.0;-0.03652859828915575
2021-06-10T01:00:00.0;-0.008067348774043356
2021-06-10T02:00:00.0;-0.007726351438946951
2021-06-10T03:00:00.0;-0.007447882200715051
2021-06-10T04:00:00.0;-0.007242168507447486
2021-06-10T05:00:00.0;-0.007230100949074748
2021-06-10T06:00:00.0;-0.008501944495085937
2021-06-10T07:00:00.0;-0.0067627054423248295
2021-06-10T08:00:00.0;-0.006137395207199306
2021-06-10T09:00:00.0;-0.005504706438661706
2021-06-10T10:00:00.0;-0.005236403892186242
2021-06-10T11:00:00.0;-0.005193359908609647
2021-06-10T12:00:00.0;-0.005252726940218436
2021-06-10T13:00:00.0;-0.005380707849244757
2021-06-10T14:00:00.0;-0.0055858068852610975
2021-06-10T15:00:00.0;-0.006264900431616118
2021-06-10T16:00:00.0;-0.031946631973352124
2021-06-10T17:00:00.0;-0.034963869280995895
2021-06-10T18:00:00.0;-0.03780217757375634
2021-06-10T19:00:00.0;-0.04612963735755998
2021-06-10T20:00:00.0;-0.04217655330901397
2021-06-10T21:00:00.0;-0.04213154927826536
2021-06-10T22:00:00.0;-0.040701721236864156
2021-06-10T23:00:00.0;-0.03835349071260287
2021-06-11T00:00:00.0;-0.027550472022553858
2021-06-11T01:00:00.0;-0.008010088451189942
2021-06-11T02:00:00.0;-0.007692201336080847
2021-06-11T03:00:00.0;-0.007420787195371592
2021-06-11T04:00:00.0;-0.00881290026915126
2021-06-11T05:00:00.0;-0.008857648924993439
2021-06-11T06:00:00.0;-0.00921249319451435
2021-06-11T07:00:00.0;-0.008561993062633782
2021-06-11T08:00:00.0;-0.007766462429822541
2021-06-11T09:00:00.0;-0.005721915316200351
2021-06-11T10:00:00.0;-0.005391218736842419
2021-06-11T11:00:00.0;-0.004024501751169249
2021-06-11T12:00:00.0;-0.004121645350935824
2021-06-11T13:00:00.0;-0.004230951031622947
2021-06-11T14:00:00.0;-0.005859703155458614
2021-06-11T15:00:00.0;-0.00794347632207227
2021-06-11T16:00:00.0;-0.026633658875607178
2021-06-11T17:00:00.0;-0.028970255239295764
2021-06-11T18:00:00.0;-0.03134771507741088
2021-06-11T19:00:00.0;-0.0346453148866708
2021-06-11T20:00:00.0;-0.03449576021534264
2021-06-11T21:00:00.0;-0.03410342063108823
2021-06-11T22:00:00.0;-0.03287881040843764
2021-06-11T23:00:00.0;-0.031064285797709014
2021-06-12T00:00:00.0;-0.037230195929671424
2021-06-12T01:00:00.0;-0.00807478142104822
2021-06-12T02:00:00.0;-0.007732869238748936
2021-06-12T03:00:00.0;-0.007453767046810447
2021-06-12T04:00:00.0;-0.007249470968418361
2021-06-12T05:00:00.0;-0.007237714515612766
2021-06-12T06:00:00.0;-0.008279583145908686
2021-06-12T07:00:00.0;-0.006767609282415612
2021-06-12T08:00:00.0;-0.006138329205078016
2021-06-12T09:00:00.0;-0.0055066240943594065
2021-06-12T10:00:00.0;-0.005244231373369477
2021-06-12T11:00:00.0;-0.005180077374332837
2021-06-12T12:00:00.0;-0.005243884171609169
2021-06-12T13:00:00.0;-0.005373060289516371
2021-06-12T14:00:00.0;-0.005602808020587015
2021-06-12T15:00:00.0;-0.0062830361907837565
2021-06-12T16:00:00.0;-0.03260410814338361
2021-06-12T17:00:00.0;-0.03566305592917096
2021-06-12T18:00:00.0;-0.03853519175761655
2021-06-12T19:00:00.0;-0.04591049431398076
2021-06-12T20:00:00.0;-0.04295663860805801
2021-06-12T21:00:00.0;-0.04287157740446911
2021-06-12T22:00:00.0;-0.04141903970572651
2021-06-12T23:00:00.0;-0.039034588552520615
2021-06-13T00:00:00.0;-0.03736409050905559
2021-06-13T01:00:00.0;-0.008075692909885406
2021-06-13T02:00:00.0;-0.007733392188669183
2021-06-13T03:00:00.0;-0.007454189693489686
2021-06-13T04:00:00.0;-0.007249144009709438
2021-06-13T05:00:00.0;-0.007236607166003424
2021-06-13T06:00:00.0;-0.008303088595766055
2021-06-13T07:00:00.0;-0.006762768823778812
2021-06-13T08:00:00.0;-0.0061340692507577815
2021-06-13T09:00:00.0;-0.005502942746204851
2021-06-13T10:00:00.0;-0.005241279366144456
2021-06-13T11:00:00.0;-0.005203983099082919
2021-06-13T12:00:00.0;-0.00526671906703788
2021-06-13T13:00:00.0;-0.00539631612262024
2021-06-13T14:00:00.0;-0.005597453223208177
2021-06-13T15:00:00.0;-0.006277590460172058
2021-06-13T16:00:00.0;-0.03269811673715984
2021-06-13T17:00:00.0;-0.03577160118757659
2021-06-13T18:00:00.0;-0.03865323615340982
2021-06-13T19:00:00.0;-0.04615384841495185
2021-06-13T20:00:00.0;-0.043098706402720274
2021-06-13T21:00:00.0;-0.04302222481426682
2021-06-13T22:00:00.0;-0.04156615592460227
2021-06-13T23:00:00.0;-0.03917141828363922
2021-06-14T00:00:00.0;-0.032280361504151006
2021-06-14T01:00:00.0;-0.008024648934675081
2021-06-14T02:00:00.0;-0.007690321473100487
2021-06-14T03:00:00.0;-0.00741560457027421
2021-06-14T04:00:00.0;-0.007206472560845472
2021-06-14T05:00:00.0;-0.007196806523798517
2021-06-14T06:00:00.0;-0.00951694265316067
2021-06-14T07:00:00.0;-0.006762381098150905
2021-06-14T08:00:00.0;-0.006154415209385098
2021-06-14T09:00:00.0;-0.005513731837259024
2021-06-14T10:00:00.0;-0.005211454417333798
2021-06-14T11:00:00.0;-0.0051389974267158425
2021-06-14T12:00:00.0;-0.005181124498315286
2021-06-14T13:00:00.0;-0.0053008350812139135
2021-06-14T14:00:00.0;-0.0055262088515669145
2021-06-14T15:00:00.0;-0.006199961562596226
2021-06-14T16:00:00.0;-0.028138712645574965
2021-06-14T17:00:00.0;-0.030861859584009794
2021-06-14T18:00:00.0;-0.03346617893347413
2021-06-14T19:00:00.0;-0.04600573949761674
2021-06-14T20:00:00.0;-0.03746071597980835
2021-06-14T21:00:00.0;-0.03755646012567166
2021-06-14T22:00:00.0;-0.03626415575181531
2021-06-14T23:00:00.0;-0.03415696818559141
2021-06-15T00:00:00.0;-0.03204773583104372
2021-06-15T01:00:00.0;-0.008049163034084785
2021-06-15T02:00:00.0;-0.0077162402564016
2021-06-15T03:00:00.0;-0.007441560444568199
2021-06-15T04:00:00.0;-0.010430164522763555
2021-06-15T05:00:00.0;-0.010447532921157604
2021-06-15T06:00:00.0;-0.01196906077538849
2021-06-15T07:00:00.0;-0.00990358113132735
2021-06-15T08:00:00.0;-0.008990550126034419
2021-06-15T09:00:00.0;-0.005591614668274434
2021-06-15T10:00:00.0;-0.005274771393505823
2021-06-15T11:00:00.0;-0.005196465938104255
2021-06-15T12:00:00.0;-0.005267292222832347
2021-06-15T13:00:00.0;-0.005407717804682844
2021-06-15T14:00:00.0;-0.005644924822250546
2021-06-15T15:00:00.0;-0.009093337045841447
2021-06-15T16:00:00.0;-0.03153494891477783
2021-06-15T17:00:00.0;-0.03458157911211266
2021-06-15T18:00:00.0;-0.03749558483070976
2021-06-15T19:00:00.0;-0.04665909569827293
2021-06-15T20:00:00.0;-0.041582222550398826
2021-06-15T21:00:00.0;-0.04143841203583
2021-06-15T22:00:00.0;-0.040015998461922865
2021-06-15T23:00:00.0;-0.037747724748264655
2021-06-16T00:00:00.0;-0.03944624247446948
2021-06-16T01:00:00.0;-0.008096412313526622
2021-06-16T02:00:00.0;-0.007750875140186624
2021-06-16T03:00:00.0;-0.007469851889062631
2021-06-16T04:00:00.0;-0.007266464979262586
2021-06-16T05:00:00.0;-0.007252762855663509
2021-06-16T06:00:00.0;-0.007808584726780791
2021-06-16T07:00:00.0;-0.006762926207074906
2021-06-16T08:00:00.0;-0.006125810516738989
2021-06-16T09:00:00.0;-0.005498563296866073
2021-06-16T10:00:00.0;-0.005253385707118104
2021-06-16T11:00:00.0;-0.005230361664750452
2021-06-16T12:00:00.0;-0.005301463086466743
2021-06-16T13:00:00.0;-0.0054350732267275425
2021-06-16T14:00:00.0;-0.005626372444950937
2021-06-16T15:00:00.0;-0.0063091013054222085
2021-06-16T16:00:00.0;-0.03457454838719957
2021-06-16T17:00:00.0;-0.03778597275783559
2021-06-16T18:00:00.0;-0.04077180231221002
2021-06-16T19:00:00.0;-0.046213966715822966
2021-06-16T20:00:00.0;-0.04538938113107616
2021-06-16T21:00:00.0;-0.04522911965456057
2021-06-16T22:00:00.0;-0.0437087870404295
2021-06-16T23:00:00.0;-0.04119940975080213
2021-06-17T00:00:00.0;-0.03439514199880602
2021-06-17T01:00:00.0;-0.008069761424386446
2021-06-17T02:00:00.0;-0.007735908246581409
2021-06-17T03:00:00.0;-0.0074589143367422926
2021-06-17T04:00:00.0;-0.009217445497238068
2021-06-17T05:00:00.0;-0.00923606285969683
2021-06-17T06:00:00.0;-0.009480295463312903
2021-06-17T07:00:00.0;-0.008767289170893375
2021-06-17T08:00:00.0;-0.007939913879529166
2021-06-17T09:00:00.0;-0.005616185804833753
2021-06-17T10:00:00.0;-0.0053290364012791875
2021-06-17T11:00:00.0;-0.00480310456378702
2021-06-17T12:00:00.0;-0.004896630422360713
2021-06-17T13:00:00.0;-0.0050289772956793165
2021-06-17T14:00:00.0;-0.005757392793512747
2021-06-17T15:00:00.0;-0.008156698182549181
2021-06-17T16:00:00.0;-0.03269551253333464
2021-06-17T17:00:00.0;-0.03567555461905178
2021-06-17T18:00:00.0;-0.03854735561352591
2021-06-17T19:00:00.0;-0.04218056897593927
2021-06-17T20:00:00.0;-0.04257455508897698
2021-06-17T21:00:00.0;-0.04220798096011195
2021-06-17T22:00:00.0;-0.04075217861246607
2021-06-17T23:00:00.0;-0.0384692519282487
2021-06-18T00:00:00.0;-0.02697520427227989
2021-06-18T01:00:00.0;-0.009059416890900632
2021-06-18T02:00:00.0;-0.008702254936134845
2021-06-18T03:00:00.0;-0.008396327389025736
2021-06-18T04:00:00.0;-0.010994946601610609
2021-06-18T05:00:00.0;-0.011063268186474557
2021-06-18T06:00:00.0;-0.011153143769978509
2021-06-18T07:00:00.0;-0.010807354495238076
2021-06-18T08:00:00.0;-0.009841827695285566
2021-06-18T09:00:00.0;-0.006601511663000978
2021-06-18T10:00:00.0;-0.006210441605004396
2021-06-18T11:00:00.0;-0.004728853914225731
2021-06-18T12:00:00.0;-0.0048450255797177965
2021-06-18T13:00:00.0;-0.004976296245301758
2021-06-18T14:00:00.0;-0.006745253793669885
2021-06-18T15:00:00.0;-0.01004185208021547
2021-06-18T16:00:00.0;-0.027658041057419237
2021-06-18T17:00:00.0;-0.030108531039192615
2021-06-18T18:00:00.0;-0.032512860014599895
2021-06-18T19:00:00.0;-0.03439891991157117
2021-06-18T20:00:00.0;-0.03552612871430074
2021-06-18T21:00:00.0;-0.03502876342349744
2021-06-18T22:00:00.0;-0.033772654959023644
2021-06-18T23:00:00.0;-0.0319503070436568
2021-06-19T00:00:00.0;-0.037022892911345556
2021-06-19T01:00:00.0;-0.008081214147091908
2021-06-19T02:00:00.0;-0.007743224580308597
2021-06-19T03:00:00.0;-0.007463961533455934
2021-06-19T04:00:00.0;-0.007276646154440265
2021-06-19T05:00:00.0;-0.00727912302972325
2021-06-19T06:00:00.0;-0.007209898025317689
2021-06-19T07:00:00.0;-0.006864689241474177
2021-06-19T08:00:00.0;-0.0062137648585707085
2021-06-19T09:00:00.0;-0.005575098043927665
2021-06-19T10:00:00.0;-0.00531774162941174
2021-06-19T11:00:00.0;-0.004721770866625923
2021-06-19T12:00:00.0;-0.004812757201522776
2021-06-19T13:00:00.0;-0.004937177986663289
2021-06-19T14:00:00.0;-0.0057444406106263385
2021-06-19T15:00:00.0;-0.0064295758995901635
2021-06-19T16:00:00.0;-0.03294390504707543
2021-06-19T17:00:00.0;-0.035878461515861396
2021-06-19T18:00:00.0;-0.03868791370434121
2021-06-19T19:00:00.0;-0.04106527305757292
2021-06-19T20:00:00.0;-0.04283917243407265
2021-06-19T21:00:00.0;-0.042489534365116675
2021-06-19T22:00:00.0;-0.04103045050773269
2021-06-19T23:00:00.0;-0.038714231552159195
2021-06-20T00:00:00.0;-0.02907461589975655
2021-06-20T01:00:00.0;-0.007995839675206642
2021-06-20T02:00:00.0;-0.007668141389861382
2021-06-20T03:00:00.0;-0.007396130916982273
2021-06-20T04:00:00.0;-0.00719180713153772
2021-06-20T05:00:00.0;-0.007190067625083024
2021-06-20T06:00:00.0;-0.009815530344782922
2021-06-20T07:00:00.0;-0.006804087347837831
2021-06-20T08:00:00.0;-0.006199600556265361
2021-06-20T09:00:00.0;-0.005549994976025946
2021-06-20T10:00:00.0;-0.00522475963968298
2021-06-20T11:00:00.0;-0.004908542038163789
2021-06-20T12:00:00.0;-0.004952313934804094
2021-06-20T13:00:00.0;-0.00506487349163996
2021-06-20T14:00:00.0;-0.005543315788949458
2021-06-20T15:00:00.0;-0.006215237605396865
2021-06-20T16:00:00.0;-0.02546101214796692
2021-06-20T17:00:00.0;-0.0279150481555247
2021-06-20T18:00:00.0;-0.030309285974401128
2021-06-20T19:00:00.0;-0.0438445184613788
2021-06-20T20:00:00.0;-0.033909454047534246
2021-06-20T21:00:00.0;-0.033995764801371564
2021-06-20T22:00:00.0;-0.03280744983126422
2021-06-20T23:00:00.0;-0.030906852470799287
2021-06-21T00:00:00.0;-0.008345692784725356
2021-06-21T01:00:00.0;-0.008043420900175482
2021-06-21T02:00:00.0;-0.006218331908755281
2021-06-21T03:00:00.0;-0.00599947724793151
2021-06-21T04:00:00.0;-0.005899485811299716
2021-06-21T05:00:00.0;-0.007505856832198914
2021-06-21T06:00:00.0;-0.0077355805096991125
2021-06-21T07:00:00.0;-0.007710910969858606
2021-06-21T08:00:00.0;-0.007107411613598208
2021-06-21T09:00:00.0;-0.006431990397147541
2021-06-21T10:00:00.0;-0.006014728322129544
2021-06-21T11:00:00.0;-0.0026595789011041077
2021-06-21T12:00:00.0;-0.002733058940500736
2021-06-21T13:00:00.0;-0.0028077928257237003
2021-06-21T14:00:00.0;-0.0065719267854306125
2021-06-21T15:00:00.0;-0.007243920362579346
2021-06-21T16:00:00.0;-0.008153702094215655
2021-06-21T17:00:00.0;-0.01796811766125833
2021-06-21T18:00:00.0;-0.01929459292512517
2021-06-21T19:00:00.0;-0.02004519711934187
2021-06-21T20:00:00.0;-0.02044293538581792
2021-06-21T21:00:00.0;-0.01995537881142523
2021-06-21T22:00:00.0;-0.019190907541848472
2021-06-21T23:00:00.0;-0.008886430728866739
2021-06-22T00:00:00.0;-0.010980868673646709
2021-06-22T01:00:00.0;-0.007953984861794336
2021-06-22T02:00:00.0;-0.006948515559318605
2021-06-22T03:00:00.0;-0.00670765014993521
2021-06-22T04:00:00.0;-0.00658926450807239
2021-06-22T05:00:00.0;-0.007380274298673442
2021-06-22T06:00:00.0;-0.008110558647736181
2021-06-22T07:00:00.0;-0.007475207950865533
2021-06-22T08:00:00.0;-0.006849727041358202
2021-06-22T09:00:00.0;-0.00615543495910988
2021-06-22T10:00:00.0;-0.005735261540556313
2021-06-22T11:00:00.0;-0.0025595988794969294
2021-06-22T12:00:00.0;-0.0026339539227283318
2021-06-22T13:00:00.0;-0.0027019252030420103
2021-06-22T14:00:00.0;-0.006271800911088719
2021-06-22T15:00:00.0;-0.006945967719559611
2021-06-22T16:00:00.0;-0.010481142143763639
2021-06-22T17:00:00.0;-0.01552873703356373
2021-06-22T18:00:00.0;-0.016773678213408916
2021-06-22T19:00:00.0;-0.01994966381355679
2021-06-22T20:00:00.0;-0.018093343381793397
2021-06-22T21:00:00.0;-0.017757520599739084
2021-06-22T22:00:00.0;-0.01707271197342786
2021-06-22T23:00:00.0;-0.011776078351576845
2021-06-23T00:00:00.0;-0.03428562160949209
2021-06-23T01:00:00.0;-0.008109749839429104
2021-06-23T02:00:00.0;-0.007664497159147913
2021-06-23T03:00:00.0;-0.007390336693598783
2021-06-23T04:00:00.0;-0.013078493571048523
2021-06-23T05:00:00.0;-0.013244103825813452
2021-06-23T06:00:00.0;-0.013260154391915122
2021-06-23T07:00:00.0;-0.012643430601249818
2021-06-23T08:00:00.0;-0.01144320244189005
2021-06-23T09:00:00.0;-0.005692673349258602
2021-06-23T10:00:00.0;-0.005386707398458731
2021-06-23T11:00:00.0;-0.005276720574196024
2021-06-23T12:00:00.0;-0.005384450387503431
2021-06-23T13:00:00.0;-0.005548898743509187
2021-06-23T14:00:00.0;-0.005833333829847974
2021-06-23T15:00:00.0;-0.011726626535182296
2021-06-23T16:00:00.0;-0.03685280802078902
2021-06-23T17:00:00.0;-0.04092805176144736
2021-06-23T18:00:00.0;-0.044245061382034365
2021-06-23T19:00:00.0;-0.04695733524244797
2021-06-23T20:00:00.0;-0.04845074192776663
2021-06-23T21:00:00.0;-0.047873374140149506
2021-06-23T22:00:00.0;-0.046248036241599066
2021-06-23T23:00:00.0;-0.0430563535117874
2021-06-24T00:00:00.0;-0.04194440543010612
2021-06-24T01:00:00.0;-0.008314756139155251
2021-06-24T02:00:00.0;-0.007957253710228932
2021-06-24T03:00:00.0;-0.007667437741699319
2021-06-24T04:00:00.0;-0.007695803191604026
2021-06-24T05:00:00.0;-0.007681218193057078
2021-06-24T06:00:00.0;-0.007567355075021989
2021-06-24T07:00:00.0;-0.007156641997560605
2021-06-24T08:00:00.0;-0.006476637961865169
2021-06-24T09:00:00.0;-0.005644056513100635
2021-06-24T10:00:00.0;-0.005410856042417125
2021-06-24T11:00:00.0;-0.00540223336943147
2021-06-24T12:00:00.0;-0.0054857564476840795
2021-06-24T13:00:00.0;-0.005628537145368414
2021-06-24T14:00:00.0;-0.0058135889707584135
2021-06-24T15:00:00.0;-0.006717898287965876
2021-06-24T16:00:00.0;-0.03713189525599049
2021-06-24T17:00:00.0;-0.04053972559799266
2021-06-24T18:00:00.0;-0.04365238084187877
2021-06-24T19:00:00.0;-0.04637736042463993
2021-06-24T20:00:00.0;-0.04844251542209849
2021-06-24T21:00:00.0;-0.048147806248886565
2021-06-24T22:00:00.0;-0.046543982740624074
2021-06-24T23:00:00.0;-0.043893115643786194
2021-06-25T00:00:00.0;-0.03316157207578675
2021-06-25T01:00:00.0;-0.008094769190210831
2021-06-25T02:00:00.0;-0.007761792487108627
2021-06-25T03:00:00.0;-0.0074858798504976835
2021-06-25T04:00:00.0;-0.014516134272554855
2021-06-25T05:00:00.0;-0.014595538723723368
2021-06-25T06:00:00.0;-0.01465038763835206
2021-06-25T07:00:00.0;-0.013975614844302858
2021-06-25T08:00:00.0;-0.01263442641322296
2021-06-25T09:00:00.0;-0.005693245346317538
2021-06-25T10:00:00.0;-0.00537023410587577
2021-06-25T11:00:00.0;-0.005235418204757008
2021-06-25T12:00:00.0;-0.005350676869918514
2021-06-25T13:00:00.0;-0.005518808332196114
2021-06-25T14:00:00.0;-0.005828643425657357
2021-06-25T15:00:00.0;-0.012910908072942151
2021-06-25T16:00:00.0;-0.03727021783298403
2021-06-25T17:00:00.0;-0.040815589687726424
2021-06-25T18:00:00.0;-0.04419607869970897
2021-06-25T19:00:00.0;-0.04696213260402023
2021-06-25T20:00:00.0;-0.0483747487633204
2021-06-25T21:00:00.0;-0.04775873222794145
2021-06-25T22:00:00.0;-0.04612949540963093
2021-06-25T23:00:00.0;-0.043608749121999885
2021-06-26T00:00:00.0;-0.03443870803676928
2021-06-26T01:00:00.0;-0.008046400184099967
2021-06-26T02:00:00.0;-0.00770867509775167
2021-06-26T03:00:00.0;-0.007432046758489601
2021-06-26T04:00:00.0;-0.007224656010270654
2021-06-26T05:00:00.0;-0.00721376663569497
2021-06-26T06:00:00.0;-0.009000450757711966
2021-06-26T07:00:00.0;-0.006762546318551046
2021-06-26T08:00:00.0;-0.006145745254623804
2021-06-26T09:00:00.0;-0.005509134315347315
2021-06-26T10:00:00.0;-0.005224163647643791
2021-06-26T11:00:00.0;-0.005166689598066934
2021-06-26T12:00:00.0;-0.005217598673771975
2021-06-26T13:00:00.0;-0.005341522139490301
2021-06-26T14:00:00.0;-0.0055565679549802165
2021-06-26T15:00:00.0;-0.006233041262237964
2021-06-26T16:00:00.0;-0.030070583108228136
2021-06-26T17:00:00.0;-0.03294484685517059
2021-06-26T18:00:00.0;-0.035670925354413595
2021-06-26T19:00:00.0;-0.046068853234503875
2021-06-26T20:00:00.0;-0.03986230165341349
2021-06-26T21:00:00.0;-0.03989059975414838
2021-06-26T22:00:00.0;-0.03852756359570061
2021-06-26T23:00:00.0;-0.0362969514080915
2021-06-27T00:00:00.0;-0.020766563286193983
2021-06-27T01:00:00.0;-0.007919446935266937
2021-06-27T02:00:00.0;-0.00760884110532838
2021-06-27T03:00:00.0;-0.0073439673420695635
2021-06-27T04:00:00.0;-0.007150769699258096
2021-06-27T05:00:00.0;-0.007168609346517717
2021-06-27T06:00:00.0;-0.010701463643497685
2021-06-27T07:00:00.0;-0.0069051088993926394
2021-06-27T08:00:00.0;-0.006311724437346521
2021-06-27T09:00:00.0;-0.0056392655473296496
2021-06-27T10:00:00.0;-0.005253161829765846
2021-06-27T11:00:00.0;-0.0043416196216235145
2021-06-27T12:00:00.0;-0.004385726398349319
2021-06-27T13:00:00.0;-0.004480553233745439
2021-06-27T14:00:00.0;-0.005575595197251752
2021-06-27T15:00:00.0;-0.006242257537665504
2021-06-27T16:00:00.0;-0.018380988012833537
2021-06-27T17:00:00.0;-0.02014183977039819
2021-06-27T18:00:00.0;-0.021946834741858077
2021-06-27T19:00:00.0;-0.03856067566934211
2021-06-27T20:00:00.0;-0.024535379604296123
2021-06-27T21:00:00.0;-0.02461080372963341
2021-06-27T22:00:00.0;-0.02371642940275517
2021-06-27T23:00:00.0;-0.022351010306815706
2021-06-28T00:00:00.0;-0.02975714734106657
2021-06-28T01:00:00.0;-0.008052507069536606
2021-06-28T02:00:00.0;-0.007724211016479124
2021-06-28T03:00:00.0;-0.0074513931153814975
2021-06-28T04:00:00.0;-0.013596985619601962
2021-06-28T05:00:00.0;-0.013661841648550195
2021-06-28T06:00:00.0;-0.014945898361805744
2021-06-28T07:00:00.0;-0.013089152961414876
2021-06-28T08:00:00.0;-0.011869695038517395
2021-06-28T09:00:00.0;-0.005672625948138501
2021-06-28T10:00:00.0;-0.005324925007729224
2021-06-28T11:00:00.0;-0.005226556805962229
2021-06-28T12:00:00.0;-0.005317230353479202
2021-06-28T13:00:00.0;-0.005474011618604194
2021-06-28T14:00:00.0;-0.005732723150046774
2021-06-28T15:00:00.0;-0.011976240477324516
2021-06-28T16:00:00.0;-0.033056673808001105
2021-06-28T17:00:00.0;-0.03628191244338993
2021-06-28T18:00:00.0;-0.03939046235361531
2021-06-28T19:00:00.0;-0.047241593035220554
2021-06-28T20:00:00.0;-0.0433601981814365
2021-06-28T21:00:00.0;-0.04303206579948503
2021-06-28T22:00:00.0;-0.04154863256929547
2021-06-28T23:00:00.0;-0.03924318154139462
2021-06-29T00:00:00.0;-0.02058943920233479
2021-06-29T01:00:00.0;-0.011981162967528946
2021-06-29T02:00:00.0;-0.011521814404287348
2021-06-29T03:00:00.0;-0.011122870034950551
2021-06-29T04:00:00.0;-0.0108634373606708
2021-06-29T05:00:00.0;-0.010914564534083517
2021-06-29T06:00:00.0;-0.012819296060325345
2021-06-29T07:00:00.0;-0.01089653539528993
2021-06-29T08:00:00.0;-0.010102708982302219
2021-06-29T09:00:00.0;-0.009149847555325318
2021-06-29T10:00:00.0;-0.00854466987784162
2021-06-29T11:00:00.0;-0.006539830519687115
2021-06-29T12:00:00.0;-0.0066360000793218386
2021-06-29T13:00:00.0;-0.006777711769688583
2021-06-29T14:00:00.0;-0.009085313755898475
2021-06-29T15:00:00.0;-0.010051757997433231
2021-06-29T16:00:00.0;-0.018993375135557832
2021-06-29T17:00:00.0;-0.020748028238653977
2021-06-29T18:00:00.0;-0.022341495655341225
2021-06-29T19:00:00.0;-0.031095840025253032
2021-06-29T20:00:00.0;-0.02439138290285791
2021-06-29T21:00:00.0;-0.02420628360687025
2021-06-29T22:00:00.0;-0.0233208870781964
2021-06-29T23:00:00.0;-0.022075375801064855
2021-06-30T00:00:00.0;-0.022806030228211035
2021-06-30T01:00:00.0;-0.008030729265592274
2021-06-30T02:00:00.0;-0.007563739069761104
2021-06-30T03:00:00.0;-0.00729998692677004
2021-06-30T04:00:00.0;-0.014624125904791604
2021-06-30T05:00:00.0;-0.014937250685068203
2021-06-30T06:00:00.0;-0.015195103453820453
2021-06-30T07:00:00.0;-0.014721780180732126
2021-06-30T08:00:00.0;-0.013355240410519683
2021-06-30T09:00:00.0;-0.00590309205336761
2021-06-30T10:00:00.0;-0.0055128566372916726
2021-06-30T11:00:00.0;-0.004276900919442636
2021-06-30T12:00:00.0;-0.004397125921504504
2021-06-30T13:00:00.0;-0.004535487485111925
2021-06-30T14:00:00.0;-0.006031191532403918
2021-06-30T15:00:00.0;-0.013557704377012758
2021-06-30T16:00:00.0;-0.029004172088332097
2021-06-30T17:00:00.0;-0.0325234195457118
2021-06-30T18:00:00.0;-0.03526243342258919
2021-06-30T19:00:00.0;-0.037323553405122875
2021-06-30T20:00:00.0;-0.03823299383559966
2021-06-30T21:00:00.0;-0.03755405356780654
2021-06-30T22:00:00.0;-0.036203040530440954
2021-06-30T23:00:00.0;-0.033339262987433234
2021-07-01T00:00:00.0;-0.03350208784431363
2021-07-01T01:00:00.0;-0.008123981973899227
2021-07-01T02:00:00.0;-0.007480340210525643
2021-07-01T03:00:00.0;-0.007211744460769695
2021-07-01T04:00:00.0;-0.01211244865504333
2021-07-01T05:00:00.0;-0.012471085728799708
2021-07-01T06:00:00.0;-0.012495366274579082
2021-07-01T07:00:00.0;-0.011943086432017318
2021-07-01T08:00:00.0;-0.010833011357712547
2021-07-01T09:00:00.0;-0.005749592164708161
2021-07-01T10:00:00.0;-0.00544681400344936
2021-07-01T11:00:00.0;-0.005262111889447297
2021-07-01T12:00:00.0;-0.0053649182594275036
2021-07-01T13:00:00.0;-0.005526678362709567
2021-07-01T14:00:00.0;-0.005891271448345013
2021-07-01T15:00:00.0;-0.011112524033986161
2021-07-01T16:00:00.0;-0.035503969398789366
2021-07-01T17:00:00.0;-0.0405138825285963
2021-07-01T18:00:00.0;-0.04372732504642593
2021-07-01T19:00:00.0;-0.04629662481068475
2021-07-01T20:00:00.0;-0.04774208642705686
2021-07-01T21:00:00.0;-0.047153271744112685
2021-07-01T22:00:00.0;-0.04555048624288351
2021-07-01T23:00:00.0;-0.0412228870883825
2021-07-02T00:00:00.0;-0.04196702079504804
2021-07-02T01:00:00.0;-0.008122923482356218
2021-07-02T02:00:00.0;-0.007773554113085408
2021-07-02T03:00:00.0;-0.007490330494676871
2021-07-02T04:00:00.0;-0.007479019273196509
2021-07-02T05:00:00.0;-0.007464829142289616
2021-07-02T06:00:00.0;-0.007350668264011913
2021-07-02T07:00:00.0;-0.006945835554314029
2021-07-02T08:00:00.0;-0.006280137756156101
2021-07-02T09:00:00.0;-0.005497862953944627
2021-07-02T10:00:00.0;-0.005271768269685181
2021-07-02T11:00:00.0;-0.005265664029299006
2021-07-02T12:00:00.0;-0.005348579230651708
2021-07-02T13:00:00.0;-0.005488266804376117
2021-07-02T14:00:00.0;-0.00566836384594495
2021-07-02T15:00:00.0;-0.006519121077681243
2021-07-02T16:00:00.0;-0.0370730541410213
2021-07-02T17:00:00.0;-0.04046697786586176
2021-07-02T18:00:00.0;-0.043589930771609206
2021-07-02T19:00:00.0;-0.04632525739794551
2021-07-02T20:00:00.0;-0.0484080141678308
2021-07-02T21:00:00.0;-0.048117185932351536
2021-07-02T22:00:00.0;-0.04651347793083378
2021-07-02T23:00:00.0;-0.04385837301918937
2021-07-03T00:00:00.0;-0.0358630385507755
2021-07-03T01:00:00.0;-0.008060689285659282
2021-07-03T02:00:00.0;-0.007720732188009131
2021-07-03T03:00:00.0;-0.00744284816533034
2021-07-03T04:00:00.0;-0.007236601336516137
2021-07-03T05:00:00.0;-0.0072249083178195506
2021-07-03T06:00:00.0;-0.008660532243218942
2021-07-03T07:00:00.0;-0.006762654857364699
2021-07-03T08:00:00.0;-0.006140049663143867
2021-07-03T09:00:00.0;-0.005506114047428562
2021-07-03T10:00:00.0;-0.005232512757616484
2021-07-03T11:00:00.0;-0.005184881500814467
2021-07-03T12:00:00.0;-0.005241559773368497
2021-07-03T13:00:00.0;-0.005368250831928968
2021-07-03T14:00:00.0;-0.005576511910763683
2021-07-03T15:00:00.0;-0.006254772487652662
2021-07-03T16:00:00.0;-0.03134859669335155
2021-07-03T17:00:00.0;-0.034320656225652724
2021-07-03T18:00:00.0;-0.03712382278722816
2021-07-03T19:00:00.0;-0.04611031434761159
2021-07-03T20:00:00.0;-0.04144072316435612
2021-07-03T21:00:00.0;-0.04141990937920508
2021-07-03T22:00:00.0;-0.04001117279810315
2021-07-03T23:00:00.0;-0.03770019960359259
2021-07-04T00:00:00.0;-0.034960436304390156
2021-07-04T01:00:00.0;-0.008051640192979657
2021-07-04T02:00:00.0;-0.0077130965976976145
2021-07-04T03:00:00.0;-0.007436007782050192
2021-07-04T04:00:00.0;-0.007229036522098664
2021-07-04T05:00:00.0;-0.007217852439685425
2021-07-04T06:00:00.0;-0.008875854914728571
2021-07-04T07:00:00.0;-0.00676258612120199
2021-07-04T08:00:00.0;-0.006143656604919741
2021-07-04T09:00:00.0;-0.005508026742419858
2021-07-04T10:00:00.0;-0.00522722538002196
2021-07-04T11:00:00.0;-0.005173360815948725
2021-07-04T12:00:00.0;-0.0052263855337734005
2021-07-04T13:00:00.0;-0.005351323912386084
2021-07-04T14:00:00.0;-0.0055638816692453515
2021-07-04T15:00:00.0;-0.006241010390712723
2021-07-04T16:00:00.0;-0.03053842821963831
2021-07-04T17:00:00.0;-0.03344869108109718
2021-07-04T18:00:00.0;-0.036203305794343575
2021-07-04T19:00:00.0;-0.04608405762357252
2021-07-04T20:00:00.0;-0.04044106208424126
2021-07-04T21:00:00.0;-0.040451792547019125
2021-07-04T22:00:00.0;-0.039071926928252336
2021-07-04T23:00:00.0;-0.036811778908998505
2021-07-05T00:00:00.0;-0.037693975133076804
2021-07-05T01:00:00.0;-0.009605579092848485
2021-07-05T02:00:00.0;-0.0088381122216797
2021-07-05T03:00:00.0;-0.008517444985124072
2021-07-05T04:00:00.0;-0.010653454162391891
2021-07-05T05:00:00.0;-0.011018762050607754
2021-07-05T06:00:00.0;-0.01098247518314033
2021-07-05T07:00:00.0;-0.010512972508395457
2021-07-05T08:00:00.0;-0.009602856963161599
2021-07-05T09:00:00.0;-0.006824330275551711
2021-07-05T10:00:00.0;-0.006507377559663385
2021-07-05T11:00:00.0;-0.006446773375548185
2021-07-05T12:00:00.0;-0.00653722718540364
2021-07-05T13:00:00.0;-0.006715603335146527
2021-07-05T14:00:00.0;-0.006965805539724079
2021-07-05T15:00:00.0;-0.009867070078187731
2021-07-05T16:00:00.0;-0.036330311998835726
2021-07-05T17:00:00.0;-0.041726685641046646
2021-07-05T18:00:00.0;-0.04479231779480328
2021-07-05T19:00:00.0;-0.04730088176283693
2021-07-05T20:00:00.0;-0.048924773290742525
2021-07-05T21:00:00.0;-0.04844415976273725
2021-07-05T22:00:00.0;-0.0468289900809127
2021-07-05T23:00:00.0;-0.04211234428952755
2021-07-06T00:00:00.0;-0.008292300478045151
2021-07-06T01:00:00.0;-0.007988917964358723
2021-07-06T02:00:00.0;-0.006580232067164606
2021-07-06T03:00:00.0;-0.006351117883469086
2021-07-06T04:00:00.0;-0.006248619552452647
2021-07-06T05:00:00.0;-0.0074540901101856115
2021-07-06T06:00:00.0;-0.007674630938878299
2021-07-06T07:00:00.0;-0.007642780370076958
2021-07-06T08:00:00.0;-0.007022569315950058
2021-07-06T09:00:00.0;-0.006331704407573706
2021-07-06T10:00:00.0;-0.0059051134023351695
2021-07-06T11:00:00.0;-0.0023109928173952214
2021-07-06T12:00:00.0;-0.0023816692143336935
2021-07-06T13:00:00.0;-0.0024455068351028554
2021-07-06T14:00:00.0;-0.006476182195289464
2021-07-06T15:00:00.0;-0.007150127967474275
2021-07-06T16:00:00.0;-0.008062713458050989
2021-07-06T17:00:00.0;-0.01538098216675551
2021-07-06T18:00:00.0;-0.016562173075452435
2021-07-06T19:00:00.0;-0.017271971256016795
2021-07-06T20:00:00.0;-0.017665397617430335
2021-07-06T21:00:00.0;-0.017255797104326235
2021-07-06T22:00:00.0;-0.01658603958674652
2021-07-06T23:00:00.0;-0.00887004526443941
2021-07-07T00:00:00.0;-0.025678209880178767
2021-07-07T01:00:00.0;-0.008142985336320805
2021-07-07T02:00:00.0;-0.006486231902273778
2021-07-07T03:00:00.0;-0.00625036604126251
2021-07-07T04:00:00.0;-0.006082097032531297
2021-07-07T05:00:00.0;-0.007377672511970453
2021-07-07T06:00:00.0;-0.009737680699548576
2021-07-07T07:00:00.0;-0.0071392576819852595
2021-07-07T08:00:00.0;-0.006578914939216083
2021-07-07T09:00:00.0;-0.005964295678185489
2021-07-07T10:00:00.0;-0.005645419158387978
2021-07-07T11:00:00.0;-0.005536826476938171
2021-07-07T12:00:00.0;-0.005565164590979311
2021-07-07T13:00:00.0;-0.005705694413131821
2021-07-07T14:00:00.0;-0.005968438832790731
2021-07-07T15:00:00.0;-0.006635082016687745
2021-07-07T16:00:00.0;-0.023282429510720182
2021-07-07T17:00:00.0;-0.032864528473871835
2021-07-07T18:00:00.0;-0.03534284544554047
2021-07-07T19:00:00.0;-0.04702029103922497
2021-07-07T20:00:00.0;-0.038445263578540306
2021-07-07T21:00:00.0;-0.03829823404096814
2021-07-07T22:00:00.0;-0.03698608553409365
2021-07-07T23:00:00.0;-0.026997023435883435
2021-07-08T00:00:00.0;-0.03756798698238644
2021-07-08T01:00:00.0;-0.009563462689274726
2021-07-08T02:00:00.0;-0.009161576150675008
2021-07-08T03:00:00.0;-0.00883256758450865
2021-07-08T04:00:00.0;-0.012717038281895065
2021-07-08T05:00:00.0;-0.012738850210157512
2021-07-08T06:00:00.0;-0.01270776800560796
2021-07-08T07:00:00.0;-0.012136612371383906
2021-07-08T08:00:00.0;-0.011045247382794299
2021-07-08T09:00:00.0;-0.006735370896135156
2021-07-08T10:00:00.0;-0.006397832780343817
2021-07-08T11:00:00.0;-0.006330708322401274
2021-07-08T12:00:00.0;-0.006435598025970525
2021-07-08T13:00:00.0;-0.006616609088524175
2021-07-08T14:00:00.0;-0.006872343915172873
2021-07-08T15:00:00.0;-0.011312614865266716
2021-07-08T16:00:00.0;-0.037842020637880634
2021-07-08T17:00:00.0;-0.041444099368160355
2021-07-08T18:00:00.0;-0.04463817448211411
2021-07-08T19:00:00.0;-0.047330870209688375
2021-07-08T20:00:00.0;-0.04895405362171745
2021-07-08T21:00:00.0;-0.04847085324091545
2021-07-08T22:00:00.0;-0.046845581085582205
2021-07-08T23:00:00.0;-0.04427279132366301
2021-07-09T00:00:00.0;-0.03869681815848316
2021-07-09T01:00:00.0;-0.008113579242572463
2021-07-09T02:00:00.0;-0.0077701902726006675
2021-07-09T03:00:00.0;-0.007489680475644237
2021-07-09T04:00:00.0;-0.01025814173105007
2021-07-09T05:00:00.0;-0.010267489681791888
2021-07-09T06:00:00.0;-0.010185420364286492
2021-07-09T07:00:00.0;-0.009658181558159059
2021-07-09T08:00:00.0;-0.008731632266160416
2021-07-09T09:00:00.0;-0.00557158563009561
2021-07-09T10:00:00.0;-0.005308626826968274
2021-07-09T11:00:00.0;-0.005276448889347126
2021-07-09T12:00:00.0;-0.005371831487487937
2021-07-09T13:00:00.0;-0.00552350058038105
2021-07-09T14:00:00.0;-0.005728309571796738
2021-07-09T15:00:00.0;-0.009008233490681833
2021-07-09T16:00:00.0;-0.03732535779545055
2021-07-09T17:00:00.0;-0.04079944274462375
2021-07-09T18:00:00.0;-0.04403811523026172
2021-07-09T19:00:00.0;-0.04680103869009521
2021-07-09T20:00:00.0;-0.04862991210632981
2021-07-09T21:00:00.0;-0.04821234484398121
2021-07-09T22:00:00.0;-0.046592554461143354
2021-07-09T23:00:00.0;-0.043976554088688474
2021-07-10T00:00:00.0;-0.04219085785636462
2021-07-10T01:00:00.0;-0.008123562078109743
2021-07-10T02:00:00.0;-0.007773784001667385
2021-07-10T03:00:00.0;-0.007490374917764106
2021-07-10T04:00:00.0;-0.007289161661677941
2021-07-10T05:00:00.0;-0.007273932623419476
2021-07-10T06:00:00.0;-0.007159049228284097
2021-07-10T07:00:00.0;-0.00676313243542396
2021-07-10T08:00:00.0;-0.006114988604584971
2021-07-10T09:00:00.0;-0.005492824648924882
2021-07-10T10:00:00.0;-0.005269249316490201
2021-07-10T11:00:00.0;-0.005264926980361072
2021-07-10T12:00:00.0;-0.005346990146145586
2021-07-10T13:00:00.0;-0.005485858883973336
2021-07-10T14:00:00.0;-0.00566426706922289
2021-07-10T15:00:00.0;-0.00635039193004605
2021-07-10T16:00:00.0;-0.0370558115059735
2021-07-10T17:00:00.0;-0.040444256951704144
2021-07-10T18:00:00.0;-0.04355930148837434
2021-07-10T19:00:00.0;-0.0462927421243594
2021-07-10T20:00:00.0;-0.048392849484590834
2021-07-10T21:00:00.0;-0.04811068269552421
2021-07-10T22:00:00.0;-0.04650807377649131
2021-07-10T23:00:00.0;-0.04385029642926131
2021-07-11T00:00:00.0;-0.037452302226919275
2021-07-11T01:00:00.0;-0.008079471414230821
2021-07-11T02:00:00.0;-0.007737148578604293
2021-07-11T03:00:00.0;-0.0074578518897928025
2021-07-11T04:00:00.0;-0.007600687108666869
2021-07-11T05:00:00.0;-0.007589954034331573
2021-07-11T06:00:00.0;-0.00853819562074241
2021-07-11T07:00:00.0;-0.007099010443237552
2021-07-11T08:00:00.0;-0.0064368275951381
2021-07-11T09:00:00.0;-0.00551116020836841
2021-07-11T10:00:00.0;-0.005248805054768898
2021-07-11T11:00:00.0;-0.005211643867229002
2021-07-11T12:00:00.0;-0.005277946207569919
2021-07-11T13:00:00.0;-0.005410008223456876
2021-07-11T14:00:00.0;-0.005611899109170984
2021-07-11T15:00:00.0;-0.006592397553953003
2021-07-11T16:00:00.0;-0.03317391661856142
2021-07-11T17:00:00.0;-0.036289688585348236
2021-07-11T18:00:00.0;-0.039209792577532085
2021-07-11T19:00:00.0;-0.04622800814868532
2021-07-11T20:00:00.0;-0.04367131578574588
2021-07-11T21:00:00.0;-0.04356116344907054
2021-07-11T22:00:00.0;-0.04208779318176538
2021-07-11T23:00:00.0;-0.03966997766721615
2021-07-12T00:00:00.0;-0.03839651420419119
2021-07-12T01:00:00.0;-0.010234964481225847
2021-07-12T02:00:00.0;-0.009803379295777093
2021-07-12T03:00:00.0;-0.00945082944579704
2021-07-12T04:00:00.0;-0.012699292306581254
2021-07-12T05:00:00.0;-0.012711177695913256
2021-07-12T06:00:00.0;-0.012674604629167344
2021-07-12T07:00:00.0;-0.012127481600667461
2021-07-12T08:00:00.0;-0.011070396017709434
2021-07-12T09:00:00.0;-0.00724866809452384
2021-07-12T10:00:00.0;-0.0068931478000683905
2021-07-12T11:00:00.0;-0.0068205667920835655
2021-07-12T12:00:00.0;-0.0069227032226207115
2021-07-12T13:00:00.0;-0.007111262993505683
2021-07-12T14:00:00.0;-0.007379082993380665
2021-07-12T15:00:00.0;-0.011328962530151846
2021-07-12T16:00:00.0;-0.03797456713046787
2021-07-12T17:00:00.0;-0.04160223785206703
2021-07-12T18:00:00.0;-0.0447284641416003
2021-07-12T19:00:00.0;-0.047377752879455406
2021-07-12T20:00:00.0;-0.04901111486657777
2021-07-12T21:00:00.0;-0.04854992196049824
2021-07-12T22:00:00.0;-0.04692874300180566
2021-07-12T23:00:00.0;-0.04435965288215834
2021-07-13T00:00:00.0;-0.008548040165905471
2021-07-13T01:00:00.0;-0.008238599260150452
2021-07-13T02:00:00.0;-0.007949828028915567
2021-07-13T03:00:00.0;-0.0076839979496674034
2021-07-13T04:00:00.0;-0.018950012801322372
2021-07-13T05:00:00.0;-0.019316826318867875
2021-07-13T06:00:00.0;-0.02008131070653611
2021-07-13T07:00:00.0;-0.01981978483380283
2021-07-13T08:00:00.0;-0.018012391258231095
2021-07-13T09:00:00.0;-0.006407810984922987
2021-07-13T10:00:00.0;-0.005872526755709559
2021-07-13T11:00:00.0;-0.0032633981091322512
2021-07-13T12:00:00.0;-0.003389425747348582
2021-07-13T13:00:00.0;-0.003502991073455866
2021-07-13T14:00:00.0;-0.006509900303512507
2021-07-13T15:00:00.0;-0.01801205781499598
2021-07-13T16:00:00.0;-0.020564906106383705
2021-07-13T17:00:00.0;-0.022388548624194517
2021-07-13T18:00:00.0;-0.024401913234300153
2021-07-13T19:00:00.0;-0.02579825906445922
2021-07-13T20:00:00.0;-0.026147212788549947
2021-07-13T21:00:00.0;-0.025483369403420022
2021-07-13T22:00:00.0;-0.024502862935777005
2021-07-13T23:00:00.0;-0.023269841311740206
2021-07-14T00:00:00.0;-0.010382408940387618
2021-07-14T01:00:00.0;-0.007991964124710775
2021-07-14T02:00:00.0;-0.0071657083391085275
2021-07-14T03:00:00.0;-0.006917291773016692
2021-07-14T04:00:00.0;-0.006797755625925417
2021-07-14T05:00:00.0;-0.007406629400236054
2021-07-14T06:00:00.0;-0.00759209831391545
2021-07-14T07:00:00.0;-0.007554732922068823
2021-07-14T08:00:00.0;-0.006951396659337309
2021-07-14T09:00:00.0;-0.006910331247488307
2021-07-14T10:00:00.0;-0.007343388736605719
2021-07-14T11:00:00.0;-0.002136337300364502
2021-07-14T12:00:00.0;-0.002203066764598367
2021-07-14T13:00:00.0;-0.002255972731264965
2021-07-14T14:00:00.0;-0.006423628270383816
2021-07-14T15:00:00.0;-0.007078870462375438
2021-07-14T16:00:00.0;-0.007972986191434354
2021-07-14T17:00:00.0;-0.011814100131836583
2021-07-14T18:00:00.0;-0.012762321227398565
2021-07-14T19:00:00.0;-0.013351621317851416
2021-07-14T20:00:00.0;-0.013689813631502614
2021-07-14T21:00:00.0;-0.01340374561514496
2021-07-14T22:00:00.0;-0.01289644300226633
2021-07-14T23:00:00.0;-0.008498051812807252
2021-07-15T00:00:00.0;-0.014748739699165273
2021-07-15T01:00:00.0;-0.008405848334871758
2021-07-15T02:00:00.0;-0.00543421004331433
2021-07-15T03:00:00.0;-0.005232448005544836
2021-07-15T04:00:00.0;-0.005112308904160307
2021-07-15T05:00:00.0;-0.007711020563906208
2021-07-15T06:00:00.0;-0.00790352796589319
2021-07-15T07:00:00.0;-0.007910270504710623
2021-07-15T08:00:00.0;-0.007461924009035979
2021-07-15T09:00:00.0;-0.008866274821816402
2021-07-15T10:00:00.0;-0.011224616384245331
2021-07-15T11:00:00.0;-0.004612093470043569
2021-07-15T12:00:00.0;-0.00466747018883176
2021-07-15T13:00:00.0;-0.004777379476633667
2021-07-15T14:00:00.0;-0.007048677424391052
2021-07-15T15:00:00.0;-0.007656333902347214
2021-07-15T16:00:00.0;-0.00849689586402733
2021-07-15T17:00:00.0;-0.02515944216587229
2021-07-15T18:00:00.0;-0.026782631635204654
2021-07-15T19:00:00.0;-0.027399846047295923
2021-07-15T20:00:00.0;-0.027622343156621005
2021-07-15T21:00:00.0;-0.027019097608555958
2021-07-15T22:00:00.0;-0.026142646227769763
2021-07-15T23:00:00.0;-0.007938323374400447
2021-07-16T00:00:00.0;-0.019966872747560448
2021-07-16T01:00:00.0;-0.008036843295381044
2021-07-16T02:00:00.0;-0.006903433999434529
2021-07-16T03:00:00.0;-0.006658489784889919
2021-07-16T04:00:00.0;-0.006506845743008514
2021-07-16T05:00:00.0;-0.007350985371042396
2021-07-16T06:00:00.0;-0.008905503294267997
2021-07-16T07:00:00.0;-0.007235891335606589
2021-07-16T08:00:00.0;-0.006636428166882746
2021-07-16T09:00:00.0;-0.005980490706583926
2021-07-16T10:00:00.0;-0.005618224000801806
2021-07-16T11:00:00.0;-0.00410995197297673
2021-07-16T12:00:00.0;-0.004180794493760003
2021-07-16T13:00:00.0;-0.004286372527280155
2021-07-16T14:00:00.0;-0.006041779051835969
2021-07-16T15:00:00.0;-0.006713350788903556
2021-07-16T16:00:00.0;-0.018437155603345225
2021-07-16T17:00:00.0;-0.024719309511909388
2021-07-16T18:00:00.0;-0.026670681680917078
2021-07-16T19:00:00.0;-0.0343396730458156
2021-07-16T20:00:00.0;-0.02902285069348768
2021-07-16T21:00:00.0;-0.028734092492913543
2021-07-16T22:00:00.0;-0.02769135438309185
2021-07-16T23:00:00.0;-0.021202910767145516
2021-07-17T00:00:00.0;-0.030782282210308595
2021-07-17T01:00:00.0;-0.00804334549869518
2021-07-17T02:00:00.0;-0.007469730963419785
2021-07-17T03:00:00.0;-0.007202172894544932
2021-07-17T04:00:00.0;-0.0070004766514719825
2021-07-17T05:00:00.0;-0.007227652075681304
2021-07-17T06:00:00.0;-0.009630744301622442
2021-07-17T07:00:00.0;-0.006831557135783647
2021-07-17T08:00:00.0;-0.006233566745635558
2021-07-17T09:00:00.0;-0.0055971014528938936
2021-07-17T10:00:00.0;-0.005289364270168556
2021-07-17T11:00:00.0;-0.005208184078362912
2021-07-17T12:00:00.0;-0.005246555532306477
2021-07-17T13:00:00.0;-0.0053695016478775915
2021-07-17T14:00:00.0;-0.005603176434716873
2021-07-17T15:00:00.0;-0.006275244572808807
2021-07-17T16:00:00.0;-0.02702666530370118
2021-07-17T17:00:00.0;-0.030934176038264562
2021-07-17T18:00:00.0;-0.03349870772574967
2021-07-17T19:00:00.0;-0.046183223990760254
2021-07-17T20:00:00.0;-0.03730552090160378
2021-07-17T21:00:00.0;-0.03736644539448965
2021-07-17T22:00:00.0;-0.03608045019326767
2021-07-17T23:00:00.0;-0.03255100117810885
2021-07-18T00:00:00.0;-0.03372846091810608
2021-07-18T01:00:00.0;-0.008039255657355745
2021-07-18T02:00:00.0;-0.007702646572506217
2021-07-18T03:00:00.0;-0.007426646073197965
2021-07-18T04:00:00.0;-0.007218683375649635
2021-07-18T05:00:00.0;-0.00720819582356617
2021-07-18T06:00:00.0;-0.009170225610661177
2021-07-18T07:00:00.0;-0.0067624920493777945
2021-07-18T08:00:00.0;-0.006148593035768881
2021-07-18T09:00:00.0;-0.005510644442267171
2021-07-18T10:00:00.0;-0.00521998910794333
2021-07-18T11:00:00.0;-0.005157593682287886
2021-07-18T12:00:00.0;-0.005205618173252004
2021-07-18T13:00:00.0;-0.005328157851192958
2021-07-18T14:00:00.0;-0.005546596033121911
2021-07-18T15:00:00.0;-0.006222175715019209
2021-07-18T16:00:00.0;-0.02943422645625307
2021-07-18T17:00:00.0;-0.03225915306072815
2021-07-18T18:00:00.0;-0.0349458254892555
2021-07-18T19:00:00.0;-0.04604812264401925
2021-07-18T20:00:00.0;-0.03907331417518642
2021-07-18T21:00:00.0;-0.03912473953327969
2021-07-18T22:00:00.0;-0.03778478115784003
2021-07-18T23:00:00.0;-0.03559456362103999
2021-07-19T00:00:00.0;-0.02672237721277344
2021-07-19T01:00:00.0;-0.008023511842386755
2021-07-19T02:00:00.0;-0.007700095255130124
2021-07-19T03:00:00.0;-0.00742997212238669
2021-07-19T04:00:00.0;-0.013766448089192597
2021-07-19T05:00:00.0;-0.013838379047313309
2021-07-19T06:00:00.0;-0.01585518632713237
2021-07-19T07:00:00.0;-0.013308966993896484
2021-07-19T08:00:00.0;-0.012090722092580327
2021-07-19T09:00:00.0;-0.005684313792057414
2021-07-19T10:00:00.0;-0.0053112622230020515
2021-07-19T11:00:00.0;-0.005191399521861074
2021-07-19T12:00:00.0;-0.00527162467173167
2021-07-19T13:00:00.0;-0.005423858853658853
2021-07-19T14:00:00.0;-0.005697908712741494
2021-07-19T15:00:00.0;-0.012090272651955718
2021-07-19T16:00:00.0;-0.030500779056864425
2021-07-19T17:00:00.0;-0.033526824906351956
2021-07-19T18:00:00.0;-0.03647515161189972
2021-07-19T19:00:00.0;-0.047196436785558966
2021-07-19T20:00:00.0;-0.04021812222213443
2021-07-19T21:00:00.0;-0.04000110216762265
2021-07-19T22:00:00.0;-0.038608908190768655
2021-07-19T23:00:00.0;-0.03645867800223253
2021-07-20T00:00:00.0;-0.03687824628037211
2021-07-20T01:00:00.0;-0.008108371061637332
2021-07-20T02:00:00.0;-0.007768315375032787
2021-07-20T03:00:00.0;-0.007489318176532134
2021-07-20T04:00:00.0;-0.01180797656688161
2021-07-20T05:00:00.0;-0.011837217220343732
2021-07-20T06:00:00.0;-0.011790519420270372
2021-07-20T07:00:00.0;-0.011201600855776397
2021-07-20T08:00:00.0;-0.010126416577127088
2021-07-20T09:00:00.0;-0.005612676115114342
2021-07-20T10:00:00.0;-0.005329170629793281
2021-07-20T11:00:00.0;-0.005282460030886153
2021-07-20T12:00:00.0;-0.005384791560503432
2021-07-20T13:00:00.0;-0.005543138703884159
2021-07-20T14:00:00.0;-0.005761721179030556
2021-07-20T15:00:00.0;-0.010411987023429416
2021-07-20T16:00:00.0;-0.03746598472111325
2021-07-20T17:00:00.0;-0.040984749313244674
2021-07-20T18:00:00.0;-0.04428792062499205
2021-07-20T19:00:00.0;-0.04706622577370114
2021-07-20T20:00:00.0;-0.04875359175343538
2021-07-20T21:00:00.0;-0.04826538373014882
2021-07-20T22:00:00.0;-0.04663662947761139
2021-07-20T23:00:00.0;-0.044042424871596014
2021-07-21T00:00:00.0;-0.036498037659012376
2021-07-21T01:00:00.0;-0.008107281115324914
2021-07-21T02:00:00.0;-0.007767923004290467
2021-07-21T03:00:00.0;-0.007489242356157423
2021-07-21T04:00:00.0;-0.012132395661446629
2021-07-21T05:00:00.0;-0.01216641286058757
2021-07-21T06:00:00.0;-0.012128701114994795
2021-07-21T07:00:00.0;-0.011527467316994356
2021-07-21T08:00:00.0;-0.01042088344715203
2021-07-21T09:00:00.0;-0.005621275343479141
2021-07-21T10:00:00.0;-0.005333469952669433
2021-07-21T11:00:00.0;-0.00528371801787405
2021-07-21T12:00:00.0;-0.005387503791022517
2021-07-21T13:00:00.0;-0.005547248482906996
2021-07-21T14:00:00.0;-0.005768713399861479
2021-07-21T15:00:00.0;-0.010707244252036834
2021-07-21T16:00:00.0;-0.03749541461931716
2021-07-21T17:00:00.0;-0.0410235296105708
2021-07-21T18:00:00.0;-0.04434019900539749
2021-07-21T19:00:00.0;-0.04712172317818773
2021-07-21T20:00:00.0;-0.048779474986750095
2021-07-21T21:00:00.0;-0.04827648351771773
2021-07-21T22:00:00.0;-0.04664585333826119
2021-07-21T23:00:00.0;-0.04405621007215043
2021-07-22T00:00:00.0;-0.02870701765934683
2021-07-22T01:00:00.0;-0.008017942593810036
2021-07-22T02:00:00.0;-0.007690401819789467
2021-07-22T03:00:00.0;-0.007418677160954425
2021-07-22T04:00:00.0;-0.01070127132242706
2021-07-22T05:00:00.0;-0.010725068254781932
2021-07-22T06:00:00.0;-0.01301287386402039
2021-07-22T07:00:00.0;-0.010211667470352409
2021-07-22T08:00:00.0;-0.00928821887701171
2021-07-22T09:00:00.0;-0.005606232167072015
2021-07-22T10:00:00.0;-0.005261258921637919
2021-07-22T11:00:00.0;-0.005159253126769037
2021-07-22T12:00:00.0;-0.0052192892584322385
2021-07-22T13:00:00.0;-0.005355209414777005
2021-07-22T14:00:00.0;-0.005609506406335991
2021-07-22T15:00:00.0;-0.009302107682035203
2021-07-22T16:00:00.0;-0.028847166825522578
2021-07-22T17:00:00.0;-0.031686452620430676
2021-07-22T18:00:00.0;-0.03443570573037874
2021-07-22T19:00:00.0;-0.04662471628223416
2021-07-22T20:00:00.0;-0.03825149197770643
2021-07-22T21:00:00.0;-0.038205447095179035
2021-07-22T22:00:00.0;-0.03688018446088333
2021-07-22T23:00:00.0;-0.03478268407018474
2021-07-23T00:00:00.0;-0.00810090862194663
2021-07-23T01:00:00.0;-0.007821797350067564
2021-07-23T02:00:00.0;-0.007528533030649451
2021-07-23T03:00:00.0;-0.007275568841765794
2021-07-23T04:00:00.0;-0.012633634060992605
2021-07-23T05:00:00.0;-0.012710863627232201
2021-07-23T06:00:00.0;-0.019836650640972172
2021-07-23T07:00:00.0;-0.012456815961969823
2021-07-23T08:00:00.0;-0.011465555438829777
2021-07-23T09:00:00.0;-0.0057054246976105715
2021-07-23T10:00:00.0;-0.005180705930794555
2021-07-23T11:00:00.0;-0.004927787624198742
2021-07-23T12:00:00.0;-0.004921700202554033
2021-07-23T13:00:00.0;-0.005030730671591244
2021-07-23T14:00:00.0;-0.005394478369529516
2021-07-23T15:00:00.0;-0.01078204436635341
2021-07-23T16:00:00.0;-0.012681844158732195
2021-07-23T17:00:00.0;-0.014081794692418553
2021-07-23T18:00:00.0;-0.015532987213964178
2021-07-23T19:00:00.0;-0.04646029270640463
2021-07-23T20:00:00.0;-0.017422338374098872
2021-07-23T21:00:00.0;-0.01764158671986572
2021-07-23T22:00:00.0;-0.01698993842868184
2021-07-23T23:00:00.0;-0.016005568965451
2021-07-24T00:00:00.0;-0.03811070759273669
2021-07-24T01:00:00.0;-0.008138596851054527
2021-07-24T02:00:00.0;-0.00741923590283443
2021-07-24T03:00:00.0;-0.007148663596507786
2021-07-24T04:00:00.0;-0.006964025928236776
2021-07-24T05:00:00.0;-0.007325988577613579
2021-07-24T06:00:00.0;-0.007257553012287059
2021-07-24T07:00:00.0;-0.006910439461594579
2021-07-24T08:00:00.0;-0.006275393720687129
2021-07-24T09:00:00.0;-0.005653743778463373
2021-07-24T10:00:00.0;-0.005410670729196302
2021-07-24T11:00:00.0;-0.005155944296876578
2021-07-24T12:00:00.0;-0.0052376944119976905
2021-07-24T13:00:00.0;-0.005376177363773296
2021-07-24T14:00:00.0;-0.005819251584304596
2021-07-24T15:00:00.0;-0.006502752986168168
2021-07-24T16:00:00.0;-0.03401883359587716
2021-07-24T17:00:00.0;-0.03912538342503455
2021-07-24T18:00:00.0;-0.04206599742032199
2021-07-24T19:00:00.0;-0.04449110268152215
2021-07-24T20:00:00.0;-0.04629992537114188
2021-07-24T21:00:00.0;-0.04591053985769295
2021-07-24T22:00:00.0;-0.04436347081500049
2021-07-24T23:00:00.0;-0.0396470114404207
2021-07-25T00:00:00.0;-0.035987235180022496
2021-07-25T01:00:00.0;-0.008090845920371284
2021-07-25T02:00:00.0;-0.007751835362287932
2021-07-25T03:00:00.0;-0.0074736697214771225
2021-07-25T04:00:00.0;-0.01074105291544452
2021-07-25T05:00:00.0;-0.010758145384272558
2021-07-25T06:00:00.0;-0.011216845549689575
2021-07-25T07:00:00.0;-0.010162269034335132
2021-07-25T08:00:00.0;-0.009199775129871966
2021-07-25T09:00:00.0;-0.005589521546493232
2021-07-25T10:00:00.0;-0.0053030886642068545
2021-07-25T11:00:00.0;-0.005251657317954414
2021-07-25T12:00:00.0;-0.005340833503299651
2021-07-25T13:00:00.0;-0.0054906235257567385
2021-07-25T14:00:00.0;-0.005709937144212066
2021-07-25T15:00:00.0;-0.009420691183839307
2021-07-25T16:00:00.0;-0.03543286272410507
2021-07-25T17:00:00.0;-0.038780118700353604
2021-07-25T18:00:00.0;-0.041933716839854106
2021-07-25T19:00:00.0;-0.04682711830690991
2021-07-25T20:00:00.0;-0.046331345695954713
2021-07-25T21:00:00.0;-0.04599376115656414
2021-07-25T22:00:00.0;-0.0444355078669431
2021-07-25T23:00:00.0;-0.04193905826099444
2021-07-26T00:00:00.0;-0.04038019976703446
2021-07-26T01:00:00.0;-0.010092458069830734
2021-07-26T02:00:00.0;-0.009662658918756062
2021-07-26T03:00:00.0;-0.00931316501431775
2021-07-26T04:00:00.0;-0.010858136513537868
2021-07-26T05:00:00.0;-0.010850208042980897
2021-07-26T06:00:00.0;-0.010768366986710623
2021-07-26T07:00:00.0;-0.01027672675514814
2021-07-26T08:00:00.0;-0.009376026265957802
2021-07-26T09:00:00.0;-0.007073475416686536
2021-07-26T10:00:00.0;-0.006751928957444138
2021-07-26T11:00:00.0;-0.006701802626832241
2021-07-26T12:00:00.0;-0.006794510942640371
2021-07-26T13:00:00.0;-0.006971681482327781
2021-07-26T14:00:00.0;-0.007216741354884622
2021-07-26T15:00:00.0;-0.009634172743996283
2021-07-26T16:00:00.0;-0.0377786539594057
2021-07-26T17:00:00.0;-0.04134776557185513
2021-07-26T18:00:00.0;-0.044412838095944165
2021-07-26T19:00:00.0;-0.04705361757553876
2021-07-26T20:00:00.0;-0.04885208979128057
2021-07-26T21:00:00.0;-0.04846954364871709
2021-07-26T22:00:00.0;-0.046858054297415755
2021-07-26T23:00:00.0;-0.04426235771618421
2021-07-27T00:00:00.0;-0.02708155857876772
2021-07-27T01:00:00.0;-0.008041133300131788
2021-07-27T02:00:00.0;-0.007722490740509931
2021-07-27T03:00:00.0;-0.0074515118098323774
2021-07-27T04:00:00.0;-0.013993527570357475
2021-07-27T05:00:00.0;-0.01410774386986258
2021-07-27T06:00:00.0;-0.014257382177730182
2021-07-27T07:00:00.0;-0.01372598369824802
2021-07-27T08:00:00.0;-0.012426449793945122
2021-07-27T09:00:00.0;-0.005787636996741121
2021-07-27T10:00:00.0;-0.005427033964032991
2021-07-27T11:00:00.0;-0.004517368505366829
2021-07-27T12:00:00.0;-0.004636225141818438
2021-07-27T13:00:00.0;-0.004779130019015442
2021-07-27T14:00:00.0;-0.005922725503934945
2021-07-27T15:00:00.0;-0.012656748536539074
2021-07-27T16:00:00.0;-0.03174052338819963
2021-07-27T17:00:00.0;-0.034654352276065496
2021-07-27T18:00:00.0;-0.037566940874797936
2021-07-27T19:00:00.0;-0.039856059288926646
2021-07-27T20:00:00.0;-0.04098890024495156
2021-07-27T21:00:00.0;-0.040363293691444584
2021-07-27T22:00:00.0;-0.03893435143954386
2021-07-27T23:00:00.0;-0.03683556825882849
2021-07-28T00:00:00.0;-0.008211769867880383
2021-07-28T01:00:00.0;-0.007906712174275205
2021-07-28T02:00:00.0;-0.007116451310654404
2021-07-28T03:00:00.0;-0.0068727717087913335
2021-07-28T04:00:00.0;-0.006767408481055156
2021-07-28T05:00:00.0;-0.007376011163654388
2021-07-28T06:00:00.0;-0.007582701774681065
2021-07-28T07:00:00.0;-0.007540020217090504
2021-07-28T08:00:00.0;-0.006894603245594714
2021-07-28T09:00:00.0;-0.006180445087022494
2021-07-28T10:00:00.0;-0.00573978300795582
2021-07-28T11:00:00.0;-0.0018048144233716074
2021-07-28T12:00:00.0;-0.0018684039570079074
2021-07-28T13:00:00.0;-0.001916903645904031
2021-07-28T14:00:00.0;-0.006331772814362231
2021-07-28T15:00:00.0;-0.00700866307277633
2021-07-28T16:00:00.0;-0.007925477818243078
2021-07-28T17:00:00.0;-0.011573179472897176
2021-07-28T18:00:00.0;-0.012515199015416915
2021-07-28T19:00:00.0;-0.01312763569496696
2021-07-28T20:00:00.0;-0.013485347640857437
2021-07-28T21:00:00.0;-0.013186178499545158
2021-07-28T22:00:00.0;-0.012664352840756557
2021-07-28T23:00:00.0;-0.00884533150465473
2021-07-29T00:00:00.0;-0.008181147594554211
2021-07-29T01:00:00.0;-0.007876779465475365
2021-07-29T02:00:00.0;-0.007286552986525342
2021-07-29T03:00:00.0;-0.007038438646191882
2021-07-29T04:00:00.0;-0.0069271413983003766
2021-07-29T05:00:00.0;-0.007336517044710794
2021-07-29T06:00:00.0;-0.007932678733504516
2021-07-29T07:00:00.0;-0.007475375484118329
2021-07-29T08:00:00.0;-0.006828875423827789
2021-07-29T09:00:00.0;-0.006109105561052515
2021-07-29T10:00:00.0;-0.005661547304093219
2021-07-29T11:00:00.0;-0.001821226165409502
2021-07-29T12:00:00.0;-0.0018846369102431117
2021-07-29T13:00:00.0;-0.0019323147381806194
2021-07-29T14:00:00.0;-0.0062381159468425105
2021-07-29T15:00:00.0;-0.006914312462742646
2021-07-29T16:00:00.0;-0.007838713865078707
2021-07-29T17:00:00.0;-0.010303470970206719
2021-07-29T18:00:00.0;-0.01116581800428445
2021-07-29T19:00:00.0;-0.013458629073041016
2021-07-29T20:00:00.0;-0.012096869155335093
2021-07-29T21:00:00.0;-0.011856285577031441
2021-07-29T22:00:00.0;-0.011385775641718951
2021-07-29T23:00:00.0;-0.008841629151563718
2021-07-30T00:00:00.0;-0.008151867398802266
2021-07-30T01:00:00.0;-0.007852098357875373
2021-07-30T02:00:00.0;-0.007576977460407859
2021-07-30T03:00:00.0;-0.007322092374662617
2021-07-30T04:00:00.0;-0.010829052355122047
2021-07-30T05:00:00.0;-0.010986080380443772
2021-07-30T06:00:00.0;-0.012421809101313155
2021-07-30T07:00:00.0;-0.011149940953129236
2021-07-30T08:00:00.0;-0.01016019880628042
2021-07-30T09:00:00.0;-0.006017502718473636
2021-07-30T10:00:00.0;-0.00553841982526443
2021-07-30T11:00:00.0;-0.002390169988026032
2021-07-30T12:00:00.0;-0.0024706759236470576
2021-07-30T13:00:00.0;-0.0025371056402375344
2021-07-30T14:00:00.0;-0.006088974162996998
2021-07-30T15:00:00.0;-0.010164697602354958
2021-07-30T16:00:00.0;-0.01160532822193393
2021-07-30T17:00:00.0;-0.0125805331506759
2021-07-30T18:00:00.0;-0.013704796628981497
2021-07-30T19:00:00.0;-0.01932946800554342
2021-07-30T20:00:00.0;-0.014918448710379069
2021-07-30T21:00:00.0;-0.014662789287712495
2021-07-30T22:00:00.0;-0.014086411575040824
2021-07-30T23:00:00.0;-0.013342240308067457
2021-07-31T00:00:00.0;-0.028244629752721417
2021-07-31T01:00:00.0;-0.008079690506423104
2021-07-31T02:00:00.0;-0.007211006626519727
2021-07-31T03:00:00.0;-0.00695237035918978
2021-07-31T04:00:00.0;-0.006795228100656844
2021-07-31T05:00:00.0;-0.007358050116336665
2021-07-31T06:00:00.0;-0.007382005046068242
2021-07-31T07:00:00.0;-0.007136216776471684
2021-07-31T08:00:00.0;-0.006502885206172762
2021-07-31T09:00:00.0;-0.005855815970692779
2021-07-31T10:00:00.0;-0.00555124017105378
2021-07-31T11:00:00.0;-0.0042167192474833635
2021-07-31T12:00:00.0;-0.004307276128529304
2021-07-31T13:00:00.0;-0.00442123803966987
2021-07-31T14:00:00.0;-0.00601532333104469
2021-07-31T15:00:00.0;-0.006696077124022477
2021-07-31T16:00:00.0;-0.02590986335899637
2021-07-31T17:00:00.0;-0.031189486296974007
2021-07-31T18:00:00.0;-0.0335689264308294
2021-07-31T19:00:00.0;-0.03536288304566918
2021-07-31T20:00:00.0;-0.03660941182541355
2021-07-31T21:00:00.0;-0.03612733502056096
2021-07-31T22:00:00.0;-0.03484591957938017
2021-07-31T23:00:00.0;-0.029675284025293652
2021-08-01T00:00:00.0;-0.029829628443983708
2021-08-01T01:00:00.0;-0.008050988471951815
2021-08-01T02:00:00.0;-0.007722492257743531
2021-08-01T03:00:00.0;-0.00744962469616425
2021-08-01T04:00:00.0;-0.013325605789109608
2021-08-01T05:00:00.0;-0.01338579564579819
2021-08-01T06:00:00.0;-0.014720054086956617
2021-08-01T07:00:00.0;-0.012814872199779543
2021-08-01T08:00:00.0;-0.011622932148819135
2021-08-01T09:00:00.0;-0.005666005651922291
2021-08-01T10:00:00.0;-0.005319943517473149
2021-08-01T11:00:00.0;-0.005222429084076604
2021-08-01T12:00:00.0;-0.0053109183188585095
2021-08-01T13:00:00.0;-0.005466071208013749
2021-08-01T14:00:00.0;-0.005723542301843221
2021-08-01T15:00:00.0;-0.011725292795069786
2021-08-01T16:00:00.0;-0.03281367043065075
2021-08-01T17:00:00.0;-0.03601474318508123
2021-08-01T18:00:00.0;-0.03909941187626536
2021-08-01T19:00:00.0;-0.04718853273568086
2021-08-01T20:00:00.0;-0.04307071654100871
2021-08-01T21:00:00.0;-0.04276419409440541
2021-08-01T22:00:00.0;-0.041289946071314164
2021-08-01T23:00:00.0;-0.03899415892579012
2021-08-02T00:00:00.0;-0.0411550380711238
2021-08-02T01:00:00.0;-0.010358020066570859
2021-08-02T02:00:00.0;-0.00991504078466624
2021-08-02T03:00:00.0;-0.009555652317384374
2021-08-02T04:00:00.0;-0.010081899080436876
2021-08-02T05:00:00.0;-0.010064114132991821
2021-08-02T06:00:00.0;-0.010079443815283758
2021-08-02T07:00:00.0;-0.009514501447428301
2021-08-02T08:00:00.0;-0.008694180027403358
2021-08-02T09:00:00.0;-0.007253362630219897
2021-08-02T10:00:00.0;-0.006933747774581842
2021-08-02T11:00:00.0;-0.006887058678282487
2021-08-02T12:00:00.0;-0.006971590928642888
2021-08-02T13:00:00.0;-0.00714617466424141
2021-08-02T14:00:00.0;-0.007389573300389337
2021-08-02T15:00:00.0;-0.008933114222787588
2021-08-02T16:00:00.0;-0.037344949273565665
2021-08-02T17:00:00.0;-0.040871823555790374
2021-08-02T18:00:00.0;-0.04385877513538409
2021-08-02T19:00:00.0;-0.04692974251310255
2021-08-02T20:00:00.0;-0.048315102593503925
2021-08-02T21:00:00.0;-0.04799743469870756
2021-08-02T22:00:00.0;-0.046405387032659284
2021-08-02T23:00:00.0;-0.043824284514222545
2021-08-03T00:00:00.0;-0.03462087684532133
2021-08-03T01:00:00.0;-0.00810189439108336
2021-08-03T02:00:00.0;-0.0077659838325139716
2021-08-03T03:00:00.0;-0.007488867637630206
2021-08-03T04:00:00.0;-0.013736124200948122
2021-08-03T05:00:00.0;-0.013796865947591847
2021-08-03T06:00:00.0;-0.013811613679961547
2021-08-03T07:00:00.0;-0.013152528691773054
2021-08-03T08:00:00.0;-0.011889268388225549
2021-08-03T09:00:00.0;-0.005663774300112326
2021-08-03T10:00:00.0;-0.00535471804204117
2021-08-03T11:00:00.0;-0.005289935233680992
2021-08-03T12:00:00.0;-0.005400908159137409
2021-08-03T13:00:00.0;-0.005567559774155882
2021-08-03T14:00:00.0;-0.0058032701953240244
2021-08-03T15:00:00.0;-0.012174012396703264
2021-08-03T16:00:00.0;-0.03764086325994018
2021-08-03T17:00:00.0;-0.041215189876006704
2021-08-03T18:00:00.0;-0.04459856958912623
2021-08-03T19:00:00.0;-0.047396002841550454
2021-08-03T20:00:00.0;-0.04890739528005434
2021-08-03T21:00:00.0;-0.04833134096171058
2021-08-03T22:00:00.0;-0.04669143956136774
2021-08-03T23:00:00.0;-0.04412433938070445
2021-08-04T00:00:00.0;-0.03565786554080359
2021-08-04T01:00:00.0;-0.008563717337391866
2021-08-04T02:00:00.0;-0.008206933463670732
2021-08-04T03:00:00.0;-0.00791339715602208
2021-08-04T04:00:00.0;-0.013323045008142681
2021-08-04T05:00:00.0;-0.013369271182293873
2021-08-04T06:00:00.0;-0.01336551777061149
2021-08-04T07:00:00.0;-0.012738068996470203
2021-08-04T08:00:00.0;-0.011539412656039803
2021-08-04T09:00:00.0;-0.005998065384074139
2021-08-04T10:00:00.0;-0.005680448219872661
2021-08-04T11:00:00.0;-0.005615537930307408
2021-08-04T12:00:00.0;-0.005724962273278181
2021-08-04T13:00:00.0;-0.005896217838488491
2021-08-04T14:00:00.0;-0.006138090836336615
2021-08-04T15:00:00.0;-0.011819009754206489
2021-08-04T16:00:00.0;-0.03769638473427389
2021-08-04T17:00:00.0;-0.04127688872595486
2021-08-04T18:00:00.0;-0.0445964744773488
2021-08-04T19:00:00.0;-0.04735980286982278
2021-08-04T20:00:00.0;-0.04891493302384549
2021-08-04T21:00:00.0;-0.04837245711214159
2021-08-04T22:00:00.0;-0.04673771901720683
2021-08-04T23:00:00.0;-0.04416753693772126
2021-08-05T00:00:00.0;-0.022923261874104397
2021-08-05T01:00:00.0;-0.00799583626452325
2021-08-05T02:00:00.0;-0.00767890590641152
2021-08-05T03:00:00.0;-0.007412120614965681
2021-08-05T04:00:00.0;-0.015045935532216382
2021-08-05T05:00:00.0;-0.015147929024657853
2021-08-05T06:00:00.0;-0.017831888523335435
2021-08-05T07:00:00.0;-0.014677818810547853
2021-08-05T08:00:00.0;-0.013352851843509175
2021-08-05T09:00:00.0;-0.00572449399633415
2021-08-05T10:00:00.0;-0.005315340812442517
2021-08-05T11:00:00.0;-0.00516701787427845
2021-08-05T12:00:00.0;-0.005243839974646153
2021-08-05T13:00:00.0;-0.005397313221648992
2021-08-05T14:00:00.0;-0.0056942051124059655
2021-08-05T15:00:00.0;-0.013223206699501259
2021-08-05T16:00:00.0;-0.02850234639701528
2021-08-05T17:00:00.0;-0.031386491282142694
2021-08-05T18:00:00.0;-0.03423270284322574
2021-08-05T19:00:00.0;-0.047356783348597234
2021-08-05T20:00:00.0;-0.03771013725935906
2021-08-05T21:00:00.0;-0.0375336139564155
2021-08-05T22:00:00.0;-0.0362130633820422
2021-08-05T23:00:00.0;-0.03420411321270067
2021-08-06T00:00:00.0;-0.008228990903106788
2021-08-06T01:00:00.0;-0.007636074562474386
2021-08-06T02:00:00.0;-0.007550141272368464
2021-08-06T03:00:00.0;-0.00729492806074538
2021-08-06T04:00:00.0;-0.007180306162995629
2021-08-06T05:00:00.0;-0.007369689544529877
2021-08-06T06:00:00.0;-0.007570873903761041
2021-08-06T07:00:00.0;-0.008992432266048284
2021-08-06T08:00:00.0;-0.008258057395572881
2021-08-06T09:00:00.0;-0.007409295701497397
2021-08-06T10:00:00.0;-0.006865242686072573
2021-08-06T11:00:00.0;-0.0027902626634096414
2021-08-06T12:00:00.0;-0.0017555427299761723
2021-08-06T13:00:00.0;-0.001796888076906465
2021-08-06T14:00:00.0;-0.006308169732379006
2021-08-06T15:00:00.0;-0.008318112237241862
2021-08-06T16:00:00.0;-0.00941167271615102
2021-08-06T17:00:00.0;-0.010715493518802743
2021-08-06T18:00:00.0;-0.01158519109826172
2021-08-06T19:00:00.0;-0.012172930739229305
2021-08-06T20:00:00.0;-0.012527741210547382
2021-08-06T21:00:00.0;-0.012261209306408513
2021-08-06T22:00:00.0;-0.01177265447260549
2021-08-06T23:00:00.0;-0.008890851416080285
2021-08-07T00:00:00.0;-0.02361363880220742
2021-08-07T01:00:00.0;-0.0079897160493305
2021-08-07T02:00:00.0;-0.007761502655972607
2021-08-07T03:00:00.0;-0.0074874683881850845
2021-08-07T04:00:00.0;-0.007311660820962403
2021-08-07T05:00:00.0;-0.0073243577721736385
2021-08-07T06:00:00.0;-0.008094189866231054
2021-08-07T07:00:00.0;-0.007583230537151906
2021-08-07T08:00:00.0;-0.006977174989169588
2021-08-07T09:00:00.0;-0.007183342303828913
2021-08-07T10:00:00.0;-0.008005474422305337
2021-08-07T11:00:00.0;-0.004025825436109255
2021-08-07T12:00:00.0;-0.0037882628087488094
2021-08-07T13:00:00.0;-0.00386876774720792
2021-08-07T14:00:00.0;-0.006070705774249266
2021-08-07T15:00:00.0;-0.007091762924607231
2021-08-07T16:00:00.0;-0.019258755932863813
2021-08-07T17:00:00.0;-0.020986843776654957
2021-08-07T18:00:00.0;-0.022695125719075067
2021-08-07T19:00:00.0;-0.02708950884120806
2021-08-07T20:00:00.0;-0.024780183019239437
2021-08-07T21:00:00.0;-0.024529324211841848
2021-08-07T22:00:00.0;-0.0236713358042576
2021-08-07T23:00:00.0;-0.021339921960138987
2021-08-08T00:00:00.0;-0.011533588979078767
2021-08-08T01:00:00.0;-0.00796510258446337
2021-08-08T02:00:00.0;-0.007684092076790023
2021-08-08T03:00:00.0;-0.0074199007508950875
2021-08-08T04:00:00.0;-0.007288890361258994
2021-08-08T05:00:00.0;-0.007352465153741778
2021-08-08T06:00:00.0;-0.007513160728289795
2021-08-08T07:00:00.0;-0.007468889979354855
2021-08-08T08:00:00.0;-0.0068663876524488405
2021-08-08T09:00:00.0;-0.00717511800833139
2021-08-08T10:00:00.0;-0.008073277221357247
2021-08-08T11:00:00.0;-0.0018622059334397784
2021-08-08T12:00:00.0;-0.0019240688958183769
2021-08-08T13:00:00.0;-0.001966579128832526
2021-08-08T14:00:00.0;-0.0063434935811679015
2021-08-08T15:00:00.0;-0.006989117893951334
2021-08-08T16:00:00.0;-0.00787419575362863
2021-08-08T17:00:00.0;-0.008512220883232443
2021-08-08T18:00:00.0;-0.009226300341195818
2021-08-08T19:00:00.0;-0.009689517947002575
2021-08-08T20:00:00.0;-0.009964126933389236
2021-08-08T21:00:00.0;-0.009772325688053092
2021-08-08T22:00:00.0;-0.009405247164437977
2021-08-08T23:00:00.0;-0.00827639598453262
2021-08-09T00:00:00.0;-0.008245131215457441
2021-08-09T01:00:00.0;-0.007940767502894987
2021-08-09T02:00:00.0;-0.006895717009640552
2021-08-09T03:00:00.0;-0.0066579388064946015
2021-08-09T04:00:00.0;-0.00655362873587616
2021-08-09T05:00:00.0;-0.007408356888164237
2021-08-09T06:00:00.0;-0.007620785202501844
2021-08-09T07:00:00.0;-0.0075825905862576355
2021-08-09T08:00:00.0;-0.006947615645615373
2021-08-09T09:00:00.0;-0.006243107135878808
2021-08-09T10:00:00.0;-0.005808274330520192
2021-08-09T11:00:00.0;-0.0020116505634823626
2021-08-09T12:00:00.0;-0.0020785929963703055
2021-08-09T13:00:00.0;-0.0021332867006900774
2021-08-09T14:00:00.0;-0.006391597110626876
2021-08-09T15:00:00.0;-0.007067267555253534
2021-08-09T16:00:00.0;-0.007982330192796771
2021-08-09T17:00:00.0;-0.013136871930800634
2021-08-09T18:00:00.0;-0.014180897029522285
2021-08-09T19:00:00.0;-0.014838893190634373
2021-08-09T20:00:00.0;-0.015215662601155408
2021-08-09T21:00:00.0;-0.014871788138188834
2021-08-09T22:00:00.0;-0.014287938116888459
2021-08-09T23:00:00.0;-0.00885556963436115
2021-08-10T00:00:00.0;-0.033770175904017895
2021-08-10T01:00:00.0;-0.008125212005830565
2021-08-10T02:00:00.0;-0.00715364966142779
2021-08-10T03:00:00.0;-0.006893947883079224
2021-08-10T04:00:00.0;-0.009422604787637966
2021-08-10T05:00:00.0;-0.010103627168020652
2021-08-10T06:00:00.0;-0.010457413591550188
2021-08-10T07:00:00.0;-0.009848063861218857
2021-08-10T08:00:00.0;-0.008982879011529415
2021-08-10T09:00:00.0;-0.005968431951348528
2021-08-10T10:00:00.0;-0.005677301397760199
2021-08-10T11:00:00.0;-0.005612086167555179
2021-08-10T12:00:00.0;-0.005548830064239581
2021-08-10T13:00:00.0;-0.0057053755833724185
2021-08-10T14:00:00.0;-0.00593545096660852
2021-08-10T15:00:00.0;-0.009211666663964927
2021-08-10T16:00:00.0;-0.03348880815556181
2021-08-10T17:00:00.0;-0.04030623909977812
2021-08-10T18:00:00.0;-0.043351928456734495
2021-08-10T19:00:00.0;-0.047266372486929664
2021-08-10T20:00:00.0;-0.047248749005209256
2021-08-10T21:00:00.0;-0.04677041342494975
2021-08-10T22:00:00.0;-0.04519408576524892
2021-08-10T23:00:00.0;-0.03850246993963534
2021-08-11T00:00:00.0;-0.036075737285527265
2021-08-11T01:00:00.0;-0.009750129648299712
2021-08-11T02:00:00.0;-0.009343518320405735
2021-08-11T03:00:00.0;-0.009009478100912894
2021-08-11T04:00:00.0;-0.014187403419463809
2021-08-11T05:00:00.0;-0.014229455890231207
2021-08-11T06:00:00.0;-0.01424700313750746
2021-08-11T07:00:00.0;-0.013637592871017885
2021-08-11T08:00:00.0;-0.012420775067236817
2021-08-11T09:00:00.0;-0.006928580414233347
2021-08-11T10:00:00.0;-0.006562553403867304
2021-08-11T11:00:00.0;-0.006477422150698458
2021-08-11T12:00:00.0;-0.006589514736024295
2021-08-11T13:00:00.0;-0.0067803156533685245
2021-08-11T14:00:00.0;-0.007055182423612305
2021-08-11T15:00:00.0;-0.012679248714633735
2021-08-11T16:00:00.0;-0.038013191822699584
2021-08-11T17:00:00.0;-0.04166490904333782
2021-08-11T18:00:00.0;-0.04490053841184096
2021-08-11T19:00:00.0;-0.047595322897298384
2021-08-11T20:00:00.0;-0.0490875011307842
2021-08-11T21:00:00.0;-0.0485437650119981
2021-08-11T22:00:00.0;-0.046911184849102394
2021-08-11T23:00:00.0;-0.044360086363002336
2021-08-12T00:00:00.0;-0.037925740481129185
2021-08-12T01:00:00.0;-0.011407967136508938
2021-08-12T02:00:00.0;-0.010926969673733944
2021-08-12T03:00:00.0;-0.010534546690526345
2021-08-12T04:00:00.0;-0.01255636438202404
2021-08-12T05:00:00.0;-0.012551738142233981
2021-08-12T06:00:00.0;-0.0130184119154379
2021-08-12T07:00:00.0;-0.012027133590573582
2021-08-12T08:00:00.0;-0.011051290815080082
2021-08-12T09:00:00.0;-0.00818144380228353
2021-08-12T10:00:00.0;-0.007774697203369309
2021-08-12T11:00:00.0;-0.007673903217108274
2021-08-12T12:00:00.0;-0.007756266833846193
2021-08-12T13:00:00.0;-0.007950862245324881
2021-08-12T14:00:00.0;-0.008250826838859901
2021-08-12T15:00:00.0;-0.011228707958391046
2021-08-12T16:00:00.0;-0.036309914552102536
2021-08-12T17:00:00.0;-0.039837073564250265
2021-08-12T18:00:00.0;-0.042749665322395713
2021-08-12T19:00:00.0;-0.047388743545828005
2021-08-12T20:00:00.0;-0.046848590336309545
2021-08-12T21:00:00.0;-0.046528029008280146
2021-08-12T22:00:00.0;-0.04497581351727996
2021-08-12T23:00:00.0;-0.042517563301581754
2021-08-13T00:00:00.0;-0.012500462441669953
2021-08-13T01:00:00.0;-0.007970589123104685
2021-08-13T02:00:00.0;-0.0071087057812733645
2021-08-13T03:00:00.0;-0.006863074577180493
2021-08-13T04:00:00.0;-0.010960947712744445
2021-08-13T05:00:00.0;-0.011647856187637641
2021-08-13T06:00:00.0;-0.013907480918696561
2021-08-13T07:00:00.0;-0.011673756290520079
2021-08-13T08:00:00.0;-0.01070132539349007
2021-08-13T09:00:00.0;-0.0061260846014076515
2021-08-13T10:00:00.0;-0.00577072990944291
2021-08-13T11:00:00.0;-0.003819883647036221
2021-08-13T12:00:00.0;-0.003901493283471095
2021-08-13T13:00:00.0;-0.004007700221345503
2021-08-13T14:00:00.0;-0.006069957125836238
2021-08-13T15:00:00.0;-0.010663027549602749
2021-08-13T16:00:00.0;-0.015959089186209502
2021-08-13T17:00:00.0;-0.02066455395626739
2021-08-13T18:00:00.0;-0.022434934209278518
2021-08-13T19:00:00.0;-0.0321746517649003
2021-08-13T20:00:00.0;-0.02432712671177677
2021-08-13T21:00:00.0;-0.024034549111307275
2021-08-13T22:00:00.0;-0.02314041502878763
2021-08-13T23:00:00.0;-0.018385233285033595
2021-08-14T00:00:00.0;-0.03372680513600328
2021-08-14T01:00:00.0;-0.008172163865572664
2021-08-14T02:00:00.0;-0.007143377762977254
2021-08-14T03:00:00.0;-0.006881859642879814
2021-08-14T04:00:00.0;-0.006696822874702023
2021-08-14T05:00:00.0;-0.007386342948308159
2021-08-14T06:00:00.0;-0.007995565424856858
2021-08-14T07:00:00.0;-0.0072476124397098775
2021-08-14T08:00:00.0;-0.006665627079202563
2021-08-14T09:00:00.0;-0.006628240420536836
2021-08-14T10:00:00.0;-0.007146834161839115
2021-08-14T11:00:00.0;-0.005500368282437922
2021-08-14T12:00:00.0;-0.005419390009351886
2021-08-14T13:00:00.0;-0.005549080163982862
2021-08-14T14:00:00.0;-0.006023226329670732
2021-08-14T15:00:00.0;-0.006844336211794938
2021-08-14T16:00:00.0;-0.028770359033843413
2021-08-14T17:00:00.0;-0.035465598828776465
2021-08-14T18:00:00.0;-0.038093451935944087
2021-08-14T19:00:00.0;-0.042785175325446734
2021-08-14T20:00:00.0;-0.04145615164181933
2021-08-14T21:00:00.0;-0.041143996597497415
2021-08-14T22:00:00.0;-0.039794543382367015
2021-08-14T23:00:00.0;-0.03272700252196311
2021-08-15T00:00:00.0;-0.014867897915820086
2021-08-15T01:00:00.0;-0.008049975516160655
2021-08-15T02:00:00.0;-0.007741647303623807
2021-08-15T03:00:00.0;-0.0074704993804971176
2021-08-15T04:00:00.0;-0.007236028763455933
2021-08-15T05:00:00.0;-0.007193572771126083
2021-08-15T06:00:00.0;-0.01283204905488987
2021-08-15T07:00:00.0;-0.007035166655312741
2021-08-15T08:00:00.0;-0.0066015938913545034
2021-08-15T09:00:00.0;-0.007920730822684957
2021-08-15T10:00:00.0;-0.01004026227159791
2021-08-15T11:00:00.0;-0.004824484647780338
2021-08-15T12:00:00.0;-0.004807938257225316
2021-08-15T13:00:00.0;-0.004868287871503748
2021-08-15T14:00:00.0;-0.005802972607416447
2021-08-15T15:00:00.0;-0.0063910076457873825
2021-08-15T16:00:00.0;-0.007331727016991224
2021-08-15T17:00:00.0;-0.008125076610682722
2021-08-15T18:00:00.0;-0.008886801719854912
2021-08-15T19:00:00.0;-0.03387978603544837
2021-08-15T20:00:00.0;-0.00983016314387913
2021-08-15T21:00:00.0;-0.009946331371497434
2021-08-15T22:00:00.0;-0.009617620191898936
2021-08-15T23:00:00.0;-0.00777526047642111
2021-08-16T00:00:00.0;-0.009861178252356934
2021-08-16T01:00:00.0;-0.00800127838374457
2021-08-16T02:00:00.0;-0.006595756811210314
2021-08-16T03:00:00.0;-0.006365314760274882
2021-08-16T04:00:00.0;-0.006258994366427736
2021-08-16T05:00:00.0;-0.007451401048381828
2021-08-16T06:00:00.0;-0.007657250030078708
2021-08-16T07:00:00.0;-0.007609144100912909
2021-08-16T08:00:00.0;-0.006989480763296049
2021-08-16T09:00:00.0;-0.006303549238677308
2021-08-16T10:00:00.0;-0.0058875034357419405
2021-08-16T11:00:00.0;-0.002503274529670202
2021-08-16T12:00:00.0;-0.00257740678105239
2021-08-16T13:00:00.0;-0.0026465605671970246
2021-08-16T14:00:00.0;-0.006448785918075451
2021-08-16T15:00:00.0;-0.007123085356343164
2021-08-16T16:00:00.0;-0.00954932909273992
2021-08-16T17:00:00.0;-0.0169219270210529
2021-08-16T18:00:00.0;-0.018215969506784196
2021-08-16T19:00:00.0;-0.019004471297672954
2021-08-16T20:00:00.0;-0.019450322903450033
2021-08-16T21:00:00.0;-0.019013320848966668
2021-08-16T22:00:00.0;-0.01828125126262281
2021-08-16T23:00:00.0;-0.0105287520319226
2021-08-17T00:00:00.0;-0.022712007852389336
2021-08-17T01:00:00.0;-0.008218686591529984
2021-08-17T02:00:00.0;-0.005907720392182315
2021-08-17T03:00:00.0;-0.005691085961975561
2021-08-17T04:00:00.0;-0.005564776414558553
2021-08-17T05:00:00.0;-0.007544129480224577
2021-08-17T06:00:00.0;-0.007654350079511
2021-08-17T07:00:00.0;-0.007493882371976448
2021-08-17T08:00:00.0;-0.0069153173433701585
2021-08-17T09:00:00.0;-0.0063022723156823295
2021-08-17T10:00:00.0;-0.005989901797547664
2021-08-17T11:00:00.0;-0.004812138991584197
2021-08-17T12:00:00.0;-0.0048871070271327005
2021-08-17T13:00:00.0;-0.0050251433320948795
2021-08-17T14:00:00.0;-0.006443497385955726
2021-08-17T15:00:00.0;-0.007116288806745743
2021-08-17T16:00:00.0;-0.021536012682929546
2021-08-17T17:00:00.0;-0.03485046686941468
2021-08-17T18:00:00.0;-0.0371983097016655
2021-08-17T19:00:00.0;-0.038607477005214996
2021-08-17T20:00:00.0;-0.039469803157538855
2021-08-17T21:00:00.0;-0.03875031964244412
2021-08-17T22:00:00.0;-0.03739703520602151
2021-08-17T23:00:00.0;-0.023665186462469866
2021-08-18T00:00:00.0;-0.022778628553456862
2021-08-18T01:00:00.0;-0.008086153453781478
2021-08-18T02:00:00.0;-0.007581564241516585
2021-08-18T03:00:00.0;-0.007315165278677817
2021-08-18T04:00:00.0;-0.013389141260428904
2021-08-18T05:00:00.0;-0.013684473022378615
2021-08-18T06:00:00.0;-0.01390042506137872
2021-08-18T07:00:00.0;-0.013530277443389806
2021-08-18T08:00:00.0;-0.012361644990884364
2021-08-18T09:00:00.0;-0.006599425374270149
2021-08-18T10:00:00.0;-0.007001054166733234
2021-08-18T11:00:00.0;-0.004213337036430178
2021-08-18T12:00:00.0;-0.004321707802966309
2021-08-18T13:00:00.0;-0.0044445195165432475
2021-08-18T14:00:00.0;-0.006152568419660064
2021-08-18T15:00:00.0;-0.012574853159222908
2021-08-18T16:00:00.0;-0.02587643752020233
2021-08-18T17:00:00.0;-0.02933906556392007
2021-08-18T18:00:00.0;-0.03177209838626773
2021-08-18T19:00:00.0;-0.03350990188307624
2021-08-18T20:00:00.0;-0.034298906115249155
2021-08-18T21:00:00.0;-0.033713125940756095
2021-08-18T22:00:00.0;-0.03253422734440459
2021-08-18T23:00:00.0;-0.029302553284192127
2021-08-19T00:00:00.0;-0.02423591898958712
2021-08-19T01:00:00.0;-0.008066499914084273
2021-08-19T02:00:00.0;-0.0076162568893352435
2021-08-19T03:00:00.0;-0.007350917926565798
2021-08-19T04:00:00.0;-0.018901914135804387
2021-08-19T05:00:00.0;-0.019262811074409084
2021-08-19T06:00:00.0;-0.01965319384228827
2021-08-19T07:00:00.0;-0.01895672392978008
2021-08-19T08:00:00.0;-0.017168336958096407
2021-08-19T09:00:00.0;-0.00590635426533973
2021-08-19T10:00:00.0;-0.005501923971623373
2021-08-19T11:00:00.0;-0.004971312902371699
2021-08-19T12:00:00.0;-0.005107040780231308
2021-08-19T13:00:00.0;-0.005284530782576036
2021-08-19T14:00:00.0;-0.0060164216307902335
2021-08-19T15:00:00.0;-0.017347507202438734
2021-08-19T16:00:00.0;-0.03468552199972526
2021-08-19T17:00:00.0;-0.03876916951617217
2021-08-19T18:00:00.0;-0.04210528148570861
2021-08-19T19:00:00.0;-0.04464246156985819
2021-08-19T20:00:00.0;-0.045477089841192364
2021-08-19T21:00:00.0;-0.0446277728724445
2021-08-19T22:00:00.0;-0.04306018830105507
2021-08-19T23:00:00.0;-0.039991422049307675
2021-08-20T00:00:00.0;-0.0332808648976996
2021-08-20T01:00:00.0;-0.010415893393607848
2021-08-20T02:00:00.0;-0.009987872257672554
2021-08-20T03:00:00.0;-0.00963394738558004
2021-08-20T04:00:00.0;-0.01727287672252689
2021-08-20T05:00:00.0;-0.017363629783262207
2021-08-20T06:00:00.0;-0.017514662392340084
2021-08-20T07:00:00.0;-0.016856231394077603
2021-08-20T08:00:00.0;-0.015394806771275296
2021-08-20T09:00:00.0;-0.007556430799473674
2021-08-20T10:00:00.0;-0.0071188529166689605
2021-08-20T11:00:00.0;-0.006990292743118231
2021-08-20T12:00:00.0;-0.007117350948463668
2021-08-20T13:00:00.0;-0.0073330147940954705
2021-08-20T14:00:00.0;-0.0076558043570958915
2021-08-20T15:00:00.0;-0.015603634361558446
2021-08-20T16:00:00.0;-0.03842601064299215
2021-08-20T17:00:00.0;-0.04219219885438595
2021-08-20T18:00:00.0;-0.04548721348690873
2021-08-20T19:00:00.0;-0.04816865576886513
2021-08-20T20:00:00.0;-0.04939045082767623
2021-08-20T21:00:00.0;-0.04872883808066459
2021-08-20T22:00:00.0;-0.04708261394303744
2021-08-20T23:00:00.0;-0.044578482579225184
2021-08-21T00:00:00.0;-0.031182730484941114
2021-08-21T01:00:00.0;-0.008092004590919818
2021-08-21T02:00:00.0;-0.007762423593779361
2021-08-21T03:00:00.0;-0.007488179671587855
2021-08-21T04:00:00.0;-0.01668217855853969
2021-08-21T05:00:00.0;-0.016805487813134012
2021-08-21T06:00:00.0;-0.016951404013369326
2021-08-21T07:00:00.0;-0.016199154838820774
2021-08-21T08:00:00.0;-0.014641774999579676
2021-08-21T09:00:00.0;-0.005741800244172919
2021-08-21T10:00:00.0;-0.005393728683786984
2021-08-21T11:00:00.0;-0.005301349791276215
2021-08-21T12:00:00.0;-0.00542551803249643
2021-08-21T13:00:00.0;-0.00560485033806394
2021-08-21T14:00:00.0;-0.00586671457326328
2021-08-21T15:00:00.0;-0.014899633509837428
2021-08-21T16:00:00.0;-0.037907902715352236
2021-08-21T17:00:00.0;-0.04156707260890199
2021-08-21T18:00:00.0;-0.04507293052382098
2021-08-21T19:00:00.0;-0.04789957236957261
2021-08-21T20:00:00.0;-0.04914225321794608
2021-08-21T21:00:00.0;-0.04843205762337222
2021-08-21T22:00:00.0;-0.04677513452250603
2021-08-21T23:00:00.0;-0.04424942279135249
2021-08-22T00:00:00.0;-0.012791633667354252
2021-08-22T01:00:00.0;-0.008025073079466132
2021-08-22T02:00:00.0;-0.00772540841929049
2021-08-22T03:00:00.0;-0.007459257962797429
2021-08-22T04:00:00.0;-0.013531467765250786
2021-08-22T05:00:00.0;-0.013579068227745185
2021-08-22T06:00:00.0;-0.017668417787003482
2021-08-22T07:00:00.0;-0.013513417618945022
2021-08-22T08:00:00.0;-0.012530364694531825
2021-08-22T09:00:00.0;-0.007401209648069717
2021-08-22T10:00:00.0;-0.00867859515447486
2021-08-22T11:00:00.0;-0.004575898333995232
2021-08-22T12:00:00.0;-0.004624661642082016
2021-08-22T13:00:00.0;-0.004724623941912899
2021-08-22T14:00:00.0;-0.005962406454285321
2021-08-22T15:00:00.0;-0.012233657524638014
2021-08-22T16:00:00.0;-0.014033515982129045
2021-08-22T17:00:00.0;-0.0154948130813495
2021-08-22T18:00:00.0;-0.01694817666952802
2021-08-22T19:00:00.0;-0.03462183150430182
2021-08-22T20:00:00.0;-0.01848834745877229
2021-08-22T21:00:00.0;-0.018458064848144568
2021-08-22T22:00:00.0;-0.017822807364265638
2021-08-22T23:00:00.0;-0.015994217279418757
2021-08-23T00:00:00.0;-0.008334337624274093
2021-08-23T01:00:00.0;-0.007931326202939916
2021-08-23T02:00:00.0;-0.006160089547590466
2021-08-23T03:00:00.0;-0.005942968370909063
2021-08-23T04:00:00.0;-0.005791554796315683
2021-08-23T05:00:00.0;-0.0073746967784119365
2021-08-23T06:00:00.0;-0.012067989738208995
2021-08-23T07:00:00.0;-0.007960357676380298
2021-08-23T08:00:00.0;-0.007421061697316136
2021-08-23T09:00:00.0;-0.006729252895793087
2021-08-23T10:00:00.0;-0.006251437311524278
2021-08-23T11:00:00.0;-0.005183604628361672
2021-08-23T12:00:00.0;-0.0047685341825859625
2021-08-23T13:00:00.0;-0.004875565277199539
2021-08-23T14:00:00.0;-0.006091142829780599
2021-08-23T15:00:00.0;-0.00725135946952046
2021-08-23T16:00:00.0;-0.008304196256390412
2021-08-23T17:00:00.0;-0.018191861350500556
2021-08-23T18:00:00.0;-0.01965131108800088
2021-08-23T19:00:00.0;-0.03973452643878073
2021-08-23T20:00:00.0;-0.021256427082429606
2021-08-23T21:00:00.0;-0.021226803216561545
2021-08-23T22:00:00.0;-0.0204498809237497
2021-08-23T23:00:00.0;-0.008963344807880821
2021-08-24T00:00:00.0;-0.012850010732979587
2021-08-24T01:00:00.0;-0.0075473618391169554
2021-08-24T02:00:00.0;-0.007017033448816514
2021-08-24T03:00:00.0;-0.0067733474609306624
2021-08-24T04:00:00.0;-0.008307169770343348
2021-08-24T05:00:00.0;-0.009059786403916758
2021-08-24T06:00:00.0;-0.014416831367269066
2021-08-24T07:00:00.0;-0.011504576776134036
2021-08-24T08:00:00.0;-0.010777740878637932
2021-08-24T09:00:00.0;-0.00831084046585002
2021-08-24T10:00:00.0;-0.007695552853908959
2021-08-24T11:00:00.0;-0.007374365375886302
2021-08-24T12:00:00.0;-0.005421812877547407
2021-08-24T13:00:00.0;-0.005524339703345174
2021-08-24T14:00:00.0;-0.005847591530837576
2021-08-24T15:00:00.0;-0.010304369027565988
2021-08-24T16:00:00.0;-0.015943410499493688
2021-08-24T17:00:00.0;-0.021834900442594264
2021-08-24T18:00:00.0;-0.023643011291556066
2021-08-24T19:00:00.0;-0.04724107327537935
2021-08-24T20:00:00.0;-0.025928816247351674
2021-08-24T21:00:00.0;-0.026071442119947275
2021-08-24T22:00:00.0;-0.02513605237517423
2021-08-24T23:00:00.0;-0.016016238384554078
2021-08-25T00:00:00.0;-0.014262983785145953
2021-08-25T01:00:00.0;-0.009409305897560043
2021-08-25T02:00:00.0;-0.009053103734547192
2021-08-25T03:00:00.0;-0.008740145651649616
2021-08-25T04:00:00.0;-0.013189026157490163
2021-08-25T05:00:00.0;-0.013200627455629046
2021-08-25T06:00:00.0;-0.017804714350226167
2021-08-25T07:00:00.0;-0.013130489131873728
2021-08-25T08:00:00.0;-0.012262658938100504
2021-08-25T09:00:00.0;-0.008519132713345262
2021-08-25T10:00:00.0;-0.009754679358002954
2021-08-25T11:00:00.0;-0.005761413203978124
2021-08-25T12:00:00.0;-0.005786586492135951
2021-08-25T13:00:00.0;-0.005896594827900256
2021-08-25T14:00:00.0;-0.006967079762201399
2021-08-25T15:00:00.0;-0.011897553933078484
2021-08-25T16:00:00.0;-0.013637272665468181
2021-08-25T17:00:00.0;-0.015092906439476611
2021-08-25T18:00:00.0;-0.016461100447549355
2021-08-25T19:00:00.0;-0.036505370159011695
2021-08-25T20:00:00.0;-0.01798355950982121
2021-08-25T21:00:00.0;-0.018023620432677752
2021-08-25T22:00:00.0;-0.017411015025657606
2021-08-25T23:00:00.0;-0.01559372692872064
2021-08-26T00:00:00.0;-0.008362134562809646
2021-08-26T01:00:00.0;-0.007902083771615553
2021-08-26T02:00:00.0;-0.006383007504919734
2021-08-26T03:00:00.0;-0.00615938973194333
2021-08-26T04:00:00.0;-0.006051266692751154
2021-08-26T05:00:00.0;-0.007501541834042315
2021-08-26T06:00:00.0;-0.00805009412614361
2021-08-26T07:00:00.0;-0.008504531729858926
2021-08-26T08:00:00.0;-0.007865593853148877
2021-08-26T09:00:00.0;-0.007126140375647246
2021-08-26T10:00:00.0;-0.006655959192153686
2021-08-26T11:00:00.0;-0.0034313300227966693
2021-08-26T12:00:00.0;-0.0028831495900701427
2021-08-26T13:00:00.0;-0.0029578576771014634
2021-08-26T14:00:00.0;-0.006541164890996974
2021-08-26T15:00:00.0;-0.007958932450000697
2021-08-26T16:00:00.0;-0.00896870309706468
2021-08-26T17:00:00.0;-0.01794340710161164
2021-08-26T18:00:00.0;-0.01926542760069114
2021-08-26T19:00:00.0;-0.021405824502155158
2021-08-26T20:00:00.0;-0.020457165342381584
2021-08-26T21:00:00.0;-0.020008467674915497
2021-08-26T22:00:00.0;-0.019243065135946178
2021-08-26T23:00:00.0;-0.008917826623435656
2021-08-27T00:00:00.0;-0.011047500829115136
2021-08-27T01:00:00.0;-0.008094499301851164
2021-08-27T02:00:00.0;-0.0065559686145556665
2021-08-27T03:00:00.0;-0.0063237894222873525
2021-08-27T04:00:00.0;-0.006187468419447753
2021-08-27T05:00:00.0;-0.007447233691187202
2021-08-27T06:00:00.0;-0.009219007840739505
2021-08-27T07:00:00.0;-0.00755145291758232
2021-08-27T08:00:00.0;-0.007015698393987252
2021-08-27T09:00:00.0;-0.007196699029177432
2021-08-27T10:00:00.0;-0.007887619623775521
2021-08-27T11:00:00.0;-0.00353281004776314
2021-08-27T12:00:00.0;-0.0035947026415352103
2021-08-27T13:00:00.0;-0.0036774980253268933
2021-08-27T14:00:00.0;-0.00642629337041843
2021-08-27T15:00:00.0;-0.00706607118052444
2021-08-27T16:00:00.0;-0.00797409912653263
2021-08-27T17:00:00.0;-0.015940487282718217
2021-08-27T18:00:00.0;-0.017179069922681447
2021-08-27T19:00:00.0;-0.02472718335433697
2021-08-27T20:00:00.0;-0.018344028234206815
2021-08-27T21:00:00.0;-0.018088727579478537
2021-08-27T22:00:00.0;-0.01743712531934321
2021-08-27T23:00:00.0;-0.008449634966380118
2021-08-28T00:00:00.0;-0.008376879905967168
2021-08-28T01:00:00.0;-0.007828069686282907
2021-08-28T02:00:00.0;-0.006473646332331459
2021-08-28T03:00:00.0;-0.006247414311887629
2021-08-28T04:00:00.0;-0.006140311823472675
2021-08-28T05:00:00.0;-0.007516719710687498
2021-08-28T06:00:00.0;-0.007744679520523955
2021-08-28T07:00:00.0;-0.00898560977863196
2021-08-28T08:00:00.0;-0.00831931558191649
2021-08-28T09:00:00.0;-0.007542400456886522
2021-08-28T10:00:00.0;-0.0070456807381916375
2021-08-28T11:00:00.0;-0.0036414890644136146
2021-08-28T12:00:00.0;-0.0027454920955853287
2021-08-28T13:00:00.0;-0.00281568147088363
2021-08-28T14:00:00.0;-0.006581992346299693
2021-08-28T15:00:00.0;-0.008418861398009982
2021-08-28T16:00:00.0;-0.009475237565288133
2021-08-28T17:00:00.0;-0.018046519460399188
2021-08-28T18:00:00.0;-0.019358840515760124
2021-08-28T19:00:00.0;-0.020116954878573935
2021-08-28T20:00:00.0;-0.02052984196860859
2021-08-28T21:00:00.0;-0.02005176869661529
2021-08-28T22:00:00.0;-0.019282047432571194
2021-08-28T23:00:00.0;-0.008929868070822257
2021-08-29T00:00:00.0;-0.008671155336675809
2021-08-29T01:00:00.0;-0.008084972707198374
2021-08-29T02:00:00.0;-0.005940500386550418
2021-08-29T03:00:00.0;-0.005729607088453989
2021-08-29T04:00:00.0;-0.005628189425105985
2021-08-29T05:00:00.0;-0.0075346492670008945
2021-08-29T06:00:00.0;-0.008064391628865563
2021-08-29T07:00:00.0;-0.007734118047122576
2021-08-29T08:00:00.0;-0.007148660141575777
2021-08-29T09:00:00.0;-0.006487361225090048
2021-08-29T10:00:00.0;-0.006077453583771051
2021-08-29T11:00:00.0;-0.0031009064861363417
2021-08-29T12:00:00.0;-0.0031749139038700705
2021-08-29T13:00:00.0;-0.003262236736212268
2021-08-29T14:00:00.0;-0.006606106558999618
2021-08-29T15:00:00.0;-0.007275471576125516
2021-08-29T16:00:00.0;-0.008467747722315714
2021-08-29T17:00:00.0;-0.020194192055589772
2021-08-29T18:00:00.0;-0.021649000423711314
2021-08-29T19:00:00.0;-0.02370588743654254
2021-08-29T20:00:00.0;-0.022859303805297878
2021-08-29T21:00:00.0;-0.022338156116426672
2021-08-29T22:00:00.0;-0.021494469149761636
2021-08-29T23:00:00.0;-0.00920476227758215
2021-08-30T00:00:00.0;-0.008331261842773394
2021-08-30T01:00:00.0;-0.007990386104850733
2021-08-30T02:00:00.0;-0.0066109910815806095
2021-08-30T03:00:00.0;-0.006382002261259182
2021-08-30T04:00:00.0;-0.012776809248823786
2021-08-30T05:00:00.0;-0.014129356627661443
2021-08-30T06:00:00.0;-0.01557095774903922
2021-08-30T07:00:00.0;-0.014699424071771
2021-08-30T08:00:00.0;-0.013518942411935197
2021-08-30T09:00:00.0;-0.00654632674645006
2021-08-30T10:00:00.0;-0.0060642596781088085
2021-08-30T11:00:00.0;-0.003882240620774366
2021-08-30T12:00:00.0;-0.0038013847318383275
2021-08-30T13:00:00.0;-0.003916864070421134
2021-08-30T14:00:00.0;-0.0064018456598023
2021-08-30T15:00:00.0;-0.013534269246752313
2021-08-30T16:00:00.0;-0.015377228379504825
2021-08-30T17:00:00.0;-0.023428249557779474
2021-08-30T18:00:00.0;-0.025323724147069706
2021-08-30T19:00:00.0;-0.030531029086972458
2021-08-30T20:00:00.0;-0.026914821042526117
2021-08-30T21:00:00.0;-0.026349288337730755
2021-08-30T22:00:00.0;-0.025360475172031455
2021-08-30T23:00:00.0;-0.016883432590100868
2021-08-31T00:00:00.0;-0.017566800534673355
2021-08-31T01:00:00.0;-0.010304121040687285
2021-08-31T02:00:00.0;-0.00826270374239883
2021-08-31T03:00:00.0;-0.007965909991470264
2021-08-31T04:00:00.0;-0.007761256095109529
2021-08-31T05:00:00.0;-0.009403099634132021
2021-08-31T06:00:00.0;-0.01244359729322278
2021-08-31T07:00:00.0;-0.009398542833662843
2021-08-31T08:00:00.0;-0.008776969483625139
2021-08-31T09:00:00.0;-0.008015279968092188
2021-08-31T10:00:00.0;-0.007530185994975497
2021-08-31T11:00:00.0;-0.006737202056609735
2021-08-31T12:00:00.0;-0.0067592443189543935
2021-08-31T13:00:00.0;-0.006920127432231952
2021-08-31T14:00:00.0;-0.007909180115765212
2021-08-31T15:00:00.0;-0.008726082751125103
2021-08-31T16:00:00.0;-0.016361843352562466
2021-08-31T17:00:00.0;-0.02732968162889145
2021-08-31T18:00:00.0;-0.029283016313534655
2021-08-31T19:00:00.0;-0.04270950795769132
2021-08-31T20:00:00.0;-0.031399264082630954
2021-08-31T21:00:00.0;-0.031207827629665657
2021-08-31T22:00:00.0;-0.030111834704272263
2021-08-31T23:00:00.0;-0.018618306439452285
2021-09-01T00:00:00.0;-0.02145935730975292
2021-09-01T01:00:00.0;-0.010599617286742927
2021-09-01T02:00:00.0;-0.010186843906955286
2021-09-01T03:00:00.0;-0.009836852902429354
2021-09-01T04:00:00.0;-0.023043677506635635
2021-09-01T05:00:00.0;-0.023303071807288158
2021-09-01T06:00:00.0;-0.025298759788346836
2021-09-01T07:00:00.0;-0.023246871598994252
2021-09-01T08:00:00.0;-0.02131455427809761
2021-09-01T09:00:00.0;-0.007994115009623761
2021-09-01T10:00:00.0;-0.0073902689047019255
2021-09-01T11:00:00.0;-0.00713810336756486
2021-09-01T12:00:00.0;-0.007270343983451157
2021-09-01T13:00:00.0;-0.007509033846427434
2021-09-01T14:00:00.0;-0.007939108322594654
2021-09-01T15:00:00.0;-0.021025802307448438
2021-09-01T16:00:00.0;-0.03392650149087727
2021-09-01T17:00:00.0;-0.03745287546136391
2021-09-01T18:00:00.0;-0.040653803506938015
2021-09-01T19:00:00.0;-0.049034817074268024
2021-09-01T20:00:00.0;-0.04380480076347331
2021-09-01T21:00:00.0;-0.043189148054730994
2021-09-01T22:00:00.0;-0.041683594007755814
2021-09-01T23:00:00.0;-0.03952788489809641
2021-09-02T00:00:00.0;-0.015768955255241558
2021-09-02T01:00:00.0;-0.008357648587572234
2021-09-02T02:00:00.0;-0.00804266304919368
2021-09-02T03:00:00.0;-0.007770599962298196
2021-09-02T04:00:00.0;-0.026404012355312968
2021-09-02T05:00:00.0;-0.026860950123668858
2021-09-02T06:00:00.0;-0.029018029103342065
2021-09-02T07:00:00.0;-0.026976240880851033
2021-09-02T08:00:00.0;-0.02447876169209899
2021-09-02T09:00:00.0;-0.0062871658840467585
2021-09-02T10:00:00.0;-0.0057534044072209195
2021-09-02T11:00:00.0;-0.005528224321651317
2021-09-02T12:00:00.0;-0.005680051461278991
2021-09-02T13:00:00.0;-0.0058997355327261485
2021-09-02T14:00:00.0;-0.006283637631261457
2021-09-02T15:00:00.0;-0.024097560315457435
2021-09-02T16:00:00.0;-0.03454484696946898
2021-09-02T17:00:00.0;-0.038143597570301974
2021-09-02T18:00:00.0;-0.041723082044636366
2021-09-02T19:00:00.0;-0.04947391738077049
2021-09-02T20:00:00.0;-0.04477110508465823
2021-09-02T21:00:00.0;-0.043909998631861014
2021-09-02T22:00:00.0;-0.04234852562029249
2021-09-02T23:00:00.0;-0.040184296107861735
2021-09-03T00:00:00.0;-0.012276768765416193
2021-09-03T01:00:00.0;-0.011091242390231165
2021-09-03T02:00:00.0;-0.01106087881421636
2021-09-03T03:00:00.0;-0.01068705241856628
2021-09-03T04:00:00.0;-0.016655170506349883
2021-09-03T05:00:00.0;-0.01672607750377321
2021-09-03T06:00:00.0;-0.022478460738729066
2021-09-03T07:00:00.0;-0.018820272741016775
2021-09-03T08:00:00.0;-0.017718670902314396
2021-09-03T09:00:00.0;-0.010781087785239655
2021-09-03T10:00:00.0;-0.010034999666569936
2021-09-03T11:00:00.0;-0.009312335491264572
2021-09-03T12:00:00.0;-0.0077843248886031655
2021-09-03T13:00:00.0;-0.007936194908582698
2021-09-03T14:00:00.0;-0.008431837155495817
2021-09-03T15:00:00.0;-0.016683705967614745
2021-09-03T16:00:00.0;-0.019274944042710903
2021-09-03T17:00:00.0;-0.021460784773805357
2021-09-03T18:00:00.0;-0.023279655881838883
2021-09-03T19:00:00.0;-0.047762897987837886
2021-09-03T20:00:00.0;-0.025452131948640017
2021-09-03T21:00:00.0;-0.025564659166714764
2021-09-03T22:00:00.0;-0.024651947637758437
2021-09-03T23:00:00.0;-0.020825350836114774
2021-09-04T00:00:00.0;-0.017968113388511113
2021-09-04T01:00:00.0;-0.007521148252528148
2021-09-04T02:00:00.0;-0.007808802510281544
2021-09-04T03:00:00.0;-0.0075421628283072585
2021-09-04T04:00:00.0;-0.018793116385646198
2021-09-04T05:00:00.0;-0.018969192470288016
2021-09-04T06:00:00.0;-0.02147977869230446
2021-09-04T07:00:00.0;-0.02183045906183944
2021-09-04T08:00:00.0;-0.02017189255785291
2021-09-04T09:00:00.0;-0.008603784913361072
2021-09-04T10:00:00.0;-0.007942722772425552
2021-09-04T11:00:00.0;-0.007630223046052744
2021-09-04T12:00:00.0;-0.005529648762795474
2021-09-04T13:00:00.0;-0.0056854916051145435
2021-09-04T14:00:00.0;-0.006012019068734463
2021-09-04T15:00:00.0;-0.019603531827669753
2021-09-04T16:00:00.0;-0.03139771452421624
2021-09-04T17:00:00.0;-0.03474522039744442
2021-09-04T18:00:00.0;-0.037697496822459396
2021-09-04T19:00:00.0;-0.04878575273739347
2021-09-04T20:00:00.0;-0.04078335911552061
2021-09-04T21:00:00.0;-0.04034230985377149
2021-09-04T22:00:00.0;-0.03891143719313153
2021-09-04T23:00:00.0;-0.03338181082979917
2021-09-05T00:00:00.0;-0.026502335492069384
2021-09-05T01:00:00.0;-0.008051369446130847
2021-09-05T02:00:00.0;-0.0077294260688579456
2021-09-05T03:00:00.0;-0.007459293401791229
2021-09-05T04:00:00.0;-0.017401121512689105
2021-09-05T05:00:00.0;-0.017549417818181864
2021-09-05T06:00:00.0;-0.01873418842089622
2021-09-05T07:00:00.0;-0.01703415452459246
2021-09-05T08:00:00.0;-0.015432939602390281
2021-09-05T09:00:00.0;-0.005770865381522476
2021-09-05T10:00:00.0;-0.0053820633741519
2021-09-05T11:00:00.0;-0.005256089027307043
2021-09-05T12:00:00.0;-0.0053684857574637385
2021-09-05T13:00:00.0;-0.005543883991461846
2021-09-05T14:00:00.0;-0.0058308283146536605
2021-09-05T15:00:00.0;-0.015503743644854698
2021-09-05T16:00:00.0;-0.03443721262113007
2021-09-05T17:00:00.0;-0.03784517767193278
2021-09-05T18:00:00.0;-0.041164457746625964
2021-09-05T19:00:00.0;-0.04792521430300292
2021-09-05T20:00:00.0;-0.04493568738027942
2021-09-05T21:00:00.0;-0.04439603914159029
2021-09-05T22:00:00.0;-0.04285528309308665
2021-09-05T23:00:00.0;-0.04053648130036552
2021-09-06T00:00:00.0;-0.025849146020804376
2021-09-06T01:00:00.0;-0.011202161160408272
2021-09-06T02:00:00.0;-0.010759575416648782
2021-09-06T03:00:00.0;-0.010386802523900307
2021-09-06T04:00:00.0;-0.02450164820330262
2021-09-06T05:00:00.0;-0.024781936668879154
2021-09-06T06:00:00.0;-0.025434175451230803
2021-09-06T07:00:00.0;-0.024723833252403914
2021-09-06T08:00:00.0;-0.0226450852504713
2021-09-06T09:00:00.0;-0.008463845914540493
2021-09-06T10:00:00.0;-0.007869601997621722
2021-09-06T11:00:00.0;-0.007638126805079569
2021-09-06T12:00:00.0;-0.007805672952817752
2021-09-06T13:00:00.0;-0.008073661232668622
2021-09-06T14:00:00.0;-0.008501089059075213
2021-09-06T15:00:00.0;-0.022611970468132125
2021-09-06T16:00:00.0;-0.03923567061768257
2021-09-06T17:00:00.0;-0.043239050784430584
2021-09-06T18:00:00.0;-0.046749273760594706
2021-09-06T19:00:00.0;-0.04944899163663915
2021-09-06T20:00:00.0;-0.05003030200103968
2021-09-06T21:00:00.0;-0.04906950321739295
2021-09-06T22:00:00.0;-0.04738689275358381
2021-09-06T23:00:00.0;-0.04498780596612946
2021-09-07T00:00:00.0;-0.02541457870072811
2021-09-07T01:00:00.0;-0.014642809824117019
2021-09-07T02:00:00.0;-0.014058491421896777
2021-09-07T03:00:00.0;-0.01357088216411187
2021-09-07T04:00:00.0;-0.02089317021677972
2021-09-07T05:00:00.0;-0.020991327303960732
2021-09-07T06:00:00.0;-0.023620441533319245
2021-09-07T07:00:00.0;-0.021020738953512884
2021-09-07T08:00:00.0;-0.01964195895906767
2021-09-07T09:00:00.0;-0.011327862410084539
2021-09-07T10:00:00.0;-0.01054806932202384
2021-09-07T11:00:00.0;-0.010190863566595426
2021-09-07T12:00:00.0;-0.010247082231974153
2021-09-07T13:00:00.0;-0.01050567619001187
2021-09-07T14:00:00.0;-0.011042728092785075
2021-09-07T15:00:00.0;-0.019206034665522516
2021-09-07T16:00:00.0;-0.03139251817392983
2021-09-07T17:00:00.0;-0.034733955744420605
2021-09-07T18:00:00.0;-0.037333804912801166
2021-09-07T19:00:00.0;-0.048871217217581635
2021-09-07T20:00:00.0;-0.04027981948299554
2021-09-07T21:00:00.0;-0.04000447113119959
2021-09-07T22:00:00.0;-0.0386369684670112
2021-09-07T23:00:00.0;-0.036639686886969704
2021-09-08T00:00:00.0;-0.013804457244223101
2021-09-08T01:00:00.0;-0.012188367640416826
2021-09-08T02:00:00.0;-0.011726715075473274
2021-09-08T03:00:00.0;-0.011329477754515718
2021-09-08T04:00:00.0;-0.02280450820016258
2021-09-08T05:00:00.0;-0.02300063633787071
2021-09-08T06:00:00.0;-0.027656443257365722
2021-09-08T07:00:00.0;-0.023295192269634227
2021-09-08T08:00:00.0;-0.02171219654148021
2021-09-08T09:00:00.0;-0.00987233127164198
2021-09-08T10:00:00.0;-0.009537763812163716
2021-09-08T11:00:00.0;-0.00833261775595588
2021-09-08T12:00:00.0;-0.008386338560181656
2021-09-08T13:00:00.0;-0.008610265868334908
2021-09-08T14:00:00.0;-0.009160416168516665
2021-09-08T15:00:00.0;-0.020804204749472473
2021-09-08T16:00:00.0;-0.023957595093116863
2021-09-08T17:00:00.0;-0.026620197785350526
2021-09-08T18:00:00.0;-0.028947009047920462
2021-09-08T19:00:00.0;-0.04767990050001176
2021-09-08T20:00:00.0;-0.031258762177431176
2021-09-08T21:00:00.0;-0.031117538984177802
2021-09-08T22:00:00.0;-0.030031533368642897
2021-09-08T23:00:00.0;-0.028255604843540977
2021-09-09T00:00:00.0;-0.03257413941916077
2021-09-09T01:00:00.0;-0.014402742729082998
2021-09-09T02:00:00.0;-0.01381490727057756
2021-09-09T03:00:00.0;-0.013328827200352637
2021-09-09T04:00:00.0;-0.021979213109726795
2021-09-09T05:00:00.0;-0.02209556975599821
2021-09-09T06:00:00.0;-0.022490484035817368
2021-09-09T07:00:00.0;-0.021982281017594946
2021-09-09T08:00:00.0;-0.020403602639028393
2021-09-09T09:00:00.0;-0.01100914389508949
2021-09-09T10:00:00.0;-0.010343599993806093
2021-09-09T11:00:00.0;-0.010084512884486509
2021-09-09T12:00:00.0;-0.010213895323377272
2021-09-09T13:00:00.0;-0.010505042810596136
2021-09-09T14:00:00.0;-0.010975392102684263
2021-09-09T15:00:00.0;-0.020407665490784523
2021-09-09T16:00:00.0;-0.039627888091400366
2021-09-09T17:00:00.0;-0.04367878524072301
2021-09-09T18:00:00.0;-0.04676855805664419
2021-09-09T19:00:00.0;-0.049240947564878
2021-09-09T20:00:00.0;-0.050097523836048825
2021-09-09T21:00:00.0;-0.049353129459287375
2021-09-09T22:00:00.0;-0.04770404897148323
2021-09-09T23:00:00.0;-0.045287146139348464
2021-09-10T00:00:00.0;-0.016583675605418832
2021-09-10T01:00:00.0;-0.013270002555472704
2021-09-10T02:00:00.0;-0.012762256855269816
2021-09-10T03:00:00.0;-0.012329478227538417
2021-09-10T04:00:00.0;-0.02453361687343306
2021-09-10T05:00:00.0;-0.02478268323243434
2021-09-10T06:00:00.0;-0.02860545430900486
2021-09-10T07:00:00.0;-0.025158365308196175
2021-09-10T08:00:00.0;-0.023413577463769618
2021-09-10T09:00:00.0;-0.010394602045696979
2021-09-10T10:00:00.0;-0.009549071652042196
2021-09-10T11:00:00.0;-0.009133405934884806
2021-09-10T12:00:00.0;-0.009216189654633949
2021-09-10T13:00:00.0;-0.009480846572216867
2021-09-10T14:00:00.0;-0.010062704611228235
2021-09-10T15:00:00.0;-0.022569732762409686
2021-09-10T16:00:00.0;-0.02857221332235975
2021-09-10T17:00:00.0;-0.03169598742315336
2021-09-10T18:00:00.0;-0.03433530533276391
2021-09-10T19:00:00.0;-0.04932394177471897
2021-09-10T20:00:00.0;-0.036925696105303774
2021-09-10T21:00:00.0;-0.03661183339839445
2021-09-10T22:00:00.0;-0.03532620228920031
2021-09-10T23:00:00.0;-0.03352043196498883
2021-09-11T00:00:00.0;-0.011101482131909373
2021-09-11T01:00:00.0;-0.008093430266508708
2021-09-11T02:00:00.0;-0.007039410120059664
2021-09-11T03:00:00.0;-0.006796975102275062
2021-09-11T04:00:00.0;-0.02176366414159949
2021-09-11T05:00:00.0;-0.02287605614591968
2021-09-11T06:00:00.0;-0.025623977288399234
2021-09-11T07:00:00.0;-0.023234873393758453
2021-09-11T08:00:00.0;-0.021352097814998507
2021-09-11T09:00:00.0;-0.006780295013905678
2021-09-11T10:00:00.0;-0.006908003435684787
2021-09-11T11:00:00.0;-0.0052871995717479305
2021-09-11T12:00:00.0;-0.005395039111930464
2021-09-11T13:00:00.0;-0.005579698263375496
2021-09-11T14:00:00.0;-0.0062652028897462
2021-09-11T15:00:00.0;-0.021028189141209193
2021-09-11T16:00:00.0;-0.025176182092004135
2021-09-11T17:00:00.0;-0.03212572526750214
2021-09-11T18:00:00.0;-0.034984593542322404
2021-09-11T19:00:00.0;-0.044956201479584956
2021-09-11T20:00:00.0;-0.03715143355162837
2021-09-11T21:00:00.0;-0.03649800203063142
2021-09-11T22:00:00.0;-0.035219570229266285
2021-09-11T23:00:00.0;-0.028546444567104763
2021-09-12T00:00:00.0;-0.014804353285459818
2021-09-12T01:00:00.0;-0.007947815811727642
2021-09-12T02:00:00.0;-0.007911989330529313
2021-09-12T03:00:00.0;-0.007645414517446229
2021-09-12T04:00:00.0;-0.02736578469248167
2021-09-12T05:00:00.0;-0.02785163342030981
2021-09-12T06:00:00.0;-0.02973474502413456
2021-09-12T07:00:00.0;-0.02956233853616102
2021-09-12T08:00:00.0;-0.026982495061307198
2021-09-12T09:00:00.0;-0.007418914849573895
2021-09-12T10:00:00.0;-0.006788119877080611
2021-09-12T11:00:00.0;-0.006502932246275396
2021-09-12T12:00:00.0;-0.005667224051052103
2021-09-12T13:00:00.0;-0.005881485653386662
2021-09-12T14:00:00.0;-0.0062607416073699506
2021-09-12T15:00:00.0;-0.026434346292821813
2021-09-12T16:00:00.0;-0.03643602880456286
2021-09-12T17:00:00.0;-0.04028810060929946
2021-09-12T18:00:00.0;-0.04394630403033652
2021-09-12T19:00:00.0;-0.04998343255110712
2021-09-12T20:00:00.0;-0.0468554969705307
2021-09-12T21:00:00.0;-0.04583458448260633
2021-09-12T22:00:00.0;-0.04420338590983726
2021-09-12T23:00:00.0;-0.040414189324934256
2021-09-13T00:00:00.0;-0.032912379229970014
2021-09-13T01:00:00.0;-0.016679168080768622
2021-09-13T02:00:00.0;-0.01599516983751256
2021-09-13T03:00:00.0;-0.01543216285821062
2021-09-13T04:00:00.0;-0.021418190519265426
2021-09-13T05:00:00.0;-0.021471166127423447
2021-09-13T06:00:00.0;-0.02259150198112819
2021-09-13T07:00:00.0;-0.021481354471598713
2021-09-13T08:00:00.0;-0.020156377926835507
2021-09-13T09:00:00.0;-0.01298685390481919
2021-09-13T10:00:00.0;-0.012211652778054546
2021-09-13T11:00:00.0;-0.011876631799227991
2021-09-13T12:00:00.0;-0.011944924442836612
2021-09-13T13:00:00.0;-0.012239824544838221
2021-09-13T14:00:00.0;-0.012773424087028994
2021-09-13T15:00:00.0;-0.019973410850038547
2021-09-13T16:00:00.0;-0.037152926573567294
2021-09-13T17:00:00.0;-0.041035538483407775
2021-09-13T18:00:00.0;-0.04375659148209316
2021-09-13T19:00:00.0;-0.049231181617380604
2021-09-13T20:00:00.0;-0.04688464951307681
2021-09-13T21:00:00.0;-0.04639113697891552
2021-09-13T22:00:00.0;-0.04484942910298724
2021-09-13T23:00:00.0;-0.04258205229110364
2021-09-14T00:00:00.0;-0.02676346844137871
2021-09-14T01:00:00.0;-0.013384365376780005
2021-09-14T02:00:00.0;-0.012788422811291182
2021-09-14T03:00:00.0;-0.012344482854775424
2021-09-14T04:00:00.0;-0.025594991781227223
2021-09-14T05:00:00.0;-0.025922979835367208
2021-09-14T06:00:00.0;-0.02665338208362676
2021-09-14T07:00:00.0;-0.026099712928988543
2021-09-14T08:00:00.0;-0.02412916567582503
2021-09-14T09:00:00.0;-0.010355403181847214
2021-09-14T10:00:00.0;-0.009645997149233084
2021-09-14T11:00:00.0;-0.009348045580634741
2021-09-14T12:00:00.0;-0.009512378077405985
2021-09-14T13:00:00.0;-0.009819710452103447
2021-09-14T14:00:00.0;-0.010323606279514588
2021-09-14T15:00:00.0;-0.023995086120035824
2021-09-14T16:00:00.0;-0.03950518008040991
2021-09-14T17:00:00.0;-0.04396392098610243
2021-09-14T18:00:00.0;-0.04729247651278202
2021-09-14T19:00:00.0;-0.04983439701255009
2021-09-14T20:00:00.0;-0.05032009254345993
2021-09-14T21:00:00.0;-0.049366186373561306
2021-09-14T22:00:00.0;-0.04769035229077271
2021-09-14T23:00:00.0;-0.044933265080630946
2021-09-15T00:00:00.0;-0.018381510876840826
2021-09-15T01:00:00.0;-0.014076172871488712
2021-09-15T02:00:00.0;-0.013545074850133653
2021-09-15T03:00:00.0;-0.01308597422685275
2021-09-15T04:00:00.0;-0.029755651386899062
2021-09-15T05:00:00.0;-0.030212806996941868
2021-09-15T06:00:00.0;-0.03150679983815567
2021-09-15T07:00:00.0;-0.031211661942816573
2021-09-15T08:00:00.0;-0.028931328984473946
2021-09-15T09:00:00.0;-0.011311026416277776
2021-09-15T10:00:00.0;-0.01042384434354452
2021-09-15T11:00:00.0;-0.00942751020806834
2021-09-15T12:00:00.0;-0.009637374457521941
2021-09-15T13:00:00.0;-0.009963546564084684
2021-09-15T14:00:00.0;-0.011215996677721735
2021-09-15T15:00:00.0;-0.028469030203848566
2021-09-15T16:00:00.0;-0.036038695797055334
2021-09-15T17:00:00.0;-0.039775499448838895
2021-09-15T18:00:00.0;-0.042881328076871235
2021-09-15T19:00:00.0;-0.0451255608116231
2021-09-15T20:00:00.0;-0.04518860712677446
2021-09-15T21:00:00.0;-0.04411543006054881
2021-09-15T22:00:00.0;-0.042566365564257067
2021-09-15T23:00:00.0;-0.040540067877123984
2021-09-16T00:00:00.0;-0.02593001306328687
2021-09-16T01:00:00.0;-0.012428754690355173
2021-09-16T02:00:00.0;-0.011117561737340322
2021-09-16T03:00:00.0;-0.01072380882093397
2021-09-16T04:00:00.0;-0.021166754894933835
2021-09-16T05:00:00.0;-0.022210565145980424
2021-09-16T06:00:00.0;-0.022796176845211596
2021-09-16T07:00:00.0;-0.022351366828866317
2021-09-16T08:00:00.0;-0.02071490850925806
2021-09-16T09:00:00.0;-0.009681323732853355
2021-09-16T10:00:00.0;-0.009075288795436957
2021-09-16T11:00:00.0;-0.008822001439920537
2021-09-16T12:00:00.0;-0.00895296065573579
2021-09-16T13:00:00.0;-0.009237291543412263
2021-09-16T14:00:00.0;-0.009695036152298888
2021-09-16T15:00:00.0;-0.02076687663187252
2021-09-16T16:00:00.0;-0.03596610343611061
2021-09-16T17:00:00.0;-0.044267477251092015
2021-09-16T18:00:00.0;-0.04743012794185512
2021-09-16T19:00:00.0;-0.049661276553902636
2021-09-16T20:00:00.0;-0.05015310043954372
2021-09-16T21:00:00.0;-0.049180372305668824
2021-09-16T22:00:00.0;-0.04752009656153074
2021-09-16T23:00:00.0;-0.040280266817900576
2021-09-17T00:00:00.0;-0.02065584892704907
2021-09-17T01:00:00.0;-0.011959836154635233
2021-09-17T02:00:00.0;-0.011500601212153454
2021-09-17T03:00:00.0;-0.011108578967179032
2021-09-17T04:00:00.0;-0.029800201414126513
2021-09-17T05:00:00.0;-0.030267970212343533
2021-09-17T06:00:00.0;-0.03144253527395017
2021-09-17T07:00:00.0;-0.030789854733536626
2021-09-17T08:00:00.0;-0.028277381729368584
2021-09-17T09:00:00.0;-0.00931047272655653
2021-09-17T10:00:00.0;-0.008582002842447294
2021-09-17T11:00:00.0;-0.008262367516118838
2021-09-17T12:00:00.0;-0.008461972077287416
2021-09-17T13:00:00.0;-0.00877438751618764
2021-09-17T14:00:00.0;-0.009291089401350774
2021-09-17T15:00:00.0;-0.027942401993590226
2021-09-17T16:00:00.0;-0.039861366072193996
2021-09-17T17:00:00.0;-0.044044426446168905
2021-09-17T18:00:00.0;-0.04769277714584168
2021-09-17T19:00:00.0;-0.05039393236394449
2021-09-17T20:00:00.0;-0.05051173347020614
2021-09-17T21:00:00.0;-0.04933913524394883
2021-09-17T22:00:00.0;-0.047631153493743424
2021-09-17T23:00:00.0;-0.045309553831162426
2021-09-18T00:00:00.0;-0.017922257690325124
2021-09-18T01:00:00.0;-0.01725333524603285
2021-09-18T02:00:00.0;-0.01658494002553418
2021-09-18T03:00:00.0;-0.016020988303331266
2021-09-18T04:00:00.0;-0.023955853400008033
2021-09-18T05:00:00.0;-0.024082896202918543
2021-09-18T06:00:00.0;-0.028850263066202173
2021-09-18T07:00:00.0;-0.024682941074934062
2021-09-18T08:00:00.0;-0.023387095562614937
2021-09-18T09:00:00.0;-0.013945462204175193
2021-09-18T10:00:00.0;-0.012854685791840353
2021-09-18T11:00:00.0;-0.012264647941429013
2021-09-18T12:00:00.0;-0.012235884728814834
2021-09-18T13:00:00.0;-0.01250967907576068
2021-09-18T14:00:00.0;-0.01323604982380915
2021-09-18T15:00:00.0;-0.022263499565096042
2021-09-18T16:00:00.0;-0.025449011261480442
2021-09-18T17:00:00.0;-0.02832017018128823
2021-09-18T18:00:00.0;-0.030432643534280816
2021-09-18T19:00:00.0;-0.0494030200464435
2021-09-18T20:00:00.0;-0.03269397579259881
2021-09-18T21:00:00.0;-0.032619547032696386
2021-09-18T22:00:00.0;-0.0314886205658129
2021-09-18T23:00:00.0;-0.029892653064230845
2021-09-19T00:00:00.0;-0.0263692083972259
2021-09-19T01:00:00.0;-0.0070178372783334005
2021-09-19T02:00:00.0;-0.008014505091264938
2021-09-19T03:00:00.0;-0.0077359852499353865
2021-09-19T04:00:00.0;-0.01584448689036077
2021-09-19T05:00:00.0;-0.01591738529378632
2021-09-19T06:00:00.0;-0.0161767830410795
2021-09-19T07:00:00.0;-0.022282819113202592
2021-09-19T08:00:00.0;-0.02088554316750464
2021-09-19T09:00:00.0;-0.011972042355709167
2021-09-19T10:00:00.0;-0.011219431314248688
2021-09-19T11:00:00.0;-0.010841820925522803
2021-09-19T12:00:00.0;-0.005891561468423533
2021-09-19T13:00:00.0;-0.006029425008797055
2021-09-19T14:00:00.0;-0.006298582960290403
2021-09-19T15:00:00.0;-0.020472889123602764
2021-09-19T16:00:00.0;-0.039734877315475876
2021-09-19T17:00:00.0;-0.043946803680848835
2021-09-19T18:00:00.0;-0.04701399901812723
2021-09-19T19:00:00.0;-0.049342937586117075
2021-09-19T20:00:00.0;-0.050345651118782454
2021-09-19T21:00:00.0;-0.04955356089088617
2021-09-19T22:00:00.0;-0.04784301532779934
2021-09-19T23:00:00.0;-0.03786445223129031
2021-09-20T00:00:00.0;-0.008306363630787324
2021-09-20T01:00:00.0;-0.008025401352587488
2021-09-20T02:00:00.0;-0.007738447011099299
2021-09-20T03:00:00.0;-0.007483546587949263
2021-09-20T04:00:00.0;-0.036579012558124444
2021-09-20T05:00:00.0;-0.037579036009571166
2021-09-20T06:00:00.0;-0.0397837567246344
2021-09-20T07:00:00.0;-0.03884412396458438
2021-09-20T08:00:00.0;-0.035087853734080805
2021-09-20T09:00:00.0;-0.00626725678562528
2021-09-20T10:00:00.0;-0.005656448672271023
2021-09-20T11:00:00.0;-0.005378221893787971
2021-09-20T12:00:00.0;-0.00559125466533876
2021-09-20T13:00:00.0;-0.005855981145334109
2021-09-20T14:00:00.0;-0.006293967938142812
2021-09-20T15:00:00.0;-0.03435807420774343
2021-09-20T16:00:00.0;-0.039706352257591164
2021-09-20T17:00:00.0;-0.043936925024611787
2021-09-20T18:00:00.0;-0.04826764577019497
2021-09-20T19:00:00.0;-0.051291000389260426
2021-09-20T20:00:00.0;-0.050723968157710006
2021-09-20T21:00:00.0;-0.04911036115867548
2021-09-20T22:00:00.0;-0.04733880047460209
2021-09-20T23:00:00.0;-0.04509183057313631
2021-09-21T00:00:00.0;-0.0239314868662623
2021-09-21T01:00:00.0;-0.014180712516837796
2021-09-21T02:00:00.0;-0.013627056092625975
2021-09-21T03:00:00.0;-0.01315918430120909
2021-09-21T04:00:00.0;-0.029232900929623235
2021-09-21T05:00:00.0;-0.029598485796536147
2021-09-21T06:00:00.0;-0.030656257097129144
2021-09-21T07:00:00.0;-0.030165582458506465
2021-09-21T08:00:00.0;-0.02795024108459429
2021-09-21T09:00:00.0;-0.011180373462275316
2021-09-21T10:00:00.0;-0.01035921338806772
2021-09-21T11:00:00.0;-0.009989113059602303
2021-09-21T12:00:00.0;-0.01017521647747043
2021-09-21T13:00:00.0;-0.01051718126231515
2021-09-21T14:00:00.0;-0.011092267861036906
2021-09-21T15:00:00.0;-0.027597094096966413
2021-09-21T16:00:00.0;-0.04023657144287782
2021-09-21T17:00:00.0;-0.04448519109176515
2021-09-21T18:00:00.0;-0.047887866867070764
2021-09-21T19:00:00.0;-0.050442015812756424
2021-09-21T20:00:00.0;-0.05064845704444424
2021-09-21T21:00:00.0;-0.049575076207266644
2021-09-21T22:00:00.0;-0.04788390817480749
2021-09-21T23:00:00.0;-0.045565761720508594
2021-09-22T00:00:00.0;-0.02041932672745249
2021-09-22T01:00:00.0;-0.017241138661512126
2021-09-22T02:00:00.0;-0.01657060580583612
2021-09-22T03:00:00.0;-0.015998782508095975
2021-09-22T04:00:00.0;-0.021739885626929883
2021-09-22T05:00:00.0;-0.021770418363387223
2021-09-22T06:00:00.0;-0.02563475089645816
2021-09-22T07:00:00.0;-0.02230833397406548
2021-09-22T08:00:00.0;-0.021249879868206836
2021-09-22T09:00:00.0;-0.01484293632153007
2021-09-22T10:00:00.0;-0.014898869253872578
2021-09-22T11:00:00.0;-0.012152005616771622
2021-09-22T12:00:00.0;-0.0121330016612318
2021-09-22T13:00:00.0;-0.012368325443108185
2021-09-22T14:00:00.0;-0.013447585295612418
2021-09-22T15:00:00.0;-0.02047355813846775
2021-09-22T16:00:00.0;-0.02319916919698352
2021-09-22T17:00:00.0;-0.02577148135023754
2021-09-22T18:00:00.0;-0.027619786419052265
2021-09-22T19:00:00.0;-0.04319059119943967
2021-09-22T20:00:00.0;-0.02951627593259204
2021-09-22T21:00:00.0;-0.029410520703824678
2021-09-22T22:00:00.0;-0.028428520707841357
2021-09-22T23:00:00.0;-0.026540032933012166
2021-09-23T00:00:00.0;-0.009407192660891177
2021-09-23T01:00:00.0;-0.008278192972510808
2021-09-23T02:00:00.0;-0.00487316162675341
2021-09-23T03:00:00.0;-0.004695446512831482
2021-09-23T04:00:00.0;-0.009186233073726957
2021-09-23T05:00:00.0;-0.012436617238040145
2021-09-23T06:00:00.0;-0.012908647642812951
2021-09-23T07:00:00.0;-0.012864294655107735
2021-09-23T08:00:00.0;-0.011971046757451071
2021-09-23T09:00:00.0;-0.006817474663721963
2021-09-23T10:00:00.0;-0.006415742221736717
2021-09-23T11:00:00.0;-0.004828563628635262
2021-09-23T12:00:00.0;-0.004910889877034813
2021-09-23T13:00:00.0;-0.005068988213361326
2021-09-23T14:00:00.0;-0.006921289539421749
2021-09-23T15:00:00.0;-0.012187641748830169
2021-09-23T16:00:00.0;-0.014505019883466105
2021-09-23T17:00:00.0;-0.034442666710861415
2021-09-23T18:00:00.0;-0.03669325269239638
2021-09-23T19:00:00.0;-0.03767033450629111
2021-09-23T20:00:00.0;-0.037791409102789185
2021-09-23T21:00:00.0;-0.03675204761856034
2021-09-23T22:00:00.0;-0.03544117575276192
2021-09-23T23:00:00.0;-0.0153209582559622
2021-09-24T00:00:00.0;-0.019975530759666564
2021-09-24T01:00:00.0;-0.014055092619320557
2021-09-24T02:00:00.0;-0.013374593876684007
2021-09-24T03:00:00.0;-0.012906908662865164
2021-09-24T04:00:00.0;-0.019330839200148442
2021-09-24T05:00:00.0;-0.019562919819889644
2021-09-24T06:00:00.0;-0.020133977095722434
2021-09-24T07:00:00.0;-0.020192720692872007
2021-09-24T08:00:00.0;-0.019054503347994783
2021-09-24T09:00:00.0;-0.013252332743592846
2021-09-24T10:00:00.0;-0.014832413272656931
2021-09-24T11:00:00.0;-0.008595894215909483
2021-09-24T12:00:00.0;-0.008733533583993206
2021-09-24T13:00:00.0;-0.008927523070256025
2021-09-24T14:00:00.0;-0.011491287024274259
2021-09-24T15:00:00.0;-0.019040468891506918
2021-09-24T16:00:00.0;-0.021292958895300248
2021-09-24T17:00:00.0;-0.024294363168377475
2021-09-24T18:00:00.0;-0.02603596338070357
2021-09-24T19:00:00.0;-0.02711335575422476
2021-09-24T20:00:00.0;-0.027375112409487704
2021-09-24T21:00:00.0;-0.02685914616288552
2021-09-24T22:00:00.0;-0.025970226157507482
2021-09-24T23:00:00.0;-0.022808987913200806
2021-09-25T00:00:00.0;-0.010386664334220938
2021-09-25T01:00:00.0;-0.010008957684772295
2021-09-25T02:00:00.0;-0.009664678745436299
2021-09-25T03:00:00.0;-0.009344821113126291
2021-09-25T04:00:00.0;-0.03673890615507835
2021-09-25T05:00:00.0;-0.03765142940269906
2021-09-25T06:00:00.0;-0.03981209404122078
2021-09-25T07:00:00.0;-0.03918030835874993
2021-09-25T08:00:00.0;-0.03570427690176919
2021-09-25T09:00:00.0;-0.008038116293017757
2021-09-25T10:00:00.0;-0.007285833555431612
2021-09-25T11:00:00.0;-0.0069319631813133656
2021-09-25T12:00:00.0;-0.007095910013461041
2021-09-25T13:00:00.0;-0.007409627886128809
2021-09-25T14:00:00.0;-0.007937798365766864
2021-09-25T15:00:00.0;-0.03488318255985174
2021-09-25T16:00:00.0;-0.040139352161665455
2021-09-25T17:00:00.0;-0.04445717589308226
2021-09-25T18:00:00.0;-0.048579041252351476
2021-09-25T19:00:00.0;-0.05146454435228412
2021-09-25T20:00:00.0;-0.05091904598310586
2021-09-25T21:00:00.0;-0.04936788618834161
2021-09-25T22:00:00.0;-0.04760754296358642
2021-09-25T23:00:00.0;-0.04526365381605204
2021-09-26T00:00:00.0;-0.02020395095853961
2021-09-26T01:00:00.0;-0.011776161659900737
2021-09-26T02:00:00.0;-0.011323254929895726
2021-09-26T03:00:00.0;-0.010936959652059297
2021-09-26T04:00:00.0;-0.02788935794817076
2021-09-26T05:00:00.0;-0.028286236568410464
2021-09-26T06:00:00.0;-0.029935422127091393
2021-09-26T07:00:00.0;-0.028662425911943307
2021-09-26T08:00:00.0;-0.026353527513554496
2021-09-26T09:00:00.0;-0.009138976025015273
2021-09-26T10:00:00.0;-0.008451921825562814
2021-09-26T11:00:00.0;-0.00809106001271004
2021-09-26T12:00:00.0;-0.008264583992640651
2021-09-26T13:00:00.0;-0.008555865669518076
2021-09-26T14:00:00.0;-0.00906071909607992
2021-09-26T15:00:00.0;-0.02595771269109893
2021-09-26T16:00:00.0;-0.03726400702864791
2021-09-26T17:00:00.0;-0.041188197952171414
2021-09-26T18:00:00.0;-0.04463175330410619
2021-09-26T19:00:00.0;-0.0499358026255049
2021-09-26T20:00:00.0;-0.04750452594510606
2021-09-26T21:00:00.0;-0.04656468435851012
2021-09-26T22:00:00.0;-0.0449486980559587
2021-09-26T23:00:00.0;-0.04270827562848458
2021-09-27T00:00:00.0;-0.019945981016973126
2021-09-27T01:00:00.0;-0.016288543695970877
2021-09-27T02:00:00.0;-0.01456650278504049
2021-09-27T03:00:00.0;-0.014047384313042206
2021-09-27T04:00:00.0;-0.013723702189218801
2021-09-27T05:00:00.0;-0.014871524907229355
2021-09-27T06:00:00.0;-0.015295938824109777
2021-09-27T07:00:00.0;-0.015484391587140099
2021-09-27T08:00:00.0;-0.014748414380207589
2021-09-27T09:00:00.0;-0.014717944898821661
2021-09-27T10:00:00.0;-0.015287809734915092
2021-09-27T11:00:00.0;-0.010275453675931138
2021-09-27T12:00:00.0;-0.010375975288632933
2021-09-27T13:00:00.0;-0.01058582258325031
2021-09-27T14:00:00.0;-0.013635326682533712
2021-09-27T15:00:00.0;-0.014795074685119711
2021-09-27T16:00:00.0;-0.016441104359389367
2021-09-27T17:00:00.0;-0.02458820651034564
2021-09-27T18:00:00.0;-0.026035681821715367
2021-09-27T19:00:00.0;-0.02684040844340406
2021-09-27T20:00:00.0;-0.027166647319538006
2021-09-27T21:00:00.0;-0.026657996361484783
2021-09-27T22:00:00.0;-0.025751329397989797
2021-09-27T23:00:00.0;-0.01732471984160828
2021-09-28T00:00:00.0;-0.015897616418691855
2021-09-28T01:00:00.0;-0.014494070627420233
2021-09-28T02:00:00.0;-0.013812027363294711
2021-09-28T03:00:00.0;-0.013331096248979164
2021-09-28T04:00:00.0;-0.01292584976089018
2021-09-28T05:00:00.0;-0.013800272636125514
2021-09-28T06:00:00.0;-0.018845413366117475
2021-09-28T07:00:00.0;-0.018207185022626343
2021-09-28T08:00:00.0;-0.017606618643009615
2021-09-28T09:00:00.0;-0.01636095066835032
2021-09-28T10:00:00.0;-0.015245289042239315
2021-09-28T11:00:00.0;-0.014539164623413576
2021-09-28T12:00:00.0;-0.011120198952489443
2021-09-28T13:00:00.0;-0.011273712913459645
2021-09-28T14:00:00.0;-0.011853849750937229
2021-09-28T15:00:00.0;-0.016641377764263023
2021-09-28T16:00:00.0;-0.018874552282000027
2021-09-28T17:00:00.0;-0.02619454446861822
2021-09-28T18:00:00.0;-0.027816997906209426
2021-09-28T19:00:00.0;-0.049054175420946075
2021-09-28T20:00:00.0;-0.029720927447459102
2021-09-28T21:00:00.0;-0.02979038929238113
2021-09-28T22:00:00.0;-0.028757855376540558
2021-09-28T23:00:00.0;-0.017030529622894332
2021-09-29T00:00:00.0;-0.0188450409938563
2021-09-29T01:00:00.0;-0.008464456455047278
2021-09-29T02:00:00.0;-0.006172248036283503
2021-09-29T03:00:00.0;-0.005942630416592039
2021-09-29T04:00:00.0;-0.0057918599425664154
2021-09-29T05:00:00.0;-0.007675406873180564
2021-09-29T06:00:00.0;-0.007813281187523712
2021-09-29T07:00:00.0;-0.007817020850128718
2021-09-29T08:00:00.0;-0.007415541134327843
2021-09-29T09:00:00.0;-0.010144052174110846
2021-09-29T10:00:00.0;-0.014329613304058684
2021-09-29T11:00:00.0;-0.004644568703103138
2021-09-29T12:00:00.0;-0.004693796765187081
2021-09-29T13:00:00.0;-0.0047852668444958064
2021-09-29T14:00:00.0;-0.007046664290571233
2021-09-29T15:00:00.0;-0.00761851348644829
2021-09-29T16:00:00.0;-0.008422862534655219
2021-09-29T17:00:00.0;-0.02090134034322634
2021-09-29T18:00:00.0;-0.022314802081305252
2021-09-29T19:00:00.0;-0.022874331892510875
2021-09-29T20:00:00.0;-0.023099883943827244
2021-09-29T21:00:00.0;-0.0226751495367405
2021-09-29T22:00:00.0;-0.02198837749980927
2021-09-29T23:00:00.0;-0.007239749928242028
2021-09-30T00:00:00.0;-0.017965611509612196
2021-09-30T01:00:00.0;-0.008415918652105192
2021-09-30T02:00:00.0;-0.006019002359793822
2021-09-30T03:00:00.0;-0.005795241815636904
2021-09-30T04:00:00.0;-0.005650543586392653
2021-09-30T05:00:00.0;-0.007690335487518422
2021-09-30T06:00:00.0;-0.007840772430032426
2021-09-30T07:00:00.0;-0.008078333327849544
2021-09-30T08:00:00.0;-0.007661820932932367
2021-09-30T09:00:00.0;-0.010098329790082789
2021-09-30T10:00:00.0;-0.013883232892399115
2021-09-30T11:00:00.0;-0.004875648605072075
2021-09-30T12:00:00.0;-0.0047319023037641055
2021-09-30T13:00:00.0;-0.004827189847018909
2021-09-30T14:00:00.0;-0.007058473468231331
2021-09-30T15:00:00.0;-0.007860244800503997
2021-09-30T16:00:00.0;-0.008695938716687123
2021-09-30T17:00:00.0;-0.022123445183201317
2021-09-30T18:00:00.0;-0.02359426753244088
2021-09-30T19:00:00.0;-0.024167984938046682
2021-09-30T20:00:00.0;-0.024393364431866727
2021-09-30T21:00:00.0;-0.02392725204292148
2021-09-30T22:00:00.0;-0.023192068738441537
2021-09-30T23:00:00.0;-0.007401906344545955
2021-10-01T00:00:00.0;-0.008739476738106116
2021-10-01T01:00:00.0;-0.008445395434336596
2021-10-01T02:00:00.0;-0.0033919941032369387
2021-10-01T03:00:00.0;-0.0032636469594694963
2021-10-01T04:00:00.0;-0.003197105603612844
2021-10-01T05:00:00.0;-0.00788764876180098
2021-10-01T06:00:00.0;-0.008185100283737484
2021-10-01T07:00:00.0;-0.00821339330038014
2021-10-01T08:00:00.0;-0.0077331479808072055
2021-10-01T09:00:00.0;-0.007171631459768791
2021-10-01T10:00:00.0;-0.006823166060765743
2021-10-01T11:00:00.0;-0.0055503530069209725
2021-10-01T12:00:00.0;-0.00559783857460936
2021-10-01T13:00:00.0;-0.005770843948220696
2021-10-01T14:00:00.0;-0.007278077487929437
2021-10-01T15:00:00.0;-0.007935673497745517
2021-10-01T16:00:00.0;-0.008824783184019127
2021-10-01T17:00:00.0;-0.038589265383821986
2021-10-01T18:00:00.0;-0.04065998804985173
2021-10-01T19:00:00.0;-0.041126721348937946
2021-10-01T20:00:00.0;-0.041079267993186196
2021-10-01T21:00:00.0;-0.0399000359290147
2021-10-01T22:00:00.0;-0.03851992506087692
2021-10-01T23:00:00.0;-0.009007280426270832
2021-10-02T00:00:00.0;-0.02864251614439044
2021-10-02T01:00:00.0;-0.00856905076092195
2021-10-02T02:00:00.0;-0.008235518690212794
2021-10-02T03:00:00.0;-0.00792993876529253
2021-10-02T04:00:00.0;-0.008539867475889657
2021-10-02T05:00:00.0;-0.008400129135518686
2021-10-02T06:00:00.0;-0.008409992304129784
2021-10-02T07:00:00.0;-0.008396306220933313
2021-10-02T08:00:00.0;-0.008057378249378596
2021-10-02T09:00:00.0;-0.013073242880560667
2021-10-02T10:00:00.0;-0.02156887940980263
2021-10-02T11:00:00.0;-0.004556546894372947
2021-10-02T12:00:00.0;-0.004597544160921374
2021-10-02T13:00:00.0;-0.004643922093832243
2021-10-02T14:00:00.0;-0.006975273446622897
2021-10-02T15:00:00.0;-0.008290587387894682
2021-10-02T16:00:00.0;-0.009096056678104555
2021-10-02T17:00:00.0;-0.010039098363925808
2021-10-02T18:00:00.0;-0.010816793162370698
2021-10-02T19:00:00.0;-0.011171720908865541
2021-10-02T20:00:00.0;-0.011337118744664868
2021-10-02T21:00:00.0;-0.011221914907842091
2021-10-02T22:00:00.0;-0.010934931252349104
2021-10-02T23:00:00.0;-0.0065660156821481476
2021-10-03T00:00:00.0;-0.021281546766430712
2021-10-03T01:00:00.0;-0.007599137958525626
2021-10-03T02:00:00.0;-0.008171539646329449
2021-10-03T03:00:00.0;-0.007879135596400997
2021-10-03T04:00:00.0;-0.009846438440514046
2021-10-03T05:00:00.0;-0.009731129876804547
2021-10-03T06:00:00.0;-0.012455625161379843
2021-10-03T07:00:00.0;-0.014073595878554827
2021-10-03T08:00:00.0;-0.013598337389661397
2021-10-03T09:00:00.0;-0.014727884457210053
2021-10-03T10:00:00.0;-0.01952166179670159
2021-10-03T11:00:00.0;-0.009276845679605275
2021-10-03T12:00:00.0;-0.005643729182723953
2021-10-03T13:00:00.0;-0.005693675713520228
2021-10-03T14:00:00.0;-0.0066274784439889324
2021-10-03T15:00:00.0;-0.013296050208023194
2021-10-03T16:00:00.0;-0.014856455447389876
2021-10-03T17:00:00.0;-0.016551098987810164
2021-10-03T18:00:00.0;-0.017803473235532927
2021-10-03T19:00:00.0;-0.030115448230316238
2021-10-03T20:00:00.0;-0.018918093293279658
2021-10-03T21:00:00.0;-0.01888778654649996
2021-10-03T22:00:00.0;-0.018337792529579965
2021-10-03T23:00:00.0;-0.009709099605651037
2021-10-04T00:00:00.0;-0.008719645484245747
2021-10-04T01:00:00.0;-0.0076042286809626936
2021-10-04T02:00:00.0;-0.005096847020232469
2021-10-04T03:00:00.0;-0.004911942431789148
2021-10-04T04:00:00.0;-0.004810162366843373
2021-10-04T05:00:00.0;-0.007806675373293379
2021-10-04T06:00:00.0;-0.008077999440667285
2021-10-04T07:00:00.0;-0.012333825150325623
2021-10-04T08:00:00.0;-0.011693765932760652
2021-10-04T09:00:00.0;-0.010822331994846458
2021-10-04T10:00:00.0;-0.010212725314508682
2021-10-04T11:00:00.0;-0.008079464984384183
2021-10-04T12:00:00.0;-0.004740090796566321
2021-10-04T13:00:00.0;-0.004856790149226556
2021-10-04T14:00:00.0;-0.007096356847248169
2021-10-04T15:00:00.0;-0.011725020576577596
2021-10-04T16:00:00.0;-0.013079989946193636
2021-10-04T17:00:00.0;-0.03245609471701594
2021-10-04T18:00:00.0;-0.03428316794423425
2021-10-04T19:00:00.0;-0.034983092867930936
2021-10-04T20:00:00.0;-0.03523964124399117
2021-10-04T21:00:00.0;-0.03434338860855223
2021-10-04T22:00:00.0;-0.033107237771139185
2021-10-04T23:00:00.0;-0.009109126583325362
2021-10-05T00:00:00.0;-0.010052305387386891
2021-10-05T01:00:00.0;-0.008441815679114506
2021-10-05T02:00:00.0;-0.0037996206253321616
2021-10-05T03:00:00.0;-0.003656316028387621
2021-10-05T04:00:00.0;-0.0035795787105746346
2021-10-05T05:00:00.0;-0.00785409251760242
2021-10-05T06:00:00.0;-0.00812962880755387
2021-10-05T07:00:00.0;-0.008153906859261931
2021-10-05T08:00:00.0;-0.00768211060394824
2021-10-05T09:00:00.0;-0.0075582824036238335
2021-10-05T10:00:00.0;-0.007812566558271353
2021-10-05T11:00:00.0;-0.00538268969226117
2021-10-05T12:00:00.0;-0.0054315497235403855
2021-10-05T13:00:00.0;-0.005591113829455064
2021-10-05T14:00:00.0;-0.007237108926529997
2021-10-05T15:00:00.0;-0.007883696595784636
2021-10-05T16:00:00.0;-0.008762021723066338
2021-10-05T17:00:00.0;-0.03589024155539798
2021-10-05T18:00:00.0;-0.037890413307444054
2021-10-05T19:00:00.0;-0.038406866460809284
2021-10-05T20:00:00.0;-0.038429721398860306
2021-10-05T21:00:00.0;-0.037381672199874316
2021-10-05T22:00:00.0;-0.03610798482387692
2021-10-05T23:00:00.0;-0.008779572781697878
2021-10-06T00:00:00.0;-0.008732076966571859
2021-10-06T01:00:00.0;-0.008444076945880744
2021-10-06T02:00:00.0;-0.003324239596974897
2021-10-06T03:00:00.0;-0.003198278816777924
2021-10-06T04:00:00.0;-0.003619982278630802
2021-10-06T05:00:00.0;-0.008350174714159239
2021-10-06T06:00:00.0;-0.010551790446449574
2021-10-06T07:00:00.0;-0.008621473340324523
2021-10-06T08:00:00.0;-0.008145112439721849
2021-10-06T09:00:00.0;-0.007095048109395763
2021-10-06T10:00:00.0;-0.006735398340303415
2021-10-06T11:00:00.0;-0.006538417791546896
2021-10-06T12:00:00.0;-0.006538072076670859
2021-10-06T13:00:00.0;-0.00673406338205279
2021-10-06T14:00:00.0;-0.0070898741625143
2021-10-06T15:00:00.0;-0.00824394998474293
2021-10-06T16:00:00.0;-0.009222538840372368
2021-10-06T17:00:00.0;-0.03905593807499422
2021-10-06T18:00:00.0;-0.04124480578535888
2021-10-06T19:00:00.0;-0.049648731722569193
2021-10-06T20:00:00.0;-0.04194697557598974
2021-10-06T21:00:00.0;-0.041093334795702444
2021-10-06T22:00:00.0;-0.039702447405530576
2021-10-06T23:00:00.0;-0.009622981412118816
2021-10-07T00:00:00.0;-0.031106532687166923
2021-10-07T01:00:00.0;-0.02149632877466046
2021-10-07T02:00:00.0;-0.02062968012590695
2021-10-07T03:00:00.0;-0.019912734249629818
2021-10-07T04:00:00.0;-0.03050078438664261
2021-10-07T05:00:00.0;-0.03066853149733393
2021-10-07T06:00:00.0;-0.03169519847623606
2021-10-07T07:00:00.0;-0.031754505838347644
2021-10-07T08:00:00.0;-0.030209818172489154
2021-10-07T09:00:00.0;-0.01783218603481662
2021-10-07T10:00:00.0;-0.01668388844004448
2021-10-07T11:00:00.0;-0.016091981429132898
2021-10-07T12:00:00.0;-0.0161718621147306
2021-10-07T13:00:00.0;-0.016590483022319132
2021-10-07T14:00:00.0;-0.017355351340614583
2021-10-07T15:00:00.0;-0.029604290794546358
2021-10-07T16:00:00.0;-0.04170971382424759
2021-10-07T17:00:00.0;-0.04625482756920156
2021-10-07T18:00:00.0;-0.0489973423357393
2021-10-07T19:00:00.0;-0.05111133621606412
2021-10-07T20:00:00.0;-0.051326092081915825
2021-10-07T21:00:00.0;-0.05043262511088305
2021-10-07T22:00:00.0;-0.04877779255012904
2021-10-07T23:00:00.0;-0.04651306313602227
2021-10-08T00:00:00.0;-0.017338536245617417
2021-10-08T01:00:00.0;-0.01670177987870002
2021-10-08T02:00:00.0;-0.0160725213392756
2021-10-08T03:00:00.0;-0.015532476958764169
2021-10-08T04:00:00.0;-0.037120263272301196
2021-10-08T05:00:00.0;-0.03775433369508188
2021-10-08T06:00:00.0;-0.03989214332799367
2021-10-08T07:00:00.0;-0.03964522720702756
2021-10-08T08:00:00.0;-0.037056054172403735
2021-10-08T09:00:00.0;-0.013853720666202265
2021-10-08T10:00:00.0;-0.012709351845170906
2021-10-08T11:00:00.0;-0.012119585879475736
2021-10-08T12:00:00.0;-0.012343256891239874
2021-10-08T13:00:00.0;-0.01277988134330333
2021-10-08T14:00:00.0;-0.013563531149186757
2021-10-08T15:00:00.0;-0.035988714943711975
2021-10-08T16:00:00.0;-0.04090049848840794
2021-10-08T17:00:00.0;-0.045416920321096135
2021-10-08T18:00:00.0;-0.04885593043399434
2021-10-08T19:00:00.0;-0.05190255507162773
2021-10-08T20:00:00.0;-0.05086707291542778
2021-10-08T21:00:00.0;-0.049565204036680695
2021-10-08T22:00:00.0;-0.04786194238060306
2021-10-08T23:00:00.0;-0.0456868793680892
2021-10-09T00:00:00.0;-0.011422608019322641
2021-10-09T01:00:00.0;-0.008861879125700578
2021-10-09T02:00:00.0;-0.0085389352219024
2021-10-09T03:00:00.0;-0.00825509084193621
2021-10-09T04:00:00.0;-0.03469494722311604
2021-10-09T05:00:00.0;-0.035540633338687885
2021-10-09T06:00:00.0;-0.03743556850783532
2021-10-09T07:00:00.0;-0.03655809015329852
2021-10-09T08:00:00.0;-0.033140781242745034
2021-10-09T09:00:00.0;-0.006901783289936822
2021-10-09T10:00:00.0;-0.00626315864019862
2021-10-09T11:00:00.0;-0.0059758366387223805
2021-10-09T12:00:00.0;-0.006189834433192521
2021-10-09T13:00:00.0;-0.006466773328010645
2021-10-09T14:00:00.0;-0.006924090198454224
2021-10-09T15:00:00.0;-0.0325410901470169
2021-10-09T16:00:00.0;-0.03970009885274124
2021-10-09T17:00:00.0;-0.04390787356681667
2021-10-09T18:00:00.0;-0.048073675520172575
2021-10-09T19:00:00.0;-0.051023403059613975
2021-10-09T20:00:00.0;-0.050643500847552994
2021-10-09T21:00:00.0;-0.04914463154173685
2021-10-09T22:00:00.0;-0.04738926870525819
2021-10-09T23:00:00.0;-0.04512011146954302
2021-10-10T00:00:00.0;-0.017343830604325563
2021-10-10T01:00:00.0;-0.016700065242959854
2021-10-10T02:00:00.0;-0.016056158181022177
2021-10-10T03:00:00.0;-0.015511248843906577
2021-10-10T04:00:00.0;-0.024854265324441523
2021-10-10T05:00:00.0;-0.025021185102028453
2021-10-10T06:00:00.0;-0.029594772205270774
2021-10-10T07:00:00.0;-0.025665326027670743
2021-10-10T08:00:00.0;-0.024246612910828632
2021-10-10T09:00:00.0;-0.013476651737626742
2021-10-10T10:00:00.0;-0.012407508710275418
2021-10-10T11:00:00.0;-0.011835716400374252
2021-10-10T12:00:00.0;-0.011837778891867825
2021-10-10T13:00:00.0;-0.012121176910579158
2021-10-10T14:00:00.0;-0.012837106196742066
2021-10-10T15:00:00.0;-0.023124981343304412
2021-10-10T16:00:00.0;-0.026448676458006904
2021-10-10T17:00:00.0;-0.029422073882380616
2021-10-10T18:00:00.0;-0.031658322050798056
2021-10-10T19:00:00.0;-0.04954310268008763
2021-10-10T20:00:00.0;-0.033953147270050436
2021-10-10T21:00:00.0;-0.033807500478709646
2021-10-10T22:00:00.0;-0.03263282040741927
2021-10-10T23:00:00.0;-0.030986887674254546
2021-10-11T00:00:00.0;-0.019804489809825597
2021-10-11T01:00:00.0;-0.017631325915600744
2021-10-11T02:00:00.0;-0.016389652148479057
2021-10-11T03:00:00.0;-0.01581189045585761
2021-10-11T04:00:00.0;-0.017007776957418196
2021-10-11T05:00:00.0;-0.01814683699679296
2021-10-11T06:00:00.0;-0.021945961058829812
2021-10-11T07:00:00.0;-0.02201147673340829
2021-10-11T08:00:00.0;-0.02137788606368621
2021-10-11T09:00:00.0;-0.018724957467630976
2021-10-11T10:00:00.0;-0.017933829386071097
2021-10-11T11:00:00.0;-0.016548128386920557
2021-10-11T12:00:00.0;-0.01378621893235778
2021-10-11T13:00:00.0;-0.014007642060202795
2021-10-11T14:00:00.0;-0.014680992877380578
2021-10-11T15:00:00.0;-0.0204675259344411
2021-10-11T16:00:00.0;-0.02299264862349916
2021-10-11T17:00:00.0;-0.03230266160254994
2021-10-11T18:00:00.0;-0.0340833532490792
2021-10-11T19:00:00.0;-0.04921226723280412
2021-10-11T20:00:00.0;-0.035776903602848076
2021-10-11T21:00:00.0;-0.0356095772736529
2021-10-11T22:00:00.0;-0.03442160238724036
2021-10-11T23:00:00.0;-0.022037971213135565
2021-10-12T00:00:00.0;-0.017466487841331688
2021-10-12T01:00:00.0;-0.016822683257389896
2021-10-12T02:00:00.0;-0.013501204373436196
2021-10-12T03:00:00.0;-0.01301023442755914
2021-10-12T04:00:00.0;-0.015111612762303767
2021-10-12T05:00:00.0;-0.017947479460258972
2021-10-12T06:00:00.0;-0.018640521239875318
2021-10-12T07:00:00.0;-0.018894248158303865
2021-10-12T08:00:00.0;-0.01803744229748638
2021-10-12T09:00:00.0;-0.01454356840486253
2021-10-12T10:00:00.0;-0.013740764389128399
2021-10-12T11:00:00.0;-0.012132902170489165
2021-10-12T12:00:00.0;-0.012190041216438902
2021-10-12T13:00:00.0;-0.012505357906911107
2021-10-12T14:00:00.0;-0.014400325107167065
2021-10-12T15:00:00.0;-0.018071150278805754
2021-10-12T16:00:00.0;-0.02008489976331523
2021-10-12T17:00:00.0;-0.03825848187297166
2021-10-12T18:00:00.0;-0.04020525527967499
2021-10-12T19:00:00.0;-0.041054044361326585
2021-10-12T20:00:00.0;-0.04108223503481506
2021-10-12T21:00:00.0;-0.04011312598486292
2021-10-12T22:00:00.0;-0.03874692947109243
2021-10-12T23:00:00.0;-0.021118318235799353
2021-10-13T00:00:00.0;-0.023650067685513792
2021-10-13T01:00:00.0;-0.02244252850683071
2021-10-13T02:00:00.0;-0.021451721558270388
2021-10-13T03:00:00.0;-0.020709502773350465
2021-10-13T04:00:00.0;-0.02590455157505476
2021-10-13T05:00:00.0;-0.026337892856666927
2021-10-13T06:00:00.0;-0.029911841373804142
2021-10-13T07:00:00.0;-0.029086055115971624
2021-10-13T08:00:00.0;-0.028204693917695953
2021-10-13T09:00:00.0;-0.020863908287668542
2021-10-13T10:00:00.0;-0.019454652912693236
2021-10-13T11:00:00.0;-0.018590149137467628
2021-10-13T12:00:00.0;-0.01723360980250087
2021-10-13T13:00:00.0;-0.01755262816285329
2021-10-13T14:00:00.0;-0.018409486587619473
2021-10-13T15:00:00.0;-0.026917790487078742
2021-10-13T16:00:00.0;-0.030255952201477834
2021-10-13T17:00:00.0;-0.03593479531403399
2021-10-13T18:00:00.0;-0.03792042297045882
2021-10-13T19:00:00.0;-0.05083804459895203
2021-10-13T20:00:00.0;-0.03978986404932364
2021-10-13T21:00:00.0;-0.03950304140088015
2021-10-13T22:00:00.0;-0.03818571647514572
2021-10-13T23:00:00.0;-0.032409992060618974
2021-10-14T00:00:00.0;-0.027526867066073317
2021-10-14T01:00:00.0;-0.01960978731981492
2021-10-14T02:00:00.0;-0.018169264092672447
2021-10-14T03:00:00.0;-0.017515274663584497
2021-10-14T04:00:00.0;-0.018935068069504138
2021-10-14T05:00:00.0;-0.019531607449239357
2021-10-14T06:00:00.0;-0.020025192700822394
2021-10-14T07:00:00.0;-0.02036488519413685
2021-10-14T08:00:00.0;-0.019707939070681087
2021-10-14T09:00:00.0;-0.019212390715630037
2021-10-14T10:00:00.0;-0.02161455813263977
2021-10-14T11:00:00.0;-0.01402460580436695
2021-10-14T12:00:00.0;-0.014051564912958335
2021-10-14T13:00:00.0;-0.014283804426142984
2021-10-14T14:00:00.0;-0.01651782926307979
2021-10-14T15:00:00.0;-0.019655723654708985
2021-10-14T16:00:00.0;-0.021694116225820063
2021-10-14T17:00:00.0;-0.02793996591708631
2021-10-14T18:00:00.0;-0.029488325838060003
2021-10-14T19:00:00.0;-0.030318951416410434
2021-10-14T20:00:00.0;-0.03052119307684962
2021-10-14T21:00:00.0;-0.03004790940380548
2021-10-14T22:00:00.0;-0.02913171245165007
2021-10-14T23:00:00.0;-0.022463454732246053
2021-10-15T00:00:00.0;-0.013182090157592734
2021-10-15T01:00:00.0;-0.012725543415575483
2021-10-15T02:00:00.0;-0.00927419682067254
2021-10-15T03:00:00.0;-0.008938362525687922
2021-10-15T04:00:00.0;-0.020593096070488277
2021-10-15T05:00:00.0;-0.02399920161359247
2021-10-15T06:00:00.0;-0.02513272032987762
2021-10-15T07:00:00.0;-0.02516854822833518
2021-10-15T08:00:00.0;-0.023693652239263997
2021-10-15T09:00:00.0;-0.010803046045437395
2021-10-15T10:00:00.0;-0.010127749463293529
2021-10-15T11:00:00.0;-0.009767134624252112
2021-10-15T12:00:00.0;-0.00986615037853837
2021-10-15T13:00:00.0;-0.010202641588983938
2021-10-15T14:00:00.0;-0.010767131694193932
2021-10-15T15:00:00.0;-0.023706795057671357
2021-10-15T16:00:00.0;-0.02658315504694356
2021-10-15T17:00:00.0;-0.04718615456648081
2021-10-15T18:00:00.0;-0.05006863711615301
2021-10-15T19:00:00.0;-0.05135936196155972
2021-10-15T20:00:00.0;-0.050860432434272435
2021-10-15T21:00:00.0;-0.049406881016641736
2021-10-15T22:00:00.0;-0.04774119495094677
2021-10-15T23:00:00.0;-0.028005990085515485
2021-10-16T00:00:00.0;-0.025332131633241307
2021-10-16T01:00:00.0;-0.024340775008250826
2021-10-16T02:00:00.0;-0.023379829148151197
2021-10-16T03:00:00.0;-0.022579310523733465
2021-10-16T04:00:00.0;-0.033376320679677926
2021-10-16T05:00:00.0;-0.03356139663992035
2021-10-16T06:00:00.0;-0.036463337066720884
2021-10-16T07:00:00.0;-0.03543194666346463
2021-10-16T08:00:00.0;-0.034120312289228766
2021-10-16T09:00:00.0;-0.02095098291573328
2021-10-16T10:00:00.0;-0.019464765008071542
2021-10-16T11:00:00.0;-0.018601192921579097
2021-10-16T12:00:00.0;-0.018570369288467867
2021-10-16T13:00:00.0;-0.01900327855259035
2021-10-16T14:00:00.0;-0.01996609839084752
2021-10-16T15:00:00.0;-0.03275033005094687
2021-10-16T16:00:00.0;-0.03681013106392277
2021-10-16T17:00:00.0;-0.04101016891587064
2021-10-16T18:00:00.0;-0.04338500989426162
2021-10-16T19:00:00.0;-0.05163436444407629
2021-10-16T20:00:00.0;-0.04525356971372431
2021-10-16T21:00:00.0;-0.04463674046533685
2021-10-16T22:00:00.0;-0.04315867272978845
2021-10-16T23:00:00.0;-0.04119732653445507
2021-10-17T00:00:00.0;-0.014932605617933652
2021-10-17T01:00:00.0;-0.008859861924994586
2021-10-17T02:00:00.0;-0.00948569807305359
2021-10-17T03:00:00.0;-0.009162416437960274
2021-10-17T04:00:00.0;-0.028814097513663112
2021-10-17T05:00:00.0;-0.029142310651565053
2021-10-17T06:00:00.0;-0.03038915185531858
2021-10-17T07:00:00.0;-0.03558133676915321
2021-10-17T08:00:00.0;-0.033636850984555884
2021-10-17T09:00:00.0;-0.014336278098823808
2021-10-17T10:00:00.0;-0.015354266355493149
2021-10-17T11:00:00.0;-0.011323668604792465
2021-10-17T12:00:00.0;-0.007347347083475243
2021-10-17T13:00:00.0;-0.007550278992273193
2021-10-17T14:00:00.0;-0.007980951338845148
2021-10-17T15:00:00.0;-0.03257507066564732
2021-10-17T16:00:00.0;-0.036818621490773286
2021-10-17T17:00:00.0;-0.041247917444484895
2021-10-17T18:00:00.0;-0.04441963202454915
2021-10-17T19:00:00.0;-0.0463854443220872
2021-10-17T20:00:00.0;-0.04613181575885083
2021-10-17T21:00:00.0;-0.045013242427420594
2021-10-17T22:00:00.0;-0.04354155095189753
2021-10-17T23:00:00.0;-0.034496775519913224
2021-10-18T00:00:00.0;-0.02205339764903515
2021-10-18T01:00:00.0;-0.019910835475408936
2021-10-18T02:00:00.0;-0.020220560654153036
2021-10-18T03:00:00.0;-0.019525981179362852
2021-10-18T04:00:00.0;-0.01895674016916872
2021-10-18T05:00:00.0;-0.019042044387281614
2021-10-18T06:00:00.0;-0.02191281829091792
2021-10-18T07:00:00.0;-0.026538034598665973
2021-10-18T08:00:00.0;-0.026095484142292038
2021-10-18T09:00:00.0;-0.02456578330033044
2021-10-18T10:00:00.0;-0.02298128385494164
2021-10-18T11:00:00.0;-0.02111812081483162
2021-10-18T12:00:00.0;-0.015532252590800164
2021-10-18T13:00:00.0;-0.015701818461232434
2021-10-18T14:00:00.0;-0.017250183573024918
2021-10-18T15:00:00.0;-0.02466184039068184
2021-10-18T16:00:00.0;-0.02756806623714267
2021-10-18T17:00:00.0;-0.0314555624623223
2021-10-18T18:00:00.0;-0.03296436769902533
2021-10-18T19:00:00.0;-0.04398494547506948
2021-10-18T20:00:00.0;-0.03464614781310733
2021-10-18T21:00:00.0;-0.03442129020423603
2021-10-18T22:00:00.0;-0.033239605228219136
2021-10-18T23:00:00.0;-0.023484807850028003
2021-10-19T00:00:00.0;-0.023889330221780313
2021-10-19T01:00:00.0;-0.008721740803321453
2021-10-19T02:00:00.0;-0.005593254257466683
2021-10-19T03:00:00.0;-0.0053780958378641065
2021-10-19T04:00:00.0;-0.005219536145750693
2021-10-19T05:00:00.0;-0.007819949496391804
2021-10-19T06:00:00.0;-0.007930626716957852
2021-10-19T07:00:00.0;-0.007956536071555468
2021-10-19T08:00:00.0;-0.007665546112471948
2021-10-19T09:00:00.0;-0.012135972403753656
2021-10-19T10:00:00.0;-0.018796412997926584
2021-10-19T11:00:00.0;-0.006217127286192622
2021-10-19T12:00:00.0;-0.006224932782709618
2021-10-19T13:00:00.0;-0.006332512794313208
2021-10-19T14:00:00.0;-0.00738384175431979
2021-10-19T15:00:00.0;-0.007909610777765435
2021-10-19T16:00:00.0;-0.008664422715622648
2021-10-19T17:00:00.0;-0.026120032045338328
2021-10-19T18:00:00.0;-0.027725765008785697
2021-10-19T19:00:00.0;-0.02812885253417651
2021-10-19T20:00:00.0;-0.028182321488484142
2021-10-19T21:00:00.0;-0.027704098383849563
2021-10-19T22:00:00.0;-0.02697707186441896
2021-10-19T23:00:00.0;-0.006495529043888235
2021-10-20T00:00:00.0;-0.01891483342398096
2021-10-20T01:00:00.0;-0.008754110177097933
2021-10-20T02:00:00.0;-0.0038894917336050375
2021-10-20T03:00:00.0;-0.003737730136083852
2021-10-20T04:00:00.0;-0.003635051621258402
2021-10-20T05:00:00.0;-0.007962471906435793
2021-10-20T06:00:00.0;-0.008157598559255134
2021-10-20T07:00:00.0;-0.00820090632279829
2021-10-20T08:00:00.0;-0.00788445603106231
2021-10-20T09:00:00.0;-0.010757600019432274
2021-10-20T10:00:00.0;-0.015171313875366486
2021-10-20T11:00:00.0;-0.007042235610670659
2021-10-20T12:00:00.0;-0.007033901837218657
2021-10-20T13:00:00.0;-0.007195617085198804
2021-10-20T14:00:00.0;-0.007569252842261957
2021-10-20T15:00:00.0;-0.008135140790132321
2021-10-20T16:00:00.0;-0.008928944962123007
2021-10-20T17:00:00.0;-0.037197355823591044
2021-10-20T18:00:00.0;-0.039168431739552756
2021-10-20T19:00:00.0;-0.03938479887007265
2021-10-20T20:00:00.0;-0.03917085387837732
2021-10-20T21:00:00.0;-0.03829314684301804
2021-10-20T22:00:00.0;-0.037225704089426166
2021-10-20T23:00:00.0;-0.007403280479495624
2021-10-21T00:00:00.0;-0.016506163364126372
2021-10-21T01:00:00.0;-0.008678414096061543
2021-10-21T02:00:00.0;-0.003808174442127614
2021-10-21T03:00:00.0;-0.003660700359506811
2021-10-21T04:00:00.0;-0.0035660906562763406
2021-10-21T05:00:00.0;-0.007940809926821987
2021-10-21T06:00:00.0;-0.008158683139520288
2021-10-21T07:00:00.0;-0.008197919762853478
2021-10-21T08:00:00.0;-0.007842357069241877
2021-10-21T09:00:00.0;-0.009893827885092582
2021-10-21T10:00:00.0;-0.013149812741603251
2021-10-21T11:00:00.0;-0.0066473675357265295
2021-10-21T12:00:00.0;-0.006654877370281252
2021-10-21T13:00:00.0;-0.0068192220741072115
2021-10-21T14:00:00.0;-0.00749404440203952
2021-10-21T15:00:00.0;-0.008081194616289498
2021-10-21T16:00:00.0;-0.008897161390589605
2021-10-21T17:00:00.0;-0.03726838669925279
2021-10-21T18:00:00.0;-0.03925686074333931
2021-10-21T19:00:00.0;-0.03953811503075573
2021-10-21T20:00:00.0;-0.039370989041577334
2021-10-21T21:00:00.0;-0.038434527815430344
2021-10-21T22:00:00.0;-0.03730303750609686
2021-10-21T23:00:00.0;-0.0077818699260388344
2021-10-22T00:00:00.0;-0.008912031583832218
2021-10-22T01:00:00.0;-0.008621539013151677
2021-10-22T02:00:00.0;-0.0020662403755462404
2021-10-22T03:00:00.0;-0.0019857903712738626
2021-10-22T04:00:00.0;-0.0019422106415343944
2021-10-22T05:00:00.0;-0.00805494715485429
2021-10-22T06:00:00.0;-0.008382077705496151
2021-10-22T07:00:00.0;-0.008433578940273318
2021-10-22T08:00:00.0;-0.008007343334301387
2021-10-22T09:00:00.0;-0.007495741105299647
2021-10-22T10:00:00.0;-0.007177418341415227
2021-10-22T11:00:00.0;-0.006994609043877629
2021-10-22T12:00:00.0;-0.0070047991366502995
2021-10-22T13:00:00.0;-0.007230806548021576
2021-10-22T14:00:00.0;-0.007587513873316405
2021-10-22T15:00:00.0;-0.00823880116290098
2021-10-22T16:00:00.0;-0.009118856034430963
2021-10-22T17:00:00.0;-0.04848028839735102
2021-10-22T18:00:00.0;-0.050695492276858614
2021-10-22T19:00:00.0;-0.05071323342975097
2021-10-22T20:00:00.0;-0.05020594961411199
2021-10-22T21:00:00.0;-0.048658839988673104
2021-10-22T22:00:00.0;-0.04705497163142266
2021-10-22T23:00:00.0;-0.00906023752544909
2021-10-23T00:00:00.0;-0.024893992717642956
2021-10-23T01:00:00.0;-0.023328263276222776
2021-10-23T02:00:00.0;-0.022969054429946956
2021-10-23T03:00:00.0;-0.022183316635570535
2021-10-23T04:00:00.0;-0.030712247736156238
2021-10-23T05:00:00.0;-0.03080310344570964
2021-10-23T06:00:00.0;-0.03358361553788621
2021-10-23T07:00:00.0;-0.035664089943385435
2021-10-23T08:00:00.0;-0.03471211606256265
2021-10-23T09:00:00.0;-0.023684446295033797
2021-10-23T10:00:00.0;-0.02205027192752191
2021-10-23T11:00:00.0;-0.02101512836422031
2021-10-23T12:00:00.0;-0.018420784336629897
2021-10-23T13:00:00.0;-0.018773009671785204
2021-10-23T14:00:00.0;-0.019673983285742686
2021-10-23T15:00:00.0;-0.03301049540639322
2021-10-23T16:00:00.0;-0.03699875759094404
2021-10-23T17:00:00.0;-0.04130669349525735
2021-10-23T18:00:00.0;-0.04348532567131511
2021-10-23T19:00:00.0;-0.051806897204294884
2021-10-23T20:00:00.0;-0.04526680279929847
2021-10-23T21:00:00.0;-0.0447015906142815
2021-10-23T22:00:00.0;-0.043217671757552346
2021-10-23T23:00:00.0;-0.03785066289060995
2021-10-24T00:00:00.0;-0.01456108150868899
2021-10-24T01:00:00.0;-0.011154597274211886
2021-10-24T02:00:00.0;-0.01338194502381512
2021-10-24T03:00:00.0;-0.012929868887972141
2021-10-24T04:00:00.0;-0.012517999976936593
2021-10-24T05:00:00.0;-0.012460626995637939
2021-10-24T06:00:00.0;-0.01667790378535271
2021-10-24T07:00:00.0;-0.026902760003049763
2021-10-24T08:00:00.0;-0.026713828332006143
2021-10-24T09:00:00.0;-0.02515328710551157
2021-10-24T10:00:00.0;-0.023439919436081737
2021-10-24T11:00:00.0;-0.022019586085035982
2021-10-24T12:00:00.0;-0.010378906886943234
2021-10-24T13:00:00.0;-0.01042748252715426
2021-10-24T14:00:00.0;-0.01090650477044011
2021-10-24T15:00:00.0;-0.02442857850471188
2021-10-24T16:00:00.0;-0.02754511560260347
2021-10-24T17:00:00.0;-0.030946142692799637
2021-10-24T18:00:00.0;-0.03253145919549923
2021-10-24T19:00:00.0;-0.05033651315416978
2021-10-24T20:00:00.0;-0.03449237208913879
2021-10-24T21:00:00.0;-0.03447962547653795
2021-10-24T22:00:00.0;-0.03327010956985733
2021-10-24T23:00:00.0;-0.015463360178501957
2021-10-25T00:00:00.0;-0.022066535705042
2021-10-25T01:00:00.0;-0.02062015993019604
2021-10-25T02:00:00.0;-0.018400348201773116
2021-10-25T03:00:00.0;-0.017739730217428487
2021-10-25T04:00:00.0;-0.01729035868775713
2021-10-25T05:00:00.0;-0.01933848285255508
2021-10-25T06:00:00.0;-0.020048320206484
2021-10-25T07:00:00.0;-0.023685764048007166
2021-10-25T08:00:00.0;-0.023087186592654584
2021-10-25T09:00:00.0;-0.021799134344789358
2021-10-25T10:00:00.0;-0.020616211345508298
2021-10-25T11:00:00.0;-0.018711577949278028
2021-10-25T12:00:00.0;-0.01602145832223742
2021-10-25T13:00:00.0;-0.016324964831586606
2021-10-25T14:00:00.0;-0.018280706202447816
2021-10-25T15:00:00.0;-0.022679030557453538
2021-10-25T16:00:00.0;-0.025073028558397343
2021-10-25T17:00:00.0;-0.0397100656542713
2021-10-25T18:00:00.0;-0.041347917868128074
2021-10-25T19:00:00.0;-0.042104160503253066
2021-10-25T20:00:00.0;-0.042209460881238434
2021-10-25T21:00:00.0;-0.04136312809473069
2021-10-25T22:00:00.0;-0.03997577977635101
2021-10-25T23:00:00.0;-0.023048094396722816
2021-10-26T00:00:00.0;-0.026661592628395337
2021-10-26T01:00:00.0;-0.021333762282078034
2021-10-26T02:00:00.0;-0.021590148985626303
2021-10-26T03:00:00.0;-0.020838219100131432
2021-10-26T04:00:00.0;-0.020260870873180997
2021-10-26T05:00:00.0;-0.02017966783913114
2021-10-26T06:00:00.0;-0.020770437632726728
2021-10-26T07:00:00.0;-0.027271229658697087
2021-10-26T08:00:00.0;-0.026873545065006523
2021-10-26T09:00:00.0;-0.02663503958676627
2021-10-26T10:00:00.0;-0.026703314988488765
2021-10-26T11:00:00.0;-0.021440517806862167
2021-10-26T12:00:00.0;-0.016346833862007616
2021-10-26T13:00:00.0;-0.016529184037340473
2021-10-26T14:00:00.0;-0.018995203940072754
2021-10-26T15:00:00.0;-0.025956341395498416
2021-10-26T16:00:00.0;-0.02865722151325768
2021-10-26T17:00:00.0;-0.03179110562981888
2021-10-26T18:00:00.0;-0.03320167888745792
2021-10-26T19:00:00.0;-0.03407889630339381
2021-10-26T20:00:00.0;-0.03440650269470795
2021-10-26T21:00:00.0;-0.0339005932559758
2021-10-26T22:00:00.0;-0.03279138010496547
2021-10-26T23:00:00.0;-0.024125174444323383
2021-10-27T00:00:00.0;-0.012031891609767205
2021-10-27T01:00:00.0;-0.008320124486703537
2021-10-27T02:00:00.0;-0.0029848941354158314
2021-10-27T03:00:00.0;-0.0028696407707595553
2021-10-27T04:00:00.0;-0.002799917854503284
2021-10-27T05:00:00.0;-0.0080447295953692
2021-10-27T06:00:00.0;-0.008328945800595561
2021-10-27T07:00:00.0;-0.010396703814548517
2021-10-27T08:00:00.0;-0.009966364370806795
2021-10-27T09:00:00.0;-0.010411669250661133
2021-10-27T10:00:00.0;-0.01146243596147354
2021-10-27T11:00:00.0;-0.00876692369775916
2021-10-27T12:00:00.0;-0.007072485754208214
2021-10-27T13:00:00.0;-0.007264293990357944
2021-10-27T14:00:00.0;-0.007601030971043464
2021-10-27T15:00:00.0;-0.010168175549850044
2021-10-27T16:00:00.0;-0.011223538782047463
2021-10-27T17:00:00.0;-0.04536269292764863
2021-10-27T18:00:00.0;-0.04747131179553462
2021-10-27T19:00:00.0;-0.047579354794679465
2021-10-27T20:00:00.0;-0.047216112382317876
2021-10-27T21:00:00.0;-0.045922672603320405
2021-10-27T22:00:00.0;-0.04447595703575481
2021-10-27T23:00:00.0;-0.00862010660251037
2021-10-28T00:00:00.0;-0.015138688070411735
2021-10-28T01:00:00.0;-0.00723865353908691
2021-10-28T02:00:00.0;-0.005718991145828511
2021-10-28T03:00:00.0;-0.005508501819686538
2021-10-28T04:00:00.0;-0.005358919792665699
2021-10-28T05:00:00.0;-0.007960293316717177
2021-10-28T06:00:00.0;-0.008451636161852495
2021-10-28T07:00:00.0;-0.01603494256368035
2021-10-28T08:00:00.0;-0.015607703486378072
2021-10-28T09:00:00.0;-0.016816709000738127
2021-10-28T10:00:00.0;-0.018937836653481283
2021-10-28T11:00:00.0;-0.01288085657106505
2021-10-28T12:00:00.0;-0.006268855277121314
2021-10-28T13:00:00.0;-0.006370076104187228
2021-10-28T14:00:00.0;-0.007407896440869588
2021-10-28T15:00:00.0;-0.015435230697662278
2021-10-28T16:00:00.0;-0.017058530464129903
2021-10-28T17:00:00.0;-0.03514488075567759
2021-10-28T18:00:00.0;-0.03693197517033837
2021-10-28T19:00:00.0;-0.03862340813382501
2021-10-28T20:00:00.0;-0.03759550155496771
2021-10-28T21:00:00.0;-0.03685567980625752
2021-10-28T22:00:00.0;-0.03569455870688338
2021-10-28T23:00:00.0;-0.0082805250325739
2021-10-29T00:00:00.0;-0.0089996200912381
2021-10-29T01:00:00.0;-0.007956126591124666
2021-10-29T02:00:00.0;-0.0028015149407750765
2021-10-29T03:00:00.0;-0.0026944116355050104
2021-10-29T04:00:00.0;-0.0026320850906021522
2021-10-29T05:00:00.0;-0.008084947358801067
2021-10-29T06:00:00.0;-0.008406937327118683
2021-10-29T07:00:00.0;-0.012398576581688458
2021-10-29T08:00:00.0;-0.01189997332367457
2021-10-29T09:00:00.0;-0.011180587134718247
2021-10-29T10:00:00.0;-0.010673309703206716
2021-10-29T11:00:00.0;-0.010339809552142611
2021-10-29T12:00:00.0;-0.007071162871544271
2021-10-29T13:00:00.0;-0.007268031171900877
2021-10-29T14:00:00.0;-0.007614581410158365
2021-10-29T15:00:00.0;-0.012027208548343507
2021-10-29T16:00:00.0;-0.013309140070449178
2021-10-29T17:00:00.0;-0.04892284232109426
2021-10-29T18:00:00.0;-0.05103520758618753
2021-10-29T19:00:00.0;-0.05110352845075933
2021-10-29T20:00:00.0;-0.050700772182269926
2021-10-29T21:00:00.0;-0.049221975496001866
2021-10-29T22:00:00.0;-0.04758538793964911
2021-10-29T23:00:00.0;-0.009183120502438602
2021-10-30T00:00:00.0;-0.027797158865176003
2021-10-30T01:00:00.0;-0.010847242451202348
2021-10-30T02:00:00.0;-0.007663626439155608
2021-10-30T03:00:00.0;-0.007367579286537852
2021-10-30T04:00:00.0;-0.009042182131022104
2021-10-30T05:00:00.0;-0.011570526101406981
2021-10-30T06:00:00.0;-0.011742144695331302
2021-10-30T07:00:00.0;-0.011814403989488579
2021-10-30T08:00:00.0;-0.01148090883142994
2021-10-30T09:00:00.0;-0.01468645881547098
2021-10-30T10:00:00.0;-0.02220989113955566
2021-10-30T11:00:00.0;-0.008782753405076444
2021-10-30T12:00:00.0;-0.008754531383416161
2021-10-30T13:00:00.0;-0.008898798411279763
2021-10-30T14:00:00.0;-0.009237679464415203
2021-10-30T15:00:00.0;-0.011785061234269272
2021-10-30T16:00:00.0;-0.012873182670333395
2021-10-30T17:00:00.0;-0.030619294459540595
2021-10-30T18:00:00.0;-0.03240898395519809
2021-10-30T19:00:00.0;-0.03281298507055092
2021-10-30T20:00:00.0;-0.032714647955658364
2021-10-30T21:00:00.0;-0.032188402741265144
2021-10-30T22:00:00.0;-0.03139950852339645
2021-10-30T23:00:00.0;-0.010739170126235625
2021-10-31T00:00:00.0;-0.03699797393832991
2021-10-31T01:00:00.0;-0.008819068861799142
2021-10-31T02:00:00.0;-0.007622252523065563
2021-10-31T03:00:00.0;-0.007326220776645963
2021-10-31T04:00:00.0;-0.007057256159747139
2021-10-31T05:00:00.0;-0.007772006480223786
2021-10-31T06:00:00.0;-0.00772972649901237
2021-10-31T07:00:00.0;-0.008432427627470717
2021-10-31T08:00:00.0;-0.008301726562383614
2021-10-31T09:00:00.0;-0.017103595872824156
2021-10-31T10:00:00.0;-0.02998383403685967
2021-10-31T11:00:00.0;-0.0074450951604029016
2021-10-31T12:00:00.0;-0.006784551309179525
2021-10-31T13:00:00.0;-0.006826266042417989
2021-10-31T14:00:00.0;-0.007478122350156664
2021-10-31T15:00:00.0;-0.008574408149315175
2021-10-31T16:00:00.0;-0.009275184345289891
2021-10-31T17:00:00.0;-0.01601082539790276
2021-10-31T18:00:00.0;-0.01708676889483383
2021-10-31T19:00:00.0;-0.017378010003872655
2021-10-31T20:00:00.0;-0.017458367433953396
2021-10-31T21:00:00.0;-0.01732851521917791
2021-10-31T22:00:00.0;-0.01698464927989682
2021-10-31T23:00:00.0;-0.0042776081594368956
2021-11-01T00:00:00.0;-0.017123036588273806
2021-11-01T01:00:00.0;-0.00811323522900784
2021-11-01T02:00:00.0;-0.004173281268933335
2021-11-01T03:00:00.0;-0.004012994150020088
2021-11-01T04:00:00.0;-0.00390253782279596
2021-11-01T05:00:00.0;-0.008015282787593095
2021-11-01T06:00:00.0;-0.008232475306165792
2021-11-01T07:00:00.0;-0.011838099317067462
2021-11-01T08:00:00.0;-0.011471588490458014
2021-11-01T09:00:00.0;-0.013614038351230965
2021-11-01T10:00:00.0;-0.01701547558635923
2021-11-01T11:00:00.0;-0.010227401612717991
2021-11-01T12:00:00.0;-0.007153032596967586
2021-11-01T13:00:00.0;-0.007302246678967222
2021-11-01T14:00:00.0;-0.007611148273693723
2021-11-01T15:00:00.0;-0.011635352778094831
2021-11-01T16:00:00.0;-0.012786917488456695
2021-11-01T17:00:00.0;-0.04013066676282746
2021-11-01T18:00:00.0;-0.04209099404516831
2021-11-01T19:00:00.0;-0.04229889638660234
2021-11-01T20:00:00.0;-0.042097417401226724
2021-11-01T21:00:00.0;-0.04114346169625742
2021-11-01T22:00:00.0;-0.0399469910189062
2021-11-01T23:00:00.0;-0.007828224643973966
2021-11-02T00:00:00.0;-0.035228483423446914
2021-11-02T01:00:00.0;-0.030557519119532334
2021-11-02T02:00:00.0;-0.029100439297431696
2021-11-02T03:00:00.0;-0.028079359636057462
2021-11-02T04:00:00.0;-0.033803910518080134
2021-11-02T05:00:00.0;-0.03416201389450448
2021-11-02T06:00:00.0;-0.035493187495865226
2021-11-02T07:00:00.0;-0.03725905254540652
2021-11-02T08:00:00.0;-0.03660200276716723
2021-11-02T09:00:00.0;-0.02823951993156698
2021-11-02T10:00:00.0;-0.026593355602008373
2021-11-02T11:00:00.0;-0.025541350168772108
2021-11-02T12:00:00.0;-0.024691644020241665
2021-11-02T13:00:00.0;-0.02515853820825999
2021-11-02T14:00:00.0;-0.026171328013783114
2021-11-02T15:00:00.0;-0.0353874251129394
2021-11-02T16:00:00.0;-0.04235606574893754
2021-11-02T17:00:00.0;-0.04923903729668149
2021-11-02T18:00:00.0;-0.051190681869451526
2021-11-02T19:00:00.0;-0.052608558825605604
2021-11-02T20:00:00.0;-0.05249541378765343
2021-11-02T21:00:00.0;-0.05165063527252594
2021-11-02T22:00:00.0;-0.05002192407430718
2021-11-02T23:00:00.0;-0.04501764956936695
2021-11-03T00:00:00.0;-0.04628251830833471
2021-11-03T01:00:00.0;-0.03651805375103335
2021-11-03T02:00:00.0;-0.03496015019512517
2021-11-03T03:00:00.0;-0.03371759118906664
2021-11-03T04:00:00.0;-0.03266121191073324
2021-11-03T05:00:00.0;-0.03241825405589535
2021-11-03T06:00:00.0;-0.033343870449884475
2021-11-03T07:00:00.0;-0.03450175249286126
2021-11-03T08:00:00.0;-0.034333689471053565
2021-11-03T09:00:00.0;-0.03293482356064169
2021-11-03T10:00:00.0;-0.031294491590750505
2021-11-03T11:00:00.0;-0.03020781880821932
2021-11-03T12:00:00.0;-0.029724452379235104
2021-11-03T13:00:00.0;-0.03012728873735464
2021-11-03T14:00:00.0;-0.03109056156179308
2021-11-03T15:00:00.0;-0.033244409914426176
2021-11-03T16:00:00.0;-0.04450788439949936
2021-11-03T17:00:00.0;-0.049612792597562266
2021-11-03T18:00:00.0;-0.0510750498118719
2021-11-03T19:00:00.0;-0.052341147257231914
2021-11-03T20:00:00.0;-0.05260105479692113
2021-11-03T21:00:00.0;-0.052067443349022816
2021-11-03T22:00:00.0;-0.05048419455153721
2021-11-03T23:00:00.0;-0.048317484820588875
2021-11-04T00:00:00.0;-0.032542279611720897
2021-11-04T01:00:00.0;-0.03055300796889552
2021-11-04T02:00:00.0;-0.029926494438132445
2021-11-04T03:00:00.0;-0.02888893479881984
2021-11-04T04:00:00.0;-0.030205949724389197
2021-11-04T05:00:00.0;-0.030140832813686715
2021-11-04T06:00:00.0;-0.03128772698503487
2021-11-04T07:00:00.0;-0.03582227698512528
2021-11-04T08:00:00.0;-0.03552964231251721
2021-11-04T09:00:00.0;-0.03168155028216792
2021-11-04T10:00:00.0;-0.029821685975086613
2021-11-04T11:00:00.0;-0.027574155615809552
2021-11-04T12:00:00.0;-0.024483797742140653
2021-11-04T13:00:00.0;-0.02482054657625593
2021-11-04T14:00:00.0;-0.026858458439218115
2021-11-04T15:00:00.0;-0.03406530163458937
2021-11-04T16:00:00.0;-0.03756664892077906
2021-11-04T17:00:00.0;-0.041807293476226415
2021-11-04T18:00:00.0;-0.04329415356210051
2021-11-04T19:00:00.0;-0.04437384199259517
2021-11-04T20:00:00.0;-0.0444844927167818
2021-11-04T21:00:00.0;-0.04381451768545558
2021-11-04T22:00:00.0;-0.04238697044179962
2021-11-04T23:00:00.0;-0.03693969175353072
2021-11-05T00:00:00.0;-0.02320814150766288
2021-11-05T01:00:00.0;-0.020234885847363545
2021-11-05T02:00:00.0;-0.021064676828192914
2021-11-05T03:00:00.0;-0.020338733555788188
2021-11-05T04:00:00.0;-0.019698106681516645
2021-11-05T05:00:00.0;-0.019931975561825233
2021-11-05T06:00:00.0;-0.022953230732468997
2021-11-05T07:00:00.0;-0.03171983275248748
2021-11-05T08:00:00.0;-0.03171388254100355
2021-11-05T09:00:00.0;-0.03016057258835106
2021-11-05T10:00:00.0;-0.028281321975084556
2021-11-05T11:00:00.0;-0.02682497240467313
2021-11-05T12:00:00.0;-0.01750201824766831
2021-11-05T13:00:00.0;-0.01763762931054663
2021-11-05T14:00:00.0;-0.0183594269080016
2021-11-05T15:00:00.0;-0.029528957090079074
2021-11-05T16:00:00.0;-0.03287301349243798
2021-11-05T17:00:00.0;-0.03884222896390214
2021-11-05T18:00:00.0;-0.040368817120844856
2021-11-05T19:00:00.0;-0.05170239819565183
2021-11-05T20:00:00.0;-0.04194301925328436
2021-11-05T21:00:00.0;-0.041686326767317976
2021-11-05T22:00:00.0;-0.0402936397004417
2021-11-05T23:00:00.0;-0.024560983230743128
2021-11-06T00:00:00.0;-0.03894681976000215
2021-11-06T01:00:00.0;-0.008865962726880334
2021-11-06T02:00:00.0;-0.007491814419911214
2021-11-06T03:00:00.0;-0.007198236296748622
2021-11-06T04:00:00.0;-0.0069246916263030756
2021-11-06T05:00:00.0;-0.007819936648338249
2021-11-06T06:00:00.0;-0.007767541437365336
2021-11-06T07:00:00.0;-0.008671146801769804
2021-11-06T08:00:00.0;-0.008583299896797202
2021-11-06T09:00:00.0;-0.018103751781195408
2021-11-06T10:00:00.0;-0.03204978661320462
2021-11-06T11:00:00.0;-0.00820715767140241
2021-11-06T12:00:00.0;-0.007333542119358183
2021-11-06T13:00:00.0;-0.007373104861408375
2021-11-06T14:00:00.0;-0.007589167615670974
2021-11-06T15:00:00.0;-0.008868625986532198
2021-11-06T16:00:00.0;-0.009566206772509725
2021-11-06T17:00:00.0;-0.017599869972017252
2021-11-06T18:00:00.0;-0.018746399010840693
2021-11-06T19:00:00.0;-0.019005628877903205
2021-11-06T20:00:00.0;-0.019048239159107173
2021-11-06T21:00:00.0;-0.018917216558043296
2021-11-06T22:00:00.0;-0.01856571748476343
2021-11-06T23:00:00.0;-0.003992104467275687
2021-11-07T00:00:00.0;-0.01967261380745784
2021-11-07T01:00:00.0;-0.007650944746409994
2021-11-07T02:00:00.0;-0.005151756769550824
2021-11-07T03:00:00.0;-0.004956199999498594
2021-11-07T04:00:00.0;-0.004809456936283337
2021-11-07T05:00:00.0;-0.008017065521054582
2021-11-07T06:00:00.0;-0.008199827281323256
2021-11-07T07:00:00.0;-0.014564562456216559
2021-11-07T08:00:00.0;-0.014265493655384131
2021-11-07T09:00:00.0;-0.017218431344183497
2021-11-07T10:00:00.0;-0.021705894767359096
2021-11-07T11:00:00.0;-0.012760345744983272
2021-11-07T12:00:00.0;-0.007225959825982548
2021-11-07T13:00:00.0;-0.007339730554229825
2021-11-07T14:00:00.0;-0.00763012754014537
2021-11-07T15:00:00.0;-0.014295009676047734
2021-11-07T16:00:00.0;-0.015675342773039527
2021-11-07T17:00:00.0;-0.03782808041807847
2021-11-07T18:00:00.0;-0.03966760893759045
2021-11-07T19:00:00.0;-0.0399329463158932
2021-11-07T20:00:00.0;-0.039839418545079434
2021-11-07T21:00:00.0;-0.03905651682471307
2021-11-07T22:00:00.0;-0.037957763729811744
2021-11-07T23:00:00.0;-0.007491634117901204
2021-11-08T00:00:00.0;-0.028630850219531156
2021-11-08T01:00:00.0;-0.026867753530570776
2021-11-08T02:00:00.0;-0.025558823413430836
2021-11-08T03:00:00.0;-0.02466352315765084
2021-11-08T04:00:00.0;-0.03159539542711385
2021-11-08T05:00:00.0;-0.032533212362581825
2021-11-08T06:00:00.0;-0.033953938498064884
2021-11-08T07:00:00.0;-0.03827776237085131
2021-11-08T08:00:00.0;-0.03765853604028974
2021-11-08T09:00:00.0;-0.028048572046429292
2021-11-08T10:00:00.0;-0.026353200459440115
2021-11-08T11:00:00.0;-0.025206818635876583
2021-11-08T12:00:00.0;-0.022255135747582807
2021-11-08T13:00:00.0;-0.022682658180913213
2021-11-08T14:00:00.0;-0.023655378597948896
2021-11-08T15:00:00.0;-0.03622763072115375
2021-11-08T16:00:00.0;-0.040116594677695336
2021-11-08T17:00:00.0;-0.04972888096593477
2021-11-08T18:00:00.0;-0.051721094491288824
2021-11-08T19:00:00.0;-0.05295328303126548
2021-11-08T20:00:00.0;-0.052651640214779055
2021-11-08T21:00:00.0;-0.05164770088731501
2021-11-08T22:00:00.0;-0.04998980331024749
2021-11-08T23:00:00.0;-0.03937988894092048
2021-11-09T00:00:00.0;-0.03480613929652236
2021-11-09T01:00:00.0;-0.022284964290472525
2021-11-09T02:00:00.0;-0.019349943485925905
2021-11-09T03:00:00.0;-0.018620157530176575
2021-11-09T04:00:00.0;-0.01809327566002664
2021-11-09T05:00:00.0;-0.01986593187796784
2021-11-09T06:00:00.0;-0.02030225936436573
2021-11-09T07:00:00.0;-0.02080050616898868
2021-11-09T08:00:00.0;-0.020575646611189116
2021-11-09T09:00:00.0;-0.023871653628661792
2021-11-09T10:00:00.0;-0.028791319291655102
2021-11-09T11:00:00.0;-0.01862627575009714
2021-11-09T12:00:00.0;-0.01842198560173267
2021-11-09T13:00:00.0;-0.018677893523734872
2021-11-09T14:00:00.0;-0.01933030675364926
2021-11-09T15:00:00.0;-0.020619375463239997
2021-11-09T16:00:00.0;-0.022469426221906386
2021-11-09T17:00:00.0;-0.037127041395342966
2021-11-09T18:00:00.0;-0.03872613985855108
2021-11-09T19:00:00.0;-0.03917841194498455
2021-11-09T20:00:00.0;-0.03904573907087056
2021-11-09T21:00:00.0;-0.038499067387120896
2021-11-09T22:00:00.0;-0.03749976621793751
2021-11-09T23:00:00.0;-0.021877888428613122
2021-11-10T00:00:00.0;-0.03523996393431725
2021-11-10T01:00:00.0;-0.028747979223151126
2021-11-10T02:00:00.0;-0.028526440946799778
2021-11-10T03:00:00.0;-0.02753206690721413
2021-11-10T04:00:00.0;-0.030433534847555437
2021-11-10T05:00:00.0;-0.030416780545430053
2021-11-10T06:00:00.0;-0.031489178853667796
2021-11-10T07:00:00.0;-0.0382818228587176
2021-11-10T08:00:00.0;-0.03811151254784276
2021-11-10T09:00:00.0;-0.032611115669065056
2021-11-10T10:00:00.0;-0.030751099956278415
2021-11-10T11:00:00.0;-0.029412818795133418
2021-11-10T12:00:00.0;-0.024160184585294318
2021-11-10T13:00:00.0;-0.024482447020891713
2021-11-10T14:00:00.0;-0.025384460812248898
2021-11-10T15:00:00.0;-0.036318868660507944
2021-11-10T16:00:00.0;-0.04414725308512974
2021-11-10T17:00:00.0;-0.04989194050136874
2021-11-10T18:00:00.0;-0.051586249060747824
2021-11-10T19:00:00.0;-0.052826056015078504
2021-11-10T20:00:00.0;-0.052900930181870316
2021-11-10T21:00:00.0;-0.052142986215468666
2021-11-10T22:00:00.0;-0.05048729004723728
2021-11-10T23:00:00.0;-0.04152231812964789
2021-11-11T00:00:00.0;-0.046715954009406424
2021-11-11T01:00:00.0;-0.039605959588079956
2021-11-11T02:00:00.0;-0.03791797666678419
2021-11-11T03:00:00.0;-0.03657274266924378
2021-11-11T04:00:00.0;-0.03540924175700666
2021-11-11T05:00:00.0;-0.035121494078223056
2021-11-11T06:00:00.0;-0.036264585064940506
2021-11-11T07:00:00.0;-0.03781679174051465
2021-11-11T08:00:00.0;-0.03791834035830779
2021-11-11T09:00:00.0;-0.0366284060250808
2021-11-11T10:00:00.0;-0.034892653189267264
2021-11-11T11:00:00.0;-0.03343416402965599
2021-11-11T12:00:00.0;-0.03282337264158822
2021-11-11T13:00:00.0;-0.03323492883958905
2021-11-11T14:00:00.0;-0.034294825258749974
2021-11-11T15:00:00.0;-0.036529857728351815
2021-11-11T16:00:00.0;-0.04507383908183195
2021-11-11T17:00:00.0;-0.05033524400352532
2021-11-11T18:00:00.0;-0.051629535307580056
2021-11-11T19:00:00.0;-0.05273496580594765
2021-11-11T20:00:00.0;-0.0528019885752371
2021-11-11T21:00:00.0;-0.052247186795650026
2021-11-11T22:00:00.0;-0.05067750311226895
2021-11-11T23:00:00.0;-0.048535023629940444
2021-11-12T00:00:00.0;-0.04667429348564676
2021-11-12T01:00:00.0;-0.018890938428400974
2021-11-12T02:00:00.0;-0.017996058665788055
2021-11-12T03:00:00.0;-0.017306034109933754
2021-11-12T04:00:00.0;-0.016631825211307318
2021-11-12T05:00:00.0;-0.0162270858598744
2021-11-12T06:00:00.0;-0.01619053953076083
2021-11-12T07:00:00.0;-0.01649280263463036
2021-11-12T08:00:00.0;-0.0165326502690488
2021-11-12T09:00:00.0;-0.025463553408966073
2021-11-12T10:00:00.0;-0.038158219351363404
2021-11-12T11:00:00.0;-0.01570884703286465
2021-11-12T12:00:00.0;-0.015512809215217157
2021-11-12T13:00:00.0;-0.015566432929094438
2021-11-12T14:00:00.0;-0.015986432271973678
2021-11-12T15:00:00.0;-0.016771987223202372
2021-11-12T16:00:00.0;-0.018063170782760218
2021-11-12T17:00:00.0;-0.020840842024670073
2021-11-12T18:00:00.0;-0.02200609350034481
2021-11-12T19:00:00.0;-0.02237045517290585
2021-11-12T20:00:00.0;-0.02241381823405137
2021-11-12T21:00:00.0;-0.022315661724019283
2021-11-12T22:00:00.0;-0.021887691607511684
2021-11-12T23:00:00.0;-0.015262954100246117
2021-11-13T00:00:00.0;-0.015104484552983521
2021-11-13T01:00:00.0;-0.011544088334549247
2021-11-13T02:00:00.0;-0.01397841371984847
2021-11-13T03:00:00.0;-0.013510438812470712
2021-11-13T04:00:00.0;-0.025183818692144252
2021-11-13T05:00:00.0;-0.025301318721733513
2021-11-13T06:00:00.0;-0.02640898883495703
2021-11-13T07:00:00.0;-0.04270158862015291
2021-11-13T08:00:00.0;-0.04208546032967672
2021-11-13T09:00:00.0;-0.02758144843135
2021-11-13T10:00:00.0;-0.025600348780968944
2021-11-13T11:00:00.0;-0.024111668467560143
2021-11-13T12:00:00.0;-0.011341744967002744
2021-11-13T13:00:00.0;-0.011509935085994067
2021-11-13T14:00:00.0;-0.012055373043266242
2021-11-13T15:00:00.0;-0.0391290021436012
2021-11-13T16:00:00.0;-0.04379308416012281
2021-11-13T17:00:00.0;-0.049126126252707805
2021-11-13T18:00:00.0;-0.05153600943763929
2021-11-13T19:00:00.0;-0.05303513719938672
2021-11-13T20:00:00.0;-0.052962861783376225
2021-11-13T21:00:00.0;-0.051817358484043105
2021-11-13T22:00:00.0;-0.05002349488598116
2021-11-13T23:00:00.0;-0.03072806760027972
2021-11-14T00:00:00.0;-0.03760347485269946
2021-11-14T01:00:00.0;-0.031924749026736386
2021-11-14T02:00:00.0;-0.03101826384655527
2021-11-14T03:00:00.0;-0.029925207513616055
2021-11-14T04:00:00.0;-0.03451920364532326
2021-11-14T05:00:00.0;-0.03430848306026288
2021-11-14T06:00:00.0;-0.035560809971634515
2021-11-14T07:00:00.0;-0.03910233819665146
2021-11-14T08:00:00.0;-0.03898164246531901
2021-11-14T09:00:00.0;-0.033187738285605985
2021-11-14T10:00:00.0;-0.033309335653097835
2021-11-14T11:00:00.0;-0.028857046765489586
2021-11-14T12:00:00.0;-0.02657487486212907
2021-11-14T13:00:00.0;-0.026940559769365886
2021-11-14T14:00:00.0;-0.027943604534402904
2021-11-14T15:00:00.0;-0.037488391137047085
2021-11-14T16:00:00.0;-0.04119320237978674
2021-11-14T17:00:00.0;-0.04609500331652165
2021-11-14T18:00:00.0;-0.04778730188966999
2021-11-14T19:00:00.0;-0.04889346730527938
2021-11-14T20:00:00.0;-0.04869541538674681
2021-11-14T21:00:00.0;-0.04801221806809221
2021-11-14T22:00:00.0;-0.04659347718595874
2021-11-14T23:00:00.0;-0.041537207740126356
2021-11-15T00:00:00.0;-0.040701596566016233
2021-11-15T01:00:00.0;-0.03896347069738938
2021-11-15T02:00:00.0;-0.03734245323193592
2021-11-15T03:00:00.0;-0.0360364498995628
2021-11-15T04:00:00.0;-0.039903416086083485
2021-11-15T05:00:00.0;-0.03975894933582914
2021-11-15T06:00:00.0;-0.04145394204246089
2021-11-15T07:00:00.0;-0.04329646330905246
2021-11-15T08:00:00.0;-0.04325909259771269
2021-11-15T09:00:00.0;-0.0363827090846175
2021-11-15T10:00:00.0;-0.034314487291770314
2021-11-15T11:00:00.0;-0.032881372882504284
2021-11-15T12:00:00.0;-0.0323867785031251
2021-11-15T13:00:00.0;-0.032885876052670855
2021-11-15T14:00:00.0;-0.03410566726321967
2021-11-15T15:00:00.0;-0.04143654222646281
2021-11-15T16:00:00.0;-0.04552808580955282
2021-11-15T17:00:00.0;-0.05090415449728065
2021-11-15T18:00:00.0;-0.052421805929410294
2021-11-15T19:00:00.0;-0.05361380523904961
2021-11-15T20:00:00.0;-0.05330746675513947
2021-11-15T21:00:00.0;-0.052545462420133825
2021-11-15T22:00:00.0;-0.05093740246208636
2021-11-15T23:00:00.0;-0.048874801329750646
2021-11-16T00:00:00.0;-0.04145124412022104
2021-11-16T01:00:00.0;-0.03967424441584771
2021-11-16T02:00:00.0;-0.03801929012635488
2021-11-16T03:00:00.0;-0.03668814194324667
2021-11-16T04:00:00.0;-0.03997297764490326
2021-11-16T05:00:00.0;-0.03980456324089512
2021-11-16T06:00:00.0;-0.041488890079075566
2021-11-16T07:00:00.0;-0.04338962712687348
2021-11-16T08:00:00.0;-0.043430073977277675
2021-11-16T09:00:00.0;-0.03716050008189565
2021-11-16T10:00:00.0;-0.03507175721485854
2021-11-16T11:00:00.0;-0.03361092245220289
2021-11-16T12:00:00.0;-0.03307800842600223
2021-11-16T13:00:00.0;-0.03357113748180727
2021-11-16T14:00:00.0;-0.034795796045034355
2021-11-16T15:00:00.0;-0.04158465747168146
2021-11-16T16:00:00.0;-0.04564990391666934
2021-11-16T17:00:00.0;-0.0510499414773484
2021-11-16T18:00:00.0;-0.05250873017940741
2021-11-16T19:00:00.0;-0.05366240900743816
2021-11-16T20:00:00.0;-0.05336152542144831
2021-11-16T21:00:00.0;-0.05261734057336269
2021-11-16T22:00:00.0;-0.051012701892500456
2021-11-16T23:00:00.0;-0.04895395869017702
2021-11-17T00:00:00.0;-0.03185905211516848
2021-11-17T01:00:00.0;-0.021929845404934308
2021-11-17T02:00:00.0;-0.020565697479033467
2021-11-17T03:00:00.0;-0.01981200350327263
2021-11-17T04:00:00.0;-0.01917944528003402
2021-11-17T05:00:00.0;-0.020503335790111554
2021-11-17T06:00:00.0;-0.02105539421135589
2021-11-17T07:00:00.0;-0.027418263753682764
2021-11-17T08:00:00.0;-0.027415181363171434
2021-11-17T09:00:00.0;-0.029309007272960475
2021-11-17T10:00:00.0;-0.03200748897502191
2021-11-17T11:00:00.0;-0.024438851042622802
2021-11-17T12:00:00.0;-0.019082774371955897
2021-11-17T13:00:00.0;-0.019291226464866352
2021-11-17T14:00:00.0;-0.019964152615122688
2021-11-17T15:00:00.0;-0.026743795248822883
2021-11-17T16:00:00.0;-0.029222150413123763
2021-11-17T17:00:00.0;-0.04188186784974591
2021-11-17T18:00:00.0;-0.04341197471077432
2021-11-17T19:00:00.0;-0.04390730928559802
2021-11-17T20:00:00.0;-0.043824590186463674
2021-11-17T21:00:00.0;-0.04318563341808564
2021-11-17T22:00:00.0;-0.041966579082088167
2021-11-17T23:00:00.0;-0.02339915089518831
2021-11-18T00:00:00.0;-0.028932712481383238
2021-11-18T01:00:00.0;-0.016575323860926475
2021-11-18T02:00:00.0;-0.015859961369800397
2021-11-18T03:00:00.0;-0.015277046263583293
2021-11-18T04:00:00.0;-0.014783003884811862
2021-11-18T05:00:00.0;-0.01614955210770421
2021-11-18T06:00:00.0;-0.016524473420321976
2021-11-18T07:00:00.0;-0.025080172777163116
2021-11-18T08:00:00.0;-0.025080124292440744
2021-11-18T09:00:00.0;-0.027799947669718654
2021-11-18T10:00:00.0;-0.031663480355752095
2021-11-18T11:00:00.0;-0.02239281295881244
2021-11-18T12:00:00.0;-0.01495172370354351
2021-11-18T13:00:00.0;-0.01509105626685241
2021-11-18T14:00:00.0;-0.015617185726582545
2021-11-18T15:00:00.0;-0.02446272508737061
2021-11-18T16:00:00.0;-0.0267327587263009
2021-11-18T17:00:00.0;-0.03935751294260123
2021-11-18T18:00:00.0;-0.04093543651379238
2021-11-18T19:00:00.0;-0.04137772159762809
2021-11-18T20:00:00.0;-0.041358614644588475
2021-11-18T21:00:00.0;-0.040754747715884734
2021-11-18T22:00:00.0;-0.0396211756967023
2021-11-18T23:00:00.0;-0.01769683482691333
2021-11-19T00:00:00.0;-0.027182142959030573
2021-11-19T01:00:00.0;-0.023051056584546308
2021-11-19T02:00:00.0;-0.02153305409812973
2021-11-19T03:00:00.0;-0.020756125805994743
2021-11-19T04:00:00.0;-0.020141368809396668
2021-11-19T05:00:00.0;-0.022060678292091462
2021-11-19T06:00:00.0;-0.022859267026046803
2021-11-19T07:00:00.0;-0.03135711061690811
2021-11-19T08:00:00.0;-0.03133291325485569
2021-11-19T09:00:00.0;-0.030691194657005667
2021-11-19T10:00:00.0;-0.030000728249898856
2021-11-19T11:00:00.0;-0.027380377295863005
2021-11-19T12:00:00.0;-0.020361047767289524
2021-11-19T13:00:00.0;-0.02063312492684803
2021-11-19T14:00:00.0;-0.021405146526097017
2021-11-19T15:00:00.0;-0.030197072421762183
2021-11-19T16:00:00.0;-0.03314379212769712
2021-11-19T17:00:00.0;-0.04906408949789574
2021-11-19T18:00:00.0;-0.05055403089982671
2021-11-19T19:00:00.0;-0.05104901251316169
2021-11-19T20:00:00.0;-0.0508889645953517
2021-11-19T21:00:00.0;-0.04997990125251769
2021-11-19T22:00:00.0;-0.048419993146755436
2021-11-19T23:00:00.0;-0.026142020452358413
2021-11-20T00:00:00.0;-0.041181049937792154
2021-11-20T01:00:00.0;-0.025180258171789798
2021-11-20T02:00:00.0;-0.024657347320814118
2021-11-20T03:00:00.0;-0.02375143744718696
2021-11-20T04:00:00.0;-0.022910397728568326
2021-11-20T05:00:00.0;-0.02274060240182937
2021-11-20T06:00:00.0;-0.0231402975376326
2021-11-20T07:00:00.0;-0.0280786370714491
2021-11-20T08:00:00.0;-0.028333559083751864
2021-11-20T09:00:00.0;-0.032695129193184694
2021-11-20T10:00:00.0;-0.038538208817157873
2021-11-20T11:00:00.0;-0.025775469780185592
2021-11-20T12:00:00.0;-0.021600691581786194
2021-11-20T13:00:00.0;-0.02173000519721194
2021-11-20T14:00:00.0;-0.022389193783595274
2021-11-20T15:00:00.0;-0.027698488641708954
2021-11-20T16:00:00.0;-0.030076504161719975
2021-11-20T17:00:00.0;-0.03532846650998447
2021-11-20T18:00:00.0;-0.03671650771786152
2021-11-20T19:00:00.0;-0.037262467293515754
2021-11-20T20:00:00.0;-0.037264157227685106
2021-11-20T21:00:00.0;-0.036925452466598695
2021-11-20T22:00:00.0;-0.03600080238117949
2021-11-20T23:00:00.0;-0.02557906257422204
2021-11-21T00:00:00.0;-0.020432897912225547
2021-11-21T01:00:00.0;-0.011444809824446322
2021-11-21T02:00:00.0;-0.014101724334779991
2021-11-21T03:00:00.0;-0.013612506645057726
2021-11-21T04:00:00.0;-0.013195017173303316
2021-11-21T05:00:00.0;-0.013366957777579902
2021-11-21T06:00:00.0;-0.013736078956977612
2021-11-21T07:00:00.0;-0.03231150517825564
2021-11-21T08:00:00.0;-0.03258214567065564
2021-11-21T09:00:00.0;-0.03300028765706585
2021-11-21T10:00:00.0;-0.03360052657552484
2021-11-21T11:00:00.0;-0.027309816236738158
2021-11-21T12:00:00.0;-0.011398480588904946
2021-11-21T13:00:00.0;-0.011443453996629098
2021-11-21T14:00:00.0;-0.012628156263843398
2021-11-21T15:00:00.0;-0.030543628369119932
2021-11-21T16:00:00.0;-0.03364228322398416
2021-11-21T17:00:00.0;-0.039432041656802454
2021-11-21T18:00:00.0;-0.040913468924641726
2021-11-21T19:00:00.0;-0.041570246086867255
2021-11-21T20:00:00.0;-0.04187360072556213
2021-11-21T21:00:00.0;-0.041229863999049744
2021-11-21T22:00:00.0;-0.039900591376049774
2021-11-21T23:00:00.0;-0.015405151048062575
2021-11-22T00:00:00.0;-0.025066721763343007
2021-11-22T01:00:00.0;-0.02176675993268253
2021-11-22T02:00:00.0;-0.02227971164080563
2021-11-22T03:00:00.0;-0.021504911581023342
2021-11-22T04:00:00.0;-0.02433744728665227
2021-11-22T05:00:00.0;-0.0251295574418472
2021-11-22T06:00:00.0;-0.026127899933540748
2021-11-22T07:00:00.0;-0.03929022328297429
2021-11-22T08:00:00.0;-0.03940803154130326
2021-11-22T09:00:00.0;-0.034096881731281906
2021-11-22T10:00:00.0;-0.032092360921854954
2021-11-22T11:00:00.0;-0.030482226757981103
2021-11-22T12:00:00.0;-0.01972773956260151
2021-11-22T13:00:00.0;-0.019951607960170276
2021-11-22T14:00:00.0;-0.020728068362364342
2021-11-22T15:00:00.0;-0.037111383568199735
2021-11-22T16:00:00.0;-0.04094530818022824
2021-11-22T17:00:00.0;-0.050886090123305375
2021-11-22T18:00:00.0;-0.052507106401357556
2021-11-22T19:00:00.0;-0.05335190447131516
2021-11-22T20:00:00.0;-0.05325822947776523
2021-11-22T21:00:00.0;-0.05230604689813728
2021-11-22T22:00:00.0;-0.050596361688014076
2021-11-22T23:00:00.0;-0.0304414734492173
2021-11-23T00:00:00.0;-0.038450679525209724
2021-11-23T01:00:00.0;-0.03565386958205053
2021-11-23T02:00:00.0;-0.03513972695861067
2021-11-23T03:00:00.0;-0.033915513367251744
2021-11-23T04:00:00.0;-0.03521497315100139
2021-11-23T05:00:00.0;-0.035022371566695916
2021-11-23T06:00:00.0;-0.03642376365431568
2021-11-23T07:00:00.0;-0.043648943019510264
2021-11-23T08:00:00.0;-0.04408886199455658
2021-11-23T09:00:00.0;-0.040025362201746545
2021-11-23T10:00:00.0;-0.037787986160779316
2021-11-23T11:00:00.0;-0.0360617432049808
2021-11-23T12:00:00.0;-0.030671686666896264
2021-11-23T13:00:00.0;-0.031005888162045765
2021-11-23T14:00:00.0;-0.03208739965439935
2021-11-23T15:00:00.0;-0.04171379158842484
2021-11-23T16:00:00.0;-0.045886307060774435
2021-11-23T17:00:00.0;-0.051556752632386016
2021-11-23T18:00:00.0;-0.05285890993542926
2021-11-23T19:00:00.0;-0.053815396266344365
2021-11-23T20:00:00.0;-0.05364497480037149
2021-11-23T21:00:00.0;-0.05291191268065151
2021-11-23T22:00:00.0;-0.05127175468452391
2021-11-23T23:00:00.0;-0.0431935208299532
2021-11-24T00:00:00.0;-0.04743435772920234
2021-11-24T01:00:00.0;-0.04534046865659823
2021-11-24T02:00:00.0;-0.04341071410425088
2021-11-24T03:00:00.0;-0.04187782234810701
2021-11-24T04:00:00.0;-0.04051869039927138
2021-11-24T05:00:00.0;-0.04016240621799674
2021-11-24T06:00:00.0;-0.04176305888638203
2021-11-24T07:00:00.0;-0.04412050144428878
2021-11-24T08:00:00.0;-0.04477143160559316
2021-11-24T09:00:00.0;-0.043472269039997305
2021-11-24T10:00:00.0;-0.04123672353061393
2021-11-24T11:00:00.0;-0.039553365926225915
2021-11-24T12:00:00.0;-0.03868639301679852
2021-11-24T13:00:00.0;-0.03911723605757657
2021-11-24T14:00:00.0;-0.04036373593467814
2021-11-24T15:00:00.0;-0.042746628906600866
2021-11-24T16:00:00.0;-0.046605572615453214
2021-11-24T17:00:00.0;-0.05219364666760604
2021-11-24T18:00:00.0;-0.05319065443701079
2021-11-24T19:00:00.0;-0.05404370745746867
2021-11-24T20:00:00.0;-0.053785617735904116
2021-11-24T21:00:00.0;-0.05318122751086799
2021-11-24T22:00:00.0;-0.051603429009595865
2021-11-24T23:00:00.0;-0.04957495154142947
2021-11-25T00:00:00.0;-0.03943395021353115
2021-11-25T01:00:00.0;-0.028324887619190508
2021-11-25T02:00:00.0;-0.0285213081257335
2021-11-25T03:00:00.0;-0.027500898813573618
2021-11-25T04:00:00.0;-0.02655785517348581
2021-11-25T05:00:00.0;-0.026159801307818916
2021-11-25T06:00:00.0;-0.026835495824748354
2021-11-25T07:00:00.0;-0.03532564088951649
2021-11-25T08:00:00.0;-0.035876374011573633
2021-11-25T09:00:00.0;-0.038008696968294585
2021-11-25T10:00:00.0;-0.040554420062028765
2021-11-25T11:00:00.0;-0.03198325416792055
2021-11-25T12:00:00.0;-0.02483260631664938
2021-11-25T13:00:00.0;-0.02497178344015646
2021-11-25T14:00:00.0;-0.025764179113037588
2021-11-25T15:00:00.0;-0.034326688218298505
2021-11-25T16:00:00.0;-0.03739529558380359
2021-11-25T17:00:00.0;-0.04200292322500625
2021-11-25T18:00:00.0;-0.04331716978877271
2021-11-25T19:00:00.0;-0.04395622214995459
2021-11-25T20:00:00.0;-0.04395580564224648
2021-11-25T21:00:00.0;-0.04349757266494447
2021-11-25T22:00:00.0;-0.042293670382221586
2021-11-25T23:00:00.0;-0.030836626973756043
2021-11-26T00:00:00.0;-0.031223658067245853
2021-11-26T01:00:00.0;-0.020192463802017273
2021-11-26T02:00:00.0;-0.02101437531502855
2021-11-26T03:00:00.0;-0.02026339158216965
2021-11-26T04:00:00.0;-0.019590310531593227
2021-11-26T05:00:00.0;-0.019910728283799146
2021-11-26T06:00:00.0;-0.02043074438786326
2021-11-26T07:00:00.0;-0.033043947341547086
2021-11-26T08:00:00.0;-0.033477669195301964
2021-11-26T09:00:00.0;-0.03529470655489249
2021-11-26T10:00:00.0;-0.037584304280528724
2021-11-26T11:00:00.0;-0.029582397244683045
2021-11-26T12:00:00.0;-0.01862646996482407
2021-11-26T13:00:00.0;-0.01872824829561419
2021-11-26T14:00:00.0;-0.019347605119368318
2021-11-26T15:00:00.0;-0.03188653557633964
2021-11-26T16:00:00.0;-0.0348488424876059
2021-11-26T17:00:00.0;-0.04259198518244336
2021-11-26T18:00:00.0;-0.04401569714903108
2021-11-26T19:00:00.0;-0.044559020056369025
2021-11-26T20:00:00.0;-0.04460164757217132
2021-11-26T21:00:00.0;-0.04402297475190751
2021-11-26T22:00:00.0;-0.04275192960704085
2021-11-26T23:00:00.0;-0.022952413523673908
2021-11-27T00:00:00.0;-0.042631696202188686
2021-11-27T01:00:00.0;-0.03280216905162263
2021-11-27T02:00:00.0;-0.03158950270657365
2021-11-27T03:00:00.0;-0.03045000386842567
2021-11-27T04:00:00.0;-0.029400842620689607
2021-11-27T05:00:00.0;-0.02896744268845989
2021-11-27T06:00:00.0;-0.03049422351561035
2021-11-27T07:00:00.0;-0.03166772917809654
2021-11-27T08:00:00.0;-0.03185203413798254
2021-11-27T09:00:00.0;-0.03386035685893056
2021-11-27T10:00:00.0;-0.03644278070864373
2021-11-27T11:00:00.0;-0.028489323696017373
2021-11-27T12:00:00.0;-0.02718691894442843
2021-11-27T13:00:00.0;-0.027417016129214822
2021-11-27T14:00:00.0;-0.02830986182515701
2021-11-27T15:00:00.0;-0.03084509136565745
2021-11-27T16:00:00.0;-0.033686777042361234
2021-11-27T17:00:00.0;-0.03773739435497752
2021-11-27T18:00:00.0;-0.03908830166268542
2021-11-27T19:00:00.0;-0.0434898462592155
2021-11-27T20:00:00.0;-0.039978061560035694
2021-11-27T21:00:00.0;-0.03971957138029936
2021-11-27T22:00:00.0;-0.03863958202049313
2021-11-27T23:00:00.0;-0.03453363171395805
2021-11-28T00:00:00.0;-0.020378674065751914
2021-11-28T01:00:00.0;-0.016351348591575183
2021-11-28T02:00:00.0;-0.0172823462554975
2021-11-28T03:00:00.0;-0.016676015489974688
2021-11-28T04:00:00.0;-0.016179848091217426
2021-11-28T05:00:00.0;-0.017636737029000364
2021-11-28T06:00:00.0;-0.01829178311944596
2021-11-28T07:00:00.0;-0.03604945207960708
2021-11-28T08:00:00.0;-0.036401824004154086
2021-11-28T09:00:00.0;-0.03492183188847668
2021-11-28T10:00:00.0;-0.03296761592912822
2021-11-28T11:00:00.0;-0.03125853698089602
2021-11-28T12:00:00.0;-0.0161704586135441
2021-11-28T13:00:00.0;-0.0163077981103092
2021-11-28T14:00:00.0;-0.016918700835533148
2021-11-28T15:00:00.0;-0.03413990014524589
2021-11-28T16:00:00.0;-0.03758768357141816
2021-11-28T17:00:00.0;-0.0514060008021623
2021-11-28T18:00:00.0;-0.0528385204101433
2021-11-28T19:00:00.0;-0.05330956325276653
2021-11-28T20:00:00.0;-0.05331160628793068
2021-11-28T21:00:00.0;-0.052323062317506434
2021-11-28T22:00:00.0;-0.050589892257961434
2021-11-28T23:00:00.0;-0.021191865363070703
2021-11-29T00:00:00.0;-0.025324560375864322
2021-11-29T01:00:00.0;-0.021452898099689654
2021-11-29T02:00:00.0;-0.02228433310472218
2021-11-29T03:00:00.0;-0.021505407946589797
2021-11-29T04:00:00.0;-0.020848852018283588
2021-11-29T05:00:00.0;-0.02179796070482703
2021-11-29T06:00:00.0;-0.022613585730823137
2021-11-29T07:00:00.0;-0.03869679730298776
2021-11-29T08:00:00.0;-0.039208061738545616
2021-11-29T09:00:00.0;-0.037725079226898245
2021-11-29T10:00:00.0;-0.03562166819540813
2021-11-29T11:00:00.0;-0.03380147471086169
2021-11-29T12:00:00.0;-0.020194136581492134
2021-11-29T13:00:00.0;-0.02035409538569679
2021-11-29T14:00:00.0;-0.021087042996775163
2021-11-29T15:00:00.0;-0.03673302825419493
2021-11-29T16:00:00.0;-0.040368178936680876
2021-11-29T17:00:00.0;-0.051668255544364806
2021-11-29T18:00:00.0;-0.052994106033467624
2021-11-29T19:00:00.0;-0.05354800615473556
2021-11-29T20:00:00.0;-0.05353118451234785
2021-11-29T21:00:00.0;-0.052630679719576606
2021-11-29T22:00:00.0;-0.050916808705662966
2021-11-29T23:00:00.0;-0.026382099626222368
2021-11-30T00:00:00.0;-0.00943412625289941
2021-11-30T01:00:00.0;-0.004450396131772127
2021-11-30T02:00:00.0;-0.006645627910669324
2021-11-30T03:00:00.0;-0.006413374455130704
2021-11-30T04:00:00.0;-0.00622903086668338
2021-11-30T05:00:00.0;-0.00823377203960011
2021-11-30T06:00:00.0;-0.008530260535965584
2021-11-30T07:00:00.0;-0.033067102610105696
2021-11-30T08:00:00.0;-0.03334676094940599
2021-11-30T09:00:00.0;-0.03183959586439872
2021-11-30T10:00:00.0;-0.029992513738757276
2021-11-30T11:00:00.0;-0.028289139852454865
2021-11-30T12:00:00.0;-0.007400381472036256
2021-11-30T13:00:00.0;-0.007452695423691564
2021-11-30T14:00:00.0;-0.007748857992141145
2021-11-30T15:00:00.0;-0.03100769123130865
2021-11-30T16:00:00.0;-0.034277628448302434
2021-11-30T17:00:00.0;-0.05111813127229265
2021-11-30T18:00:00.0;-0.05272037127719373
2021-11-30T19:00:00.0;-0.05303959588975939
2021-11-30T20:00:00.0;-0.05315535452199215
2021-11-30T21:00:00.0;-0.052015437323047115
2021-11-30T22:00:00.0;-0.05021655197074035
2021-11-30T23:00:00.0;-0.009792699969689693
2021-12-01T00:00:00.0;-0.00945069963455003
2021-12-01T01:00:00.0;-0.004309929337464144
2021-12-01T02:00:00.0;-0.0067987318564968705
2021-12-01T03:00:00.0;-0.006561937783245358
2021-12-01T04:00:00.0;-0.006371983895695563
2021-12-01T05:00:00.0;-0.008239448685787427
2021-12-01T06:00:00.0;-0.008534964470773333
2021-12-01T07:00:00.0;-0.03388838448641822
2021-12-01T08:00:00.0;-0.03423520242280486
2021-12-01T09:00:00.0;-0.03270599588967634
2021-12-01T10:00:00.0;-0.030794548434628723
2021-12-01T11:00:00.0;-0.029018416711220102
2021-12-01T12:00:00.0;-0.007412938985228992
2021-12-01T13:00:00.0;-0.007459739129646739
2021-12-01T14:00:00.0;-0.007753979735649564
2021-12-01T15:00:00.0;-0.03173782880693134
2021-12-01T16:00:00.0;-0.03508340970603171
2021-12-01T17:00:00.0;-0.05120186236105114
2021-12-01T18:00:00.0;-0.05278464573430255
2021-12-01T19:00:00.0;-0.053113440233161
2021-12-01T20:00:00.0;-0.05324897587369815
2021-12-01T21:00:00.0;-0.052121984398049374
2021-12-01T22:00:00.0;-0.05031690899451063
2021-12-01T23:00:00.0;-0.00981595070559081
2021-12-02T00:00:00.0;-0.016022561399810054
2021-12-02T01:00:00.0;-0.011171394226364938
2021-12-02T02:00:00.0;-0.013444625792725335
2021-12-02T03:00:00.0;-0.012978214058807237
2021-12-02T04:00:00.0;-0.012589932649693407
2021-12-02T05:00:00.0;-0.013872501510002239
2021-12-02T06:00:00.0;-0.01437569807186691
2021-12-02T07:00:00.0;-0.03718038924848586
2021-12-02T08:00:00.0;-0.037710584296037686
2021-12-02T09:00:00.0;-0.03616324149752748
2021-12-02T10:00:00.0;-0.03406534183182941
2021-12-02T11:00:00.0;-0.03214592956726993
2021-12-02T12:00:00.0;-0.012652525572261191
2021-12-02T13:00:00.0;-0.012725901274563892
2021-12-02T14:00:00.0;-0.013203779961024556
2021-12-02T15:00:00.0;-0.03494561136166893
2021-12-02T16:00:00.0;-0.03853355934496398
2021-12-02T17:00:00.0;-0.05152650863395388
2021-12-02T18:00:00.0;-0.05297267014499187
2021-12-02T19:00:00.0;-0.053409326117656475
2021-12-02T20:00:00.0;-0.053513423142738395
2021-12-02T21:00:00.0;-0.052500174975709434
2021-12-02T22:00:00.0;-0.05072286310296057
2021-12-02T23:00:00.0;-0.016678502674483106
2021-12-03T00:00:00.0;-0.02919398361838858
2021-12-03T01:00:00.0;-0.021722715488087175
2021-12-03T02:00:00.0;-0.023764666415846968
2021-12-03T03:00:00.0;-0.022938994776739653
2021-12-03T04:00:00.0;-0.022189699412230163
2021-12-03T05:00:00.0;-0.02209915767307355
2021-12-03T06:00:00.0;-0.022811885278600574
2021-12-03T07:00:00.0;-0.040460305609492375
2021-12-03T08:00:00.0;-0.04133221343167147
2021-12-03T09:00:00.0;-0.041216125169933414
2021-12-03T10:00:00.0;-0.0406501292926683
2021-12-03T11:00:00.0;-0.035890713330956184
2021-12-03T12:00:00.0;-0.020691142221972506
2021-12-03T13:00:00.0;-0.020767020901508386
2021-12-03T14:00:00.0;-0.02145757661945282
2021-12-03T15:00:00.0;-0.038479292209786915
2021-12-03T16:00:00.0;-0.042166214057097556
2021-12-03T17:00:00.0;-0.04828892783801662
2021-12-03T18:00:00.0;-0.04956905954769996
2021-12-03T19:00:00.0;-0.05017916936626044
2021-12-03T20:00:00.0;-0.05026313677249055
2021-12-03T21:00:00.0;-0.049574740086470684
2021-12-03T22:00:00.0;-0.04803115752904522
2021-12-03T23:00:00.0;-0.02652105991124825
2021-12-04T00:00:00.0;-0.04735192002225461
2021-12-04T01:00:00.0;-0.030130767807026042
2021-12-04T02:00:00.0;-0.02885639321573157
2021-12-04T03:00:00.0;-0.027786682297366805
2021-12-04T04:00:00.0;-0.026775857151551286
2021-12-04T05:00:00.0;-0.02620059196425132
2021-12-04T06:00:00.0;-0.026601460113098593
2021-12-04T07:00:00.0;-0.027539840221409678
2021-12-04T08:00:00.0;-0.02777099457689079
2021-12-04T09:00:00.0;-0.03288310990791473
2021-12-04T10:00:00.0;-0.03974859178103265
2021-12-04T11:00:00.0;-0.025575042463037347
2021-12-04T12:00:00.0;-0.025149151135742467
2021-12-04T13:00:00.0;-0.02531268179587915
2021-12-04T14:00:00.0;-0.026043960794724832
2021-12-04T15:00:00.0;-0.02742650588922971
2021-12-04T16:00:00.0;-0.029688553065524044
2021-12-04T17:00:00.0;-0.03327872361356524
2021-12-04T18:00:00.0;-0.03460823913721983
2021-12-04T19:00:00.0;-0.035178466085348484
2021-12-04T20:00:00.0;-0.035149391186857816
2021-12-04T21:00:00.0;-0.034900823050537676
2021-12-04T22:00:00.0;-0.03408039009541357
2021-12-04T23:00:00.0;-0.029763668975729695
2021-12-05T00:00:00.0;-0.03228678598782476
2021-12-05T01:00:00.0;-0.02817433720096298
2021-12-05T02:00:00.0;-0.029673697337438278
2021-12-05T03:00:00.0;-0.02865139318897574
2021-12-05T04:00:00.0;-0.027730700750107817
2021-12-05T05:00:00.0;-0.027505569063533464
2021-12-05T06:00:00.0;-0.028534140369312528
2021-12-05T07:00:00.0;-0.04464358994105786
2021-12-05T08:00:00.0;-0.045658523526038185
2021-12-05T09:00:00.0;-0.044167205284352674
2021-12-05T10:00:00.0;-0.04166440163657465
2021-12-05T11:00:00.0;-0.039475842547721136
2021-12-05T12:00:00.0;-0.02591019805351761
2021-12-05T13:00:00.0;-0.026043334522864836
2021-12-05T14:00:00.0;-0.026910308394382285
2021-12-05T15:00:00.0;-0.04236541215222566
2021-12-05T16:00:00.0;-0.04643706873629995
2021-12-05T17:00:00.0;-0.052257711153779376
2021-12-05T18:00:00.0;-0.05338412536289205
2021-12-05T19:00:00.0;-0.05407763298116552
2021-12-05T20:00:00.0;-0.05408965663443395
2021-12-05T21:00:00.0;-0.05334510488547505
2021-12-05T22:00:00.0;-0.051640499148394435
2021-12-05T23:00:00.0;-0.033771699555897365
2021-12-06T00:00:00.0;-0.03867491231599756
2021-12-06T01:00:00.0;-0.035428735938630905
2021-12-06T02:00:00.0;-0.03548194350282381
2021-12-06T03:00:00.0;-0.03424682552304166
2021-12-06T04:00:00.0;-0.0331417581625325
2021-12-06T05:00:00.0;-0.0328633864876114
2021-12-06T06:00:00.0;-0.03412595254826677
2021-12-06T07:00:00.0;-0.04442405476031147
2021-12-06T08:00:00.0;-0.04528621971390499
2021-12-06T09:00:00.0;-0.04387554740294414
2021-12-06T10:00:00.0;-0.04148490938512432
2021-12-06T11:00:00.0;-0.039508378392580173
2021-12-06T12:00:00.0;-0.03124791692878609
2021-12-06T13:00:00.0;-0.03148751183599999
2021-12-06T14:00:00.0;-0.03251675038802981
2021-12-06T15:00:00.0;-0.04252540532916601
2021-12-06T16:00:00.0;-0.04650778816349263
2021-12-06T17:00:00.0;-0.05223082390888938
2021-12-06T18:00:00.0;-0.05330292742578669
2021-12-06T19:00:00.0;-0.05406339474619967
2021-12-06T20:00:00.0;-0.053962054191320004
2021-12-06T21:00:00.0;-0.053276326917807565
2021-12-06T22:00:00.0;-0.05162494107402178
2021-12-06T23:00:00.0;-0.04043968111221708
2021-12-07T00:00:00.0;-0.02098785701344772
2021-12-07T01:00:00.0;-0.008223410484809544
2021-12-07T02:00:00.0;-0.012578411760791879
2021-12-07T03:00:00.0;-0.01214293669458196
2021-12-07T04:00:00.0;-0.011734338511392838
2021-12-07T05:00:00.0;-0.011578761569690597
2021-12-07T06:00:00.0;-0.01186607141013167
2021-12-07T07:00:00.0;-0.037143567577286186
2021-12-07T08:00:00.0;-0.03811289052652512
2021-12-07T09:00:00.0;-0.03964757985133191
2021-12-07T10:00:00.0;-0.041302327124925674
2021-12-07T11:00:00.0;-0.03301097537806246
2021-12-07T12:00:00.0;-0.010710921061157288
2021-12-07T13:00:00.0;-0.01069452968718293
2021-12-07T14:00:00.0;-0.01104766217213975
2021-12-07T15:00:00.0;-0.035115523780727194
2021-12-07T16:00:00.0;-0.03852413348759965
2021-12-07T17:00:00.0;-0.043532020348607835
2021-12-07T18:00:00.0;-0.04495471917442073
2021-12-07T19:00:00.0;-0.04544574873853485
2021-12-07T20:00:00.0;-0.04570620003742894
2021-12-07T21:00:00.0;-0.045076903768943646
2021-12-07T22:00:00.0;-0.04368546941208991
2021-12-07T23:00:00.0;-0.012821538291169346
2021-12-08T00:00:00.0;-0.01465981434247827
2021-12-08T01:00:00.0;-0.003724538575405047
2021-12-08T02:00:00.0;-0.008400024574612093
2021-12-08T03:00:00.0;-0.00811087443041688
2021-12-08T04:00:00.0;-0.007848607105918427
2021-12-08T05:00:00.0;-0.00822353817873975
2021-12-08T06:00:00.0;-0.008451667399248845
2021-12-08T07:00:00.0;-0.03701951673019251
2021-12-08T08:00:00.0;-0.03791696031684889
2021-12-08T09:00:00.0;-0.038444952491641864
2021-12-08T10:00:00.0;-0.03887383085378395
2021-12-08T11:00:00.0;-0.03247113839027758
2021-12-08T12:00:00.0;-0.007519474525078233
2021-12-08T13:00:00.0;-0.007512465300121489
2021-12-08T14:00:00.0;-0.007775313761270701
2021-12-08T15:00:00.0;-0.0347229251965377
2021-12-08T16:00:00.0;-0.03821953277541824
2021-12-08T17:00:00.0;-0.04601315743102712
2021-12-08T18:00:00.0;-0.047492335435168856
2021-12-08T19:00:00.0;-0.04792431118703569
2021-12-08T20:00:00.0;-0.04821135495634823
2021-12-08T21:00:00.0;-0.04742879780273481
2021-12-08T22:00:00.0;-0.04588836957704465
2021-12-08T23:00:00.0;-0.00904282282153907
2021-12-09T00:00:00.0;-0.02321116038960696
2021-12-09T01:00:00.0;-0.017831374753539492
2021-12-09T02:00:00.0;-0.02138530036186795
2021-12-09T03:00:00.0;-0.02065919998595451
2021-12-09T04:00:00.0;-0.019999163497419776
2021-12-09T05:00:00.0;-0.019844612788009437
2021-12-09T06:00:00.0;-0.020558497080819055
2021-12-09T07:00:00.0;-0.04495288300458855
2021-12-09T08:00:00.0;-0.046183045114103795
2021-12-09T09:00:00.0;-0.04457810838397288
2021-12-09T10:00:00.0;-0.04191727977704982
2021-12-09T11:00:00.0;-0.03943000420471512
2021-12-09T12:00:00.0;-0.018449837785564784
2021-12-09T13:00:00.0;-0.01847836250009639
2021-12-09T14:00:00.0;-0.019109411770089527
2021-12-09T15:00:00.0;-0.042140004615878676
2021-12-09T16:00:00.0;-0.04633743542382915
2021-12-09T17:00:00.0;-0.0522955913617385
2021-12-09T18:00:00.0;-0.05349852156937425
2021-12-09T19:00:00.0;-0.05409769262980403
2021-12-09T20:00:00.0;-0.05426943050986267
2021-12-09T21:00:00.0;-0.053442003552764586
2021-12-09T22:00:00.0;-0.051662418442112945
2021-12-09T23:00:00.0;-0.024290330298296588
2021-12-10T00:00:00.0;-0.021778579518007355
2021-12-10T01:00:00.0;-0.01619488844521427
2021-12-10T02:00:00.0;-0.02007312710545857
2021-12-10T03:00:00.0;-0.019393135433332088
2021-12-10T04:00:00.0;-0.018774107854405468
2021-12-10T05:00:00.0;-0.01863016564279987
2021-12-10T06:00:00.0;-0.019296246356086965
2021-12-10T07:00:00.0;-0.045001430726861275
2021-12-10T08:00:00.0;-0.0462653758374716
2021-12-10T09:00:00.0;-0.04464260513779697
2021-12-10T10:00:00.0;-0.04195697238640218
2021-12-10T11:00:00.0;-0.03942280924928436
2021-12-10T12:00:00.0;-0.01728517519137958
2021-12-10T13:00:00.0;-0.017302098822855525
2021-12-10T14:00:00.0;-0.017895339350032596
2021-12-10T15:00:00.0;-0.042104623809180064
2021-12-10T16:00:00.0;-0.04632179663556203
2021-12-10T17:00:00.0;-0.052301537171801346
2021-12-10T18:00:00.0;-0.05351647761455036
2021-12-10T19:00:00.0;-0.05410084126795146
2021-12-10T20:00:00.0;-0.054297648514429774
2021-12-10T21:00:00.0;-0.05345721316402723
2021-12-10T22:00:00.0;-0.05166585899618316
2021-12-10T23:00:00.0;-0.022792844389082106
2021-12-11T00:00:00.0;-0.03321511642263824
2021-12-11T01:00:00.0;-0.029229892373548488
2021-12-11T02:00:00.0;-0.03051909534321265
2021-12-11T03:00:00.0;-0.0294660890280151
2021-12-11T04:00:00.0;-0.028518649942487494
2021-12-11T05:00:00.0;-0.02828596597929728
2021-12-11T06:00:00.0;-0.02934789369338101
2021-12-11T07:00:00.0;-0.04461178177441186
2021-12-11T08:00:00.0;-0.04560458091867563
2021-12-11T09:00:00.0;-0.04412494736567052
2021-12-11T10:00:00.0;-0.04163839524783121
2021-12-11T11:00:00.0;-0.03948055662689989
2021-12-11T12:00:00.0;-0.026681393438629478
2021-12-11T13:00:00.0;-0.026828298099741552
2021-12-11T14:00:00.0;-0.027719049425263324
2021-12-11T15:00:00.0;-0.042388593372785256
2021-12-11T16:00:00.0;-0.046447315180241554
2021-12-11T17:00:00.0;-0.052253815495863824
2021-12-11T18:00:00.0;-0.05337236069393972
2021-12-11T19:00:00.0;-0.05407557001995483
2021-12-11T20:00:00.0;-0.05407116845927702
2021-12-11T21:00:00.0;-0.05333513971560236
2021-12-11T22:00:00.0;-0.05163824495066052
2021-12-11T23:00:00.0;-0.03474099653224986
2021-12-12T00:00:00.0;-0.017069359404955076
2021-12-12T01:00:00.0;-0.010946003239843202
2021-12-12T02:00:00.0;-0.015633516052370643
2021-12-12T03:00:00.0;-0.015106357128735601
2021-12-12T04:00:00.0;-0.014628031801043447
2021-12-12T05:00:00.0;-0.014640642775064838
2021-12-12T06:00:00.0;-0.015155330189463427
2021-12-12T07:00:00.0;-0.04445356936179017
2021-12-12T08:00:00.0;-0.0457427765223584
2021-12-12T09:00:00.0;-0.044072114016212915
2021-12-12T10:00:00.0;-0.04136842253203811
2021-12-12T11:00:00.0;-0.038755664245951615
2021-12-12T12:00:00.0;-0.013482270886086774
2021-12-12T13:00:00.0;-0.013478574330973787
2021-12-12T14:00:00.0;-0.013949937735309987
2021-12-12T15:00:00.0;-0.041375233321758666
2021-12-12T16:00:00.0;-0.04559555909450108
2021-12-12T17:00:00.0;-0.05225139648923591
2021-12-12T18:00:00.0;-0.05352164061813053
2021-12-12T19:00:00.0;-0.05404979162949292
2021-12-12T20:00:00.0;-0.054311894994862844
2021-12-12T21:00:00.0;-0.053418324563864916
2021-12-12T22:00:00.0;-0.05159374714562934
2021-12-12T23:00:00.0;-0.017859928640679226
2021-12-13T00:00:00.0;-0.023530727129653112
2021-12-13T01:00:00.0;-0.018196284681190764
2021-12-13T02:00:00.0;-0.02167786561894389
2021-12-13T03:00:00.0;-0.020941455910045297
2021-12-13T04:00:00.0;-0.020272266546869293
2021-12-13T05:00:00.0;-0.02011532976587187
2021-12-13T06:00:00.0;-0.020839946521817677
2021-12-13T07:00:00.0;-0.04494204333801267
2021-12-13T08:00:00.0;-0.046164662426150055
2021-12-13T09:00:00.0;-0.04456370763893615
2021-12-13T10:00:00.0;-0.04190841726645132
2021-12-13T11:00:00.0;-0.039431610683840546
2021-12-13T12:00:00.0;-0.018710116991640588
2021-12-13T13:00:00.0;-0.018741410555221015
2021-12-13T14:00:00.0;-0.019380872908497302
2021-12-13T15:00:00.0;-0.04214790439034773
2021-12-13T16:00:00.0;-0.0463409272304913
2021-12-13T17:00:00.0;-0.052294263789699626
2021-12-13T18:00:00.0;-0.05349451236966788
2021-12-13T19:00:00.0;-0.05409698960654624
2021-12-13T20:00:00.0;-0.05426313003632766
2021-12-13T21:00:00.0;-0.05343860757445054
2021-12-13T22:00:00.0;-0.05166165024100523
2021-12-13T23:00:00.0;-0.024624343806109335
2021-12-14T00:00:00.0;-0.03671467526355751
2021-12-14T01:00:00.0;-0.03320497598940783
2021-12-14T02:00:00.0;-0.03370194380634222
2021-12-14T03:00:00.0;-0.03253251451323369
2021-12-14T04:00:00.0;-0.031484104467085064
2021-12-14T05:00:00.0;-0.03122238719672987
2021-12-14T06:00:00.0;-0.032412036547294916
2021-12-14T07:00:00.0;-0.044491583758295504
2021-12-14T08:00:00.0;-0.04540074033932906
2021-12-14T09:00:00.0;-0.04396526135687653
2021-12-14T10:00:00.0;-0.04154012119953162
2021-12-14T11:00:00.0;-0.039498370375285516
2021-12-14T12:00:00.0;-0.02960228809007618
2021-12-14T13:00:00.0;-0.029806288920428615
2021-12-14T14:00:00.0;-0.03078607409076551
2021-12-14T15:00:00.0;-0.04247619147499079
2021-12-14T16:00:00.0;-0.04648603487214293
2021-12-14T17:00:00.0;-0.05223909442253721
2021-12-14T18:00:00.0;-0.05332790389303092
2021-12-14T19:00:00.0;-0.05406777442251977
2021-12-14T20:00:00.0;-0.05400130464916395
2021-12-14T21:00:00.0;-0.053297482979499475
2021-12-14T22:00:00.0;-0.05162972672126815
2021-12-14T23:00:00.0;-0.038394080351989705
2021-12-15T00:00:00.0;-0.030770175615774747
2021-12-15T01:00:00.0;-0.02644891048876923
2021-12-15T02:00:00.0;-0.02829160404626434
2021-12-15T03:00:00.0;-0.027319295310337256
2021-12-15T04:00:00.0;-0.026442264730091165
2021-12-15T05:00:00.0;-0.026229337263435893
2021-12-15T06:00:00.0;-0.027203884313716176
2021-12-15T07:00:00.0;-0.0446954859644212
2021-12-15T08:00:00.0;-0.045746532579500766
2021-12-15T09:00:00.0;-0.04423615039763704
2021-12-15T10:00:00.0;-0.041706831869720615
2021-12-15T11:00:00.0;-0.03946815137726295
2021-12-15T12:00:00.0;-0.02465355426345459
2021-12-15T13:00:00.0;-0.024765432504935674
2021-12-15T14:00:00.0;-0.025593418379242484
2021-12-15T15:00:00.0;-0.04232759124985044
2021-12-15T16:00:00.0;-0.046420351342377965
2021-12-15T17:00:00.0;-0.05226406704207356
2021-12-15T18:00:00.0;-0.05340331979396866
2021-12-15T19:00:00.0;-0.054080998768567666
2021-12-15T20:00:00.0;-0.05411982069003931
2021-12-15T21:00:00.0;-0.053361363387537976
2021-12-15T22:00:00.0;-0.051644176949074035
2021-12-15T23:00:00.0;-0.0321879464045438
2021-12-16T00:00:00.0;-0.04743435772920234
2021-12-16T01:00:00.0;-0.04534046865659823
2021-12-16T02:00:00.0;-0.04341071410425088
2021-12-16T03:00:00.0;-0.04187782234810701
2021-12-16T04:00:00.0;-0.04051869039927138
2021-12-16T05:00:00.0;-0.04016240621799674
2021-12-16T06:00:00.0;-0.04176305888638203
2021-12-16T07:00:00.0;-0.04412050144428878
2021-12-16T08:00:00.0;-0.04477143160559316
2021-12-16T09:00:00.0;-0.043472269039997305
2021-12-16T10:00:00.0;-0.04123672353061393
2021-12-16T11:00:00.0;-0.039553365926225915
2021-12-16T12:00:00.0;-0.03868639301679852
2021-12-16T13:00:00.0;-0.03911723605757657
2021-12-16T14:00:00.0;-0.04036373593467814
2021-12-16T15:00:00.0;-0.042746628906600866
2021-12-16T16:00:00.0;-0.046605572615453214
2021-12-16T17:00:00.0;-0.05219364666760604
2021-12-16T18:00:00.0;-0.05319065443701079
2021-12-16T19:00:00.0;-0.05404370745746867
2021-12-16T20:00:00.0;-0.053785617735904116
2021-12-16T21:00:00.0;-0.05318122751086799
2021-12-16T22:00:00.0;-0.051603429009595865
2021-12-16T23:00:00.0;-0.04957495154142947
2021-12-17T00:00:00.0;-0.04743435772920234
2021-12-17T01:00:00.0;-0.04534046865659823
2021-12-17T02:00:00.0;-0.04341071410425088
2021-12-17T03:00:00.0;-0.04187782234810701
2021-12-17T04:00:00.0;-0.04051869039927138
2021-12-17T05:00:00.0;-0.04016240621799674
2021-12-17T06:00:00.0;-0.04176305888638203
2021-12-17T07:00:00.0;-0.04412050144428878
2021-12-17T08:00:00.0;-0.04477143160559316
2021-12-17T09:00:00.0;-0.043472269039997305
2021-12-17T10:00:00.0;-0.04123672353061393
2021-12-17T11:00:00.0;-0.039553365926225915
2021-12-17T12:00:00.0;-0.03868639301679852
2021-12-17T13:00:00.0;-0.03911723605757657
2021-12-17T14:00:00.0;-0.04036373593467814
2021-12-17T15:00:00.0;-0.042746628906600866
2021-12-17T16:00:00.0;-0.046605572615453214
2021-12-17T17:00:00.0;-0.05219364666760604
2021-12-17T18:00:00.0;-0.05319065443701079
2021-12-17T19:00:00.0;-0.05404370745746867
2021-12-17T20:00:00.0;-0.053785617735904116
2021-12-17T21:00:00.0;-0.05318122751086799
2021-12-17T22:00:00.0;-0.051603429009595865
2021-12-17T23:00:00.0;-0.04957495154142947
2021-12-18T00:00:00.0;-0.046670070057167605
2021-12-18T01:00:00.0;-0.04447730399894784
2021-12-18T02:00:00.0;-0.04272056818995531
2021-12-18T03:00:00.0;-0.0412139370462828
2021-12-18T04:00:00.0;-0.03987703140051633
2021-12-18T05:00:00.0;-0.03952777503624949
2021-12-18T06:00:00.0;-0.04109812236882438
2021-12-18T07:00:00.0;-0.04414710552556989
2021-12-18T08:00:00.0;-0.04481654877860577
2021-12-18T09:00:00.0;-0.043507613259125194
2021-12-18T10:00:00.0;-0.041258475097927766
2021-12-18T11:00:00.0;-0.0395494231233285
2021-12-18T12:00:00.0;-0.038031778985413385
2021-12-18T13:00:00.0;-0.038443816746034615
2021-12-18T14:00:00.0;-0.03967160498066381
2021-12-18T15:00:00.0;-0.04272724040638539
2021-12-18T16:00:00.0;-0.046597002568422155
2021-12-18T17:00:00.0;-0.05219690496293425
2021-12-18T18:00:00.0;-0.05320049428225974
2021-12-18T19:00:00.0;-0.05404543289250599
2021-12-18T20:00:00.0;-0.053801080986846474
2021-12-18T21:00:00.0;-0.0531895622081406
2021-12-18T22:00:00.0;-0.051605314363716265
2021-12-18T23:00:00.0;-0.048778242348523085
2021-12-19T00:00:00.0;-0.0381352161783394
2021-12-19T01:00:00.0;-0.029936632819464303
2021-12-19T02:00:00.0;-0.030318218104442744
2021-12-19T03:00:00.0;-0.02924673548523028
2021-12-19T04:00:00.0;-0.028266849317449674
2021-12-19T05:00:00.0;-0.027916380189223648
2021-12-19T06:00:00.0;-0.02877108925725529
2021-12-19T07:00:00.0;-0.0389138341305534
2021-12-19T08:00:00.0;-0.039607703789844
2021-12-19T09:00:00.0;-0.040388183436440385
2021-12-19T10:00:00.0;-0.04102320165573782
2021-12-19T11:00:00.0;-0.03496812763349941
2021-12-19T12:00:00.0;-0.026492509993609234
2021-12-19T13:00:00.0;-0.026650627770822194
2021-12-19T14:00:00.0;-0.02749803082835289
2021-12-19T15:00:00.0;-0.037536251560876664
2021-12-19T16:00:00.0;-0.04096806177633871
2021-12-19T17:00:00.0;-0.04603185872987048
2021-12-19T18:00:00.0;-0.04728051841020965
2021-12-19T19:00:00.0;-0.047956201539036764
2021-12-19T20:00:00.0;-0.047935200240874304
2021-12-19T21:00:00.0;-0.04738473052552542
2021-12-19T22:00:00.0;-0.04600478266191148
2021-12-19T23:00:00.0;-0.03352487924073224
2021-12-20T00:00:00.0;-0.04743435772920234
2021-12-20T01:00:00.0;-0.04534046865659823
2021-12-20T02:00:00.0;-0.04341071410425088
2021-12-20T03:00:00.0;-0.04187782234810701
2021-12-20T04:00:00.0;-0.04051869039927138
2021-12-20T05:00:00.0;-0.04016240621799674
2021-12-20T06:00:00.0;-0.04176305888638203
2021-12-20T07:00:00.0;-0.04412050144428878
2021-12-20T08:00:00.0;-0.04477143160559316
2021-12-20T09:00:00.0;-0.043472269039997305
2021-12-20T10:00:00.0;-0.04123672353061393
2021-12-20T11:00:00.0;-0.039553365926225915
2021-12-20T12:00:00.0;-0.03868639301679852
2021-12-20T13:00:00.0;-0.03911723605757657
2021-12-20T14:00:00.0;-0.04036373593467814
2021-12-20T15:00:00.0;-0.042746628906600866
2021-12-20T16:00:00.0;-0.046605572615453214
2021-12-20T17:00:00.0;-0.05219364666760604
2021-12-20T18:00:00.0;-0.05319065443701079
2021-12-20T19:00:00.0;-0.05404370745746867
2021-12-20T20:00:00.0;-0.053785617735904116
2021-12-20T21:00:00.0;-0.05318122751086799
2021-12-20T22:00:00.0;-0.051603429009595865
2021-12-20T23:00:00.0;-0.04957495154142947
2021-12-21T00:00:00.0;-0.04743435772920234
2021-12-21T01:00:00.0;-0.04534046865659823
2021-12-21T02:00:00.0;-0.04341071410425088
2021-12-21T03:00:00.0;-0.04187782234810701
2021-12-21T04:00:00.0;-0.04051869039927138
2021-12-21T05:00:00.0;-0.04016240621799674
2021-12-21T06:00:00.0;-0.04176305888638203
2021-12-21T07:00:00.0;-0.04412050144428878
2021-12-21T08:00:00.0;-0.04477143160559316
2021-12-21T09:00:00.0;-0.043472269039997305
2021-12-21T10:00:00.0;-0.04123672353061393
2021-12-21T11:00:00.0;-0.039553365926225915
2021-12-21T12:00:00.0;-0.03868639301679852
2021-12-21T13:00:00.0;-0.03911723605757657
2021-12-21T14:00:00.0;-0.04036373593467814
2021-12-21T15:00:00.0;-0.042746628906600866
2021-12-21T16:00:00.0;-0.046605572615453214
2021-12-21T17:00:00.0;-0.05219364666760604
2021-12-21T18:00:00.0;-0.05319065443701079
2021-12-21T19:00:00.0;-0.05404370745746867
2021-12-21T20:00:00.0;-0.053785617735904116
2021-12-21T21:00:00.0;-0.05318122751086799
2021-12-21T22:00:00.0;-0.051603429009595865
2021-12-21T23:00:00.0;-0.04957495154142947
2021-12-22T00:00:00.0;-0.04614218618162406
2021-12-22T01:00:00.0;-0.04388093979001866
2021-12-22T02:00:00.0;-0.04224370591701662
2021-12-22T03:00:00.0;-0.040755181247726556
2021-12-22T04:00:00.0;-0.03943362045492843
2021-12-22T05:00:00.0;-0.039089192258344264
2021-12-22T06:00:00.0;-0.04063869883068207
2021-12-22T07:00:00.0;-0.04416546733059948
2021-12-22T08:00:00.0;-0.04484768808757404
2021-12-22T09:00:00.0;-0.04353200739658072
2021-12-22T10:00:00.0;-0.04127348775696859
2021-12-22T11:00:00.0;-0.03954670184954395
2021-12-22T12:00:00.0;-0.03758027394272569
2021-12-22T13:00:00.0;-0.037979561569217904
2021-12-22T14:00:00.0;-0.0391943983246774
2021-12-22T15:00:00.0;-0.0427138587029967
2021-12-22T16:00:00.0;-0.04659108762912126
2021-12-22T17:00:00.0;-0.05219915379772348
2021-12-22T18:00:00.0;-0.05320728562146631
2021-12-22T19:00:00.0;-0.05404662376650425
2021-12-22T20:00:00.0;-0.05381175353296369
2021-12-22T21:00:00.0;-0.053195314714943445
2021-12-22T22:00:00.0;-0.051606615612798445
2021-12-22T23:00:00.0;-0.0482279236524169
2021-12-23T00:00:00.0;-0.03590236143670673
2021-12-23T01:00:00.0;-0.01558848041373324
2021-12-23T02:00:00.0;-0.016971129537835302
2021-12-23T03:00:00.0;-0.016350705824635443
2021-12-23T04:00:00.0;-0.015754857961305373
2021-12-23T05:00:00.0;-0.015408837622331507
2021-12-23T06:00:00.0;-0.015585498241445556
2021-12-23T07:00:00.0;-0.02639422989375279
2021-12-23T08:00:00.0;-0.026772317736317983
2021-12-23T09:00:00.0;-0.0323892667159146
2021-12-23T10:00:00.0;-0.03994014773203422
2021-12-23T11:00:00.0;-0.024321219950407782
2021-12-23T12:00:00.0;-0.014533119317142365
2021-12-23T13:00:00.0;-0.014553694365343237
2021-12-23T14:00:00.0;-0.01498573675036169
2021-12-23T15:00:00.0;-0.025920432134133194
2021-12-23T16:00:00.0;-0.02815646730861502
2021-12-23T17:00:00.0;-0.031685319179125586
2021-12-23T18:00:00.0;-0.03307337038180843
2021-12-23T19:00:00.0;-0.033541636325758246
2021-12-23T20:00:00.0;-0.03365545619243371
2021-12-23T21:00:00.0;-0.033363961259937014
2021-12-23T22:00:00.0;-0.03253927170926828
2021-12-23T23:00:00.0;-0.0158508613776175
2021-12-24T00:00:00.0;-0.034811478062277156
2021-12-24T01:00:00.0;-0.03104397167698031
2021-12-24T02:00:00.0;-0.03197178771810425
2021-12-24T03:00:00.0;-0.03086580827580645
2021-12-24T04:00:00.0;-0.02987233835114394
2021-12-24T05:00:00.0;-0.029626521266234333
2021-12-24T06:00:00.0;-0.03074632192471544
2021-12-24T07:00:00.0;-0.044557009103116434
2021-12-24T08:00:00.0;-0.0455116934246018
2021-12-24T09:00:00.0;-0.04405218053746241
2021-12-24T10:00:00.0;-0.04159361304927325
2021-12-24T11:00:00.0;-0.03948867412192803
2021-12-24T12:00:00.0;-0.028011098974596114
2021-12-24T13:00:00.0;-0.028183027543782335
2021-12-24T14:00:00.0;-0.02911451074918323
2021-12-24T15:00:00.0;-0.0424285106980913
2021-12-24T16:00:00.0;-0.04646495923871637
2021-12-24T17:00:00.0;-0.05224710729438101
2021-12-24T18:00:00.0;-0.0533521023051633
2021-12-24T19:00:00.0;-0.05407201766655551
2021-12-24T20:00:00.0;-0.054039332416503036
2021-12-24T21:00:00.0;-0.053317980019360285
2021-12-24T22:00:00.0;-0.05163436329925857
2021-12-24T23:00:00.0;-0.036407568769225074
2021-12-25T00:00:00.0;-0.019060008421152616
2021-12-25T01:00:00.0;-0.005792163013035893
2021-12-25T02:00:00.0;-0.010285375939568532
2021-12-25T03:00:00.0;-0.009928675394721054
2021-12-25T04:00:00.0;-0.009595974755251235
2021-12-25T05:00:00.0;-0.009610237810517052
2021-12-25T06:00:00.0;-0.009841605575890606
2021-12-25T07:00:00.0;-0.03593943802591433
2021-12-25T08:00:00.0;-0.0368427538310312
2021-12-25T09:00:00.0;-0.038530290322447286
2021-12-25T10:00:00.0;-0.04045125311643709
2021-12-25T11:00:00.0;-0.03188630339271618
2021-12-25T12:00:00.0;-0.008856019230037784
2021-12-25T13:00:00.0;-0.008841205133864405
2021-12-25T14:00:00.0;-0.009136648617637827
2021-12-25T15:00:00.0;-0.03395539948500875
2021-12-25T16:00:00.0;-0.037271385835843045
2021-12-25T17:00:00.0;-0.04298882426925977
2021-12-25T18:00:00.0;-0.044448431392490814
2021-12-25T19:00:00.0;-0.04491016404714197
2021-12-25T20:00:00.0;-0.04518337229154698
2021-12-25T21:00:00.0;-0.044539827724298216
2021-12-25T22:00:00.0;-0.043161801317206705
2021-12-25T23:00:00.0;-0.010294520930538568
2021-12-26T00:00:00.0;-0.026214931165423387
2021-12-26T01:00:00.0;-0.02125929296633609
2021-12-26T02:00:00.0;-0.02413321486109757
2021-12-26T03:00:00.0;-0.023309866970812575
2021-12-26T04:00:00.0;-0.022563725740850346
2021-12-26T05:00:00.0;-0.022386463165750495
2021-12-26T06:00:00.0;-0.02320222400973784
2021-12-26T07:00:00.0;-0.04485084939987283
2021-12-26T08:00:00.0;-0.04601000916050767
2021-12-26T09:00:00.0;-0.04444255438675584
2021-12-26T10:00:00.0;-0.04183385709374537
2021-12-26T11:00:00.0;-0.039445125961916856
2021-12-26T12:00:00.0;-0.020903238391262062
2021-12-26T13:00:00.0;-0.020960407432175098
2021-12-26T14:00:00.0;-0.021670232644328515
2021-12-26T15:00:00.0;-0.042214365037081855
2021-12-26T16:00:00.0;-0.04637030374585584
2021-12-26T17:00:00.0;-0.05228309494777475
2021-12-26T18:00:00.0;-0.05346078304650589
2021-12-26T19:00:00.0;-0.054091075086265095
2021-12-26T20:00:00.0;-0.05421012429141833
2021-12-26T21:00:00.0;-0.053410037294879975
2021-12-26T22:00:00.0;-0.05165518739099026
2021-12-26T23:00:00.0;-0.027429435837785145
2021-12-27T00:00:00.0;-0.04084070067720333
2021-12-27T01:00:00.0;-0.026170887294064277
2021-12-27T02:00:00.0;-0.026227457374089425
2021-12-27T03:00:00.0;-0.025275816994424116
2021-12-27T04:00:00.0;-0.02438313256284728
2021-12-27T05:00:00.0;-0.023939343082476826
2021-12-27T06:00:00.0;-0.024419491615814658
2021-12-27T07:00:00.0;-0.03137850240333768
2021-12-27T08:00:00.0;-0.03180519310011331
2021-12-27T09:00:00.0;-0.035501808198472616
2021-12-27T10:00:00.0;-0.040277169762846676
2021-12-27T11:00:00.0;-0.028716846518594862
2021-12-27T12:00:00.0;-0.022772890719720117
2021-12-27T13:00:00.0;-0.02288553482864728
2021-12-27T14:00:00.0;-0.02357663080723307
2021-12-27T15:00:00.0;-0.030756347005919712
2021-12-27T16:00:00.0;-0.0334282688574014
2021-12-27T17:00:00.0;-0.03754371383697088
2021-12-27T18:00:00.0;-0.03889868112743476
2021-12-27T19:00:00.0;-0.039483384660184626
2021-12-27T20:00:00.0;-0.039501062657025465
2021-12-27T21:00:00.0;-0.039139205511830324
2021-12-27T22:00:00.0;-0.03812379794365287
2021-12-27T23:00:00.0;-0.027447414116918242
2021-12-28T00:00:00.0;-0.02050998805436756
2021-12-28T01:00:00.0;-0.004289853483924905
2021-12-28T02:00:00.0;-0.008895119254248572
2021-12-28T03:00:00.0;-0.008584053798022285
2021-12-28T04:00:00.0;-0.008288155051951619
2021-12-28T05:00:00.0;-0.00815617825702795
2021-12-28T06:00:00.0;-0.008315479962309427
2021-12-28T07:00:00.0;-0.03351687602700983
2021-12-28T08:00:00.0;-0.034360258866586633
2021-12-28T09:00:00.0;-0.03732742505936182
2021-12-28T10:00:00.0;-0.040992613949578836
2021-12-28T11:00:00.0;-0.02999611508845285
2021-12-28T12:00:00.0;-0.0075329319654293125
2021-12-28T13:00:00.0;-0.007511953890908997
2021-12-28T14:00:00.0;-0.007755449002786554
2021-12-28T15:00:00.0;-0.0318447588745875
2021-12-28T16:00:00.0;-0.03488909336598962
2021-12-28T17:00:00.0;-0.03944115847295721
2021-12-28T18:00:00.0;-0.04091329047320598
2021-12-28T19:00:00.0;-0.0413594323408813
2021-12-28T20:00:00.0;-0.04163962901035859
2021-12-28T21:00:00.0;-0.04109991534779411
2021-12-28T22:00:00.0;-0.039882775426678035
2021-12-28T23:00:00.0;-0.007944283641511398
2021-12-29T00:00:00.0;-0.03451265376985331
2021-12-29T01:00:00.0;-0.015026687782659974
2021-12-29T02:00:00.0;-0.016681377333736945
2021-12-29T03:00:00.0;-0.0160748434664966
2021-12-29T04:00:00.0;-0.015493814376464637
2021-12-29T05:00:00.0;-0.015167940984239554
2021-12-29T06:00:00.0;-0.015364292819640496
2021-12-29T07:00:00.0;-0.027493527558051813
2021-12-29T08:00:00.0;-0.027920562428782023
2021-12-29T09:00:00.0;-0.03313189151762294
2021-12-29T10:00:00.0;-0.04008017954115114
2021-12-29T11:00:00.0;-0.02523840244731245
2021-12-29T12:00:00.0;-0.014279977284755002
2021-12-29T13:00:00.0;-0.014296784612066916
2021-12-29T14:00:00.0;-0.014726036673787435
2021-12-29T15:00:00.0;-0.02689489320434655
2021-12-29T16:00:00.0;-0.029244310183944376
2021-12-29T17:00:00.0;-0.032922272477607616
2021-12-29T18:00:00.0;-0.03432350655521211
2021-12-29T19:00:00.0;-0.034798783657487294
2021-12-29T20:00:00.0;-0.03492344860603639
2021-12-29T21:00:00.0;-0.03460282083715408
2021-12-29T22:00:00.0;-0.033725625718581675
2021-12-29T23:00:00.0;-0.015729669692124377
2021-12-30T00:00:00.0;-0.009678240475925207
2021-12-30T01:00:00.0;-0.0023312911913894864
2021-12-30T02:00:00.0;-0.00894886495905722
2021-12-30T03:00:00.0;-0.0086514622808582
2021-12-30T04:00:00.0;-0.008377379321427982
2021-12-30T05:00:00.0;-0.008317385197011534
2021-12-30T06:00:00.0;-0.008599546281610469
2021-12-30T07:00:00.0;-0.04540858105464844
2021-12-30T08:00:00.0;-0.046955850449961097
2021-12-30T09:00:00.0;-0.04518351323438824
2021-12-30T10:00:00.0;-0.04228985811382877
2021-12-30T11:00:00.0;-0.039362467944141055
2021-12-30T12:00:00.0;-0.007585345662819966
2021-12-30T13:00:00.0;-0.0075564446296807405
2021-12-30T14:00:00.0;-0.007824297868232665
2021-12-30T15:00:00.0;-0.04180789859618131
2021-12-30T16:00:00.0;-0.046190640430796744
2021-12-30T17:00:00.0;-0.05235140230228444
2021-12-30T18:00:00.0;-0.053667067954363365
2021-12-30T19:00:00.0;-0.05412724769492303
2021-12-30T20:00:00.0;-0.05453430235343166
2021-12-30T21:00:00.0;-0.05358477070020557
2021-12-30T22:00:00.0;-0.051694713813701935
2021-12-30T23:00:00.0;-0.010135163404007507
2021-12-31T00:00:00.0;-0.009678240475925207
2021-12-31T01:00:00.0;-0.0023312911913894864
2021-12-31T02:00:00.0;-0.00894886495905722
2021-12-31T03:00:00.0;-0.0086514622808582
2021-12-31T04:00:00.0;-0.008377379321427982
2021-12-31T05:00:00.0;-0.008317385197011534
2021-12-31T06:00:00.0;-0.008599546281610469
2021-12-31T07:00:00.0;-0.04540858105464844
2021-12-31T08:00:00.0;-0.046955850449961097
2021-12-31T09:00:00.0;-0.04518351323438824
2021-12-31T10:00:00.0;-0.04228985811382877
2021-12-31T11:00:00.0;-0.039362467944141055
2021-12-31T12:00:00.0;-0.007585345662819966
2021-12-31T13:00:00.0;-0.0075564446296807405
2021-12-31T14:00:00.0;-0.007824297868232665
2021-12-31T15:00:00.0;-0.04180789859618131
2021-12-31T16:00:00.0;-0.046190640430796744
2021-12-31T17:00:00.0;-0.05235140230228444
2021-12-31T18:00:00.0;-0.053667067954363365
2021-12-31T19:00:00.0;-0.05412724769492303
2021-12-31T20:00:00.0;-0.05453430235343166
2021-12-31T21:00:00.0;-0.05358477070020557
2021-12-31T22:00:00.0;-0.051694713813701935
2021-12-31T23:00:00.0;-0.010135163404007507
