Iteration;AgentType;Agent;Q_cfd_agent;cfd_payout_agent_total;cfd_premium_agent;cfd_penalty_agent;ζ_cfd;Q_cfd_bar
50;Gen;WindOffshore;0.0;0.0;0.0;31.21253548071681;-5230.455837008233;-7.900953800740365
50;Gen;MidMerit;51.155834926764754;267745.6225923885;-267316.5811085077;35.17047402775188;-5230.455837008233;42.768883868394184
50;Gen;Baseload;51.155834926764754;267745.6225923885;-267316.5811085077;35.17047402775188;-5230.455837008233;42.768883868394184
50;Gen;Peak;51.155834926764754;267745.6225923885;-267316.5811085077;35.17047402775188;-5230.455837008233;42.768883868394184
50;Gen;WindOnshore;0.0;0.0;0.0;31.21253548071681;-5230.455837008233;-7.900953800740365
50;Gen;SolarPanels;0.0;0.0;0.0;31.21253548071681;-5230.455837008233;-7.900953800740365
50;Cons;TypeC;19.083325;0.0;-99720.5734690006;31.212535480716753;-5230.455837008233;26.984278800740363
50;Cons;TypeA;15.750000000000002;0.0;-82302.16862820079;31.21253548071681;-5230.455837008233;23.650953800740368
50;Cons;TypeB;38.16665;0.0;-199441.1469380012;31.212535480716838;-5230.455837008233;46.067603800740365
