timestamp;elastic demand
2022-01-01T00:00:00.0;0.0379366946256745
2022-01-01T01:00:00.0;0.03586582474891465
2022-01-01T02:00:00.0;0.03430153090882663
2022-01-01T03:00:00.0;0.03286749540560904
2022-01-01T04:00:00.0;0.03165238627345447
2022-01-01T05:00:00.0;0.03086764487846773
2022-01-01T06:00:00.0;0.030733538746794103
2022-01-01T07:00:00.0;0.031248934134388767
2022-01-01T08:00:00.0;0.03197552373559348
2022-01-01T09:00:00.0;0.03129667237085522
2022-01-01T10:00:00.0;0.029223229766020282
2022-01-01T11:00:00.0;0.027870032801500865
2022-01-01T12:00:00.0;0.02795457210740363
2022-01-01T13:00:00.0;0.028180434263390768
2022-01-01T14:00:00.0;0.030424567627349425
2022-01-01T15:00:00.0;0.0321488782766041
2022-01-01T16:00:00.0;0.03560180477142666
2022-01-01T17:00:00.0;0.04018810659146344
2022-01-01T18:00:00.0;0.04144125868966616
2022-01-01T19:00:00.0;0.042041036605660664
2022-01-01T20:00:00.0;0.04222944078582755
2022-01-01T21:00:00.0;0.04260558250511816
2022-01-01T22:00:00.0;0.0418436051718226
2022-01-01T23:00:00.0;0.04022891331883086
2022-01-02T00:00:00.0;0.03749783218254788
2022-01-02T01:00:00.0;0.03550973379249062
2022-01-02T02:00:00.0;0.033933015067807624
2022-01-02T03:00:00.0;0.032476428553441516
2022-01-02T04:00:00.0;0.03135590605343972
2022-01-02T05:00:00.0;0.03074285168425741
2022-01-02T06:00:00.0;0.030932544583319527
2022-01-02T07:00:00.0;0.03168488559340346
2022-01-02T08:00:00.0;0.0324382157371365
2022-01-02T09:00:00.0;0.031303772630560875
2022-01-02T10:00:00.0;0.02865074014569623
2022-01-02T11:00:00.0;0.026989867579944107
2022-01-02T12:00:00.0;0.026902996394245655
2022-01-02T13:00:00.0;0.02770583800045641
2022-01-02T14:00:00.0;0.02975296359730441
2022-01-02T15:00:00.0;0.03230606960127479
2022-01-02T16:00:00.0;0.03608870063747692
2022-01-02T17:00:00.0;0.04091536593005161
2022-01-02T18:00:00.0;0.04204401176838658
2022-01-02T19:00:00.0;0.04249352211607488
2022-01-02T20:00:00.0;0.04252056890205548
2022-01-02T21:00:00.0;0.04218126283509502
2022-01-02T22:00:00.0;0.041518510851525296
2022-01-02T23:00:00.0;0.03998816421676063
2022-01-03T00:00:00.0;0.03838365922836339
2022-01-03T01:00:00.0;0.03642425117134363
2022-01-03T02:00:00.0;0.034840598162769916
2022-01-03T03:00:00.0;0.03338266486907687
2022-01-03T04:00:00.0;0.03226893162304222
2022-01-03T05:00:00.0;0.03177043857595204
2022-01-03T06:00:00.0;0.03228272740676312
2022-01-03T07:00:00.0;0.033437525670647436
2022-01-03T08:00:00.0;0.034314217641307515
2022-01-03T09:00:00.0;0.033255606002633865
2022-01-03T10:00:00.0;0.03076459003045915
2022-01-03T11:00:00.0;0.029180935409320558
2022-01-03T12:00:00.0;0.02895235510237224
2022-01-03T13:00:00.0;0.029543855650680368
2022-01-03T14:00:00.0;0.031138294825226374
2022-01-03T15:00:00.0;0.03351787562268355
2022-01-03T16:00:00.0;0.03702233057854782
2022-01-03T17:00:00.0;0.04189091235818798
2022-01-03T18:00:00.0;0.043232853430136504
2022-01-03T19:00:00.0;0.043744598430149786
2022-01-03T20:00:00.0;0.04371416606653754
2022-01-03T21:00:00.0;0.0431449815445484
2022-01-03T22:00:00.0;0.042292291099394266
2022-01-03T23:00:00.0;0.040715393706283444
2022-01-04T00:00:00.0;0.03851458298223975
2022-01-04T01:00:00.0;0.036321689953452085
2022-01-04T02:00:00.0;0.034783544891903787
2022-01-04T03:00:00.0;0.03338711738621173
2022-01-04T04:00:00.0;0.0319943382113165
2022-01-04T05:00:00.0;0.030888830002493574
2022-01-04T06:00:00.0;0.030181227821009543
2022-01-04T07:00:00.0;0.030216705587596024
2022-01-04T08:00:00.0;0.030732154530433046
2022-01-04T09:00:00.0;0.030717719567549033
2022-01-04T10:00:00.0;0.029646244810826086
2022-01-04T11:00:00.0;0.02886201634421509
2022-01-04T12:00:00.0;0.029225877758918564
2022-01-04T13:00:00.0;0.028466796382721822
2022-01-04T14:00:00.0;0.03109753757519443
2022-01-04T15:00:00.0;0.03150366109435753
2022-01-04T16:00:00.0;0.03450934914443518
2022-01-04T17:00:00.0;0.038538046941071304
2022-01-04T18:00:00.0;0.04006431675923019
2022-01-04T19:00:00.0;0.04092244512275109
2022-01-04T20:00:00.0;0.04136787216757116
2022-01-04T21:00:00.0;0.04307674189488289
2022-01-04T22:00:00.0;0.042105635282691116
2022-01-04T23:00:00.0;0.04036267169002571
2022-01-05T00:00:00.0;0.03925964207190816
2022-01-05T01:00:00.0;0.03733456897815946
2022-01-05T02:00:00.0;0.03574838061524263
2022-01-05T03:00:00.0;0.03429100408375091
2022-01-05T04:00:00.0;0.03316236336898371
2022-01-05T05:00:00.0;0.03274693061692721
2022-01-05T06:00:00.0;0.033551140061508854
2022-01-05T07:00:00.0;0.03505514774169812
2022-01-05T08:00:00.0;0.03594569022840265
2022-01-05T09:00:00.0;0.03494212975684682
2022-01-05T10:00:00.0;0.032699399193008245
2022-01-05T11:00:00.0;0.0312638312026342
2022-01-05T12:00:00.0;0.030894890248371307
2022-01-05T13:00:00.0;0.031194551420289908
2022-01-05T14:00:00.0;0.03236426449382641
2022-01-05T15:00:00.0;0.03453003937068416
2022-01-05T16:00:00.0;0.03777999025034919
2022-01-05T17:00:00.0;0.042563558877194464
2022-01-05T18:00:00.0;0.04418904030787667
2022-01-05T19:00:00.0;0.04478572360254451
2022-01-05T20:00:00.0;0.04469995297185254
2022-01-05T21:00:00.0;0.044045608202584755
2022-01-05T22:00:00.0;0.04295159504423412
2022-01-05T23:00:00.0;0.04132622462576533
2022-01-06T00:00:00.0;0.03815663943419839
2022-01-06T01:00:00.0;0.03603932744019757
2022-01-06T02:00:00.0;0.034484985847846455
2022-01-06T03:00:00.0;0.03306526398102672
2022-01-06T04:00:00.0;0.03178253347687825
2022-01-06T05:00:00.0;0.03087570795500611
2022-01-06T06:00:00.0;0.030523328730564764
2022-01-06T07:00:00.0;0.03085606705636141
2022-01-06T08:00:00.0;0.03150229634030482
2022-01-06T09:00:00.0;0.03107632243298969
2022-01-06T10:00:00.0;0.02938422965808532
2022-01-06T11:00:00.0;0.028247582596162137
2022-01-06T12:00:00.0;0.028438432138354217
2022-01-06T13:00:00.0;0.028289423933782847
2022-01-06T14:00:00.0;0.030680700571781506
2022-01-06T15:00:00.0;0.03190330805877959
2022-01-06T16:00:00.0;0.03518601521456554
2022-01-06T17:00:00.0;0.03956009246083713
2022-01-06T18:00:00.0;0.04091719339956682
2022-01-06T19:00:00.0;0.04161529971942425
2022-01-06T20:00:00.0;0.04190152702426379
2022-01-06T21:00:00.0;0.04278490617653256
2022-01-06T22:00:00.0;0.041943334058742655
2022-01-06T23:00:00.0;0.040279821870645494
2022-01-07T00:00:00.0;0.03810706820438796
2022-01-07T01:00:00.0;0.036054829336575174
2022-01-07T02:00:00.0;0.03448774376679975
2022-01-07T03:00:00.0;0.03305073970080582
2022-01-07T04:00:00.0;0.031846597829509875
2022-01-07T05:00:00.0;0.031109040339670952
2022-01-07T06:00:00.0;0.031095004823290757
2022-01-07T07:00:00.0;0.03173700418725255
2022-01-07T08:00:00.0;0.03248448712914258
2022-01-07T09:00:00.0;0.03176444896752178
2022-01-07T10:00:00.0;0.02967004603717742
2022-01-07T11:00:00.0;0.028306714001973703
2022-01-07T12:00:00.0;0.028333225845090747
2022-01-07T13:00:00.0;0.02856779686148006
2022-01-07T14:00:00.0;0.030674231964045257
2022-01-07T15:00:00.0;0.03245421453929179
2022-01-07T16:00:00.0;0.035880720827607786
2022-01-07T17:00:00.0;0.040491924027311395
2022-01-07T18:00:00.0;0.041793112307288285
2022-01-07T19:00:00.0;0.04239269472057717
2022-01-07T20:00:00.0;0.042546084324595765
2022-01-07T21:00:00.0;0.04279091038887107
2022-01-07T22:00:00.0;0.041986122271225126
2022-01-07T23:00:00.0;0.04036995856202027
2022-01-08T00:00:00.0;0.038792433480254164
2022-01-08T01:00:00.0;0.03676820241399665
2022-01-08T02:00:00.0;0.035198913146010154
2022-01-08T03:00:00.0;0.03376205014026105
2022-01-08T04:00:00.0;0.03254757219134299
2022-01-08T05:00:00.0;0.03187797116018963
2022-01-08T06:00:00.0;0.03209839223653214
2022-01-08T07:00:00.0;0.033019229490793736
2022-01-08T08:00:00.0;0.03377929126344345
2022-01-08T09:00:00.0;0.033097357074294204
2022-01-08T10:00:00.0;0.031190582228337132
2022-01-08T11:00:00.0;0.02993938508587392
2022-01-08T12:00:00.0;0.029853137734336094
2022-01-08T13:00:00.0;0.029865642319623454
2022-01-08T14:00:00.0;0.031634499582277716
2022-01-08T15:00:00.0;0.033256511661039684
2022-01-08T16:00:00.0;0.03648610443232658
2022-01-08T17:00:00.0;0.04103476038117378
2022-01-08T18:00:00.0;0.042557108722621965
2022-01-08T19:00:00.0;0.04322154631604831
2022-01-08T20:00:00.0;0.043329317877219574
2022-01-08T21:00:00.0;0.04349652961961293
2022-01-08T22:00:00.0;0.04250332652665507
2022-01-08T23:00:00.0;0.04084999934565242
2022-01-09T00:00:00.0;0.03732366560086847
2022-01-09T01:00:00.0;0.035328272791167716
2022-01-09T02:00:00.0;0.033776776015310615
2022-01-09T03:00:00.0;0.03233561742136622
2022-01-09T04:00:00.0;0.031088989981868594
2022-01-09T05:00:00.0;0.030252360255175328
2022-01-09T06:00:00.0;0.030117326337491385
2022-01-09T07:00:00.0;0.030446428443638665
2022-01-09T08:00:00.0;0.030668396190300228
2022-01-09T09:00:00.0;0.029551846096354015
2022-01-09T10:00:00.0;0.02740436760104521
2022-01-09T11:00:00.0;0.02612607831979832
2022-01-09T12:00:00.0;0.0261363376713272
2022-01-09T13:00:00.0;0.026474445814002455
2022-01-09T14:00:00.0;0.028835215792004182
2022-01-09T15:00:00.0;0.03101842319037837
2022-01-09T16:00:00.0;0.03489158167587077
2022-01-09T17:00:00.0;0.03907090507972826
2022-01-09T18:00:00.0;0.040486451713110626
2022-01-09T19:00:00.0;0.041062644498172686
2022-01-09T20:00:00.0;0.04116289637348015
2022-01-09T21:00:00.0;0.04174306733718296
2022-01-09T22:00:00.0;0.040877953848761556
2022-01-09T23:00:00.0;0.03932807159794868
2022-01-10T00:00:00.0;0.037954426640595784
2022-01-10T01:00:00.0;0.0359647835665148
2022-01-10T02:00:00.0;0.03448947178049872
2022-01-10T03:00:00.0;0.03299558919127449
2022-01-10T04:00:00.0;0.031783597868668814
2022-01-10T05:00:00.0;0.03068543114720327
2022-01-10T06:00:00.0;0.030873480750533467
2022-01-10T07:00:00.0;0.030233274661054604
2022-01-10T08:00:00.0;0.028706909073046804
2022-01-10T09:00:00.0;0.02801044126210543
2022-01-10T10:00:00.0;0.026873302119647644
2022-01-10T11:00:00.0;0.02657478477676514
2022-01-10T12:00:00.0;0.027278795801222184
2022-01-10T13:00:00.0;0.02706725062930224
2022-01-10T14:00:00.0;0.029734425996862244
2022-01-10T15:00:00.0;0.02978496816606212
2022-01-10T16:00:00.0;0.033330771526958805
2022-01-10T17:00:00.0;0.03680673608622925
2022-01-10T18:00:00.0;0.039257962746648806
2022-01-10T19:00:00.0;0.04047416404941985
2022-01-10T20:00:00.0;0.04063880250090104
2022-01-10T21:00:00.0;0.041659425653148
2022-01-10T22:00:00.0;0.04032364715292272
2022-01-10T23:00:00.0;0.03851643222511747
2022-01-11T00:00:00.0;0.03839690905960841
2022-01-11T01:00:00.0;0.03627639632147518
2022-01-11T02:00:00.0;0.03478225464927409
2022-01-11T03:00:00.0;0.03334404494404227
2022-01-11T04:00:00.0;0.03199223804880894
2022-01-11T05:00:00.0;0.030782221565434167
2022-01-11T06:00:00.0;0.03038145778002105
2022-01-11T07:00:00.0;0.02987645058706806
2022-01-11T08:00:00.0;0.029178207634243853
2022-01-11T09:00:00.0;0.0290072199887806
2022-01-11T10:00:00.0;0.028238289561661422
2022-01-11T11:00:00.0;0.027918428312981438
2022-01-11T12:00:00.0;0.02856715197188315
2022-01-11T13:00:00.0;0.027780851473000856
2022-01-11T14:00:00.0;0.030562883663592666
2022-01-11T15:00:00.0;0.030323741401378116
2022-01-11T16:00:00.0;0.03348013183777512
2022-01-11T17:00:00.0;0.03701081817283153
2022-01-11T18:00:00.0;0.03914699234009992
2022-01-11T19:00:00.0;0.04029290808171744
2022-01-11T20:00:00.0;0.04066829184934037
2022-01-11T21:00:00.0;0.042443430480805955
2022-01-11T22:00:00.0;0.041197511840147784
2022-01-11T23:00:00.0;0.03937517164793358
2022-01-12T00:00:00.0;0.038605321630554315
2022-01-12T01:00:00.0;0.036423168289377875
2022-01-12T02:00:00.0;0.03492015759815634
2022-01-12T03:00:00.0;0.0335081702429802
2022-01-12T04:00:00.0;0.0320905091540037
2022-01-12T05:00:00.0;0.030827810585561666
2022-01-12T06:00:00.0;0.030149711234072958
2022-01-12T07:00:00.0;0.0297083837454501
2022-01-12T08:00:00.0;0.029400192826427002
2022-01-12T09:00:00.0;0.029476710319162804
2022-01-12T10:00:00.0;0.02888120898597158
2022-01-12T11:00:00.0;0.028551294595991185
2022-01-12T12:00:00.0;0.029173977486941206
2022-01-12T13:00:00.0;0.028116962875565192
2022-01-12T14:00:00.0;0.030953093499790033
2022-01-12T15:00:00.0;0.030577507676159407
2022-01-12T16:00:00.0;0.033550481675501946
2022-01-12T17:00:00.0;0.037106942381444595
2022-01-12T18:00:00.0;0.03909472443806807
2022-01-12T19:00:00.0;0.04020753514800305
2022-01-12T20:00:00.0;0.04068218155582289
2022-01-12T21:00:00.0;0.04281270269309137
2022-01-12T22:00:00.0;0.041609108726934414
2022-01-12T23:00:00.0;0.03977964442061701
2022-01-13T00:00:00.0;0.03845292597611551
2022-01-13T01:00:00.0;0.03631584554008168
2022-01-13T02:00:00.0;0.03481932006206833
2022-01-13T03:00:00.0;0.0333881583731199
2022-01-13T04:00:00.0;0.0320186512554105
2022-01-13T05:00:00.0;0.030794474935384605
2022-01-13T06:00:00.0;0.030319169181707316
2022-01-13T07:00:00.0;0.029831277754202003
2022-01-13T08:00:00.0;0.0292378725859303
2022-01-13T09:00:00.0;0.02913340911700135
2022-01-13T10:00:00.0;0.02841109278341008
2022-01-13T11:00:00.0;0.028088529461749067
2022-01-13T12:00:00.0;0.028730253909818582
2022-01-13T13:00:00.0;0.027871191150156974
2022-01-13T14:00:00.0;0.030667763862110967
2022-01-13T15:00:00.0;0.030391948439764636
2022-01-13T16:00:00.0;0.033499040394818234
2022-01-13T17:00:00.0;0.037036654338777515
2022-01-13T18:00:00.0;0.03913294382713916
2022-01-13T19:00:00.0;0.040269961632383125
2022-01-13T20:00:00.0;0.040672025110365884
2022-01-13T21:00:00.0;0.04254268308629947
2022-01-13T22:00:00.0;0.04130814042813105
2022-01-13T23:00:00.0;0.03948388542385395
2022-01-14T00:00:00.0;0.03836654775272582
2022-01-14T01:00:00.0;0.03625501474771007
2022-01-14T02:00:00.0;0.034762165104137606
2022-01-14T03:00:00.0;0.03332013535670003
2022-01-14T04:00:00.0;0.03197792202569687
2022-01-14T05:00:00.0;0.03077558020870465
2022-01-14T06:00:00.0;0.030415218353908587
2022-01-14T07:00:00.0;0.02990093437387608
2022-01-14T08:00:00.0;0.029145869083298127
2022-01-14T09:00:00.0;0.028938825170107
2022-01-14T10:00:00.0;0.028144629789346984
2022-01-14T11:00:00.0;0.02782623307088593
2022-01-14T12:00:00.0;0.028478750319318503
2022-01-14T13:00:00.0;0.027731887145207773
2022-01-14T14:00:00.0;0.030506038337364864
2022-01-14T15:00:00.0;0.030286773018376463
2022-01-14T16:00:00.0;0.03346988335322992
2022-01-14T17:00:00.0;0.036996814907177725
2022-01-14T18:00:00.0;0.03915460666876779
2022-01-14T19:00:00.0;0.040305345113841776
2022-01-14T20:00:00.0;0.040666268412658454
2022-01-14T21:00:00.0;0.04238963532387504
2022-01-14T22:00:00.0;0.041137550872654645
2022-01-14T23:00:00.0;0.03931624851330039
2022-01-15T00:00:00.0;0.0386151795678519
2022-01-15T01:00:00.0;0.03643011061944012
2022-01-15T02:00:00.0;0.03492668042265326
2022-01-15T03:00:00.0;0.03351593338748983
2022-01-15T04:00:00.0;0.03209515738797911
2022-01-15T05:00:00.0;0.0308299669511774
2022-01-15T06:00:00.0;0.03013874959721718
2022-01-15T07:00:00.0;0.02970043416554255
2022-01-15T08:00:00.0;0.029410692750186884
2022-01-15T09:00:00.0;0.02949891726290772
2022-01-15T10:00:00.0;0.02891161914474215
2022-01-15T11:00:00.0;0.028581229240083664
2022-01-15T12:00:00.0;0.029202680399874264
2022-01-15T13:00:00.0;0.0281328609815021
2022-01-15T14:00:00.0;0.030971550467527992
2022-01-15T15:00:00.0;0.030589510848586486
2022-01-15T16:00:00.0;0.03355380923048607
2022-01-15T17:00:00.0;0.03711148906697794
2022-01-15T18:00:00.0;0.03909225216061107
2022-01-15T19:00:00.0;0.040203496998943
2022-01-15T20:00:00.0;0.040682838540451814
2022-01-15T21:00:00.0;0.04283016930893862
2022-01-15T22:00:00.0;0.041628577304493854
2022-01-15T23:00:00.0;0.0397987760268037
2022-01-16T00:00:00.0;0.038545141075928456
2022-01-16T01:00:00.0;0.036339368215092344
2022-01-16T02:00:00.0;0.034807433709971074
2022-01-16T03:00:00.0;0.03341689800336207
2022-01-16T04:00:00.0;0.031988522701864544
2022-01-16T05:00:00.0;0.030819346276125363
2022-01-16T06:00:00.0;0.03000885078381065
2022-01-16T07:00:00.0;0.02993612942633234
2022-01-16T08:00:00.0;0.030353636836055436
2022-01-16T09:00:00.0;0.03040614953422294
2022-01-16T10:00:00.0;0.029505431245502273
2022-01-16T11:00:00.0;0.028832095679810626
2022-01-16T12:00:00.0;0.029237170854950152
2022-01-16T13:00:00.0;0.028314934966072475
2022-01-16T14:00:00.0;0.03102885603656031
2022-01-16T15:00:00.0;0.03125338682623489
2022-01-16T16:00:00.0;0.03422896987731344
2022-01-16T17:00:00.0;0.03810926182194056
2022-01-16T18:00:00.0;0.03970382143288841
2022-01-16T19:00:00.0;0.040605442751066964
2022-01-16T20:00:00.0;0.041086434852282964
2022-01-16T21:00:00.0;0.04305845800177728
2022-01-16T22:00:00.0;0.04203758738814553
2022-01-16T23:00:00.0;0.040279353584511096
2022-01-17T00:00:00.0;0.03854769259793052
2022-01-17T01:00:00.0;0.036355177109903054
2022-01-17T02:00:00.0;0.03482617723516312
2022-01-17T03:00:00.0;0.033426614386370505
2022-01-17T04:00:00.0;0.03202439891028127
2022-01-17T05:00:00.0;0.030874185690966713
2022-01-17T06:00:00.0;0.030163189200364603
2022-01-17T07:00:00.0;0.030072232843440596
2022-01-17T08:00:00.0;0.030380768401651794
2022-01-17T09:00:00.0;0.030401104909922618
2022-01-17T10:00:00.0;0.029465567841508496
2022-01-17T11:00:00.0;0.028803886606347445
2022-01-17T12:00:00.0;0.02923672936625745
2022-01-17T13:00:00.0;0.028385905071060938
2022-01-17T14:00:00.0;0.031074454425297743
2022-01-17T15:00:00.0;0.031263410626453214
2022-01-17T16:00:00.0;0.03425271897324668
2022-01-17T17:00:00.0;0.038154663740331725
2022-01-17T18:00:00.0;0.03979975284525798
2022-01-17T19:00:00.0;0.04072545245155322
2022-01-17T20:00:00.0;0.04118286049063398
2022-01-17T21:00:00.0;0.04302043134430881
2022-01-17T22:00:00.0;0.041988138831927424
2022-01-17T23:00:00.0;0.0402214715887598
2022-01-18T00:00:00.0;0.03884312552419516
2022-01-18T01:00:00.0;0.03659063873171338
2022-01-18T02:00:00.0;0.035077508270622566
2022-01-18T03:00:00.0;0.033695441264854104
2022-01-18T04:00:00.0;0.032202638913459376
2022-01-18T05:00:00.0;0.030879828784101157
2022-01-18T06:00:00.0;0.029885282698336613
2022-01-18T07:00:00.0;0.02951661532597677
2022-01-18T08:00:00.0;0.029653483416299652
2022-01-18T09:00:00.0;0.030012410387948926
2022-01-18T10:00:00.0;0.029614795936626147
2022-01-18T11:00:00.0;0.029273410663993575
2022-01-18T12:00:00.0;0.029866380395203736
2022-01-18T13:00:00.0;0.028500474291714987
2022-01-18T14:00:00.0;0.03139833256556968
2022-01-18T15:00:00.0;0.030867061266635416
2022-01-18T16:00:00.0;0.033630752578799716
2022-01-18T17:00:00.0;0.03721662247884747
2022-01-18T18:00:00.0;0.03903508547023039
2022-01-18T19:00:00.0;0.040110122520939914
2022-01-18T20:00:00.0;0.04069803005415522
2022-01-18T21:00:00.0;0.04323405141258695
2022-01-18T22:00:00.0;0.042078750945942954
2022-01-18T23:00:00.0;0.0402411578493861
2022-01-19T00:00:00.0;0.03911501678804891
2022-01-19T01:00:00.0;0.03697425396825892
2022-01-19T02:00:00.0;0.03542887202263389
2022-01-19T03:00:00.0;0.03402546530715499
2022-01-19T04:00:00.0;0.03265564160811032
2022-01-19T05:00:00.0;0.03168129821841884
2022-01-19T06:00:00.0;0.03132520961779758
2022-01-19T07:00:00.0;0.031740442817384806
2022-01-19T08:00:00.0;0.0323089246410626
2022-01-19T09:00:00.0;0.03220807660656125
2022-01-19T10:00:00.0;0.03114111690513891
2022-01-19T11:00:00.0;0.030365242700580847
2022-01-19T12:00:00.0;0.03055938349320053
2022-01-19T13:00:00.0;0.029756889292962035
2022-01-19T14:00:00.0;0.03196470917362134
2022-01-19T15:00:00.0;0.03245694972823971
2022-01-19T16:00:00.0;0.03534340388771095
2022-01-19T17:00:00.0;0.039412958667761504
2022-01-19T18:00:00.0;0.04111656712339212
2022-01-19T19:00:00.0;0.041992926609394736
2022-01-19T20:00:00.0;0.042342404768304844
2022-01-19T21:00:00.0;0.043718376556315205
2022-01-19T22:00:00.0;0.04259172622389351
2022-01-19T23:00:00.0;0.04083457032233123
2022-01-20T00:00:00.0;0.039585512838216146
2022-01-20T01:00:00.0;0.037673212552604904
2022-01-20T02:00:00.0;0.03608608102297112
2022-01-20T03:00:00.0;0.03462891161029061
2022-01-20T04:00:00.0;0.033494725229537614
2022-01-20T05:00:00.0;0.03311019139541296
2022-01-20T06:00:00.0;0.03402299702405406
2022-01-20T07:00:00.0;0.0356569126595553
2022-01-20T08:00:00.0;0.0365526076196335
2022-01-20T09:00:00.0;0.03556952650580371
2022-01-20T10:00:00.0;0.033419159573141045
2022-01-20T11:00:00.0;0.03203868067977709
2022-01-20T12:00:00.0;0.03161752473975626
2022-01-20T13:00:00.0;0.03180861994839862
2022-01-20T14:00:00.0;0.03282033241607062
2022-01-20T15:00:00.0;0.03490657023384058
2022-01-20T16:00:00.0;0.03806184410133497
2022-01-20T17:00:00.0;0.0428137873356835
2022-01-20T18:00:00.0;0.044544747446297245
2022-01-20T19:00:00.0;0.045173028285793664
2022-01-20T20:00:00.0;0.04506667149450242
2022-01-20T21:00:00.0;0.04438064661272539
2022-01-20T22:00:00.0;0.0431968599867134
2022-01-20T23:00:00.0;0.04155345731791566
2022-01-21T00:00:00.0;0.03842549433607441
2022-01-21T01:00:00.0;0.036316518327316034
2022-01-21T02:00:00.0;0.03479247611696175
2022-01-21T03:00:00.0;0.033362031101008674
2022-01-21T04:00:00.0;0.03204558249376841
2022-01-21T05:00:00.0;0.03100468408899053
2022-01-21T06:00:00.0;0.030696407878538848
2022-01-21T07:00:00.0;0.030668085270550895
2022-01-21T08:00:00.0;0.03061929183350322
2022-01-21T09:00:00.0;0.03031657538600248
2022-01-21T10:00:00.0;0.029123471746650323
2022-01-21T11:00:00.0;0.028424611565620792
2022-01-21T12:00:00.0;0.028821190280336365
2022-01-21T13:00:00.0;0.028314612020738684
2022-01-21T14:00:00.0;0.03082132366829024
2022-01-21T15:00:00.0;0.03127903520122939
2022-01-21T16:00:00.0;0.03446253866793258
2022-01-21T17:00:00.0;0.03839513309435806
2022-01-21T18:00:00.0;0.040204266006813115
2022-01-21T19:00:00.0;0.041145451110581585
2022-01-21T20:00:00.0;0.041461454928172964
2022-01-21T21:00:00.0;0.04275691145621443
2022-01-21T22:00:00.0;0.0416656565620798
2022-01-21T23:00:00.0;0.03991364371208337
2022-01-22T00:00:00.0;0.03867453921812863
2022-01-22T01:00:00.0;0.03646665558647458
2022-01-22T02:00:00.0;0.03495524243513924
2022-01-22T03:00:00.0;0.03355573897655698
2022-01-22T04:00:00.0;0.03211567620637394
2022-01-22T05:00:00.0;0.03085426783692173
2022-01-22T06:00:00.0;0.03006303510532547
2022-01-22T07:00:00.0;0.029713458561010063
2022-01-22T08:00:00.0;0.029673831572600094
2022-01-22T09:00:00.0;0.029834901804665956
2022-01-22T10:00:00.0;0.02924095995089617
2022-01-22T11:00:00.0;0.02884351949527328
2022-01-22T12:00:00.0;0.029419748879852554
2022-01-22T13:00:00.0;0.028298023392305388
2022-01-22T14:00:00.0;0.031126675734245917
2022-01-22T15:00:00.0;0.030806850707919827
2022-01-22T16:00:00.0;0.03371231197114723
2022-01-22T17:00:00.0;0.037344985935473196
2022-01-22T18:00:00.0;0.0392098614439775
2022-01-22T19:00:00.0;0.04027402129804165
2022-01-22T20:00:00.0;0.04078359338875295
2022-01-22T21:00:00.0;0.04299479115955209
2022-01-22T22:00:00.0;0.0418403658967587
2022-01-22T23:00:00.0;0.04002020604079759
2022-01-23T00:00:00.0;0.03855404542832336
2022-01-23T01:00:00.0;0.0363870576599957
2022-01-23T02:00:00.0;0.03488622903298852
2022-01-23T03:00:00.0;0.03346779013547823
2022-01-23T04:00:00.0;0.03206633129831796
2022-01-23T05:00:00.0;0.030816594218885898
2022-01-23T06:00:00.0;0.03020672834538456
2022-01-23T07:00:00.0;0.029749733599348106
2022-01-23T08:00:00.0;0.02934557732240534
2022-01-23T09:00:00.0;0.029361200582792797
2022-01-23T10:00:00.0;0.028723030108999258
2022-01-23T11:00:00.0;0.028395589115436538
2022-01-23T12:00:00.0;0.029024678873677146
2022-01-23T13:00:00.0;0.02803426864953171
2022-01-23T14:00:00.0;0.03085708931740049
2022-01-23T15:00:00.0;0.030515073002636478
2022-01-23T16:00:00.0;0.03353317335052988
2022-01-23T17:00:00.0;0.03708329273143661
2022-01-23T18:00:00.0;0.03910758402471685
2022-01-23T19:00:00.0;0.04022853963825199
2022-01-23T20:00:00.0;0.040678764240853385
2022-01-23T21:00:00.0;0.042721849840264496
2022-01-23T22:00:00.0;0.04150784264155043
2022-01-23T23:00:00.0;0.03968013109666106
2022-01-24T00:00:00.0;0.0374388175798554
2022-01-24T01:00:00.0;0.0356016722811933
2022-01-24T02:00:00.0;0.034148302293342585
2022-01-24T03:00:00.0;0.03258954606803561
2022-01-24T04:00:00.0;0.0315404768706531
2022-01-24T05:00:00.0;0.03057264470758819
2022-01-24T06:00:00.0;0.03144681765791771
2022-01-24T07:00:00.0;0.0306490690920476
2022-01-24T08:00:00.0;0.028157721584401815
2022-01-24T09:00:00.0;0.026848930384060107
2022-01-24T10:00:00.0;0.02528273069204239
2022-01-24T11:00:00.0;0.025009084645166015
2022-01-24T12:00:00.0;0.02577752007475175
2022-01-24T13:00:00.0;0.026235716889308636
2022-01-24T14:00:00.0;0.028769053676851824
2022-01-24T15:00:00.0;0.029157154834103707
2022-01-24T16:00:00.0;0.033156727257033364
2022-01-24T17:00:00.0;0.03656892647286259
2022-01-24T18:00:00.0;0.039387272623453234
2022-01-24T19:00:00.0;0.040685375196450664
2022-01-24T20:00:00.0;0.04060443960963729
2022-01-24T21:00:00.0;0.04074585264903479
2022-01-24T22:00:00.0;0.03930536364326435
2022-01-24T23:00:00.0;0.03751577364933275
2022-01-25T00:00:00.0;0.03852819960824472
2022-01-25T01:00:00.0;0.03636885606180138
2022-01-25T02:00:00.0;0.034869127306403847
2022-01-25T03:00:00.0;0.03344743650264576
2022-01-25T04:00:00.0;0.03205414442642119
2022-01-25T05:00:00.0;0.030810940598250496
2022-01-25T06:00:00.0;0.030235467876321857
2022-01-25T07:00:00.0;0.02977057603380361
2022-01-25T08:00:00.0;0.02931804832398049
2022-01-25T09:00:00.0;0.029302977786765442
2022-01-25T10:00:00.0;0.02864329989075778
2022-01-25T11:00:00.0;0.028317105615087827
2022-01-25T12:00:00.0;0.02894942476107666
2022-01-25T13:00:00.0;0.027992586543708484
2022-01-25T14:00:00.0;0.030808698315007974
2022-01-25T15:00:00.0;0.03048360274414748
2022-01-25T16:00:00.0;0.033524449072334005
2022-01-25T17:00:00.0;0.03707137210213033
2022-01-25T18:00:00.0;0.03911406591199299
2022-01-25T19:00:00.0;0.040239126972184645
2022-01-25T20:00:00.0;0.04067704173988781
2022-01-25T21:00:00.0;0.04267605537059573
2022-01-25T22:00:00.0;0.04145679937178731
2022-01-25T23:00:00.0;0.039629971308016654
2022-01-26T00:00:00.0;0.03898638669753807
2022-01-26T01:00:00.0;0.036793590146280725
2022-01-26T02:00:00.0;0.03527829320310086
2022-01-26T03:00:00.0;0.03388320033900854
2022-01-26T04:00:00.0;0.03239158488775224
2022-01-26T05:00:00.0;0.03114662023947668
2022-01-26T06:00:00.0;0.03006700361295639
2022-01-26T07:00:00.0;0.029763138611454163
2022-01-26T08:00:00.0;0.030025726600850736
2022-01-26T09:00:00.0;0.03011991815469968
2022-01-26T10:00:00.0;0.029582407938784236
2022-01-26T11:00:00.0;0.029139273890723207
2022-01-26T12:00:00.0;0.02961602661243824
2022-01-26T13:00:00.0;0.02842088175960276
2022-01-26T14:00:00.0;0.031117940184518102
2022-01-26T15:00:00.0;0.030917226404782627
2022-01-26T16:00:00.0;0.03374259280103072
2022-01-26T17:00:00.0;0.03718670428119425
2022-01-26T18:00:00.0;0.0391096830556316
2022-01-26T19:00:00.0;0.040350227095175766
2022-01-26T20:00:00.0;0.041105251242373485
2022-01-26T21:00:00.0;0.04344368198672056
2022-01-26T22:00:00.0;0.04225839736238261
2022-01-26T23:00:00.0;0.04035802060236085
2022-01-27T00:00:00.0;0.039923045619603484
2022-01-27T01:00:00.0;0.03801859128284231
2022-01-27T02:00:00.0;0.036441146458406445
2022-01-27T03:00:00.0;0.03499160520924297
2022-01-27T04:00:00.0;0.03379518151298675
2022-01-27T05:00:00.0;0.03334820040096587
2022-01-27T06:00:00.0;0.03424168708709864
2022-01-27T07:00:00.0;0.03584630352988592
2022-01-27T08:00:00.0;0.03653275695291614
2022-01-27T09:00:00.0;0.03560474286340383
2022-01-27T10:00:00.0;0.03379712304305935
2022-01-27T11:00:00.0;0.03265172884653451
2022-01-27T12:00:00.0;0.032216922758431035
2022-01-27T13:00:00.0;0.03206270697418931
2022-01-27T14:00:00.0;0.033024341230370104
2022-01-27T15:00:00.0;0.03482464614306214
2022-01-27T16:00:00.0;0.03788742136751244
2022-01-27T17:00:00.0;0.04232889141492318
2022-01-27T18:00:00.0;0.044306402503369764
2022-01-27T19:00:00.0;0.04503081374653947
2022-01-27T20:00:00.0;0.044938004605392746
2022-01-27T21:00:00.0;0.0446219472720172
2022-01-27T22:00:00.0;0.043245508270260156
2022-01-27T23:00:00.0;0.04156856096579313
2022-01-28T00:00:00.0;0.03740965472715135
2022-01-28T01:00:00.0;0.03556384550880277
2022-01-28T02:00:00.0;0.03405512353075189
2022-01-28T03:00:00.0;0.032617735524678684
2022-01-28T04:00:00.0;0.03150685479744615
2022-01-28T05:00:00.0;0.03083761674017139
2022-01-28T06:00:00.0;0.030769266040943245
2022-01-28T07:00:00.0;0.030781205201205145
2022-01-28T08:00:00.0;0.030564644596833564
2022-01-28T09:00:00.0;0.029139022138525938
2022-01-28T10:00:00.0;0.027191976221105377
2022-01-28T11:00:00.0;0.025907566383266214
2022-01-28T12:00:00.0;0.025991535632657704
2022-01-28T13:00:00.0;0.026628111671557427
2022-01-28T14:00:00.0;0.02873982910393683
2022-01-28T15:00:00.0;0.030783342658024012
2022-01-28T16:00:00.0;0.034453615122022024
2022-01-28T17:00:00.0;0.03828037987587736
2022-01-28T18:00:00.0;0.04024224254508748
2022-01-28T19:00:00.0;0.04151867344588967
2022-01-28T20:00:00.0;0.04208367639427124
2022-01-28T21:00:00.0;0.04197255912434699
2022-01-28T22:00:00.0;0.04108306696305186
2022-01-28T23:00:00.0;0.03935353109511525
2022-01-29T00:00:00.0;0.039652268201688774
2022-01-29T01:00:00.0;0.03779995453628044
2022-01-29T02:00:00.0;0.03622245645915244
2022-01-29T03:00:00.0;0.03476362056660715
2022-01-29T04:00:00.0;0.03358599473861733
2022-01-29T05:00:00.0;0.033182372323105
2022-01-29T06:00:00.0;0.03419743225158011
2022-01-29T07:00:00.0;0.03584190420997006
2022-01-29T08:00:00.0;0.036378891774626824
2022-01-29T09:00:00.0;0.03517364027109608
2022-01-29T10:00:00.0;0.03317752454179057
2022-01-29T11:00:00.0;0.031969132150197234
2022-01-29T12:00:00.0;0.031447408409454126
2022-01-29T13:00:00.0;0.03148990263310557
2022-01-29T14:00:00.0;0.032397128958109055
2022-01-29T15:00:00.0;0.034587789884479456
2022-01-29T16:00:00.0;0.0378690221299562
2022-01-29T17:00:00.0;0.042252140289115905
2022-01-29T18:00:00.0;0.044261088034666406
2022-01-29T19:00:00.0;0.04493665959731173
2022-01-29T20:00:00.0;0.04476156721929244
2022-01-29T21:00:00.0;0.044278911632338755
2022-01-29T22:00:00.0;0.042884637303484185
2022-01-29T23:00:00.0;0.041251280590526226
2022-01-30T00:00:00.0;0.036433819114948474
2022-01-30T01:00:00.0;0.03460746671272433
2022-01-30T02:00:00.0;0.03308853994287401
2022-01-30T03:00:00.0;0.03164040549421217
2022-01-30T04:00:00.0;0.03038330039509539
2022-01-30T05:00:00.0;0.029531584657629326
2022-01-30T06:00:00.0;0.029342395124528277
2022-01-30T07:00:00.0;0.02928943227873396
2022-01-30T08:00:00.0;0.028682159791209753
2022-01-30T09:00:00.0;0.026768690665959934
2022-01-30T10:00:00.0;0.024565014908583285
2022-01-30T11:00:00.0;0.023364870287670963
2022-01-30T12:00:00.0;0.02326030711745949
2022-01-30T13:00:00.0;0.023879309624209002
2022-01-30T14:00:00.0;0.026315631556643206
2022-01-30T15:00:00.0;0.029219990269170354
2022-01-30T16:00:00.0;0.03365942189672313
2022-01-30T17:00:00.0;0.03707366382004829
2022-01-30T18:00:00.0;0.03890918900525537
2022-01-30T19:00:00.0;0.03971631852559624
2022-01-30T20:00:00.0;0.03989690631319126
2022-01-30T21:00:00.0;0.040566280685030674
2022-01-30T22:00:00.0;0.03954881594212586
2022-01-30T23:00:00.0;0.038025715137969957
2022-01-31T00:00:00.0;0.04030516022246272
2022-01-31T01:00:00.0;0.038447593869803225
2022-01-31T02:00:00.0;0.036873266928574934
2022-01-31T03:00:00.0;0.0354272202062503
2022-01-31T04:00:00.0;0.03430408406379029
2022-01-31T05:00:00.0;0.03407573374936413
2022-01-31T06:00:00.0;0.0352637856991491
2022-01-31T07:00:00.0;0.037090416992952964
2022-01-31T08:00:00.0;0.03776405391930113
2022-01-31T09:00:00.0;0.03667154589006284
2022-01-31T10:00:00.0;0.03473705538125234
2022-01-31T11:00:00.0;0.03351484921321707
2022-01-31T12:00:00.0;0.03295336934037225
2022-01-31T13:00:00.0;0.03284629183691421
2022-01-31T14:00:00.0;0.033450430589231535
2022-01-31T15:00:00.0;0.03536312139536325
2022-01-31T16:00:00.0;0.03833041811817441
2022-01-31T17:00:00.0;0.042943730918841155
2022-01-31T18:00:00.0;0.04510495272208288
2022-01-31T19:00:00.0;0.04585285931100381
2022-01-31T20:00:00.0;0.04579732184339458
2022-01-31T21:00:00.0;0.04501480156033086
2022-01-31T22:00:00.0;0.04358129738284124
2022-01-31T23:00:00.0;0.041874299164035164
2022-02-01T00:00:00.0;0.041034373819973866
2022-02-01T01:00:00.0;0.039178862989727094
2022-02-01T02:00:00.0;0.037587538026386536
2022-02-01T03:00:00.0;0.03613128948908111
2022-02-01T04:00:00.0;0.03497244640421281
2022-02-01T05:00:00.0;0.03472529290977681
2022-02-01T06:00:00.0;0.036120930354337256
2022-02-01T07:00:00.0;0.038332432527605875
2022-02-01T08:00:00.0;0.03925103600971952
2022-02-01T09:00:00.0;0.038359008606159276
2022-02-01T10:00:00.0;0.03661930158896063
2022-02-01T11:00:00.0;0.03548375550771259
2022-02-01T12:00:00.0;0.03483044540306746
2022-02-01T13:00:00.0;0.034538843161060866
2022-02-01T14:00:00.0;0.03484806575667486
2022-02-01T15:00:00.0;0.03658067215539583
2022-02-01T16:00:00.0;0.03931500053472151
2022-02-01T17:00:00.0;0.0439263334352851
2022-02-01T18:00:00.0;0.046126264560057556
2022-02-01T19:00:00.0;0.04689503191922601
2022-02-01T20:00:00.0;0.04669714655912692
2022-02-01T21:00:00.0;0.04587026805174737
2022-02-01T22:00:00.0;0.04428733769165557
2022-02-01T23:00:00.0;0.04256376144910983
2022-02-02T00:00:00.0;0.036158288034950914
2022-02-02T01:00:00.0;0.03434121021532792
2022-02-02T02:00:00.0;0.03283107142941889
2022-02-02T03:00:00.0;0.031352548048157354
2022-02-02T04:00:00.0;0.030092001475193666
2022-02-02T05:00:00.0;0.029148119157633625
2022-02-02T06:00:00.0;0.02922851896338496
2022-02-02T07:00:00.0;0.029016980576950225
2022-02-02T08:00:00.0;0.02778556486033479
2022-02-02T09:00:00.0;0.02577324888725641
2022-02-02T10:00:00.0;0.023546541037479097
2022-02-02T11:00:00.0;0.022571042173891123
2022-02-02T12:00:00.0;0.022569724305031916
2022-02-02T13:00:00.0;0.02319017688354801
2022-02-02T14:00:00.0;0.02578520997770023
2022-02-02T15:00:00.0;0.028562685218483968
2022-02-02T16:00:00.0;0.03327573605049741
2022-02-02T17:00:00.0;0.036568451454034964
2022-02-02T18:00:00.0;0.03854125186188392
2022-02-02T19:00:00.0;0.03919592248725851
2022-02-02T20:00:00.0;0.03908306670563233
2022-02-02T21:00:00.0;0.03990226387274156
2022-02-02T22:00:00.0;0.03874420970308035
2022-02-02T23:00:00.0;0.037278053175176976
2022-02-03T00:00:00.0;0.03834969861767034
2022-02-03T01:00:00.0;0.036388307094473236
2022-02-03T02:00:00.0;0.0348607605148289
2022-02-03T03:00:00.0;0.03342913436727646
2022-02-03T04:00:00.0;0.032043963347381625
2022-02-03T05:00:00.0;0.031092760287356167
2022-02-03T06:00:00.0;0.030879423762897543
2022-02-03T07:00:00.0;0.03114459074830948
2022-02-03T08:00:00.0;0.030933710765658592
2022-02-03T09:00:00.0;0.029924221481482254
2022-02-03T10:00:00.0;0.02859027095291494
2022-02-03T11:00:00.0;0.027858533619789794
2022-02-03T12:00:00.0;0.027835998422760907
2022-02-03T13:00:00.0;0.027391974700087314
2022-02-03T14:00:00.0;0.029531495588317837
2022-02-03T15:00:00.0;0.03098745529803251
2022-02-03T16:00:00.0;0.034570893719082604
2022-02-03T17:00:00.0;0.03798005024752382
2022-02-03T18:00:00.0;0.040060565571831415
2022-02-03T19:00:00.0;0.04099545612903904
2022-02-03T20:00:00.0;0.04124036724171545
2022-02-03T21:00:00.0;0.04258324586237307
2022-02-03T22:00:00.0;0.04124208292917664
2022-02-03T23:00:00.0;0.0395508655702172
2022-02-04T00:00:00.0;0.040348659523135495
2022-02-04T01:00:00.0;0.03852015726771198
2022-02-04T02:00:00.0;0.03694436086901768
2022-02-04T03:00:00.0;0.035490849054287704
2022-02-04T04:00:00.0;0.03432181560917973
2022-02-04T05:00:00.0;0.034027349757969436
2022-02-04T06:00:00.0;0.03526896772980529
2022-02-04T07:00:00.0;0.037155851103646685
2022-02-04T08:00:00.0;0.03769771836357721
2022-02-04T09:00:00.0;0.03652913193005827
2022-02-04T10:00:00.0;0.03470104634995015
2022-02-04T11:00:00.0;0.03358487578309359
2022-02-04T12:00:00.0;0.03296392478522138
2022-02-04T13:00:00.0;0.032782089871668516
2022-02-04T14:00:00.0;0.03334549394713335
2022-02-04T15:00:00.0;0.035336448444838964
2022-02-04T16:00:00.0;0.03838729884577869
2022-02-04T17:00:00.0;0.04276602557204623
2022-02-04T18:00:00.0;0.045017668447296565
2022-02-04T19:00:00.0;0.045771203224721405
2022-02-04T20:00:00.0;0.04560863383943798
2022-02-04T21:00:00.0;0.04499399593507039
2022-02-04T22:00:00.0;0.04343512183022188
2022-02-04T23:00:00.0;0.04174983071216801
2022-02-05T00:00:00.0;0.03769751091007418
2022-02-05T01:00:00.0;0.035908020123685436
2022-02-05T02:00:00.0;0.03437867628425841
2022-02-05T03:00:00.0;0.03293505689649938
2022-02-05T04:00:00.0;0.031764992135739176
2022-02-05T05:00:00.0;0.03129363590864901
2022-02-05T06:00:00.0;0.03184891463089958
2022-02-05T07:00:00.0;0.0325190115374178
2022-02-05T08:00:00.0;0.03202994699236534
2022-02-05T09:00:00.0;0.0300617094466208
2022-02-05T10:00:00.0;0.02774929610333496
2022-02-05T11:00:00.0;0.026533384417420883
2022-02-05T12:00:00.0;0.02613620170161704
2022-02-05T13:00:00.0;0.02652282439423445
2022-02-05T14:00:00.0;0.028157010826623613
2022-02-05T15:00:00.0;0.031021535059610916
2022-02-05T16:00:00.0;0.035141028543057
2022-02-05T17:00:00.0;0.03901083902670193
2022-02-05T18:00:00.0;0.041151966540641086
2022-02-05T19:00:00.0;0.041792940093981115
2022-02-05T20:00:00.0;0.04181144297110151
2022-02-05T21:00:00.0;0.041806554087126344
2022-02-05T22:00:00.0;0.04055110877349823
2022-02-05T23:00:00.0;0.03900510689055339
2022-02-06T00:00:00.0;0.03975345279781154
2022-02-06T01:00:00.0;0.03794247374172804
2022-02-06T02:00:00.0;0.03637108350258966
2022-02-06T03:00:00.0;0.03491119880655671
2022-02-06T04:00:00.0;0.03370429626777432
2022-02-06T05:00:00.0;0.03329371166551845
2022-02-06T06:00:00.0;0.034394605388187276
2022-02-06T07:00:00.0;0.03606895646551032
2022-02-06T08:00:00.0;0.0363732086900903
2022-02-06T09:00:00.0;0.03502687058343608
2022-02-06T10:00:00.0;0.033147583017352156
2022-02-06T11:00:00.0;0.03206103568963307
2022-02-06T12:00:00.0;0.031464560243364956
2022-02-06T13:00:00.0;0.031391037640366666
2022-02-06T14:00:00.0;0.03220222826390979
2022-02-06T15:00:00.0;0.034446822400938784
2022-02-06T16:00:00.0;0.037793334201144904
2022-02-06T17:00:00.0;0.04193061441124884
2022-02-06T18:00:00.0;0.04413930961742418
2022-02-06T19:00:00.0;0.04485127953473624
2022-02-06T20:00:00.0;0.04462777028793055
2022-02-06T21:00:00.0;0.04427197167238566
2022-02-06T22:00:00.0;0.04272469761286425
2022-02-06T23:00:00.0;0.04109469141615194
2022-02-07T00:00:00.0;0.03715721903103855
2022-02-07T01:00:00.0;0.03536921023752164
2022-02-07T02:00:00.0;0.03387453941698742
2022-02-07T03:00:00.0;0.03246227080047323
2022-02-07T04:00:00.0;0.031405792342264344
2022-02-07T05:00:00.0;0.031154883359672293
2022-02-07T06:00:00.0;0.031557275449478936
2022-02-07T07:00:00.0;0.03176052723700974
2022-02-07T08:00:00.0;0.030931252493327177
2022-02-07T09:00:00.0;0.028698408762360753
2022-02-07T10:00:00.0;0.02614312751037974
2022-02-07T11:00:00.0;0.024792760228312016
2022-02-07T12:00:00.0;0.024493393599218396
2022-02-07T13:00:00.0;0.02501013539397901
2022-02-07T14:00:00.0;0.02680630807506102
2022-02-07T15:00:00.0;0.02969860211103509
2022-02-07T16:00:00.0;0.033902210255184695
2022-02-07T17:00:00.0;0.03796037893916889
2022-02-07T18:00:00.0;0.040250489145500994
2022-02-07T19:00:00.0;0.04094271466600469
2022-02-07T20:00:00.0;0.041326219268981806
2022-02-07T21:00:00.0;0.04110758320870209
2022-02-07T22:00:00.0;0.04003067142834297
2022-02-07T23:00:00.0;0.0384348667697603
2022-02-08T00:00:00.0;0.03875976297401773
2022-02-08T01:00:00.0;0.03698294401997816
2022-02-08T02:00:00.0;0.035430826911741875
2022-02-08T03:00:00.0;0.03397242395635099
2022-02-08T04:00:00.0;0.0327445770284157
2022-02-08T05:00:00.0;0.03224472578448994
2022-02-08T06:00:00.0;0.0331158423181679
2022-02-08T07:00:00.0;0.03434110589470956
2022-02-08T08:00:00.0;0.03414605714468151
2022-02-08T09:00:00.0;0.03243008071885067
2022-02-08T10:00:00.0;0.030422620625511862
2022-02-08T11:00:00.0;0.0293588674952496
2022-02-08T12:00:00.0;0.028813282959029674
2022-02-08T13:00:00.0;0.02890979173857503
2022-02-08T14:00:00.0;0.030101397709758462
2022-02-08T15:00:00.0;0.03272223938037356
2022-02-08T16:00:00.0;0.03652541275684176
2022-02-08T17:00:00.0;0.04033436947204068
2022-02-08T18:00:00.0;0.04257764843291325
2022-02-08T19:00:00.0;0.04325688445113923
2022-02-08T20:00:00.0;0.043061171352737806
2022-02-08T21:00:00.0;0.04302312016115192
2022-02-08T22:00:00.0;0.041518793081045335
2022-02-08T23:00:00.0;0.03994999761886253
2022-02-09T00:00:00.0;0.03775523181886087
2022-02-09T01:00:00.0;0.03596379096203518
2022-02-09T02:00:00.0;0.034430430117919096
2022-02-09T03:00:00.0;0.03296986621389845
2022-02-09T04:00:00.0;0.03167095602477845
2022-02-09T05:00:00.0;0.03091880397824404
2022-02-09T06:00:00.0;0.0313839911328874
2022-02-09T07:00:00.0;0.03200944660155604
2022-02-09T08:00:00.0;0.031328517458775296
2022-02-09T09:00:00.0;0.029500176018671644
2022-02-09T10:00:00.0;0.027576578770730314
2022-02-09T11:00:00.0;0.026659270854462108
2022-02-09T12:00:00.0;0.026304435142886357
2022-02-09T13:00:00.0;0.026433043566129577
2022-02-09T14:00:00.0;0.02822329749047785
2022-02-09T15:00:00.0;0.030869679506774623
2022-02-09T16:00:00.0;0.035056699905184896
2022-02-09T17:00:00.0;0.038437514832548585
2022-02-09T18:00:00.0;0.04063964562318713
2022-02-09T19:00:00.0;0.04132448867242118
2022-02-09T20:00:00.0;0.04114861491379462
2022-02-09T21:00:00.0;0.04176811588310457
2022-02-09T22:00:00.0;0.040313881565854706
2022-02-09T23:00:00.0;0.03879248099981055
2022-02-10T00:00:00.0;0.039111717284488756
2022-02-10T01:00:00.0;0.037127228381924386
2022-02-10T02:00:00.0;0.035615220411057066
2022-02-10T03:00:00.0;0.034160196756875726
2022-02-10T04:00:00.0;0.03275872604562912
2022-02-10T05:00:00.0;0.0317714408689583
2022-02-10T06:00:00.0;0.030917425947883836
2022-02-10T07:00:00.0;0.030758016376065754
2022-02-10T08:00:00.0;0.030851768808462916
2022-02-10T09:00:00.0;0.030068957892547404
2022-02-10T10:00:00.0;0.028995986717849857
2022-02-10T11:00:00.0;0.02832806730913951
2022-02-10T12:00:00.0;0.02855391028689172
2022-02-10T13:00:00.0;0.028062646012668162
2022-02-10T14:00:00.0;0.03019643836489759
2022-02-10T15:00:00.0;0.030912677770412726
2022-02-10T16:00:00.0;0.03407837373326511
2022-02-10T17:00:00.0;0.03723287690722583
2022-02-10T18:00:00.0;0.03955745742154307
2022-02-10T19:00:00.0;0.041168860324253514
2022-02-10T20:00:00.0;0.04212810371695377
2022-02-10T21:00:00.0;0.043533440406410794
2022-02-10T22:00:00.0;0.04222279356068013
2022-02-10T23:00:00.0;0.04020459842879053
2022-02-11T00:00:00.0;0.035696163087633216
2022-02-11T01:00:00.0;0.03388355350079602
2022-02-11T02:00:00.0;0.032390510241034925
2022-02-11T03:00:00.0;0.030940430684603948
2022-02-11T04:00:00.0;0.02951336461923242
2022-02-11T05:00:00.0;0.02834286724279067
2022-02-11T06:00:00.0;0.02796078685471348
2022-02-11T07:00:00.0;0.027402915087079243
2022-02-11T08:00:00.0;0.025796183263751497
2022-02-11T09:00:00.0;0.023633053334306035
2022-02-11T10:00:00.0;0.021793905565552482
2022-02-11T11:00:00.0;0.021091707669208277
2022-02-11T12:00:00.0;0.021048320866452024
2022-02-11T13:00:00.0;0.0212413744717823
2022-02-11T14:00:00.0;0.024175468806060092
2022-02-11T15:00:00.0;0.027040055408599148
2022-02-11T16:00:00.0;0.03201276883487435
2022-02-11T17:00:00.0;0.034588572294082964
2022-02-11T18:00:00.0;0.036723557365112514
2022-02-11T19:00:00.0;0.03739310790259938
2022-02-11T20:00:00.0;0.037338666791522014
2022-02-11T21:00:00.0;0.0392214688200568
2022-02-11T22:00:00.0;0.03789663038778438
2022-02-11T23:00:00.0;0.03647328693645081
2022-02-12T00:00:00.0;0.038933675706880055
2022-02-12T01:00:00.0;0.03717124257159343
2022-02-12T02:00:00.0;0.035628766764323014
2022-02-12T03:00:00.0;0.034127548149652825
2022-02-12T04:00:00.0;0.03291579964300362
2022-02-12T05:00:00.0;0.03238675308059484
2022-02-12T06:00:00.0;0.03260533760252744
2022-02-12T07:00:00.0;0.033353076191150445
2022-02-12T08:00:00.0;0.03345326331894595
2022-02-12T09:00:00.0;0.031685736204548204
2022-02-12T10:00:00.0;0.029576199106692014
2022-02-12T11:00:00.0;0.028390225382903107
2022-02-12T12:00:00.0;0.028068152206435243
2022-02-12T13:00:00.0;0.028541823139725617
2022-02-12T14:00:00.0;0.029821179438072866
2022-02-12T15:00:00.0;0.032227421685301176
2022-02-12T16:00:00.0;0.03592057890598874
2022-02-12T17:00:00.0;0.039511974500550995
2022-02-12T18:00:00.0;0.04184007419895843
2022-02-12T19:00:00.0;0.04313582739653891
2022-02-12T20:00:00.0;0.043603376700190655
2022-02-12T21:00:00.0;0.043375502360794155
2022-02-12T22:00:00.0;0.04202296211858629
2022-02-12T23:00:00.0;0.04017851854415137
2022-02-13T00:00:00.0;0.037773669498490765
2022-02-13T01:00:00.0;0.03603828498298441
2022-02-13T02:00:00.0;0.03450807496412179
2022-02-13T03:00:00.0;0.03305256872438315
2022-02-13T04:00:00.0;0.03180455690184543
2022-02-13T05:00:00.0;0.031227149795957594
2022-02-13T06:00:00.0;0.0318805284522089
2022-02-13T07:00:00.0;0.03264552822656583
2022-02-13T08:00:00.0;0.03189807324056118
2022-02-13T09:00:00.0;0.029778348214732513
2022-02-13T10:00:00.0;0.027654168926111566
2022-02-13T11:00:00.0;0.026628718874249592
2022-02-13T12:00:00.0;0.026124215383059875
2022-02-13T13:00:00.0;0.026372859701238302
2022-02-13T14:00:00.0;0.027928854112639772
2022-02-13T15:00:00.0;0.03093118243944703
2022-02-13T16:00:00.0;0.0351999748635528
2022-02-13T17:00:00.0;0.038649754709564124
2022-02-13T18:00:00.0;0.04097238059747811
2022-02-13T19:00:00.0;0.041628957620442913
2022-02-13T20:00:00.0;0.04147052708634188
2022-02-13T21:00:00.0;0.041757552454399924
2022-02-13T22:00:00.0;0.04027599577112361
2022-02-13T23:00:00.0;0.03876540651504661
2022-02-14T00:00:00.0;0.038315670458121155
2022-02-14T01:00:00.0;0.0365694118704643
2022-02-14T02:00:00.0;0.0350429784944251
2022-02-14T03:00:00.0;0.03360078589726354
2022-02-14T04:00:00.0;0.032412174763528166
2022-02-14T05:00:00.0;0.032004937489033304
2022-02-14T06:00:00.0;0.032792499506861666
2022-02-14T07:00:00.0;0.03369159109757717
2022-02-14T08:00:00.0;0.03308376496542523
2022-02-14T09:00:00.0;0.031072414467368067
2022-02-14T10:00:00.0;0.028972958749865763
2022-02-14T11:00:00.0;0.0279095403863863
2022-02-14T12:00:00.0;0.02738585050713863
2022-02-14T13:00:00.0;0.027524675674396027
2022-02-14T14:00:00.0;0.028831721267644383
2022-02-14T15:00:00.0;0.031577850937456325
2022-02-14T16:00:00.0;0.03555945397218402
2022-02-14T17:00:00.0;0.03926304397667415
2022-02-14T18:00:00.0;0.04170018337590793
2022-02-14T19:00:00.0;0.0424189419126406
2022-02-14T20:00:00.0;0.042394637119026794
2022-02-14T21:00:00.0;0.042381906666611006
2022-02-14T22:00:00.0;0.04089775457166017
2022-02-14T23:00:00.0;0.03931788991431665
2022-02-15T00:00:00.0;0.04015460806016936
2022-02-15T01:00:00.0;0.038391152137321034
2022-02-15T02:00:00.0;0.036838650280153255
2022-02-15T03:00:00.0;0.03533637722146567
2022-02-15T04:00:00.0;0.034161816472172285
2022-02-15T05:00:00.0;0.033776344055034525
2022-02-15T06:00:00.0;0.034490502065512525
2022-02-15T07:00:00.0;0.03575642289754694
2022-02-15T08:00:00.0;0.03605246815215653
2022-02-15T09:00:00.0;0.03458676065195077
2022-02-15T10:00:00.0;0.03271676294853883
2022-02-15T11:00:00.0;0.031640338186690674
2022-02-15T12:00:00.0;0.03122818357824232
2022-02-15T13:00:00.0;0.03140340480546006
2022-02-15T14:00:00.0;0.032146362164474605
2022-02-15T15:00:00.0;0.03406105801233966
2022-02-15T16:00:00.0;0.037270822550670026
2022-02-15T17:00:00.0;0.04111515747633126
2022-02-15T18:00:00.0;0.04364444494579292
2022-02-15T19:00:00.0;0.044977900021028056
2022-02-15T20:00:00.0;0.04532557386884456
2022-02-15T21:00:00.0;0.04472131597050957
2022-02-15T22:00:00.0;0.04317585595879132
2022-02-15T23:00:00.0;0.0412718823017514
2022-02-16T00:00:00.0;0.040251744789429084
2022-02-16T01:00:00.0;0.03844055228318595
2022-02-16T02:00:00.0;0.0368876269913551
2022-02-16T03:00:00.0;0.035454439063716085
2022-02-16T04:00:00.0;0.034350108965668646
2022-02-16T05:00:00.0;0.03421999383363705
2022-02-16T06:00:00.0;0.035455873359317026
2022-02-16T07:00:00.0;0.03713908282617016
2022-02-16T08:00:00.0;0.03742397647191294
2022-02-16T09:00:00.0;0.03607431475949575
2022-02-16T10:00:00.0;0.03417559901148559
2022-02-16T11:00:00.0;0.03303298472226305
2022-02-16T12:00:00.0;0.03242483979076299
2022-02-16T13:00:00.0;0.0322288167817177
2022-02-16T14:00:00.0;0.03276626161501721
2022-02-16T15:00:00.0;0.034726749063038354
2022-02-16T16:00:00.0;0.03777466564336735
2022-02-16T17:00:00.0;0.042210631483843325
2022-02-16T18:00:00.0;0.04466975189330761
2022-02-16T19:00:00.0;0.04548572557492292
2022-02-16T20:00:00.0;0.04553688641767241
2022-02-16T21:00:00.0;0.044782207750997255
2022-02-16T22:00:00.0;0.04324788455773355
2022-02-16T23:00:00.0;0.041517746694616435
2022-02-17T00:00:00.0;0.039328095983209396
2022-02-17T01:00:00.0;0.03756119677534103
2022-02-17T02:00:00.0;0.03604131453751653
2022-02-17T03:00:00.0;0.034623505625930424
2022-02-17T04:00:00.0;0.033544241052171374
2022-02-17T05:00:00.0;0.03345070666011516
2022-02-17T06:00:00.0;0.034488524934682775
2022-02-17T07:00:00.0;0.03564193385335444
2022-02-17T08:00:00.0;0.03529988624909693
2022-02-17T09:00:00.0;0.033494429884483604
2022-02-17T10:00:00.0;0.03144257183608419
2022-02-17T11:00:00.0;0.030308941421111967
2022-02-17T12:00:00.0;0.029749212072452038
2022-02-17T13:00:00.0;0.029683624753681557
2022-02-17T14:00:00.0;0.03052715545138287
2022-02-17T15:00:00.0;0.03279635204688136
2022-02-17T16:00:00.0;0.03624266299479162
2022-02-17T17:00:00.0;0.04041816126326108
2022-02-17T18:00:00.0;0.04306433159504311
2022-02-17T19:00:00.0;0.043897668888865274
2022-02-17T20:00:00.0;0.044118820852123694
2022-02-17T21:00:00.0;0.04355030425778483
2022-02-17T22:00:00.0;0.042060789128732484
2022-02-17T23:00:00.0;0.040352745765292734
2022-02-18T00:00:00.0;0.03980143567282672
2022-02-18T01:00:00.0;0.03802540121150454
2022-02-18T02:00:00.0;0.036509370824094105
2022-02-18T03:00:00.0;0.03510372280955167
2022-02-18T04:00:00.0;0.0340781050599004
2022-02-18T05:00:00.0;0.034137762949234624
2022-02-18T06:00:00.0;0.035293195308183804
2022-02-18T07:00:00.0;0.03655948400425352
2022-02-18T08:00:00.0;0.03633392184235605
2022-02-18T09:00:00.0;0.034619309090410985
2022-02-18T10:00:00.0;0.032587485851067244
2022-02-18T11:00:00.0;0.0314199156023539
2022-02-18T12:00:00.0;0.03084365085714156
2022-02-18T13:00:00.0;0.03068136108912526
2022-02-18T14:00:00.0;0.031305823059581545
2022-02-18T15:00:00.0;0.03334948303600611
2022-02-18T16:00:00.0;0.036543709656161445
2022-02-18T17:00:00.0;0.04094327806127927
2022-02-18T18:00:00.0;0.043694814986321745
2022-02-18T19:00:00.0;0.044584186099716046
2022-02-18T20:00:00.0;0.04492806185891068
2022-02-18T21:00:00.0;0.04409320986391485
2022-02-18T22:00:00.0;0.04260199445630205
2022-02-18T23:00:00.0;0.04083210585967802
2022-02-19T00:00:00.0;0.037654311760864055
2022-02-19T01:00:00.0;0.035916310252167814
2022-02-19T02:00:00.0;0.034377588535841566
2022-02-19T03:00:00.0;0.03291174499467316
2022-02-19T04:00:00.0;0.031626083835976745
2022-02-19T05:00:00.0;0.030947672459702185
2022-02-19T06:00:00.0;0.03156554761112383
2022-02-19T07:00:00.0;0.03235962903166722
2022-02-19T08:00:00.0;0.03165709792341362
2022-02-19T09:00:00.0;0.029566246904652493
2022-02-19T10:00:00.0;0.02745821825847439
2022-02-19T11:00:00.0;0.026451968851167493
2022-02-19T12:00:00.0;0.02594863260837555
2022-02-19T13:00:00.0;0.026232493412819722
2022-02-19T14:00:00.0;0.02786629656940009
2022-02-19T15:00:00.0;0.03094992328790865
2022-02-19T16:00:00.0;0.035299665824963564
2022-02-19T17:00:00.0;0.03866008045241089
2022-02-19T18:00:00.0;0.0408831380139584
2022-02-19T19:00:00.0;0.041502029717288814
2022-02-19T20:00:00.0;0.04123652869176978
2022-02-19T21:00:00.0;0.04165272391153693
2022-02-19T22:00:00.0;0.040163882497321564
2022-02-19T23:00:00.0;0.03868721652974096
2022-02-20T00:00:00.0;0.03917575021698523
2022-02-20T01:00:00.0;0.03738514832655761
2022-02-20T02:00:00.0;0.035823197893749534
2022-02-20T03:00:00.0;0.03436210634429393
2022-02-20T04:00:00.0;0.033134965496136384
2022-02-20T05:00:00.0;0.03265438783233224
2022-02-20T06:00:00.0;0.03362269867854908
2022-02-20T07:00:00.0;0.035051363977843496
2022-02-20T08:00:00.0;0.035074114942448796
2022-02-20T09:00:00.0;0.03351979588255887
2022-02-20T10:00:00.0;0.031576293800097036
2022-02-20T11:00:00.0;0.03051121128967269
2022-02-20T12:00:00.0;0.02994054742328908
2022-02-20T13:00:00.0;0.02996473477600673
2022-02-20T14:00:00.0;0.03100097156021235
2022-02-20T15:00:00.0;0.033475020092990616
2022-02-20T16:00:00.0;0.03709659458551117
2022-02-20T17:00:00.0;0.0410220318344697
2022-02-20T18:00:00.0;0.04323902776984702
2022-02-20T19:00:00.0;0.04392678478770629
2022-02-20T20:00:00.0;0.04369625326061279
2022-02-20T21:00:00.0;0.043549220759295466
2022-02-20T22:00:00.0;0.0420184873336625
2022-02-20T23:00:00.0;0.04042959005248705
2022-02-21T00:00:00.0;0.04036026170390082
2022-02-21T01:00:00.0;0.03854820478361501
2022-02-21T02:00:00.0;0.036998047324116
2022-02-21T03:00:00.0;0.03556946475330946
2022-02-21T04:00:00.0;0.03448346296453172
2022-02-21T05:00:00.0;0.034404059386526804
2022-02-21T06:00:00.0;0.03566836408018845
2022-02-21T07:00:00.0;0.03736306834374062
2022-02-21T08:00:00.0;0.03765609630512997
2022-02-21T09:00:00.0;0.03631431823797525
2022-02-21T10:00:00.0;0.03441489592191499
2022-02-21T11:00:00.0;0.033261840544401386
2022-02-21T12:00:00.0;0.03265065518899937
2022-02-21T13:00:00.0;0.03242975487610247
2022-02-21T14:00:00.0;0.0329113354140319
2022-02-21T15:00:00.0;0.0348140111596727
2022-02-21T16:00:00.0;0.03779979008988068
2022-02-21T17:00:00.0;0.042295340205667595
2022-02-21T18:00:00.0;0.044796863226285434
2022-02-21T19:00:00.0;0.04563157099954169
2022-02-21T20:00:00.0;0.04572989493053984
2022-02-21T21:00:00.0;0.044898656898214186
2022-02-21T22:00:00.0;0.04336587192524843
2022-02-21T23:00:00.0;0.041616974283506566
2022-02-22T00:00:00.0;0.04051072009642147
2022-02-22T01:00:00.0;0.03872391813276846
2022-02-22T02:00:00.0;0.03715859007428309
2022-02-22T03:00:00.0;0.03567158581831433
2022-02-22T04:00:00.0;0.034485270578810956
2022-02-22T05:00:00.0;0.034145324388449395
2022-02-22T06:00:00.0;0.03496926081608944
2022-02-22T07:00:00.0;0.0365297788071125
2022-02-22T08:00:00.0;0.0371080953370866
2022-02-22T09:00:00.0;0.035793956895316004
2022-02-22T10:00:00.0;0.033980274836965016
2022-02-22T11:00:00.0;0.032871161636134454
2022-02-22T12:00:00.0;0.03235673188927805
2022-02-22T13:00:00.0;0.03236961698209673
2022-02-22T14:00:00.0;0.03294497336475337
2022-02-22T15:00:00.0;0.03484265526845896
2022-02-22T16:00:00.0;0.03788585989038269
2022-02-22T17:00:00.0;0.04190064632246105
2022-02-22T18:00:00.0;0.044347357975561115
2022-02-22T19:00:00.0;0.045566798433280965
2022-02-22T20:00:00.0;0.04582933006651525
2022-02-22T21:00:00.0;0.0452013089707943
2022-02-22T22:00:00.0;0.043636638420002864
2022-02-22T23:00:00.0;0.0417616436666112
2022-02-23T00:00:00.0;0.038724383928228044
2022-02-23T01:00:00.0;0.03699613971854359
2022-02-23T02:00:00.0;0.035502909425571806
2022-02-23T03:00:00.0;0.034052914004973914
2022-02-23T04:00:00.0;0.032986466663687965
2022-02-23T05:00:00.0;0.032834137051255576
2022-02-23T06:00:00.0;0.03312894653197679
2022-02-23T07:00:00.0;0.033495259083172586
2022-02-23T08:00:00.0;0.033006500491498184
2022-02-23T09:00:00.0;0.03085727779108801
2022-02-23T10:00:00.0;0.028602005524682603
2022-02-23T11:00:00.0;0.0273667027096383
2022-02-23T12:00:00.0;0.02704569506392147
2022-02-23T13:00:00.0;0.027437298633314317
2022-02-23T14:00:00.0;0.028637328261229545
2022-02-23T15:00:00.0;0.03098736727659211
2022-02-23T16:00:00.0;0.03466938944550193
2022-02-23T17:00:00.0;0.038439100337665594
2022-02-23T18:00:00.0;0.041213451899058076
2022-02-23T19:00:00.0;0.04256950393706058
2022-02-23T20:00:00.0;0.043432703258703166
2022-02-23T21:00:00.0;0.04289821617168632
2022-02-23T22:00:00.0;0.04158584685162908
2022-02-23T23:00:00.0;0.03967394566509711
2022-02-24T00:00:00.0;0.039559593980645624
2022-02-24T01:00:00.0;0.037777506073821174
2022-02-24T02:00:00.0;0.036243078625876765
2022-02-24T03:00:00.0;0.03481537567165988
2022-02-24T04:00:00.0;0.03370979197252359
2022-02-24T05:00:00.0;0.03355527686602601
2022-02-24T06:00:00.0;0.03463788018609445
2022-02-24T07:00:00.0;0.03597187578668346
2022-02-24T08:00:00.0;0.03584867633601442
2022-02-24T09:00:00.0;0.034200470093892696
2022-02-24T10:00:00.0;0.03220460684939684
2022-02-24T11:00:00.0;0.031077564900487322
2022-02-24T12:00:00.0;0.03050320704480425
2022-02-24T13:00:00.0;0.030413925676311605
2022-02-24T14:00:00.0;0.031199487189852108
2022-02-24T15:00:00.0;0.03341160105533746
2022-02-24T16:00:00.0;0.0367725011320347
2022-02-24T17:00:00.0;0.04098598321277809
2022-02-24T18:00:00.0;0.04352463535979974
2022-02-24T19:00:00.0;0.04433405397871758
2022-02-24T20:00:00.0;0.04444936717842431
2022-02-24T21:00:00.0;0.04388570140094729
2022-02-24T22:00:00.0;0.04237854859174112
2022-02-24T23:00:00.0;0.04068019214262847
2022-02-25T00:00:00.0;0.03785622911467895
2022-02-25T01:00:00.0;0.03615200798364526
2022-02-25T02:00:00.0;0.034672667351975106
2022-02-25T03:00:00.0;0.03326768491243887
2022-02-25T04:00:00.0;0.03218961163697183
2022-02-25T05:00:00.0;0.03205416429146516
2022-02-25T06:00:00.0;0.03276697366260559
2022-02-25T07:00:00.0;0.03316857356129074
2022-02-25T08:00:00.0;0.03194683097956113
2022-02-25T09:00:00.0;0.029498236256932518
2022-02-25T10:00:00.0;0.027236402577822304
2022-02-25T11:00:00.0;0.026134185201742207
2022-02-25T12:00:00.0;0.025646784545892698
2022-02-25T13:00:00.0;0.025806452547505417
2022-02-25T14:00:00.0;0.027173997609783812
2022-02-25T15:00:00.0;0.029974374859111495
2022-02-25T16:00:00.0;0.03408346913104694
2022-02-25T17:00:00.0;0.03779110797861556
2022-02-25T18:00:00.0;0.040618076134368866
2022-02-25T19:00:00.0;0.041441240613811235
2022-02-25T20:00:00.0;0.041810985715846044
2022-02-25T21:00:00.0;0.04163874471911169
2022-02-25T22:00:00.0;0.0402082411283297
2022-02-25T23:00:00.0;0.038564850588757305
2022-02-26T00:00:00.0;0.03719776932131457
2022-02-26T01:00:00.0;0.03555204933368151
2022-02-26T02:00:00.0;0.03408895910839417
2022-02-26T03:00:00.0;0.032480206060383425
2022-02-26T04:00:00.0;0.031485089132869966
2022-02-26T05:00:00.0;0.030773654475546308
2022-02-26T06:00:00.0;0.03134031890574128
2022-02-26T07:00:00.0;0.03061571823070112
2022-02-26T08:00:00.0;0.028516142178980575
2022-02-26T09:00:00.0;0.026205364624779803
2022-02-26T10:00:00.0;0.023837081368274258
2022-02-26T11:00:00.0;0.023042997824401196
2022-02-26T12:00:00.0;0.02348719853322309
2022-02-26T13:00:00.0;0.02487349228595317
2022-02-26T14:00:00.0;0.026972882979033937
2022-02-26T15:00:00.0;0.028789279045607935
2022-02-26T16:00:00.0;0.03324242824684614
2022-02-26T17:00:00.0;0.036383135404887704
2022-02-26T18:00:00.0;0.03930090578947991
2022-02-26T19:00:00.0;0.04100486235146149
2022-02-26T20:00:00.0;0.0414130312693687
2022-02-26T21:00:00.0;0.040703162689840915
2022-02-26T22:00:00.0;0.039360944726507516
2022-02-26T23:00:00.0;0.03743518965637799
2022-02-27T00:00:00.0;0.037035607772871085
2022-02-27T01:00:00.0;0.03534947265776974
2022-02-27T02:00:00.0;0.03388927226779129
2022-02-27T03:00:00.0;0.03243053075015252
2022-02-27T04:00:00.0;0.03134925315199404
2022-02-27T05:00:00.0;0.03104462914963614
2022-02-27T06:00:00.0;0.030719662815232387
2022-02-27T07:00:00.0;0.030166943444376666
2022-02-27T08:00:00.0;0.02902416657205912
2022-02-27T09:00:00.0;0.026298044354293323
2022-02-27T10:00:00.0;0.023736468370030128
2022-02-27T11:00:00.0;0.022443897448285434
2022-02-27T12:00:00.0;0.022310661226731913
2022-02-27T13:00:00.0;0.023156027630153182
2022-02-27T14:00:00.0;0.025073597883640417
2022-02-27T15:00:00.0;0.02797310832973457
2022-02-27T16:00:00.0;0.03236616605671382
2022-02-27T17:00:00.0;0.03563918227332588
2022-02-27T18:00:00.0;0.038403083214263355
2022-02-27T19:00:00.0;0.039864128682997636
2022-02-27T20:00:00.0;0.04099416441295089
2022-02-27T21:00:00.0;0.040878202802030666
2022-02-27T22:00:00.0;0.03975849499184313
2022-02-27T23:00:00.0;0.0378685657724264
2022-02-28T00:00:00.0;0.03681191928111901
2022-02-28T01:00:00.0;0.03511483620119019
2022-02-28T02:00:00.0;0.03370109592406517
2022-02-28T03:00:00.0;0.03230871510047479
2022-02-28T04:00:00.0;0.031485148971061416
2022-02-28T05:00:00.0;0.03164664945374711
2022-02-28T06:00:00.0;0.03230922486257255
2022-02-28T07:00:00.0;0.031722885734681606
2022-02-28T08:00:00.0;0.029582862273462945
2022-02-28T09:00:00.0;0.02677570029781031
2022-02-28T10:00:00.0;0.024071352888493696
2022-02-28T11:00:00.0;0.022836735208703187
2022-02-28T12:00:00.0;0.02274597250959972
2022-02-28T13:00:00.0;0.02336890404693998
2022-02-28T14:00:00.0;0.025143092589616292
2022-02-28T15:00:00.0;0.027645930321098237
2022-02-28T16:00:00.0;0.031932286382688246
2022-02-28T17:00:00.0;0.036008916191336234
2022-02-28T18:00:00.0;0.03912916372842888
2022-02-28T19:00:00.0;0.040130246033797
2022-02-28T20:00:00.0;0.041001868066681296
2022-02-28T21:00:00.0;0.040200882356705846
2022-02-28T22:00:00.0;0.039085865028119345
2022-02-28T23:00:00.0;0.037330541145591166
2022-03-01T00:00:00.0;0.037600488138782834
2022-03-01T01:00:00.0;0.03585357298773364
2022-03-01T02:00:00.0;0.03440233321870987
2022-03-01T03:00:00.0;0.03282660383631494
2022-03-01T04:00:00.0;0.03170851024224688
2022-03-01T05:00:00.0;0.030786370649150588
2022-03-01T06:00:00.0;0.03096845521345203
2022-03-01T07:00:00.0;0.02999988021965782
2022-03-01T08:00:00.0;0.027891496080167864
2022-03-01T09:00:00.0;0.02609855129355528
2022-03-01T10:00:00.0;0.024391571209636965
2022-03-01T11:00:00.0;0.023940392664837683
2022-03-01T12:00:00.0;0.02455062514085495
2022-03-01T13:00:00.0;0.025242379193974967
2022-03-01T14:00:00.0;0.027601475725690536
2022-03-01T15:00:00.0;0.028552554616738057
2022-03-01T16:00:00.0;0.03266723740537188
2022-03-01T17:00:00.0;0.03553353855397714
2022-03-01T18:00:00.0;0.0385414835733136
2022-03-01T19:00:00.0;0.04034517572285415
2022-03-01T20:00:00.0;0.04089184994795657
2022-03-01T21:00:00.0;0.0410889327153902
2022-03-01T22:00:00.0;0.039640634934216816
2022-03-01T23:00:00.0;0.03765256942552883
2022-03-02T00:00:00.0;0.0370940937831686
2022-03-02T01:00:00.0;0.03547084408374764
2022-03-02T02:00:00.0;0.03401866022732713
2022-03-02T03:00:00.0;0.03239584213202382
2022-03-02T04:00:00.0;0.031436217589386285
2022-03-02T05:00:00.0;0.030715496211860337
2022-03-02T06:00:00.0;0.03150230312572185
2022-03-02T07:00:00.0;0.030673577880313836
2022-03-02T08:00:00.0;0.02817989336470482
2022-03-02T09:00:00.0;0.025818292964292874
2022-03-02T10:00:00.0;0.023471522798726396
2022-03-02T11:00:00.0;0.022789631791995755
2022-03-02T12:00:00.0;0.023314168710157384
2022-03-02T13:00:00.0;0.024750943711124587
2022-03-02T14:00:00.0;0.02688255189921212
2022-03-02T15:00:00.0;0.028553171212097404
2022-03-02T16:00:00.0;0.033077876456890185
2022-03-02T17:00:00.0;0.03617598262228754
2022-03-02T18:00:00.0;0.039234732917800476
2022-03-02T19:00:00.0;0.04094757128982246
2022-03-02T20:00:00.0;0.04124216097888359
2022-03-02T21:00:00.0;0.04043142709828176
2022-03-02T22:00:00.0;0.039024430320337256
2022-03-02T23:00:00.0;0.037107731317640454
2022-03-03T00:00:00.0;0.03682703980898559
2022-03-03T01:00:00.0;0.03524687798536081
2022-03-03T02:00:00.0;0.03382520825225912
2022-03-03T03:00:00.0;0.032429915320182835
2022-03-03T04:00:00.0;0.03139881200257432
2022-03-03T05:00:00.0;0.030802577920377713
2022-03-03T06:00:00.0;0.030536239441855274
2022-03-03T07:00:00.0;0.029741983096674363
2022-03-03T08:00:00.0;0.02833027302561395
2022-03-03T09:00:00.0;0.02616532436721009
2022-03-03T10:00:00.0;0.024858212751951114
2022-03-03T11:00:00.0;0.023794282397937155
2022-03-03T12:00:00.0;0.0239123376352488
2022-03-03T13:00:00.0;0.02468592092728845
2022-03-03T14:00:00.0;0.026737083837161158
2022-03-03T15:00:00.0;0.028834143137915727
2022-03-03T16:00:00.0;0.03252834169490478
2022-03-03T17:00:00.0;0.03512609797089512
2022-03-03T18:00:00.0;0.03809779084947042
2022-03-03T19:00:00.0;0.04041957662233184
2022-03-03T20:00:00.0;0.04167019134433603
2022-03-03T21:00:00.0;0.04138554933309798
2022-03-03T22:00:00.0;0.04031125377032585
2022-03-03T23:00:00.0;0.03840270461556174
2022-03-04T00:00:00.0;0.03679935402128234
2022-03-04T01:00:00.0;0.03522400991397148
2022-03-04T02:00:00.0;0.03380466962583556
2022-03-04T03:00:00.0;0.03239743102685633
2022-03-04T04:00:00.0;0.03138138040739286
2022-03-04T05:00:00.0;0.03077834462721033
2022-03-04T06:00:00.0;0.03062778501514032
2022-03-04T07:00:00.0;0.02980304884886744
2022-03-04T08:00:00.0;0.028225864991650383
2022-03-04T09:00:00.0;0.026042806709456665
2022-03-04T10:00:00.0;0.024706751646757865
2022-03-04T11:00:00.0;0.02369187012715422
2022-03-04T12:00:00.0;0.02385027197595784
2022-03-04T13:00:00.0;0.024661713616558004
2022-03-04T14:00:00.0;0.02672698977930045
2022-03-04T15:00:00.0;0.028759877772049802
2022-03-04T16:00:00.0;0.0325042536898018
2022-03-04T17:00:00.0;0.03511411746999312
2022-03-04T18:00:00.0;0.038130055820309414
2022-03-04T19:00:00.0;0.04042681291392695
2022-03-04T20:00:00.0;0.04160039456208013
2022-03-04T21:00:00.0;0.04126168818910614
2022-03-04T22:00:00.0;0.04015645148426502
2022-03-04T23:00:00.0;0.03825350504112837
2022-03-05T00:00:00.0;0.03693944318747189
2022-03-05T01:00:00.0;0.03535620038382688
2022-03-05T02:00:00.0;0.03392728952176909
2022-03-05T03:00:00.0;0.0324719118592606
2022-03-05T04:00:00.0;0.031443491563122775
2022-03-05T05:00:00.0;0.030811962693444616
2022-03-05T06:00:00.0;0.03070029471896403
2022-03-05T07:00:00.0;0.029862636060081018
2022-03-05T08:00:00.0;0.028228463647669955
2022-03-05T09:00:00.0;0.025966547277486336
2022-03-05T10:00:00.0;0.024397857938518758
2022-03-05T11:00:00.0;0.02342209797344962
2022-03-05T12:00:00.0;0.02362985213207756
2022-03-05T13:00:00.0;0.02457788586603287
2022-03-05T14:00:00.0;0.026636279385133407
2022-03-05T15:00:00.0;0.0286658897307973
2022-03-05T16:00:00.0;0.0325769533924878
2022-03-05T17:00:00.0;0.03521452611507215
2022-03-05T18:00:00.0;0.03823862224505761
2022-03-05T19:00:00.0;0.040478969985250086
2022-03-05T20:00:00.0;0.04157850209262947
2022-03-05T21:00:00.0;0.04120706177846179
2022-03-05T22:00:00.0;0.04004089857322357
2022-03-05T23:00:00.0;0.03809868639257798
2022-03-06T00:00:00.0;0.03724024049253926
2022-03-06T01:00:00.0;0.03542114418235611
2022-03-06T02:00:00.0;0.03402468709521977
2022-03-06T03:00:00.0;0.03270201265059239
2022-03-06T04:00:00.0;0.03169151975503979
2022-03-06T05:00:00.0;0.03165637590320906
2022-03-06T06:00:00.0;0.03158231576999452
2022-03-06T07:00:00.0;0.030678986824291248
2022-03-06T08:00:00.0;0.028694617744254018
2022-03-06T09:00:00.0;0.026381161622951402
2022-03-06T10:00:00.0;0.024472198503966466
2022-03-06T11:00:00.0;0.023575167740406727
2022-03-06T12:00:00.0;0.02356179503643786
2022-03-06T13:00:00.0;0.023215310426317227
2022-03-06T14:00:00.0;0.02528918188084877
2022-03-06T15:00:00.0;0.02699459198065005
2022-03-06T16:00:00.0;0.03089307767112824
2022-03-06T17:00:00.0;0.03454274706891239
2022-03-06T18:00:00.0;0.037781681266973725
2022-03-06T19:00:00.0;0.0389049502519442
2022-03-06T20:00:00.0;0.04014123859150917
2022-03-06T21:00:00.0;0.040662038744386515
2022-03-06T22:00:00.0;0.0394412004487587
2022-03-06T23:00:00.0;0.03760320374699492
2022-03-07T00:00:00.0;0.03658417679993232
2022-03-07T01:00:00.0;0.03504178319982495
2022-03-07T02:00:00.0;0.03364639848439117
2022-03-07T03:00:00.0;0.03225955465530297
2022-03-07T04:00:00.0;0.031340698479715635
2022-03-07T05:00:00.0;0.03076793029658403
2022-03-07T06:00:00.0;0.031232167950620237
2022-03-07T07:00:00.0;0.030382632700081777
2022-03-07T08:00:00.0;0.028101529471650805
2022-03-07T09:00:00.0;0.026005862770856016
2022-03-07T10:00:00.0;0.02493083102303237
2022-03-07T11:00:00.0;0.024113024395326532
2022-03-07T12:00:00.0;0.024365787847091674
2022-03-07T13:00:00.0;0.02508515892836966
2022-03-07T14:00:00.0;0.027159040948710005
2022-03-07T15:00:00.0;0.028833192695265412
2022-03-07T16:00:00.0;0.03250276392684295
2022-03-07T17:00:00.0;0.03518617263383519
2022-03-07T18:00:00.0;0.03841441726328443
2022-03-07T19:00:00.0;0.040634572402978415
2022-03-07T20:00:00.0;0.04148196514517989
2022-03-07T21:00:00.0;0.04089237046541706
2022-03-07T22:00:00.0;0.03970166541546979
2022-03-07T23:00:00.0;0.03790155819764358
2022-03-08T00:00:00.0;0.03756003504944443
2022-03-08T01:00:00.0;0.03591681754147219
2022-03-08T02:00:00.0;0.034505305287032835
2022-03-08T03:00:00.0;0.03318794291964684
2022-03-08T04:00:00.0;0.03229377031736597
2022-03-08T05:00:00.0;0.03244096426278025
2022-03-08T06:00:00.0;0.032891955874528415
2022-03-08T07:00:00.0;0.03265259523689874
2022-03-08T08:00:00.0;0.031076899907731177
2022-03-08T09:00:00.0;0.028551202665927682
2022-03-08T10:00:00.0;0.026641834248630265
2022-03-08T11:00:00.0;0.025428837142345798
2022-03-08T12:00:00.0;0.02511236381961841
2022-03-08T13:00:00.0;0.025274640835217823
2022-03-08T14:00:00.0;0.026676824693941933
2022-03-08T15:00:00.0;0.02903849244255575
2022-03-08T16:00:00.0;0.03269045512075099
2022-03-08T17:00:00.0;0.036344964133326184
2022-03-08T18:00:00.0;0.03961438080499872
2022-03-08T19:00:00.0;0.041079044163635475
2022-03-08T20:00:00.0;0.04224289944385422
2022-03-08T21:00:00.0;0.04160112329359157
2022-03-08T22:00:00.0;0.04039949257890044
2022-03-08T23:00:00.0;0.03858735656776209
2022-03-09T00:00:00.0;0.036421167197366135
2022-03-09T01:00:00.0;0.034877783078938074
2022-03-09T02:00:00.0;0.033500411628533004
2022-03-09T03:00:00.0;0.03224233369899739
2022-03-09T04:00:00.0;0.031298842773858596
2022-03-09T05:00:00.0;0.03097723061285823
2022-03-09T06:00:00.0;0.03075087057982937
2022-03-09T07:00:00.0;0.02987791840886587
2022-03-09T08:00:00.0;0.028233440504723543
2022-03-09T09:00:00.0;0.025993231865331264
2022-03-09T10:00:00.0;0.025107805864330902
2022-03-09T11:00:00.0;0.02395792404414933
2022-03-09T12:00:00.0;0.023899290569287655
2022-03-09T13:00:00.0;0.02424697455441782
2022-03-09T14:00:00.0;0.02622996838895682
2022-03-09T15:00:00.0;0.028401271978077413
2022-03-09T16:00:00.0;0.03178089285707767
2022-03-09T17:00:00.0;0.034411674527722404
2022-03-09T18:00:00.0;0.03761239004093237
2022-03-09T19:00:00.0;0.03997362822492441
2022-03-09T20:00:00.0;0.0414952946841786
2022-03-09T21:00:00.0;0.04120095536046299
2022-03-09T22:00:00.0;0.040227814868733176
2022-03-09T23:00:00.0;0.03841050228228846
2022-03-10T00:00:00.0;0.03728075207249021
2022-03-10T01:00:00.0;0.03572147581047042
2022-03-10T02:00:00.0;0.03429737211422944
2022-03-10T03:00:00.0;0.032925628777072294
2022-03-10T04:00:00.0;0.03183876202496022
2022-03-10T05:00:00.0;0.03128530415004817
2022-03-10T06:00:00.0;0.030743195304434996
2022-03-10T07:00:00.0;0.030081331299134748
2022-03-10T08:00:00.0;0.029047664624000127
2022-03-10T09:00:00.0;0.02686524318183256
2022-03-10T10:00:00.0;0.025747216917361714
2022-03-10T11:00:00.0;0.024640581787741263
2022-03-10T12:00:00.0;0.024604263363729926
2022-03-10T13:00:00.0;0.02518671631551679
2022-03-10T14:00:00.0;0.027021679330543794
2022-03-10T15:00:00.0;0.029209924934458578
2022-03-10T16:00:00.0;0.03270282739598647
2022-03-10T17:00:00.0;0.03508979088274157
2022-03-10T18:00:00.0;0.03815447790081887
2022-03-10T19:00:00.0;0.0406883664910518
2022-03-10T20:00:00.0;0.04221518727932549
2022-03-10T21:00:00.0;0.04207203386135059
2022-03-10T22:00:00.0;0.040948295510068
2022-03-10T23:00:00.0;0.03896217657105743
2022-03-11T00:00:00.0;0.038281947778294814
2022-03-11T01:00:00.0;0.036583969494507346
2022-03-11T02:00:00.0;0.03513025070634027
2022-03-11T03:00:00.0;0.033757570957042446
2022-03-11T04:00:00.0;0.03279862897333038
2022-03-11T05:00:00.0;0.03298425134949228
2022-03-11T06:00:00.0;0.03382002007443799
2022-03-11T07:00:00.0;0.034154045734137835
2022-03-11T08:00:00.0;0.03281874768897643
2022-03-11T09:00:00.0;0.030299697941169795
2022-03-11T10:00:00.0;0.027993579450510068
2022-03-11T11:00:00.0;0.026829564248752096
2022-03-11T12:00:00.0;0.026336114120018045
2022-03-11T13:00:00.0;0.02637697896038913
2022-03-11T14:00:00.0;0.027481178355059976
2022-03-11T15:00:00.0;0.030006930970581942
2022-03-11T16:00:00.0;0.033838218380741185
2022-03-11T17:00:00.0;0.03784395393067132
2022-03-11T18:00:00.0;0.040980195814408024
2022-03-11T19:00:00.0;0.04192297546714101
2022-03-11T20:00:00.0;0.04262678912412464
2022-03-11T21:00:00.0;0.042032789837539886
2022-03-11T22:00:00.0;0.04062342308731499
2022-03-11T23:00:00.0;0.03887055147534542
2022-03-12T00:00:00.0;0.0362925084296937
2022-03-12T01:00:00.0;0.03466317459279308
2022-03-12T02:00:00.0;0.03323962130875052
2022-03-12T03:00:00.0;0.031860526825160954
2022-03-12T04:00:00.0;0.03082439656312432
2022-03-12T05:00:00.0;0.03074960630598005
2022-03-12T06:00:00.0;0.03112698222179491
2022-03-12T07:00:00.0;0.030632814236225686
2022-03-12T08:00:00.0;0.028351188317650503
2022-03-12T09:00:00.0;0.025131998668149778
2022-03-12T10:00:00.0;0.022611330720187766
2022-03-12T11:00:00.0;0.02152454015276014
2022-03-12T12:00:00.0;0.021119044905880263
2022-03-12T13:00:00.0;0.02149975930916696
2022-03-12T14:00:00.0;0.023385962939565904
2022-03-12T15:00:00.0;0.026709477874566224
2022-03-12T16:00:00.0;0.03149340150401493
2022-03-12T17:00:00.0;0.03475940253809075
2022-03-12T18:00:00.0;0.03790155248600158
2022-03-12T19:00:00.0;0.038753632335138156
2022-03-12T20:00:00.0;0.03940961518031539
2022-03-12T21:00:00.0;0.03955380919325093
2022-03-12T22:00:00.0;0.03819900736587082
2022-03-12T23:00:00.0;0.03659339660212978
2022-03-13T00:00:00.0;0.0361741938039296
2022-03-13T01:00:00.0;0.03455052090569409
2022-03-13T02:00:00.0;0.033131180645385706
2022-03-13T03:00:00.0;0.03175403721533776
2022-03-13T04:00:00.0;0.03072105495205439
2022-03-13T05:00:00.0;0.030650788197065786
2022-03-13T06:00:00.0;0.031002778282008068
2022-03-13T07:00:00.0;0.0304408953258341
2022-03-13T08:00:00.0;0.028079154803608862
2022-03-13T09:00:00.0;0.024801714956501894
2022-03-13T10:00:00.0;0.022261485442994593
2022-03-13T11:00:00.0;0.021175873354840502
2022-03-13T12:00:00.0;0.020776572081127022
2022-03-13T13:00:00.0;0.021174022805218233
2022-03-13T14:00:00.0;0.02309949317146483
2022-03-13T15:00:00.0;0.02646261570763769
2022-03-13T16:00:00.0;0.03129761682533958
2022-03-13T17:00:00.0;0.034530167801881305
2022-03-13T18:00:00.0;0.037696087931147065
2022-03-13T19:00:00.0;0.03855033067655067
2022-03-13T20:00:00.0;0.03922789042674379
2022-03-13T21:00:00.0;0.03939609218862426
2022-03-13T22:00:00.0;0.038047009971507346
2022-03-13T23:00:00.0;0.03644427708928388
2022-03-14T00:00:00.0;0.03746176880156482
2022-03-14T01:00:00.0;0.03580928227928061
2022-03-14T02:00:00.0;0.03436155215243734
2022-03-14T03:00:00.0;0.032767968630276034
2022-03-14T04:00:00.0;0.031615435707366746
2022-03-14T05:00:00.0;0.030737739720721195
2022-03-14T06:00:00.0;0.030541044956231233
2022-03-14T07:00:00.0;0.029444122151654917
2022-03-14T08:00:00.0;0.027425766461065076
2022-03-14T09:00:00.0;0.025121057333121408
2022-03-14T10:00:00.0;0.02320638934230674
2022-03-14T11:00:00.0;0.0226160179609368
2022-03-14T12:00:00.0;0.023080927256413763
2022-03-14T13:00:00.0;0.02405606007345374
2022-03-14T14:00:00.0;0.026301572860511536
2022-03-14T15:00:00.0;0.027869126589961456
2022-03-14T16:00:00.0;0.03223095590794175
2022-03-14T17:00:00.0;0.03467193778576537
2022-03-14T18:00:00.0;0.03783610231830789
2022-03-14T19:00:00.0;0.03993805090810919
2022-03-14T20:00:00.0;0.04083393641599272
2022-03-14T21:00:00.0;0.040991887758075315
2022-03-14T22:00:00.0;0.0395230597970529
2022-03-14T23:00:00.0;0.03743782551699926
2022-03-15T00:00:00.0;0.03749505889644974
2022-03-15T01:00:00.0;0.03585367028202819
2022-03-15T02:00:00.0;0.03441522406673253
2022-03-15T03:00:00.0;0.03283280006759793
2022-03-15T04:00:00.0;0.0317212690298909
2022-03-15T05:00:00.0;0.03087610859635446
2022-03-15T06:00:00.0;0.03078457775103566
2022-03-15T07:00:00.0;0.02965779090983582
2022-03-15T08:00:00.0;0.027537270766806
2022-03-15T09:00:00.0;0.02529670212841632
2022-03-15T10:00:00.0;0.02349713607562925
2022-03-15T11:00:00.0;0.022927778673930276
2022-03-15T12:00:00.0;0.02343494269162378
2022-03-15T13:00:00.0;0.024396463824422593
2022-03-15T14:00:00.0;0.026611921102592775
2022-03-15T15:00:00.0;0.02801024581322761
2022-03-15T16:00:00.0;0.03224764216573889
2022-03-15T17:00:00.0;0.03471950955183573
2022-03-15T18:00:00.0;0.037958927606906
2022-03-15T19:00:00.0;0.0401455291518754
2022-03-15T20:00:00.0;0.04106605955426621
2022-03-15T21:00:00.0;0.04107493216070533
2022-03-15T22:00:00.0;0.03961661239202831
2022-03-15T23:00:00.0;0.03752175191981244
2022-03-16T00:00:00.0;0.038607280609096364
2022-03-16T01:00:00.0;0.037018107170986234
2022-03-16T02:00:00.0;0.03554768916882494
2022-03-16T03:00:00.0;0.03406753428699733
2022-03-16T04:00:00.0;0.03288264663892408
2022-03-16T05:00:00.0;0.032342456858062876
2022-03-16T06:00:00.0;0.031865518219032316
2022-03-16T07:00:00.0;0.031665653769881105
2022-03-16T08:00:00.0;0.03109787083302862
2022-03-16T09:00:00.0;0.028849320817512018
2022-03-16T10:00:00.0;0.027280791507838003
2022-03-16T11:00:00.0;0.02623972324152057
2022-03-16T12:00:00.0;0.026088842567021646
2022-03-16T13:00:00.0;0.026699259096266366
2022-03-16T14:00:00.0;0.028084399102879482
2022-03-16T15:00:00.0;0.030286742805040692
2022-03-16T16:00:00.0;0.03389045898405452
2022-03-16T17:00:00.0;0.036381015351099506
2022-03-16T18:00:00.0;0.03948645267445903
2022-03-16T19:00:00.0;0.041897594215072415
2022-03-16T20:00:00.0;0.043314732463434306
2022-03-16T21:00:00.0;0.0431467226462411
2022-03-16T22:00:00.0;0.04174369902313545
2022-03-16T23:00:00.0;0.03960421989651511
2022-03-17T00:00:00.0;0.035281800921298
2022-03-17T01:00:00.0;0.03372962381449429
2022-03-17T02:00:00.0;0.032331270433636365
2022-03-17T03:00:00.0;0.030978498955137254
2022-03-17T04:00:00.0;0.029888977558566662
2022-03-17T05:00:00.0;0.029515998176705985
2022-03-17T06:00:00.0;0.029477254850855984
2022-03-17T07:00:00.0;0.02848572620203416
2022-03-17T08:00:00.0;0.02587522825422371
2022-03-17T09:00:00.0;0.02258490413403937
2022-03-17T10:00:00.0;0.020544648136450797
2022-03-17T11:00:00.0;0.01954435981091286
2022-03-17T12:00:00.0;0.019263158323468674
2022-03-17T13:00:00.0;0.019783655434073462
2022-03-17T14:00:00.0;0.02211679542479862
2022-03-17T15:00:00.0;0.02556154616410852
2022-03-17T16:00:00.0;0.030467756325815446
2022-03-17T17:00:00.0;0.032980169307009095
2022-03-17T18:00:00.0;0.03614406147186788
2022-03-17T19:00:00.0;0.03741787993638597
2022-03-17T20:00:00.0;0.03821555727072696
2022-03-17T21:00:00.0;0.03875179546541408
2022-03-17T22:00:00.0;0.037475299991229685
2022-03-17T23:00:00.0;0.03590570531844885
2022-03-18T00:00:00.0;0.03764316045800069
2022-03-18T01:00:00.0;0.036066121064973804
2022-03-18T02:00:00.0;0.034607705800578994
2022-03-18T03:00:00.0;0.03307573747838259
2022-03-18T04:00:00.0;0.03186578308999896
2022-03-18T05:00:00.0;0.031174475350111135
2022-03-18T06:00:00.0;0.030018746675976513
2022-03-18T07:00:00.0;0.029079965028471773
2022-03-18T08:00:00.0;0.028309143297984892
2022-03-18T09:00:00.0;0.025667113086026348
2022-03-18T10:00:00.0;0.02368500235678396
2022-03-18T11:00:00.0;0.022544073191790543
2022-03-18T12:00:00.0;0.022620620173213098
2022-03-18T13:00:00.0;0.02376636143743522
2022-03-18T14:00:00.0;0.025673185072844492
2022-03-18T15:00:00.0;0.028200194014594622
2022-03-18T16:00:00.0;0.03232769405465368
2022-03-18T17:00:00.0;0.03447841800532859
2022-03-18T18:00:00.0;0.03750934922883821
2022-03-18T19:00:00.0;0.04014253680326608
2022-03-18T20:00:00.0;0.04191869781098555
2022-03-18T21:00:00.0;0.04196671143527133
2022-03-18T22:00:00.0;0.04074466924462234
2022-03-18T23:00:00.0;0.038504588638798
2022-03-19T00:00:00.0;0.03655754632586185
2022-03-19T01:00:00.0;0.03492615849413598
2022-03-19T02:00:00.0;0.03353856841084958
2022-03-19T03:00:00.0;0.03220305087595195
2022-03-19T04:00:00.0;0.031332599047712
2022-03-19T05:00:00.0;0.031663021819758545
2022-03-19T06:00:00.0;0.03210547216001321
2022-03-19T07:00:00.0;0.03139453671224735
2022-03-19T08:00:00.0;0.028943070794747054
2022-03-19T09:00:00.0;0.025601833077249576
2022-03-19T10:00:00.0;0.022936564039887985
2022-03-19T11:00:00.0;0.02171793026587496
2022-03-19T12:00:00.0;0.021351604157374932
2022-03-19T13:00:00.0;0.021671458709742516
2022-03-19T14:00:00.0;0.023349741169683094
2022-03-19T15:00:00.0;0.026380578400827158
2022-03-19T16:00:00.0;0.030882770039001653
2022-03-19T17:00:00.0;0.0345726428947287
2022-03-19T18:00:00.0;0.038040951131863655
2022-03-19T19:00:00.0;0.03902624207193463
2022-03-19T20:00:00.0;0.040153279415911625
2022-03-19T21:00:00.0;0.03976195168254212
2022-03-19T22:00:00.0;0.03851615138169357
2022-03-19T23:00:00.0;0.03677971025734427
2022-03-20T00:00:00.0;0.035562276289422184
2022-03-20T01:00:00.0;0.03396844992882334
2022-03-20T02:00:00.0;0.03257177031532148
2022-03-20T03:00:00.0;0.03120555758533128
2022-03-20T04:00:00.0;0.030191643234740374
2022-03-20T05:00:00.0;0.030151977590409672
2022-03-20T06:00:00.0;0.030373348717067417
2022-03-20T07:00:00.0;0.02945459937423573
2022-03-20T08:00:00.0;0.026669926984765762
2022-03-20T09:00:00.0;0.023085238008324092
2022-03-20T10:00:00.0;0.020441387629806983
2022-03-20T11:00:00.0;0.019360641141915255
2022-03-20T12:00:00.0;0.018993721636201742
2022-03-20T13:00:00.0;0.019476480464074568
2022-03-20T14:00:00.0;0.021602429338186267
2022-03-20T15:00:00.0;0.025167578598596883
2022-03-20T16:00:00.0;0.030264741721066725
2022-03-20T17:00:00.0;0.03332808711534035
2022-03-20T18:00:00.0;0.036625378545345824
2022-03-20T19:00:00.0;0.03749352892384691
2022-03-20T20:00:00.0;0.03829147750698224
2022-03-20T21:00:00.0;0.038576682536534415
2022-03-20T22:00:00.0;0.037258072951574316
2022-03-20T23:00:00.0;0.0356681069854048
2022-03-21T00:00:00.0;0.03731262976658591
2022-03-21T01:00:00.0;0.03575698622381561
2022-03-21T02:00:00.0;0.03431621699563367
2022-03-21T03:00:00.0;0.03267958828872699
2022-03-21T04:00:00.0;0.03163659321291527
2022-03-21T05:00:00.0;0.03089136727235749
2022-03-21T06:00:00.0;0.031023081755961742
2022-03-21T07:00:00.0;0.029903161745717777
2022-03-21T08:00:00.0;0.027559755911585923
2022-03-21T09:00:00.0;0.024865268669435153
2022-03-21T10:00:00.0;0.02259381267510158
2022-03-21T11:00:00.0;0.021905730291491766
2022-03-21T12:00:00.0;0.022372513417896173
2022-03-21T13:00:00.0;0.023850864109406313
2022-03-21T14:00:00.0;0.02591167011148611
2022-03-21T15:00:00.0;0.02778087973181136
2022-03-21T16:00:00.0;0.032352246909651106
2022-03-21T17:00:00.0;0.03482636031453684
2022-03-21T18:00:00.0;0.03816794540312999
2022-03-21T19:00:00.0;0.04039615949842296
2022-03-21T20:00:00.0;0.041268101157908826
2022-03-21T21:00:00.0;0.04072731796299074
2022-03-21T22:00:00.0;0.03924646121326483
2022-03-21T23:00:00.0;0.037127247260849254
2022-03-22T00:00:00.0;0.03724338628080302
2022-03-22T01:00:00.0;0.03569479101750324
2022-03-22T02:00:00.0;0.03425892425162022
2022-03-22T03:00:00.0;0.03261591025093702
2022-03-22T04:00:00.0;0.03159721243017494
2022-03-22T05:00:00.0;0.030848835621827306
2022-03-22T06:00:00.0;0.031140807015439927
2022-03-22T07:00:00.0;0.029986697292525424
2022-03-22T08:00:00.0;0.027427179059303523
2022-03-22T09:00:00.0;0.024729209760015504
2022-03-22T10:00:00.0;0.022463768808560856
2022-03-22T11:00:00.0;0.021834675036702687
2022-03-22T12:00:00.0;0.02234738866829056
2022-03-22T13:00:00.0;0.023849210296166625
2022-03-22T14:00:00.0;0.02593173409848712
2022-03-22T15:00:00.0;0.027711105912181302
2022-03-22T16:00:00.0;0.032316592105854365
2022-03-22T17:00:00.0;0.03481166790184333
2022-03-22T18:00:00.0;0.0382072584600244
2022-03-22T19:00:00.0;0.04040442955685408
2022-03-22T20:00:00.0;0.041177117930723706
2022-03-22T21:00:00.0;0.040564998692257354
2022-03-22T22:00:00.0;0.03905544326045794
2022-03-22T23:00:00.0;0.03695497611816845
2022-03-23T00:00:00.0;0.03706908025545824
2022-03-23T01:00:00.0;0.03553285942276055
2022-03-23T02:00:00.0;0.03410772721558754
2022-03-23T03:00:00.0;0.03245066868563431
2022-03-23T04:00:00.0;0.031493533658007875
2022-03-23T05:00:00.0;0.03073928334517726
2022-03-23T06:00:00.0;0.031443588798340354
2022-03-23T07:00:00.0;0.03022725779689449
2022-03-23T08:00:00.0;0.027155493085077937
2022-03-23T09:00:00.0;0.024469303331843644
2022-03-23T10:00:00.0;0.02221337016343161
2022-03-23T11:00:00.0;0.021722015022772892
2022-03-23T12:00:00.0;0.02234513903871747
2022-03-23T13:00:00.0;0.023899134270839527
2022-03-23T14:00:00.0;0.026036463108719293
2022-03-23T15:00:00.0;0.02759476187691166
2022-03-23T16:00:00.0;0.032276914331361366
2022-03-23T17:00:00.0;0.03485808639272162
2022-03-23T18:00:00.0;0.0383625433032524
2022-03-23T19:00:00.0;0.040456632417500034
2022-03-23T20:00:00.0;0.04096369249009249
2022-03-23T21:00:00.0;0.04016932244607639
2022-03-23T22:00:00.0;0.038597348210722145
2022-03-23T23:00:00.0;0.03655263664153291
2022-03-24T00:00:00.0;0.03709918489460808
2022-03-24T01:00:00.0;0.035565162951487296
2022-03-24T02:00:00.0;0.03413947430000719
2022-03-24T03:00:00.0;0.032483202410869653
2022-03-24T04:00:00.0;0.0315151120726172
2022-03-24T05:00:00.0;0.030760213720645066
2022-03-24T06:00:00.0;0.03138609869273403
2022-03-24T07:00:00.0;0.03016125396999932
2022-03-24T08:00:00.0;0.027152296860862585
2022-03-24T09:00:00.0;0.024447477587738492
2022-03-24T10:00:00.0;0.022194453021706542
2022-03-24T11:00:00.0;0.02168799445020317
2022-03-24T12:00:00.0;0.02229625775196482
2022-03-24T13:00:00.0;0.023846823192528937
2022-03-24T14:00:00.0;0.025974577525264362
2022-03-24T15:00:00.0;0.027566958912963357
2022-03-24T16:00:00.0;0.032243318649753515
2022-03-24T17:00:00.0;0.03478270049269859
2022-03-24T18:00:00.0;0.03829022962853788
2022-03-24T19:00:00.0;0.04042226551265685
2022-03-24T20:00:00.0;0.04098794793924827
2022-03-24T21:00:00.0;0.04022721718815519
2022-03-24T22:00:00.0;0.038658087983549035
2022-03-24T23:00:00.0;0.036596828939004594
2022-03-25T00:00:00.0;0.037575756648636806
2022-03-25T01:00:00.0;0.03602001772504986
2022-03-25T02:00:00.0;0.03456862286901386
2022-03-25T03:00:00.0;0.032946835277033876
2022-03-25T04:00:00.0;0.031809101461361254
2022-03-25T05:00:00.0;0.0310659841703122
2022-03-25T06:00:00.0;0.030540132839599533
2022-03-25T07:00:00.0;0.029432201043097253
2022-03-25T08:00:00.0;0.027757247741553758
2022-03-25T09:00:00.0;0.024974549134524092
2022-03-25T10:00:00.0;0.022710819483197146
2022-03-25T11:00:00.0;0.021850386360879197
2022-03-25T12:00:00.0;0.02216699226159297
2022-03-25T13:00:00.0;0.023588510902383314
2022-03-25T14:00:00.0;0.025565695743137596
2022-03-25T15:00:00.0;0.027753089921770016
2022-03-25T16:00:00.0;0.03223810050904914
2022-03-25T17:00:00.0;0.03446562142386449
2022-03-25T18:00:00.0;0.037735653899267786
2022-03-25T19:00:00.0;0.04020749855592082
2022-03-25T20:00:00.0;0.04153837844077705
2022-03-25T21:00:00.0;0.04128402665470074
2022-03-25T22:00:00.0;0.039864600604555246
2022-03-25T23:00:00.0;0.03763146976187224
2022-03-26T00:00:00.0;0.03806438250937231
2022-03-26T01:00:00.0;0.03644702250895824
2022-03-26T02:00:00.0;0.03498394140823676
2022-03-26T03:00:00.0;0.03341425124039313
2022-03-26T04:00:00.0;0.03210289146178835
2022-03-26T05:00:00.0;0.03128198513029685
2022-03-26T06:00:00.0;0.02975218643922503
2022-03-26T07:00:00.0;0.028634384873010676
2022-03-26T08:00:00.0;0.027943455346129336
2022-03-26T09:00:00.0;0.02536543425334575
2022-03-26T10:00:00.0;0.023442404929012797
2022-03-26T11:00:00.0;0.022466072660758427
2022-03-26T12:00:00.0;0.02263287348731961
2022-03-26T13:00:00.0;0.02361516755463563
2022-03-26T14:00:00.0;0.025601931018754156
2022-03-26T15:00:00.0;0.027833527551257505
2022-03-26T16:00:00.0;0.03198523898341114
2022-03-26T17:00:00.0;0.03387633664329833
2022-03-26T18:00:00.0;0.03700042383867547
2022-03-26T19:00:00.0;0.03976185955671488
2022-03-26T20:00:00.0;0.04171407255449409
2022-03-26T21:00:00.0;0.04223512323170912
2022-03-26T22:00:00.0;0.04089542147702574
2022-03-26T23:00:00.0;0.038524740054115776
2022-03-27T00:00:00.0;0.037687783281395854
2022-03-27T01:00:00.0;0.03613342668315231
2022-03-27T02:00:00.0;0.03467790861167079
2022-03-27T03:00:00.0;0.03306095395545589
2022-03-27T04:00:00.0;0.0318833812170652
2022-03-27T05:00:00.0;0.031140092081956474
2022-03-27T06:00:00.0;0.030337955309550923
2022-03-27T07:00:00.0;0.02922793709364285
2022-03-27T08:00:00.0;0.02782177862755677
2022-03-27T09:00:00.0;0.024995083292858607
2022-03-27T10:00:00.0;0.022732465911807206
2022-03-27T11:00:00.0;0.02180385936088034
2022-03-27T12:00:00.0;0.02206010754937909
2022-03-27T13:00:00.0;0.023462103761794514
2022-03-27T14:00:00.0;0.025404252392913062
2022-03-27T15:00:00.0;0.027722875949488312
2022-03-27T16:00:00.0;0.03217719695414874
2022-03-27T17:00:00.0;0.034292667870169616
2022-03-27T18:00:00.0;0.03754079403367125
2022-03-27T19:00:00.0;0.04012057096438096
2022-03-27T20:00:00.0;0.04164628317776059
2022-03-27T21:00:00.0;0.04151167710799458
2022-03-27T22:00:00.0;0.040114066454120446
2022-03-27T23:00:00.0;0.03783030754379114
2022-03-28T00:00:00.0;0.03726741184986693
2022-03-28T01:00:00.0;0.03573732221258081
2022-03-28T02:00:00.0;0.03430602387685537
2022-03-28T03:00:00.0;0.03265730601419545
2022-03-28T04:00:00.0;0.03162861842776659
2022-03-28T05:00:00.0;0.030873302191747613
2022-03-28T06:00:00.0;0.031074852387616068
2022-03-28T07:00:00.0;0.0298395446786747
2022-03-28T08:00:00.0;0.0272310117275736
2022-03-28T09:00:00.0;0.024454066451352167
2022-03-28T10:00:00.0;0.022208526585249612
2022-03-28T11:00:00.0;0.021600932573993693
2022-03-28T12:00:00.0;0.022118043871121696
2022-03-28T13:00:00.0;0.023638688956912932
2022-03-28T14:00:00.0;0.025713150374853284
2022-03-28T15:00:00.0;0.027503886778415348
2022-03-28T16:00:00.0;0.03213352396560682
2022-03-28T17:00:00.0;0.03449125210177933
2022-03-28T18:00:00.0;0.03797379857168696
2022-03-28T19:00:00.0;0.04027906948253136
2022-03-28T20:00:00.0;0.041147778929083036
2022-03-28T21:00:00.0;0.040570860104716486
2022-03-28T22:00:00.0;0.03903291993834958
2022-03-28T23:00:00.0;0.03689252243264978
2022-03-29T00:00:00.0;0.03797381238639676
2022-03-29T01:00:00.0;0.03637521814759601
2022-03-29T02:00:00.0;0.03492672345047841
2022-03-29T03:00:00.0;0.03337617884912685
2022-03-29T04:00:00.0;0.032110081751904766
2022-03-29T05:00:00.0;0.031305219534788986
2022-03-29T06:00:00.0;0.030059298438027262
2022-03-29T07:00:00.0;0.028924030057141118
2022-03-29T08:00:00.0;0.027886799472385686
2022-03-29T09:00:00.0;0.025371579307567085
2022-03-29T10:00:00.0;0.02365041365166967
2022-03-29T11:00:00.0;0.022782159850561035
2022-03-29T12:00:00.0;0.02298760604194359
2022-03-29T13:00:00.0;0.023873052664226953
2022-03-29T14:00:00.0;0.025858079771591547
2022-03-29T15:00:00.0;0.02788270468829711
2022-03-29T16:00:00.0;0.03195247263347557
2022-03-29T17:00:00.0;0.033844876189434
2022-03-29T18:00:00.0;0.037096983949553616
2022-03-29T19:00:00.0;0.03985180057917512
2022-03-29T20:00:00.0;0.04167149661245254
2022-03-29T21:00:00.0;0.04210156615884921
2022-03-29T22:00:00.0;0.04071597698242829
2022-03-29T23:00:00.0;0.03839464991188315
2022-03-30T00:00:00.0;0.03793207367473296
2022-03-30T01:00:00.0;0.036391103145207035
2022-03-30T02:00:00.0;0.034941335577873434
2022-03-30T03:00:00.0;0.03333487382186383
2022-03-30T04:00:00.0;0.03220529544801903
2022-03-30T05:00:00.0;0.031513536230088054
2022-03-30T06:00:00.0;0.03120530854518734
2022-03-30T07:00:00.0;0.030292573395935735
2022-03-30T08:00:00.0;0.028590074034982954
2022-03-30T09:00:00.0;0.025887398943232526
2022-03-30T10:00:00.0;0.023813018677037463
2022-03-30T11:00:00.0;0.023024538623463913
2022-03-30T12:00:00.0;0.02326994604212669
2022-03-30T13:00:00.0;0.0245057576014487
2022-03-30T14:00:00.0;0.026285953458815306
2022-03-30T15:00:00.0;0.02833553823548147
2022-03-30T16:00:00.0;0.03264533458432158
2022-03-30T17:00:00.0;0.034880407984486377
2022-03-30T18:00:00.0;0.03827272711340245
2022-03-30T19:00:00.0;0.04075355397227193
2022-03-30T20:00:00.0;0.04201209563319551
2022-03-30T21:00:00.0;0.04168962259384468
2022-03-30T22:00:00.0;0.04017154984443942
2022-03-30T23:00:00.0;0.03794778385919344
2022-03-31T00:00:00.0;0.039530323492996476
2022-03-31T01:00:00.0;0.03778813280112144
2022-03-31T02:00:00.0;0.036285160637337895
2022-03-31T03:00:00.0;0.034897705228711905
2022-03-31T04:00:00.0;0.033866374841914265
2022-03-31T05:00:00.0;0.03383572156223106
2022-03-31T06:00:00.0;0.03483628184441989
2022-03-31T07:00:00.0;0.03592077531769548
2022-03-31T08:00:00.0;0.03560777136224397
2022-03-31T09:00:00.0;0.03391967731992633
2022-03-31T10:00:00.0;0.03215463435665399
2022-03-31T11:00:00.0;0.031016811352863768
2022-03-31T12:00:00.0;0.030495477693233897
2022-03-31T13:00:00.0;0.030356922890963107
2022-03-31T14:00:00.0;0.03110239152322252
2022-03-31T15:00:00.0;0.03309460715565528
2022-03-31T16:00:00.0;0.036221653305553214
2022-03-31T17:00:00.0;0.040340419668464474
2022-03-31T18:00:00.0;0.04313938572724414
2022-03-31T19:00:00.0;0.04427174521396809
2022-03-31T20:00:00.0;0.04473393568497072
2022-03-31T21:00:00.0;0.04397721493460025
2022-03-31T22:00:00.0;0.0425236559041117
2022-03-31T23:00:00.0;0.040744387595809485
2022-04-01T00:00:00.0;0.03906543963590771
2022-04-01T01:00:00.0;0.03733684818110825
2022-04-01T02:00:00.0;0.0358657645005657
2022-04-01T03:00:00.0;0.03449032220583636
2022-04-01T04:00:00.0;0.03354423262956818
2022-04-01T05:00:00.0;0.033787039984314766
2022-04-01T06:00:00.0;0.03479908316233322
2022-04-01T07:00:00.0;0.03550113157200209
2022-04-01T08:00:00.0;0.03459256565884623
2022-04-01T09:00:00.0;0.03238691484644393
2022-04-01T10:00:00.0;0.030180714342258462
2022-04-01T11:00:00.0;0.028994027432750227
2022-04-01T12:00:00.0;0.028463754515543803
2022-04-01T13:00:00.0;0.028378657158680713
2022-04-01T14:00:00.0;0.029191299640139598
2022-04-01T15:00:00.0;0.03142064143765879
2022-04-01T16:00:00.0;0.03488940192913595
2022-04-01T17:00:00.0;0.03916255861622163
2022-04-01T18:00:00.0;0.04224337376489573
2022-04-01T19:00:00.0;0.04320473866431503
2022-04-01T20:00:00.0;0.043872015915855093
2022-04-01T21:00:00.0;0.043032404188751386
2022-04-01T22:00:00.0;0.04159593754668449
2022-04-01T23:00:00.0;0.03979840303031916
2022-04-02T00:00:00.0;0.03689676232484589
2022-04-02T01:00:00.0;0.035284598685888034
2022-04-02T02:00:00.0;0.0339243027147919
2022-04-02T03:00:00.0;0.032617947143968436
2022-04-02T04:00:00.0;0.031829546600440226
2022-04-02T05:00:00.0;0.0324123664582945
2022-04-02T06:00:00.0;0.032948547217701726
2022-04-02T07:00:00.0;0.03212951615901332
2022-04-02T08:00:00.0;0.02943628979701389
2022-04-02T09:00:00.0;0.025974367164450323
2022-04-02T10:00:00.0;0.023346247604378305
2022-04-02T11:00:00.0;0.022147158481485404
2022-04-02T12:00:00.0;0.02176336338147271
2022-04-02T13:00:00.0;0.02191034982334773
2022-04-02T14:00:00.0;0.023375885551840114
2022-04-02T15:00:00.0;0.026169573717176955
2022-04-02T16:00:00.0;0.030480286128449597
2022-04-02T17:00:00.0;0.034279247149938935
2022-04-02T18:00:00.0;0.038105454970554876
2022-04-02T19:00:00.0;0.03921570840825742
2022-04-02T20:00:00.0;0.04062550049169613
2022-04-02T21:00:00.0;0.040004536279890125
2022-04-02T22:00:00.0;0.038713367637854545
2022-04-02T23:00:00.0;0.036884037552398816
2022-04-03T00:00:00.0;0.038270814746460685
2022-04-03T01:00:00.0;0.03667298065257883
2022-04-03T02:00:00.0;0.03521585592380905
2022-04-03T03:00:00.0;0.03365191798861612
2022-04-03T04:00:00.0;0.03233357537185251
2022-04-03T05:00:00.0;0.03152461883923223
2022-04-03T06:00:00.0;0.03002479582103843
2022-04-03T07:00:00.0;0.02892485174391496
2022-04-03T08:00:00.0;0.028162340195817814
2022-04-03T09:00:00.0;0.025583802351715427
2022-04-03T10:00:00.0;0.02381146765233629
2022-04-03T11:00:00.0;0.022907847410337814
2022-04-03T12:00:00.0;0.023051430258169484
2022-04-03T13:00:00.0;0.023922172910181495
2022-04-03T14:00:00.0;0.025815793164381637
2022-04-03T15:00:00.0;0.02794230364422402
2022-04-03T16:00:00.0;0.03200731629584357
2022-04-03T17:00:00.0;0.03377605024300098
2022-04-03T18:00:00.0;0.03704305365601286
2022-04-03T19:00:00.0;0.039903459277291844
2022-04-03T20:00:00.0;0.041899906145713775
2022-04-03T21:00:00.0;0.04245026933165642
2022-04-03T22:00:00.0;0.04103223064791433
2022-04-03T23:00:00.0;0.03863329815502409
2022-04-04T00:00:00.0;0.039538864391342646
2022-04-04T01:00:00.0;0.03777975552526182
2022-04-04T02:00:00.0;0.03627976016226563
2022-04-04T03:00:00.0;0.034884888230965
2022-04-04T04:00:00.0;0.03388764266452099
2022-04-04T05:00:00.0;0.034012640294049684
2022-04-04T06:00:00.0;0.03511691764794538
2022-04-04T07:00:00.0;0.03618191002225037
2022-04-04T08:00:00.0;0.03571268191484445
2022-04-04T09:00:00.0;0.03382288820223628
2022-04-04T10:00:00.0;0.03172885476121421
2022-04-04T11:00:00.0;0.03055446452180687
2022-04-04T12:00:00.0;0.02999460765464216
2022-04-04T13:00:00.0;0.029859856771756534
2022-04-04T14:00:00.0;0.03055145334001734
2022-04-04T15:00:00.0;0.032661356490681276
2022-04-04T16:00:00.0;0.03595352482082939
2022-04-04T17:00:00.0;0.04030799503909114
2022-04-04T18:00:00.0;0.043177004071056485
2022-04-04T19:00:00.0;0.044092059426902155
2022-04-04T20:00:00.0;0.04455131073164248
2022-04-04T21:00:00.0;0.04371476067185229
2022-04-04T22:00:00.0;0.04224307723561971
2022-04-04T23:00:00.0;0.040463325780759826
2022-04-05T00:00:00.0;0.03901068859933007
2022-04-05T01:00:00.0;0.03736254536360939
2022-04-05T02:00:00.0;0.03588091398193185
2022-04-05T03:00:00.0;0.03442562062377742
2022-04-05T04:00:00.0;0.03330501287747925
2022-04-05T05:00:00.0;0.03301490931219531
2022-04-05T06:00:00.0;0.03310561653433521
2022-04-05T07:00:00.0;0.033365559860543306
2022-04-05T08:00:00.0;0.032826763588055086
2022-04-05T09:00:00.0;0.03067626528174302
2022-04-05T10:00:00.0;0.028887999577804038
2022-04-05T11:00:00.0;0.02780680154243452
2022-04-05T12:00:00.0;0.02750133983578817
2022-04-05T13:00:00.0;0.02784443159144476
2022-04-05T14:00:00.0;0.028951417215486695
2022-04-05T15:00:00.0;0.031126066648768262
2022-04-05T16:00:00.0;0.034634199911794714
2022-04-05T17:00:00.0;0.03778623431129559
2022-04-05T18:00:00.0;0.04083593922457308
2022-04-05T19:00:00.0;0.04271236316923247
2022-04-05T20:00:00.0;0.04379724133230244
2022-04-05T21:00:00.0;0.043386881536229514
2022-04-05T22:00:00.0;0.041937288004111985
2022-04-05T23:00:00.0;0.0399129336415424
2022-04-06T00:00:00.0;0.03963429298192363
2022-04-06T01:00:00.0;0.03786903269787547
2022-04-06T02:00:00.0;0.0363632095849017
2022-04-06T03:00:00.0;0.034964421206874916
2022-04-06T04:00:00.0;0.033956864088307344
2022-04-06T05:00:00.0;0.03405811472128544
2022-04-06T06:00:00.0;0.0351809837886611
2022-04-06T07:00:00.0;0.03631913505592106
2022-04-06T08:00:00.0;0.03593846460653863
2022-04-06T09:00:00.0;0.03411233845147222
2022-04-06T10:00:00.0;0.032040914611288315
2022-04-06T11:00:00.0;0.03086900302109206
2022-04-06T12:00:00.0;0.030303182894473916
2022-04-06T13:00:00.0;0.03015842331231494
2022-04-06T14:00:00.0;0.03082562056313518
2022-04-06T15:00:00.0;0.032911448374266385
2022-04-06T16:00:00.0;0.03616802088719155
2022-04-06T17:00:00.0;0.04053888153621598
2022-04-06T18:00:00.0;0.04336519664699975
2022-04-06T19:00:00.0;0.04427091735267567
2022-04-06T20:00:00.0;0.04468823670797848
2022-04-06T21:00:00.0;0.0438523037908138
2022-04-06T22:00:00.0;0.04237352167840633
2022-04-06T23:00:00.0;0.04059735476887535
2022-04-07T00:00:00.0;0.03884558342611059
2022-04-07T01:00:00.0;0.0371311641122905
2022-04-07T02:00:00.0;0.03567350687987965
2022-04-07T03:00:00.0;0.0343070876161711
2022-04-07T04:00:00.0;0.03338475463898093
2022-04-07T05:00:00.0;0.03368227227105523
2022-04-07T06:00:00.0;0.03465148233549156
2022-04-07T07:00:00.0;0.035184981290326094
2022-04-07T08:00:00.0;0.034072388985047955
2022-04-07T09:00:00.0;0.03172005563439425
2022-04-07T10:00:00.0;0.029461765278362053
2022-04-07T11:00:00.0;0.02826936785361255
2022-04-07T12:00:00.0;0.027752833582376762
2022-04-07T13:00:00.0;0.027690795087368807
2022-04-07T14:00:00.0;0.028559650716496136
2022-04-07T15:00:00.0;0.03084445925482142
2022-04-07T16:00:00.0;0.034395228308005524
2022-04-07T17:00:00.0;0.03863062337708463
2022-04-07T18:00:00.0;0.041809800281236965
2022-04-07T19:00:00.0;0.042792671112930926
2022-04-07T20:00:00.0;0.043556554626982186
2022-04-07T21:00:00.0;0.04271552107610716
2022-04-07T22:00:00.0;0.04129540894613028
2022-04-07T23:00:00.0;0.03948961606039094
2022-04-08T00:00:00.0;0.03783030094762487
2022-04-08T01:00:00.0;0.03626840631639295
2022-04-08T02:00:00.0;0.034857588077525856
2022-04-08T03:00:00.0;0.03341444795165942
2022-04-08T04:00:00.0;0.03239404207750584
2022-04-08T05:00:00.0;0.032368503783048695
2022-04-08T06:00:00.0;0.0320138249472944
2022-04-08T07:00:00.0;0.031200669237824656
2022-04-08T08:00:00.0;0.029544598252112246
2022-04-08T09:00:00.0;0.026423818237929723
2022-04-08T10:00:00.0;0.02416459424906434
2022-04-08T11:00:00.0;0.023052297344504424
2022-04-08T12:00:00.0;0.022859297875690614
2022-04-08T13:00:00.0;0.023480093633640592
2022-04-08T14:00:00.0;0.02493417333819009
2022-04-08T15:00:00.0;0.02750674412208398
2022-04-08T16:00:00.0;0.031636416941767026
2022-04-08T17:00:00.0;0.03443646077108748
2022-04-08T18:00:00.0;0.03807125163373524
2022-04-08T19:00:00.0;0.040159552939419585
2022-04-08T20:00:00.0;0.04190277749992172
2022-04-08T21:00:00.0;0.04155348754941297
2022-04-08T22:00:00.0;0.04016749373732342
2022-04-08T23:00:00.0;0.03801867615150729
2022-04-09T00:00:00.0;0.03702986437005229
2022-04-09T01:00:00.0;0.03543248803839365
2022-04-09T02:00:00.0;0.03408571535980286
2022-04-09T03:00:00.0;0.03279381429770877
2022-04-09T04:00:00.0;0.032067679143145025
2022-04-09T05:00:00.0;0.03281703069520649
2022-04-09T06:00:00.0;0.03343249637083007
2022-04-09T07:00:00.0;0.03257400163436359
2022-04-09T08:00:00.0;0.02977642345373947
2022-04-09T09:00:00.0;0.02621268797739711
2022-04-09T10:00:00.0;0.0235242049208147
2022-04-09T11:00:00.0;0.02228464625666669
2022-04-09T12:00:00.0;0.021881574877001472
2022-04-09T13:00:00.0;0.02200997182577755
2022-04-09T14:00:00.0;0.023343073079428275
2022-04-09T15:00:00.0;0.026085962917126414
2022-04-09T16:00:00.0;0.03031401330973073
2022-04-09T17:00:00.0;0.03423754777925978
2022-04-09T18:00:00.0;0.03822906159203973
2022-04-09T19:00:00.0;0.0393895427404286
2022-04-09T20:00:00.0;0.04095126513261759
2022-04-09T21:00:00.0;0.04009848921377251
2022-04-09T22:00:00.0;0.0388134435405574
2022-04-09T23:00:00.0;0.03693944753852594
2022-04-10T00:00:00.0;0.03715102412335711
2022-04-10T01:00:00.0;0.03563883115982183
2022-04-10T02:00:00.0;0.03419440211036585
2022-04-10T03:00:00.0;0.03260224968871015
2022-04-10T04:00:00.0;0.031343821560336035
2022-04-10T05:00:00.0;0.030563390525582483
2022-04-10T06:00:00.0;0.029490476599458724
2022-04-10T07:00:00.0;0.028212686447068102
2022-04-10T08:00:00.0;0.026570603109451613
2022-04-10T09:00:00.0;0.02336675646773303
2022-04-10T10:00:00.0;0.021120594728337345
2022-04-10T11:00:00.0;0.02022417159782858
2022-04-10T12:00:00.0;0.020328284712887498
2022-04-10T13:00:00.0;0.02161853081547568
2022-04-10T14:00:00.0;0.023695881042975594
2022-04-10T15:00:00.0;0.026518134478818036
2022-04-10T16:00:00.0;0.03130169655164685
2022-04-10T17:00:00.0;0.032991533799098464
2022-04-10T18:00:00.0;0.03633991097814003
2022-04-10T19:00:00.0;0.03886875367041719
2022-04-10T20:00:00.0;0.04046021232670946
2022-04-10T21:00:00.0;0.04082683045721349
2022-04-10T22:00:00.0;0.03935976957421533
2022-04-10T23:00:00.0;0.03713584178225105
2022-04-11T00:00:00.0;0.03805634105259117
2022-04-11T01:00:00.0;0.03654019996879822
2022-04-11T02:00:00.0;0.035088760737267854
2022-04-11T03:00:00.0;0.03351719268971368
2022-04-11T04:00:00.0;0.03225644443595074
2022-04-11T05:00:00.0;0.03155306659419999
2022-04-11T06:00:00.0;0.030153515937200087
2022-04-11T07:00:00.0;0.029062450492308017
2022-04-11T08:00:00.0;0.02819399091304974
2022-04-11T09:00:00.0;0.025280901807725454
2022-04-11T10:00:00.0;0.023310165174002348
2022-04-11T11:00:00.0;0.022275065576488486
2022-04-11T12:00:00.0;0.022334390889336895
2022-04-11T13:00:00.0;0.023518826449203528
2022-04-11T14:00:00.0;0.025271766558742057
2022-04-11T15:00:00.0;0.027807589833233642
2022-04-11T16:00:00.0;0.032011950650584944
2022-04-11T17:00:00.0;0.033714407181142415
2022-04-11T18:00:00.0;0.03708012333055533
2022-04-11T19:00:00.0;0.04005910988531798
2022-04-11T20:00:00.0;0.04212123132734275
2022-04-11T21:00:00.0;0.04226650080493969
2022-04-11T22:00:00.0;0.04086900378144287
2022-04-11T23:00:00.0;0.038463473558450485
2022-04-12T00:00:00.0;0.037148155039725926
2022-04-12T01:00:00.0;0.035592608777457214
2022-04-12T02:00:00.0;0.03420502171371232
2022-04-12T03:00:00.0;0.032794875874319035
2022-04-12T04:00:00.0;0.031830238561410075
2022-04-12T05:00:00.0;0.031947307808361344
2022-04-12T06:00:00.0;0.031722107238109476
2022-04-12T07:00:00.0;0.030687268606451334
2022-04-12T08:00:00.0;0.028501485165323515
2022-04-12T09:00:00.0;0.02507004791399282
2022-04-12T10:00:00.0;0.02260591306972155
2022-04-12T11:00:00.0;0.021477091862982058
2022-04-12T12:00:00.0;0.021250926330230267
2022-04-12T13:00:00.0;0.021841054518716374
2022-04-12T14:00:00.0;0.023452647464673668
2022-04-12T15:00:00.0;0.02628107668170221
2022-04-12T16:00:00.0;0.030695736689828265
2022-04-12T17:00:00.0;0.033612082577990005
2022-04-12T18:00:00.0;0.037344973617788
2022-04-12T19:00:00.0;0.03916056898272479
2022-04-12T20:00:00.0;0.04085117056212765
2022-04-12T21:00:00.0;0.04055353991691131
2022-04-12T22:00:00.0;0.03920231097642886
2022-04-12T23:00:00.0;0.0371540431167169
2022-04-13T00:00:00.0;0.03780991510824868
2022-04-13T01:00:00.0;0.03630368202621664
2022-04-13T02:00:00.0;0.03486193050808395
2022-04-13T03:00:00.0;0.033235923195831005
2022-04-13T04:00:00.0;0.03205993021612696
2022-04-13T05:00:00.0;0.03132008602860084
2022-04-13T06:00:00.0;0.03053514243786242
2022-04-13T07:00:00.0;0.02930830434406336
2022-04-13T08:00:00.0;0.0276332079705182
2022-04-13T09:00:00.0;0.02467720497894336
2022-04-13T10:00:00.0;0.022536069102905596
2022-04-13T11:00:00.0;0.021720000768503923
2022-04-13T12:00:00.0;0.02199187399262734
2022-04-13T13:00:00.0;0.023376790258456372
2022-04-13T14:00:00.0;0.02524714077823532
2022-04-13T15:00:00.0;0.027470756941148332
2022-04-13T16:00:00.0;0.03192954553745032
2022-04-13T17:00:00.0;0.03378680020884647
2022-04-13T18:00:00.0;0.03729461984965747
2022-04-13T19:00:00.0;0.040073308858736376
2022-04-13T20:00:00.0;0.04169325089747921
2022-04-13T21:00:00.0;0.04155188879530958
2022-04-13T22:00:00.0;0.04004160248151685
2022-04-13T23:00:00.0;0.0376964581039235
2022-04-14T00:00:00.0;0.037688949308799284
2022-04-14T01:00:00.0;0.03618593097190355
2022-04-14T02:00:00.0;0.034745728363717206
2022-04-14T03:00:00.0;0.033109430911915996
2022-04-14T04:00:00.0;0.03192761933515143
2022-04-14T05:00:00.0;0.031164654645350596
2022-04-14T06:00:00.0;0.0302743085084225
2022-04-14T07:00:00.0;0.02893630478868842
2022-04-14T08:00:00.0;0.027229237227491685
2022-04-14T09:00:00.0;0.024205665014843555
2022-04-14T10:00:00.0;0.02199695009737374
2022-04-14T11:00:00.0;0.021170423273949284
2022-04-14T12:00:00.0;0.02147583981819203
2022-04-14T13:00:00.0;0.022943673374861355
2022-04-14T14:00:00.0;0.024884162176222593
2022-04-14T15:00:00.0;0.02715565265926376
2022-04-14T16:00:00.0;0.03169779039934718
2022-04-14T17:00:00.0;0.03349344061666018
2022-04-14T18:00:00.0;0.03700024684304025
2022-04-14T19:00:00.0;0.039819589866648304
2022-04-14T20:00:00.0;0.04149822362940144
2022-04-14T21:00:00.0;0.041390481463069305
2022-04-14T22:00:00.0;0.03989918364773809
2022-04-14T23:00:00.0;0.03753301408490711
2022-04-15T00:00:00.0;0.03801429613089053
2022-04-15T01:00:00.0;0.03646615815186081
2022-04-15T02:00:00.0;0.035020125270511675
2022-04-15T03:00:00.0;0.03342479162359865
2022-04-15T04:00:00.0;0.03212450701925936
2022-04-15T05:00:00.0;0.031301686775623276
2022-04-15T06:00:00.0;0.029733792635506153
2022-04-15T07:00:00.0;0.028376346858405083
2022-04-15T08:00:00.0;0.02731259227807661
2022-04-15T09:00:00.0;0.02446116125128869
2022-04-15T10:00:00.0;0.022537881996556527
2022-04-15T11:00:00.0;0.021652420040030353
2022-04-15T12:00:00.0;0.02186529730408104
2022-04-15T13:00:00.0;0.0229922749471822
2022-04-15T14:00:00.0;0.024955205696268475
2022-04-15T15:00:00.0;0.02720410751685802
2022-04-15T16:00:00.0;0.03149196711776079
2022-04-15T17:00:00.0;0.03305041875432384
2022-04-15T18:00:00.0;0.03646705334638167
2022-04-15T19:00:00.0;0.03948599225284555
2022-04-15T20:00:00.0;0.04158341263453868
2022-04-15T21:00:00.0;0.04203565952024122
2022-04-15T22:00:00.0;0.04059635051319978
2022-04-15T23:00:00.0;0.038141655100002794
2022-04-16T00:00:00.0;0.0382124075693601
2022-04-16T01:00:00.0;0.036695127170354565
2022-04-16T02:00:00.0;0.035235108865388824
2022-04-16T03:00:00.0;0.0336240418997968
2022-04-16T04:00:00.0;0.03233021582916987
2022-04-16T05:00:00.0;0.031598493424025355
2022-04-16T06:00:00.0;0.03005585816649924
2022-04-16T07:00:00.0;0.028918002434611848
2022-04-16T08:00:00.0;0.028122015501923975
2022-04-16T09:00:00.0;0.025094985131874466
2022-04-16T10:00:00.0;0.02292989533797831
2022-04-16T11:00:00.0;0.02189551813570817
2022-04-16T12:00:00.0;0.021970893772004178
2022-04-16T13:00:00.0;0.023273482343036066
2022-04-16T14:00:00.0;0.02501250419557183
2022-04-16T15:00:00.0;0.027621320807577735
2022-04-16T16:00:00.0;0.03196390192510804
2022-04-16T17:00:00.0;0.03359289946371765
2022-04-16T18:00:00.0;0.03697325647201135
2022-04-16T19:00:00.0;0.039990643330239606
2022-04-16T20:00:00.0;0.042120498596312485
2022-04-16T21:00:00.0;0.042312137185097166
2022-04-16T22:00:00.0;0.04087285170420961
2022-04-16T23:00:00.0;0.038398056530993346
2022-04-17T00:00:00.0;0.03800830548723731
2022-04-17T01:00:00.0;0.03649587261686018
2022-04-17T02:00:00.0;0.035039969749435886
2022-04-17T03:00:00.0;0.03342439290993901
2022-04-17T04:00:00.0;0.03212880188880969
2022-04-17T05:00:00.0;0.03137151550346036
2022-04-17T06:00:00.0;0.029703677224996464
2022-04-17T07:00:00.0;0.028420786157007685
2022-04-17T08:00:00.0;0.027573771190867218
2022-04-17T09:00:00.0;0.024477878485889965
2022-04-17T10:00:00.0;0.022265657345000415
2022-04-17T11:00:00.0;0.021213327351289717
2022-04-17T12:00:00.0;0.021329321642427054
2022-04-17T13:00:00.0;0.022718629088076113
2022-04-17T14:00:00.0;0.024558372989865063
2022-04-17T15:00:00.0;0.027222371082689514
2022-04-17T16:00:00.0;0.031646817266763355
2022-04-17T17:00:00.0;0.03320241780419127
2022-04-17T18:00:00.0;0.03657664435713665
2022-04-17T19:00:00.0;0.03964643703146879
2022-04-17T20:00:00.0;0.041850711933393445
2022-04-17T21:00:00.0;0.04208349376505444
2022-04-17T22:00:00.0;0.04068229497169348
2022-04-17T23:00:00.0;0.03819282142745425
2022-04-18T00:00:00.0;0.037317334139539846
2022-04-18T01:00:00.0;0.035822855738797205
2022-04-18T02:00:00.0;0.034371296210131845
2022-04-18T03:00:00.0;0.03277015303112417
2022-04-18T04:00:00.0;0.031435932828107103
2022-04-18T05:00:00.0;0.03059527934565064
2022-04-18T06:00:00.0;0.029064617001349352
2022-04-18T07:00:00.0;0.02773734093631908
2022-04-18T08:00:00.0;0.02646407355117416
2022-04-18T09:00:00.0;0.023168723275889862
2022-04-18T10:00:00.0;0.020946345081113985
2022-04-18T11:00:00.0;0.01998236914582638
2022-04-18T12:00:00.0;0.020024788194119666
2022-04-18T13:00:00.0;0.02135438426806252
2022-04-18T14:00:00.0;0.02339987839141215
2022-04-18T15:00:00.0;0.0264151826702109
2022-04-18T16:00:00.0;0.03119498661302691
2022-04-18T17:00:00.0;0.03258210950758852
2022-04-18T18:00:00.0;0.03592372793044205
2022-04-18T19:00:00.0;0.03870280108400069
2022-04-18T20:00:00.0;0.04059191193988465
2022-04-18T21:00:00.0;0.04116083836358119
2022-04-18T22:00:00.0;0.0396982825168218
2022-04-18T23:00:00.0;0.03737566019826451
2022-04-19T00:00:00.0;0.03801964463043454
2022-04-19T01:00:00.0;0.03651274337270609
2022-04-19T02:00:00.0;0.03505893796867907
2022-04-19T03:00:00.0;0.033446670494611426
2022-04-19T04:00:00.0;0.03215280836220489
2022-04-19T05:00:00.0;0.03139972244407969
2022-04-19T06:00:00.0;0.029740240965992624
2022-04-19T07:00:00.0;0.028454013455773485
2022-04-19T08:00:00.0;0.027583101905231517
2022-04-19T09:00:00.0;0.024484336858749543
2022-04-19T10:00:00.0;0.022307411016764037
2022-04-19T11:00:00.0;0.021265504398890498
2022-04-19T12:00:00.0;0.021377365609749274
2022-04-19T13:00:00.0;0.022748673610089153
2022-04-19T14:00:00.0;0.024576105711773523
2022-04-19T15:00:00.0;0.027225799572216387
2022-04-19T16:00:00.0;0.031632386170699446
2022-04-19T17:00:00.0;0.033163263225449297
2022-04-19T18:00:00.0;0.03656513401557986
2022-04-19T19:00:00.0;0.039656946383840985
2022-04-19T20:00:00.0;0.04187141815898077
2022-04-19T21:00:00.0;0.04210272458432662
2022-04-19T22:00:00.0;0.0406923010368802
2022-04-19T23:00:00.0;0.03820093000135906
2022-04-20T00:00:00.0;0.03682651186425985
2022-04-20T01:00:00.0;0.03526687292924244
2022-04-20T02:00:00.0;0.03391901340039267
2022-04-20T03:00:00.0;0.03257458268396995
2022-04-20T04:00:00.0;0.03176954782741017
2022-04-20T05:00:00.0;0.032289277867490765
2022-04-20T06:00:00.0;0.03234678534325203
2022-04-20T07:00:00.0;0.031111041265003237
2022-04-20T08:00:00.0;0.02839188236781386
2022-04-20T09:00:00.0;0.02468877558516324
2022-04-20T10:00:00.0;0.02199989677098641
2022-04-20T11:00:00.0;0.02078028480141192
2022-04-20T12:00:00.0;0.02051520900502398
2022-04-20T13:00:00.0;0.020959289052118538
2022-04-20T14:00:00.0;0.022513605557505773
2022-04-20T15:00:00.0;0.0253419846558897
2022-04-20T16:00:00.0;0.029757011184145664
2022-04-20T17:00:00.0;0.033137695055830425
2022-04-20T18:00:00.0;0.03713917293435613
2022-04-20T19:00:00.0;0.038722135720372405
2022-04-20T20:00:00.0;0.04057304510171707
2022-04-20T21:00:00.0;0.03994754469732351
2022-04-20T22:00:00.0;0.03868014484669156
2022-04-20T23:00:00.0;0.03666923268434348
2022-04-21T00:00:00.0;0.03750783623150459
2022-04-21T01:00:00.0;0.03596705163631741
2022-04-21T02:00:00.0;0.034576130928462095
2022-04-21T03:00:00.0;0.03313396954608126
2022-04-21T04:00:00.0;0.0321460043340101
2022-04-21T05:00:00.0;0.032218544647940044
2022-04-21T06:00:00.0;0.03175268398488822
2022-04-21T07:00:00.0;0.030636657357512576
2022-04-21T08:00:00.0;0.028646870524133734
2022-04-21T09:00:00.0;0.02522013203192694
2022-04-21T10:00:00.0;0.022770150904688365
2022-04-21T11:00:00.0;0.021643113268440255
2022-04-21T12:00:00.0;0.0214756229765819
2022-04-21T13:00:00.0;0.022177933288009717
2022-04-21T14:00:00.0;0.0237195077930412
2022-04-21T15:00:00.0;0.026424240843118157
2022-04-21T16:00:00.0;0.03075793231763092
2022-04-21T17:00:00.0;0.03349678389207433
2022-04-21T18:00:00.0;0.03730571976096666
2022-04-21T19:00:00.0;0.03941827948301319
2022-04-21T20:00:00.0;0.04134589768865306
2022-04-21T21:00:00.0;0.04100192757458703
2022-04-21T22:00:00.0;0.03962958266520123
2022-04-21T23:00:00.0;0.037444100360748966
2022-04-22T00:00:00.0;0.03698914391845332
2022-04-22T01:00:00.0;0.03536446603586147
2022-04-22T02:00:00.0;0.03397431985127471
2022-04-22T03:00:00.0;0.032639869472233254
2022-04-22T04:00:00.0;0.03177142778237795
2022-04-22T05:00:00.0;0.03215155085830345
2022-04-22T06:00:00.0;0.03272352925307717
2022-04-22T07:00:00.0;0.03218380466693481
2022-04-22T08:00:00.0;0.029800306928100224
2022-04-22T09:00:00.0;0.026524333597107097
2022-04-22T10:00:00.0;0.023955155770693015
2022-04-22T11:00:00.0;0.02277926547416343
2022-04-22T12:00:00.0;0.022360478709243053
2022-04-22T13:00:00.0;0.02255902545328357
2022-04-22T14:00:00.0;0.024039796366627442
2022-04-22T15:00:00.0;0.02694152209084351
2022-04-22T16:00:00.0;0.03129049184461678
2022-04-22T17:00:00.0;0.035007158735778476
2022-04-22T18:00:00.0;0.03857291557208992
2022-04-22T19:00:00.0;0.03959411523746601
2022-04-22T20:00:00.0;0.040710747295085066
2022-04-22T21:00:00.0;0.040234851639923484
2022-04-22T22:00:00.0;0.038905922221594356
2022-04-22T23:00:00.0;0.037141868388127726
2022-04-23T00:00:00.0;0.03561178604429033
2022-04-23T01:00:00.0;0.03402629631121415
2022-04-23T02:00:00.0;0.032644259184718215
2022-04-23T03:00:00.0;0.031293048894385486
2022-04-23T04:00:00.0;0.03033029816071606
2022-04-23T05:00:00.0;0.030424447539999264
2022-04-23T06:00:00.0;0.030669160207167874
2022-04-23T07:00:00.0;0.02965354661845347
2022-04-23T08:00:00.0;0.026740753077294017
2022-04-23T09:00:00.0;0.023067780460559316
2022-04-23T10:00:00.0;0.020385985801006545
2022-04-23T11:00:00.0;0.019281591911478952
2022-04-23T12:00:00.0;0.01891861257333562
2022-04-23T13:00:00.0;0.019370801252952197
2022-04-23T14:00:00.0;0.02143121765251868
2022-04-23T15:00:00.0;0.024926647884445926
2022-04-23T16:00:00.0;0.029964614632876127
2022-04-23T17:00:00.0;0.0331134576893689
2022-04-23T18:00:00.0;0.03655962415966081
2022-04-23T19:00:00.0;0.03747811911600896
2022-04-23T20:00:00.0;0.0384326602885635
2022-04-23T21:00:00.0;0.0385729045833003
2022-04-23T22:00:00.0;0.03726868356986527
2022-04-23T23:00:00.0;0.03563763686925782
2022-04-24T00:00:00.0;0.0353872634543446
2022-04-24T01:00:00.0;0.033796082477280054
2022-04-24T02:00:00.0;0.032396856493985896
2022-04-24T03:00:00.0;0.031025065327914447
2022-04-24T04:00:00.0;0.02998772571682638
2022-04-24T05:00:00.0;0.02988213584225204
2022-04-24T06:00:00.0;0.030059150289460806
2022-04-24T07:00:00.0;0.029107228806647296
2022-04-24T08:00:00.0;0.026290544112324187
2022-04-24T09:00:00.0;0.022679972799018792
2022-04-24T10:00:00.0;0.02003187017584611
2022-04-24T11:00:00.0;0.018965256441197214
2022-04-24T12:00:00.0;0.018604003925418222
2022-04-24T13:00:00.0;0.01912412959686353
2022-04-24T14:00:00.0;0.02133443570331808
2022-04-24T15:00:00.0;0.024986610253855217
2022-04-24T16:00:00.0;0.030179566333592187
2022-04-24T17:00:00.0;0.033155173095125876
2022-04-24T18:00:00.0;0.036402642320375565
2022-04-24T19:00:00.0;0.037246569091845594
2022-04-24T20:00:00.0;0.037987812685695004
2022-04-24T21:00:00.0;0.03838072126135527
2022-04-24T22:00:00.0;0.03706159239761292
2022-04-24T23:00:00.0;0.03549722079087279
2022-04-25T00:00:00.0;0.038410891117769415
2022-04-25T01:00:00.0;0.036812250845998734
2022-04-25T02:00:00.0;0.035365841797489826
2022-04-25T03:00:00.0;0.03389868467780316
2022-04-25T04:00:00.0;0.03281402251792738
2022-04-25T05:00:00.0;0.032638270303884144
2022-04-25T06:00:00.0;0.03239066111289555
2022-04-25T07:00:00.0;0.03202150049794813
2022-04-25T08:00:00.0;0.030909565326676203
2022-04-25T09:00:00.0;0.028181057576106165
2022-04-25T10:00:00.0;0.026068430154882482
2022-04-25T11:00:00.0;0.024972465098536324
2022-04-25T12:00:00.0;0.02474494213504739
2022-04-25T13:00:00.0;0.025306510379980142
2022-04-25T14:00:00.0;0.026614447325471673
2022-04-25T15:00:00.0;0.02903763679741231
2022-04-25T16:00:00.0;0.03294714413688407
2022-04-25T17:00:00.0;0.03583713405563044
2022-04-25T18:00:00.0;0.03921032663502592
2022-04-25T19:00:00.0;0.04125037537627662
2022-04-25T20:00:00.0;0.04274011443564277
2022-04-25T21:00:00.0;0.04239812369846426
2022-04-25T22:00:00.0;0.04096925162137827
2022-04-25T23:00:00.0;0.038841319193974995
2022-04-26T00:00:00.0;0.03649726461321272
2022-04-26T01:00:00.0;0.0349342201698663
2022-04-26T02:00:00.0;0.03361997294514723
2022-04-26T03:00:00.0;0.03234993009725625
2022-04-26T04:00:00.0;0.03168134509742301
2022-04-26T05:00:00.0;0.032563231820668635
2022-04-26T06:00:00.0;0.03307493465102361
2022-04-26T07:00:00.0;0.031808130325562366
2022-04-26T08:00:00.0;0.028516299983794124
2022-04-26T09:00:00.0;0.024597227333771742
2022-04-26T10:00:00.0;0.02178255706395129
2022-04-26T11:00:00.0;0.020529164726277586
2022-04-26T12:00:00.0;0.020159375097034693
2022-04-26T13:00:00.0;0.020343631938184868
2022-04-26T14:00:00.0;0.02181290905335448
2022-04-26T15:00:00.0;0.02469016658843658
2022-04-26T16:00:00.0;0.029116882008806955
2022-04-26T17:00:00.0;0.032948939287008414
2022-04-26T18:00:00.0;0.03717873359729336
2022-04-26T19:00:00.0;0.03839131267964854
2022-04-26T20:00:00.0;0.04018706290289185
2022-04-26T21:00:00.0;0.03933084262832185
2022-04-26T22:00:00.0;0.03808541561846134
2022-04-26T23:00:00.0;0.03619141378841828
2022-04-27T00:00:00.0;0.03788519908714092
2022-04-27T01:00:00.0;0.03639445249577057
2022-04-27T02:00:00.0;0.03495331275109402
2022-04-27T03:00:00.0;0.03332140069645995
2022-04-27T04:00:00.0;0.03206911080777352
2022-04-27T05:00:00.0;0.031288428608302735
2022-04-27T06:00:00.0;0.029915642913659425
2022-04-27T07:00:00.0;0.028491061623979096
2022-04-27T08:00:00.0;0.02711374134529187
2022-04-27T09:00:00.0;0.023991756100486213
2022-04-27T10:00:00.0;0.021842866327792646
2022-04-27T11:00:00.0;0.020959447447391043
2022-04-27T12:00:00.0;0.021193838224880333
2022-04-27T13:00:00.0;0.022609432333909857
2022-04-27T14:00:00.0;0.024509342149580945
2022-04-27T15:00:00.0;0.026923111239035506
2022-04-27T16:00:00.0;0.03142186897938622
2022-04-27T17:00:00.0;0.032928082132337756
2022-04-27T18:00:00.0;0.03648462201303369
2022-04-27T19:00:00.0;0.03955302182384201
2022-04-27T20:00:00.0;0.0415929149378505
2022-04-27T21:00:00.0;0.04173301564987627
2022-04-27T22:00:00.0;0.04024233026547869
2022-04-27T23:00:00.0;0.03776878506905391
2022-04-28T00:00:00.0;0.037843971993083585
2022-04-28T01:00:00.0;0.03636781167953546
2022-04-28T02:00:00.0;0.03493082327937899
2022-04-28T03:00:00.0;0.03334665389880694
2022-04-28T04:00:00.0;0.03207299980716145
2022-04-28T05:00:00.0;0.03133057029441525
2022-04-28T06:00:00.0;0.029666868277776308
2022-04-28T07:00:00.0;0.02826554192133838
2022-04-28T08:00:00.0;0.027209908670092934
2022-04-28T09:00:00.0;0.02408757094625203
2022-04-28T10:00:00.0;0.02211906297367722
2022-04-28T11:00:00.0;0.021111843480217937
2022-04-28T12:00:00.0;0.02123062504859433
2022-04-28T13:00:00.0;0.02253900848970277
2022-04-28T14:00:00.0;0.024395572065936316
2022-04-28T15:00:00.0;0.026992545687452997
2022-04-28T16:00:00.0;0.031324777676255355
2022-04-28T17:00:00.0;0.03270796276630842
2022-04-28T18:00:00.0;0.03623047392610368
2022-04-28T19:00:00.0;0.03945422337312809
2022-04-28T20:00:00.0;0.0417504020989466
2022-04-28T21:00:00.0;0.041989407414369996
2022-04-28T22:00:00.0;0.04058306803924556
2022-04-28T23:00:00.0;0.03809879982831464
2022-04-29T00:00:00.0;0.03827987515082059
2022-04-29T01:00:00.0;0.036770063592403084
2022-04-29T02:00:00.0;0.035317603169070955
2022-04-29T03:00:00.0;0.03374901537757924
2022-04-29T04:00:00.0;0.032487048636875605
2022-04-29T05:00:00.0;0.0318082696310019
2022-04-29T06:00:00.0;0.03050489550878983
2022-04-29T07:00:00.0;0.02952191718236346
2022-04-29T08:00:00.0;0.028663987358127252
2022-04-29T09:00:00.0;0.025782974591611302
2022-04-29T10:00:00.0;0.023884670351949678
2022-04-29T11:00:00.0;0.022885005376284087
2022-04-29T12:00:00.0;0.022904840988021615
2022-04-29T13:00:00.0;0.02400263105889785
2022-04-29T14:00:00.0;0.02564385942378042
2022-04-29T15:00:00.0;0.028118658687489622
2022-04-29T16:00:00.0;0.03224442902877403
2022-04-29T17:00:00.0;0.03394813433407365
2022-04-29T18:00:00.0;0.037374955394348514
2022-04-29T19:00:00.0;0.04035889119643167
2022-04-29T20:00:00.0;0.04238987961315329
2022-04-29T21:00:00.0;0.042505872224650916
2022-04-29T22:00:00.0;0.04105066012523056
2022-04-29T23:00:00.0;0.03864127284613261
2022-04-30T00:00:00.0;0.038133534191608046
2022-04-30T01:00:00.0;0.03664671044799536
2022-04-30T02:00:00.0;0.035197577679959575
2022-04-30T03:00:00.0;0.033572859155377936
2022-04-30T04:00:00.0;0.032286157569456714
2022-04-30T05:00:00.0;0.0315365791549882
2022-04-30T06:00:00.0;0.029981194141791057
2022-04-30T07:00:00.0;0.028675650169942554
2022-04-30T08:00:00.0;0.02762526826161743
2022-04-30T09:00:00.0;0.024478159839605884
2022-04-30T10:00:00.0;0.02233126836898363
2022-04-30T11:00:00.0;0.021368513006257667
2022-04-30T12:00:00.0;0.021497892137344817
2022-04-30T13:00:00.0;0.02286571613202305
2022-04-30T14:00:00.0;0.024638105655293948
2022-04-30T15:00:00.0;0.027200602975372815
2022-04-30T16:00:00.0;0.0316227666079835
2022-04-30T17:00:00.0;0.03307712481385263
2022-04-30T18:00:00.0;0.036610628463353764
2022-04-30T19:00:00.0;0.03975202298131421
2022-04-30T20:00:00.0;0.04193952895374492
2022-04-30T21:00:00.0;0.04212677134269473
2022-04-30T22:00:00.0;0.04063743449778738
2022-04-30T23:00:00.0;0.03812406677463041
2022-05-01T00:00:00.0;0.037873304323613514
2022-05-01T01:00:00.0;0.03639582526530344
2022-05-01T02:00:00.0;0.03495582804340198
2022-05-01T03:00:00.0;0.03331978406452281
2022-05-01T04:00:00.0;0.032069985689041236
2022-05-01T05:00:00.0;0.03129842347048993
2022-05-01T06:00:00.0;0.02990778143060318
2022-05-01T07:00:00.0;0.028464012407529788
2022-05-01T08:00:00.0;0.027070108223681253
2022-05-01T09:00:00.0;0.02388624406887105
2022-05-01T10:00:00.0;0.021708012148665804
2022-05-01T11:00:00.0;0.020813179572634722
2022-05-01T12:00:00.0;0.021039310156557148
2022-05-01T13:00:00.0;0.022501680941499323
2022-05-01T14:00:00.0;0.024383233669941932
2022-05-01T15:00:00.0;0.026852025428154173
2022-05-01T16:00:00.0;0.0313794295417037
2022-05-01T17:00:00.0;0.03284420557866138
2022-05-01T18:00:00.0;0.036430734807800645
2022-05-01T19:00:00.0;0.03953854494648533
2022-05-01T20:00:00.0;0.04161165959901233
2022-05-01T21:00:00.0;0.04171593938998534
2022-05-01T22:00:00.0;0.04021996813180923
2022-05-01T23:00:00.0;0.03773320250305696
2022-05-02T00:00:00.0;0.03788609331014651
2022-05-02T01:00:00.0;0.03640954837926598
2022-05-02T02:00:00.0;0.0349693147699189
2022-05-02T03:00:00.0;0.03333360497005939
2022-05-02T04:00:00.0;0.03207915258363407
2022-05-02T05:00:00.0;0.03130731506652123
2022-05-02T06:00:00.0;0.02988335861049494
2022-05-02T07:00:00.0;0.02843597280708525
2022-05-02T08:00:00.0;0.02706875041074607
2022-05-02T09:00:00.0;0.023876972104306247
2022-05-02T10:00:00.0;0.021699975810161278
2022-05-02T11:00:00.0;0.020798727027886602
2022-05-02T12:00:00.0;0.02101854451592337
2022-05-02T13:00:00.0;0.022479458264366044
2022-05-02T14:00:00.0;0.02435694357261001
2022-05-02T15:00:00.0;0.026840214234213514
2022-05-02T16:00:00.0;0.031365157498198674
2022-05-02T17:00:00.0;0.03281218030656382
2022-05-02T18:00:00.0;0.036400014671695624
2022-05-02T19:00:00.0;0.0395239452736232
2022-05-02T20:00:00.0;0.04162196374552812
2022-05-02T21:00:00.0;0.04174053410686906
2022-05-02T22:00:00.0;0.04024577146839248
2022-05-02T23:00:00.0;0.03775197617758646
2022-05-03T00:00:00.0;0.03805215320863593
2022-05-03T01:00:00.0;0.03657720708279373
2022-05-03T02:00:00.0;0.035135380559204
2022-05-03T03:00:00.0;0.03353773677935473
2022-05-03T04:00:00.0;0.03225069726805983
2022-05-03T05:00:00.0;0.03151365199730055
2022-05-03T06:00:00.0;0.02986390140408587
2022-05-03T07:00:00.0;0.028524943694766845
2022-05-03T08:00:00.0;0.027514773828672633
2022-05-03T09:00:00.0;0.024376808546546145
2022-05-03T10:00:00.0;0.02237321903285204
2022-05-03T11:00:00.0;0.021386051188312032
2022-05-03T12:00:00.0;0.021484483239163053
2022-05-03T13:00:00.0;0.022782008526828535
2022-05-03T14:00:00.0;0.024560506453097656
2022-05-03T15:00:00.0;0.027147097214471394
2022-05-03T16:00:00.0;0.0314811836524613
2022-05-03T17:00:00.0;0.032852423684852805
2022-05-03T18:00:00.0;0.03640914947550497
2022-05-03T19:00:00.0;0.03963837175746179
2022-05-03T20:00:00.0;0.04193079354369175
2022-05-03T21:00:00.0;0.04216597971026195
2022-05-03T22:00:00.0;0.04070866375945147
2022-05-03T23:00:00.0;0.038198326261238695
2022-05-04T00:00:00.0;0.037826004500321
2022-05-04T01:00:00.0;0.036358875176198985
2022-05-04T02:00:00.0;0.034924764199137065
2022-05-04T03:00:00.0;0.0333154851974671
2022-05-04T04:00:00.0;0.03206076920597861
2022-05-04T05:00:00.0;0.03130329907736149
2022-05-04T06:00:00.0;0.02980128815836342
2022-05-04T07:00:00.0;0.02834007104552213
2022-05-04T08:00:00.0;0.027024365127965855
2022-05-04T09:00:00.0;0.023851802898650038
2022-05-04T10:00:00.0;0.021812133248778832
2022-05-04T11:00:00.0;0.020886150993360268
2022-05-04T12:00:00.0;0.021071945025444842
2022-05-04T13:00:00.0;0.022457855605019682
2022-05-04T14:00:00.0;0.02433302693892383
2022-05-04T15:00:00.0;0.02683660795323959
2022-05-04T16:00:00.0;0.03126951442171382
2022-05-04T17:00:00.0;0.032652166026868136
2022-05-04T18:00:00.0;0.03625518237470986
2022-05-04T19:00:00.0;0.03945175478320418
2022-05-04T20:00:00.0;0.04163959573620027
2022-05-04T21:00:00.0;0.041799981972493856
2022-05-04T22:00:00.0;0.0403350745330863
2022-05-04T23:00:00.0;0.037847294333624305
2022-05-05T00:00:00.0;0.03775665514945418
2022-05-05T01:00:00.0;0.03629755008143632
2022-05-05T02:00:00.0;0.03486947333305244
2022-05-05T03:00:00.0;0.03328493296751601
2022-05-05T04:00:00.0;0.03203446949701413
2022-05-05T05:00:00.0;0.03129088899743983
2022-05-05T06:00:00.0;0.02974709577525392
2022-05-05T07:00:00.0;0.02827626269932433
2022-05-05T08:00:00.0;0.02698359218270064
2022-05-05T09:00:00.0;0.02383690728293103
2022-05-05T10:00:00.0;0.02192625666922526
2022-05-05T11:00:00.0;0.020983029190522706
2022-05-05T12:00:00.0;0.02114266939628256
2022-05-05T13:00:00.0;0.02245887085273219
2022-05-05T14:00:00.0;0.024335783036952347
2022-05-05T15:00:00.0;0.026844615058372743
2022-05-05T16:00:00.0;0.031192632085376957
2022-05-05T17:00:00.0;0.03253142147751822
2022-05-05T18:00:00.0;0.036147570885635916
2022-05-05T19:00:00.0;0.03939742737348908
2022-05-05T20:00:00.0;0.04164634591947572
2022-05-05T21:00:00.0;0.041832557104297764
2022-05-05T22:00:00.0;0.040394789382075864
2022-05-05T23:00:00.0;0.03791951352183727
2022-05-06T00:00:00.0;0.03783781607076176
2022-05-06T01:00:00.0;0.036373483470778685
2022-05-06T02:00:00.0;0.03493987853816382
2022-05-06T03:00:00.0;0.03333506179849188
2022-05-06T04:00:00.0;0.03207299299199017
2022-05-06T05:00:00.0;0.03131730272581611
2022-05-06T06:00:00.0;0.029751775789446062
2022-05-06T07:00:00.0;0.02828345229124278
2022-05-06T08:00:00.0;0.02701777909981449
2022-05-06T09:00:00.0;0.02383598872290975
2022-05-06T10:00:00.0;0.021818629319131994
2022-05-06T11:00:00.0;0.020878846395038536
2022-05-06T12:00:00.0;0.021049519039064372
2022-05-06T13:00:00.0;0.022421750349144003
2022-05-06T14:00:00.0;0.02428990169057247
2022-05-06T15:00:00.0;0.026819158691890284
2022-05-06T16:00:00.0;0.031234281702230905
2022-05-06T17:00:00.0;0.03258000861158156
2022-05-06T18:00:00.0;0.03618708321042757
2022-05-06T19:00:00.0;0.039419370606812464
2022-05-06T20:00:00.0;0.041659309513354316
2022-05-06T21:00:00.0;0.04184821853290364
2022-05-06T22:00:00.0;0.040389610226257124
2022-05-06T23:00:00.0;0.03789177981921817
2022-05-07T00:00:00.0;0.03813399231725482
2022-05-07T01:00:00.0;0.03665285404418431
2022-05-07T02:00:00.0;0.035205277761513394
2022-05-07T03:00:00.0;0.03358086300472847
2022-05-07T04:00:00.0;0.03226790529561576
2022-05-07T05:00:00.0;0.031500850684184484
2022-05-07T06:00:00.0;0.02972985357267922
2022-05-07T07:00:00.0;0.028337720693072433
2022-05-07T08:00:00.0;0.02737842421221634
2022-05-07T09:00:00.0;0.024176559789371475
2022-05-07T10:00:00.0;0.02204376504929097
2022-05-07T11:00:00.0;0.021060502868269677
2022-05-07T12:00:00.0;0.021181873824624838
2022-05-07T13:00:00.0;0.022554200217812258
2022-05-07T14:00:00.0;0.024350466480717335
2022-05-07T15:00:00.0;0.026970613865474443
2022-05-07T16:00:00.0;0.031402819190493904
2022-05-07T17:00:00.0;0.032723412516738264
2022-05-07T18:00:00.0;0.03627722671243781
2022-05-07T19:00:00.0;0.039528077657293714
2022-05-07T20:00:00.0;0.04187040787055646
2022-05-07T21:00:00.0;0.042168114488332076
2022-05-07T22:00:00.0;0.04068982230850129
2022-05-07T23:00:00.0;0.03813255467900074
2022-05-08T00:00:00.0;0.03732425075667305
2022-05-08T01:00:00.0;0.03581366830414712
2022-05-08T02:00:00.0;0.034430815377405735
2022-05-08T03:00:00.0;0.03296873291004532
2022-05-08T04:00:00.0;0.031956434042346445
2022-05-08T05:00:00.0;0.031957419482378555
2022-05-08T06:00:00.0;0.031208975955553248
2022-05-08T07:00:00.0;0.02982107740187026
2022-05-08T08:00:00.0;0.027737469060173006
2022-05-08T09:00:00.0;0.024150021000114347
2022-05-08T10:00:00.0;0.021682867068795415
2022-05-08T11:00:00.0;0.020572098867817388
2022-05-08T12:00:00.0;0.02047186624414888
2022-05-08T13:00:00.0;0.021324577397354477
2022-05-08T14:00:00.0;0.022982585824677233
2022-05-08T15:00:00.0;0.02575095789893327
2022-05-08T16:00:00.0;0.03021279784843457
2022-05-08T17:00:00.0;0.03265389753205596
2022-05-08T18:00:00.0;0.03655153792701078
2022-05-08T19:00:00.0;0.03889196567342445
2022-05-08T20:00:00.0;0.04102128513826477
2022-05-08T21:00:00.0;0.040782406396469274
2022-05-08T22:00:00.0;0.03941284359993837
2022-05-08T23:00:00.0;0.03715123175231094
2022-05-09T00:00:00.0;0.0379616285257401
2022-05-09T01:00:00.0;0.03649223328356803
2022-05-09T02:00:00.0;0.035051196203048585
2022-05-09T03:00:00.0;0.03342077144143966
2022-05-09T04:00:00.0;0.03213621414924581
2022-05-09T05:00:00.0;0.031364296715729725
2022-05-09T06:00:00.0;0.029715835549106888
2022-05-09T07:00:00.0;0.028243442849345466
2022-05-09T08:00:00.0;0.027054727526148296
2022-05-09T09:00:00.0;0.02381408122028618
2022-05-09T10:00:00.0;0.021661309153142346
2022-05-09T11:00:00.0;0.020715674627073077
2022-05-09T12:00:00.0;0.020890674060718376
2022-05-09T13:00:00.0;0.022333302994424965
2022-05-09T14:00:00.0;0.024184231415973638
2022-05-09T15:00:00.0;0.026763465066700087
2022-05-09T16:00:00.0;0.0312616226471202
2022-05-09T17:00:00.0;0.03258631364575755
2022-05-09T18:00:00.0;0.03618437702846228
2022-05-09T19:00:00.0;0.039421066731824786
2022-05-09T20:00:00.0;0.04169063315841674
2022-05-09T21:00:00.0;0.04190649268396838
2022-05-09T22:00:00.0;0.04042307058508525
2022-05-09T23:00:00.0;0.0378845616744572
2022-05-10T00:00:00.0;0.03764493545914033
2022-05-10T01:00:00.0;0.035984073708946115
2022-05-10T02:00:00.0;0.03456320995663497
2022-05-10T03:00:00.0;0.03321084297136058
2022-05-10T04:00:00.0;0.03230138976240126
2022-05-10T05:00:00.0;0.03259550998516486
2022-05-10T06:00:00.0;0.033302485966126005
2022-05-10T07:00:00.0;0.0331943026503062
2022-05-10T08:00:00.0;0.03132743792618352
2022-05-10T09:00:00.0;0.028424913990951966
2022-05-10T10:00:00.0;0.025984872975078552
2022-05-10T11:00:00.0;0.024812846420758036
2022-05-10T12:00:00.0;0.024356795071837068
2022-05-10T13:00:00.0;0.024473157093423598
2022-05-10T14:00:00.0;0.02575832659978608
2022-05-10T15:00:00.0;0.028464377212529805
2022-05-10T16:00:00.0;0.03254721742100483
2022-05-10T17:00:00.0;0.03641718837466542
2022-05-10T18:00:00.0;0.03977988462094213
2022-05-10T19:00:00.0;0.04076608578247236
2022-05-10T20:00:00.0;0.04168876113982277
2022-05-10T21:00:00.0;0.041140369751722
2022-05-10T22:00:00.0;0.039772203039518894
2022-05-10T23:00:00.0;0.038010101469884934
2022-05-11T00:00:00.0;0.036896799152716445
2022-05-11T01:00:00.0;0.03530800033188305
2022-05-11T02:00:00.0;0.03396935384286109
2022-05-11T03:00:00.0;0.03268291385728113
2022-05-11T04:00:00.0;0.03197115708676391
2022-05-11T05:00:00.0;0.03275362134894547
2022-05-11T06:00:00.0;0.03334316281904747
2022-05-11T07:00:00.0;0.03238265563608214
2022-05-11T08:00:00.0;0.029461593037005383
2022-05-11T09:00:00.0;0.025809079791548343
2022-05-11T10:00:00.0;0.02308907000454802
2022-05-11T11:00:00.0;0.021846055122573007
2022-05-11T12:00:00.0;0.02145129888630842
2022-05-11T13:00:00.0;0.02159365192241586
2022-05-11T14:00:00.0;0.022960775479637343
2022-05-11T15:00:00.0;0.025737235867501353
2022-05-11T16:00:00.0;0.030014920914942143
2022-05-11T17:00:00.0;0.033915600638127506
2022-05-11T18:00:00.0;0.03796664667145435
2022-05-11T19:00:00.0;0.03914014401599605
2022-05-11T20:00:00.0;0.04076033613860075
2022-05-11T21:00:00.0;0.03990669967872606
2022-05-11T22:00:00.0;0.03863155236911727
2022-05-11T23:00:00.0;0.03675255809245621
2022-05-12T00:00:00.0;0.03748673744744826
2022-05-12T01:00:00.0;0.0359864627556355
2022-05-12T02:00:00.0;0.03459013014295492
2022-05-12T03:00:00.0;0.03309031562589564
2022-05-12T04:00:00.0;0.032010483669033564
2022-05-12T05:00:00.0;0.031838389142078455
2022-05-12T06:00:00.0;0.030842351368251735
2022-05-12T07:00:00.0;0.029430660154230574
2022-05-12T08:00:00.0;0.027584443933387836
2022-05-12T09:00:00.0;0.02406215365454353
2022-05-12T10:00:00.0;0.021663279923902636
2022-05-12T11:00:00.0;0.020580534591481254
2022-05-12T12:00:00.0;0.020533264676024263
2022-05-12T13:00:00.0;0.021517314098872243
2022-05-12T14:00:00.0;0.023212404557858928
2022-05-12T15:00:00.0;0.02595938275708687
2022-05-12T16:00:00.0;0.030428123993325135
2022-05-12T17:00:00.0;0.03259592756631731
2022-05-12T18:00:00.0;0.03642830617791964
2022-05-12T19:00:00.0;0.038990334248071856
2022-05-12T20:00:00.0;0.04118519358034539
2022-05-12T21:00:00.0;0.04106761044130196
2022-05-12T22:00:00.0;0.039673657377361685
2022-05-12T23:00:00.0;0.03733981731197577
2022-05-13T00:00:00.0;0.03674085024035455
2022-05-13T01:00:00.0;0.03514310393678019
2022-05-13T02:00:00.0;0.03378486473425082
2022-05-13T03:00:00.0;0.03247674966860654
2022-05-13T04:00:00.0;0.03168870091097531
2022-05-13T05:00:00.0;0.032269118156699535
2022-05-13T06:00:00.0;0.032805704145482534
2022-05-13T07:00:00.0;0.031947846128948174
2022-05-13T08:00:00.0;0.0291689517811248
2022-05-13T09:00:00.0;0.025612340253584095
2022-05-13T10:00:00.0;0.02293725340560708
2022-05-13T11:00:00.0;0.021731282072051362
2022-05-13T12:00:00.0;0.02133467782278548
2022-05-13T13:00:00.0;0.021535213159559256
2022-05-13T14:00:00.0;0.02302935430414259
2022-05-13T15:00:00.0;0.02593947997294718
2022-05-13T16:00:00.0;0.030342462963891353
2022-05-13T17:00:00.0;0.03408945906523877
2022-05-13T18:00:00.0;0.037928398437688346
2022-05-13T19:00:00.0;0.03902619259182605
2022-05-13T20:00:00.0;0.04042096464878608
2022-05-13T21:00:00.0;0.03980576571192897
2022-05-13T22:00:00.0;0.03851243436780721
2022-05-13T23:00:00.0;0.03669835493422067
2022-05-14T00:00:00.0;0.03799016320868891
2022-05-14T01:00:00.0;0.036523240699413644
2022-05-14T02:00:00.0;0.03507921409197391
2022-05-14T03:00:00.0;0.03345045476441058
2022-05-14T04:00:00.0;0.03213358510572273
2022-05-14T05:00:00.0;0.03135256863991611
2022-05-14T06:00:00.0;0.02952155931330989
2022-05-14T07:00:00.0;0.02804125491513166
2022-05-14T08:00:00.0;0.02700077152147681
2022-05-14T09:00:00.0;0.023705598057368975
2022-05-14T10:00:00.0;0.021539475785226296
2022-05-14T11:00:00.0;0.020556220158438165
2022-05-14T12:00:00.0;0.020685446455423202
2022-05-14T13:00:00.0;0.022117715988689578
2022-05-14T14:00:00.0;0.023961000295621877
2022-05-14T15:00:00.0;0.026662754333237754
2022-05-14T16:00:00.0;0.03118012059748164
2022-05-14T17:00:00.0;0.032409965301950276
2022-05-14T18:00:00.0;0.03599231242331728
2022-05-14T19:00:00.0;0.03927927134481576
2022-05-14T20:00:00.0;0.041656866934702996
2022-05-14T21:00:00.0;0.041984679509610316
2022-05-14T22:00:00.0;0.04050710995920386
2022-05-14T23:00:00.0;0.03794400249090705
2022-05-15T00:00:00.0;0.03807736735390875
2022-05-15T01:00:00.0;0.03660984681888122
2022-05-15T02:00:00.0;0.03516532309517089
2022-05-15T03:00:00.0;0.03353540089745683
2022-05-15T04:00:00.0;0.03222142602370032
2022-05-15T05:00:00.0;0.03145028389037131
2022-05-15T06:00:00.0;0.029617597869147205
2022-05-15T07:00:00.0;0.02815307455147206
2022-05-15T08:00:00.0;0.02715012057579076
2022-05-15T09:00:00.0;0.023874485430614618
2022-05-15T10:00:00.0;0.021717050695314443
2022-05-15T11:00:00.0;0.020730767752655335
2022-05-15T12:00:00.0;0.020861697494916582
2022-05-15T13:00:00.0;0.0222894967914024
2022-05-15T14:00:00.0;0.02410154328328296
2022-05-15T15:00:00.0;0.026766310218010587
2022-05-15T16:00:00.0;0.031244823743925707
2022-05-15T17:00:00.0;0.03248753405043527
2022-05-15T18:00:00.0;0.036081003662842795
2022-05-15T19:00:00.0;0.03939466511243727
2022-05-15T20:00:00.0;0.04179669638643973
2022-05-15T21:00:00.0;0.04209274057711789
2022-05-15T22:00:00.0;0.040612921054859925
2022-05-15T23:00:00.0;0.03803430359802488
2022-05-16T00:00:00.0;0.03754778635028041
2022-05-16T01:00:00.0;0.035993884619327385
2022-05-16T02:00:00.0;0.034602328408426176
2022-05-16T03:00:00.0;0.03317428491835316
2022-05-16T04:00:00.0;0.03220735381395183
2022-05-16T05:00:00.0;0.032337239495249616
2022-05-16T06:00:00.0;0.03202081641496218
2022-05-16T07:00:00.0;0.031010675312408413
2022-05-16T08:00:00.0;0.029014030554885453
2022-05-16T09:00:00.0;0.025635884672586897
2022-05-16T10:00:00.0;0.023180261024152583
2022-05-16T11:00:00.0;0.022042186857732196
2022-05-16T12:00:00.0;0.021840183295706226
2022-05-16T13:00:00.0;0.022463035322251416
2022-05-16T14:00:00.0;0.023954510559651827
2022-05-16T15:00:00.0;0.026639222662805995
2022-05-16T16:00:00.0;0.03092376656308684
2022-05-16T17:00:00.0;0.033822270567349905
2022-05-16T18:00:00.0;0.037609562412704176
2022-05-16T19:00:00.0;0.03959774131790241
2022-05-16T20:00:00.0;0.0414383413412016
2022-05-16T21:00:00.0;0.04103363344358154
2022-05-16T22:00:00.0;0.03966455781303331
2022-05-16T23:00:00.0;0.03752031114798883
2022-05-17T00:00:00.0;0.037945352842055496
2022-05-17T01:00:00.0;0.03648584214271165
2022-05-17T02:00:00.0;0.03504912624675395
2022-05-17T03:00:00.0;0.033440737134989
2022-05-17T04:00:00.0;0.032144350808227716
2022-05-17T05:00:00.0;0.031383270955414745
2022-05-17T06:00:00.0;0.029589037254658418
2022-05-17T07:00:00.0;0.028096521380298774
2022-05-17T08:00:00.0;0.02701573444509831
2022-05-17T09:00:00.0;0.023770746591876602
2022-05-17T10:00:00.0;0.02173121547468838
2022-05-17T11:00:00.0;0.020749724535140873
2022-05-17T12:00:00.0;0.020881672988527344
2022-05-17T13:00:00.0;0.022260501028371092
2022-05-17T14:00:00.0;0.024099419990696758
2022-05-17T15:00:00.0;0.02673108857394048
2022-05-17T16:00:00.0;0.03114927597298465
2022-05-17T17:00:00.0;0.03237801510381759
2022-05-17T18:00:00.0;0.035991514656495485
2022-05-17T19:00:00.0;0.03932671469535248
2022-05-17T20:00:00.0;0.04173049839886623
2022-05-17T21:00:00.0;0.04201557337682783
2022-05-17T22:00:00.0;0.040559116633911804
2022-05-17T23:00:00.0;0.038007884918974104
2022-05-18T00:00:00.0;0.03805314944673377
2022-05-18T01:00:00.0;0.03658880655540173
2022-05-18T02:00:00.0;0.03514548513504628
2022-05-18T03:00:00.0;0.03351414054863108
2022-05-18T04:00:00.0;0.03219889514425304
2022-05-18T05:00:00.0;0.03142346153968002
2022-05-18T06:00:00.0;0.029564335522831154
2022-05-18T07:00:00.0;0.0280697055262785
2022-05-18T08:00:00.0;0.027051013979280288
2022-05-18T09:00:00.0;0.023755857067178546
2022-05-18T10:00:00.0;0.021595001138445924
2022-05-18T11:00:00.0;0.020609940662114325
2022-05-18T12:00:00.0;0.02074729333514467
2022-05-18T13:00:00.0;0.022189174544312653
2022-05-18T14:00:00.0;0.024013529176211773
2022-05-18T15:00:00.0;0.0266859305133637
2022-05-18T16:00:00.0;0.031178728929914277
2022-05-18T17:00:00.0;0.03239385018978949
2022-05-18T18:00:00.0;0.03599873289382384
2022-05-18T19:00:00.0;0.039333237046861605
2022-05-18T20:00:00.0;0.04175656165939069
2022-05-18T21:00:00.0;0.0420618025961627
2022-05-18T22:00:00.0;0.04058282755251107
2022-05-18T23:00:00.0;0.0379972073011282
2022-05-19T00:00:00.0;0.03805735461303314
2022-05-19T01:00:00.0;0.03658819353442319
2022-05-19T02:00:00.0;0.03514523786624144
2022-05-19T03:00:00.0;0.0335275585830798
2022-05-19T04:00:00.0;0.03222376556645555
2022-05-19T05:00:00.0;0.031464405512052276
2022-05-19T06:00:00.0;0.029693523290901386
2022-05-19T07:00:00.0;0.028266488326488388
2022-05-19T08:00:00.0;0.027254173862145542
2022-05-19T09:00:00.0;0.02402520485644725
2022-05-19T10:00:00.0;0.021927507623606107
2022-05-19T11:00:00.0;0.020941377275890776
2022-05-19T12:00:00.0;0.02106203987568823
2022-05-19T13:00:00.0;0.02244386850310741
2022-05-19T14:00:00.0;0.024247658049329945
2022-05-19T15:00:00.0;0.02688450178967188
2022-05-19T16:00:00.0;0.031311502956657356
2022-05-19T17:00:00.0;0.03259391839026858
2022-05-19T18:00:00.0;0.03617749179424201
2022-05-19T19:00:00.0;0.03946618965698723
2022-05-19T20:00:00.0;0.04183343879842928
2022-05-19T21:00:00.0;0.042109087772393236
2022-05-19T22:00:00.0;0.040638561129856185
2022-05-19T23:00:00.0;0.038084193981335966
2022-05-20T00:00:00.0;0.03802034744518346
2022-05-20T01:00:00.0;0.03655218704382063
2022-05-20T02:00:00.0;0.03511158772751599
2022-05-20T03:00:00.0;0.03350385941656342
2022-05-20T04:00:00.0;0.032208273707420056
2022-05-20T05:00:00.0;0.03145620629844551
2022-05-20T06:00:00.0;0.02972050824772192
2022-05-20T07:00:00.0;0.028303821352539175
2022-05-20T08:00:00.0;0.027270751476702923
2022-05-20T09:00:00.0;0.02406869453390187
2022-05-20T10:00:00.0;0.022022301496031377
2022-05-20T11:00:00.0;0.021037264275445174
2022-05-20T12:00:00.0;0.021153668634942276
2022-05-20T13:00:00.0;0.02250496286355413
2022-05-20T14:00:00.0;0.02431090929327558
2022-05-20T15:00:00.0;0.02692848781222844
2022-05-20T16:00:00.0;0.031320105835276085
2022-05-20T17:00:00.0;0.03261683966730494
2022-05-20T18:00:00.0;0.036200389353172296
2022-05-20T19:00:00.0;0.03948281731185564
2022-05-20T20:00:00.0;0.041835276848943836
2022-05-20T21:00:00.0;0.04209968355162719
2022-05-20T22:00:00.0;0.040638213641533
2022-05-20T23:00:00.0;0.038100286515936874
2022-05-21T00:00:00.0;0.03638013808863667
2022-05-21T01:00:00.0;0.03481412469847277
2022-05-21T02:00:00.0;0.03349091057621926
2022-05-21T03:00:00.0;0.0322101313189158
2022-05-21T04:00:00.0;0.03150263559751024
2022-05-21T05:00:00.0;0.03228032449980875
2022-05-21T06:00:00.0;0.03275671125249956
2022-05-21T07:00:00.0;0.03152313313830243
2022-05-21T08:00:00.0;0.02828143982378687
2022-05-21T09:00:00.0;0.024394920013108883
2022-05-21T10:00:00.0;0.021597825841658053
2022-05-21T11:00:00.0;0.020364142247946183
2022-05-21T12:00:00.0;0.01999525344878076
2022-05-21T13:00:00.0;0.020214950927529913
2022-05-21T14:00:00.0;0.021762420889315834
2022-05-21T15:00:00.0;0.02472144711097088
2022-05-21T16:00:00.0;0.029229015695055052
2022-05-21T17:00:00.0;0.032970700930230044
2022-05-21T18:00:00.0;0.03709684100349476
2022-05-21T19:00:00.0;0.038270520158939114
2022-05-21T20:00:00.0;0.03995499960047507
2022-05-21T21:00:00.0;0.039230586504488865
2022-05-21T22:00:00.0;0.03797738252797294
2022-05-21T23:00:00.0;0.036118163042202445
2022-05-22T00:00:00.0;0.03805314944673377
2022-05-22T01:00:00.0;0.03658880655540173
2022-05-22T02:00:00.0;0.03514548513504628
2022-05-22T03:00:00.0;0.03351414054863108
2022-05-22T04:00:00.0;0.03219889514425304
2022-05-22T05:00:00.0;0.03142346153968002
2022-05-22T06:00:00.0;0.029564335522831154
2022-05-22T07:00:00.0;0.0280697055262785
2022-05-22T08:00:00.0;0.027051013979280288
2022-05-22T09:00:00.0;0.023755857067178546
2022-05-22T10:00:00.0;0.021595001138445924
2022-05-22T11:00:00.0;0.020609940662114325
2022-05-22T12:00:00.0;0.02074729333514467
2022-05-22T13:00:00.0;0.022189174544312653
2022-05-22T14:00:00.0;0.024013529176211773
2022-05-22T15:00:00.0;0.0266859305133637
2022-05-22T16:00:00.0;0.031178728929914277
2022-05-22T17:00:00.0;0.03239385018978949
2022-05-22T18:00:00.0;0.03599873289382384
2022-05-22T19:00:00.0;0.039333237046861605
2022-05-22T20:00:00.0;0.04175656165939069
2022-05-22T21:00:00.0;0.0420618025961627
2022-05-22T22:00:00.0;0.04058282755251107
2022-05-22T23:00:00.0;0.0379972073011282
2022-05-23T00:00:00.0;0.0382694701868741
2022-05-23T01:00:00.0;0.03677674374319198
2022-05-23T02:00:00.0;0.0353226830318763
2022-05-23T03:00:00.0;0.03370404359683417
2022-05-23T04:00:00.0;0.03240014690737329
2022-05-23T05:00:00.0;0.03166304585685156
2022-05-23T06:00:00.0;0.030040088860782754
2022-05-23T07:00:00.0;0.02881437966778649
2022-05-23T08:00:00.0;0.027936260262331647
2022-05-23T09:00:00.0;0.0248154769259349
2022-05-23T10:00:00.0;0.022685180000097224
2022-05-23T11:00:00.0;0.021689200131811033
2022-05-23T12:00:00.0;0.0217691814916308
2022-05-23T13:00:00.0;0.02308527933925611
2022-05-23T14:00:00.0;0.024799694415299757
2022-05-23T15:00:00.0;0.027403903254602027
2022-05-23T16:00:00.0;0.03176910525694724
2022-05-23T17:00:00.0;0.033230659164556524
2022-05-23T18:00:00.0;0.03673359712125307
2022-05-23T19:00:00.0;0.03988192874489753
2022-05-23T20:00:00.0;0.04211505563650638
2022-05-23T21:00:00.0;0.04233814880933134
2022-05-23T22:00:00.0;0.0408516306598351
2022-05-23T23:00:00.0;0.0383285612180119
2022-05-24T00:00:00.0;0.037055467127318886
2022-05-24T01:00:00.0;0.03545644041750728
2022-05-24T02:00:00.0;0.03410810419839705
2022-05-24T03:00:00.0;0.03281515238375316
2022-05-24T04:00:00.0;0.03208625071902245
2022-05-24T05:00:00.0;0.032829231134459194
2022-05-24T06:00:00.0;0.03344968482388974
2022-05-24T07:00:00.0;0.032610818056010196
2022-05-24T08:00:00.0;0.029836999214266278
2022-05-24T09:00:00.0;0.02629034525418204
2022-05-24T10:00:00.0;0.023607928179698177
2022-05-24T11:00:00.0;0.022369034518079433
2022-05-24T12:00:00.0;0.0219643632417441
2022-05-24T13:00:00.0;0.022090074933444812
2022-05-24T14:00:00.0;0.02341663003779062
2022-05-24T15:00:00.0;0.026153060646965997
2022-05-24T16:00:00.0;0.030371560955444406
2022-05-24T17:00:00.0;0.034299492851549256
2022-05-24T18:00:00.0;0.03827955221347631
2022-05-24T19:00:00.0;0.03943752894698271
2022-05-24T20:00:00.0;0.04098800131948024
2022-05-24T21:00:00.0;0.04013539097525744
2022-05-24T22:00:00.0;0.038848440781794114
2022-05-24T23:00:00.0;0.036975406485718995
2022-05-25T00:00:00.0;0.038616295401318446
2022-05-25T01:00:00.0;0.03707806184803545
2022-05-25T02:00:00.0;0.035606782922285765
2022-05-25T03:00:00.0;0.03400851354906318
2022-05-25T04:00:00.0;0.03272281215831597
2022-05-25T05:00:00.0;0.03204716936773924
2022-05-25T06:00:00.0;0.030802860166717832
2022-05-25T07:00:00.0;0.030008309425294394
2022-05-25T08:00:00.0;0.029355568146338447
2022-05-25T09:00:00.0;0.026514356490160998
2022-05-25T10:00:00.0;0.02443305455539708
2022-05-25T11:00:00.0;0.023419567718274727
2022-05-25T12:00:00.0;0.023407566136494418
2022-05-25T13:00:00.0;0.024521996583609398
2022-05-25T14:00:00.0;0.026060146498897978
2022-05-25T15:00:00.0;0.028555022882722977
2022-05-25T16:00:00.0;0.03271565063254668
2022-05-25T17:00:00.0;0.034572307921556265
2022-05-25T18:00:00.0;0.03791179872642645
2022-05-25T19:00:00.0;0.04076164150712134
2022-05-25T20:00:00.0;0.04268982600022417
2022-05-25T21:00:00.0;0.04278121235738005
2022-05-25T22:00:00.0;0.0412826004100333
2022-05-25T23:00:00.0;0.03885981815253245
2022-05-26T00:00:00.0;0.036682109801204
2022-05-26T01:00:00.0;0.03510715006073686
2022-05-26T02:00:00.0;0.03378161448382046
2022-05-26T03:00:00.0;0.032503985478291135
2022-05-26T04:00:00.0;0.031815427001126224
2022-05-26T05:00:00.0;0.032651315790053655
2022-05-26T06:00:00.0;0.03319903077098489
2022-05-26T07:00:00.0;0.03207393522733804
2022-05-26T08:00:00.0;0.028953641076618613
2022-05-26T09:00:00.0;0.025157892490915996
2022-05-26T10:00:00.0;0.022387017019823003
2022-05-26T11:00:00.0;0.021138425825879895
2022-05-26T12:00:00.0;0.02075708536257354
2022-05-26T13:00:00.0;0.02092195535238842
2022-05-26T14:00:00.0;0.022343970987621014
2022-05-26T15:00:00.0;0.025174594588000858
2022-05-26T16:00:00.0;0.02953236090741291
2022-05-26T17:00:00.0;0.033396166451381895
2022-05-26T18:00:00.0;0.03754326263274292
2022-05-26T19:00:00.0;0.038737760496933255
2022-05-26T20:00:00.0;0.04045228853058503
2022-05-26T21:00:00.0;0.03959726366133264
2022-05-26T22:00:00.0;0.03833808651512359
2022-05-26T23:00:00.0;0.03645102794968445
2022-05-27T00:00:00.0;0.03618218858413569
2022-05-27T01:00:00.0;0.034611157529923976
2022-05-27T02:00:00.0;0.033272788916147045
2022-05-27T03:00:00.0;0.03197386460646529
2022-05-27T04:00:00.0;0.031200607879319175
2022-05-27T05:00:00.0;0.03180219741299711
2022-05-27T06:00:00.0;0.032218898282410494
2022-05-27T07:00:00.0;0.031041474075963808
2022-05-27T08:00:00.0;0.027884514768008635
2022-05-27T09:00:00.0;0.024053010833893596
2022-05-27T10:00:00.0;0.0212856211207277
2022-05-27T11:00:00.0;0.02008524625973629
2022-05-27T12:00:00.0;0.019717879907071533
2022-05-27T13:00:00.0;0.019997473781426293
2022-05-27T14:00:00.0;0.021677093444565042
2022-05-27T15:00:00.0;0.02477431271044639
2022-05-27T16:00:00.0;0.029418527060742904
2022-05-27T17:00:00.0;0.033007479162218405
2022-05-27T18:00:00.0;0.03695843855005041
2022-05-27T19:00:00.0;0.03806637494325542
2022-05-27T20:00:00.0;0.03956280136960861
2022-05-27T21:00:00.0;0.039061148795073664
2022-05-27T22:00:00.0;0.03779480136790441
2022-05-27T23:00:00.0;0.035994365730105664
2022-05-28T00:00:00.0;0.03649726461321272
2022-05-28T01:00:00.0;0.0349342201698663
2022-05-28T02:00:00.0;0.03361997294514723
2022-05-28T03:00:00.0;0.03234993009725625
2022-05-28T04:00:00.0;0.03168134509742301
2022-05-28T05:00:00.0;0.032563231820668635
2022-05-28T06:00:00.0;0.03307493465102361
2022-05-28T07:00:00.0;0.031808130325562366
2022-05-28T08:00:00.0;0.028516299983794124
2022-05-28T09:00:00.0;0.024597227333771742
2022-05-28T10:00:00.0;0.02178255706395129
2022-05-28T11:00:00.0;0.020529164726277586
2022-05-28T12:00:00.0;0.020159375097034693
2022-05-28T13:00:00.0;0.020343631938184868
2022-05-28T14:00:00.0;0.02181290905335448
2022-05-28T15:00:00.0;0.02469016658843658
2022-05-28T16:00:00.0;0.029116882008806955
2022-05-28T17:00:00.0;0.032948939287008414
2022-05-28T18:00:00.0;0.03717873359729336
2022-05-28T19:00:00.0;0.03839131267964854
2022-05-28T20:00:00.0;0.04018706290289185
2022-05-28T21:00:00.0;0.03933084262832185
2022-05-28T22:00:00.0;0.03808541561846134
2022-05-28T23:00:00.0;0.03619141378841828
2022-05-29T00:00:00.0;0.036504728083792445
2022-05-29T01:00:00.0;0.03494215710487846
2022-05-29T02:00:00.0;0.03362729072028266
2022-05-29T03:00:00.0;0.03235551473325581
2022-05-29T04:00:00.0;0.03168382774875094
2022-05-29T05:00:00.0;0.03255776442245475
2022-05-29T06:00:00.0;0.033058094552871106
2022-05-29T07:00:00.0;0.031790197363621445
2022-05-29T08:00:00.0;0.028509271109452037
2022-05-29T09:00:00.0;0.02459319133952841
2022-05-29T10:00:00.0;0.021781657371312154
2022-05-29T11:00:00.0;0.02052955220278464
2022-05-29T12:00:00.0;0.02016219529964795
2022-05-29T13:00:00.0;0.02035248487681356
2022-05-29T14:00:00.0;0.021823465273963005
2022-05-29T15:00:00.0;0.024699740128210777
2022-05-29T16:00:00.0;0.029126772544085692
2022-05-29T17:00:00.0;0.03294627656348482
2022-05-29T18:00:00.0;0.037173073216560375
2022-05-29T19:00:00.0;0.03839583102487022
2022-05-29T20:00:00.0;0.04019459167850665
2022-05-29T21:00:00.0;0.03934394285202432
2022-05-29T22:00:00.0;0.03809739552860229
2022-05-29T23:00:00.0;0.03620007605342968
2022-05-30T00:00:00.0;0.03792859621153685
2022-05-30T01:00:00.0;0.0364698366606729
2022-05-30T02:00:00.0;0.03503414757193278
2022-05-30T03:00:00.0;0.033429326813811645
2022-05-30T04:00:00.0;0.032135872069139516
2022-05-30T05:00:00.0;0.031377023460209576
2022-05-30T06:00:00.0;0.029592877058283364
2022-05-30T07:00:00.0;0.028100689817321455
2022-05-30T08:00:00.0;0.027010250356606636
2022-05-30T09:00:00.0;0.02377306111991492
2022-05-30T10:00:00.0;0.0217523895488679
2022-05-30T11:00:00.0;0.020771453482168124
2022-05-30T12:00:00.0;0.020902561867241834
2022-05-30T13:00:00.0;0.022271588497620502
2022-05-30T14:00:00.0;0.024112771437595912
2022-05-30T15:00:00.0;0.02673810824713225
2022-05-30T16:00:00.0;0.031144697606918067
2022-05-30T17:00:00.0;0.03237555359136408
2022-05-30T18:00:00.0;0.03599039260505177
2022-05-30T19:00:00.0;0.03932570081708908
2022-05-30T20:00:00.0;0.041726446950047194
2022-05-30T21:00:00.0;0.042008387195501706
2022-05-30T22:00:00.0;0.0405554308489707
2022-05-30T23:00:00.0;0.038009544719833296
2022-05-31T00:00:00.0;0.03800600222483803
2022-05-31T01:00:00.0;0.03654377279921848
2022-05-31T02:00:00.0;0.03510334045060557
2022-05-31T03:00:00.0;0.03348203594718081
2022-05-31T04:00:00.0;0.03217503897622792
2022-05-31T05:00:00.0;0.031405883301477346
2022-05-31T06:00:00.0;0.029575139369901707
2022-05-31T07:00:00.0;0.028081434031305082
2022-05-31T08:00:00.0;0.02703558369711676
2022-05-31T09:00:00.0;0.023762369329108836
2022-05-31T10:00:00.0;0.021654577481832353
2022-05-31T11:00:00.0;0.020671078221119063
2022-05-31T12:00:00.0;0.0208060672395289
2022-05-31T13:00:00.0;0.02222037075481467
2022-05-31T14:00:00.0;0.02405109541775913
2022-05-31T15:00:00.0;0.026705681386860587
2022-05-31T16:00:00.0;0.031165847029784012
2022-05-31T17:00:00.0;0.03238692436578711
2022-05-31T18:00:00.0;0.0359955758385712
2022-05-31T19:00:00.0;0.0393303843526158
2022-05-31T20:00:00.0;0.04174516231772366
2022-05-31T21:00:00.0;0.04204158322776466
2022-05-31T22:00:00.0;0.04057245705945252
2022-05-31T23:00:00.0;0.038001877392727104
2022-06-01T00:00:00.0;0.037985847009451346
2022-06-01T01:00:00.0;0.03652452108047348
2022-06-01T02:00:00.0;0.03508532379642848
2022-06-01T03:00:00.0;0.03346831138121244
2022-06-01T04:00:00.0;0.03216484057671437
2022-06-01T05:00:00.0;0.031398368687405774
2022-06-01T06:00:00.0;0.029579757963658804
2022-06-01T07:00:00.0;0.028086447911985
2022-06-01T08:00:00.0;0.027028987324139133
2022-06-01T09:00:00.0;0.023765153290423675
2022-06-01T10:00:00.0;0.021680046088138793
2022-06-01T11:00:00.0;0.020697214239751974
2022-06-01T12:00:00.0;0.02083119280693986
2022-06-01T13:00:00.0;0.02223370698792947
2022-06-01T14:00:00.0;0.024067154809155087
2022-06-01T15:00:00.0;0.02671412479229146
2022-06-01T16:00:00.0;0.031160340078127576
2022-06-01T17:00:00.0;0.032383963608633555
2022-06-01T18:00:00.0;0.03599422621231443
2022-06-01T19:00:00.0;0.039329164839256484
2022-06-01T20:00:00.0;0.04174028915283023
2022-06-01T21:00:00.0;0.042032939542969265
2022-06-01T22:00:00.0;0.04056802372249529
2022-06-01T23:00:00.0;0.038003873834898394
2022-06-02T00:00:00.0;0.03805314944673377
2022-06-02T01:00:00.0;0.03658880655540173
2022-06-02T02:00:00.0;0.03514548513504628
2022-06-02T03:00:00.0;0.03351414054863108
2022-06-02T04:00:00.0;0.03219889514425304
2022-06-02T05:00:00.0;0.03142346153968002
2022-06-02T06:00:00.0;0.029564335522831154
2022-06-02T07:00:00.0;0.0280697055262785
2022-06-02T08:00:00.0;0.027051013979280288
2022-06-02T09:00:00.0;0.023755857067178546
2022-06-02T10:00:00.0;0.021595001138445924
2022-06-02T11:00:00.0;0.020609940662114325
2022-06-02T12:00:00.0;0.02074729333514467
2022-06-02T13:00:00.0;0.022189174544312653
2022-06-02T14:00:00.0;0.024013529176211773
2022-06-02T15:00:00.0;0.0266859305133637
2022-06-02T16:00:00.0;0.031178728929914277
2022-06-02T17:00:00.0;0.03239385018978949
2022-06-02T18:00:00.0;0.03599873289382384
2022-06-02T19:00:00.0;0.039333237046861605
2022-06-02T20:00:00.0;0.04175656165939069
2022-06-02T21:00:00.0;0.0420618025961627
2022-06-02T22:00:00.0;0.04058282755251107
2022-06-02T23:00:00.0;0.0379972073011282
2022-06-03T00:00:00.0;0.03782487290983009
2022-06-03T01:00:00.0;0.03634604870985911
2022-06-03T02:00:00.0;0.034921664816079334
2022-06-03T03:00:00.0;0.03334332975059439
2022-06-03T04:00:00.0;0.032122961161339066
2022-06-03T05:00:00.0;0.03159068652124952
2022-06-03T06:00:00.0;0.030079404115425687
2022-06-03T07:00:00.0;0.028618200278762263
2022-06-03T08:00:00.0;0.027265998024035634
2022-06-03T09:00:00.0;0.023879301352111235
2022-06-03T10:00:00.0;0.021622518995955492
2022-06-03T11:00:00.0;0.02059808936663236
2022-06-03T12:00:00.0;0.020661035061725716
2022-06-03T13:00:00.0;0.021918399956272202
2022-06-03T14:00:00.0;0.023690658273518045
2022-06-03T15:00:00.0;0.02639311573206099
2022-06-03T16:00:00.0;0.030876218573983403
2022-06-03T17:00:00.0;0.03247529183254872
2022-06-03T18:00:00.0;0.03617186040835995
2022-06-03T19:00:00.0;0.039195039650794704
2022-06-03T20:00:00.0;0.041526287712958944
2022-06-03T21:00:00.0;0.04166112121509256
2022-06-03T22:00:00.0;0.04021641190577156
2022-06-03T23:00:00.0;0.037732264626347004
2022-06-04T00:00:00.0;0.03605577439598543
2022-06-04T01:00:00.0;0.03448153896938282
2022-06-04T02:00:00.0;0.033133492419065505
2022-06-04T03:00:00.0;0.031822980345771364
2022-06-04T04:00:00.0;0.031007727432913173
2022-06-04T05:00:00.0;0.0314968566764072
2022-06-04T06:00:00.0;0.03187544104485954
2022-06-04T07:00:00.0;0.03073387775495131
2022-06-04T08:00:00.0;0.027631031139397425
2022-06-04T09:00:00.0;0.023834661354208964
2022-06-04T10:00:00.0;0.021086241453511147
2022-06-04T11:00:00.0;0.01990713816082089
2022-06-04T12:00:00.0;0.019540744070445284
2022-06-04T13:00:00.0;0.01985858888279909
2022-06-04T14:00:00.0;0.021622601771639167
2022-06-04T15:00:00.0;0.02480807365294342
2022-06-04T16:00:00.0;0.029539552498513363
2022-06-04T17:00:00.0;0.033030966416455955
2022-06-04T18:00:00.0;0.03687005220205587
2022-06-04T19:00:00.0;0.03793600406018365
2022-06-04T20:00:00.0;0.0393123363781759
2022-06-04T21:00:00.0;0.03895294276277387
2022-06-04T22:00:00.0;0.037678201686688846
2022-06-04T23:00:00.0;0.035915306493542534
2022-06-05T00:00:00.0;0.03668827287012568
2022-06-05T01:00:00.0;0.035148094908361384
2022-06-05T02:00:00.0;0.033741578276143165
2022-06-05T03:00:00.0;0.0322784373544372
2022-06-05T04:00:00.0;0.03118412720410663
2022-06-05T05:00:00.0;0.03095333535761224
2022-06-05T06:00:00.0;0.030354384268940656
2022-06-05T07:00:00.0;0.02915954933564001
2022-06-05T08:00:00.0;0.027054325128257194
2022-06-05T09:00:00.0;0.02355957990270996
2022-06-05T10:00:00.0;0.021085878058148
2022-06-05T11:00:00.0;0.02001576749600457
2022-06-05T12:00:00.0;0.01985919894911211
2022-06-05T13:00:00.0;0.020705441321558746
2022-06-05T14:00:00.0;0.022635263363425664
2022-06-05T15:00:00.0;0.02574925494469023
2022-06-05T16:00:00.0;0.030514003345808154
2022-06-05T17:00:00.0;0.03293055612922652
2022-06-05T18:00:00.0;0.03645010805397675
2022-06-05T19:00:00.0;0.038364261046664676
2022-06-05T20:00:00.0;0.0399468913061202
2022-06-05T21:00:00.0;0.040095915614713235
2022-06-05T22:00:00.0;0.038730253449798864
2022-06-05T23:00:00.0;0.036697162840306295
2022-06-06T00:00:00.0;0.03727193701499087
2022-06-06T01:00:00.0;0.03566831997172152
2022-06-06T02:00:00.0;0.034305161563253916
2022-06-06T03:00:00.0;0.032989329618912294
2022-06-06T04:00:00.0;0.03221452010515134
2022-06-06T05:00:00.0;0.032843867550307534
2022-06-06T06:00:00.0;0.03338067459063468
2022-06-06T07:00:00.0;0.03264091533180777
2022-06-06T08:00:00.0;0.030107001239943067
2022-06-06T09:00:00.0;0.02668528401742988
2022-06-06T10:00:00.0;0.02406757349274789
2022-06-06T11:00:00.0;0.022845026908428146
2022-06-06T12:00:00.0;0.022455266524170223
2022-06-06T13:00:00.0;0.02262512917122657
2022-06-06T14:00:00.0;0.02393176333259961
2022-06-06T15:00:00.0;0.0266224122576668
2022-06-06T16:00:00.0;0.030790584872015244
2022-06-06T17:00:00.0;0.03461998518978446
2022-06-06T18:00:00.0;0.03850654700203572
2022-06-06T19:00:00.0;0.03975035536502745
2022-06-06T20:00:00.0;0.041267408511739545
2022-06-06T21:00:00.0;0.04047037599368153
2022-06-06T22:00:00.0;0.03916177976204578
2022-06-06T23:00:00.0;0.0372615832666182
2022-06-07T00:00:00.0;0.03784685163954055
2022-06-07T01:00:00.0;0.0363380986591187
2022-06-07T02:00:00.0;0.03491725229434818
2022-06-07T03:00:00.0;0.033380633386909074
2022-06-07T04:00:00.0;0.03222645484045191
2022-06-07T05:00:00.0;0.03187069697315392
2022-06-07T06:00:00.0;0.030746819680036893
2022-06-07T07:00:00.0;0.02950601180392655
2022-06-07T08:00:00.0;0.028055386909203443
2022-06-07T09:00:00.0;0.024742690561663318
2022-06-07T10:00:00.0;0.02245025455271432
2022-06-07T11:00:00.0;0.021393739540128246
2022-06-07T12:00:00.0;0.021368718044572615
2022-06-07T13:00:00.0;0.022420204737527302
2022-06-07T14:00:00.0;0.0240789698334435
2022-06-07T15:00:00.0;0.02674899269157686
2022-06-07T16:00:00.0;0.031131274962954644
2022-06-07T17:00:00.0;0.03314736619548158
2022-06-07T18:00:00.0;0.03682390335001462
2022-06-07T19:00:00.0;0.039519097450376434
2022-06-07T20:00:00.0;0.04165281369496012
2022-06-07T21:00:00.0;0.04162281712483045
2022-06-07T22:00:00.0;0.04019335265852103
2022-06-07T23:00:00.0;0.037817499592704654
2022-06-08T00:00:00.0;0.038671682852736006
2022-06-08T01:00:00.0;0.03712618188429056
2022-06-08T02:00:00.0;0.0356521532362723
2022-06-08T03:00:00.0;0.03405713693048085
2022-06-08T04:00:00.0;0.03277434130085353
2022-06-08T05:00:00.0;0.0321085132995284
2022-06-08T06:00:00.0;0.03092467356692829
2022-06-08T07:00:00.0;0.030198978164722383
2022-06-08T08:00:00.0;0.029582229424694257
2022-06-08T09:00:00.0;0.026785664934325326
2022-06-08T10:00:00.0;0.024712187424011486
2022-06-08T11:00:00.0;0.023695904750988227
2022-06-08T12:00:00.0;0.023669213635411246
2022-06-08T13:00:00.0;0.02475143810994097
2022-06-08T14:00:00.0;0.026261438751124522
2022-06-08T15:00:00.0;0.028738854910565857
2022-06-08T16:00:00.0;0.03286681246802488
2022-06-08T17:00:00.0;0.03478656715719691
2022-06-08T18:00:00.0;0.03809995570420322
2022-06-08T19:00:00.0;0.04090213027740045
2022-06-08T20:00:00.0;0.04278161594014441
2022-06-08T21:00:00.0;0.04285196892212911
2022-06-08T22:00:00.0;0.04135142561393257
2022-06-08T23:00:00.0;0.03894465906497343
2022-06-09T00:00:00.0;0.03805314944673377
2022-06-09T01:00:00.0;0.03658880655540173
2022-06-09T02:00:00.0;0.03514548513504628
2022-06-09T03:00:00.0;0.03351414054863108
2022-06-09T04:00:00.0;0.03219889514425304
2022-06-09T05:00:00.0;0.03142346153968002
2022-06-09T06:00:00.0;0.029564335522831154
2022-06-09T07:00:00.0;0.0280697055262785
2022-06-09T08:00:00.0;0.027051013979280288
2022-06-09T09:00:00.0;0.023755857067178546
2022-06-09T10:00:00.0;0.021595001138445924
2022-06-09T11:00:00.0;0.020609940662114325
2022-06-09T12:00:00.0;0.02074729333514467
2022-06-09T13:00:00.0;0.022189174544312653
2022-06-09T14:00:00.0;0.024013529176211773
2022-06-09T15:00:00.0;0.0266859305133637
2022-06-09T16:00:00.0;0.031178728929914277
2022-06-09T17:00:00.0;0.03239385018978949
2022-06-09T18:00:00.0;0.03599873289382384
2022-06-09T19:00:00.0;0.039333237046861605
2022-06-09T20:00:00.0;0.04175656165939069
2022-06-09T21:00:00.0;0.0420618025961627
2022-06-09T22:00:00.0;0.04058282755251107
2022-06-09T23:00:00.0;0.0379972073011282
2022-06-10T00:00:00.0;0.037916264269807584
2022-06-10T01:00:00.0;0.03636100120832861
2022-06-10T02:00:00.0;0.03494311015970467
2022-06-10T03:00:00.0;0.03346647512357346
2022-06-10T04:00:00.0;0.03240588251041711
2022-06-10T05:00:00.0;0.03230115637080701
2022-06-10T06:00:00.0;0.03175564636408183
2022-06-10T07:00:00.0;0.030868143938760407
2022-06-10T08:00:00.0;0.029306757481939866
2022-06-10T09:00:00.0;0.026127852420050918
2022-06-10T10:00:00.0;0.023791620149658268
2022-06-10T11:00:00.0;0.02268876245285839
2022-06-10T12:00:00.0;0.022531736965658883
2022-06-10T13:00:00.0;0.02327581282827702
2022-06-10T14:00:00.0;0.024757790667647012
2022-06-10T15:00:00.0;0.027370657831680714
2022-06-10T16:00:00.0;0.03159049410138806
2022-06-10T17:00:00.0;0.034227757597071105
2022-06-10T18:00:00.0;0.03785820459848182
2022-06-10T19:00:00.0;0.0400662252188628
2022-06-10T20:00:00.0;0.0418924553718248
2022-06-10T21:00:00.0;0.041619686740803234
2022-06-10T22:00:00.0;0.040209944966005974
2022-06-10T23:00:00.0;0.03799514180921351
2022-06-11T00:00:00.0;0.036753331526167256
2022-06-11T01:00:00.0;0.03520653134536753
2022-06-11T02:00:00.0;0.033871041140379865
2022-06-11T03:00:00.0;0.03254153539469868
2022-06-11T04:00:00.0;0.031766523280239614
2022-06-11T05:00:00.0;0.03237564887684008
2022-06-11T06:00:00.0;0.03249716162951869
2022-06-11T07:00:00.0;0.031192861844861957
2022-06-11T08:00:00.0;0.028275143790425863
2022-06-11T09:00:00.0;0.02445875494675664
2022-06-11T10:00:00.0;0.02175168918361994
2022-06-11T11:00:00.0;0.020542458797975626
2022-06-11T12:00:00.0;0.02025613444905035
2022-06-11T13:00:00.0;0.020647370613243312
2022-06-11T14:00:00.0;0.02217508624623222
2022-06-11T15:00:00.0;0.025018628628962796
2022-06-11T16:00:00.0;0.02945621996281088
2022-06-11T17:00:00.0;0.03285758294206744
2022-06-11T18:00:00.0;0.03698452954638182
2022-06-11T19:00:00.0;0.03854633422093002
2022-06-11T20:00:00.0;0.040445370389926814
2022-06-11T21:00:00.0;0.039780302943957714
2022-06-11T22:00:00.0;0.03849643869070294
2022-06-11T23:00:00.0;0.03648861057334131
2022-06-12T00:00:00.0;0.03798706939670707
2022-06-12T01:00:00.0;0.03651853454761935
2022-06-12T02:00:00.0;0.035080695042840844
2022-06-12T03:00:00.0;0.03346469531771746
2022-06-12T04:00:00.0;0.03217691425450527
2022-06-12T05:00:00.0;0.031471868771092024
2022-06-12T06:00:00.0;0.029713434325658133
2022-06-12T07:00:00.0;0.028228480322738645
2022-06-12T08:00:00.0;0.027113246202640016
2022-06-12T09:00:00.0;0.023791590939062645
2022-06-12T10:00:00.0;0.021602966834025173
2022-06-12T11:00:00.0;0.020606510023955225
2022-06-12T12:00:00.0;0.02072232383499343
2022-06-12T13:00:00.0;0.02211079242687576
2022-06-12T14:00:00.0;0.02392006654666799
2022-06-12T15:00:00.0;0.026601168339994985
2022-06-12T16:00:00.0;0.031091160142842914
2022-06-12T17:00:00.0;0.03241742540212091
2022-06-12T18:00:00.0;0.03604884875319651
2022-06-12T19:00:00.0;0.0392932325375523
2022-06-12T20:00:00.0;0.04168990341187016
2022-06-12T21:00:00.0;0.0419458158808173
2022-06-12T22:00:00.0;0.04047675986550507
2022-06-12T23:00:00.0;0.037920513369105145
2022-06-13T00:00:00.0;0.037417117405397965
2022-06-13T01:00:00.0;0.035912426187340064
2022-06-13T02:00:00.0;0.03452186916340115
2022-06-13T03:00:00.0;0.03303822155129972
2022-06-13T04:00:00.0;0.03198732523516549
2022-06-13T05:00:00.0;0.03188938961022398
2022-06-13T06:00:00.0;0.030999437582900004
2022-06-13T07:00:00.0;0.02959794071775338
2022-06-13T08:00:00.0;0.02765001001582023
2022-06-13T09:00:00.0;0.024099801835230222
2022-06-13T10:00:00.0;0.02167167235188904
2022-06-13T11:00:00.0;0.0205769201696883
2022-06-13T12:00:00.0;0.020506957528105916
2022-06-13T13:00:00.0;0.021434732952070105
2022-06-13T14:00:00.0;0.02311393501680471
2022-06-13T15:00:00.0;0.025870079766671158
2022-06-13T16:00:00.0;0.030335864035353887
2022-06-13T17:00:00.0;0.032620765732650346
2022-06-13T18:00:00.0;0.03648110680739104
2022-06-13T19:00:00.0;0.03894818664650088
2022-06-13T20:00:00.0;0.041114964366028774
2022-06-13T21:00:00.0;0.040945410170624814
2022-06-13T22:00:00.0;0.03956190750994253
2022-06-13T23:00:00.0;0.037259014788819544
2022-06-14T00:00:00.0;0.03805314944673377
2022-06-14T01:00:00.0;0.03658880655540173
2022-06-14T02:00:00.0;0.03514548513504628
2022-06-14T03:00:00.0;0.03351414054863108
2022-06-14T04:00:00.0;0.03219889514425304
2022-06-14T05:00:00.0;0.03142346153968002
2022-06-14T06:00:00.0;0.029564335522831154
2022-06-14T07:00:00.0;0.0280697055262785
2022-06-14T08:00:00.0;0.027051013979280288
2022-06-14T09:00:00.0;0.023755857067178546
2022-06-14T10:00:00.0;0.021595001138445924
2022-06-14T11:00:00.0;0.020609940662114325
2022-06-14T12:00:00.0;0.02074729333514467
2022-06-14T13:00:00.0;0.022189174544312653
2022-06-14T14:00:00.0;0.024013529176211773
2022-06-14T15:00:00.0;0.0266859305133637
2022-06-14T16:00:00.0;0.031178728929914277
2022-06-14T17:00:00.0;0.03239385018978949
2022-06-14T18:00:00.0;0.03599873289382384
2022-06-14T19:00:00.0;0.039333237046861605
2022-06-14T20:00:00.0;0.04175656165939069
2022-06-14T21:00:00.0;0.0420618025961627
2022-06-14T22:00:00.0;0.04058282755251107
2022-06-14T23:00:00.0;0.0379972073011282
2022-06-15T00:00:00.0;0.03805314944673377
2022-06-15T01:00:00.0;0.03658880655540173
2022-06-15T02:00:00.0;0.03514548513504628
2022-06-15T03:00:00.0;0.03351414054863108
2022-06-15T04:00:00.0;0.03219889514425304
2022-06-15T05:00:00.0;0.03142346153968002
2022-06-15T06:00:00.0;0.029564335522831154
2022-06-15T07:00:00.0;0.0280697055262785
2022-06-15T08:00:00.0;0.027051013979280288
2022-06-15T09:00:00.0;0.023755857067178546
2022-06-15T10:00:00.0;0.021595001138445924
2022-06-15T11:00:00.0;0.020609940662114325
2022-06-15T12:00:00.0;0.02074729333514467
2022-06-15T13:00:00.0;0.022189174544312653
2022-06-15T14:00:00.0;0.024013529176211773
2022-06-15T15:00:00.0;0.0266859305133637
2022-06-15T16:00:00.0;0.031178728929914277
2022-06-15T17:00:00.0;0.03239385018978949
2022-06-15T18:00:00.0;0.03599873289382384
2022-06-15T19:00:00.0;0.039333237046861605
2022-06-15T20:00:00.0;0.04175656165939069
2022-06-15T21:00:00.0;0.0420618025961627
2022-06-15T22:00:00.0;0.04058282755251107
2022-06-15T23:00:00.0;0.0379972073011282
2022-06-16T00:00:00.0;0.03802518080178359
2022-06-16T01:00:00.0;0.036562091659235685
2022-06-16T02:00:00.0;0.03512048409217961
2022-06-16T03:00:00.0;0.0334950954774026
2022-06-16T04:00:00.0;0.03218474320344852
2022-06-16T05:00:00.0;0.03141303378840705
2022-06-16T06:00:00.0;0.02957074457411058
2022-06-16T07:00:00.0;0.028076663102561794
2022-06-16T08:00:00.0;0.027041860437121066
2022-06-16T09:00:00.0;0.023759720267053898
2022-06-16T10:00:00.0;0.021630342978932085
2022-06-16T11:00:00.0;0.02064620864593542
2022-06-16T12:00:00.0;0.020782159153276934
2022-06-16T13:00:00.0;0.022207680740441268
2022-06-16T14:00:00.0;0.024035814198100743
2022-06-16T15:00:00.0;0.02669764711396239
2022-06-16T16:00:00.0;0.031171087137322046
2022-06-16T17:00:00.0;0.03238974165688509
2022-06-16T18:00:00.0;0.03599686006751725
2022-06-16T19:00:00.0;0.039331544773397675
2022-06-16T20:00:00.0;0.04174979934918595
2022-06-16T21:00:00.0;0.04204980807531708
2022-06-16T22:00:00.0;0.04057667557522268
2022-06-16T23:00:00.0;0.03799997768989264
2022-06-17T00:00:00.0;0.0373296382527856
2022-06-17T01:00:00.0;0.035841694839650766
2022-06-17T02:00:00.0;0.03445392972386604
2022-06-17T03:00:00.0;0.03298662863264616
2022-06-17T04:00:00.0;0.03192252383176098
2022-06-17T05:00:00.0;0.03172581546834822
2022-06-17T06:00:00.0;0.03077931761094662
2022-06-17T07:00:00.0;0.029364512146662206
2022-06-17T08:00:00.0;0.0274710323752982
2022-06-17T09:00:00.0;0.024064183128856134
2022-06-17T10:00:00.0;0.021917636480234894
2022-06-17T11:00:00.0;0.020850136202266153
2022-06-17T12:00:00.0;0.020808464760788733
2022-06-17T13:00:00.0;0.02171153501020793
2022-06-17T14:00:00.0;0.023445600419059142
2022-06-17T15:00:00.0;0.02610832408529576
2022-06-17T16:00:00.0;0.030436591471289666
2022-06-17T17:00:00.0;0.03254824468034297
2022-06-17T18:00:00.0;0.03637746494516334
2022-06-17T19:00:00.0;0.03900744801059592
2022-06-17T20:00:00.0;0.041184678233615636
2022-06-17T21:00:00.0;0.04106503508638547
2022-06-17T22:00:00.0;0.03970677148838899
2022-06-17T23:00:00.0;0.03741691691037078
2022-06-18T00:00:00.0;0.03805314944673377
2022-06-18T01:00:00.0;0.03658880655540173
2022-06-18T02:00:00.0;0.03514548513504628
2022-06-18T03:00:00.0;0.03351414054863108
2022-06-18T04:00:00.0;0.03219889514425304
2022-06-18T05:00:00.0;0.03142346153968002
2022-06-18T06:00:00.0;0.029564335522831154
2022-06-18T07:00:00.0;0.0280697055262785
2022-06-18T08:00:00.0;0.027051013979280288
2022-06-18T09:00:00.0;0.023755857067178546
2022-06-18T10:00:00.0;0.021595001138445924
2022-06-18T11:00:00.0;0.020609940662114325
2022-06-18T12:00:00.0;0.02074729333514467
2022-06-18T13:00:00.0;0.022189174544312653
2022-06-18T14:00:00.0;0.024013529176211773
2022-06-18T15:00:00.0;0.0266859305133637
2022-06-18T16:00:00.0;0.031178728929914277
2022-06-18T17:00:00.0;0.03239385018978949
2022-06-18T18:00:00.0;0.03599873289382384
2022-06-18T19:00:00.0;0.039333237046861605
2022-06-18T20:00:00.0;0.04175656165939069
2022-06-18T21:00:00.0;0.0420618025961627
2022-06-18T22:00:00.0;0.04058282755251107
2022-06-18T23:00:00.0;0.0379972073011282
2022-06-19T00:00:00.0;0.036952061718395796
2022-06-19T01:00:00.0;0.035417868497945884
2022-06-19T02:00:00.0;0.03406589189296387
2022-06-19T03:00:00.0;0.03269023776765812
2022-06-19T04:00:00.0;0.03183262895726563
2022-06-19T05:00:00.0;0.03223006820007197
2022-06-19T06:00:00.0;0.03204875952124428
2022-06-19T07:00:00.0;0.03071535999961785
2022-06-19T08:00:00.0;0.028087985613243927
2022-06-19T09:00:00.0;0.024351288332767576
2022-06-19T10:00:00.0;0.021727733024188182
2022-06-19T11:00:00.0;0.020552776153676018
2022-06-19T12:00:00.0;0.020331228120482225
2022-06-19T13:00:00.0;0.020883098238437602
2022-06-19T14:00:00.0;0.022456167243112765
2022-06-19T15:00:00.0;0.025273543735722968
2022-06-19T16:00:00.0;0.029719575724207557
2022-06-19T17:00:00.0;0.03278668247397519
2022-06-19T18:00:00.0;0.03683381031474073
2022-06-19T19:00:00.0;0.038666644417756975
2022-06-19T20:00:00.0;0.04064583946248382
2022-06-19T21:00:00.0;0.0401291232343061
2022-06-19T22:00:00.0;0.038815428337645105
2022-06-19T23:00:00.0;0.03671926112290272
2022-06-20T00:00:00.0;0.0374665927875945
2022-06-20T01:00:00.0;0.03596834841431531
2022-06-20T02:00:00.0;0.03457302446737125
2022-06-20T03:00:00.0;0.033077299200649564
2022-06-20T04:00:00.0;0.031998485589695015
2022-06-20T05:00:00.0;0.031819368666836
2022-06-20T06:00:00.0;0.030825859652600464
2022-06-20T07:00:00.0;0.029413243055271612
2022-06-20T08:00:00.0;0.02756463715016176
2022-06-20T09:00:00.0;0.024060743699584036
2022-06-20T10:00:00.0;0.02170063738963679
2022-06-20T11:00:00.0;0.02062069966457929
2022-06-20T12:00:00.0;0.02057529175421367
2022-06-20T13:00:00.0;0.021549883884870755
2022-06-20T14:00:00.0;0.02325147916863994
2022-06-20T15:00:00.0;0.025985539909903092
2022-06-20T16:00:00.0;0.030433573426341527
2022-06-20T17:00:00.0;0.03258772398747517
2022-06-20T18:00:00.0;0.03641836313203999
2022-06-20T19:00:00.0;0.03899478897953525
2022-06-20T20:00:00.0;0.04118830895839198
2022-06-20T21:00:00.0;0.04107278220284279
2022-06-20T22:00:00.0;0.039683649427110945
2022-06-20T23:00:00.0;0.037354928967676684
2022-06-21T00:00:00.0;0.037818261510589805
2022-06-21T01:00:00.0;0.03636444792680457
2022-06-21T02:00:00.0;0.03493551989107906
2022-06-21T03:00:00.0;0.03335419509962766
2022-06-21T04:00:00.0;0.03208004347396558
2022-06-21T05:00:00.0;0.03133588657923794
2022-06-21T06:00:00.0;0.02961816039816378
2022-06-21T07:00:00.0;0.02812813705689637
2022-06-21T08:00:00.0;0.026974140157541116
2022-06-21T09:00:00.0;0.023788301221954376
2022-06-21T10:00:00.0;0.02189181108351518
2022-06-21T11:00:00.0;0.02091452859917792
2022-06-21T12:00:00.0;0.0210401055209923
2022-06-21T13:00:00.0;0.022344594380428035
2022-06-21T14:00:00.0;0.024200684571396208
2022-06-21T15:00:00.0;0.02678432956480694
2022-06-21T16:00:00.0;0.031114551173229033
2022-06-21T17:00:00.0;0.03235934566458944
2022-06-21T18:00:00.0;0.035983004412637305
2022-06-21T19:00:00.0;0.039319024895288227
2022-06-21T20:00:00.0;0.04169977002395797
2022-06-21T21:00:00.0;0.041961069498385455
2022-06-21T22:00:00.0;0.04053116165124748
2022-06-21T23:00:00.0;0.038020473744688685
2022-06-22T00:00:00.0;0.0378047216044963
2022-06-22T01:00:00.0;0.036351514973276405
2022-06-22T02:00:00.0;0.03492341663140174
2022-06-22T03:00:00.0;0.03334497518652721
2022-06-22T04:00:00.0;0.03207319237517708
2022-06-22T05:00:00.0;0.03133083839856083
2022-06-22T06:00:00.0;0.029621263085213026
2022-06-22T07:00:00.0;0.028131505290490882
2022-06-22T08:00:00.0;0.02696970883448347
2022-06-22T09:00:00.0;0.023790171436390072
2022-06-22T10:00:00.0;0.021908920428719676
2022-06-22T11:00:00.0;0.02093208629981066
2022-06-22T12:00:00.0;0.02105698441892337
2022-06-22T13:00:00.0;0.0223535534186001
2022-06-22T14:00:00.0;0.02421147297763491
2022-06-22T15:00:00.0;0.026790001690579355
2022-06-22T16:00:00.0;0.031110851703545418
2022-06-22T17:00:00.0;0.03235735668193379
2022-06-22T18:00:00.0;0.035982097758333324
2022-06-22T19:00:00.0;0.03931820564845567
2022-06-22T20:00:00.0;0.04169649632066235
2022-06-22T21:00:00.0;0.04195526282858877
2022-06-22T22:00:00.0;0.04052818341633755
2022-06-22T23:00:00.0;0.038021814918127
2022-06-23T00:00:00.0;0.03776186076695972
2022-06-23T01:00:00.0;0.036310575455955535
2022-06-23T02:00:00.0;0.03488510352619191
2022-06-23T03:00:00.0;0.03331578937129553
2022-06-23T04:00:00.0;0.03205150508797635
2022-06-23T05:00:00.0;0.03131485828390105
2022-06-23T06:00:00.0;0.029631084701746132
2022-06-23T07:00:00.0;0.02814216749980627
2022-06-23T08:00:00.0;0.02695568139468189
2022-06-23T09:00:00.0;0.023796091636761732
2022-06-23T10:00:00.0;0.021963080395568955
2022-06-23T11:00:00.0;0.020987665544536457
2022-06-23T12:00:00.0;0.021110414900421797
2022-06-23T13:00:00.0;0.022381913429144105
2022-06-23T14:00:00.0;0.024245623888570482
2022-06-23T15:00:00.0;0.02680795691564071
2022-06-23T16:00:00.0;0.031099140959912074
2022-06-23T17:00:00.0;0.032351060518439174
2022-06-23T18:00:00.0;0.03597922772640278
2022-06-23T19:00:00.0;0.039315612306585375
2022-06-23T20:00:00.0;0.04168613334885683
2022-06-23T21:00:00.0;0.04193688170178735
2022-06-23T22:00:00.0;0.04051875575548535
2022-06-23T23:00:00.0;0.038026060428875116
2022-06-24T00:00:00.0;0.037438192963395026
2022-06-24T01:00:00.0;0.036001416689775544
2022-06-24T02:00:00.0;0.03459577836775489
2022-06-24T03:00:00.0;0.033095389835163636
2022-06-24T04:00:00.0;0.03188773141912194
2022-06-24T05:00:00.0;0.031194182886267262
2022-06-24T06:00:00.0;0.029705253598889397
2022-06-24T07:00:00.0;0.028222684215498377
2022-06-24T08:00:00.0;0.026849751812080033
2022-06-24T09:00:00.0;0.02384079860846576
2022-06-24T10:00:00.0;0.022372074678433475
2022-06-24T11:00:00.0;0.02140737764299542
2022-06-24T12:00:00.0;0.021513900403364764
2022-06-24T13:00:00.0;0.022596076820468807
2022-06-24T14:00:00.0;0.02450351783016271
2022-06-24T15:00:00.0;0.026943547552504936
2022-06-24T16:00:00.0;0.03101070613484174
2022-06-24T17:00:00.0;0.03230351442446822
2022-06-24T18:00:00.0;0.035957554399783175
2022-06-24T19:00:00.0;0.039296028431997344
2022-06-24T20:00:00.0;0.04160787635446573
2022-06-24T21:00:00.0;0.041798074826308464
2022-06-24T22:00:00.0;0.040447561853168786
2022-06-24T23:00:00.0;0.03805812081821486
2022-06-25T00:00:00.0;0.037620196610827605
2022-06-25T01:00:00.0;0.03614583546315058
2022-06-25T02:00:00.0;0.03473493727207788
2022-06-25T03:00:00.0;0.03320102682351053
2022-06-25T04:00:00.0;0.032026941143980754
2022-06-25T05:00:00.0;0.03156248517128205
2022-06-25T06:00:00.0;0.030214534440193775
2022-06-25T07:00:00.0;0.028762864123935382
2022-06-25T08:00:00.0;0.027254244219718036
2022-06-25T09:00:00.0;0.023925096470820802
2022-06-25T10:00:00.0;0.021831403024665644
2022-06-25T11:00:00.0;0.020804803747350678
2022-06-25T12:00:00.0;0.020845483990337005
2022-06-25T13:00:00.0;0.021973406291784087
2022-06-25T14:00:00.0;0.02375750541340765
2022-06-25T15:00:00.0;0.02640479869921914
2022-06-25T16:00:00.0;0.03077451111961242
2022-06-25T17:00:00.0;0.032467146186520954
2022-06-25T18:00:00.0;0.036194077379605484
2022-06-25T19:00:00.0;0.0391589404849582
2022-06-25T20:00:00.0;0.04144342020580034
2022-06-25T21:00:00.0;0.04151561654919593
2022-06-25T22:00:00.0;0.04011110464502745
2022-06-25T23:00:00.0;0.03769771409405122
2022-06-26T00:00:00.0;0.03805314944673377
2022-06-26T01:00:00.0;0.03658880655540173
2022-06-26T02:00:00.0;0.03514548513504628
2022-06-26T03:00:00.0;0.03351414054863108
2022-06-26T04:00:00.0;0.03219889514425304
2022-06-26T05:00:00.0;0.03142346153968002
2022-06-26T06:00:00.0;0.029564335522831154
2022-06-26T07:00:00.0;0.0280697055262785
2022-06-26T08:00:00.0;0.027051013979280288
2022-06-26T09:00:00.0;0.023755857067178546
2022-06-26T10:00:00.0;0.021595001138445924
2022-06-26T11:00:00.0;0.020609940662114325
2022-06-26T12:00:00.0;0.02074729333514467
2022-06-26T13:00:00.0;0.022189174544312653
2022-06-26T14:00:00.0;0.024013529176211773
2022-06-26T15:00:00.0;0.0266859305133637
2022-06-26T16:00:00.0;0.031178728929914277
2022-06-26T17:00:00.0;0.03239385018978949
2022-06-26T18:00:00.0;0.03599873289382384
2022-06-26T19:00:00.0;0.039333237046861605
2022-06-26T20:00:00.0;0.04175656165939069
2022-06-26T21:00:00.0;0.0420618025961627
2022-06-26T22:00:00.0;0.04058282755251107
2022-06-26T23:00:00.0;0.0379972073011282
2022-06-27T00:00:00.0;0.03739379030679715
2022-06-27T01:00:00.0;0.035956890456013704
2022-06-27T02:00:00.0;0.03455425769895793
2022-06-27T03:00:00.0;0.03306997356352527
2022-06-27T04:00:00.0;0.03187564875838156
2022-06-27T05:00:00.0;0.03119560791014383
2022-06-27T06:00:00.0;0.029774858442100788
2022-06-27T07:00:00.0;0.028324062890919335
2022-06-27T08:00:00.0;0.026927358500030106
2022-06-27T09:00:00.0;0.023970186981203966
2022-06-27T10:00:00.0;0.022582438892926025
2022-06-27T11:00:00.0;0.02161878724812337
2022-06-27T12:00:00.0;0.021715366638076664
2022-06-27T13:00:00.0;0.022743026275333967
2022-06-27T14:00:00.0;0.02464733547294493
2022-06-27T15:00:00.0;0.02705362497727134
2022-06-27T16:00:00.0;0.031058676952354806
2022-06-27T17:00:00.0;0.032388065136737004
2022-06-27T18:00:00.0;0.03603607769797039
2022-06-27T19:00:00.0;0.03935393463400504
2022-06-27T20:00:00.0;0.041631780088453314
2022-06-27T21:00:00.0;0.041799800431439264
2022-06-27T22:00:00.0;0.040462821841698395
2022-06-27T23:00:00.0;0.03810242923571919
2022-06-28T00:00:00.0;0.03765588164122447
2022-06-28T01:00:00.0;0.03620934705018796
2022-06-28T02:00:00.0;0.03479036927395344
2022-06-28T03:00:00.0;0.033243623558401984
2022-06-28T04:00:00.0;0.031997880383719424
2022-06-28T05:00:00.0;0.03127534532339608
2022-06-28T06:00:00.0;0.029655369955915445
2022-06-28T07:00:00.0;0.028168531231515588
2022-06-28T08:00:00.0;0.026920996682671595
2022-06-28T09:00:00.0;0.023810730120179865
2022-06-28T10:00:00.0;0.02209699812248317
2022-06-28T11:00:00.0;0.021125092624911163
2022-06-28T12:00:00.0;0.021242528877709003
2022-06-28T13:00:00.0;0.022452037330029886
2022-06-28T14:00:00.0;0.024330066561463342
2022-06-28T15:00:00.0;0.026852353599507613
2022-06-28T16:00:00.0;0.03107018458753804
2022-06-28T17:00:00.0;0.03233549241615754
2022-06-28T18:00:00.0;0.035972131190443304
2022-06-28T19:00:00.0;0.03930919992362825
2022-06-28T20:00:00.0;0.04166050952172019
2022-06-28T21:00:00.0;0.04189143191917913
2022-06-28T22:00:00.0;0.04049544460917394
2022-06-28T23:00:00.0;0.03803655801929201
2022-06-29T00:00:00.0;0.03764255045058208
2022-06-29T01:00:00.0;0.03619661345603581
2022-06-29T02:00:00.0;0.03477845258405631
2022-06-29T03:00:00.0;0.03323454576876301
2022-06-29T04:00:00.0;0.0319911348935049
2022-06-29T05:00:00.0;0.03127037495960337
2022-06-29T06:00:00.0;0.02965842481554826
2022-06-29T07:00:00.0;0.028171847544336846
2022-06-29T08:00:00.0;0.02691663366773844
2022-06-29T09:00:00.0;0.02381257150556409
2022-06-29T10:00:00.0;0.022113843729912958
2022-06-29T11:00:00.0;0.021142379676443168
2022-06-29T12:00:00.0;0.021259147590172618
2022-06-29T13:00:00.0;0.02246085826608508
2022-06-29T14:00:00.0;0.02434068866617384
2022-06-29T15:00:00.0;0.02685793829038342
2022-06-29T16:00:00.0;0.031066542144578147
2022-06-29T17:00:00.0;0.03233353409334616
2022-06-29T18:00:00.0;0.035971238512068016
2022-06-29T19:00:00.0;0.03930839330535243
2022-06-29T20:00:00.0;0.04165728628202863
2022-06-29T21:00:00.0;0.04188571475825332
2022-06-29T22:00:00.0;0.04049251228327094
2022-06-29T23:00:00.0;0.038037878518759824
2022-06-30T00:00:00.0;0.03743641968066589
2022-06-30T01:00:00.0;0.0359960938437145
2022-06-30T02:00:00.0;0.03459105287424682
2022-06-30T03:00:00.0;0.03310245569274741
2022-06-30T04:00:00.0;0.031904661347240355
2022-06-30T05:00:00.0;0.031224387379221587
2022-06-30T06:00:00.0;0.0298076812930245
2022-06-30T07:00:00.0;0.028378196832479448
2022-06-30T08:00:00.0;0.027007342924477214
2022-06-30T09:00:00.0;0.02405263162303063
2022-06-30T10:00:00.0;0.022639121485785094
2022-06-30T11:00:00.0;0.02167375368570159
2022-06-30T12:00:00.0;0.021766939497371768
2022-06-30T13:00:00.0;0.022799077361687826
2022-06-30T14:00:00.0;0.024691083031393127
2022-06-30T15:00:00.0;0.027101324713109838
2022-06-30T16:00:00.0;0.03111339813390033
2022-06-30T17:00:00.0;0.03245959652394006
2022-06-30T18:00:00.0;0.03609733808989722
2022-06-30T19:00:00.0;0.039399938821395274
2022-06-30T20:00:00.0;0.04166691205645562
2022-06-30T21:00:00.0;0.041832965986759486
2022-06-30T22:00:00.0;0.040490134448747335
2022-06-30T23:00:00.0;0.038126808942200115
2022-07-01T00:00:00.0;0.03648975782124057
2022-07-01T01:00:00.0;0.034971709874386664
2022-07-01T02:00:00.0;0.033648979042596956
2022-07-01T03:00:00.0;0.03237258801346008
2022-07-01T04:00:00.0;0.03160603729535142
2022-07-01T05:00:00.0;0.03210444999295069
2022-07-01T06:00:00.0;0.03224042463734456
2022-07-01T07:00:00.0;0.0309214548136172
2022-07-01T08:00:00.0;0.027990350173479287
2022-07-01T09:00:00.0;0.024432171815871415
2022-07-01T10:00:00.0;0.022263571569367764
2022-07-01T11:00:00.0;0.021095229651791933
2022-07-01T12:00:00.0;0.020838840668669655
2022-07-01T13:00:00.0;0.021110850369989772
2022-07-01T14:00:00.0;0.022731016308060834
2022-07-01T15:00:00.0;0.025395251119684135
2022-07-01T16:00:00.0;0.029548775214238876
2022-07-01T17:00:00.0;0.03274007053182244
2022-07-01T18:00:00.0;0.03683775786967414
2022-07-01T19:00:00.0;0.03861562943294797
2022-07-01T20:00:00.0;0.04050162847966528
2022-07-01T21:00:00.0;0.03987476977707999
2022-07-01T22:00:00.0;0.03865516223925918
2022-07-01T23:00:00.0;0.036711783516335326
2022-07-02T00:00:00.0;0.03721601576030851
2022-07-02T01:00:00.0;0.03569856714269549
2022-07-02T02:00:00.0;0.034324693251416426
2022-07-02T03:00:00.0;0.032887744708825474
2022-07-02T04:00:00.0;0.03192043071727363
2022-07-02T05:00:00.0;0.03203670750522021
2022-07-02T06:00:00.0;0.03145319048589054
2022-07-02T07:00:00.0;0.030081140605676862
2022-07-02T08:00:00.0;0.02783940155668861
2022-07-02T09:00:00.0;0.024208550851285825
2022-07-02T10:00:00.0;0.021695914380831537
2022-07-02T11:00:00.0;0.02056647969669799
2022-07-02T12:00:00.0;0.020430967761823248
2022-07-02T13:00:00.0;0.02119619238262765
2022-07-02T14:00:00.0;0.02282949987264172
2022-07-02T15:00:00.0;0.02561212275091649
2022-07-02T16:00:00.0;0.030069365642398305
2022-07-02T17:00:00.0;0.03269251225798238
2022-07-02T18:00:00.0;0.03663362457577716
2022-07-02T19:00:00.0;0.038826440784779405
2022-07-02T20:00:00.0;0.04091210309050397
2022-07-02T21:00:00.0;0.04059242739813812
2022-07-02T22:00:00.0;0.03923911135075197
2022-07-02T23:00:00.0;0.03702561187989343
2022-07-03T00:00:00.0;0.03805314944673377
2022-07-03T01:00:00.0;0.03658880655540173
2022-07-03T02:00:00.0;0.03514548513504628
2022-07-03T03:00:00.0;0.03351414054863108
2022-07-03T04:00:00.0;0.03219889514425304
2022-07-03T05:00:00.0;0.03142346153968002
2022-07-03T06:00:00.0;0.029564335522831154
2022-07-03T07:00:00.0;0.0280697055262785
2022-07-03T08:00:00.0;0.027051013979280288
2022-07-03T09:00:00.0;0.023755857067178546
2022-07-03T10:00:00.0;0.021595001138445924
2022-07-03T11:00:00.0;0.020609940662114325
2022-07-03T12:00:00.0;0.02074729333514467
2022-07-03T13:00:00.0;0.022189174544312653
2022-07-03T14:00:00.0;0.024013529176211773
2022-07-03T15:00:00.0;0.0266859305133637
2022-07-03T16:00:00.0;0.031178728929914277
2022-07-03T17:00:00.0;0.03239385018978949
2022-07-03T18:00:00.0;0.03599873289382384
2022-07-03T19:00:00.0;0.039333237046861605
2022-07-03T20:00:00.0;0.04175656165939069
2022-07-03T21:00:00.0;0.0420618025961627
2022-07-03T22:00:00.0;0.04058282755251107
2022-07-03T23:00:00.0;0.0379972073011282
2022-07-04T00:00:00.0;0.03771886019266028
2022-07-04T01:00:00.0;0.03626950246584335
2022-07-04T02:00:00.0;0.034846665510933524
2022-07-04T03:00:00.0;0.03328650840320224
2022-07-04T04:00:00.0;0.032029747094940574
2022-07-04T05:00:00.0;0.03129882607017786
2022-07-04T06:00:00.0;0.029640938339139757
2022-07-04T07:00:00.0;0.028152864470519248
2022-07-04T08:00:00.0;0.026941608222012213
2022-07-04T09:00:00.0;0.023802031138427607
2022-07-04T10:00:00.0;0.022017416937092915
2022-07-04T11:00:00.0;0.02104342599112827
2022-07-04T12:00:00.0;0.021164019578295102
2022-07-04T13:00:00.0;0.02241036590022542
2022-07-04T14:00:00.0;0.024279886139788175
2022-07-04T15:00:00.0;0.026825970679106134
2022-07-04T16:00:00.0;0.03108739203640404
2022-07-04T17:00:00.0;0.03234474382791905
2022-07-04T18:00:00.0;0.035976348337469564
2022-07-04T19:00:00.0;0.03931301050978934
2022-07-04T20:00:00.0;0.041675736591240825
2022-07-04T21:00:00.0;0.04191844064803852
2022-07-04T22:00:00.0;0.04050929735816405
2022-07-04T23:00:00.0;0.03803031978102163
2022-07-05T00:00:00.0;0.037563530077094724
2022-07-05T01:00:00.0;0.03612113532413212
2022-07-05T02:00:00.0;0.03470781663625062
2022-07-05T03:00:00.0;0.03318073734707333
2022-07-05T04:00:00.0;0.031951151131333504
2022-07-05T05:00:00.0;0.031240913224803882
2022-07-05T06:00:00.0;0.0296765324366612
2022-07-05T07:00:00.0;0.028191504924143837
2022-07-05T08:00:00.0;0.026890771981502217
2022-07-05T09:00:00.0;0.023823486281648192
2022-07-05T10:00:00.0;0.022213695740617156
2022-07-05T11:00:00.0;0.021244848338485296
2022-07-05T12:00:00.0;0.021357654685373748
2022-07-05T13:00:00.0;0.022513144193147993
2022-07-05T14:00:00.0;0.02440365098544163
2022-07-05T15:00:00.0;0.026891041437030683
2022-07-05T16:00:00.0;0.031044951634711604
2022-07-05T17:00:00.0;0.03232192617293495
2022-07-05T18:00:00.0;0.03596594717834457
2022-07-05T19:00:00.0;0.03930361209119634
2022-07-05T20:00:00.0;0.04163818059138941
2022-07-05T21:00:00.0;0.041851826397958744
2022-07-05T22:00:00.0;0.040475130978460526
2022-07-05T23:00:00.0;0.03804570575369601
2022-07-06T00:00:00.0;0.037755642248478
2022-07-06T01:00:00.0;0.03628940040185703
2022-07-06T02:00:00.0;0.0348663611191777
2022-07-06T03:00:00.0;0.03334628768247175
2022-07-06T04:00:00.0;0.032123199704224635
2022-07-06T05:00:00.0;0.031442118191520874
2022-07-06T06:00:00.0;0.030060809998838842
2022-07-06T07:00:00.0;0.028794726914585723
2022-07-06T08:00:00.0;0.02761767284806007
2022-07-06T09:00:00.0;0.024685227841795145
2022-07-06T10:00:00.0;0.023082632230001603
2022-07-06T11:00:00.0;0.022104360815667565
2022-07-06T12:00:00.0;0.022171181200086605
2022-07-06T13:00:00.0;0.02323332777590342
2022-07-06T14:00:00.0;0.025032072810927158
2022-07-06T15:00:00.0;0.027469814603965685
2022-07-06T16:00:00.0;0.03153059175216499
2022-07-06T17:00:00.0;0.03300649577489688
2022-07-06T18:00:00.0;0.036566141909895135
2022-07-06T19:00:00.0;0.039751917285850924
2022-07-06T20:00:00.0;0.041934270158879156
2022-07-06T21:00:00.0;0.04208388559325464
2022-07-06T22:00:00.0;0.040697751317222634
2022-07-06T23:00:00.0;0.03831430164193722
2022-07-07T00:00:00.0;0.03791805486607332
2022-07-07T01:00:00.0;0.03626342492789725
2022-07-07T02:00:00.0;0.0348624111449187
2022-07-07T03:00:00.0;0.0335340582109154
2022-07-07T04:00:00.0;0.03271194948554213
2022-07-07T05:00:00.0;0.033240278632086895
2022-07-07T06:00:00.0;0.03402878451628014
2022-07-07T07:00:00.0;0.03385120765805567
2022-07-07T08:00:00.0;0.031877869568660684
2022-07-07T09:00:00.0;0.028906712471284117
2022-07-07T10:00:00.0;0.026428665642052755
2022-07-07T11:00:00.0;0.02521217671684622
2022-07-07T12:00:00.0;0.024753602994124244
2022-07-07T13:00:00.0;0.024788845139732858
2022-07-07T14:00:00.0;0.025894852587133532
2022-07-07T15:00:00.0;0.028413664005237847
2022-07-07T16:00:00.0;0.03231041047348322
2022-07-07T17:00:00.0;0.036386496968987644
2022-07-07T18:00:00.0;0.03998064208125043
2022-07-07T19:00:00.0;0.04105424206002368
2022-07-07T20:00:00.0;0.042225687714986394
2022-07-07T21:00:00.0;0.04137865577927405
2022-07-07T22:00:00.0;0.040027540004064485
2022-07-07T23:00:00.0;0.03818690674033087
2022-07-08T00:00:00.0;0.03748285299741545
2022-07-08T01:00:00.0;0.036041301159268194
2022-07-08T02:00:00.0;0.03463348161383819
2022-07-08T03:00:00.0;0.033124076180130343
2022-07-08T04:00:00.0;0.03191477015269065
2022-07-08T05:00:00.0;0.031239152461611852
2022-07-08T06:00:00.0;0.029746953455714542
2022-07-08T07:00:00.0;0.028266757055354367
2022-07-08T08:00:00.0;0.026896879425793867
2022-07-08T09:00:00.0;0.023844944998087692
2022-07-08T10:00:00.0;0.022286357089439754
2022-07-08T11:00:00.0;0.021314914611717018
2022-07-08T12:00:00.0;0.02141661025838067
2022-07-08T13:00:00.0;0.022519186990292647
2022-07-08T14:00:00.0;0.024411286106714
2022-07-08T15:00:00.0;0.026881244903464212
2022-07-08T16:00:00.0;0.030995958522829676
2022-07-08T17:00:00.0;0.03232297811657104
2022-07-08T18:00:00.0;0.035981689859907094
2022-07-08T19:00:00.0;0.039284771320501365
2022-07-08T20:00:00.0;0.04159902564249675
2022-07-08T21:00:00.0;0.04178324722336709
2022-07-08T22:00:00.0;0.04042189881916143
2022-07-08T23:00:00.0;0.03802142590455838
2022-07-09T00:00:00.0;0.03807261529221342
2022-07-09T01:00:00.0;0.0366028796741688
2022-07-09T02:00:00.0;0.035159077686855764
2022-07-09T03:00:00.0;0.03353311937418302
2022-07-09T04:00:00.0;0.03222572139694603
2022-07-09T05:00:00.0;0.03147185538732679
2022-07-09T06:00:00.0;0.02967212432055533
2022-07-09T07:00:00.0;0.028221958136176298
2022-07-09T08:00:00.0;0.027204086728815823
2022-07-09T09:00:00.0;0.023930528452936698
2022-07-09T10:00:00.0;0.021768354361043102
2022-07-09T11:00:00.0;0.02077906009508739
2022-07-09T12:00:00.0;0.020902629035804254
2022-07-09T13:00:00.0;0.022312924141337113
2022-07-09T14:00:00.0;0.02411664604431242
2022-07-09T15:00:00.0;0.026780233923383082
2022-07-09T16:00:00.0;0.031252329140097984
2022-07-09T17:00:00.0;0.03253076761026483
2022-07-09T18:00:00.0;0.03612546138391111
2022-07-09T19:00:00.0;0.039410773053041116
2022-07-09T20:00:00.0;0.041798278114765074
2022-07-09T21:00:00.0;0.04207970256982011
2022-07-09T22:00:00.0;0.040601729272042766
2022-07-09T23:00:00.0;0.03803243709990545
2022-07-10T00:00:00.0;0.0377657169074753
2022-07-10T01:00:00.0;0.03628313999450296
2022-07-10T02:00:00.0;0.03486366360625091
2022-07-10T03:00:00.0;0.0332990655256857
2022-07-10T04:00:00.0;0.032103283489104344
2022-07-10T05:00:00.0;0.031634021511072315
2022-07-10T06:00:00.0;0.030212879939484006
2022-07-10T07:00:00.0;0.028760338219479348
2022-07-10T08:00:00.0;0.027321709385484727
2022-07-10T09:00:00.0;0.02391129093154508
2022-07-10T10:00:00.0;0.02162965002425001
2022-07-10T11:00:00.0;0.020595018200086086
2022-07-10T12:00:00.0;0.020638681933827844
2022-07-10T13:00:00.0;0.021848230930646514
2022-07-10T14:00:00.0;0.023606988912929748
2022-07-10T15:00:00.0;0.026317235170146003
2022-07-10T16:00:00.0;0.030797825482995936
2022-07-10T17:00:00.0;0.03249639676990317
2022-07-10T18:00:00.0;0.03621672499145067
2022-07-10T19:00:00.0;0.039159226922960096
2022-07-10T20:00:00.0;0.04146661409821899
2022-07-10T21:00:00.0;0.041557287903778106
2022-07-10T22:00:00.0;0.04012145827998347
2022-07-10T23:00:00.0;0.03766360689346816
2022-07-11T00:00:00.0;0.03695585366789913
2022-07-11T01:00:00.0;0.035540699189198346
2022-07-11T02:00:00.0;0.034164617493695766
2022-07-11T03:00:00.0;0.032766943953878344
2022-07-11T04:00:00.0;0.031643671073341435
2022-07-11T05:00:00.0;0.03101434885385095
2022-07-11T06:00:00.0;0.0298157822742837
2022-07-11T07:00:00.0;0.02834267259708855
2022-07-11T08:00:00.0;0.026691892427607333
2022-07-11T09:00:00.0;0.023907422254679508
2022-07-11T10:00:00.0;0.022981570006934036
2022-07-11T11:00:00.0;0.022032844976020823
2022-07-11T12:00:00.0;0.022115186385748296
2022-07-11T13:00:00.0;0.022915229415057723
2022-07-11T14:00:00.0;0.024887838978977218
2022-07-11T15:00:00.0;0.027145608713796367
2022-07-11T16:00:00.0;0.030878917953404035
2022-07-11T17:00:00.0;0.03223265983461727
2022-07-11T18:00:00.0;0.0359252561700006
2022-07-11T19:00:00.0;0.03926684396518342
2022-07-11T20:00:00.0;0.04149125547612531
2022-07-11T21:00:00.0;0.04159122073148932
2022-07-11T22:00:00.0;0.04034146660270278
2022-07-11T23:00:00.0;0.03810589815484564
2022-07-12T00:00:00.0;0.036994640197891976
2022-07-12T01:00:00.0;0.0355777470377175
2022-07-12T02:00:00.0;0.034199288594163005
2022-07-12T03:00:00.0;0.03279335539525262
2022-07-12T04:00:00.0;0.03166329678911885
2022-07-12T05:00:00.0;0.031028809915093904
2022-07-12T06:00:00.0;0.029806894290610623
2022-07-12T07:00:00.0;0.028333023926526563
2022-07-12T08:00:00.0;0.02670458643327446
2022-07-12T09:00:00.0;0.023902064822522866
2022-07-12T10:00:00.0;0.02293255843134784
2022-07-12T11:00:00.0;0.021982549037666898
2022-07-12T12:00:00.0;0.022066834951378803
2022-07-12T13:00:00.0;0.022889565278218962
2022-07-12T14:00:00.0;0.024856934418837545
2022-07-12T15:00:00.0;0.0271293602941341
2022-07-12T16:00:00.0;0.030889515485680107
2022-07-12T17:00:00.0;0.032238357491225486
2022-07-12T18:00:00.0;0.035927853379620206
2022-07-12T19:00:00.0;0.03926919078661799
2022-07-12T20:00:00.0;0.041500633354390214
2022-07-12T21:00:00.0;0.04160785456710621
2022-07-12T22:00:00.0;0.04034999807972057
2022-07-12T23:00:00.0;0.03810205621802334
2022-07-13T00:00:00.0;0.03709719813772963
2022-07-13T01:00:00.0;0.03567570761888428
2022-07-13T02:00:00.0;0.03429096466408935
2022-07-13T03:00:00.0;0.03286319157332754
2022-07-13T04:00:00.0;0.03171519039698586
2022-07-13T05:00:00.0;0.0310670473302279
2022-07-13T06:00:00.0;0.029783393005628708
2022-07-13T07:00:00.0;0.028307511260784308
2022-07-13T08:00:00.0;0.0267381514639629
2022-07-13T09:00:00.0;0.02388789889417334
2022-07-13T10:00:00.0;0.022802963795755426
2022-07-13T11:00:00.0;0.02184955833649483
2022-07-13T12:00:00.0;0.02193898583731664
2022-07-13T13:00:00.0;0.02282170509576953
2022-07-13T14:00:00.0;0.024775217698623127
2022-07-13T15:00:00.0;0.027086396810510092
2022-07-13T16:00:00.0;0.03091753709724984
2022-07-13T17:00:00.0;0.03225342302876517
2022-07-13T18:00:00.0;0.03593472082736464
2022-07-13T19:00:00.0;0.03927539616697917
2022-07-13T20:00:00.0;0.04152543000093413
2022-07-13T21:00:00.0;0.041651837153658326
2022-07-13T22:00:00.0;0.040372556702698126
2022-07-13T23:00:00.0;0.038091897507626864
2022-07-14T00:00:00.0;0.037033064695479984
2022-07-14T01:00:00.0;0.035614449082636904
2022-07-14T02:00:00.0;0.03423363607553149
2022-07-14T03:00:00.0;0.03281952031295907
2022-07-14T04:00:00.0;0.031682739319004644
2022-07-14T05:00:00.0;0.03104313599718871
2022-07-14T06:00:00.0;0.029798089267132847
2022-07-14T07:00:00.0;0.028323465316390392
2022-07-14T08:00:00.0;0.026717161953441607
2022-07-14T09:00:00.0;0.023896757396490713
2022-07-14T10:00:00.0;0.022884004328460997
2022-07-14T11:00:00.0;0.021932722560219095
2022-07-14T12:00:00.0;0.022018934827968684
2022-07-14T13:00:00.0;0.02286414068972803
2022-07-14T14:00:00.0;0.02482631832101275
2022-07-14T15:00:00.0;0.027113263536774342
2022-07-14T16:00:00.0;0.03090001410088121
2022-07-14T17:00:00.0;0.032244001966063536
2022-07-14T18:00:00.0;0.03593042634695662
2022-07-14T19:00:00.0;0.03927151570288579
2022-07-14T20:00:00.0;0.04150992369979717
2022-07-14T21:00:00.0;0.041624333142958665
2022-07-14T22:00:00.0;0.04035844992416637
2022-07-14T23:00:00.0;0.038098250141733736
2022-07-15T00:00:00.0;0.037291667899646525
2022-07-15T01:00:00.0;0.035861459896347134
2022-07-15T02:00:00.0;0.03446480028832551
2022-07-15T03:00:00.0;0.032995614523173386
2022-07-15T04:00:00.0;0.031813590750804206
2022-07-15T05:00:00.0;0.031139552891759226
2022-07-15T06:00:00.0;0.029738830007362476
2022-07-15T07:00:00.0;0.028259134294158262
2022-07-15T08:00:00.0;0.026801797277607817
2022-07-15T09:00:00.0;0.02386103754421034
2022-07-15T10:00:00.0;0.02255722721047244
2022-07-15T11:00:00.0;0.02159738215164721
2022-07-15T12:00:00.0;0.021696559099686086
2022-07-15T13:00:00.0;0.022693029017199037
2022-07-15T14:00:00.0;0.02462026693469512
2022-07-15T15:00:00.0;0.027004929705723206
2022-07-15T16:00:00.0;0.030970671512187565
2022-07-15T17:00:00.0;0.032281990212379895
2022-07-15T18:00:00.0;0.03594774284135937
2022-07-15T19:00:00.0;0.039287162772698364
2022-07-15T20:00:00.0;0.04157244925617039
2022-07-15T21:00:00.0;0.04173523667541957
2022-07-15T22:00:00.0;0.04041533223081972
2022-07-15T23:00:00.0;0.038072634620762005
2022-07-16T00:00:00.0;0.03755198645561396
2022-07-16T01:00:00.0;0.036056569166289874
2022-07-16T02:00:00.0;0.034651815950835586
2022-07-16T03:00:00.0;0.03313074286554626
2022-07-16T04:00:00.0;0.032009691786406044
2022-07-16T05:00:00.0;0.03173123693774095
2022-07-16T06:00:00.0;0.03060135836868001
2022-07-16T07:00:00.0;0.029182700650211155
2022-07-16T08:00:00.0;0.027467430402290088
2022-07-16T09:00:00.0;0.023984106302768444
2022-07-16T10:00:00.0;0.021623404012218777
2022-07-16T11:00:00.0;0.020558336081673585
2022-07-16T12:00:00.0;0.02053862487533699
2022-07-16T13:00:00.0;0.021596360615882538
2022-07-16T14:00:00.0;0.02332323214602673
2022-07-16T15:00:00.0;0.02607229969735666
2022-07-16T16:00:00.0;0.030557628588902035
2022-07-16T17:00:00.0;0.032569425225583114
2022-07-16T18:00:00.0;0.0363513381154006
2022-07-16T19:00:00.0;0.03902180533729331
2022-07-16T20:00:00.0;0.04123267628087876
2022-07-16T21:00:00.0;0.041199094162533076
2022-07-16T22:00:00.0;0.03979126468988014
2022-07-16T23:00:00.0;0.03742563819638215
2022-07-17T00:00:00.0;0.03793447653707129
2022-07-17T01:00:00.0;0.03646389388872264
2022-07-17T02:00:00.0;0.03502364761053203
2022-07-17T03:00:00.0;0.03339412758035408
2022-07-17T04:00:00.0;0.032118175317244056
2022-07-17T05:00:00.0;0.03134759605770586
2022-07-17T06:00:00.0;0.02975634058625387
2022-07-17T07:00:00.0;0.028289849580966746
2022-07-17T08:00:00.0;0.027054683730417407
2022-07-17T09:00:00.0;0.023829803912222725
2022-07-17T10:00:00.0;0.02168265991078709
2022-07-17T11:00:00.0;0.0207474837197125
2022-07-17T12:00:00.0;0.020932214949938615
2022-07-17T13:00:00.0;0.022373218788229933
2022-07-17T14:00:00.0;0.024231547545866133
2022-07-17T15:00:00.0;0.026785134031322707
2022-07-17T16:00:00.0;0.03128254382587825
2022-07-17T17:00:00.0;0.03263640668858237
2022-07-17T18:00:00.0;0.03623292790213722
2022-07-17T19:00:00.0;0.039443946762729526
2022-07-17T20:00:00.0;0.04167256413326433
2022-07-17T21:00:00.0;0.041864365093228675
2022-07-17T22:00:00.0;0.04038042548669586
2022-07-17T23:00:00.0;0.03785528377911718
2022-07-18T00:00:00.0;0.03732728603133384
2022-07-18T01:00:00.0;0.0358954813761632
2022-07-18T02:00:00.0;0.03449663917214456
2022-07-18T03:00:00.0;0.03301986846383511
2022-07-18T04:00:00.0;0.03183161327896402
2022-07-18T05:00:00.0;0.03115283265624924
2022-07-18T06:00:00.0;0.029730668066272083
2022-07-18T07:00:00.0;0.028250273805252763
2022-07-18T08:00:00.0;0.02681345433395121
2022-07-18T09:00:00.0;0.02385611775055784
2022-07-18T10:00:00.0;0.02251221929783489
2022-07-18T11:00:00.0;0.021551194793408217
2022-07-18T12:00:00.0;0.0216521574025773
2022-07-18T13:00:00.0;0.02266946133517817
2022-07-18T14:00:00.0;0.02459188690964528
2022-07-18T15:00:00.0;0.02699000858874398
2022-07-18T16:00:00.0;0.030980403352087637
2022-07-18T17:00:00.0;0.032287222438191744
2022-07-18T18:00:00.0;0.03595012788983542
2022-07-18T19:00:00.0;0.03928931788672682
2022-07-18T20:00:00.0;0.0415810610732896
2022-07-18T21:00:00.0;0.041750511724452745
2022-07-18T22:00:00.0;0.04042316678760949
2022-07-18T23:00:00.0;0.038069106524495175
2022-07-19T00:00:00.0;0.03733566633581646
2022-07-19T01:00:00.0;0.03590348601723508
2022-07-19T02:00:00.0;0.03450413028771269
2022-07-19T03:00:00.0;0.033025574978972766
2022-07-19T04:00:00.0;0.03183585365504135
2022-07-19T05:00:00.0;0.031155957145508274
2022-07-19T06:00:00.0;0.02972874770862651
2022-07-19T07:00:00.0;0.028248189091895397
2022-07-19T08:00:00.0;0.02681619702922749
2022-07-19T09:00:00.0;0.023854960211775026
2022-07-19T10:00:00.0;0.022501629747115583
2022-07-19T11:00:00.0;0.021540327740394643
2022-07-19T12:00:00.0;0.02164171048344681
2022-07-19T13:00:00.0;0.022663916284331082
2022-07-19T14:00:00.0;0.02458520960121064
2022-07-19T15:00:00.0;0.026986497918824393
2022-07-19T16:00:00.0;0.030982693078630698
2022-07-19T17:00:00.0;0.032288453486631064
2022-07-19T18:00:00.0;0.03595068904875893
2022-07-19T19:00:00.0;0.03928982494621866
2022-07-19T20:00:00.0;0.04158308727865717
2022-07-19T21:00:00.0;0.041754105668206136
2022-07-19T22:00:00.0;0.04042501011762918
2022-07-19T23:00:00.0;0.038068276427026294
2022-07-20T00:00:00.0;0.0364695594065799
2022-07-20T01:00:00.0;0.03493057674378576
2022-07-20T02:00:00.0;0.03361326024710467
2022-07-20T03:00:00.0;0.03235397106630275
2022-07-20T04:00:00.0;0.03164073523681234
2022-07-20T05:00:00.0;0.032314787147733406
2022-07-20T06:00:00.0;0.03268220091190747
2022-07-20T07:00:00.0;0.03142960856926845
2022-07-20T08:00:00.0;0.028335471549076476
2022-07-20T09:00:00.0;0.024680177529463918
2022-07-20T10:00:00.0;0.022309444086785556
2022-07-20T11:00:00.0;0.021105401049553545
2022-07-20T12:00:00.0;0.020789045344191077
2022-07-20T13:00:00.0;0.020969811786359597
2022-07-20T14:00:00.0;0.022516518971138787
2022-07-20T15:00:00.0;0.025237664147234114
2022-07-20T16:00:00.0;0.029445651338490537
2022-07-20T17:00:00.0;0.03295416015097866
2022-07-20T18:00:00.0;0.037095822542634646
2022-07-20T19:00:00.0;0.0386057195614126
2022-07-20T20:00:00.0;0.040412536128849694
2022-07-20T21:00:00.0;0.039664857331598954
2022-07-20T22:00:00.0;0.03844529337848452
2022-07-20T23:00:00.0;0.03655134504289394
2022-07-21T00:00:00.0;0.03777707109631899
2022-07-21T01:00:00.0;0.036254029627681504
2022-07-21T02:00:00.0;0.03483719654223607
2022-07-21T03:00:00.0;0.03348817896905562
2022-07-21T04:00:00.0;0.03240834361804243
2022-07-21T05:00:00.0;0.03192502683411153
2022-07-21T06:00:00.0;0.031625667556820725
2022-07-21T07:00:00.0;0.031175428892060687
2022-07-21T08:00:00.0;0.03005841710734369
2022-07-21T09:00:00.0;0.027937902337767218
2022-07-21T10:00:00.0;0.027130035523961964
2022-07-21T11:00:00.0;0.026139830191218474
2022-07-21T12:00:00.0;0.02600388163520715
2022-07-21T13:00:00.0;0.026324595878434453
2022-07-21T14:00:00.0;0.02787926086013816
2022-07-21T15:00:00.0;0.029877071427946246
2022-07-21T16:00:00.0;0.033123988818476405
2022-07-21T17:00:00.0;0.03541523433125453
2022-07-21T18:00:00.0;0.03872020834838488
2022-07-21T19:00:00.0;0.04135369887372896
2022-07-21T20:00:00.0;0.04285441069054455
2022-07-21T21:00:00.0;0.042641635292897204
2022-07-21T22:00:00.0;0.04136351655064469
2022-07-21T23:00:00.0;0.039366357373204104
2022-07-22T00:00:00.0;0.037216172772043137
2022-07-22T01:00:00.0;0.035789348984339796
2022-07-22T02:00:00.0;0.03439731554157434
2022-07-22T03:00:00.0;0.03294420659528945
2022-07-22T04:00:00.0;0.03177539073865574
2022-07-22T05:00:00.0;0.03111140549976467
2022-07-22T06:00:00.0;0.029756129813807118
2022-07-22T07:00:00.0;0.028277914721678187
2022-07-22T08:00:00.0;0.02677708932931199
2022-07-22T09:00:00.0;0.023871465391825653
2022-07-22T10:00:00.0;0.022652624637197763
2022-07-22T11:00:00.0;0.021695279496025826
2022-07-22T12:00:00.0;0.021790671610091236
2022-07-22T13:00:00.0;0.0227429823717742
2022-07-22T14:00:00.0;0.024680420387754757
2022-07-22T15:00:00.0;0.02703655605940791
2022-07-22T16:00:00.0;0.030950044195136757
2022-07-22T17:00:00.0;0.03227090014289555
2022-07-22T18:00:00.0;0.0359426875638782
2022-07-22T19:00:00.0;0.03928259485740154
2022-07-22T20:00:00.0;0.04155419590593801
2022-07-22T21:00:00.0;0.041702860137929294
2022-07-22T22:00:00.0;0.04039872633835598
2022-07-22T23:00:00.0;0.03808011266818458
2022-07-23T00:00:00.0;0.03741023888922088
2022-07-23T01:00:00.0;0.03597471571122222
2022-07-23T02:00:00.0;0.034570790349637795
2022-07-23T03:00:00.0;0.03307635468581259
2022-07-23T04:00:00.0;0.03187358685102926
2022-07-23T05:00:00.0;0.03118376056752163
2022-07-23T06:00:00.0;0.02971165931125659
2022-07-23T07:00:00.0;0.02822963816710532
2022-07-23T08:00:00.0;0.02684060303862566
2022-07-23T09:00:00.0;0.023844659795736634
2022-07-23T10:00:00.0;0.02240739810694282
2022-07-23T11:00:00.0;0.021443626732348422
2022-07-23T12:00:00.0;0.021548748057512748
2022-07-23T13:00:00.0;0.022614573375456797
2022-07-23T14:00:00.0;0.02452579124226281
2022-07-23T15:00:00.0;0.026955258049126712
2022-07-23T16:00:00.0;0.03100306832338083
2022-07-23T17:00:00.0;0.03229940803197901
2022-07-23T18:00:00.0;0.03595568254915962
2022-07-23T19:00:00.0;0.039294337040154156
2022-07-23T20:00:00.0;0.041601117567209904
2022-07-23T21:00:00.0;0.04178608655422738
2022-07-23T22:00:00.0;0.040441413080865254
2022-07-23T23:00:00.0;0.03806088976369471
2022-07-24T00:00:00.0;0.03700686049995048
2022-07-24T01:00:00.0;0.03548259038811927
2022-07-24T02:00:00.0;0.034122215271977493
2022-07-24T03:00:00.0;0.03272734121510425
2022-07-24T04:00:00.0;0.031821442059890605
2022-07-24T05:00:00.0;0.03207757392784392
2022-07-24T06:00:00.0;0.031732561223999464
2022-07-24T07:00:00.0;0.030386653080614345
2022-07-24T08:00:00.0;0.02791864193742973
2022-07-24T09:00:00.0;0.024261820110139366
2022-07-24T10:00:00.0;0.02175378132968785
2022-07-24T11:00:00.0;0.020605042992564
2022-07-24T12:00:00.0;0.020421770829742725
2022-07-24T13:00:00.0;0.02104864478131681
2022-07-24T14:00:00.0;0.02266880585293608
2022-07-24T15:00:00.0;0.025461202009998057
2022-07-24T16:00:00.0;0.029887087577805862
2022-07-24T17:00:00.0;0.032737245396041684
2022-07-24T18:00:00.0;0.03672341816122691
2022-07-24T19:00:00.0;0.0387218504017738
2022-07-24T20:00:00.0;0.04072583667196361
2022-07-24T21:00:00.0;0.04031158675482192
2022-07-24T22:00:00.0;0.03898916705134848
2022-07-24T23:00:00.0;0.036859423688035776
2022-07-25T00:00:00.0;0.03746266947668089
2022-07-25T01:00:00.0;0.035965813968163035
2022-07-25T02:00:00.0;0.03456909331489147
2022-07-25T03:00:00.0;0.03313704946609294
2022-07-25T04:00:00.0;0.032064931067026674
2022-07-25T05:00:00.0;0.03176928527072154
2022-07-25T06:00:00.0;0.031003571910928947
2022-07-25T07:00:00.0;0.029875400167052722
2022-07-25T08:00:00.0;0.02822632782433301
2022-07-25T09:00:00.0;0.025216881103500233
2022-07-25T10:00:00.0;0.023493613206377353
2022-07-25T11:00:00.0;0.022452192889507963
2022-07-25T12:00:00.0;0.022386237807871925
2022-07-25T13:00:00.0;0.02311791590489374
2022-07-25T14:00:00.0;0.024803636896637452
2022-07-25T15:00:00.0;0.027259953702824018
2022-07-25T16:00:00.0;0.031255042478695684
2022-07-25T17:00:00.0;0.03339823846802793
2022-07-25T18:00:00.0;0.03706615234734919
2022-07-25T19:00:00.0;0.03971679402083028
2022-07-25T20:00:00.0;0.0416947647082852
2022-07-25T21:00:00.0;0.04155513326815209
2022-07-25T22:00:00.0;0.040221836014229316
2022-07-25T23:00:00.0;0.03801795385264082
2022-07-26T00:00:00.0;0.0366044700884426
2022-07-26T01:00:00.0;0.035078151727216546
2022-07-26T02:00:00.0;0.03374803072513635
2022-07-26T03:00:00.0;0.03249242630186985
2022-07-26T04:00:00.0;0.031718925415810374
2022-07-26T05:00:00.0;0.03215349742220408
2022-07-26T06:00:00.0;0.032414009212512924
2022-07-26T07:00:00.0;0.03129883950111762
2022-07-26T08:00:00.0;0.028544125688210624
2022-07-26T09:00:00.0;0.02524950803988904
2022-07-26T10:00:00.0;0.023342732708969652
2022-07-26T11:00:00.0;0.02219020588016125
2022-07-26T12:00:00.0;0.021914998386923276
2022-07-26T13:00:00.0;0.02207548177984256
2022-07-26T14:00:00.0;0.023655151310732186
2022-07-26T15:00:00.0;0.026185858652825363
2022-07-26T16:00:00.0;0.030123870264234975
2022-07-26T17:00:00.0;0.03334985690528146
2022-07-26T18:00:00.0;0.0373347641415132
2022-07-26T19:00:00.0;0.03911396967535359
2022-07-26T20:00:00.0;0.040860443594444865
2022-07-26T21:00:00.0;0.040217891625082235
2022-07-26T22:00:00.0;0.03901111636677627
2022-07-26T23:00:00.0;0.037123284850919834
2022-07-27T00:00:00.0;0.036965841579575505
2022-07-27T01:00:00.0;0.035537194376736844
2022-07-27T02:00:00.0;0.03416311303521739
2022-07-27T03:00:00.0;0.03276563376929178
2022-07-27T04:00:00.0;0.03166961248976801
2022-07-27T05:00:00.0;0.0311512634542289
2022-07-27T06:00:00.0;0.03005775288290175
2022-07-27T07:00:00.0;0.02859972764921935
2022-07-27T08:00:00.0;0.026848071377351398
2022-07-27T09:00:00.0;0.023954557560510386
2022-07-27T10:00:00.0;0.02283121746780128
2022-07-27T11:00:00.0;0.021857391436603108
2022-07-27T12:00:00.0;0.021906999792060188
2022-07-27T13:00:00.0;0.02268597020733651
2022-07-27T14:00:00.0;0.024613452570329826
2022-07-27T15:00:00.0;0.026936390903706593
2022-07-27T16:00:00.0;0.03075489361386936
2022-07-27T17:00:00.0;0.03229481462517626
2022-07-27T18:00:00.0;0.03602537573643171
2022-07-27T19:00:00.0;0.039201793635727726
2022-07-27T20:00:00.0;0.0414012569243997
2022-07-27T21:00:00.0;0.04143568490433562
2022-07-27T22:00:00.0;0.04017676062603342
2022-07-27T23:00:00.0;0.037953128188085994
2022-07-28T00:00:00.0;0.036608590019407
2022-07-28T01:00:00.0;0.035162428946329656
2022-07-28T02:00:00.0;0.033816953534231094
2022-07-28T03:00:00.0;0.032501517622526725
2022-07-28T04:00:00.0;0.03154253117088022
2022-07-28T05:00:00.0;0.0313603947786913
2022-07-28T06:00:00.0;0.03076741506853137
2022-07-28T07:00:00.0;0.029355669935368964
2022-07-28T08:00:00.0;0.02712416147431893
2022-07-28T09:00:00.0;0.02412859673956302
2022-07-28T10:00:00.0;0.02292865006946426
2022-07-28T11:00:00.0;0.02190298918346598
2022-07-28T12:00:00.0;0.021849269511843575
2022-07-28T13:00:00.0;0.022350097066898278
2022-07-28T14:00:00.0;0.024213329527428853
2022-07-28T15:00:00.0;0.02655907104966921
2022-07-28T16:00:00.0;0.030331500331777065
2022-07-28T17:00:00.0;0.03239831492180151
2022-07-28T18:00:00.0;0.036257062800503954
2022-07-28T19:00:00.0;0.039011431559005674
2022-07-28T20:00:00.0;0.041077358135242
2022-07-28T21:00:00.0;0.04087170671716461
2022-07-28T22:00:00.0;0.03966920431041894
2022-07-28T23:00:00.0;0.0375984072549246
2022-07-29T00:00:00.0;0.036614884587186154
2022-07-29T01:00:00.0;0.03517538455357079
2022-07-29T02:00:00.0;0.03382813297927262
2022-07-29T03:00:00.0;0.03251012115950462
2022-07-29T04:00:00.0;0.03153459874235566
2022-07-29T05:00:00.0;0.03129185079522506
2022-07-29T06:00:00.0;0.030635965503664184
2022-07-29T07:00:00.0;0.02921596395876082
2022-07-29T08:00:00.0;0.027044835068592617
2022-07-29T09:00:00.0;0.02410190521829611
2022-07-29T10:00:00.0;0.022994003803068232
2022-07-29T11:00:00.0;0.0219813184660797
2022-07-29T12:00:00.0;0.021945603060015625
2022-07-29T13:00:00.0;0.022464437902584875
2022-07-29T14:00:00.0;0.02435012063139816
2022-07-29T15:00:00.0;0.02666556341032043
2022-07-29T16:00:00.0;0.03040068468716414
2022-07-29T17:00:00.0;0.032366938582308886
2022-07-29T18:00:00.0;0.03620455158084886
2022-07-29T19:00:00.0;0.03904675714230921
2022-07-29T20:00:00.0;0.04112806714882595
2022-07-29T21:00:00.0;0.04095947002729216
2022-07-29T22:00:00.0;0.039759423018773055
2022-07-29T23:00:00.0;0.037678569069712675
2022-07-30T00:00:00.0;0.03706081493492525
2022-07-30T01:00:00.0;0.035640955363748617
2022-07-30T02:00:00.0;0.03425844188672352
2022-07-30T03:00:00.0;0.032838416662345465
2022-07-30T04:00:00.0;0.03169678074813502
2022-07-30T05:00:00.0;0.031053482318764744
2022-07-30T06:00:00.0;0.02979173026375825
2022-07-30T07:00:00.0;0.028316562071411453
2022-07-30T08:00:00.0;0.02672624401612799
2022-07-30T09:00:00.0;0.023892924364116174
2022-07-30T10:00:00.0;0.022848938470330423
2022-07-30T11:00:00.0;0.02189673779095247
2022-07-30T12:00:00.0;0.02198434127496142
2022-07-30T13:00:00.0;0.022845779007397513
2022-07-30T14:00:00.0;0.024804207321550188
2022-07-30T15:00:00.0;0.02710163843042123
2022-07-30T16:00:00.0;0.030907596219164134
2022-07-30T17:00:00.0;0.03224807841567592
2022-07-30T18:00:00.0;0.03593228454847263
2022-07-30T19:00:00.0;0.039273194761485684
2022-07-30T20:00:00.0;0.04151663320351889
2022-07-30T21:00:00.0;0.04163623399929583
2022-07-30T22:00:00.0;0.040364553861025616
2022-07-30T23:00:00.0;0.03809550138677236
2022-07-31T00:00:00.0;0.037735564504774964
2022-07-31T01:00:00.0;0.03622690497387318
2022-07-31T02:00:00.0;0.03481263129311273
2022-07-31T03:00:00.0;0.0333560832727791
2022-07-31T04:00:00.0;0.032239918112912234
2022-07-31T05:00:00.0;0.0318472942235459
2022-07-31T06:00:00.0;0.03103958486971679
2022-07-31T07:00:00.0;0.030058217984678795
2022-07-31T08:00:00.0;0.02867234709137783
2022-07-31T09:00:00.0;0.025797284478495722
2022-07-31T10:00:00.0;0.02410156890941107
2022-07-31T11:00:00.0;0.02307120176450882
2022-07-31T12:00:00.0;0.023007499548771886
2022-07-31T13:00:00.0;0.023769818425390235
2022-07-31T14:00:00.0;0.025409171376494313
2022-07-31T15:00:00.0;0.02782206618250304
2022-07-31T16:00:00.0;0.03176685346885597
2022-07-31T17:00:00.0;0.03387260405279718
2022-07-31T18:00:00.0;0.03743226396409587
2022-07-31T19:00:00.0;0.04011800345692269
2022-07-31T20:00:00.0;0.04203023451388555
2022-07-31T21:00:00.0;0.04192803957874232
2022-07-31T22:00:00.0;0.04056700452625843
2022-07-31T23:00:00.0;0.038342335207931975
2022-08-01T00:00:00.0;0.03691658280801061
2022-08-01T01:00:00.0;0.03550318872181096
2022-08-01T02:00:00.0;0.03412951345296615
2022-08-01T03:00:00.0;0.032740202711136236
2022-08-01T04:00:00.0;0.03162380028998833
2022-08-01T05:00:00.0;0.030999707216405787
2022-08-01T06:00:00.0;0.02982478124278078
2022-08-01T07:00:00.0;0.028352441751220668
2022-08-01T08:00:00.0;0.026679039911074672
2022-08-01T09:00:00.0;0.023912846585436208
2022-08-01T10:00:00.0;0.023031193593218122
2022-08-01T11:00:00.0;0.02208376896299316
2022-08-01T12:00:00.0;0.022164141587589836
2022-08-01T13:00:00.0;0.022941214021624495
2022-08-01T14:00:00.0;0.024919129446347846
2022-08-01T15:00:00.0;0.02716206002852043
2022-08-01T16:00:00.0;0.030868188089060552
2022-08-01T17:00:00.0;0.03222689103100438
2022-08-01T18:00:00.0;0.03592262652885735
2022-08-01T19:00:00.0;0.0392644678388386
2022-08-01T20:00:00.0;0.041481760495691106
2022-08-01T21:00:00.0;0.04157437918809681
2022-08-01T22:00:00.0;0.04033282859258253
2022-08-01T23:00:00.0;0.03810978806618024
2022-08-02T00:00:00.0;0.036421437165614336
2022-08-02T01:00:00.0;0.03490584853156482
2022-08-02T02:00:00.0;0.033587425045566846
2022-08-02T03:00:00.0;0.03232569036853856
2022-08-02T04:00:00.0;0.03157243350724586
2022-08-02T05:00:00.0;0.03208513719523583
2022-08-02T06:00:00.0;0.03226737668901049
2022-08-02T07:00:00.0;0.03095045345033617
2022-08-02T08:00:00.0;0.027975061925532868
2022-08-02T09:00:00.0;0.024443852354573213
2022-08-02T10:00:00.0;0.02234353347880989
2022-08-02T11:00:00.0;0.021176308353384035
2022-08-02T12:00:00.0;0.020914957251747607
2022-08-02T13:00:00.0;0.02114575960929516
2022-08-02T14:00:00.0;0.022773131714313326
2022-08-02T15:00:00.0;0.025414389738103973
2022-08-02T16:00:00.0;0.029524246185638793
2022-08-02T17:00:00.0;0.03273284100110571
2022-08-02T18:00:00.0;0.03683778231505246
2022-08-02T19:00:00.0;0.038608459279851993
2022-08-02T20:00:00.0;0.04048083593317834
2022-08-02T21:00:00.0;0.03983807888142137
2022-08-02T22:00:00.0;0.038632415667599895
2022-08-02T23:00:00.0;0.03671153149524526
2022-08-03T00:00:00.0;0.03641289332680477
2022-08-03T01:00:00.0;0.03489836804667208
2022-08-03T02:00:00.0;0.03357928215229985
2022-08-03T03:00:00.0;0.03231705432146045
2022-08-03T04:00:00.0;0.0315591966413294
2022-08-03T05:00:00.0;0.032055937236252226
2022-08-03T06:00:00.0;0.03222715378990932
2022-08-03T07:00:00.0;0.030910858052674108
2022-08-03T08:00:00.0;0.02794700978972802
2022-08-03T09:00:00.0;0.02442780680127716
2022-08-03T10:00:00.0;0.022347000587576805
2022-08-03T11:00:00.0;0.02118320523391286
2022-08-03T12:00:00.0;0.020924794286812733
2022-08-03T13:00:00.0;0.021159137117021994
2022-08-03T14:00:00.0;0.022795254368111192
2022-08-03T15:00:00.0;0.025435235637603595
2022-08-03T16:00:00.0;0.029541739696725414
2022-08-03T17:00:00.0;0.03272846381253377
2022-08-03T18:00:00.0;0.03682395672375941
2022-08-03T19:00:00.0;0.038607098232709816
2022-08-03T20:00:00.0;0.040475003807902005
2022-08-03T21:00:00.0;0.03984574010136913
2022-08-03T22:00:00.0;0.03864059189999191
2022-08-03T23:00:00.0;0.036720930028534014
2022-08-04T00:00:00.0;0.036797363294622104
2022-08-04T01:00:00.0;0.03538931345446018
2022-08-04T02:00:00.0;0.03402294367920421
2022-08-04T03:00:00.0;0.03265902094032274
2022-08-04T04:00:00.0;0.031563476041201036
2022-08-04T05:00:00.0;0.030955257746840336
2022-08-04T06:00:00.0;0.02985210054896013
2022-08-04T07:00:00.0;0.028382099207287455
2022-08-04T08:00:00.0;0.026640021902016763
2022-08-04T09:00:00.0;0.02392931391197572
2022-08-04T10:00:00.0;0.02318184218675994
2022-08-04T11:00:00.0;0.02223836534728118
2022-08-04T12:00:00.0;0.022312761081992417
2022-08-04T13:00:00.0;0.023020098776358095
2022-08-04T14:00:00.0;0.025014121873409942
2022-08-04T15:00:00.0;0.027212003364153317
2022-08-04T16:00:00.0;0.03083561408356675
2022-08-04T17:00:00.0;0.03220937794467231
2022-08-04T18:00:00.0;0.03591464339483957
2022-08-04T19:00:00.0;0.03925725433173986
2022-08-04T20:00:00.0;0.04145293538337594
2022-08-04T21:00:00.0;0.041523251185968335
2022-08-04T22:00:00.0;0.04030660509337461
2022-08-04T23:00:00.0;0.038121597161722136
2022-08-05T00:00:00.0;0.03697034693421223
2022-08-05T01:00:00.0;0.035550236036473525
2022-08-05T02:00:00.0;0.034173846173494796
2022-08-05T03:00:00.0;0.032786631351844356
2022-08-05T04:00:00.0;0.031672160747162746
2022-08-05T05:00:00.0;0.031056381855989072
2022-08-05T06:00:00.0;0.029933533553974243
2022-08-05T07:00:00.0;0.028523096164550826
2022-08-05T08:00:00.0;0.026884343587337493
2022-08-05T09:00:00.0;0.024156519605016618
2022-08-05T10:00:00.0;0.02327751091472907
2022-08-05T11:00:00.0;0.022327440253481594
2022-08-05T12:00:00.0;0.02239478632214356
2022-08-05T13:00:00.0;0.023145155223470965
2022-08-05T14:00:00.0;0.025097204606759294
2022-08-05T15:00:00.0;0.027325895506608532
2022-08-05T16:00:00.0;0.03100532121236101
2022-08-05T17:00:00.0;0.032420326288609885
2022-08-05T18:00:00.0;0.036092253954753
2022-08-05T19:00:00.0;0.03939116245535646
2022-08-05T20:00:00.0;0.04156532830429234
2022-08-05T21:00:00.0;0.04163974535418308
2022-08-05T22:00:00.0;0.040395639869826264
2022-08-05T23:00:00.0;0.03818576878685455
2022-08-06T00:00:00.0;0.03743731406637714
2022-08-06T01:00:00.0;0.03596847424223536
2022-08-06T02:00:00.0;0.03455123430104038
2022-08-06T03:00:00.0;0.032985915988195225
2022-08-06T04:00:00.0;0.03182987616347042
2022-08-06T05:00:00.0;0.03110604093630623
2022-08-06T06:00:00.0;0.030163166774321664
2022-08-06T07:00:00.0;0.02875229828218267
2022-08-06T08:00:00.0;0.02696751944434939
2022-08-06T09:00:00.0;0.024000761327403992
2022-08-06T10:00:00.0;0.02220016867502599
2022-08-06T11:00:00.0;0.02136312546157387
2022-08-06T12:00:00.0;0.021617706360720162
2022-08-06T13:00:00.0;0.022889710866897277
2022-08-06T14:00:00.0;0.024847094289072863
2022-08-06T15:00:00.0;0.027081356637774955
2022-08-06T16:00:00.0;0.03138882935619155
2022-08-06T17:00:00.0;0.0330254254151734
2022-08-06T18:00:00.0;0.03662996902472436
2022-08-06T19:00:00.0;0.03962337879969768
2022-08-06T20:00:00.0;0.041454072453001665
2022-08-06T21:00:00.0;0.04139071736148633
2022-08-06T22:00:00.0;0.03995775297427819
2022-08-06T23:00:00.0;0.03763141329187883
2022-08-07T00:00:00.0;0.037667758838110084
2022-08-07T01:00:00.0;0.03617621368213286
2022-08-07T02:00:00.0;0.03474035961462283
2022-08-07T03:00:00.0;0.033100866096802475
2022-08-07T04:00:00.0;0.03192434873469752
2022-08-07T05:00:00.0;0.031158108258434652
2022-08-07T06:00:00.0;0.030286800973153574
2022-08-07T07:00:00.0;0.02889904592248266
2022-08-07T08:00:00.0;0.02708844762381148
2022-08-07T09:00:00.0;0.024030547283836436
2022-08-07T10:00:00.0;0.021842277954212477
2022-08-07T11:00:00.0;0.0210468012630342
2022-08-07T12:00:00.0;0.02137002630460126
2022-08-07T13:00:00.0;0.022850198243652392
2022-08-07T14:00:00.0;0.02479565268389671
2022-08-07T15:00:00.0;0.02703780028575808
2022-08-07T16:00:00.0;0.031597646431697816
2022-08-07T17:00:00.0;0.033337612708958186
2022-08-07T18:00:00.0;0.03690462826653075
2022-08-07T19:00:00.0;0.03976353119274652
2022-08-07T20:00:00.0;0.04145058266680376
2022-08-07T21:00:00.0;0.041332660180919745
2022-08-07T22:00:00.0;0.03981970221881951
2022-08-07T23:00:00.0;0.03744406414767313
2022-08-08T00:00:00.0;0.037042774391982426
2022-08-08T01:00:00.0;0.03560325813747434
2022-08-08T02:00:00.0;0.0342144198655684
2022-08-08T03:00:00.0;0.03275672485039683
2022-08-08T04:00:00.0;0.03165105357575842
2022-08-08T05:00:00.0;0.030990775207567572
2022-08-08T06:00:00.0;0.030087652052824564
2022-08-08T07:00:00.0;0.0286585354584751
2022-08-08T08:00:00.0;0.026795599071307366
2022-08-08T09:00:00.0;0.023997313859926404
2022-08-08T10:00:00.0;0.022761438161033255
2022-08-08T11:00:00.0;0.021891194656846313
2022-08-08T12:00:00.0;0.022072307732179247
2022-08-08T13:00:00.0;0.02304453475174267
2022-08-08T14:00:00.0;0.025037162719782888
2022-08-08T15:00:00.0;0.027196813486512643
2022-08-08T16:00:00.0;0.031143870817478596
2022-08-08T17:00:00.0;0.032705723370428666
2022-08-08T18:00:00.0;0.03635977325112702
2022-08-08T19:00:00.0;0.03948082046925572
2022-08-08T20:00:00.0;0.041414357978629815
2022-08-08T21:00:00.0;0.04136905020275775
2022-08-08T22:00:00.0;0.04004845947346537
2022-08-08T23:00:00.0;0.03782521006234883
2022-08-09T00:00:00.0;0.03713187574024432
2022-08-09T01:00:00.0;0.035687661227025276
2022-08-09T02:00:00.0;0.03429431598238489
2022-08-09T03:00:00.0;0.03286178567257005
2022-08-09T04:00:00.0;0.03171270740460757
2022-08-09T05:00:00.0;0.03106509169120867
2022-08-09T06:00:00.0;0.029829982416970848
2022-08-09T07:00:00.0;0.02844251781968739
2022-08-09T08:00:00.0;0.02697658972042897
2022-08-09T09:00:00.0;0.02418557705730284
2022-08-09T10:00:00.0;0.023018581868253098
2022-08-09T11:00:00.0;0.022034976368176484
2022-08-09T12:00:00.0;0.02211806749161479
2022-08-09T13:00:00.0;0.023009939434054466
2022-08-09T14:00:00.0;0.02496270927956359
2022-08-09T15:00:00.0;0.027290601184277008
2022-08-09T16:00:00.0;0.031129976809062383
2022-08-09T17:00:00.0;0.03260295543538116
2022-08-09T18:00:00.0;0.036182504350403065
2022-08-09T19:00:00.0;0.03941098143628178
2022-08-09T20:00:00.0;0.04157817839167915
2022-08-09T21:00:00.0;0.04168400049411288
2022-08-09T22:00:00.0;0.0404263815862888
2022-08-09T23:00:00.0;0.03816924110248215
2022-08-10T00:00:00.0;0.03734975974674269
2022-08-10T01:00:00.0;0.035877629831867756
2022-08-10T02:00:00.0;0.034469221132203326
2022-08-10T03:00:00.0;0.03299295289013148
2022-08-10T04:00:00.0;0.03182511130293966
2022-08-10T05:00:00.0;0.031216367099780123
2022-08-10T06:00:00.0;0.029949326357385536
2022-08-10T07:00:00.0;0.028610925144113952
2022-08-10T08:00:00.0;0.02725012481672891
2022-08-10T09:00:00.0;0.02433459536931152
2022-08-10T10:00:00.0;0.022792580984636126
2022-08-10T11:00:00.0;0.021772860290140833
2022-08-10T12:00:00.0;0.021843516946739895
2022-08-10T13:00:00.0;0.022841627897413574
2022-08-10T14:00:00.0;0.024741464581106817
2022-08-10T15:00:00.0;0.027189196271983265
2022-08-10T16:00:00.0;0.031217042913298153
2022-08-10T17:00:00.0;0.03284209408225371
2022-08-10T18:00:00.0;0.03637739341011861
2022-08-10T19:00:00.0;0.03945257359115617
2022-08-10T20:00:00.0;0.041599242124143336
2022-08-10T21:00:00.0;0.04169311442349856
2022-08-10T22:00:00.0;0.04040028091855936
2022-08-10T23:00:00.0;0.03809968003418894
2022-08-11T00:00:00.0;0.03714530914771853
2022-08-11T01:00:00.0;0.03569576971239381
2022-08-11T02:00:00.0;0.034300156261012876
2022-08-11T03:00:00.0;0.03286535144339932
2022-08-11T04:00:00.0;0.03171503617116425
2022-08-11T05:00:00.0;0.03106677950133783
2022-08-11T06:00:00.0;0.029839070632772163
2022-08-11T07:00:00.0;0.028471219447165602
2022-08-11T08:00:00.0;0.027031647895551035
2022-08-11T09:00:00.0;0.024251199706544595
2022-08-11T10:00:00.0;0.02305948548935095
2022-08-11T11:00:00.0;0.022068953954303153
2022-08-11T12:00:00.0;0.0221509170999886
2022-08-11T13:00:00.0;0.0230481633305655
2022-08-11T14:00:00.0;0.024999997739097498
2022-08-11T15:00:00.0;0.027333770882794897
2022-08-11T16:00:00.0;0.0311789269827477
2022-08-11T17:00:00.0;0.03268177015801536
2022-08-11T18:00:00.0;0.03623816432136396
2022-08-11T19:00:00.0;0.039441574114114905
2022-08-11T20:00:00.0;0.04159132358679203
2022-08-11T21:00:00.0;0.041693619115830166
2022-08-11T22:00:00.0;0.04043964261544794
2022-08-11T23:00:00.0;0.03818593150884209
2022-08-12T00:00:00.0;0.03648142718532233
2022-08-12T01:00:00.0;0.035045860953068525
2022-08-12T02:00:00.0;0.03370242927517904
2022-08-12T03:00:00.0;0.032412694993519765
2022-08-12T04:00:00.0;0.0314463565180939
2022-08-12T05:00:00.0;0.031160216183416748
2022-08-12T06:00:00.0;0.030552804200812248
2022-08-12T07:00:00.0;0.029166429704028392
2022-08-12T08:00:00.0;0.027015803425198704
2022-08-12T09:00:00.0;0.02422750881163976
2022-08-12T10:00:00.0;0.02335589805167688
2022-08-12T11:00:00.0;0.022348701017769094
2022-08-12T12:00:00.0;0.02232147942797064
2022-08-12T13:00:00.0;0.02277250575417053
2022-08-12T14:00:00.0;0.02470270880596578
2022-08-12T15:00:00.0;0.026934639989983526
2022-08-12T16:00:00.0;0.03052614491293476
2022-08-12T17:00:00.0;0.032466300331872845
2022-08-12T18:00:00.0;0.036248640843041594
2022-08-12T19:00:00.0;0.03913517168375589
2022-08-12T20:00:00.0;0.04116775336805301
2022-08-12T21:00:00.0;0.04100022898875173
2022-08-12T22:00:00.0;0.03984492440070153
2022-08-12T23:00:00.0;0.0378134876124614
2022-08-13T00:00:00.0;0.037131737577424356
2022-08-13T01:00:00.0;0.03567931491176212
2022-08-13T02:00:00.0;0.034283464753430644
2022-08-13T03:00:00.0;0.032851983382897305
2022-08-13T04:00:00.0;0.03170486545555968
2022-08-13T05:00:00.0;0.031059264493398162
2022-08-13T06:00:00.0;0.02985117546905362
2022-08-13T07:00:00.0;0.028498285748971917
2022-08-13T08:00:00.0;0.027064661246107395
2022-08-13T09:00:00.0;0.02430296200803251
2022-08-13T10:00:00.0;0.023119425297489636
2022-08-13T11:00:00.0;0.022124551503665327
2022-08-13T12:00:00.0;0.022204502423898646
2022-08-13T13:00:00.0;0.023091974345257685
2022-08-13T14:00:00.0;0.025046292660010013
2022-08-13T15:00:00.0;0.0273755328566479
2022-08-13T16:00:00.0;0.031208694967299926
2022-08-13T17:00:00.0;0.0327365866286584
2022-08-13T18:00:00.0;0.036277740850463466
2022-08-13T19:00:00.0;0.039462769704742405
2022-08-13T20:00:00.0;0.04159535942159953
2022-08-13T21:00:00.0;0.041690650872155594
2022-08-13T22:00:00.0;0.04044427697411586
2022-08-13T23:00:00.0;0.03820059906442041
2022-08-14T00:00:00.0;0.03731981247388977
2022-08-14T01:00:00.0;0.03585048352093143
2022-08-14T02:00:00.0;0.03444051529600431
2022-08-14T03:00:00.0;0.03297003497469574
2022-08-14T04:00:00.0;0.031792010952976166
2022-08-14T05:00:00.0;0.03112342652700354
2022-08-14T06:00:00.0;0.02982991193686804
2022-08-14T07:00:00.0;0.028509004819797075
2022-08-14T08:00:00.0;0.027217131972143576
2022-08-14T09:00:00.0;0.024398080671910027
2022-08-14T10:00:00.0;0.022985638339615835
2022-08-14T11:00:00.0;0.021972905490446584
2022-08-14T12:00:00.0;0.022059052383162837
2022-08-14T13:00:00.0;0.02305207792700226
2022-08-14T14:00:00.0;0.02498256399438829
2022-08-14T15:00:00.0;0.02738431646146946
2022-08-14T16:00:00.0;0.03134134154780843
2022-08-14T17:00:00.0;0.03290211444931136
2022-08-14T18:00:00.0;0.03638860809607209
2022-08-14T19:00:00.0;0.03952759253164863
2022-08-14T20:00:00.0;0.041658594165572355
2022-08-14T21:00:00.0;0.04177823083460777
2022-08-14T22:00:00.0;0.0405041414952098
2022-08-14T23:00:00.0;0.0382143102650267
2022-08-15T00:00:00.0;0.03675602391055724
2022-08-15T01:00:00.0;0.035338121665240876
2022-08-15T02:00:00.0;0.03397586134154789
2022-08-15T03:00:00.0;0.03265755690277916
2022-08-15T04:00:00.0;0.031600060266945215
2022-08-15T05:00:00.0;0.03103940208118397
2022-08-15T06:00:00.0;0.030190643621866454
2022-08-15T07:00:00.0;0.028892566408725267
2022-08-15T08:00:00.0;0.027136674872158217
2022-08-15T09:00:00.0;0.02461750183213202
2022-08-15T10:00:00.0;0.024088212167856112
2022-08-15T11:00:00.0;0.02314375127142711
2022-08-15T12:00:00.0;0.023173342907341462
2022-08-15T13:00:00.0;0.0236984462182763
2022-08-15T14:00:00.0;0.02564749513676785
2022-08-15T15:00:00.0;0.02773583574416772
2022-08-15T16:00:00.0;0.031157115125785766
2022-08-15T17:00:00.0;0.032707588695391476
2022-08-15T18:00:00.0;0.03636313088479336
2022-08-15T19:00:00.0;0.03959026234520106
2022-08-15T20:00:00.0;0.041634743001418666
2022-08-15T21:00:00.0;0.04162051700804715
2022-08-15T22:00:00.0;0.04043608821429318
2022-08-15T23:00:00.0;0.03834667912394067
2022-08-16T00:00:00.0;0.036468652879158354
2022-08-16T01:00:00.0;0.03505773670981393
2022-08-16T02:00:00.0;0.03370511907502534
2022-08-16T03:00:00.0;0.03237549346044737
2022-08-16T04:00:00.0;0.03136567378290679
2022-08-16T05:00:00.0;0.03078455545274249
2022-08-16T06:00:00.0;0.030178379274283372
2022-08-16T07:00:00.0;0.02875412737639318
2022-08-16T08:00:00.0;0.026597169351434826
2022-08-16T09:00:00.0;0.024062355232316132
2022-08-16T10:00:00.0;0.02350234685660345
2022-08-16T11:00:00.0;0.022639728919084532
2022-08-16T12:00:00.0;0.02277884676007166
2022-08-16T13:00:00.0;0.02339827363173956
2022-08-16T14:00:00.0;0.025464025912677386
2022-08-16T15:00:00.0;0.027425062572022287
2022-08-16T16:00:00.0;0.030953250621677725
2022-08-16T17:00:00.0;0.03255697139738851
2022-08-16T18:00:00.0;0.036261336304534444
2022-08-16T19:00:00.0;0.03941687423280784
2022-08-16T20:00:00.0;0.04128924805226596
2022-08-16T21:00:00.0;0.04115914237864491
2022-08-16T22:00:00.0;0.03996585549994027
2022-08-16T23:00:00.0;0.03792015401558203
2022-08-17T00:00:00.0;0.035980240251302295
2022-08-17T01:00:00.0;0.034606183560987394
2022-08-17T02:00:00.0;0.03329024014075985
2022-08-17T03:00:00.0;0.03210861557761387
2022-08-17T04:00:00.0;0.03116296628270753
2022-08-17T05:00:00.0;0.03067302324422424
2022-08-17T06:00:00.0;0.03011344891574094
2022-08-17T07:00:00.0;0.028698006265189323
2022-08-17T08:00:00.0;0.02648748332518915
2022-08-17T09:00:00.0;0.024195867674628516
2022-08-17T10:00:00.0;0.024406720967956708
2022-08-17T11:00:00.0;0.02348977217424698
2022-08-17T12:00:00.0;0.023513579915722435
2022-08-17T13:00:00.0;0.02370736781773111
2022-08-17T14:00:00.0;0.025800406349127888
2022-08-17T15:00:00.0;0.027668374257726603
2022-08-17T16:00:00.0;0.03068729651806436
2022-08-17T17:00:00.0;0.03220290434222796
2022-08-17T18:00:00.0;0.03596154611889921
2022-08-17T19:00:00.0;0.039283367017515516
2022-08-17T20:00:00.0;0.041298562088813155
2022-08-17T21:00:00.0;0.04119871877265101
2022-08-17T22:00:00.0;0.040158076948808345
2022-08-17T23:00:00.0;0.03825230023561372
2022-08-18T00:00:00.0;0.03592797288162172
2022-08-18T01:00:00.0;0.03455889515380834
2022-08-18T02:00:00.0;0.03324579959439047
2022-08-18T03:00:00.0;0.03206701505764773
2022-08-18T04:00:00.0;0.03112357050831888
2022-08-18T05:00:00.0;0.030631116659489782
2022-08-18T06:00:00.0;0.030051322490126348
2022-08-18T07:00:00.0;0.028598371755678274
2022-08-18T08:00:00.0;0.026355488925449706
2022-08-18T09:00:00.0;0.02404939941991223
2022-08-18T10:00:00.0;0.02428042445097733
2022-08-18T11:00:00.0;0.023365736283165926
2022-08-18T12:00:00.0;0.0233965464451947
2022-08-18T13:00:00.0;0.023595354013928017
2022-08-18T14:00:00.0;0.02570683989454714
2022-08-18T15:00:00.0;0.027576207645469208
2022-08-18T16:00:00.0;0.030598073036095387
2022-08-18T17:00:00.0;0.03208166639036041
2022-08-18T18:00:00.0;0.03585642758785046
2022-08-18T19:00:00.0;0.03920465091357866
2022-08-18T20:00:00.0;0.04124273257690419
2022-08-18T21:00:00.0;0.04115040790198763
2022-08-18T22:00:00.0;0.04011537416012629
2022-08-18T23:00:00.0;0.0382077132190564
2022-08-19T00:00:00.0;0.0361704122296543
2022-08-19T01:00:00.0;0.03477391873266621
2022-08-19T02:00:00.0;0.03344138849205447
2022-08-19T03:00:00.0;0.03218300904833572
2022-08-19T04:00:00.0;0.03122525086001322
2022-08-19T05:00:00.0;0.03070909085190468
2022-08-19T06:00:00.0;0.030243036016237693
2022-08-19T07:00:00.0;0.02881958723131156
2022-08-19T08:00:00.0;0.02651609995991636
2022-08-19T09:00:00.0;0.024095107686282504
2022-08-19T10:00:00.0;0.023871772667921367
2022-08-19T11:00:00.0;0.022999936582988635
2022-08-19T12:00:00.0;0.02310107174762266
2022-08-19T13:00:00.0;0.023519523023010618
2022-08-19T14:00:00.0;0.025611481732075274
2022-08-19T15:00:00.0;0.027494744861671437
2022-08-19T16:00:00.0;0.030804784814655727
2022-08-19T17:00:00.0;0.03244420005659177
2022-08-19T18:00:00.0;0.036185489682141705
2022-08-19T19:00:00.0;0.03934943547207651
2022-08-19T20:00:00.0;0.041216343099986105
2022-08-19T21:00:00.0;0.04104567604594589
2022-08-19T22:00:00.0;0.0399225559029354
2022-08-19T23:00:00.0;0.03796791169963559
2022-08-20T00:00:00.0;0.03644327475115737
2022-08-20T01:00:00.0;0.03502895846341251
2022-08-20T02:00:00.0;0.03367751239240888
2022-08-20T03:00:00.0;0.03239174120952364
2022-08-20T04:00:00.0;0.03136336263043809
2022-08-20T05:00:00.0;0.03080767384434437
2022-08-20T06:00:00.0;0.029990274191794796
2022-08-20T07:00:00.0;0.028620395553678728
2022-08-20T08:00:00.0;0.02676162688269554
2022-08-20T09:00:00.0;0.024294545104484404
2022-08-20T10:00:00.0;0.023900597647883274
2022-08-20T11:00:00.0;0.022938463536680477
2022-08-20T12:00:00.0;0.022986662828678065
2022-08-20T13:00:00.0;0.023475243448167427
2022-08-20T14:00:00.0;0.0255212303168159
2022-08-20T15:00:00.0;0.027589088115639943
2022-08-20T16:00:00.0;0.03095112895990915
2022-08-20T17:00:00.0;0.03251757814216465
2022-08-20T18:00:00.0;0.0361476376412447
2022-08-20T19:00:00.0;0.0393754311351895
2022-08-20T20:00:00.0;0.04141371923540733
2022-08-20T21:00:00.0;0.04138948186522586
2022-08-20T22:00:00.0;0.0402770330784279
2022-08-20T23:00:00.0;0.03824114934467681
2022-08-21T00:00:00.0;0.03627009356646983
2022-08-21T01:00:00.0;0.034824424487123855
2022-08-21T02:00:00.0;0.03344845889645846
2022-08-21T03:00:00.0;0.03209462035199819
2022-08-21T04:00:00.0;0.030990968049535432
2022-08-21T05:00:00.0;0.030400045062058942
2022-08-21T06:00:00.0;0.029600493024359593
2022-08-21T07:00:00.0;0.02827744851136869
2022-08-21T08:00:00.0;0.026293651268981928
2022-08-21T09:00:00.0;0.023471562737328654
2022-08-21T10:00:00.0;0.022452418858133268
2022-08-21T11:00:00.0;0.021505818554263853
2022-08-21T12:00:00.0;0.021482112846516282
2022-08-21T13:00:00.0;0.022122833426277463
2022-08-21T14:00:00.0;0.024256439441803068
2022-08-21T15:00:00.0;0.02680934123084761
2022-08-21T16:00:00.0;0.03077845819792475
2022-08-21T17:00:00.0;0.03241911355169149
2022-08-21T18:00:00.0;0.03593002686433049
2022-08-21T19:00:00.0;0.03869678203108601
2022-08-21T20:00:00.0;0.040448396127240015
2022-08-21T21:00:00.0;0.0407009722324287
2022-08-21T22:00:00.0;0.03947661238755211
2022-08-21T23:00:00.0;0.03749394141089025
2022-08-22T00:00:00.0;0.03597777084392308
2022-08-22T01:00:00.0;0.03459226523729031
2022-08-22T02:00:00.0;0.03327096424526848
2022-08-22T03:00:00.0;0.03205278111397585
2022-08-22T04:00:00.0;0.031123381591784686
2022-08-22T05:00:00.0;0.030610852642111473
2022-08-22T06:00:00.0;0.03024230658695334
2022-08-22T07:00:00.0;0.02882007697075241
2022-08-22T08:00:00.0;0.026423989548311985
2022-08-22T09:00:00.0;0.024113201183281443
2022-08-22T10:00:00.0;0.024140992437334204
2022-08-22T11:00:00.0;0.023281089595305112
2022-08-22T12:00:00.0;0.0233798855486203
2022-08-22T13:00:00.0;0.023691988624617473
2022-08-22T14:00:00.0;0.025818777838543812
2022-08-22T15:00:00.0;0.027616121255344732
2022-08-22T16:00:00.0;0.030778987514802705
2022-08-22T17:00:00.0;0.0324082601897463
2022-08-22T18:00:00.0;0.03615712288632954
2022-08-22T19:00:00.0;0.03935243842106769
2022-08-22T20:00:00.0;0.04118685630710942
2022-08-22T21:00:00.0;0.04099180151182355
2022-08-22T22:00:00.0;0.039909824826004435
2022-08-22T23:00:00.0;0.03801405645697909
2022-08-23T00:00:00.0;0.03598305741632374
2022-08-23T01:00:00.0;0.0345951723638547
2022-08-23T02:00:00.0;0.03327300770083734
2022-08-23T03:00:00.0;0.032058331329433566
2022-08-23T04:00:00.0;0.031125737921482117
2022-08-23T05:00:00.0;0.03061544001170416
2022-08-23T06:00:00.0;0.030222916966428127
2022-08-23T07:00:00.0;0.028813609015710156
2022-08-23T08:00:00.0;0.026463003801200476
2022-08-23T09:00:00.0;0.024161966716231113
2022-08-23T10:00:00.0;0.02419636334322527
2022-08-23T11:00:00.0;0.02332249644779316
2022-08-23T12:00:00.0;0.023410607579068397
2022-08-23T13:00:00.0;0.023711581647527714
2022-08-23T14:00:00.0;0.025835284960844536
2022-08-23T15:00:00.0;0.02764831895364763
2022-08-23T16:00:00.0;0.03079651343333636
2022-08-23T17:00:00.0;0.03243127578100362
2022-08-23T18:00:00.0;0.03616334630786365
2022-08-23T19:00:00.0;0.03935837054797945
2022-08-23T20:00:00.0;0.041206581405614257
2022-08-23T21:00:00.0;0.041023193523755455
2022-08-23T22:00:00.0;0.039951029710472666
2022-08-23T23:00:00.0;0.038056418775884865
2022-08-24T00:00:00.0;0.03594350183452324
2022-08-24T01:00:00.0;0.034569722516534396
2022-08-24T02:00:00.0;0.03325557681110616
2022-08-24T03:00:00.0;0.032075825202286495
2022-08-24T04:00:00.0;0.03112937871054965
2022-08-24T05:00:00.0;0.030632520560919856
2022-08-24T06:00:00.0;0.030049813211371096
2022-08-24T07:00:00.0;0.02860259910646947
2022-08-24T08:00:00.0;0.026373018061066202
2022-08-24T09:00:00.0;0.02408128693749157
2022-08-24T10:00:00.0;0.024309583736140533
2022-08-24T11:00:00.0;0.02339780450670666
2022-08-24T12:00:00.0;0.023431421080984796
2022-08-24T13:00:00.0;0.02362144207956475
2022-08-24T14:00:00.0;0.02573711091977893
2022-08-24T15:00:00.0;0.02759379050006419
2022-08-24T16:00:00.0;0.03061381186424202
2022-08-24T17:00:00.0;0.03210825015914737
2022-08-24T18:00:00.0;0.0358725659592312
2022-08-24T19:00:00.0;0.03920904780197844
2022-08-24T20:00:00.0;0.041239981083683645
2022-08-24T21:00:00.0;0.04116213343673471
2022-08-24T22:00:00.0;0.04012660373668582
2022-08-24T23:00:00.0;0.03821928156760188
2022-08-25T00:00:00.0;0.036125835420604095
2022-08-25T01:00:00.0;0.03472038448520321
2022-08-25T02:00:00.0;0.03339393973963298
2022-08-25T03:00:00.0;0.03219707998070449
2022-08-25T04:00:00.0;0.0312581900320319
2022-08-25T05:00:00.0;0.030838621187528295
2022-08-25T06:00:00.0;0.030382958444889436
2022-08-25T07:00:00.0;0.029085998277307883
2022-08-25T08:00:00.0;0.026943271670873334
2022-08-25T09:00:00.0;0.024620653623359638
2022-08-25T10:00:00.0;0.024582017248091878
2022-08-25T11:00:00.0;0.02362644796692391
2022-08-25T12:00:00.0;0.023616667792887184
2022-08-25T13:00:00.0;0.0238171083658986
2022-08-25T14:00:00.0;0.02584716068729468
2022-08-25T15:00:00.0;0.027779243596844035
2022-08-25T16:00:00.0;0.030879911540113752
2022-08-25T17:00:00.0;0.032640025438350706
2022-08-25T18:00:00.0;0.036335475436008534
2022-08-25T19:00:00.0;0.03944442118071288
2022-08-25T20:00:00.0;0.04136675726354228
2022-08-25T21:00:00.0;0.04120835259894014
2022-08-25T22:00:00.0;0.04015787607039998
2022-08-25T23:00:00.0;0.03826418939619584
2022-08-26T00:00:00.0;0.03684097275940645
2022-08-26T01:00:00.0;0.035384923137213094
2022-08-26T02:00:00.0;0.034022081501283746
2022-08-26T03:00:00.0;0.03279368773846149
2022-08-26T04:00:00.0;0.031811730969078494
2022-08-26T05:00:00.0;0.031363135641404555
2022-08-26T06:00:00.0;0.031136539124136685
2022-08-26T07:00:00.0;0.03033877490897765
2022-08-26T08:00:00.0;0.028661150594802457
2022-08-26T09:00:00.0;0.026607888578111135
2022-08-26T10:00:00.0;0.026486556216771425
2022-08-26T11:00:00.0;0.025532379718449003
2022-08-26T12:00:00.0;0.02544087247387302
2022-08-26T13:00:00.0;0.025551997131946672
2022-08-26T14:00:00.0;0.027341247023106537
2022-08-26T15:00:00.0;0.02918616250336817
2022-08-26T16:00:00.0;0.03215661766214118
2022-08-26T17:00:00.0;0.03419943577333149
2022-08-26T18:00:00.0;0.03769262494361859
2022-08-26T19:00:00.0;0.040579653974059014
2022-08-26T20:00:00.0;0.04221795550970501
2022-08-26T21:00:00.0;0.04199429614968215
2022-08-26T22:00:00.0;0.04086130113303604
2022-08-26T23:00:00.0;0.038986553648877126
2022-08-27T00:00:00.0;0.036426874121970716
2022-08-27T01:00:00.0;0.03501027132100294
2022-08-27T02:00:00.0;0.03366999242905901
2022-08-27T03:00:00.0;0.03246409934057816
2022-08-27T04:00:00.0;0.0314996101067744
2022-08-27T05:00:00.0;0.031031122384487696
2022-08-27T06:00:00.0;0.030644330154123843
2022-08-27T07:00:00.0;0.029549400680233172
2022-08-27T08:00:00.0;0.0276153986961457
2022-08-27T09:00:00.0;0.025447464683121233
2022-08-27T10:00:00.0;0.025485946928152856
2022-08-27T11:00:00.0;0.02454968068837165
2022-08-27T12:00:00.0;0.024513651514102314
2022-08-27T13:00:00.0;0.024664545480709354
2022-08-27T14:00:00.0;0.02659994816708273
2022-08-27T15:00:00.0;0.028455954176718
2022-08-27T16:00:00.0;0.03144972687088029
2022-08-27T17:00:00.0;0.03323890397345954
2022-08-27T18:00:00.0;0.03685980246292822
2022-08-27T19:00:00.0;0.03995600997621269
2022-08-27T20:00:00.0;0.04177563509160292
2022-08-27T21:00:00.0;0.04161154366304849
2022-08-27T22:00:00.0;0.04052297979190075
2022-08-27T23:00:00.0;0.03863330413744109
2022-08-28T00:00:00.0;0.036969588796873384
2022-08-28T01:00:00.0;0.0354308774732224
2022-08-28T02:00:00.0;0.03407607728263403
2022-08-28T03:00:00.0;0.032810298640771236
2022-08-28T04:00:00.0;0.03197351183901989
2022-08-28T05:00:00.0;0.03220981285647242
2022-08-28T06:00:00.0;0.03247198138516903
2022-08-28T07:00:00.0;0.03165445827521447
2022-08-28T08:00:00.0;0.029350326346254216
2022-08-28T09:00:00.0;0.02644050149887666
2022-08-28T10:00:00.0;0.024845584191083386
2022-08-28T11:00:00.0;0.023727586598991587
2022-08-28T12:00:00.0;0.02345542604494992
2022-08-28T13:00:00.0;0.023574415701173166
2022-08-28T14:00:00.0;0.025095920132435154
2022-08-28T15:00:00.0;0.027452925365387546
2022-08-28T16:00:00.0;0.03114016136869063
2022-08-28T17:00:00.0;0.03426939281661843
2022-08-28T18:00:00.0;0.03804066306388323
2022-08-28T19:00:00.0;0.03993152340609824
2022-08-28T20:00:00.0;0.041517007765410674
2022-08-28T21:00:00.0;0.040931201766574186
2022-08-28T22:00:00.0;0.03970917272215667
2022-08-28T23:00:00.0;0.037835603344321254
2022-08-29T00:00:00.0;0.03614207491459152
2022-08-29T01:00:00.0;0.034708175043189946
2022-08-29T02:00:00.0;0.03338060082592828
2022-08-29T03:00:00.0;0.032188482994982615
2022-08-29T04:00:00.0;0.03120364982296388
2022-08-29T05:00:00.0;0.030650472642612007
2022-08-29T06:00:00.0;0.030030513640240186
2022-08-29T07:00:00.0;0.028656655427746328
2022-08-29T08:00:00.0;0.02659716803900593
2022-08-29T09:00:00.0;0.02448904157630194
2022-08-29T10:00:00.0;0.024682451701171223
2022-08-29T11:00:00.0;0.02380786988337345
2022-08-29T12:00:00.0;0.02387737283890544
2022-08-29T13:00:00.0;0.023955037498351983
2022-08-29T14:00:00.0;0.02612419501715642
2022-08-29T15:00:00.0;0.027818627397661916
2022-08-29T16:00:00.0;0.030815068677986158
2022-08-29T17:00:00.0;0.03244818427327116
2022-08-29T18:00:00.0;0.036078931844470384
2022-08-29T19:00:00.0;0.03926527204824908
2022-08-29T20:00:00.0;0.04120479696746832
2022-08-29T21:00:00.0;0.041312071141159555
2022-08-29T22:00:00.0;0.04027019948454021
2022-08-29T23:00:00.0;0.03836720928794128
2022-08-30T00:00:00.0;0.03663211212578922
2022-08-30T01:00:00.0;0.03514453875286434
2022-08-30T02:00:00.0;0.033795847549125506
2022-08-30T03:00:00.0;0.03255460632419615
2022-08-30T04:00:00.0;0.031658931363087964
2022-08-30T05:00:00.0;0.03157283925225098
2022-08-30T06:00:00.0;0.03152577287600083
2022-08-30T07:00:00.0;0.03055436407193159
2022-08-30T08:00:00.0;0.028395513435898845
2022-08-30T09:00:00.0;0.025790672782890604
2022-08-30T10:00:00.0;0.02487818583436829
2022-08-30T11:00:00.0;0.02383177252056327
2022-08-30T12:00:00.0;0.023671793142680968
2022-08-30T13:00:00.0;0.02383306437950386
2022-08-30T14:00:00.0;0.025581549673001757
2022-08-30T15:00:00.0;0.027759803580197747
2022-08-30T16:00:00.0;0.031191107047193377
2022-08-30T17:00:00.0;0.03372882198371276
2022-08-30T18:00:00.0;0.03740745836990464
2022-08-30T19:00:00.0;0.0398046992132749
2022-08-30T20:00:00.0;0.04148296026415937
2022-08-30T21:00:00.0;0.041109557336293616
2022-08-30T22:00:00.0;0.039960815844462205
2022-08-30T23:00:00.0;0.038089456740415376
2022-08-31T00:00:00.0;0.036724040794721316
2022-08-31T01:00:00.0;0.035149189440327314
2022-08-31T02:00:00.0;0.03378188081928577
2022-08-31T03:00:00.0;0.032480616820163594
2022-08-31T04:00:00.0;0.03162582173373588
2022-08-31T05:00:00.0;0.03193072351317257
2022-08-31T06:00:00.0;0.032304938788859594
2022-08-31T07:00:00.0;0.031510253527714444
2022-08-31T08:00:00.0;0.029012703867364313
2022-08-31T09:00:00.0;0.025793435932968116
2022-08-31T10:00:00.0;0.023631818867012423
2022-08-31T11:00:00.0;0.022488161204143972
2022-08-31T12:00:00.0;0.022148556061724844
2022-08-31T13:00:00.0;0.022350548622085586
2022-08-31T14:00:00.0;0.023941967748259865
2022-08-31T15:00:00.0;0.02668929616506858
2022-08-31T16:00:00.0;0.03085325722879788
2022-08-31T17:00:00.0;0.034219903825826375
2022-08-31T18:00:00.0;0.03790772127104193
2022-08-31T19:00:00.0;0.03932188397962772
2022-08-31T20:00:00.0;0.040674658756339514
2022-08-31T21:00:00.0;0.04022021131079629
2022-08-31T22:00:00.0;0.038949883064866894
2022-08-31T23:00:00.0;0.03714798807602162
2022-09-01T00:00:00.0;0.03625537223050874
2022-09-01T01:00:00.0;0.03477231655697236
2022-09-01T02:00:00.0;0.03343312221838286
2022-09-01T03:00:00.0;0.03220179992938495
2022-09-01T04:00:00.0;0.03132057004490143
2022-09-01T05:00:00.0;0.031208009853114678
2022-09-01T06:00:00.0;0.03101751911751816
2022-09-01T07:00:00.0;0.029839959133336317
2022-09-01T08:00:00.0;0.02760010714263826
2022-09-01T09:00:00.0;0.024955281847396017
2022-09-01T10:00:00.0;0.02404794224484246
2022-09-01T11:00:00.0;0.02296205883454564
2022-09-01T12:00:00.0;0.02286616709137342
2022-09-01T13:00:00.0;0.02312144426932481
2022-09-01T14:00:00.0;0.025035745221813774
2022-09-01T15:00:00.0;0.027254644873147195
2022-09-01T16:00:00.0;0.030738354175216382
2022-09-01T17:00:00.0;0.03321483614154148
2022-09-01T18:00:00.0;0.0368619579570711
2022-09-01T19:00:00.0;0.03932987983591878
2022-09-01T20:00:00.0;0.04110548829011803
2022-09-01T21:00:00.0;0.040758963808150785
2022-09-01T22:00:00.0;0.039701103189022494
2022-09-01T23:00:00.0;0.037832839589785866
2022-09-02T00:00:00.0;0.03636667352829659
2022-09-02T01:00:00.0;0.03484061157292303
2022-09-02T02:00:00.0;0.03349648428292737
2022-09-02T03:00:00.0;0.032245347038323234
2022-09-02T04:00:00.0;0.031406169642644616
2022-09-02T05:00:00.0;0.03151444829888292
2022-09-02T06:00:00.0;0.031512449290929556
2022-09-02T07:00:00.0;0.03040163474401592
2022-09-02T08:00:00.0;0.028046502061000008
2022-09-02T09:00:00.0;0.02516023842310585
2022-09-02T10:00:00.0;0.023702478721761146
2022-09-02T11:00:00.0;0.022545433656070205
2022-09-02T12:00:00.0;0.022383825794597956
2022-09-02T13:00:00.0;0.02265203725515982
2022-09-02T14:00:00.0;0.02446486886347084
2022-09-02T15:00:00.0;0.026862706383968177
2022-09-02T16:00:00.0;0.030590520141116913
2022-09-02T17:00:00.0;0.033511291126760635
2022-09-02T18:00:00.0;0.03718095703588159
2022-09-02T19:00:00.0;0.039248939760340364
2022-09-02T20:00:00.0;0.04094991254108985
2022-09-02T21:00:00.0;0.040473198090479764
2022-09-02T22:00:00.0;0.03939126669462365
2022-09-02T23:00:00.0;0.03753249213023293
2022-09-03T00:00:00.0;0.03630010427753878
2022-09-03T01:00:00.0;0.034781593125794964
2022-09-03T02:00:00.0;0.03337145061695165
2022-09-03T03:00:00.0;0.03195040888756644
2022-09-03T04:00:00.0;0.030802045337401752
2022-09-03T05:00:00.0;0.030252845431877576
2022-09-03T06:00:00.0;0.029577377491044908
2022-09-03T07:00:00.0;0.02845121597749463
2022-09-03T08:00:00.0;0.026548125797621506
2022-09-03T09:00:00.0;0.023500334902157364
2022-09-03T10:00:00.0;0.021724067173881607
2022-09-03T11:00:00.0;0.020714399776358576
2022-09-03T12:00:00.0;0.02061551417209789
2022-09-03T13:00:00.0;0.021398076182141023
2022-09-03T14:00:00.0;0.023546976290252354
2022-09-03T15:00:00.0;0.026509678259609485
2022-09-03T16:00:00.0;0.030987119331514597
2022-09-03T17:00:00.0;0.03303405098418124
2022-09-03T18:00:00.0;0.03630566158318905
2022-09-03T19:00:00.0;0.038467871633268605
2022-09-03T20:00:00.0;0.03988453442079264
2022-09-03T21:00:00.0;0.04024748485586013
2022-09-03T22:00:00.0;0.03896940506650515
2022-09-03T23:00:00.0;0.0370477698276572
2022-09-04T00:00:00.0;0.03738366207388089
2022-09-04T01:00:00.0;0.035840468290907
2022-09-04T02:00:00.0;0.034400559046722796
2022-09-04T03:00:00.0;0.03276304165891677
2022-09-04T04:00:00.0;0.03169365694455552
2022-09-04T05:00:00.0;0.030944117904285667
2022-09-04T06:00:00.0;0.030878731177378133
2022-09-04T07:00:00.0;0.029706469051973022
2022-09-04T08:00:00.0;0.02746828167275067
2022-09-04T09:00:00.0;0.024702046877884434
2022-09-04T10:00:00.0;0.022445074617565355
2022-09-04T11:00:00.0;0.02173590084315237
2022-09-04T12:00:00.0;0.02217466754821966
2022-09-04T13:00:00.0;0.023654272142237805
2022-09-04T14:00:00.0;0.025692304347415283
2022-09-04T15:00:00.0;0.027635067611336578
2022-09-04T16:00:00.0;0.03220524030418106
2022-09-04T17:00:00.0;0.03453566679885374
2022-09-04T18:00:00.0;0.037921133331187976
2022-09-04T19:00:00.0;0.04027261642434228
2022-09-04T20:00:00.0;0.04130422229704527
2022-09-04T21:00:00.0;0.04084643290744243
2022-09-04T22:00:00.0;0.039358999998927176
2022-09-04T23:00:00.0;0.037189157058387
2022-09-05T00:00:00.0;0.03691984299918227
2022-09-05T01:00:00.0;0.035387461620175024
2022-09-05T02:00:00.0;0.03397657163347444
2022-09-05T03:00:00.0;0.03247621630668427
2022-09-05T04:00:00.0;0.031450025973742385
2022-09-05T05:00:00.0;0.03091584560249523
2022-09-05T06:00:00.0;0.030772436007265484
2022-09-05T07:00:00.0;0.029630907474459962
2022-09-05T08:00:00.0;0.027433508912396598
2022-09-05T09:00:00.0;0.02465132457622007
2022-09-05T10:00:00.0;0.022758566305778712
2022-09-05T11:00:00.0;0.021897118570165696
2022-09-05T12:00:00.0;0.022109962693118018
2022-09-05T13:00:00.0;0.023165108731101915
2022-09-05T14:00:00.0;0.02518496099176157
2022-09-05T15:00:00.0;0.027369635302652087
2022-09-05T16:00:00.0;0.03166817911383298
2022-09-05T17:00:00.0;0.03406860541470165
2022-09-05T18:00:00.0;0.03748417249689498
2022-09-05T19:00:00.0;0.03976696876995805
2022-09-05T20:00:00.0;0.0410099018563457
2022-09-05T21:00:00.0;0.040686649920777876
2022-09-05T22:00:00.0;0.039345684501142376
2022-09-05T23:00:00.0;0.03730530478860782
2022-09-06T00:00:00.0;0.036346453494241274
2022-09-06T01:00:00.0;0.03482870648029543
2022-09-06T02:00:00.0;0.03346392577130795
2022-09-06T03:00:00.0;0.03202233665281212
2022-09-06T04:00:00.0;0.031224536423898903
2022-09-06T05:00:00.0;0.03093588259494833
2022-09-06T06:00:00.0;0.03189721629645198
2022-09-06T07:00:00.0;0.0306836689876358
2022-09-06T08:00:00.0;0.02726338297848055
2022-09-06T09:00:00.0;0.024528288872745413
2022-09-06T10:00:00.0;0.022768572789336666
2022-09-06T11:00:00.0;0.02210265633967429
2022-09-06T12:00:00.0;0.022442035056675795
2022-09-06T13:00:00.0;0.023327541588834853
2022-09-06T14:00:00.0;0.025385904075369167
2022-09-06T15:00:00.0;0.02709389621557011
2022-09-06T16:00:00.0;0.03133812503379428
2022-09-06T17:00:00.0;0.03427354959832336
2022-09-06T18:00:00.0;0.037984729898867434
2022-09-06T19:00:00.0;0.0398632260365378
2022-09-06T20:00:00.0;0.04058864352820737
2022-09-06T21:00:00.0;0.039712893952339165
2022-09-06T22:00:00.0;0.0383401229330138
2022-09-06T23:00:00.0;0.03651514629203606
2022-09-07T00:00:00.0;0.0362621442506333
2022-09-07T01:00:00.0;0.03479388281975089
2022-09-07T02:00:00.0;0.033431326473152584
2022-09-07T03:00:00.0;0.032016801722769085
2022-09-07T04:00:00.0;0.03115162978295865
2022-09-07T05:00:00.0;0.03056186962542013
2022-09-07T06:00:00.0;0.031187884504693616
2022-09-07T07:00:00.0;0.02991340875416035
2022-09-07T08:00:00.0;0.02679718326636104
2022-09-07T09:00:00.0;0.02441894262894005
2022-09-07T10:00:00.0;0.02338977671274017
2022-09-07T11:00:00.0;0.022782214585353868
2022-09-07T12:00:00.0;0.02319805362523813
2022-09-07T13:00:00.0;0.024069051829055083
2022-09-07T14:00:00.0;0.026252237135299474
2022-09-07T15:00:00.0;0.02774034037284041
2022-09-07T16:00:00.0;0.031621184924086
2022-09-07T17:00:00.0;0.03397432967787344
2022-09-07T18:00:00.0;0.03760509741946944
2022-09-07T19:00:00.0;0.04004069104040303
2022-09-07T20:00:00.0;0.04091418635919883
2022-09-07T21:00:00.0;0.04022743815779079
2022-09-07T22:00:00.0;0.03891157667072133
2022-09-07T23:00:00.0;0.03705983732665001
2022-09-08T00:00:00.0;0.03672437979332813
2022-09-08T01:00:00.0;0.03524567197458275
2022-09-08T02:00:00.0;0.033872699969321136
2022-09-08T03:00:00.0;0.03252242950810881
2022-09-08T04:00:00.0;0.03158841903869276
2022-09-08T05:00:00.0;0.03108286301502237
2022-09-08T06:00:00.0;0.03131316607300588
2022-09-08T07:00:00.0;0.03033665289286084
2022-09-08T08:00:00.0;0.027991273742342795
2022-09-08T09:00:00.0;0.02572964771265589
2022-09-08T10:00:00.0;0.02495102232434077
2022-09-08T11:00:00.0;0.024166593311376338
2022-09-08T12:00:00.0;0.024326113448792073
2022-09-08T13:00:00.0;0.024874232343167966
2022-09-08T14:00:00.0;0.026814395725696976
2022-09-08T15:00:00.0;0.02851625392133
2022-09-08T16:00:00.0;0.03203941685054259
2022-09-08T17:00:00.0;0.0343353358977574
2022-09-08T18:00:00.0;0.03787191497495915
2022-09-08T19:00:00.0;0.040435111536180283
2022-09-08T20:00:00.0;0.04163838085017236
2022-09-08T21:00:00.0;0.04115897225566628
2022-09-08T22:00:00.0;0.03989892322654175
2022-09-08T23:00:00.0;0.03801450627886939
2022-09-09T00:00:00.0;0.03715989160885747
2022-09-09T01:00:00.0;0.035598121436082646
2022-09-09T02:00:00.0;0.03421536935513208
2022-09-09T03:00:00.0;0.03292595847230828
2022-09-09T04:00:00.0;0.0320165409865705
2022-09-09T05:00:00.0;0.03207133514801044
2022-09-09T06:00:00.0;0.03235863965085063
2022-09-09T07:00:00.0;0.03181164016077557
2022-09-09T08:00:00.0;0.02984407273521899
2022-09-09T09:00:00.0;0.027172024896768714
2022-09-09T10:00:00.0;0.025665783321811905
2022-09-09T11:00:00.0;0.0245755455972835
2022-09-09T12:00:00.0;0.024284705250466682
2022-09-09T13:00:00.0;0.02440726486456045
2022-09-09T14:00:00.0;0.025928689163005447
2022-09-09T15:00:00.0;0.028291536673554513
2022-09-09T16:00:00.0;0.03194671682960884
2022-09-09T17:00:00.0;0.0350390506295765
2022-09-09T18:00:00.0;0.03856737759001813
2022-09-09T19:00:00.0;0.04038695807357804
2022-09-09T20:00:00.0;0.041723709476550866
2022-09-09T21:00:00.0;0.04127305918911906
2022-09-09T22:00:00.0;0.040020016105846476
2022-09-09T23:00:00.0;0.03819334449800216
2022-09-10T00:00:00.0;0.03564814799267683
2022-09-10T01:00:00.0;0.03415607008774172
2022-09-10T02:00:00.0;0.032787836867805224
2022-09-10T03:00:00.0;0.03151223468275147
2022-09-10T04:00:00.0;0.03044439424441752
2022-09-10T05:00:00.0;0.02988149210780931
2022-09-10T06:00:00.0;0.029496859172357684
2022-09-10T07:00:00.0;0.02832930837276182
2022-09-10T08:00:00.0;0.026064084995656656
2022-09-10T09:00:00.0;0.023445062323827537
2022-09-10T10:00:00.0;0.02262685064780593
2022-09-10T11:00:00.0;0.02171255221368234
2022-09-10T12:00:00.0;0.021622437446986345
2022-09-10T13:00:00.0;0.02193235554221451
2022-09-10T14:00:00.0;0.024246519836231682
2022-09-10T15:00:00.0;0.026813572456511253
2022-09-10T16:00:00.0;0.0307579292875522
2022-09-10T17:00:00.0;0.03271865017847889
2022-09-10T18:00:00.0;0.03604126370442131
2022-09-10T19:00:00.0;0.03831166169417568
2022-09-10T20:00:00.0;0.03962709099444989
2022-09-10T21:00:00.0;0.04005082985900343
2022-09-10T22:00:00.0;0.03889420441004535
2022-09-10T23:00:00.0;0.03717499135936051
2022-09-11T00:00:00.0;0.036588041277515304
2022-09-11T01:00:00.0;0.03507962239422699
2022-09-11T02:00:00.0;0.033686232097385554
2022-09-11T03:00:00.0;0.032144265582784576
2022-09-11T04:00:00.0;0.03126128763542533
2022-09-11T05:00:00.0;0.03057699873101876
2022-09-11T06:00:00.0;0.03146487411859307
2022-09-11T07:00:00.0;0.030244047309875167
2022-09-11T08:00:00.0;0.026975118034675772
2022-09-11T09:00:00.0;0.024504686015367805
2022-09-11T10:00:00.0;0.022854844036458804
2022-09-11T11:00:00.0;0.022354617016701973
2022-09-11T12:00:00.0;0.022924844734911073
2022-09-11T13:00:00.0;0.02416047869963632
2022-09-11T14:00:00.0;0.02635311836358883
2022-09-11T15:00:00.0;0.027769569944044833
2022-09-11T16:00:00.0;0.03207195552153069
2022-09-11T17:00:00.0;0.03464711151474892
2022-09-11T18:00:00.0;0.03819965293566141
2022-09-11T19:00:00.0;0.04036390354383953
2022-09-11T20:00:00.0;0.040877232836625615
2022-09-11T21:00:00.0;0.04004211297914585
2022-09-11T22:00:00.0;0.03858668410391552
2022-09-11T23:00:00.0;0.03668322254305287
2022-09-12T00:00:00.0;0.036854000453493185
2022-09-12T01:00:00.0;0.035343836515532065
2022-09-12T02:00:00.0;0.03394534790099427
2022-09-12T03:00:00.0;0.03251199672710501
2022-09-12T04:00:00.0;0.03151822907069591
2022-09-12T05:00:00.0;0.030905208623943907
2022-09-12T06:00:00.0;0.030900739512051596
2022-09-12T07:00:00.0;0.029862420959802443
2022-09-12T08:00:00.0;0.027732033017269588
2022-09-12T09:00:00.0;0.02535763231929885
2022-09-12T10:00:00.0;0.02412484967045335
2022-09-12T11:00:00.0;0.0233043769737158
2022-09-12T12:00:00.0;0.023543496367578694
2022-09-12T13:00:00.0;0.02440083741987686
2022-09-12T14:00:00.0;0.026423651056537024
2022-09-12T15:00:00.0;0.028269881484874727
2022-09-12T16:00:00.0;0.03210013493528068
2022-09-12T17:00:00.0;0.0344010244258385
2022-09-12T18:00:00.0;0.03778384397958287
2022-09-12T19:00:00.0;0.04029777581411226
2022-09-12T20:00:00.0;0.04149959646876828
2022-09-12T21:00:00.0;0.04109068915486656
2022-09-12T22:00:00.0;0.03982090390566765
2022-09-12T23:00:00.0;0.037850599950988446
2022-09-13T00:00:00.0;0.036814929288968685
2022-09-13T01:00:00.0;0.035299281864944784
2022-09-13T02:00:00.0;0.0339011230773202
2022-09-13T03:00:00.0;0.0323991677615446
2022-09-13T04:00:00.0;0.031488241468571904
2022-09-13T05:00:00.0;0.030851901721339885
2022-09-13T06:00:00.0;0.03159090937883518
2022-09-13T07:00:00.0;0.030553649178232677
2022-09-13T08:00:00.0;0.027670209956347013
2022-09-13T09:00:00.0;0.02529783892978776
2022-09-13T10:00:00.0;0.023815717348841275
2022-09-13T11:00:00.0;0.023228126668608393
2022-09-13T12:00:00.0;0.02366311774616906
2022-09-13T13:00:00.0;0.024704796873542316
2022-09-13T14:00:00.0;0.02676776874582626
2022-09-13T15:00:00.0;0.028267725305094728
2022-09-13T16:00:00.0;0.03235260766761944
2022-09-13T17:00:00.0;0.03493120770192367
2022-09-13T18:00:00.0;0.0384249730437422
2022-09-13T19:00:00.0;0.04063215941185887
2022-09-13T20:00:00.0;0.04127857328441942
2022-09-13T21:00:00.0;0.040531193026537266
2022-09-13T22:00:00.0;0.039109020796196305
2022-09-13T23:00:00.0;0.03720714165923128
2022-09-14T00:00:00.0;0.03635039663830222
2022-09-14T01:00:00.0;0.034852832397016385
2022-09-14T02:00:00.0;0.033482662008183506
2022-09-14T03:00:00.0;0.032094516508601574
2022-09-14T04:00:00.0;0.0311871637732859
2022-09-14T05:00:00.0;0.030568031012078133
2022-09-14T06:00:00.0;0.030967940404797414
2022-09-14T07:00:00.0;0.029777731391414732
2022-09-14T08:00:00.0;0.027034691232626813
2022-09-14T09:00:00.0;0.02481177490660926
2022-09-14T10:00:00.0;0.023915218055056867
2022-09-14T11:00:00.0;0.023239979131809523
2022-09-14T12:00:00.0;0.023601357139511427
2022-09-14T13:00:00.0;0.024332873609026872
2022-09-14T14:00:00.0;0.026528503622741346
2022-09-14T15:00:00.0;0.02803514057963993
2022-09-14T16:00:00.0;0.03176368788088181
2022-09-14T17:00:00.0;0.03411743957298659
2022-09-14T18:00:00.0;0.03760603427831816
2022-09-14T19:00:00.0;0.040061203522386964
2022-09-14T20:00:00.0;0.04103637939192149
2022-09-14T21:00:00.0;0.04053423236894582
2022-09-14T22:00:00.0;0.039284011470915856
2022-09-14T23:00:00.0;0.03743523520699422
2022-09-15T00:00:00.0;0.037538808650787896
2022-09-15T01:00:00.0;0.03598073864911109
2022-09-15T02:00:00.0;0.03458747175220267
2022-09-15T03:00:00.0;0.03330581508011472
2022-09-15T04:00:00.0;0.03237044697005798
2022-09-15T05:00:00.0;0.0322980104812745
2022-09-15T06:00:00.0;0.03256299915073719
2022-09-15T07:00:00.0;0.032209446352250204
2022-09-15T08:00:00.0;0.0306073896480147
2022-09-15T09:00:00.0;0.028296974326460816
2022-09-15T10:00:00.0;0.027187473845002877
2022-09-15T11:00:00.0;0.026123221773525104
2022-09-15T12:00:00.0;0.025855723065463444
2022-09-15T13:00:00.0;0.02591003493774163
2022-09-15T14:00:00.0;0.027340739830566993
2022-09-15T15:00:00.0;0.029427222225157132
2022-09-15T16:00:00.0;0.032723890539168736
2022-09-15T17:00:00.0;0.035702825328246236
2022-09-15T18:00:00.0;0.03914120737758205
2022-09-15T19:00:00.0;0.041205634183574535
2022-09-15T20:00:00.0;0.042540137804998775
2022-09-15T21:00:00.0;0.042042612999352365
2022-09-15T22:00:00.0;0.0407967626469279
2022-09-15T23:00:00.0;0.03894542606464395
2022-09-16T00:00:00.0;0.03786780454930794
2022-09-16T01:00:00.0;0.03620786754732628
2022-09-16T02:00:00.0;0.03479682595437015
2022-09-16T03:00:00.0;0.03345790704161774
2022-09-16T04:00:00.0;0.032599332354231424
2022-09-16T05:00:00.0;0.03303182980489613
2022-09-16T06:00:00.0;0.03380039241800392
2022-09-16T07:00:00.0;0.03368423977756504
2022-09-16T08:00:00.0;0.0317933120237205
2022-09-16T09:00:00.0;0.028878565329931587
2022-09-16T10:00:00.0;0.026425438631421834
2022-09-16T11:00:00.0;0.025226128663685683
2022-09-16T12:00:00.0;0.02476548044815332
2022-09-16T13:00:00.0;0.02482480632753256
2022-09-16T14:00:00.0;0.02598285938835145
2022-09-16T15:00:00.0;0.02855677409832898
2022-09-16T16:00:00.0;0.032502458370150235
2022-09-16T17:00:00.0;0.036512835124878
2022-09-16T18:00:00.0;0.040002673542595846
2022-09-16T19:00:00.0;0.04104027607061472
2022-09-16T20:00:00.0;0.0421015855199961
2022-09-16T21:00:00.0;0.04136193148419321
2022-09-16T22:00:00.0;0.040001156552677754
2022-09-16T23:00:00.0;0.03819046932289957
2022-09-17T00:00:00.0;0.0348383585972721
2022-09-17T01:00:00.0;0.03322419750104684
2022-09-17T02:00:00.0;0.03176905520243809
2022-09-17T03:00:00.0;0.030333551808497696
2022-09-17T04:00:00.0;0.029069414432013645
2022-09-17T05:00:00.0;0.028360579551619976
2022-09-17T06:00:00.0;0.028361316528189847
2022-09-17T07:00:00.0;0.027671137893858253
2022-09-17T08:00:00.0;0.025226312760749877
2022-09-17T09:00:00.0;0.021863707564608315
2022-09-17T10:00:00.0;0.019337041019290575
2022-09-17T11:00:00.0;0.01838239995558493
2022-09-17T12:00:00.0;0.018019837159245024
2022-09-17T13:00:00.0;0.018726011153902763
2022-09-17T14:00:00.0;0.021344345380313358
2022-09-17T15:00:00.0;0.025424730710834165
2022-09-17T16:00:00.0;0.031028630728267666
2022-09-17T17:00:00.0;0.0335201627983399
2022-09-17T18:00:00.0;0.036147359528103155
2022-09-17T19:00:00.0;0.03676558186631882
2022-09-17T20:00:00.0;0.036845099949146046
2022-09-17T21:00:00.0;0.03796997080900855
2022-09-17T22:00:00.0;0.03660018327583253
2022-09-17T23:00:00.0;0.035232587514190825
2022-09-18T00:00:00.0;0.03745663910240119
2022-09-18T01:00:00.0;0.03577286238617551
2022-09-18T02:00:00.0;0.034309781760587306
2022-09-18T03:00:00.0;0.03291334723503162
2022-09-18T04:00:00.0;0.03185240347486896
2022-09-18T05:00:00.0;0.03174903546656696
2022-09-18T06:00:00.0;0.032377682660217455
2022-09-18T07:00:00.0;0.03253508441506001
2022-09-18T08:00:00.0;0.031022753473699156
2022-09-18T09:00:00.0;0.02836347918500958
2022-09-18T10:00:00.0;0.026029867919928826
2022-09-18T11:00:00.0;0.024928763972949637
2022-09-18T12:00:00.0;0.02446309127047008
2022-09-18T13:00:00.0;0.024676365928469664
2022-09-18T14:00:00.0;0.0261704493874363
2022-09-18T15:00:00.0;0.02909801558146183
2022-09-18T16:00:00.0;0.033374933676157396
2022-09-18T17:00:00.0;0.036978452320203886
2022-09-18T18:00:00.0;0.03990536432207837
2022-09-18T19:00:00.0;0.04074217883832271
2022-09-18T20:00:00.0;0.04120530219438416
2022-09-18T21:00:00.0;0.04109744014223842
2022-09-18T22:00:00.0;0.03968833144662557
2022-09-18T23:00:00.0;0.03804972345203568
2022-09-19T00:00:00.0;0.03693068295953638
2022-09-19T01:00:00.0;0.03529292064509813
2022-09-19T02:00:00.0;0.03387878599210168
2022-09-19T03:00:00.0;0.03250617310206153
2022-09-19T04:00:00.0;0.031568455569916685
2022-09-19T05:00:00.0;0.03170061014423108
2022-09-19T06:00:00.0;0.0323136318500161
2022-09-19T07:00:00.0;0.031909773921483656
2022-09-19T08:00:00.0;0.029662862531794617
2022-09-19T09:00:00.0;0.026581745854024893
2022-09-19T10:00:00.0;0.02408172853697446
2022-09-19T11:00:00.0;0.022979613017807956
2022-09-19T12:00:00.0;0.02261718841762542
2022-09-19T13:00:00.0;0.022925775612994966
2022-09-19T14:00:00.0;0.02453132041990477
2022-09-19T15:00:00.0;0.027428274135709144
2022-09-19T16:00:00.0;0.03186458365380727
2022-09-19T17:00:00.0;0.03545794946644145
2022-09-19T18:00:00.0;0.03878742584275984
2022-09-19T19:00:00.0;0.039753323055422195
2022-09-19T20:00:00.0;0.04056165273654463
2022-09-19T21:00:00.0;0.040240857029848094
2022-09-19T22:00:00.0;0.03888132800705934
2022-09-19T23:00:00.0;0.03717596489841892
2022-09-20T00:00:00.0;0.03679912755769649
2022-09-20T01:00:00.0;0.03519945776659235
2022-09-20T02:00:00.0;0.03379565174060553
2022-09-20T03:00:00.0;0.03224497065589434
2022-09-20T04:00:00.0;0.031370810798488316
2022-09-20T05:00:00.0;0.030809974927510805
2022-09-20T06:00:00.0;0.03186821722308539
2022-09-20T07:00:00.0;0.030760043989178528
2022-09-20T08:00:00.0;0.02748604571830515
2022-09-20T09:00:00.0;0.025063022480851085
2022-09-20T10:00:00.0;0.023072088727473482
2022-09-20T11:00:00.0;0.022578214124405693
2022-09-20T12:00:00.0;0.02313837682968943
2022-09-20T13:00:00.0;0.024195489196480985
2022-09-20T14:00:00.0;0.026380900358280095
2022-09-20T15:00:00.0;0.02769921410062133
2022-09-20T16:00:00.0;0.032100270122744134
2022-09-20T17:00:00.0;0.03516071123133786
2022-09-20T18:00:00.0;0.03862367088624856
2022-09-20T19:00:00.0;0.040328925185833836
2022-09-20T20:00:00.0;0.04067354701235924
2022-09-20T21:00:00.0;0.039928012509428214
2022-09-20T22:00:00.0;0.038454513316528216
2022-09-20T23:00:00.0;0.0365889252356233
2022-09-21T00:00:00.0;0.036686531941823725
2022-09-21T01:00:00.0;0.03512990103551386
2022-09-21T02:00:00.0;0.03371457428149384
2022-09-21T03:00:00.0;0.03206279712379222
2022-09-21T04:00:00.0;0.031232799935367348
2022-09-21T05:00:00.0;0.03049391762716862
2022-09-21T06:00:00.0;0.03206674584310308
2022-09-21T07:00:00.0;0.03094178305260056
2022-09-21T08:00:00.0;0.027168410829444625
2022-09-21T09:00:00.0;0.02470914809378175
2022-09-21T10:00:00.0;0.022494348101664098
2022-09-21T11:00:00.0;0.022164973867524553
2022-09-21T12:00:00.0;0.02294219018493357
2022-09-21T13:00:00.0;0.024495111541598745
2022-09-21T14:00:00.0;0.02674241696818378
2022-09-21T15:00:00.0;0.027915816377560354
2022-09-21T16:00:00.0;0.032615054421019425
2022-09-21T17:00:00.0;0.035646634928177594
2022-09-21T18:00:00.0;0.03912368128473399
2022-09-21T19:00:00.0;0.040816528624402444
2022-09-21T20:00:00.0;0.040691506438730526
2022-09-21T21:00:00.0;0.03952912123669508
2022-09-21T22:00:00.0;0.03794038183077151
2022-09-21T23:00:00.0;0.03609120501985413
2022-09-22T00:00:00.0;0.03652531850037177
2022-09-22T01:00:00.0;0.0349835757112261
2022-09-22T02:00:00.0;0.033581901729883734
2022-09-22T03:00:00.0;0.032017411498042395
2022-09-22T04:00:00.0;0.031179567312245863
2022-09-22T05:00:00.0;0.030490094520038286
2022-09-22T06:00:00.0;0.03179139982031084
2022-09-22T07:00:00.0;0.03068683639786471
2022-09-22T08:00:00.0;0.027210018796743275
2022-09-22T09:00:00.0;0.0248550825645196
2022-09-22T10:00:00.0;0.023046062811772877
2022-09-22T11:00:00.0;0.022598609905080842
2022-09-22T12:00:00.0;0.023245576615294705
2022-09-22T13:00:00.0;0.02454657073284844
2022-09-22T14:00:00.0;0.026780026596194238
2022-09-22T15:00:00.0;0.02805573591464602
2022-09-22T16:00:00.0;0.03244249680846676
2022-09-22T17:00:00.0;0.03534250160241917
2022-09-22T18:00:00.0;0.03878983091637655
2022-09-22T19:00:00.0;0.040660969730070634
2022-09-22T20:00:00.0;0.040808775165930206
2022-09-22T21:00:00.0;0.03979167463820717
2022-09-22T22:00:00.0;0.03832481189485087
2022-09-22T23:00:00.0;0.03650645191017605
2022-09-23T00:00:00.0;0.03704341586379233
2022-09-23T01:00:00.0;0.03542194928415672
2022-09-23T02:00:00.0;0.03401211944823386
2022-09-23T03:00:00.0;0.03253488771142143
2022-09-23T04:00:00.0;0.031501593976304476
2022-09-23T05:00:00.0;0.03072192046653911
2022-09-23T06:00:00.0;0.030888134480305654
2022-09-23T07:00:00.0;0.029783833835026148
2022-09-23T08:00:00.0;0.027434823696761867
2022-09-23T09:00:00.0;0.025426007940318778
2022-09-23T10:00:00.0;0.024180271499470052
2022-09-23T11:00:00.0;0.023617864143244228
2022-09-23T12:00:00.0;0.024088528600589004
2022-09-23T13:00:00.0;0.024750619251373535
2022-09-23T14:00:00.0;0.02702100151251946
2022-09-23T15:00:00.0;0.02824735509832869
2022-09-23T16:00:00.0;0.03213374104922948
2022-09-23T17:00:00.0;0.03465955644210111
2022-09-23T18:00:00.0;0.03793010233175732
2022-09-23T19:00:00.0;0.0401286240947582
2022-09-23T20:00:00.0;0.04098382892077697
2022-09-23T21:00:00.0;0.04092298634541344
2022-09-23T22:00:00.0;0.03956814158753109
2022-09-23T23:00:00.0;0.03762279550767056
2022-09-24T00:00:00.0;0.0372293781121966
2022-09-24T01:00:00.0;0.035509544010431764
2022-09-24T02:00:00.0;0.0341262409046808
2022-09-24T03:00:00.0;0.032846678033628424
2022-09-24T04:00:00.0;0.031839023682880954
2022-09-24T05:00:00.0;0.03165750515604027
2022-09-24T06:00:00.0;0.03144276523711265
2022-09-24T07:00:00.0;0.030547874201779204
2022-09-24T08:00:00.0;0.028762858121259574
2022-09-24T09:00:00.0;0.026666547111690968
2022-09-24T10:00:00.0;0.025470652724564977
2022-09-24T11:00:00.0;0.024569088887303574
2022-09-24T12:00:00.0;0.024560869771986616
2022-09-24T13:00:00.0;0.02425993758243798
2022-09-24T14:00:00.0;0.026257540976439984
2022-09-24T15:00:00.0;0.0278333902254854
2022-09-24T16:00:00.0;0.03128907800070267
2022-09-24T17:00:00.0;0.034419091739406334
2022-09-24T18:00:00.0;0.037735151199312054
2022-09-24T19:00:00.0;0.0394985061649547
2022-09-24T20:00:00.0;0.0409507818316343
2022-09-24T21:00:00.0;0.04130013020063015
2022-09-24T22:00:00.0;0.04012999494279023
2022-09-24T23:00:00.0;0.038254751279181855
2022-09-25T00:00:00.0;0.03667418450923772
2022-09-25T01:00:00.0;0.03508852475427259
2022-09-25T02:00:00.0;0.03364110917409064
2022-09-25T03:00:00.0;0.0320287978379252
2022-09-25T04:00:00.0;0.030985986628519306
2022-09-25T05:00:00.0;0.03018978813525361
2022-09-25T06:00:00.0;0.030701853674698614
2022-09-25T07:00:00.0;0.029740643420395747
2022-09-25T08:00:00.0;0.02711771251350716
2022-09-25T09:00:00.0;0.02445882622074468
2022-09-25T10:00:00.0;0.02213080223803107
2022-09-25T11:00:00.0;0.021475961429782524
2022-09-25T12:00:00.0;0.021884235096150253
2022-09-25T13:00:00.0;0.023273182585065104
2022-09-25T14:00:00.0;0.025526667387162846
2022-09-25T15:00:00.0;0.02762827368925332
2022-09-25T16:00:00.0;0.03243600206266971
2022-09-25T17:00:00.0;0.03512372140621754
2022-09-25T18:00:00.0;0.03823500348657768
2022-09-25T19:00:00.0;0.039948253022431796
2022-09-25T20:00:00.0;0.040297699608865784
2022-09-25T21:00:00.0;0.03992211871924688
2022-09-25T22:00:00.0;0.03845517335093065
2022-09-25T23:00:00.0;0.03657628479910981
2022-09-26T00:00:00.0;0.03865807626639337
2022-09-26T01:00:00.0;0.03695574384293041
2022-09-26T02:00:00.0;0.03550953752726461
2022-09-26T03:00:00.0;0.03415081367011433
2022-09-26T04:00:00.0;0.03324874181005053
2022-09-26T05:00:00.0;0.03359291979671989
2022-09-26T06:00:00.0;0.034525599096448506
2022-09-26T07:00:00.0;0.034915348508902426
2022-09-26T08:00:00.0;0.03362874970487904
2022-09-26T09:00:00.0;0.031151316289264624
2022-09-26T10:00:00.0;0.028848600441776517
2022-09-26T11:00:00.0;0.02765133273160546
2022-09-26T12:00:00.0;0.027146515639005168
2022-09-26T13:00:00.0;0.027104143187074905
2022-09-26T14:00:00.0;0.028020940912847125
2022-09-26T15:00:00.0;0.03035305496524871
2022-09-26T16:00:00.0;0.033973766061426984
2022-09-26T17:00:00.0;0.038176955655185314
2022-09-26T18:00:00.0;0.04144002163125216
2022-09-26T19:00:00.0;0.042441234070315845
2022-09-26T20:00:00.0;0.04328750946181776
2022-09-26T21:00:00.0;0.042445263290488554
2022-09-26T22:00:00.0;0.04103909931377688
2022-09-26T23:00:00.0;0.03922626317287253
2022-09-27T00:00:00.0;0.03721613154957254
2022-09-27T01:00:00.0;0.03557552361584056
2022-09-27T02:00:00.0;0.034144602461292105
2022-09-27T03:00:00.0;0.032687052251149845
2022-09-27T04:00:00.0;0.031771555624925445
2022-09-27T05:00:00.0;0.03164116106289436
2022-09-27T06:00:00.0;0.03270232394369405
2022-09-27T07:00:00.0;0.03237107663535015
2022-09-27T08:00:00.0;0.029920349721504355
2022-09-27T09:00:00.0;0.027225121027255987
2022-09-27T10:00:00.0;0.024849089100691498
2022-09-27T11:00:00.0;0.02397227126188157
2022-09-27T12:00:00.0;0.02390194683490168
2022-09-27T13:00:00.0;0.02448924700779935
2022-09-27T14:00:00.0;0.02615240346150146
2022-09-27T15:00:00.0;0.0284447779324608
2022-09-27T16:00:00.0;0.03281413578051193
2022-09-27T17:00:00.0;0.036420312161757715
2022-09-27T18:00:00.0;0.03968023687240449
2022-09-27T19:00:00.0;0.040750757899498856
2022-09-27T20:00:00.0;0.04112394774351496
2022-09-27T21:00:00.0;0.04048768806876288
2022-09-27T22:00:00.0;0.03903589156852916
2022-09-27T23:00:00.0;0.037315263662164484
2022-09-28T00:00:00.0;0.0365496442174484
2022-09-28T01:00:00.0;0.03497548297017997
2022-09-28T02:00:00.0;0.03355995184889988
2022-09-28T03:00:00.0;0.03188932034148589
2022-09-28T04:00:00.0;0.03112121209868234
2022-09-28T05:00:00.0;0.030378143281250863
2022-09-28T06:00:00.0;0.03243554331180526
2022-09-28T07:00:00.0;0.031366111053539245
2022-09-28T08:00:00.0;0.027210641862472337
2022-09-28T09:00:00.0;0.024845892401327885
2022-09-28T10:00:00.0;0.02253977318388411
2022-09-28T11:00:00.0;0.02230901795406482
2022-09-28T12:00:00.0;0.02318855396215299
2022-09-28T13:00:00.0;0.02480172802479318
2022-09-28T14:00:00.0;0.027104258743795902
2022-09-28T15:00:00.0;0.028074484001012034
2022-09-28T16:00:00.0;0.032856586044473876
2022-09-28T17:00:00.0;0.03615882124075844
2022-09-28T18:00:00.0;0.0396102688946699
2022-09-28T19:00:00.0;0.04104961108771596
2022-09-28T20:00:00.0;0.04054518043462758
2022-09-28T21:00:00.0;0.03917038619251994
2022-09-28T22:00:00.0;0.03754932279544373
2022-09-28T23:00:00.0;0.03579012718925259
2022-09-29T00:00:00.0;0.03653238228220581
2022-09-29T01:00:00.0;0.03496391558481951
2022-09-29T02:00:00.0;0.033551228789686534
2022-09-29T03:00:00.0;0.031894254387028226
2022-09-29T04:00:00.0;0.03112127758459439
2022-09-29T05:00:00.0;0.030385167587860484
2022-09-29T06:00:00.0;0.03236934070110723
2022-09-29T07:00:00.0;0.03128925929317214
2022-09-29T08:00:00.0;0.02718689684839385
2022-09-29T09:00:00.0;0.024823776197034676
2022-09-29T10:00:00.0;0.022588105811948006
2022-09-29T11:00:00.0;0.022338359830254666
2022-09-29T12:00:00.0;0.02319432928516742
2022-09-29T13:00:00.0;0.02476823066235454
2022-09-29T14:00:00.0;0.027065456643244765
2022-09-29T15:00:00.0;0.02806064837165837
2022-09-29T16:00:00.0;0.03279387396005175
2022-09-29T17:00:00.0;0.036045610965576624
2022-09-29T18:00:00.0;0.039506036060027276
2022-09-29T19:00:00.0;0.04099838211636767
2022-09-29T20:00:00.0;0.04056454935066791
2022-09-29T21:00:00.0;0.039225365414752064
2022-09-29T22:00:00.0;0.03762057429110326
2022-09-29T23:00:00.0;0.035857256251000905
2022-09-30T00:00:00.0;0.03745621244632571
2022-09-30T01:00:00.0;0.03586137520471221
2022-09-30T02:00:00.0;0.03441652702331725
2022-09-30T03:00:00.0;0.03300044551988386
2022-09-30T04:00:00.0;0.03188114966449029
2022-09-30T05:00:00.0;0.03129951511044316
2022-09-30T06:00:00.0;0.030686332772892302
2022-09-30T07:00:00.0;0.030101718487430474
2022-09-30T08:00:00.0;0.02928895023543492
2022-09-30T09:00:00.0;0.027085031078956396
2022-09-30T10:00:00.0;0.025655686669189992
2022-09-30T11:00:00.0;0.02450119695430105
2022-09-30T12:00:00.0;0.024474376866289962
2022-09-30T13:00:00.0;0.025189619293384424
2022-09-30T14:00:00.0;0.02702156093497133
2022-09-30T15:00:00.0;0.029309067749069946
2022-09-30T16:00:00.0;0.032951365123858725
2022-09-30T17:00:00.0;0.03547379280332692
2022-09-30T18:00:00.0;0.038394464026831124
2022-09-30T19:00:00.0;0.040796574506705104
2022-09-30T20:00:00.0;0.04226640427250638
2022-09-30T21:00:00.0;0.04213886276874504
2022-09-30T22:00:00.0;0.04101405087907284
2022-09-30T23:00:00.0;0.038998566705583194
2022-10-01T00:00:00.0;0.035709820382600205
2022-10-01T01:00:00.0;0.034080028662755765
2022-10-01T02:00:00.0;0.032633798836271995
2022-10-01T03:00:00.0;0.03122244052534053
2022-10-01T04:00:00.0;0.03006289679423503
2022-10-01T05:00:00.0;0.029651165342418
2022-10-01T06:00:00.0;0.029869852292053755
2022-10-01T07:00:00.0;0.02937359956522681
2022-10-01T08:00:00.0;0.027125293554006488
2022-10-01T09:00:00.0;0.023917435630077866
2022-10-01T10:00:00.0;0.021422534982997097
2022-10-01T11:00:00.0;0.02040283765314518
2022-10-01T12:00:00.0;0.02001055667943679
2022-10-01T13:00:00.0;0.0205360768991341
2022-10-01T14:00:00.0;0.02274563572764988
2022-10-01T15:00:00.0;0.026404888839009696
2022-10-01T16:00:00.0;0.0315404805140685
2022-10-01T17:00:00.0;0.03445248215279357
2022-10-01T18:00:00.0;0.037291296278150976
2022-10-01T19:00:00.0;0.038018370279904824
2022-10-01T20:00:00.0;0.03834221667350094
2022-10-01T21:00:00.0;0.038961765308216614
2022-10-01T22:00:00.0;0.03759071005980112
2022-10-01T23:00:00.0;0.036104825614341814
2022-10-02T00:00:00.0;0.03554459839394076
2022-10-02T01:00:00.0;0.03391690612474735
2022-10-02T02:00:00.0;0.032485462526258564
2022-10-02T03:00:00.0;0.03104753683745637
2022-10-02T04:00:00.0;0.02997946523485787
2022-10-02T05:00:00.0;0.029577340819989688
2022-10-02T06:00:00.0;0.029963376571988373
2022-10-02T07:00:00.0;0.02920015582719839
2022-10-02T08:00:00.0;0.026591916777082693
2022-10-02T09:00:00.0;0.02341941675319502
2022-10-02T10:00:00.0;0.02084062201227236
2022-10-02T11:00:00.0;0.01986587364062041
2022-10-02T12:00:00.0;0.019700647312877875
2022-10-02T13:00:00.0;0.02045890253972732
2022-10-02T14:00:00.0;0.02278962405922284
2022-10-02T15:00:00.0;0.026110523576732853
2022-10-02T16:00:00.0;0.031253529050779855
2022-10-02T17:00:00.0;0.034296579583940265
2022-10-02T18:00:00.0;0.0372203248908142
2022-10-02T19:00:00.0;0.03804902451466012
2022-10-02T20:00:00.0;0.03837680185567266
2022-10-02T21:00:00.0;0.03866207458302457
2022-10-02T22:00:00.0;0.037347508810934
2022-10-02T23:00:00.0;0.035815024543673156
2022-10-03T00:00:00.0;0.03673043105231228
2022-10-03T01:00:00.0;0.03511882457441962
2022-10-03T02:00:00.0;0.03369223439682524
2022-10-03T03:00:00.0;0.032042048310392895
2022-10-03T04:00:00.0;0.031213685549214217
2022-10-03T05:00:00.0;0.030454017640367412
2022-10-03T06:00:00.0;0.03218166647785693
2022-10-03T07:00:00.0;0.03119557999312488
2022-10-03T08:00:00.0;0.02751036659083043
2022-10-03T09:00:00.0;0.025261635663524285
2022-10-03T10:00:00.0;0.023016605771545157
2022-10-03T11:00:00.0;0.022696475061204764
2022-10-03T12:00:00.0;0.023500253346031147
2022-10-03T13:00:00.0;0.024966400500957397
2022-10-03T14:00:00.0;0.02726170470106755
2022-10-03T15:00:00.0;0.028300386888265444
2022-10-03T16:00:00.0;0.032956030510412425
2022-10-03T17:00:00.0;0.03625470194885308
2022-10-03T18:00:00.0;0.03955929764487532
2022-10-03T19:00:00.0;0.04101656630568264
2022-10-03T20:00:00.0;0.040681940151826024
2022-10-03T21:00:00.0;0.03955042874039406
2022-10-03T22:00:00.0;0.0379903174944307
2022-10-03T23:00:00.0;0.03620627171004254
2022-10-04T00:00:00.0;0.03850274258991636
2022-10-04T01:00:00.0;0.03684249696126312
2022-10-04T02:00:00.0;0.035345428633676686
2022-10-04T03:00:00.0;0.03377803420076299
2022-10-04T04:00:00.0;0.032624347823535314
2022-10-04T05:00:00.0;0.03201943143717134
2022-10-04T06:00:00.0;0.03194804300572615
2022-10-04T07:00:00.0;0.03181753777569976
2022-10-04T08:00:00.0;0.031058706311372968
2022-10-04T09:00:00.0;0.02885482359320892
2022-10-04T10:00:00.0;0.02669629473905624
2022-10-04T11:00:00.0;0.025688339182949802
2022-10-04T12:00:00.0;0.025709475353952755
2022-10-04T13:00:00.0;0.026648526296065785
2022-10-04T14:00:00.0;0.028185615085660268
2022-10-04T15:00:00.0;0.030323187315271845
2022-10-04T16:00:00.0;0.0343007775939424
2022-10-04T17:00:00.0;0.03727919516185396
2022-10-04T18:00:00.0;0.040127105592865586
2022-10-04T19:00:00.0;0.04206525362670026
2022-10-04T20:00:00.0;0.04298175853512571
2022-10-04T21:00:00.0;0.0426035476102701
2022-10-04T22:00:00.0;0.041199180753247175
2022-10-04T23:00:00.0;0.03912538386629083
2022-10-05T00:00:00.0;0.03806820003014467
2022-10-05T01:00:00.0;0.03636096900937897
2022-10-05T02:00:00.0;0.03488500996298454
2022-10-05T03:00:00.0;0.03348707083026183
2022-10-05T04:00:00.0;0.03243832127688943
2022-10-05T05:00:00.0;0.03238518048357363
2022-10-05T06:00:00.0;0.033151944125343114
2022-10-05T07:00:00.0;0.033591450917046496
2022-10-05T08:00:00.0;0.03240554957730763
2022-10-05T09:00:00.0;0.029986259948081313
2022-10-05T10:00:00.0;0.0277287399740433
2022-10-05T11:00:00.0;0.026608985511876803
2022-10-05T12:00:00.0;0.02611483959780817
2022-10-05T13:00:00.0;0.026228822518897594
2022-10-05T14:00:00.0;0.027493305957367938
2022-10-05T15:00:00.0;0.030187316771268194
2022-10-05T16:00:00.0;0.034179703289725076
2022-10-05T17:00:00.0;0.03799490540166567
2022-10-05T18:00:00.0;0.040885096900760455
2022-10-05T19:00:00.0;0.04173852971129723
2022-10-05T20:00:00.0;0.04217995770699376
2022-10-05T21:00:00.0;0.041874822543815214
2022-10-05T22:00:00.0;0.04044525220711179
2022-10-05T23:00:00.0;0.038770139354082696
2022-10-06T00:00:00.0;0.036641325613184825
2022-10-06T01:00:00.0;0.03496692990715816
2022-10-06T02:00:00.0;0.03351959461994749
2022-10-06T03:00:00.0;0.032128393105843416
2022-10-06T04:00:00.0;0.031076965959881343
2022-10-06T05:00:00.0;0.030938746215888553
2022-10-06T06:00:00.0;0.031352383861435865
2022-10-06T07:00:00.0;0.03112031722730724
2022-10-06T08:00:00.0;0.029294973933566833
2022-10-06T09:00:00.0;0.026390884736385654
2022-10-06T10:00:00.0;0.02389280972234186
2022-10-06T11:00:00.0;0.022746739037265085
2022-10-06T12:00:00.0;0.022357031605632183
2022-10-06T13:00:00.0;0.022750889433580244
2022-10-06T14:00:00.0;0.024572895211276466
2022-10-06T15:00:00.0;0.027753699869022673
2022-10-06T16:00:00.0;0.03234412841289528
2022-10-06T17:00:00.0;0.035825876911961256
2022-10-06T18:00:00.0;0.038721640192711314
2022-10-06T19:00:00.0;0.0395276897180661
2022-10-06T20:00:00.0;0.04007270118826063
2022-10-06T21:00:00.0;0.040119995477585685
2022-10-06T22:00:00.0;0.03881985154678104
2022-10-06T23:00:00.0;0.037217896371251676
2022-10-07T00:00:00.0;0.03718053881725426
2022-10-07T01:00:00.0;0.03550209685385199
2022-10-07T02:00:00.0;0.034036778835996165
2022-10-07T03:00:00.0;0.032633259893251276
2022-10-07T04:00:00.0;0.0315410538771368
2022-10-07T05:00:00.0;0.031348406184565844
2022-10-07T06:00:00.0;0.03190845606286783
2022-10-07T07:00:00.0;0.03199994299286102
2022-10-07T08:00:00.0;0.030419573145288273
2022-10-07T09:00:00.0;0.027707244972110516
2022-10-07T10:00:00.0;0.02536192091249615
2022-10-07T11:00:00.0;0.024280600889716654
2022-10-07T12:00:00.0;0.02382457707114256
2022-10-07T13:00:00.0;0.02409424501556674
2022-10-07T14:00:00.0;0.025716083698498877
2022-10-07T15:00:00.0;0.028775175537169122
2022-10-07T16:00:00.0;0.03319911340620735
2022-10-07T17:00:00.0;0.036671972328351635
2022-10-07T18:00:00.0;0.039537514742489704
2022-10-07T19:00:00.0;0.04034167395639892
2022-10-07T20:00:00.0;0.04073330711981477
2022-10-07T21:00:00.0;0.04078072188553467
2022-10-07T22:00:00.0;0.03937261458487281
2022-10-07T23:00:00.0;0.0377700582235958
2022-10-08T00:00:00.0;0.034985065640811115
2022-10-08T01:00:00.0;0.033371582940056994
2022-10-08T02:00:00.0;0.03191466684161156
2022-10-08T03:00:00.0;0.030419325135105525
2022-10-08T04:00:00.0;0.029205449811854363
2022-10-08T05:00:00.0;0.028350627762486227
2022-10-08T06:00:00.0;0.02869211420755349
2022-10-08T07:00:00.0;0.027926639077713988
2022-10-08T08:00:00.0;0.025181395710375257
2022-10-08T09:00:00.0;0.0220634959857229
2022-10-08T10:00:00.0;0.019606208052532704
2022-10-08T11:00:00.0;0.0188253681014477
2022-10-08T12:00:00.0;0.018730269569476876
2022-10-08T13:00:00.0;0.019663197304670806
2022-10-08T14:00:00.0;0.0223519861315033
2022-10-08T15:00:00.0;0.025894207428792983
2022-10-08T16:00:00.0;0.03144387987492613
2022-10-08T17:00:00.0;0.033977683152187625
2022-10-08T18:00:00.0;0.03663615592094717
2022-10-08T19:00:00.0;0.037373311514358826
2022-10-08T20:00:00.0;0.037209010875977715
2022-10-08T21:00:00.0;0.03802515150930929
2022-10-08T22:00:00.0;0.03660570508206938
2022-10-08T23:00:00.0;0.0352022436918182
2022-10-09T00:00:00.0;0.0374709715339117
2022-10-09T01:00:00.0;0.03581382379491944
2022-10-09T02:00:00.0;0.034336292756071196
2022-10-09T03:00:00.0;0.03274654101675021
2022-10-09T04:00:00.0;0.03165433936474125
2022-10-09T05:00:00.0;0.030949055897902616
2022-10-09T06:00:00.0;0.030856199430074095
2022-10-09T07:00:00.0;0.03019373225763121
2022-10-09T08:00:00.0;0.02884988035720121
2022-10-09T09:00:00.0;0.026490146472133286
2022-10-09T10:00:00.0;0.024115322910478666
2022-10-09T11:00:00.0;0.023121311618072397
2022-10-09T12:00:00.0;0.023400191257998356
2022-10-09T13:00:00.0;0.02471496504072487
2022-10-09T14:00:00.0;0.026728255529559396
2022-10-09T15:00:00.0;0.028883622770260752
2022-10-09T16:00:00.0;0.03323029396517159
2022-10-09T17:00:00.0;0.036186590088072165
2022-10-09T18:00:00.0;0.0389739212338231
2022-10-09T19:00:00.0;0.04087645887817587
2022-10-09T20:00:00.0;0.04172438540995784
2022-10-09T21:00:00.0;0.04130414505334899
2022-10-09T22:00:00.0;0.04004517920362388
2022-10-09T23:00:00.0;0.038019322914360186
2022-10-10T00:00:00.0;0.03856923517588725
2022-10-10T01:00:00.0;0.03688351151677228
2022-10-10T02:00:00.0;0.03537555658433195
2022-10-10T03:00:00.0;0.03382222968960182
2022-10-10T04:00:00.0;0.0326388348228712
2022-10-10T05:00:00.0;0.03204178544987051
2022-10-10T06:00:00.0;0.031782582188809194
2022-10-10T07:00:00.0;0.0317560313392315
2022-10-10T08:00:00.0;0.031366689904665984
2022-10-10T09:00:00.0;0.02922530054314872
2022-10-10T10:00:00.0;0.02703634383180045
2022-10-10T11:00:00.0;0.025917604201100834
2022-10-10T12:00:00.0;0.025868213101567814
2022-10-10T13:00:00.0;0.02676460632417131
2022-10-10T14:00:00.0;0.028285093215604896
2022-10-10T15:00:00.0;0.030558391012068847
2022-10-10T16:00:00.0;0.03447198053125559
2022-10-10T17:00:00.0;0.03752204002879636
2022-10-10T18:00:00.0;0.04021485172860034
2022-10-10T19:00:00.0;0.04211859538383022
2022-10-10T20:00:00.0;0.04311852734274241
2022-10-10T21:00:00.0;0.04282650865838789
2022-10-10T22:00:00.0;0.04149368513198954
2022-10-10T23:00:00.0;0.039421802093111
2022-10-11T00:00:00.0;0.036385314830089256
2022-10-11T01:00:00.0;0.03480787971548596
2022-10-11T02:00:00.0;0.03338731174300067
2022-10-11T03:00:00.0;0.03173066109822473
2022-10-11T04:00:00.0;0.03091633785337589
2022-10-11T05:00:00.0;0.030146836974269946
2022-10-11T06:00:00.0;0.03204507850354341
2022-10-11T07:00:00.0;0.031007057600210882
2022-10-11T08:00:00.0;0.026982199954214876
2022-10-11T09:00:00.0;0.024550720061945346
2022-10-11T10:00:00.0;0.02223226201914624
2022-10-11T11:00:00.0;0.021955260112374454
2022-10-11T12:00:00.0;0.02274652333023357
2022-10-11T13:00:00.0;0.024305910736097024
2022-10-11T14:00:00.0;0.02665594294151003
2022-10-11T15:00:00.0;0.027874899528431432
2022-10-11T16:00:00.0;0.03274238699422726
2022-10-11T17:00:00.0;0.03595868410360149
2022-10-11T18:00:00.0;0.03932378973058402
2022-10-11T19:00:00.0;0.040693554970508146
2022-10-11T20:00:00.0;0.04020137190204851
2022-10-11T21:00:00.0;0.039044434190832686
2022-10-11T22:00:00.0;0.037439621253348765
2022-10-11T23:00:00.0;0.03571845293286115
2022-10-12T00:00:00.0;0.03668995812732567
2022-10-12T01:00:00.0;0.03506073763036821
2022-10-12T02:00:00.0;0.033623070176803015
2022-10-12T03:00:00.0;0.031980791008852594
2022-10-12T04:00:00.0;0.031166481999151705
2022-10-12T05:00:00.0;0.0304454318626765
2022-10-12T06:00:00.0;0.032245852223741524
2022-10-12T07:00:00.0;0.031426823335226534
2022-10-12T08:00:00.0;0.027950618253667778
2022-10-12T09:00:00.0;0.02574898504916736
2022-10-12T10:00:00.0;0.023387882118868223
2022-10-12T11:00:00.0;0.022955913710554568
2022-10-12T12:00:00.0;0.023702800807400903
2022-10-12T13:00:00.0;0.025215928152613445
2022-10-12T14:00:00.0;0.02747547577390417
2022-10-12T15:00:00.0;0.02866629607621867
2022-10-12T16:00:00.0;0.03330921478368258
2022-10-12T17:00:00.0;0.03682213222892025
2022-10-12T18:00:00.0;0.03995843404203751
2022-10-12T19:00:00.0;0.041271252931464164
2022-10-12T20:00:00.0;0.04084809035719754
2022-10-12T21:00:00.0;0.03959751415977682
2022-10-12T22:00:00.0;0.03810923006975329
2022-10-12T23:00:00.0;0.036377101845196824
2022-10-13T00:00:00.0;0.03710883031861961
2022-10-13T01:00:00.0;0.03536581105550398
2022-10-13T02:00:00.0;0.03390685448204748
2022-10-13T03:00:00.0;0.03234832211886274
2022-10-13T04:00:00.0;0.031219824357014543
2022-10-13T05:00:00.0;0.030287498028159825
2022-10-13T06:00:00.0;0.030712548961052924
2022-10-13T07:00:00.0;0.02991866957216392
2022-10-13T08:00:00.0;0.027665879761745667
2022-10-13T09:00:00.0;0.02575796230582999
2022-10-13T10:00:00.0;0.02393677513300197
2022-10-13T11:00:00.0;0.02345604705242977
2022-10-13T12:00:00.0;0.023938630447263923
2022-10-13T13:00:00.0;0.024622101219119317
2022-10-13T14:00:00.0;0.027050519044496915
2022-10-13T15:00:00.0;0.02841162042957721
2022-10-13T16:00:00.0;0.0327713359418773
2022-10-13T17:00:00.0;0.03572384060855553
2022-10-13T18:00:00.0;0.03857520661733366
2022-10-13T19:00:00.0;0.04001466770494713
2022-10-13T20:00:00.0;0.04020827473601093
2022-10-13T21:00:00.0;0.04049829272564109
2022-10-13T22:00:00.0;0.03904689316769101
2022-10-13T23:00:00.0;0.03723722848513676
2022-10-14T00:00:00.0;0.03735602012582073
2022-10-14T01:00:00.0;0.035594982347221936
2022-10-14T02:00:00.0;0.03414850493926832
2022-10-14T03:00:00.0;0.03256537832105462
2022-10-14T04:00:00.0;0.031535763313527844
2022-10-14T05:00:00.0;0.030621227337343772
2022-10-14T06:00:00.0;0.031427233992556335
2022-10-14T07:00:00.0;0.03052183926164934
2022-10-14T08:00:00.0;0.02790559342500491
2022-10-14T09:00:00.0;0.02624564408278213
2022-10-14T10:00:00.0;0.024507598053467267
2022-10-14T11:00:00.0;0.024174477823074893
2022-10-14T12:00:00.0;0.024901655839542836
2022-10-14T13:00:00.0;0.02563325863446657
2022-10-14T14:00:00.0;0.028064258329955342
2022-10-14T15:00:00.0;0.02875665496820857
2022-10-14T16:00:00.0;0.03292533972811061
2022-10-14T17:00:00.0;0.03611569740249923
2022-10-14T18:00:00.0;0.03910693548605626
2022-10-14T19:00:00.0;0.04061684584483036
2022-10-14T20:00:00.0;0.04070236300805665
2022-10-14T21:00:00.0;0.04062032370446371
2022-10-14T22:00:00.0;0.03914782333420292
2022-10-14T23:00:00.0;0.037288914768343534
2022-10-15T00:00:00.0;0.038868484587833124
2022-10-15T01:00:00.0;0.037157224178026346
2022-10-15T02:00:00.0;0.03563503361757028
2022-10-15T03:00:00.0;0.034099285332014694
2022-10-15T04:00:00.0;0.03288387142176255
2022-10-15T05:00:00.0;0.032320569585202436
2022-10-15T06:00:00.0;0.03197446954423081
2022-10-15T07:00:00.0;0.03218693674340251
2022-10-15T08:00:00.0;0.03221873091773355
2022-10-15T09:00:00.0;0.030191153806816518
2022-10-15T10:00:00.0;0.028028729133883542
2022-10-15T11:00:00.0;0.026822235501047374
2022-10-15T12:00:00.0;0.026657139107238936
2022-10-15T13:00:00.0;0.027421018458263984
2022-10-15T14:00:00.0;0.02881180979520662
2022-10-15T15:00:00.0;0.031168748311587034
2022-10-15T16:00:00.0;0.03493482838353663
2022-10-15T17:00:00.0;0.03809398186265571
2022-10-15T18:00:00.0;0.04066181565697306
2022-10-15T19:00:00.0;0.04250824344723001
2022-10-15T20:00:00.0;0.04354454304708044
2022-10-15T21:00:00.0;0.04330814576181977
2022-10-15T22:00:00.0;0.041998334333552885
2022-10-15T23:00:00.0;0.03993137085472293
2022-10-16T00:00:00.0;0.03425597909602932
2022-10-16T01:00:00.0;0.032636122094405515
2022-10-16T02:00:00.0;0.031150287966969326
2022-10-16T03:00:00.0;0.029674797557052206
2022-10-16T04:00:00.0;0.02826163282142589
2022-10-16T05:00:00.0;0.02714963243962716
2022-10-16T06:00:00.0;0.026985541177406557
2022-10-16T07:00:00.0;0.026354540111426194
2022-10-16T08:00:00.0;0.02402211152312768
2022-10-16T09:00:00.0;0.020725956761515948
2022-10-16T10:00:00.0;0.018247615558634175
2022-10-16T11:00:00.0;0.017371361726208633
2022-10-16T12:00:00.0;0.017018810014793415
2022-10-16T13:00:00.0;0.017881244476750244
2022-10-16T14:00:00.0;0.020846788089221132
2022-10-16T15:00:00.0;0.025288737940056673
2022-10-16T16:00:00.0;0.03126262660326097
2022-10-16T17:00:00.0;0.03336536123719683
2022-10-16T18:00:00.0;0.035611670243285744
2022-10-16T19:00:00.0;0.0360798761520979
2022-10-16T20:00:00.0;0.035746393971075575
2022-10-16T21:00:00.0;0.03741238223543347
2022-10-16T22:00:00.0;0.03601813835599116
2022-10-16T23:00:00.0;0.03478971731351064
2022-10-17T00:00:00.0;0.03724903239952733
2022-10-17T01:00:00.0;0.03555490333056068
2022-10-17T02:00:00.0;0.0340483018083122
2022-10-17T03:00:00.0;0.03254319468702609
2022-10-17T04:00:00.0;0.03127772046974772
2022-10-17T05:00:00.0;0.030498979997644025
2022-10-17T06:00:00.0;0.030749085414995683
2022-10-17T07:00:00.0;0.03083221723705538
2022-10-17T08:00:00.0;0.029602479071239973
2022-10-17T09:00:00.0;0.02728664635708045
2022-10-17T10:00:00.0;0.02518485790611118
2022-10-17T11:00:00.0;0.02430008869542853
2022-10-17T12:00:00.0;0.024081731309491212
2022-10-17T13:00:00.0;0.024644338132565217
2022-10-17T14:00:00.0;0.026583970703928893
2022-10-17T15:00:00.0;0.02941353581539547
2022-10-17T16:00:00.0;0.03394777196295494
2022-10-17T17:00:00.0;0.03686944045813165
2022-10-17T18:00:00.0;0.0393812242545595
2022-10-17T19:00:00.0;0.04044963579733783
2022-10-17T20:00:00.0;0.040557804091828326
2022-10-17T21:00:00.0;0.04103519808285594
2022-10-17T22:00:00.0;0.0395615480639947
2022-10-17T23:00:00.0;0.03792089382057375
2022-10-18T00:00:00.0;0.03671445130364872
2022-10-18T01:00:00.0;0.035072290062389044
2022-10-18T02:00:00.0;0.03362976213883808
2022-10-18T03:00:00.0;0.03199369071732601
2022-10-18T04:00:00.0;0.031171564714489074
2022-10-18T05:00:00.0;0.030455634729331754
2022-10-18T06:00:00.0;0.032216729871575485
2022-10-18T07:00:00.0;0.03145620080348161
2022-10-18T08:00:00.0;0.0281182742859028
2022-10-18T09:00:00.0;0.025957857679192654
2022-10-18T10:00:00.0;0.02358366239507393
2022-10-18T11:00:00.0;0.023109900724730514
2022-10-18T12:00:00.0;0.02383040107708101
2022-10-18T13:00:00.0;0.0253217785895526
2022-10-18T14:00:00.0;0.02757390682510388
2022-10-18T15:00:00.0;0.02880638188296189
2022-10-18T16:00:00.0;0.03341928525875012
2022-10-18T17:00:00.0;0.036989651068083274
2022-10-18T18:00:00.0;0.04005414388872582
2022-10-18T19:00:00.0;0.04132940918243991
2022-10-18T20:00:00.0;0.04091064585325541
2022-10-18T21:00:00.0;0.03968009259558499
2022-10-18T22:00:00.0;0.03822107990057907
2022-10-18T23:00:00.0;0.03649898864853987
2022-10-19T00:00:00.0;0.037965504398754076
2022-10-19T01:00:00.0;0.03625173708701718
2022-10-19T02:00:00.0;0.03474118234578032
2022-10-19T03:00:00.0;0.03319364809891783
2022-10-19T04:00:00.0;0.03198019226816997
2022-10-19T05:00:00.0;0.031315371430384854
2022-10-19T06:00:00.0;0.030521972287059444
2022-10-19T07:00:00.0;0.030211488237972768
2022-10-19T08:00:00.0;0.03010664721457879
2022-10-19T09:00:00.0;0.027878885941606778
2022-10-19T10:00:00.0;0.025487960672395227
2022-10-19T11:00:00.0;0.024171182872162734
2022-10-19T12:00:00.0;0.024171033129547395
2022-10-19T13:00:00.0;0.02528366691925278
2022-10-19T14:00:00.0;0.027116783944915002
2022-10-19T15:00:00.0;0.029707851207075493
2022-10-19T16:00:00.0;0.033794042560950664
2022-10-19T17:00:00.0;0.036802249081793664
2022-10-19T18:00:00.0;0.039231218906614476
2022-10-19T19:00:00.0;0.04117489421697906
2022-10-19T20:00:00.0;0.042425727937209654
2022-10-19T21:00:00.0;0.042331640732459624
2022-10-19T22:00:00.0;0.0412241532962661
2022-10-19T23:00:00.0;0.039140673985317086
2022-10-20T00:00:00.0;0.03763674574441926
2022-10-20T01:00:00.0;0.035937999309096344
2022-10-20T02:00:00.0;0.03441509126568716
2022-10-20T03:00:00.0;0.03292111434707123
2022-10-20T04:00:00.0;0.031634832114615916
2022-10-20T05:00:00.0;0.03093356162254837
2022-10-20T06:00:00.0;0.03109528867717925
2022-10-20T07:00:00.0;0.031466441735708
2022-10-20T08:00:00.0;0.030733898318210034
2022-10-20T09:00:00.0;0.028448339464377772
2022-10-20T10:00:00.0;0.02629758731332877
2022-10-20T11:00:00.0;0.025269223176652058
2022-10-20T12:00:00.0;0.024895050839641907
2022-10-20T13:00:00.0;0.025413566270719064
2022-10-20T14:00:00.0;0.02712635555200749
2022-10-20T15:00:00.0;0.030152331073300998
2022-10-20T16:00:00.0;0.03454111022297343
2022-10-20T17:00:00.0;0.03756969020965896
2022-10-20T18:00:00.0;0.03998254248442157
2022-10-20T19:00:00.0;0.041052979075941534
2022-10-20T20:00:00.0;0.041255534941117104
2022-10-20T21:00:00.0;0.04164643458243416
2022-10-20T22:00:00.0;0.040196294730016326
2022-10-20T23:00:00.0;0.038534450097860336
2022-10-21T00:00:00.0;0.037965365467305646
2022-10-21T01:00:00.0;0.03620166220898292
2022-10-21T02:00:00.0;0.03469608857949495
2022-10-21T03:00:00.0;0.0331622340093126
2022-10-21T04:00:00.0;0.031906382126881974
2022-10-21T05:00:00.0;0.031142426580226444
2022-10-21T06:00:00.0;0.030181104316509944
2022-10-21T07:00:00.0;0.029723120279080594
2022-10-21T08:00:00.0;0.02959417570219521
2022-10-21T09:00:00.0;0.0275833770094857
2022-10-21T10:00:00.0;0.025416053041432803
2022-10-21T11:00:00.0;0.02421688500206078
2022-10-21T12:00:00.0;0.024313557708168027
2022-10-21T13:00:00.0;0.02519256538134685
2022-10-21T14:00:00.0;0.027208879591603313
2022-10-21T15:00:00.0;0.029470159316545386
2022-10-21T16:00:00.0;0.03346171028973632
2022-10-21T17:00:00.0;0.03640301256923251
2022-10-21T18:00:00.0;0.03880955350005705
2022-10-21T19:00:00.0;0.04075354359336919
2022-10-21T20:00:00.0;0.042038175389492546
2022-10-21T21:00:00.0;0.04231196075889058
2022-10-21T22:00:00.0;0.04120468052175065
2022-10-21T23:00:00.0;0.03911458589120572
2022-10-22T00:00:00.0;0.03558998005842769
2022-10-22T01:00:00.0;0.03384114515655491
2022-10-22T02:00:00.0;0.03235302960498005
2022-10-22T03:00:00.0;0.030884907340374926
2022-10-22T04:00:00.0;0.02946651514417844
2022-10-22T05:00:00.0;0.02833616984403066
2022-10-22T06:00:00.0;0.027873756467607737
2022-10-22T07:00:00.0;0.027231577650723638
2022-10-22T08:00:00.0;0.025537282548963165
2022-10-22T09:00:00.0;0.02306473790538745
2022-10-22T10:00:00.0;0.02107680229471066
2022-10-22T11:00:00.0;0.020316677800091942
2022-10-22T12:00:00.0;0.02022253308210046
2022-10-22T13:00:00.0;0.020637699970064424
2022-10-22T14:00:00.0;0.023495290973617963
2022-10-22T15:00:00.0;0.026663576937445782
2022-10-22T16:00:00.0;0.031797481400641404
2022-10-22T17:00:00.0;0.03417261515019957
2022-10-22T18:00:00.0;0.03643714409523915
2022-10-22T19:00:00.0;0.03726862668943966
2022-10-22T20:00:00.0;0.037351342800101266
2022-10-22T21:00:00.0;0.03908336441065954
2022-10-22T22:00:00.0;0.03773420263760832
2022-10-22T23:00:00.0;0.03626134214590642
2022-10-23T00:00:00.0;0.03731376342333823
2022-10-23T01:00:00.0;0.035606103707750365
2022-10-23T02:00:00.0;0.03408849667029309
2022-10-23T03:00:00.0;0.03258295871635309
2022-10-23T04:00:00.0;0.03131132315775158
2022-10-23T05:00:00.0;0.030576308156684672
2022-10-23T06:00:00.0;0.030424373603464554
2022-10-23T07:00:00.0;0.030496741576049518
2022-10-23T08:00:00.0;0.029827760008168287
2022-10-23T09:00:00.0;0.027492092399300904
2022-10-23T10:00:00.0;0.0252035365774362
2022-10-23T11:00:00.0;0.024076337497547107
2022-10-23T12:00:00.0;0.023826922662262367
2022-10-23T13:00:00.0;0.02457704478240687
2022-10-23T14:00:00.0;0.02649210887532138
2022-10-23T15:00:00.0;0.029543850489489525
2022-10-23T16:00:00.0;0.03400787492832022
2022-10-23T17:00:00.0;0.03701021372308119
2022-10-23T18:00:00.0;0.0393423520594587
2022-10-23T19:00:00.0;0.0405615008732709
2022-10-23T20:00:00.0;0.04099394993224747
2022-10-23T21:00:00.0;0.04135767747462596
2022-10-23T22:00:00.0;0.04005394730176772
2022-10-23T23:00:00.0;0.03832916129767497
2022-10-24T00:00:00.0;0.03764361245368135
2022-10-24T01:00:00.0;0.035905982911033696
2022-10-24T02:00:00.0;0.034367427705939715
2022-10-24T03:00:00.0;0.03290155379257934
2022-10-24T04:00:00.0;0.03161549120174811
2022-10-24T05:00:00.0;0.030935714714279708
2022-10-24T06:00:00.0;0.03155112792342222
2022-10-24T07:00:00.0;0.032340722615682126
2022-10-24T08:00:00.0;0.03163305993982309
2022-10-24T09:00:00.0;0.029538414143956523
2022-10-24T10:00:00.0;0.02742921960609313
2022-10-24T11:00:00.0;0.02642337947672492
2022-10-24T12:00:00.0;0.02592051796380163
2022-10-24T13:00:00.0;0.026206200348973783
2022-10-24T14:00:00.0;0.027844196355881208
2022-10-24T15:00:00.0;0.030932099617588887
2022-10-24T16:00:00.0;0.03528695561469234
2022-10-24T17:00:00.0;0.038643410563698716
2022-10-24T18:00:00.0;0.0408665413300711
2022-10-24T19:00:00.0;0.04148495861439589
2022-10-24T20:00:00.0;0.04121924355707447
2022-10-24T21:00:00.0;0.04163937362402043
2022-10-24T22:00:00.0;0.04015083004058948
2022-10-24T23:00:00.0;0.03867494564708421
2022-10-25T00:00:00.0;0.035843880149841786
2022-10-25T01:00:00.0;0.034134097517185095
2022-10-25T02:00:00.0;0.032632310328223925
2022-10-25T03:00:00.0;0.031154931640420214
2022-10-25T04:00:00.0;0.029811080318329828
2022-10-25T05:00:00.0;0.02884319558360755
2022-10-25T06:00:00.0;0.02887300070620172
2022-10-25T07:00:00.0;0.028652446329804
2022-10-25T08:00:00.0;0.02704160549912595
2022-10-25T09:00:00.0;0.024476483297803952
2022-10-25T10:00:00.0;0.02226194815784711
2022-10-25T11:00:00.0;0.021379108877825136
2022-10-25T12:00:00.0;0.021136465785325843
2022-10-25T13:00:00.0;0.02172249990266422
2022-10-25T14:00:00.0;0.024234819121128952
2022-10-25T15:00:00.0;0.027663382420123204
2022-10-25T16:00:00.0;0.0327762778457916
2022-10-25T17:00:00.0;0.03546744903896763
2022-10-25T18:00:00.0;0.0377112584755537
2022-10-25T19:00:00.0;0.03838813695157829
2022-10-25T20:00:00.0;0.03823477908527529
2022-10-25T21:00:00.0;0.03938818908088883
2022-10-25T22:00:00.0;0.03801038333637987
2022-10-25T23:00:00.0;0.03659528981127648
2022-10-26T00:00:00.0;0.03705238143481127
2022-10-26T01:00:00.0;0.035330220745542
2022-10-26T02:00:00.0;0.033829133624300504
2022-10-26T03:00:00.0;0.0323055153685815
2022-10-26T04:00:00.0;0.031129649859416898
2022-10-26T05:00:00.0;0.030357332141040826
2022-10-26T06:00:00.0;0.030761810422087824
2022-10-26T07:00:00.0;0.03067344180752006
2022-10-26T08:00:00.0;0.029290823160513037
2022-10-26T09:00:00.0;0.02711863331337937
2022-10-26T10:00:00.0;0.024888059539076923
2022-10-26T11:00:00.0;0.023975213929976275
2022-10-26T12:00:00.0;0.023969506127082915
2022-10-26T13:00:00.0;0.024761340624804288
2022-10-26T14:00:00.0;0.026849555918118488
2022-10-26T15:00:00.0;0.029380843065582484
2022-10-26T16:00:00.0;0.033882618313476075
2022-10-26T17:00:00.0;0.03709636272696035
2022-10-26T18:00:00.0;0.03952680891847152
2022-10-26T19:00:00.0;0.040590483970197815
2022-10-26T20:00:00.0;0.040651639006616926
2022-10-26T21:00:00.0;0.04079072775401101
2022-10-26T22:00:00.0;0.039445332063057205
2022-10-26T23:00:00.0;0.03779346162003461
2022-10-27T00:00:00.0;0.03778887077156004
2022-10-27T01:00:00.0;0.036065853653233976
2022-10-27T02:00:00.0;0.034552129576967155
2022-10-27T03:00:00.0;0.033025914173784414
2022-10-27T04:00:00.0;0.031882971134866815
2022-10-27T05:00:00.0;0.031236738095167485
2022-10-27T06:00:00.0;0.031830726962889896
2022-10-27T07:00:00.0;0.032093563349180135
2022-10-27T08:00:00.0;0.0310731689229161
2022-10-27T09:00:00.0;0.029047633806548106
2022-10-27T10:00:00.0;0.026825144456253634
2022-10-27T11:00:00.0;0.025845171061717066
2022-10-27T12:00:00.0;0.025755550511094575
2022-10-27T13:00:00.0;0.026498695874344592
2022-10-27T14:00:00.0;0.028225925225504114
2022-10-27T15:00:00.0;0.03062154462322803
2022-10-27T16:00:00.0;0.03482271276157792
2022-10-27T17:00:00.0;0.038275449973400884
2022-10-27T18:00:00.0;0.04073056024763438
2022-10-27T19:00:00.0;0.04184982894958496
2022-10-27T20:00:00.0;0.04194045770371042
2022-10-27T21:00:00.0;0.04171536598064082
2022-10-27T22:00:00.0;0.040336321981594994
2022-10-27T23:00:00.0;0.038626435556314655
2022-10-28T00:00:00.0;0.03803023038790194
2022-10-28T01:00:00.0;0.036289193707562895
2022-10-28T02:00:00.0;0.0347628030815955
2022-10-28T03:00:00.0;0.03324866687467439
2022-10-28T04:00:00.0;0.03202662715324889
2022-10-28T05:00:00.0;0.03138712552013966
2022-10-28T06:00:00.0;0.031242287773427458
2022-10-28T07:00:00.0;0.031471887998761224
2022-10-28T08:00:00.0;0.031246841590863238
2022-10-28T09:00:00.0;0.029193960556618704
2022-10-28T10:00:00.0;0.026916831429069615
2022-10-28T11:00:00.0;0.025700540320278218
2022-10-28T12:00:00.0;0.025510539894433467
2022-10-28T13:00:00.0;0.026275181385178353
2022-10-28T14:00:00.0;0.027963379578208585
2022-10-28T15:00:00.0;0.030632412406932222
2022-10-28T16:00:00.0;0.03470628261950962
2022-10-28T17:00:00.0;0.038013874535135175
2022-10-28T18:00:00.0;0.04031611214555761
2022-10-28T19:00:00.0;0.0417065186575398
2022-10-28T20:00:00.0;0.042326796897008585
2022-10-28T21:00:00.0;0.04231062204864322
2022-10-28T22:00:00.0;0.041072147025409574
2022-10-28T23:00:00.0;0.03922557959826533
2022-10-29T00:00:00.0;0.037236907462909606
2022-10-29T01:00:00.0;0.03551132546762978
2022-10-29T02:00:00.0;0.03402323631982256
2022-10-29T03:00:00.0;0.03244982333696509
2022-10-29T04:00:00.0;0.03142654801130898
2022-10-29T05:00:00.0;0.03072963672062309
2022-10-29T06:00:00.0;0.03123912855313044
2022-10-29T07:00:00.0;0.03084420704675624
2022-10-29T08:00:00.0;0.029347385658371878
2022-10-29T09:00:00.0;0.027314260632945012
2022-10-29T10:00:00.0;0.024895347927586128
2022-10-29T11:00:00.0;0.023922823212323058
2022-10-29T12:00:00.0;0.024254193193597687
2022-10-29T13:00:00.0;0.025491913659657122
2022-10-29T14:00:00.0;0.027597009789416472
2022-10-29T15:00:00.0;0.02955914277230619
2022-10-29T16:00:00.0;0.033868660974469805
2022-10-29T17:00:00.0;0.037394375633677264
2022-10-29T18:00:00.0;0.039907766195389376
2022-10-29T19:00:00.0;0.041304593749358326
2022-10-29T20:00:00.0;0.041594463363729475
2022-10-29T21:00:00.0;0.04098806476835096
2022-10-29T22:00:00.0;0.03979340029592197
2022-10-29T23:00:00.0;0.037968396963528155
2022-10-30T00:00:00.0;0.03677161184836943
2022-10-30T01:00:00.0;0.0350866238077192
2022-10-30T02:00:00.0;0.03362608142049291
2022-10-30T03:00:00.0;0.032015110638201505
2022-10-30T04:00:00.0;0.031147156508214698
2022-10-30T05:00:00.0;0.030440809210664214
2022-10-30T06:00:00.0;0.031976063863792384
2022-10-30T07:00:00.0;0.03141456140106384
2022-10-30T08:00:00.0;0.028616231864719878
2022-10-30T09:00:00.0;0.02656377652348267
2022-10-30T10:00:00.0;0.024144253422754593
2022-10-30T11:00:00.0;0.023508092140153924
2022-10-30T12:00:00.0;0.02410660624271828
2022-10-30T13:00:00.0;0.02550830174866238
2022-10-30T14:00:00.0;0.027742202919684104
2022-10-30T15:00:00.0;0.029203763720260085
2022-10-30T16:00:00.0;0.033735425955816516
2022-10-30T17:00:00.0;0.03744790173124467
2022-10-30T18:00:00.0;0.040250356858129395
2022-10-30T19:00:00.0;0.041405588008217954
2022-10-30T20:00:00.0;0.04104297758799796
2022-10-30T21:00:00.0;0.03996036701423869
2022-10-30T22:00:00.0;0.03860570202302317
2022-10-30T23:00:00.0;0.03691679057670416
2022-10-31T00:00:00.0;0.03782504521013832
2022-10-31T01:00:00.0;0.036034495992799245
2022-10-31T02:00:00.0;0.03452351197771402
2022-10-31T03:00:00.0;0.032993662334006205
2022-10-31T04:00:00.0;0.031789388363862886
2022-10-31T05:00:00.0;0.031047934749896814
2022-10-31T06:00:00.0;0.030456436253506327
2022-10-31T07:00:00.0;0.03014881012782528
2022-10-31T08:00:00.0;0.029909740873565578
2022-10-31T09:00:00.0;0.028035392918387497
2022-10-31T10:00:00.0;0.025797576012806037
2022-10-31T11:00:00.0;0.024593593013478174
2022-10-31T12:00:00.0;0.024717845615491136
2022-10-31T13:00:00.0;0.025616481586700508
2022-10-31T14:00:00.0;0.02765783393414414
2022-10-31T15:00:00.0;0.02985111534705359
2022-10-31T16:00:00.0;0.03384306252264333
2022-10-31T17:00:00.0;0.03710957513217264
2022-10-31T18:00:00.0;0.03938123074361622
2022-10-31T19:00:00.0;0.04106090017402543
2022-10-31T20:00:00.0;0.04203712645629084
2022-10-31T21:00:00.0;0.04211867333257636
2022-10-31T22:00:00.0;0.04104844290953358
2022-10-31T23:00:00.0;0.03906452272411372
2022-11-01T00:00:00.0;0.03785481753193803
2022-11-01T01:00:00.0;0.03610984535326182
2022-11-01T02:00:00.0;0.034568003204701145
2022-11-01T03:00:00.0;0.03310272884055209
2022-11-01T04:00:00.0;0.03182459054836947
2022-11-01T05:00:00.0;0.031171761452129295
2022-11-01T06:00:00.0;0.031835773575467706
2022-11-01T07:00:00.0;0.03271393660042881
2022-11-01T08:00:00.0;0.03210757143095737
2022-11-01T09:00:00.0;0.030087834802744108
2022-11-01T10:00:00.0;0.02800165504896214
2022-11-01T11:00:00.0;0.026987735744223626
2022-11-01T12:00:00.0;0.026475503030217267
2022-11-01T13:00:00.0;0.026725227283368774
2022-11-01T14:00:00.0;0.02828045612915791
2022-11-01T15:00:00.0;0.031283940126551175
2022-11-01T16:00:00.0;0.035537856061716826
2022-11-01T17:00:00.0;0.038972475342367405
2022-11-01T18:00:00.0;0.0411941610403347
2022-11-01T19:00:00.0;0.04182194338928448
2022-11-01T20:00:00.0;0.041560453334834796
2022-11-01T21:00:00.0;0.04190290924100219
2022-11-01T22:00:00.0;0.04040848645688515
2022-11-01T23:00:00.0;0.038917173736019495
2022-11-02T00:00:00.0;0.03708355798621416
2022-11-02T01:00:00.0;0.03534813421255878
2022-11-02T02:00:00.0;0.03381533782193699
2022-11-02T03:00:00.0;0.03234838835180918
2022-11-02T04:00:00.0;0.031054043474808394
2022-11-02T05:00:00.0;0.030310459639289026
2022-11-02T06:00:00.0;0.030772925269173534
2022-11-02T07:00:00.0;0.03133249421619712
2022-11-02T08:00:00.0;0.030464485885072695
2022-11-02T09:00:00.0;0.028239324496376707
2022-11-02T10:00:00.0;0.026028375576804014
2022-11-02T11:00:00.0;0.02499556802487613
2022-11-02T12:00:00.0;0.024544601834783943
2022-11-02T13:00:00.0;0.02496366140458664
2022-11-02T14:00:00.0;0.02684283522904994
2022-11-02T15:00:00.0;0.030118265817635347
2022-11-02T16:00:00.0;0.034697043398207256
2022-11-02T17:00:00.0;0.03795527266177383
2022-11-02T18:00:00.0;0.04010508113313313
2022-11-02T19:00:00.0;0.040686381383170114
2022-11-02T20:00:00.0;0.04042887882513791
2022-11-02T21:00:00.0;0.040991823884256054
2022-11-02T22:00:00.0;0.03957667940483811
2022-11-02T23:00:00.0;0.03813757160819
2022-11-03T00:00:00.0;0.03830404631318205
2022-11-03T01:00:00.0;0.03654345650134355
2022-11-03T02:00:00.0;0.03499462309282005
2022-11-03T03:00:00.0;0.03353062395729581
2022-11-03T04:00:00.0;0.032269340482495
2022-11-03T05:00:00.0;0.03167382792342848
2022-11-03T06:00:00.0;0.032441208920158615
2022-11-03T07:00:00.0;0.033507754935171816
2022-11-03T08:00:00.0;0.03311684744178074
2022-11-03T09:00:00.0;0.03125644104542869
2022-11-03T10:00:00.0;0.029219213255722742
2022-11-03T11:00:00.0;0.028188109714056702
2022-11-03T12:00:00.0;0.027655944651471955
2022-11-03T13:00:00.0;0.027829186710365716
2022-11-03T14:00:00.0;0.02920837153664973
2022-11-03T15:00:00.0;0.0320322975256158
2022-11-03T16:00:00.0;0.036071516061565015
2022-11-03T17:00:00.0;0.03967238923975967
2022-11-03T18:00:00.0;0.04189100130747246
2022-11-03T19:00:00.0;0.042538702952882736
2022-11-03T20:00:00.0;0.042286199391118225
2022-11-03T21:00:00.0;0.04246344398291418
2022-11-03T22:00:00.0;0.040956516261980755
2022-11-03T23:00:00.0;0.039432387811711475
2022-11-04T00:00:00.0;0.03755628887804787
2022-11-04T01:00:00.0;0.03572791972482209
2022-11-04T02:00:00.0;0.0342387531907788
2022-11-04T03:00:00.0;0.032698495834308935
2022-11-04T04:00:00.0;0.03159866900803356
2022-11-04T05:00:00.0;0.03077370024546067
2022-11-04T06:00:00.0;0.03108338012813519
2022-11-04T07:00:00.0;0.030661337929941544
2022-11-04T08:00:00.0;0.029349810767545316
2022-11-04T09:00:00.0;0.02781341737355101
2022-11-04T10:00:00.0;0.025820563692561176
2022-11-04T11:00:00.0;0.025022986835116588
2022-11-04T12:00:00.0;0.025449978207146493
2022-11-04T13:00:00.0;0.02617231481586136
2022-11-04T14:00:00.0;0.028446430442658086
2022-11-04T15:00:00.0;0.029800938963298888
2022-11-04T16:00:00.0;0.0337993717062734
2022-11-04T17:00:00.0;0.03735093045526141
2022-11-04T18:00:00.0;0.03977375323142174
2022-11-04T19:00:00.0;0.04110609611311026
2022-11-04T20:00:00.0;0.04140553987682634
2022-11-04T21:00:00.0;0.04137707348520814
2022-11-04T22:00:00.0;0.040168412460848284
2022-11-04T23:00:00.0;0.038342401527879294
2022-11-05T00:00:00.0;0.03826316797931611
2022-11-05T01:00:00.0;0.0364822263348056
2022-11-05T02:00:00.0;0.03494917992898184
2022-11-05T03:00:00.0;0.03342871463262194
2022-11-05T04:00:00.0;0.032242339512272455
2022-11-05T05:00:00.0;0.03164385887677341
2022-11-05T06:00:00.0;0.031300591444813765
2022-11-05T07:00:00.0;0.03149949756790716
2022-11-05T08:00:00.0;0.03169270381556873
2022-11-05T09:00:00.0;0.029827523708368418
2022-11-05T10:00:00.0;0.027455190005566482
2022-11-05T11:00:00.0;0.026087163514199756
2022-11-05T12:00:00.0;0.025990746749627983
2022-11-05T13:00:00.0;0.02688932678159111
2022-11-05T14:00:00.0;0.028567307973123724
2022-11-05T15:00:00.0;0.03105279830140918
2022-11-05T16:00:00.0;0.03491402549089558
2022-11-05T17:00:00.0;0.038465316524210855
2022-11-05T18:00:00.0;0.04062283762584717
2022-11-05T19:00:00.0;0.04215232708812246
2022-11-05T20:00:00.0;0.04300678898174755
2022-11-05T21:00:00.0;0.04275304499821571
2022-11-05T22:00:00.0;0.041674880957097885
2022-11-05T23:00:00.0;0.03973431614303958
2022-11-06T00:00:00.0;0.039092646164677246
2022-11-06T01:00:00.0;0.03730464033742143
2022-11-06T02:00:00.0;0.035743534103115975
2022-11-06T03:00:00.0;0.03428177357105199
2022-11-06T04:00:00.0;0.033050077929976975
2022-11-06T05:00:00.0;0.03255518183759852
2022-11-06T06:00:00.0;0.033504021996362314
2022-11-06T07:00:00.0;0.03490126542922107
2022-11-06T08:00:00.0;0.03488858368283123
2022-11-06T09:00:00.0;0.03330787396316248
2022-11-06T10:00:00.0;0.03135657902819003
2022-11-06T11:00:00.0;0.030295309372385934
2022-11-06T12:00:00.0;0.029728154015801457
2022-11-06T13:00:00.0;0.029767135204617715
2022-11-06T14:00:00.0;0.03083728309151884
2022-11-06T15:00:00.0;0.033346003499960135
2022-11-06T16:00:00.0;0.03700833091893854
2022-11-06T17:00:00.0;0.04090105494104106
2022-11-06T18:00:00.0;0.043114271396398965
2022-11-06T19:00:00.0;0.0437969404234341
2022-11-06T20:00:00.0;0.04356021222400804
2022-11-06T21:00:00.0;0.04344743617728245
2022-11-06T22:00:00.0;0.041918556631960036
2022-11-06T23:00:00.0;0.04033682172276631
2022-11-07T00:00:00.0;0.03912261937033216
2022-11-07T01:00:00.0;0.03733099303382429
2022-11-07T02:00:00.0;0.0357689786765409
2022-11-07T03:00:00.0;0.03430738003589432
2022-11-07T04:00:00.0;0.03307871028444095
2022-11-07T05:00:00.0;0.03258878085195619
2022-11-07T06:00:00.0;0.033540921997563256
2022-11-07T07:00:00.0;0.034951456234754846
2022-11-07T08:00:00.0;0.03496931955605054
2022-11-07T09:00:00.0;0.03340941450632276
2022-11-07T10:00:00.0;0.03145530334637642
2022-11-07T11:00:00.0;0.030385659972731627
2022-11-07T12:00:00.0;0.02982121394032286
2022-11-07T13:00:00.0;0.02986077137452412
2022-11-07T14:00:00.0;0.030922414724133276
2022-11-07T15:00:00.0;0.03341372920005189
2022-11-07T16:00:00.0;0.037055198845926195
2022-11-07T17:00:00.0;0.04097530110842939
2022-11-07T18:00:00.0;0.043176789575357914
2022-11-07T19:00:00.0;0.0438589531015196
2022-11-07T20:00:00.0;0.04362572425343188
2022-11-07T21:00:00.0;0.04349249302528072
2022-11-07T22:00:00.0;0.04197141288124872
2022-11-07T23:00:00.0;0.040386870923251425
2022-11-08T00:00:00.0;0.038520734301972816
2022-11-08T01:00:00.0;0.036735943991044455
2022-11-08T02:00:00.0;0.03518088345202106
2022-11-08T03:00:00.0;0.03371799590493097
2022-11-08T04:00:00.0;0.03247713249705125
2022-11-08T05:00:00.0;0.0319166514502544
2022-11-08T06:00:00.0;0.03271064890719984
2022-11-08T07:00:00.0;0.033872727002985444
2022-11-08T08:00:00.0;0.03369026559915382
2022-11-08T09:00:00.0;0.03197247712532245
2022-11-08T10:00:00.0;0.029919545211162392
2022-11-08T11:00:00.0;0.028833436486421237
2022-11-08T12:00:00.0;0.028317766539624135
2022-11-08T13:00:00.0;0.02849082758799273
2022-11-08T14:00:00.0;0.029806048838665458
2022-11-08T15:00:00.0;0.032508293292115645
2022-11-08T16:00:00.0;0.036401723112994874
2022-11-08T17:00:00.0;0.040188059272192565
2022-11-08T18:00:00.0;0.04233070480636212
2022-11-08T19:00:00.0;0.042976156155020956
2022-11-08T20:00:00.0;0.04274673128480696
2022-11-08T21:00:00.0;0.0427833167035859
2022-11-08T22:00:00.0;0.041326165600649646
2022-11-08T23:00:00.0;0.03978221656319893
2022-11-09T00:00:00.0;0.03811516162958958
2022-11-09T01:00:00.0;0.03633342045348413
2022-11-09T02:00:00.0;0.03478277892557
2022-11-09T03:00:00.0;0.03331906925116925
2022-11-09T04:00:00.0;0.03207113757141329
2022-11-09T05:00:00.0;0.03146380615388773
2022-11-09T06:00:00.0;0.03214906876344222
2022-11-09T07:00:00.0;0.033144163626152544
2022-11-09T08:00:00.0;0.03283648121683932
2022-11-09T09:00:00.0;0.031018449381674272
2022-11-09T10:00:00.0;0.02889525498501045
2022-11-09T11:00:00.0;0.027793686550361924
2022-11-09T12:00:00.0;0.027313323195838207
2022-11-09T13:00:00.0;0.027579773875200397
2022-11-09T14:00:00.0;0.02906782298519335
2022-11-09T15:00:00.0;0.031908923258918635
2022-11-09T16:00:00.0;0.03596818785062262
2022-11-09T17:00:00.0;0.03967422282310624
2022-11-09T18:00:00.0;0.041770258690092335
2022-11-09T19:00:00.0;0.042389864052631315
2022-11-09T20:00:00.0;0.04216475371331636
2022-11-09T21:00:00.0;0.04231007159499418
2022-11-09T22:00:00.0;0.04090121250093396
2022-11-09T23:00:00.0;0.03938424354023357
2022-11-10T00:00:00.0;0.03857982281719901
2022-11-10T01:00:00.0;0.036783116390210605
2022-11-10T02:00:00.0;0.03522870933165929
2022-11-10T03:00:00.0;0.033756434636662835
2022-11-10T04:00:00.0;0.03253549425624556
2022-11-10T05:00:00.0;0.031985643145715
2022-11-10T06:00:00.0;0.03259444973721533
2022-11-10T07:00:00.0;0.03363605842709438
2022-11-10T08:00:00.0;0.0336245031378629
2022-11-10T09:00:00.0;0.0319534201825316
2022-11-10T10:00:00.0;0.029835405953253482
2022-11-10T11:00:00.0;0.028671453808353994
2022-11-10T12:00:00.0;0.02823769587198473
2022-11-10T13:00:00.0;0.02853825869747268
2022-11-10T14:00:00.0;0.02988685252650914
2022-11-10T15:00:00.0;0.032491343588668675
2022-11-10T16:00:00.0;0.03630694878573716
2022-11-10T17:00:00.0;0.04014772565143779
2022-11-10T18:00:00.0;0.04225210362199933
2022-11-10T19:00:00.0;0.04304850997034292
2022-11-10T20:00:00.0;0.043018537716353056
2022-11-10T21:00:00.0;0.04293401247842994
2022-11-10T22:00:00.0;0.041569529282996676
2022-11-10T23:00:00.0;0.03994733217119189
2022-11-11T00:00:00.0;0.035901586892943795
2022-11-11T01:00:00.0;0.03414900143844951
2022-11-11T02:00:00.0;0.03262462186854491
2022-11-11T03:00:00.0;0.031156052350448122
2022-11-11T04:00:00.0;0.02986031532386301
2022-11-11T05:00:00.0;0.02899173494207904
2022-11-11T06:00:00.0;0.029100985498044775
2022-11-11T07:00:00.0;0.029181200586083356
2022-11-11T08:00:00.0;0.02811160126476165
2022-11-11T09:00:00.0;0.02569707526224945
2022-11-11T10:00:00.0;0.02321991425134014
2022-11-11T11:00:00.0;0.022069043085818085
2022-11-11T12:00:00.0;0.021761776338615396
2022-11-11T13:00:00.0;0.022510375705410483
2022-11-11T14:00:00.0;0.024925970800294253
2022-11-11T15:00:00.0;0.028551263416521398
2022-11-11T16:00:00.0;0.033547342627699504
2022-11-11T17:00:00.0;0.036736064969119256
2022-11-11T18:00:00.0;0.03863363289102439
2022-11-11T19:00:00.0;0.03912107687322645
2022-11-11T20:00:00.0;0.03890544171559836
2022-11-11T21:00:00.0;0.03968998592301884
2022-11-11T22:00:00.0;0.03850279848825444
2022-11-11T23:00:00.0;0.03713608108194301
2022-11-12T00:00:00.0;0.03652792469594209
2022-11-12T01:00:00.0;0.03489961846273695
2022-11-12T02:00:00.0;0.033459273114051745
2022-11-12T03:00:00.0;0.0318270958658256
2022-11-12T04:00:00.0;0.03097725238730736
2022-11-12T05:00:00.0;0.030231164684415356
2022-11-12T06:00:00.0;0.031923986742276596
2022-11-12T07:00:00.0;0.031115203155696835
2022-11-12T08:00:00.0;0.027691720614148183
2022-11-12T09:00:00.0;0.025421689092991792
2022-11-12T10:00:00.0;0.023053319113471783
2022-11-12T11:00:00.0;0.02259839688816113
2022-11-12T12:00:00.0;0.02327972468578689
2022-11-12T13:00:00.0;0.02475336935147851
2022-11-12T14:00:00.0;0.027060096508646173
2022-11-12T15:00:00.0;0.02844876765126682
2022-11-12T16:00:00.0;0.0331791885941278
2022-11-12T17:00:00.0;0.036607159769191454
2022-11-12T18:00:00.0;0.03969037556551795
2022-11-12T19:00:00.0;0.04094431032476359
2022-11-12T20:00:00.0;0.04051530449865633
2022-11-12T21:00:00.0;0.03944262344293772
2022-11-12T22:00:00.0;0.03795809402834722
2022-11-12T23:00:00.0;0.036260619763642345
2022-11-13T00:00:00.0;0.03683972966744687
2022-11-13T01:00:00.0;0.03514587812462362
2022-11-13T02:00:00.0;0.033682828539691144
2022-11-13T03:00:00.0;0.032073028021417135
2022-11-13T04:00:00.0;0.031209840333982504
2022-11-13T05:00:00.0;0.030514539974535362
2022-11-13T06:00:00.0;0.03205039849347134
2022-11-13T07:00:00.0;0.03152468266750805
2022-11-13T08:00:00.0;0.028808212489162453
2022-11-13T09:00:00.0;0.026803119820663426
2022-11-13T10:00:00.0;0.024377176408211895
2022-11-13T11:00:00.0;0.023718693012831308
2022-11-13T12:00:00.0;0.024318302163257616
2022-11-13T13:00:00.0;0.02571709583802435
2022-11-13T14:00:00.0;0.027930910547114246
2022-11-13T15:00:00.0;0.02936273520023705
2022-11-13T16:00:00.0;0.03384702194471604
2022-11-13T17:00:00.0;0.03762120765804343
2022-11-13T18:00:00.0;0.04039155615823616
2022-11-13T19:00:00.0;0.04154209814083972
2022-11-13T20:00:00.0;0.041188454961626195
2022-11-13T21:00:00.0;0.0400675467134001
2022-11-13T22:00:00.0;0.038731717112493846
2022-11-13T23:00:00.0;0.03703783079317394
2022-11-14T00:00:00.0;0.03689851029310523
2022-11-14T01:00:00.0;0.0351804056536238
2022-11-14T02:00:00.0;0.03370772730232669
2022-11-14T03:00:00.0;0.032110253095493285
2022-11-14T04:00:00.0;0.031227799259954035
2022-11-14T05:00:00.0;0.030542178323749492
2022-11-14T06:00:00.0;0.031972355787810415
2022-11-14T07:00:00.0;0.031556814367601216
2022-11-14T08:00:00.0;0.029131931589761156
2022-11-14T09:00:00.0;0.02719971693459955
2022-11-14T10:00:00.0;0.02474949329316169
2022-11-14T11:00:00.0;0.024004338438790202
2022-11-14T12:00:00.0;0.024547225420517488
2022-11-14T13:00:00.0;0.02590257874580047
2022-11-14T14:00:00.0;0.028098416742964216
2022-11-14T15:00:00.0;0.02962377625381622
2022-11-14T16:00:00.0;0.034047716057057933
2022-11-14T17:00:00.0;0.03791753409759
2022-11-14T18:00:00.0;0.04054987004185763
2022-11-14T19:00:00.0;0.041641891829600784
2022-11-14T20:00:00.0;0.041318803033779654
2022-11-14T21:00:00.0;0.040249340239182245
2022-11-14T22:00:00.0;0.038971308163101424
2022-11-14T23:00:00.0;0.03729065560212275
2022-11-15T00:00:00.0;0.03863540096593215
2022-11-15T01:00:00.0;0.03681662789580995
2022-11-15T02:00:00.0;0.03527302440710055
2022-11-15T03:00:00.0;0.03376336975086679
2022-11-15T04:00:00.0;0.032657675559417676
2022-11-15T05:00:00.0;0.032139536549051516
2022-11-15T06:00:00.0;0.032702985954518995
2022-11-15T07:00:00.0;0.03341131320711589
2022-11-15T08:00:00.0;0.03337259917586363
2022-11-15T09:00:00.0;0.03186469750754713
2022-11-15T10:00:00.0;0.02959651428093802
2022-11-15T11:00:00.0;0.028364657982445158
2022-11-15T12:00:00.0;0.028246114834465527
2022-11-15T13:00:00.0;0.028910812555123632
2022-11-15T14:00:00.0;0.030369165937256824
2022-11-15T15:00:00.0;0.03247348844427303
2022-11-15T16:00:00.0;0.03612687221922438
2022-11-15T17:00:00.0;0.04022839130992276
2022-11-15T18:00:00.0;0.042336642559646656
2022-11-15T19:00:00.0;0.04341582932520365
2022-11-15T20:00:00.0;0.04363147596964632
2022-11-15T21:00:00.0;0.04302632336333843
2022-11-15T22:00:00.0;0.04183730184884762
2022-11-15T23:00:00.0;0.04006604747111198
2022-11-16T00:00:00.0;0.038791121942945886
2022-11-16T01:00:00.0;0.0369480302307795
2022-11-16T02:00:00.0;0.035399024262267875
2022-11-16T03:00:00.0;0.033906761274217594
2022-11-16T04:00:00.0;0.03275483728532644
2022-11-16T05:00:00.0;0.03221195155627706
2022-11-16T06:00:00.0;0.032690647601779255
2022-11-16T07:00:00.0;0.0334993391914205
2022-11-16T08:00:00.0;0.033628322913546616
2022-11-16T09:00:00.0;0.03222706234768742
2022-11-16T10:00:00.0;0.030087224669241585
2022-11-16T11:00:00.0;0.028880417881703004
2022-11-16T12:00:00.0;0.028701753672632467
2022-11-16T13:00:00.0;0.029160818745510627
2022-11-16T14:00:00.0;0.030601259094981348
2022-11-16T15:00:00.0;0.03267413114030145
2022-11-16T16:00:00.0;0.03624235677960228
2022-11-16T17:00:00.0;0.04031859195866287
2022-11-16T18:00:00.0;0.04238196550785469
2022-11-16T19:00:00.0;0.043407071500037156
2022-11-16T20:00:00.0;0.04361866787650824
2022-11-16T21:00:00.0;0.0432455226363555
2022-11-16T22:00:00.0;0.0420304173810756
2022-11-16T23:00:00.0;0.0402752731414019
2022-11-17T00:00:00.0;0.03992712300025432
2022-11-17T01:00:00.0;0.0380802550887088
2022-11-17T02:00:00.0;0.036501048987763234
2022-11-17T03:00:00.0;0.0350425464797558
2022-11-17T04:00:00.0;0.03386417150625488
2022-11-17T05:00:00.0;0.03348897106285456
2022-11-17T06:00:00.0;0.03458819651859508
2022-11-17T07:00:00.0;0.036343729921889854
2022-11-17T08:00:00.0;0.03691847122248854
2022-11-17T09:00:00.0;0.035751513487176784
2022-11-17T10:00:00.0;0.03382073471734066
2022-11-17T11:00:00.0;0.032643874916320925
2022-11-17T12:00:00.0;0.03208645613065439
2022-11-17T13:00:00.0;0.03204911468524742
2022-11-17T14:00:00.0;0.03282977290216613
2022-11-17T15:00:00.0;0.034942138680026186
2022-11-17T16:00:00.0;0.03813001823771527
2022-11-17T17:00:00.0;0.04252010986340926
2022-11-17T18:00:00.0;0.04459421563135986
2022-11-17T19:00:00.0;0.04529264767062604
2022-11-17T20:00:00.0;0.04510618319332046
2022-11-17T21:00:00.0;0.04457731940926654
2022-11-17T22:00:00.0;0.04312516422975988
2022-11-17T23:00:00.0;0.04147532236561405
2022-11-18T00:00:00.0;0.03736955209090343
2022-11-18T01:00:00.0;0.035428443489240305
2022-11-18T02:00:00.0;0.0339176472681289
2022-11-18T03:00:00.0;0.03244768071796072
2022-11-18T04:00:00.0;0.031178451705169016
2022-11-18T05:00:00.0;0.030201780892556686
2022-11-18T06:00:00.0;0.03002432106242602
2022-11-18T07:00:00.0;0.02978551784963531
2022-11-18T08:00:00.0;0.029089367596596263
2022-11-18T09:00:00.0;0.02786289588697832
2022-11-18T10:00:00.0;0.026126392624674866
2022-11-18T11:00:00.0;0.025290699515188815
2022-11-18T12:00:00.0;0.02554213152301673
2022-11-18T13:00:00.0;0.025710063156357623
2022-11-18T14:00:00.0;0.028233581438382692
2022-11-18T15:00:00.0;0.029784045849760563
2022-11-18T16:00:00.0;0.033721970336310275
2022-11-18T17:00:00.0;0.03725528704992929
2022-11-18T18:00:00.0;0.03925280437708733
2022-11-18T19:00:00.0;0.04022390051211696
2022-11-18T20:00:00.0;0.040466260008046935
2022-11-18T21:00:00.0;0.041398417536356466
2022-11-18T22:00:00.0;0.040269940106906876
2022-11-18T23:00:00.0;0.03858749645916478
2022-11-19T00:00:00.0;0.03701745573122508
2022-11-19T01:00:00.0;0.035096956270219366
2022-11-19T02:00:00.0;0.033587905466557544
2022-11-19T03:00:00.0;0.03211664560595727
2022-11-19T04:00:00.0;0.030863677127691624
2022-11-19T05:00:00.0;0.02988365786572394
2022-11-19T06:00:00.0;0.029907238265767275
2022-11-19T07:00:00.0;0.029681322269118408
2022-11-19T08:00:00.0;0.028724708660737938
2022-11-19T09:00:00.0;0.0273664918158124
2022-11-19T10:00:00.0;0.025537203114960876
2022-11-19T11:00:00.0;0.02471510416069243
2022-11-19T12:00:00.0;0.024939586818114135
2022-11-19T13:00:00.0;0.025186912596099443
2022-11-19T14:00:00.0;0.02776516424836968
2022-11-19T15:00:00.0;0.029514748754950863
2022-11-19T16:00:00.0;0.0336441182574811
2022-11-19T17:00:00.0;0.037186233295283616
2022-11-19T18:00:00.0;0.0391718201802108
2022-11-19T19:00:00.0;0.03998579675350948
2022-11-19T20:00:00.0;0.04002383144172183
2022-11-19T21:00:00.0;0.04091739673002634
2022-11-19T22:00:00.0;0.039770471549878374
2022-11-19T23:00:00.0;0.038175448294106906
2022-11-20T00:00:00.0;0.038553550840355263
2022-11-20T01:00:00.0;0.03646405406775872
2022-11-20T02:00:00.0;0.0349481364257733
2022-11-20T03:00:00.0;0.03351800676551201
2022-11-20T04:00:00.0;0.03210186865490015
2022-11-20T05:00:00.0;0.030987809720222973
2022-11-20T06:00:00.0;0.029956875407699313
2022-11-20T07:00:00.0;0.029621587452419582
2022-11-20T08:00:00.0;0.029821639744805926
2022-11-20T09:00:00.0;0.029365585085183412
2022-11-20T10:00:00.0;0.028310501631262072
2022-11-20T11:00:00.0;0.027609471932888978
2022-11-20T12:00:00.0;0.027991553825295654
2022-11-20T13:00:00.0;0.027416236728284922
2022-11-20T14:00:00.0;0.02998502246190131
2022-11-20T15:00:00.0;0.03051692866360611
2022-11-20T16:00:00.0;0.0336923194884674
2022-11-20T17:00:00.0;0.0371070369845235
2022-11-20T18:00:00.0;0.039057935249402646
2022-11-20T19:00:00.0;0.04040796233994092
2022-11-20T20:00:00.0;0.0412568461886116
2022-11-20T21:00:00.0;0.04299554242073975
2022-11-20T22:00:00.0;0.04189097367167399
2022-11-20T23:00:00.0;0.03997220610597625
2022-11-21T00:00:00.0;0.03791284498325527
2022-11-21T01:00:00.0;0.03594470102951153
2022-11-21T02:00:00.0;0.03443191294931243
2022-11-21T03:00:00.0;0.03294865125645514
2022-11-21T04:00:00.0;0.031739146305223176
2022-11-21T05:00:00.0;0.03082934022751895
2022-11-21T06:00:00.0;0.0307355395272177
2022-11-21T07:00:00.0;0.030552720731684628
2022-11-21T08:00:00.0;0.030061012656545382
2022-11-21T09:00:00.0;0.029087736291906256
2022-11-21T10:00:00.0;0.02737926570514357
2022-11-21T11:00:00.0;0.026520910245277564
2022-11-21T12:00:00.0;0.026885379517483987
2022-11-21T13:00:00.0;0.027085407345541282
2022-11-21T14:00:00.0;0.029464934858911586
2022-11-21T15:00:00.0;0.03057338292069725
2022-11-21T16:00:00.0;0.0341979289508546
2022-11-21T17:00:00.0;0.037990231365591653
2022-11-21T18:00:00.0;0.04000813887806676
2022-11-21T19:00:00.0;0.041130620820984086
2022-11-21T20:00:00.0;0.04149084178618437
2022-11-21T21:00:00.0;0.04206954356340523
2022-11-21T22:00:00.0;0.04098414429085157
2022-11-21T23:00:00.0;0.03919915907584977
2022-11-22T00:00:00.0;0.038920244842699195
2022-11-22T01:00:00.0;0.03697639525483957
2022-11-22T02:00:00.0;0.03542127888472448
2022-11-22T03:00:00.0;0.033983274143145684
2022-11-22T04:00:00.0;0.032702522885080326
2022-11-22T05:00:00.0;0.03199799998991703
2022-11-22T06:00:00.0;0.032348611406763844
2022-11-22T07:00:00.0;0.033276003194886286
2022-11-22T08:00:00.0;0.03353043841766291
2022-11-22T09:00:00.0;0.03256091862599654
2022-11-22T10:00:00.0;0.030904773880787176
2022-11-22T11:00:00.0;0.029913656112636855
2022-11-22T12:00:00.0;0.029693367264405017
2022-11-22T13:00:00.0;0.02946279299221026
2022-11-22T14:00:00.0;0.031089982907458853
2022-11-22T15:00:00.0;0.03281230587141601
2022-11-22T16:00:00.0;0.03619843413226182
2022-11-22T17:00:00.0;0.04021471253617048
2022-11-22T18:00:00.0;0.042137998078400005
2022-11-22T19:00:00.0;0.0428779292642018
2022-11-22T20:00:00.0;0.042896924260124016
2022-11-22T21:00:00.0;0.04338695692821671
2022-11-22T22:00:00.0;0.04208958323725357
2022-11-22T23:00:00.0;0.040445321357923066
2022-11-23T00:00:00.0;0.03937034969711353
2022-11-23T01:00:00.0;0.037455128097049116
2022-11-23T02:00:00.0;0.03589315010100864
2022-11-23T03:00:00.0;0.034427736231050846
2022-11-23T04:00:00.0;0.03324459196210847
2022-11-23T05:00:00.0;0.032702189057463936
2022-11-23T06:00:00.0;0.033252013065061876
2022-11-23T07:00:00.0;0.03435348161942809
2022-11-23T08:00:00.0;0.034842581642281024
2022-11-23T09:00:00.0;0.033855574410926646
2022-11-23T10:00:00.0;0.031966804702542165
2022-11-23T11:00:00.0;0.0308118292157586
2022-11-23T12:00:00.0;0.030597672109193445
2022-11-23T13:00:00.0;0.030673056556731478
2022-11-23T14:00:00.0;0.03199709204943059
2022-11-23T15:00:00.0;0.03369588100140573
2022-11-23T16:00:00.0;0.03691284750265077
2022-11-23T17:00:00.0;0.041221484171903515
2022-11-23T18:00:00.0;0.04317438475358063
2022-11-23T19:00:00.0;0.044071751909305
2022-11-23T20:00:00.0;0.04419855328463167
2022-11-23T21:00:00.0;0.04398411060414783
2022-11-23T22:00:00.0;0.042744166705142694
2022-11-23T23:00:00.0;0.041005808102429764
2022-11-24T00:00:00.0;0.037664280690424816
2022-11-24T01:00:00.0;0.03580912052718395
2022-11-24T02:00:00.0;0.03429275961768839
2022-11-24T03:00:00.0;0.0328879685919373
2022-11-24T04:00:00.0;0.03186728662147044
2022-11-24T05:00:00.0;0.03158721094981156
2022-11-24T06:00:00.0;0.03194753248780976
2022-11-24T07:00:00.0;0.032405883421069995
2022-11-24T08:00:00.0;0.032327297058640125
2022-11-24T09:00:00.0;0.030669071867763503
2022-11-24T10:00:00.0;0.028266336277824707
2022-11-24T11:00:00.0;0.02675409218426649
2022-11-24T12:00:00.0;0.026554308096244043
2022-11-24T13:00:00.0;0.027116343081677666
2022-11-24T14:00:00.0;0.02882994725120277
2022-11-24T15:00:00.0;0.03130849071205859
2022-11-24T16:00:00.0;0.03499693442220945
2022-11-24T17:00:00.0;0.03945395504329772
2022-11-24T18:00:00.0;0.0414075936173015
2022-11-24T19:00:00.0;0.04223200814005173
2022-11-24T20:00:00.0;0.04268443713121512
2022-11-24T21:00:00.0;0.04212192753904735
2022-11-24T22:00:00.0;0.04124587763947672
2022-11-24T23:00:00.0;0.03960121601822297
2022-11-25T00:00:00.0;0.03732111266911577
2022-11-25T01:00:00.0;0.03530065435501469
2022-11-25T02:00:00.0;0.033780963642215334
2022-11-25T03:00:00.0;0.032354402896846136
2022-11-25T04:00:00.0;0.030975983628485467
2022-11-25T05:00:00.0;0.029877820442039373
2022-11-25T06:00:00.0;0.02940451211911992
2022-11-25T07:00:00.0;0.029219160552291745
2022-11-25T08:00:00.0;0.028813073249725228
2022-11-25T09:00:00.0;0.027852262035829165
2022-11-25T10:00:00.0;0.02637509671462981
2022-11-25T11:00:00.0;0.025591963299651004
2022-11-25T12:00:00.0;0.025786510833172474
2022-11-25T13:00:00.0;0.02552992745382141
2022-11-25T14:00:00.0;0.028242471150613842
2022-11-25T15:00:00.0;0.029725948855633684
2022-11-25T16:00:00.0;0.03357714091552484
2022-11-25T17:00:00.0;0.03706268749277114
2022-11-25T18:00:00.0;0.038850278362102864
2022-11-25T19:00:00.0;0.03962788765040111
2022-11-25T20:00:00.0;0.03983614920998137
2022-11-25T21:00:00.0;0.04144103441903739
2022-11-25T22:00:00.0;0.04033257553243854
2022-11-25T23:00:00.0;0.03872433964752143
2022-11-26T00:00:00.0;0.03813247114151571
2022-11-26T01:00:00.0;0.03609367108472333
2022-11-26T02:00:00.0;0.03457503764044998
2022-11-26T03:00:00.0;0.033119167128258555
2022-11-26T04:00:00.0;0.0318419244705969
2022-11-26T05:00:00.0;0.0308563031974758
2022-11-26T06:00:00.0;0.03051961732452637
2022-11-26T07:00:00.0;0.030365879340792105
2022-11-26T08:00:00.0;0.030174285956645792
2022-11-26T09:00:00.0;0.029507469470497046
2022-11-26T10:00:00.0;0.02804350828439207
2022-11-26T11:00:00.0;0.02723507405220168
2022-11-26T12:00:00.0;0.027610410904379178
2022-11-26T13:00:00.0;0.027474968281044645
2022-11-26T14:00:00.0;0.029945938498476436
2022-11-26T15:00:00.0;0.03078714753898142
2022-11-26T16:00:00.0;0.03420535346812724
2022-11-26T17:00:00.0;0.038013266957165705
2022-11-26T18:00:00.0;0.03990918624835668
2022-11-26T19:00:00.0;0.0409880420735915
2022-11-26T20:00:00.0;0.04141276832844691
2022-11-26T21:00:00.0;0.04240969177310225
2022-11-26T22:00:00.0;0.04134515290835971
2022-11-26T23:00:00.0;0.03955735339695721
2022-11-27T00:00:00.0;0.03729875388577983
2022-11-27T01:00:00.0;0.035325746444010805
2022-11-27T02:00:00.0;0.033792561817897304
2022-11-27T03:00:00.0;0.03235960546580509
2022-11-27T04:00:00.0;0.031021868650951422
2022-11-27T05:00:00.0;0.030053516878802554
2022-11-27T06:00:00.0;0.029790010285979326
2022-11-27T07:00:00.0;0.029899418865250108
2022-11-27T08:00:00.0;0.029669291944582562
2022-11-27T09:00:00.0;0.02847449607420993
2022-11-27T10:00:00.0;0.02669432197764325
2022-11-27T11:00:00.0;0.02571463188383228
2022-11-27T12:00:00.0;0.025731612087046364
2022-11-27T13:00:00.0;0.02572581502148747
2022-11-27T14:00:00.0;0.028200559305531076
2022-11-27T15:00:00.0;0.03020277277102765
2022-11-27T16:00:00.0;0.034165963776041586
2022-11-27T17:00:00.0;0.0378170603869375
2022-11-27T18:00:00.0;0.03952724695561837
2022-11-27T19:00:00.0;0.04020027203427261
2022-11-27T20:00:00.0;0.04031123830543712
2022-11-27T21:00:00.0;0.04149849425812621
2022-11-27T22:00:00.0;0.04041737827167118
2022-11-27T23:00:00.0;0.038857783226967625
2022-11-28T00:00:00.0;0.03871616480536186
2022-11-28T01:00:00.0;0.036501228220317976
2022-11-28T02:00:00.0;0.03499350058605796
2022-11-28T03:00:00.0;0.03359545945551642
2022-11-28T04:00:00.0;0.032142774145708354
2022-11-28T05:00:00.0;0.030852056876005483
2022-11-28T06:00:00.0;0.030026458002336585
2022-11-28T07:00:00.0;0.029618998243317186
2022-11-28T08:00:00.0;0.02951825453139119
2022-11-28T09:00:00.0;0.029726406383679533
2022-11-28T10:00:00.0;0.029223142439469805
2022-11-28T11:00:00.0;0.028887881336988004
2022-11-28T12:00:00.0;0.029496714576829685
2022-11-28T13:00:00.0;0.028295722029968204
2022-11-28T14:00:00.0;0.031160624633295768
2022-11-28T15:00:00.0;0.030712471989627538
2022-11-28T16:00:00.0;0.03358789688191414
2022-11-28T17:00:00.0;0.037158065557029336
2022-11-28T18:00:00.0;0.039066926017965846
2022-11-28T19:00:00.0;0.04016212998375318
2022-11-28T20:00:00.0;0.040689568726168135
2022-11-28T21:00:00.0;0.04300909825691053
2022-11-28T22:00:00.0;0.04182801445543854
2022-11-28T23:00:00.0;0.03999476122496312
2022-11-29T00:00:00.0;0.03838156186584946
2022-11-29T01:00:00.0;0.03626558825063971
2022-11-29T02:00:00.0;0.03477209967989379
2022-11-29T03:00:00.0;0.03333195899955191
2022-11-29T04:00:00.0;0.0319850015098349
2022-11-29T05:00:00.0;0.030778864457357617
2022-11-29T06:00:00.0;0.030398523253219192
2022-11-29T07:00:00.0;0.029888826780937072
2022-11-29T08:00:00.0;0.02916186097271288
2022-11-29T09:00:00.0;0.02897264741460416
2022-11-29T10:00:00.0;0.028190945925279515
2022-11-29T11:00:00.0;0.027871824975069643
2022-11-29T12:00:00.0;0.028522466237643596
2022-11-29T13:00:00.0;0.027756100725978564
2022-11-29T14:00:00.0;0.0305341491878574
2022-11-29T15:00:00.0;0.030305054427886644
2022-11-29T16:00:00.0;0.03347495137967894
2022-11-29T17:00:00.0;0.03700373972814935
2022-11-29T18:00:00.0;0.03915084127117071
2022-11-29T19:00:00.0;0.04029919481840294
2022-11-29T20:00:00.0;0.040667269031879436
2022-11-29T21:00:00.0;0.04241623782075662
2022-11-29T22:00:00.0;0.04116720245361018
2022-11-29T23:00:00.0;0.03934538687063143
2022-11-30T00:00:00.0;0.03808672913550302
2022-11-30T01:00:00.0;0.036057955957449955
2022-11-30T02:00:00.0;0.034577014024756735
2022-11-30T03:00:00.0;0.033099777659505225
2022-11-30T04:00:00.0;0.031845981401176233
2022-11-30T05:00:00.0;0.030714371537295237
2022-11-30T06:00:00.0;0.030726365602556018
2022-11-30T07:00:00.0;0.030126584060020722
2022-11-30T08:00:00.0;0.028847827610853798
2022-11-30T09:00:00.0;0.02830847866821042
2022-11-30T10:00:00.0;0.027281434141024782
2022-11-30T11:00:00.0;0.02697653495817139
2022-11-30T12:00:00.0;0.02766401502888762
2022-11-30T13:00:00.0;0.02728061768736504
2022-11-30T14:00:00.0;0.02998213531032614
2022-11-30T15:00:00.0;0.029946061669800888
2022-11-30T16:00:00.0;0.033375430344828254
2022-11-30T17:00:00.0;0.03686775674617684
2022-11-30T18:00:00.0;0.039224782531986156
2022-11-30T19:00:00.0;0.04041996841200364
2022-11-30T20:00:00.0;0.04064761983285384
2022-11-30T21:00:00.0;0.04189384354245064
2022-11-30T22:00:00.0;0.040584933191335715
2022-11-30T23:00:00.0;0.03877319580087104
2022-12-01T00:00:00.0;0.03770093729351932
2022-12-01T01:00:00.0;0.03578626683816237
2022-12-01T02:00:00.0;0.034321742318147073
2022-12-01T03:00:00.0;0.03279596584476674
2022-12-01T04:00:00.0;0.03166407207337133
2022-12-01T05:00:00.0;0.030629981848278906
2022-12-01T06:00:00.0;0.03115535089086611
2022-12-01T07:00:00.0;0.030437692051779083
2022-12-01T08:00:00.0;0.028436911533206675
2022-12-01T09:00:00.0;0.027439406622653716
2022-12-01T10:00:00.0;0.026091328055648108
2022-12-01T11:00:00.0;0.025805038210429218
2022-12-01T12:00:00.0;0.026540722263223685
2022-12-01T13:00:00.0;0.026658442947528074
2022-12-01T14:00:00.0;0.029259819133410806
2022-12-01T15:00:00.0;0.029476315732034842
2022-12-01T16:00:00.0;0.033245205985727916
2022-12-01T17:00:00.0;0.03668982153175215
2022-12-01T18:00:00.0;0.03932153547788558
2022-12-01T19:00:00.0;0.040578001975928035
2022-12-01T20:00:00.0;0.04062190864170935
2022-12-01T21:00:00.0;0.04121028493404038
2022-12-01T22:00:00.0;0.03982302751363364
2022-12-01T23:00:00.0;0.03802447754794811
2022-12-02T00:00:00.0;0.03888733875955972
2022-12-02T01:00:00.0;0.03662227495814962
2022-12-02T02:00:00.0;0.03510905217253538
2022-12-02T03:00:00.0;0.03374597188036544
2022-12-02T04:00:00.0;0.032230444590745325
2022-12-02T05:00:00.0;0.030898659359534755
2022-12-02T06:00:00.0;0.02976369794281095
2022-12-02T07:00:00.0;0.02940398162293002
2022-12-02T08:00:00.0;0.02969603133949355
2022-12-02T09:00:00.0;0.03012623100378774
2022-12-02T10:00:00.0;0.02983733444254621
2022-12-02T11:00:00.0;0.02947700515714545
2022-12-02T12:00:00.0;0.03004263570937419
2022-12-02T13:00:00.0;0.028566979065299303
2022-12-02T14:00:00.0;0.03147561514483543
2022-12-02T15:00:00.0;0.030926987331332832
2022-12-02T16:00:00.0;0.03359743501956335
2022-12-02T17:00:00.0;0.03714775801637117
2022-12-02T18:00:00.0;0.03893193086824139
2022-12-02T19:00:00.0;0.04004256970835651
2022-12-02T20:00:00.0;0.040718378153146266
2022-12-02T21:00:00.0;0.043384953118986255
2022-12-02T22:00:00.0;0.04225540419980313
2022-12-02T23:00:00.0;0.040412303326753996
2022-12-03T00:00:00.0;0.03857950935840462
2022-12-03T01:00:00.0;0.0363534980787278
2022-12-03T02:00:00.0;0.034832869520094886
2022-12-03T03:00:00.0;0.03345245362472486
2022-12-03T04:00:00.0;0.03196059327047718
2022-12-03T05:00:00.0;0.030678006819074358
2022-12-03T06:00:00.0;0.02968683917510716
2022-12-03T07:00:00.0;0.02941830062157636
2022-12-03T08:00:00.0;0.02964798757175982
2022-12-03T09:00:00.0;0.02980426966563469
2022-12-03T10:00:00.0;0.029201008676781073
2022-12-03T11:00:00.0;0.028724716374700292
2022-12-03T12:00:00.0;0.02919981162101593
2022-12-03T13:00:00.0;0.02799466643767799
2022-12-03T14:00:00.0;0.030858289280485816
2022-12-03T15:00:00.0;0.03077844262484915
2022-12-03T16:00:00.0;0.033714389151003436
2022-12-03T17:00:00.0;0.03732133478320383
2022-12-03T18:00:00.0;0.039040893774496675
2022-12-03T19:00:00.0;0.04001813101057658
2022-12-03T20:00:00.0;0.04055878982439284
2022-12-03T21:00:00.0;0.04299923098762152
2022-12-03T22:00:00.0;0.041887749249694795
2022-12-03T23:00:00.0;0.04010474489197958
2022-12-04T00:00:00.0;0.03895870610388299
2022-12-04T01:00:00.0;0.03667203492127682
2022-12-04T02:00:00.0;0.03515398591638132
2022-12-04T03:00:00.0;0.0337864611928104
2022-12-04T04:00:00.0;0.03225713769562699
2022-12-04T05:00:00.0;0.03090511135390883
2022-12-04T06:00:00.0;0.029756761659515563
2022-12-04T07:00:00.0;0.02942340951361937
2022-12-04T08:00:00.0;0.029776591044012292
2022-12-04T09:00:00.0;0.030272778389250975
2022-12-04T10:00:00.0;0.029971343525944175
2022-12-04T11:00:00.0;0.02962438302388129
2022-12-04T12:00:00.0;0.030202911173944434
2022-12-04T13:00:00.0;0.028686873560107292
2022-12-04T14:00:00.0;0.03161473351903852
2022-12-04T15:00:00.0;0.03100779391539707
2022-12-04T16:00:00.0;0.03366976690019361
2022-12-04T17:00:00.0;0.03726993064400809
2022-12-04T18:00:00.0;0.03900609895378137
2022-12-04T19:00:00.0;0.040062776753246654
2022-12-04T20:00:00.0;0.040705732950000975
2022-12-04T21:00:00.0;0.043438840865376895
2022-12-04T22:00:00.0;0.042307012641274434
2022-12-04T23:00:00.0;0.040465468683048955
2022-12-05T00:00:00.0;0.03895430975464769
2022-12-05T01:00:00.0;0.036668566876592076
2022-12-05T02:00:00.0;0.03515031894198768
2022-12-05T03:00:00.0;0.033782508111439034
2022-12-05T04:00:00.0;0.03225453625864796
2022-12-05T05:00:00.0;0.030904950185747668
2022-12-05T06:00:00.0;0.02976096342563301
2022-12-05T07:00:00.0;0.02943126230582548
2022-12-05T08:00:00.0;0.029786050112000608
2022-12-05T09:00:00.0;0.030277182836382047
2022-12-05T10:00:00.0;0.029968125392462814
2022-12-05T11:00:00.0;0.029616836399970408
2022-12-05T12:00:00.0;0.0301932395763678
2022-12-05T13:00:00.0;0.028684695028787136
2022-12-05T14:00:00.0;0.03160961382613938
2022-12-05T15:00:00.0;0.031012702476079446
2022-12-05T16:00:00.0;0.0336780778765368
2022-12-05T17:00:00.0;0.037282483654290995
2022-12-05T18:00:00.0;0.03901657419096909
2022-12-05T19:00:00.0;0.040071286560988476
2022-12-05T20:00:00.0;0.040712287428029625
2022-12-05T21:00:00.0;0.04343525646849581
2022-12-05T22:00:00.0;0.04230501921838499
2022-12-05T23:00:00.0;0.040464451101527875
2022-12-06T00:00:00.0;0.03871131713193857
2022-12-06T01:00:00.0;0.036497814306441015
2022-12-06T02:00:00.0;0.03499029296543674
2022-12-06T03:00:00.0;0.03359164190340745
2022-12-06T04:00:00.0;0.032140488361205206
2022-12-06T05:00:00.0;0.030850996476048498
2022-12-06T06:00:00.0;0.03003184842368512
2022-12-06T07:00:00.0;0.02962290747565259
2022-12-06T08:00:00.0;0.029513091158991794
2022-12-06T09:00:00.0;0.02971548604530094
2022-12-06T10:00:00.0;0.029208188142843667
2022-12-06T11:00:00.0;0.028873160876284918
2022-12-06T12:00:00.0;0.029482599824017196
2022-12-06T13:00:00.0;0.028287904083545496
2022-12-06T14:00:00.0;0.031151548358079487
2022-12-06T15:00:00.0;0.030706569389700865
2022-12-06T16:00:00.0;0.03358626054569347
2022-12-06T17:00:00.0;0.037155829709310015
2022-12-06T18:00:00.0;0.03906814176862053
2022-12-06T19:00:00.0;0.04016411575697193
2022-12-06T20:00:00.0;0.04068924565179375
2022-12-06T21:00:00.0;0.04300050899052737
2022-12-06T22:00:00.0;0.04181844071773104
2022-12-06T23:00:00.0;0.039985353194047904
2022-12-07T00:00:00.0;0.03878791000055264
2022-12-07T01:00:00.0;0.036537303013817315
2022-12-07T02:00:00.0;0.03501152568314607
2022-12-07T03:00:00.0;0.03363288583784172
2022-12-07T04:00:00.0;0.03215607309058823
2022-12-07T05:00:00.0;0.030898850046529945
2022-12-07T06:00:00.0;0.029919998300090643
2022-12-07T07:00:00.0;0.029728486803270844
2022-12-07T08:00:00.0;0.030144071393518896
2022-12-07T09:00:00.0;0.030443889092029393
2022-12-07T10:00:00.0;0.02984632055138156
2022-12-07T11:00:00.0;0.029331200228727303
2022-12-07T12:00:00.0;0.029827174149732474
2022-12-07T13:00:00.0;0.028602238641325526
2022-12-07T14:00:00.0;0.03141583585403969
2022-12-07T15:00:00.0;0.031198489192919433
2022-12-07T16:00:00.0;0.03399264442841425
2022-12-07T17:00:00.0;0.03775760919878976
2022-12-07T18:00:00.0;0.039413056999506875
2022-12-07T19:00:00.0;0.0403933787879357
2022-12-07T20:00:00.0;0.04096037134352743
2022-12-07T21:00:00.0;0.04329958872972703
2022-12-07T22:00:00.0;0.0422295690981017
2022-12-07T23:00:00.0;0.04042593611879631
2022-12-08T00:00:00.0;0.038420805524608574
2022-12-08T01:00:00.0;0.03629140419832809
2022-12-08T02:00:00.0;0.03479435593502705
2022-12-08T03:00:00.0;0.03336046011051981
2022-12-08T04:00:00.0;0.03200091876945188
2022-12-08T05:00:00.0;0.030791367512735
2022-12-08T06:00:00.0;0.03035152374877468
2022-12-08T07:00:00.0;0.02987826678494753
2022-12-08T08:00:00.0;0.029272888544691494
2022-12-08T09:00:00.0;0.029131094103327048
2022-12-08T10:00:00.0;0.028362642997462727
2022-12-08T11:00:00.0;0.02801940160279667
2022-12-08T12:00:00.0;0.028652047949032033
2022-12-08T13:00:00.0;0.027843433428425345
2022-12-08T14:00:00.0;0.030622857019307073
2022-12-08T15:00:00.0;0.030403071981277226
2022-12-08T16:00:00.0;0.03353614757690134
2022-12-08T17:00:00.0;0.03709321685062061
2022-12-08T18:00:00.0;0.039186881540467934
2022-12-08T19:00:00.0;0.04031596152016549
2022-12-08T20:00:00.0;0.04070340498673961
2022-12-08T21:00:00.0;0.04250635679730342
2022-12-08T22:00:00.0;0.04127745001694251
2022-12-08T23:00:00.0;0.03945833436560332
2022-12-09T00:00:00.0;0.03766996015553277
2022-12-09T01:00:00.0;0.03576523095475107
2022-12-09T02:00:00.0;0.03430481578126951
2022-12-09T03:00:00.0;0.03279608294976214
2022-12-09T04:00:00.0;0.03166032040724464
2022-12-09T05:00:00.0;0.030637494115621375
2022-12-09T06:00:00.0;0.031076818921372977
2022-12-09T07:00:00.0;0.030342584432493727
2022-12-09T08:00:00.0;0.02839682739942653
2022-12-09T09:00:00.0;0.027391810215649764
2022-12-09T10:00:00.0;0.026130158991689877
2022-12-09T11:00:00.0;0.025819137745978916
2022-12-09T12:00:00.0;0.026524661232594095
2022-12-09T13:00:00.0;0.02660099924438118
2022-12-09T14:00:00.0;0.029193244466431956
2022-12-09T15:00:00.0;0.029448100031193258
2022-12-09T16:00:00.0;0.03315949248392104
2022-12-09T17:00:00.0;0.03653629409719448
2022-12-09T18:00:00.0;0.03918568080599312
2022-12-09T19:00:00.0;0.040513562471530096
2022-12-09T20:00:00.0;0.0406469904896562
2022-12-09T21:00:00.0;0.041268597259980166
2022-12-09T22:00:00.0;0.039901214323122686
2022-12-09T23:00:00.0;0.03809748878629552
2022-12-10T00:00:00.0;0.038534143524795915
2022-12-10T01:00:00.0;0.03637304199130319
2022-12-10T02:00:00.0;0.03487306029190755
2022-12-10T03:00:00.0;0.033452117348318364
2022-12-10T04:00:00.0;0.03205694711363924
2022-12-10T05:00:00.0;0.030812240794923177
2022-12-10T06:00:00.0;0.03022885847592009
2022-12-10T07:00:00.0;0.029765782775522373
2022-12-10T08:00:00.0;0.029324379331039947
2022-12-10T09:00:00.0;0.02931636762852364
2022-12-10T10:00:00.0;0.02866163592197652
2022-12-10T11:00:00.0;0.028335154931197707
2022-12-10T12:00:00.0;0.028966731395730562
2022-12-10T13:00:00.0;0.02800217242482727
2022-12-10T14:00:00.0;0.030819827080865454
2022-12-10T15:00:00.0;0.030490840146161963
2022-12-10T16:00:00.0;0.03352645544633986
2022-12-10T17:00:00.0;0.0370741135599606
2022-12-10T18:00:00.0;0.03911257523392798
2022-12-10T19:00:00.0;0.04023669214020006
2022-12-10T20:00:00.0;0.04067743787365209
2022-12-10T21:00:00.0;0.042686586996421076
2022-12-10T22:00:00.0;0.04146853809530427
2022-12-10T23:00:00.0;0.03964150685214026
2022-12-11T00:00:00.0;0.03821796123123584
2022-12-11T01:00:00.0;0.036150374533043934
2022-12-11T02:00:00.0;0.03466384800462377
2022-12-11T03:00:00.0;0.033203123186335226
2022-12-11T04:00:00.0;0.03190786021696051
2022-12-11T05:00:00.0;0.030743077783883837
2022-12-11T06:00:00.0;0.030580440696176426
2022-12-11T07:00:00.0;0.030020756644003454
2022-12-11T08:00:00.0;0.02898760604101101
2022-12-11T09:00:00.0;0.02860410478952698
2022-12-11T10:00:00.0;0.027686264152269446
2022-12-11T11:00:00.0;0.027375034762003116
2022-12-11T12:00:00.0;0.0280461176233894
2022-12-11T13:00:00.0;0.02749225848982731
2022-12-11T14:00:00.0;0.030227840520656437
2022-12-11T15:00:00.0;0.030105851839437554
2022-12-11T16:00:00.0;0.03341972784856065
2022-12-11T17:00:00.0;0.036928283715781884
2022-12-11T18:00:00.0;0.039191870763314686
2022-12-11T19:00:00.0;0.04036621124678396
2022-12-11T20:00:00.0;0.040656365827793306
2022-12-11T21:00:00.0;0.04212636486347349
2022-12-11T22:00:00.0;0.040844105283522676
2022-12-11T23:00:00.0;0.03902788201958233
2022-12-12T00:00:00.0;0.03737712802833854
2022-12-12T01:00:00.0;0.035558228179745535
2022-12-12T02:00:00.0;0.03410748339729045
2022-12-12T03:00:00.0;0.032540965428019035
2022-12-12T04:00:00.0;0.03151138889203926
2022-12-12T05:00:00.0;0.030559150482201525
2022-12-12T06:00:00.0;0.0315154140022756
2022-12-12T07:00:00.0;0.030698816417927276
2022-12-12T08:00:00.0;0.028092014574085646
2022-12-12T09:00:00.0;0.026709962529139795
2022-12-12T10:00:00.0;0.025092428299210885
2022-12-12T11:00:00.0;0.024821757954689428
2022-12-12T12:00:00.0;0.025597901380432997
2022-12-12T13:00:00.0;0.026136228832567193
2022-12-12T14:00:00.0;0.02865355263157788
2022-12-12T15:00:00.0;0.029082040710179655
2022-12-12T16:00:00.0;0.03313590389729573
2022-12-12T17:00:00.0;0.03654047396977058
2022-12-12T18:00:00.0;0.039402743779633674
2022-12-12T19:00:00.0;0.04071064535155031
2022-12-12T20:00:00.0;0.040600328294471806
2022-12-12T21:00:00.0;0.040636549083227155
2022-12-12T22:00:00.0;0.039183532089455665
2022-12-12T23:00:00.0;0.03739605081383212
2022-12-13T00:00:00.0;0.03787748430747256
2022-12-13T01:00:00.0;0.03591130809556222
2022-12-13T02:00:00.0;0.034441814002669706
2022-12-13T03:00:00.0;0.0329573332419278
2022-12-13T04:00:00.0;0.03175720926103905
2022-12-13T05:00:00.0;0.030681620730002867
2022-12-13T06:00:00.0;0.030856086839453335
2022-12-13T07:00:00.0;0.030185891666042474
2022-12-13T08:00:00.0;0.028618495511437952
2022-12-13T09:00:00.0;0.027857330258651197
2022-12-13T10:00:00.0;0.026758410823855435
2022-12-13T11:00:00.0;0.026439706779304305
2022-12-13T12:00:00.0;0.027122320716383097
2022-12-13T13:00:00.0;0.026936342265289372
2022-12-13T14:00:00.0;0.029582552056592208
2022-12-13T15:00:00.0;0.029699941217832655
2022-12-13T16:00:00.0;0.03323622139976052
2022-12-13T17:00:00.0;0.03664436591296363
2022-12-13T18:00:00.0;0.039146382088089016
2022-12-13T19:00:00.0;0.04043539853647845
2022-12-13T20:00:00.0;0.04065841178923544
2022-12-13T21:00:00.0;0.041626249124324215
2022-12-13T22:00:00.0;0.04029868830237817
2022-12-13T23:00:00.0;0.03848842231907004
2022-12-14T00:00:00.0;0.03726277598050429
2022-12-14T01:00:00.0;0.03547780307877302
2022-12-14T02:00:00.0;0.034032303844211506
2022-12-14T03:00:00.0;0.032454243863416755
2022-12-14T04:00:00.0;0.031458944440708736
2022-12-14T05:00:00.0;0.03053607828965233
2022-12-14T06:00:00.0;0.03162721646168207
2022-12-14T07:00:00.0;0.030774712750839768
2022-12-14T08:00:00.0;0.027969252072089976
2022-12-14T09:00:00.0;0.026455376853718928
2022-12-14T10:00:00.0;0.024757932866467557
2022-12-14T11:00:00.0;0.024489214686484066
2022-12-14T12:00:00.0;0.025275021700397964
2022-12-14T13:00:00.0;0.02595079354165823
2022-12-14T14:00:00.0;0.02843828641480912
2022-12-14T15:00:00.0;0.028944095239701477
2022-12-14T16:00:00.0;0.03308707756666114
2022-12-14T17:00:00.0;0.03646881107223744
2022-12-14T18:00:00.0;0.03941190518660284
2022-12-14T19:00:00.0;0.040747006829330135
2022-12-14T20:00:00.0;0.04059639619168482
2022-12-14T21:00:00.0;0.04044931895764451
2022-12-14T22:00:00.0;0.03897663482632221
2022-12-14T23:00:00.0;0.03719221521704543
2022-12-15T00:00:00.0;0.03846470451294474
2022-12-15T01:00:00.0;0.03632476574978131
2022-12-15T02:00:00.0;0.03482997842661043
2022-12-15T03:00:00.0;0.03341710042978075
2022-12-15T04:00:00.0;0.03203291417181096
2022-12-15T05:00:00.0;0.030808515376955288
2022-12-15T06:00:00.0;0.030215426837821188
2022-12-15T07:00:00.0;0.029725429174577347
2022-12-15T08:00:00.0;0.029244729951166868
2022-12-15T09:00:00.0;0.029177742831919286
2022-12-15T10:00:00.0;0.02855525314984292
2022-12-15T11:00:00.0;0.028211080059748483
2022-12-15T12:00:00.0;0.028824028632549393
2022-12-15T13:00:00.0;0.027884180237275315
2022-12-15T14:00:00.0;0.030682935719046556
2022-12-15T15:00:00.0;0.03041391432414143
2022-12-15T16:00:00.0;0.0334426351992855
2022-12-15T17:00:00.0;0.03693037033144668
2022-12-15T18:00:00.0;0.039014756507545614
2022-12-15T19:00:00.0;0.04020325400149883
2022-12-15T20:00:00.0;0.04069459040153934
2022-12-15T21:00:00.0;0.04265437532253389
2022-12-15T22:00:00.0;0.04144321791075374
2022-12-15T23:00:00.0;0.03961355819469496
2022-12-16T00:00:00.0;0.03825575795057085
2022-12-16T01:00:00.0;0.03617699240379851
2022-12-16T02:00:00.0;0.03468885743198564
2022-12-16T03:00:00.0;0.03323288817522998
2022-12-16T04:00:00.0;0.03192568220037029
2022-12-16T05:00:00.0;0.03075134559321365
2022-12-16T06:00:00.0;0.030538412237363678
2022-12-16T07:00:00.0;0.029990276835547922
2022-12-16T08:00:00.0;0.02902786422681715
2022-12-16T09:00:00.0;0.028689249337993612
2022-12-16T10:00:00.0;0.02780286098193951
2022-12-16T11:00:00.0;0.02748980840145753
2022-12-16T12:00:00.0;0.02815616863218353
2022-12-16T13:00:00.0;0.02755321406602103
2022-12-16T14:00:00.0;0.030298607133215243
2022-12-16T15:00:00.0;0.03015187369225127
2022-12-16T16:00:00.0;0.03343248616280128
2022-12-16T17:00:00.0;0.036945716348169455
2022-12-16T18:00:00.0;0.039182391703513446
2022-12-16T19:00:00.0;0.04035072841482346
2022-12-16T20:00:00.0;0.04065888479934662
2022-12-16T21:00:00.0;0.04219333432746803
2022-12-16T22:00:00.0;0.04091875055054487
2022-12-16T23:00:00.0;0.03910123529092477
2022-12-17T00:00:00.0;0.038930478680988354
2022-12-17T01:00:00.0;0.03664976781766553
2022-12-17T02:00:00.0;0.03513044155459092
2022-12-17T03:00:00.0;0.03376107983804665
2022-12-17T04:00:00.0;0.03224043477740766
2022-12-17T05:00:00.0;0.030904076549438404
2022-12-17T06:00:00.0;0.029783739732173933
2022-12-17T07:00:00.0;0.02947382954957233
2022-12-17T08:00:00.0;0.02983732441572703
2022-12-17T09:00:00.0;0.03030105780590595
2022-12-17T10:00:00.0;0.029950681014881506
2022-12-17T11:00:00.0;0.029575928787614343
2022-12-17T12:00:00.0;0.03014081322397488
2022-12-17T13:00:00.0;0.028672885971412217
2022-12-17T14:00:00.0;0.03158186175912595
2022-12-17T15:00:00.0;0.031039310069089537
2022-12-17T16:00:00.0;0.033723128776457445
2022-12-17T17:00:00.0;0.037350529138552434
2022-12-17T18:00:00.0;0.03907335679300063
2022-12-17T19:00:00.0;0.04011741525647377
2022-12-17T20:00:00.0;0.04074781696409221
2022-12-17T21:00:00.0;0.04341582670495212
2022-12-17T22:00:00.0;0.042294213569158794
2022-12-17T23:00:00.0;0.040458935147520275
2022-12-18T00:00:00.0;0.03831319974318527
2022-12-18T01:00:00.0;0.03616282949118671
2022-12-18T02:00:00.0;0.03461557207141219
2022-12-18T03:00:00.0;0.03320603888489067
2022-12-18T04:00:00.0;0.0318751743831049
2022-12-18T05:00:00.0;0.030881447384646394
2022-12-18T06:00:00.0;0.030373697805806572
2022-12-18T07:00:00.0;0.030576417850077506
2022-12-18T08:00:00.0;0.03116544534696521
2022-12-18T09:00:00.0;0.030919473746306613
2022-12-18T10:00:00.0;0.029498832012274417
2022-12-18T11:00:00.0;0.0285163287098259
2022-12-18T12:00:00.0;0.028782851615505037
2022-12-18T13:00:00.0;0.02836700456224674
2022-12-18T14:00:00.0;0.030863020187286767
2022-12-18T15:00:00.0;0.03172850716467783
2022-12-18T16:00:00.0;0.03489004941325348
2022-12-18T17:00:00.0;0.03911306173979533
2022-12-18T18:00:00.0;0.04054415516191891
2022-12-18T19:00:00.0;0.041312253246505025
2022-12-18T20:00:00.0;0.04166811265008854
2022-12-18T21:00:00.0;0.042912551696303335
2022-12-18T22:00:00.0;0.04201432271019164
2022-12-18T23:00:00.0;0.04031605940975648
2022-12-19T00:00:00.0;0.03981505819054148
2022-12-19T01:00:00.0;0.03791175514876807
2022-12-19T02:00:00.0;0.03632395924675502
2022-12-19T03:00:00.0;0.03486693572982647
2022-12-19T04:00:00.0;0.03372884294818023
2022-12-19T05:00:00.0;0.03336607450001977
2022-12-19T06:00:00.0;0.034355375942058106
2022-12-19T07:00:00.0;0.03608079953241457
2022-12-19T08:00:00.0;0.03698012392611553
2022-12-19T09:00:00.0;0.036011468596586306
2022-12-19T10:00:00.0;0.033926163168214216
2022-12-19T11:00:00.0;0.032584489370274236
2022-12-19T12:00:00.0;0.03212655287629865
2022-12-19T13:00:00.0;0.0322411735592475
2022-12-19T14:00:00.0;0.03314158943793213
2022-12-19T15:00:00.0;0.0351718008669036
2022-12-19T16:00:00.0;0.03826038367044635
2022-12-19T17:00:00.0;0.042990049785722975
2022-12-19T18:00:00.0;0.04479530972084082
2022-12-19T19:00:00.0;0.045445848063342086
2022-12-19T20:00:00.0;0.04532499025515595
2022-12-19T21:00:00.0;0.04461664970919696
2022-12-19T22:00:00.0;0.04336962610584803
2022-12-19T23:00:00.0;0.041713521410103
2022-12-20T00:00:00.0;0.039099020548858575
2022-12-20T01:00:00.0;0.03716765174494262
2022-12-20T02:00:00.0;0.03558192826838636
2022-12-20T03:00:00.0;0.03412444964814551
2022-12-20T04:00:00.0;0.032998542389119236
2022-12-20T05:00:00.0;0.032567879577260116
2022-12-20T06:00:00.0;0.03331856202192512
2022-12-20T07:00:00.0;0.03475853814176649
2022-12-20T08:00:00.0;0.03564654097715425
2022-12-20T09:00:00.0;0.03463288624134052
2022-12-20T10:00:00.0;0.03234462969405168
2022-12-20T11:00:00.0;0.030881908317795748
2022-12-20T12:00:00.0;0.030538704101545508
2022-12-20T13:00:00.0;0.030891877377573183
2022-12-20T14:00:00.0;0.0321394688635989
2022-12-20T15:00:00.0;0.034344447513517694
2022-12-20T16:00:00.0;0.037641064640864044
2022-12-20T17:00:00.0;0.04244022140642892
2022-12-20T18:00:00.0;0.04401371245327948
2022-12-20T19:00:00.0;0.04459482133532818
2022-12-20T20:00:00.0;0.044519197611972094
2022-12-20T21:00:00.0;0.043880467952888226
2022-12-20T22:00:00.0;0.04283070408780369
2022-12-20T23:00:00.0;0.04121422175569092
2022-12-21T00:00:00.0;0.03860839410559818
2022-12-21T01:00:00.0;0.0364500088726882
2022-12-21T02:00:00.0;0.03490566341866674
2022-12-21T03:00:00.0;0.033501359352555216
2022-12-21T04:00:00.0;0.03214275032161297
2022-12-21T05:00:00.0;0.031126171426161576
2022-12-21T06:00:00.0;0.030613086673337727
2022-12-21T07:00:00.0;0.03083732902687415
2022-12-21T08:00:00.0;0.031401203609169086
2022-12-21T09:00:00.0;0.031258813071055117
2022-12-21T10:00:00.0;0.030035308749917108
2022-12-21T11:00:00.0;0.029166508033200117
2022-12-21T12:00:00.0;0.029436080149913234
2022-12-21T13:00:00.0;0.028814612987077125
2022-12-21T14:00:00.0;0.031257770532030424
2022-12-21T15:00:00.0;0.03189185140503157
2022-12-21T16:00:00.0;0.0349298130892336
2022-12-21T17:00:00.0;0.039056283252131715
2022-12-21T18:00:00.0;0.04059457712449198
2022-12-21T19:00:00.0;0.041418687063087656
2022-12-21T20:00:00.0;0.04179563510949444
2022-12-21T21:00:00.0;0.04319940125509918
2022-12-21T22:00:00.0;0.042213090724616084
2022-12-21T23:00:00.0;0.040485456775790275
2022-12-22T00:00:00.0;0.03847971177315195
2022-12-22T01:00:00.0;0.03630137203116999
2022-12-22T02:00:00.0;0.034769110713463086
2022-12-22T03:00:00.0;0.03336525203639551
2022-12-22T04:00:00.0;0.031983919044599136
2022-12-22T05:00:00.0;0.030872077998545806
2022-12-22T06:00:00.0;0.0302278313384244
2022-12-22T07:00:00.0;0.030195729443690204
2022-12-22T08:00:00.0;0.03053382587499779
2022-12-22T09:00:00.0;0.030476082591675085
2022-12-22T10:00:00.0;0.0294207735752076
2022-12-22T11:00:00.0;0.028689980158254226
2022-12-22T12:00:00.0;0.029088680052349457
2022-12-22T13:00:00.0;0.028354577239152332
2022-12-22T14:00:00.0;0.030996782895464918
2022-12-22T15:00:00.0;0.03134424005811076
2022-12-22T16:00:00.0;0.03438593590117812
2022-12-22T17:00:00.0;0.038355773719856226
2022-12-22T18:00:00.0;0.039966232964647
2022-12-22T19:00:00.0;0.040860261796111554
2022-12-22T20:00:00.0;0.041287501083643735
2022-12-22T21:00:00.0;0.04296702535223135
2022-12-22T22:00:00.0;0.04196052696959977
2022-12-22T23:00:00.0;0.04020934566503877
2022-12-23T00:00:00.0;0.03825642726414937
2022-12-23T01:00:00.0;0.03611804472009087
2022-12-23T02:00:00.0;0.03456821841142175
2022-12-23T03:00:00.0;0.033154990567918666
2022-12-23T04:00:00.0;0.03184158059461117
2022-12-23T05:00:00.0;0.03087936613141536
2022-12-23T06:00:00.0;0.030427957525871817
2022-12-23T07:00:00.0;0.030677825280887375
2022-12-23T08:00:00.0;0.03128759550163306
2022-12-23T09:00:00.0;0.03097635079793066
2022-12-23T10:00:00.0;0.02945727448219053
2022-12-23T11:00:00.0;0.02841887499883946
2022-12-23T12:00:00.0;0.028657956949209137
2022-12-23T13:00:00.0;0.028338871987448187
2022-12-23T14:00:00.0;0.030796906773126523
2022-12-23T15:00:00.0;0.031791894112238595
2022-12-23T16:00:00.0;0.034997373628177834
2022-12-23T17:00:00.0;0.03927516567535204
2022-12-23T18:00:00.0;0.04067942766913036
2022-12-23T19:00:00.0;0.04142214508078949
2022-12-23T20:00:00.0;0.04175275423485733
2022-12-23T21:00:00.0;0.04286626440521336
2022-12-23T22:00:00.0;0.041988580542510354
2022-12-23T23:00:00.0;0.040302918819125275
2022-12-24T00:00:00.0;0.03713307284690835
2022-12-24T01:00:00.0;0.03517218103601663
2022-12-24T02:00:00.0;0.03361637417932736
2022-12-24T03:00:00.0;0.03216629985835965
2022-12-24T04:00:00.0;0.030954856994169628
2022-12-24T05:00:00.0;0.030182283486231302
2022-12-24T06:00:00.0;0.030171549441920548
2022-12-24T07:00:00.0;0.030584925609593618
2022-12-24T08:00:00.0;0.03079898826009681
2022-12-24T09:00:00.0;0.029491735838588492
2022-12-24T10:00:00.0;0.027119038485960312
2022-12-24T11:00:00.0;0.025725304699141333
2022-12-24T12:00:00.0;0.025667070302836853
2022-12-24T13:00:00.0;0.026230771007200317
2022-12-24T14:00:00.0;0.02852009382274689
2022-12-24T15:00:00.0;0.031038070755296007
2022-12-24T16:00:00.0;0.035052964006258173
2022-12-24T17:00:00.0;0.039309926307580116
2022-12-24T18:00:00.0;0.04068351300184522
2022-12-24T19:00:00.0;0.04120115623844961
2022-12-24T20:00:00.0;0.041236274996661375
2022-12-24T21:00:00.0;0.041549073985068685
2022-12-24T22:00:00.0;0.040718347078046495
2022-12-24T23:00:00.0;0.039203185943332546
2022-12-25T00:00:00.0;0.03786079950903497
2022-12-25T01:00:00.0;0.035744796028691656
2022-12-25T02:00:00.0;0.034223006832317375
2022-12-25T03:00:00.0;0.03282117204567185
2022-12-25T04:00:00.0;0.0313800823895963
2022-12-25T05:00:00.0;0.030193037573067467
2022-12-25T06:00:00.0;0.029443741145795895
2022-12-25T07:00:00.0;0.02923408420587302
2022-12-25T08:00:00.0;0.029162688769439636
2022-12-25T09:00:00.0;0.028699301910733777
2022-12-25T10:00:00.0;0.02761493122244364
2022-12-25T11:00:00.0;0.02695591656329403
2022-12-25T12:00:00.0;0.027255392640613055
2022-12-25T13:00:00.0;0.026553716671587284
2022-12-25T14:00:00.0;0.029344038882394133
2022-12-25T15:00:00.0;0.030176805984670724
2022-12-25T16:00:00.0;0.03362704218435694
2022-12-25T17:00:00.0;0.037155000261875355
2022-12-25T18:00:00.0;0.03888466506239803
2022-12-25T19:00:00.0;0.03973437362008252
2022-12-25T20:00:00.0;0.040098113665581206
2022-12-25T21:00:00.0;0.04213265541101616
2022-12-25T22:00:00.0;0.0410298453055863
2022-12-25T23:00:00.0;0.039351239138945025
2022-12-26T00:00:00.0;0.037554921227936605
2022-12-26T01:00:00.0;0.03555996470523651
2022-12-26T02:00:00.0;0.03398192597684544
2022-12-26T03:00:00.0;0.03252589911341716
2022-12-26T04:00:00.0;0.03140900788331125
2022-12-26T05:00:00.0;0.030802026534515557
2022-12-26T06:00:00.0;0.030993733749187256
2022-12-26T07:00:00.0;0.031765623877245935
2022-12-26T08:00:00.0;0.03256825293409466
2022-12-26T09:00:00.0;0.03147372582352695
2022-12-26T10:00:00.0;0.028824459105267788
2022-12-26T11:00:00.0;0.027154463872204604
2022-12-26T12:00:00.0;0.027073807564046294
2022-12-26T13:00:00.0;0.02786914699758501
2022-12-26T14:00:00.0;0.029903743940679448
2022-12-26T15:00:00.0;0.03241708721055086
2022-12-26T16:00:00.0;0.03616075515607297
2022-12-26T17:00:00.0;0.04102848017086116
2022-12-26T18:00:00.0;0.04214057224743044
2022-12-26T19:00:00.0;0.042591486444185554
2022-12-26T20:00:00.0;0.04262615872985694
2022-12-26T21:00:00.0;0.04226273322669025
2022-12-26T22:00:00.0;0.04161061421431341
2022-12-26T23:00:00.0;0.04007445759443483
2022-12-27T00:00:00.0;0.037561448620254984
2022-12-27T01:00:00.0;0.035569813252804984
2022-12-27T02:00:00.0;0.0339885399657653
2022-12-27T03:00:00.0;0.03253008408673683
2022-12-27T04:00:00.0;0.03143034321398012
2022-12-27T05:00:00.0;0.03085388853077733
2022-12-27T06:00:00.0;0.03109217630422021
2022-12-27T07:00:00.0;0.03191920138321496
2022-12-27T08:00:00.0;0.03278289305220996
2022-12-27T09:00:00.0;0.03167260956410847
2022-12-27T10:00:00.0;0.028948549191490456
2022-12-27T11:00:00.0;0.02722589824224921
2022-12-27T12:00:00.0;0.027129062539699773
2022-12-27T13:00:00.0;0.027994487894754352
2022-12-27T14:00:00.0;0.0299875813447396
2022-12-27T15:00:00.0;0.03256784357938323
2022-12-27T16:00:00.0;0.03631117987042418
2022-12-27T17:00:00.0;0.04125955626770073
2022-12-27T18:00:00.0;0.04233536211508902
2022-12-27T19:00:00.0;0.04276738276043686
2022-12-27T20:00:00.0;0.042788891722573816
2022-12-27T21:00:00.0;0.04229963988330515
2022-12-27T22:00:00.0;0.04167345854872303
2022-12-27T23:00:00.0;0.04014205866272679
2022-12-28T00:00:00.0;0.037710173431789236
2022-12-28T01:00:00.0;0.035724367471820395
2022-12-28T02:00:00.0;0.03414266373103423
2022-12-28T03:00:00.0;0.032684302379374724
2022-12-28T04:00:00.0;0.031582030509014536
2022-12-28T05:00:00.0;0.03101967784483632
2022-12-28T06:00:00.0;0.03130752804816687
2022-12-28T07:00:00.0;0.0321938420790043
2022-12-28T08:00:00.0;0.03305988529563924
2022-12-28T09:00:00.0;0.03195894842261666
2022-12-28T10:00:00.0;0.029277042072572954
2022-12-28T11:00:00.0;0.027579533346622376
2022-12-28T12:00:00.0;0.027458867142171543
2022-12-28T13:00:00.0;0.028274743859862214
2022-12-28T14:00:00.0;0.030195727096968515
2022-12-28T15:00:00.0;0.032739689253956074
2022-12-28T16:00:00.0;0.0364398157138384
2022-12-28T17:00:00.0;0.04137375853490906
2022-12-28T18:00:00.0;0.042497704008233834
2022-12-28T19:00:00.0;0.042944145520334515
2022-12-28T20:00:00.0;0.0429562591234154
2022-12-28T21:00:00.0;0.04245254873416478
2022-12-28T22:00:00.0;0.0417853955069211
2022-12-28T23:00:00.0;0.04024576584609082
2022-12-29T00:00:00.0;0.03770656799036344
2022-12-29T01:00:00.0;0.03572062071176051
2022-12-29T02:00:00.0;0.03413892740619195
2022-12-29T03:00:00.0;0.03268056376296529
2022-12-29T04:00:00.0;0.03157835324997725
2022-12-29T05:00:00.0;0.031015658719481944
2022-12-29T06:00:00.0;0.03130230741221022
2022-12-29T07:00:00.0;0.03218718413853296
2022-12-29T08:00:00.0;0.03305317034808758
2022-12-29T09:00:00.0;0.031952006890994394
2022-12-29T10:00:00.0;0.02926907862767553
2022-12-29T11:00:00.0;0.027570960394727072
2022-12-29T12:00:00.0;0.027450871898043128
2022-12-29T13:00:00.0;0.028267949791972655
2022-12-29T14:00:00.0;0.03019068115130587
2022-12-29T15:00:00.0;0.03273552330808897
2022-12-29T16:00:00.0;0.03643669727654537
2022-12-29T17:00:00.0;0.0413709900016639
2022-12-29T18:00:00.0;0.04249376845652159
2022-12-29T19:00:00.0;0.042939860372681625
2022-12-29T20:00:00.0;0.04295220174150248
2022-12-29T21:00:00.0;0.04244884186172317
2022-12-29T22:00:00.0;0.041782681890127765
2022-12-29T23:00:00.0;0.04024325173851727
2022-12-30T00:00:00.0;0.03821331962431569
2022-12-30T01:00:00.0;0.03624723494789444
2022-12-30T02:00:00.0;0.03466407495269205
2022-12-30T03:00:00.0;0.03320603339357621
2022-12-30T04:00:00.0;0.03209519898550394
2022-12-30T05:00:00.0;0.03158055441458838
2022-12-30T06:00:00.0;0.032036077702410265
2022-12-30T07:00:00.0;0.03312297030565127
2022-12-30T08:00:00.0;0.03399696896851856
2022-12-30T09:00:00.0;0.03292765233250585
2022-12-30T10:00:00.0;0.030388355919157582
2022-12-30T11:00:00.0;0.0287759050513401
2022-12-30T12:00:00.0;0.02857461863178197
2022-12-30T13:00:00.0;0.02922286892603096
2022-12-30T14:00:00.0;0.030899898389197142
2022-12-30T15:00:00.0;0.03332105490486198
2022-12-30T16:00:00.0;0.03687499955551625
2022-12-30T17:00:00.0;0.04176011260274075
2022-12-30T18:00:00.0;0.043046917717639244
2022-12-30T19:00:00.0;0.04354214600663865
2022-12-30T20:00:00.0;0.04352247446850661
2022-12-30T21:00:00.0;0.042969849817420136
2022-12-30T22:00:00.0;0.0421640858796931
2022-12-30T23:00:00.0;0.040596614328660484
2022-12-31T00:00:00.0;0.03777508614011648
2022-12-31T01:00:00.0;0.03579182449419747
2022-12-31T02:00:00.0;0.03420993287676716
2022-12-31T03:00:00.0;0.03275161278269922
2022-12-31T04:00:00.0;0.031648236228409586
2022-12-31T05:00:00.0;0.031092038557727908
2022-12-31T06:00:00.0;0.031401520871545595
2022-12-31T07:00:00.0;0.03231371226876386
2022-12-31T08:00:00.0;0.03318078184626282
2022-12-31T09:00:00.0;0.03208392441427099
2022-12-31T10:00:00.0;0.029420416687456045
2022-12-31T11:00:00.0;0.027733881583124686
2022-12-31T12:00:00.0;0.02760281427341603
2022-12-31T13:00:00.0;0.028397064900530178
2022-12-31T14:00:00.0;0.03028657477977683
2022-12-31T15:00:00.0;0.03281469333724098
2022-12-31T16:00:00.0;0.036495960353712775
2022-12-31T17:00:00.0;0.04142360346922183
2022-12-31T18:00:00.0;0.04256856005337042
2022-12-31T19:00:00.0;0.04302129572384116
2022-12-31T20:00:00.0;0.04302930861100421
2022-12-31T21:00:00.0;0.04251928761609114
2022-12-31T22:00:00.0;0.04183425172024282
2022-12-31T23:00:00.0;0.04029103007655581
