timestamp;generation
2018-01-01T00:00:00.0;1.0750376526283258
2018-01-01T01:00:00.0;0.5356327623769335
2018-01-01T02:00:00.0;0.5886758193774119
2018-01-01T03:00:00.0;0.5831543424598978
2018-01-01T04:00:00.0;0.8532033468799424
2018-01-01T05:00:00.0;1.1819549354076235
2018-01-01T06:00:00.0;2.0579568761116747
2018-01-01T07:00:00.0;4.152810942246419
2018-01-01T08:00:00.0;4.921640597004271
2018-01-01T09:00:00.0;4.918142006890998
2018-01-01T10:00:00.0;4.868227259144812
2018-01-01T11:00:00.0;4.824094686122314
2018-01-01T12:00:00.0;4.819623310968693
2018-01-01T13:00:00.0;4.819623310968698
2018-01-01T14:00:00.0;4.8196233109686695
2018-01-01T15:00:00.0;4.819623310968684
2018-01-01T16:00:00.0;4.8360237713918055
2018-01-01T17:00:00.0;4.876430392217156
2018-01-01T18:00:00.0;4.903009948727018
2018-01-01T19:00:00.0;4.935509688474002
2018-01-01T20:00:00.0;4.94525942127092
2018-01-01T21:00:00.0;4.855898527059533
2018-01-01T22:00:00.0;3.7813801518521397
2018-01-01T23:00:00.0;3.1371642621586586
2018-01-02T00:00:00.0;1.878465809508665
2018-01-02T01:00:00.0;1.527379909588813
2018-01-02T02:00:00.0;1.3281413569195661
2018-01-02T03:00:00.0;1.1837052596516062
2018-01-02T04:00:00.0;1.546288249871645
2018-01-02T05:00:00.0;1.8657226341356465
2018-01-02T06:00:00.0;3.0206980078696053
2018-01-02T07:00:00.0;4.775059218059243
2018-01-02T08:00:00.0;4.999999974362018
2018-01-02T09:00:00.0;4.99999997436201
2018-01-02T10:00:00.0;4.9999999743620105
2018-01-02T11:00:00.0;4.9999999743620185
2018-01-02T12:00:00.0;4.99999997436204
2018-01-02T13:00:00.0;4.8546149480530785
2018-01-02T14:00:00.0;4.638111249615685
2018-01-02T15:00:00.0;4.635000623808138
2018-01-02T16:00:00.0;4.898255221222068
2018-01-02T17:00:00.0;4.665871765657642
2018-01-02T18:00:00.0;4.773008226510387
2018-01-02T19:00:00.0;4.692862294674058
2018-01-02T20:00:00.0;4.443170809259903
2018-01-02T21:00:00.0;4.239710543663382
2018-01-02T22:00:00.0;3.0755679991523723
2018-01-02T23:00:00.0;2.4484233283758163
2018-01-03T00:00:00.0;1.1681940292321877
2018-01-03T01:00:00.0;0.682371556486499
2018-01-03T02:00:00.0;0.538569193192983
2018-01-03T03:00:00.0;0.3950879903090799
2018-01-03T04:00:00.0;0.773598743779304
2018-01-03T05:00:00.0;1.1403735111431494
2018-01-03T06:00:00.0;2.363640709296758
2018-01-03T07:00:00.0;4.560434179937174
2018-01-03T08:00:00.0;4.999999977892626
2018-01-03T09:00:00.0;4.999999977892619
2018-01-03T10:00:00.0;4.999999977892619
2018-01-03T11:00:00.0;4.999999977892625
2018-01-03T12:00:00.0;4.9999999778926405
2018-01-03T13:00:00.0;4.999999977892646
2018-01-03T14:00:00.0;4.999999977892613
2018-01-03T15:00:00.0;4.999999977892635
2018-01-03T16:00:00.0;4.999999977892618
2018-01-03T17:00:00.0;4.999999977892608
2018-01-03T18:00:00.0;4.999999977892616
2018-01-03T19:00:00.0;4.999999977892625
2018-01-03T20:00:00.0;4.999999977892643
2018-01-03T21:00:00.0;4.878205923454253
2018-01-03T22:00:00.0;3.7474201445570956
2018-01-03T23:00:00.0;3.127100042124298
2018-01-04T00:00:00.0;1.0115057207498532
2018-01-04T01:00:00.0;0.42971759474596805
2018-01-04T02:00:00.0;0.6970869778710572
2018-01-04T03:00:00.0;0.8153615046750402
2018-01-04T04:00:00.0;0.9967553151957099
2018-01-04T05:00:00.0;1.3098373691104364
2018-01-04T06:00:00.0;1.8025947159647404
2018-01-04T07:00:00.0;3.850439656363274
2018-01-04T08:00:00.0;4.999999972567836
2018-01-04T09:00:00.0;4.999999972567838
2018-01-04T10:00:00.0;4.999999972567828
2018-01-04T11:00:00.0;4.9999999725678235
2018-01-04T12:00:00.0;4.999999972567831
2018-01-04T13:00:00.0;4.991864956273741
2018-01-04T14:00:00.0;4.979750496076303
2018-01-04T15:00:00.0;4.979576441070291
2018-01-04T16:00:00.0;4.994306846902493
2018-01-04T17:00:00.0;4.981303835206653
2018-01-04T18:00:00.0;4.987298653771239
2018-01-04T19:00:00.0;4.982814089728126
2018-01-04T20:00:00.0;4.968842607561723
2018-01-04T21:00:00.0;4.897038409387905
2018-01-04T22:00:00.0;3.8777603287626956
2018-01-04T23:00:00.0;3.2018574701799962
2018-01-05T00:00:00.0;1.2088820569813163
2018-01-05T01:00:00.0;0.7203110737096927
2018-01-05T02:00:00.0;1.0197975470995597
2018-01-05T03:00:00.0;1.1806419277388576
2018-01-05T04:00:00.0;1.406521484664792
2018-01-05T05:00:00.0;1.781216830685586
2018-01-05T06:00:00.0;2.1349650331952974
2018-01-05T07:00:00.0;3.910024664208292
2018-01-05T08:00:00.0;4.9999999727587925
2018-01-05T09:00:00.0;4.999999972758796
2018-01-05T10:00:00.0;4.999999972758788
2018-01-05T11:00:00.0;4.991755644386678
2018-01-05T12:00:00.0;4.985556037014988
2018-01-05T13:00:00.0;4.982614939982289
2018-01-05T14:00:00.0;4.984531571345602
2018-01-05T15:00:00.0;4.9999999727587765
2018-01-05T16:00:00.0;4.999999972758765
2018-01-05T17:00:00.0;4.99999997275876
2018-01-05T18:00:00.0;4.999999972758767
2018-01-05T19:00:00.0;4.999999972758777
2018-01-05T20:00:00.0;4.999999972758798
2018-01-05T21:00:00.0;4.94849193119268
2018-01-05T22:00:00.0;4.083439692104735
2018-01-05T23:00:00.0;3.4933944914346973
2018-01-06T00:00:00.0;2.8880565645911105
2018-01-06T01:00:00.0;2.6404396210309344
2018-01-06T02:00:00.0;2.892667171512604
2018-01-06T03:00:00.0;3.094512776547333
2018-01-06T04:00:00.0;3.1677826855836515
2018-01-06T05:00:00.0;3.334678616837073
2018-01-06T06:00:00.0;3.4015834953321242
2018-01-06T07:00:00.0;4.199356316175246
2018-01-06T08:00:00.0;4.999999961230736
2018-01-06T09:00:00.0;4.99999996123074
2018-01-06T10:00:00.0;4.99999996123073
2018-01-06T11:00:00.0;4.999999961230728
2018-01-06T12:00:00.0;4.999999961230748
2018-01-06T13:00:00.0;4.59451982974424
2018-01-06T14:00:00.0;3.990689089134557
2018-01-06T15:00:00.0;3.9820135260901424
2018-01-06T16:00:00.0;4.7162329397661145
2018-01-06T17:00:00.0;4.068113415288377
2018-01-06T18:00:00.0;4.366917957519904
2018-01-06T19:00:00.0;4.143390240779367
2018-01-06T20:00:00.0;3.44699846710636
2018-01-06T21:00:00.0;3.1699556938329563
2018-01-06T22:00:00.0;2.096831643049331
2018-01-06T23:00:00.0;1.384106155858928
2018-01-07T00:00:00.0;1.3125013243177739
2018-01-07T01:00:00.0;0.775790628086086
2018-01-07T02:00:00.0;0.8719453054654239
2018-01-07T03:00:00.0;1.0046858961277538
2018-01-07T04:00:00.0;1.1281975257112555
2018-01-07T05:00:00.0;1.3315593834090313
2018-01-07T06:00:00.0;2.05553951329738
2018-01-07T07:00:00.0;3.6542464197609847
2018-01-07T08:00:00.0;4.353947426851426
2018-01-07T09:00:00.0;4.325102467939779
2018-01-07T10:00:00.0;3.913568449603997
2018-01-07T11:00:00.0;3.5497069470316265
2018-01-07T12:00:00.0;3.5128416303156604
2018-01-07T13:00:00.0;3.4582990315060376
2018-01-07T14:00:00.0;3.3770755749749877
2018-01-07T15:00:00.0;3.3759085936167597
2018-01-07T16:00:00.0;3.609888601623479
2018-01-07T17:00:00.0;3.8558497034586727
2018-01-07T18:00:00.0;4.115184463013689
2018-01-07T19:00:00.0;4.353068781323578
2018-01-07T20:00:00.0;4.339778598153064
2018-01-07T21:00:00.0;4.275351060768533
2018-01-07T22:00:00.0;3.223172485461823
2018-01-07T23:00:00.0;2.584785102432137
2018-01-08T00:00:00.0;1.2645842889181813
2018-01-08T01:00:00.0;0.829552322458451
2018-01-08T02:00:00.0;0.4824631300978402
2018-01-08T03:00:00.0;0.21051044318791565
2018-01-08T04:00:00.0;0.6853104459895597
2018-01-08T05:00:00.0;1.077132734852368
2018-01-08T06:00:00.0;2.6569908195917176
2018-01-08T07:00:00.0;4.914726243369125
2018-01-08T08:00:00.0;4.999999980408594
2018-01-08T09:00:00.0;4.999999980408583
2018-01-08T10:00:00.0;4.999999980408588
2018-01-08T11:00:00.0;4.9999999804085995
2018-01-08T12:00:00.0;4.999999980408619
2018-01-08T13:00:00.0;4.9999999804086235
2018-01-08T14:00:00.0;4.999999980408587
2018-01-08T15:00:00.0;4.999999980408616
2018-01-08T16:00:00.0;4.999999980408597
2018-01-08T17:00:00.0;4.999999980408584
2018-01-08T18:00:00.0;4.9999999804085915
2018-01-08T19:00:00.0;4.9999999804086
2018-01-08T20:00:00.0;4.999999980408615
2018-01-08T21:00:00.0;4.8514332251725785
2018-01-08T22:00:00.0;3.6650139897339664
2018-01-08T23:00:00.0;3.0717813273411414
2018-01-09T00:00:00.0;1.1282100112323383
2018-01-09T01:00:00.0;0.6120864428755544
2018-01-09T02:00:00.0;0.6779609333578506
2018-01-09T03:00:00.0;0.6613738152153809
2018-01-09T04:00:00.0;0.9605164015931906
2018-01-09T05:00:00.0;1.3626582944830812
2018-01-09T06:00:00.0;2.226690482136568
2018-01-09T07:00:00.0;4.256784439132473
2018-01-09T08:00:00.0;4.999999974266965
2018-01-09T09:00:00.0;4.999999974266963
2018-01-09T10:00:00.0;4.999999974266965
2018-01-09T11:00:00.0;4.979592884088715
2018-01-09T12:00:00.0;4.964247068032691
2018-01-09T13:00:00.0;4.956967004738223
2018-01-09T14:00:00.0;4.9617112200708045
2018-01-09T15:00:00.0;4.999999974266968
2018-01-09T16:00:00.0;4.99999997426695
2018-01-09T17:00:00.0;4.99999997426694
2018-01-09T18:00:00.0;4.999999974266947
2018-01-09T19:00:00.0;4.999999974266957
2018-01-09T20:00:00.0;4.999999974266976
2018-01-09T21:00:00.0;4.908960148574054
2018-01-09T22:00:00.0;3.8862940337240253
2018-01-09T23:00:00.0;3.2723130576352464
2018-01-10T00:00:00.0;0.8867131598421982
2018-01-10T01:00:00.0;0.22938787859393603
2018-01-10T02:00:00.0;0.8985555172848239
2018-01-10T03:00:00.0;1.2774277778233556
2018-01-10T04:00:00.0;1.2786474995893569
2018-01-10T05:00:00.0;1.5495333034748395
2018-01-10T06:00:00.0;1.312494918806247
2018-01-10T07:00:00.0;3.1745450401687445
2018-01-10T08:00:00.0;4.999999967676134
2018-01-10T09:00:00.0;4.999999967676144
2018-01-10T10:00:00.0;4.999999967676124
2018-01-10T11:00:00.0;4.99999996767611
2018-01-10T12:00:00.0;4.999999967676108
2018-01-10T13:00:00.0;4.988714402712373
2018-01-10T14:00:00.0;4.971908225242524
2018-01-10T15:00:00.0;4.97166676179528
2018-01-10T16:00:00.0;4.992101994614951
2018-01-10T17:00:00.0;4.9740631452860145
2018-01-10T18:00:00.0;4.9823796515978165
2018-01-10T19:00:00.0;4.97615829480971
2018-01-10T20:00:00.0;4.956775903437838
2018-01-10T21:00:00.0;4.938663209283811
2018-01-10T22:00:00.0;4.056755045761287
2018-01-10T23:00:00.0;3.343944080534636
2018-01-11T00:00:00.0;1.0998443003184382
2018-01-11T01:00:00.0;0.5494482661585428
2018-01-11T02:00:00.0;1.2176927838331166
2018-01-11T03:00:00.0;1.6243222834891797
2018-01-11T04:00:00.0;1.6869876958258965
2018-01-11T05:00:00.0;2.006494127998808
2018-01-11T06:00:00.0;1.672163926057448
2018-01-11T07:00:00.0;3.2808745172800267
2018-01-11T08:00:00.0;4.999999968915657
2018-01-11T09:00:00.0;4.999999968915668
2018-01-11T10:00:00.0;4.999999968915649
2018-01-11T11:00:00.0;4.999999968915636
2018-01-11T12:00:00.0;4.999999968915631
2018-01-11T13:00:00.0;4.999999968915636
2018-01-11T14:00:00.0;4.999999968915622
2018-01-11T15:00:00.0;4.999999968915614
2018-01-11T16:00:00.0;4.999999968915612
2018-01-11T17:00:00.0;4.99999996891561
2018-01-11T18:00:00.0;4.999999968915618
2018-01-11T19:00:00.0;4.999999968915631
2018-01-11T20:00:00.0;4.999999968915656
2018-01-11T21:00:00.0;4.999999968915704
2018-01-11T22:00:00.0;4.264432764026978
2018-01-11T23:00:00.0;3.64129407451238
2018-01-12T00:00:00.0;0.8742538876810092
2018-01-12T01:00:00.0;0.22370989046832387
2018-01-12T02:00:00.0;0.9298836011887411
2018-01-12T03:00:00.0;1.3362802115221957
2018-01-12T04:00:00.0;1.3358844170841149
2018-01-12T05:00:00.0;1.6161134999752953
2018-01-12T06:00:00.0;1.302546498530791
2018-01-12T07:00:00.0;3.1258187007668523
2018-01-12T08:00:00.0;4.999999967742639
2018-01-12T09:00:00.0;4.999999967742649
2018-01-12T10:00:00.0;4.999999967742629
2018-01-12T11:00:00.0;4.999999967742614
2018-01-12T12:00:00.0;4.99999996774261
2018-01-12T13:00:00.0;4.999999967742615
2018-01-12T14:00:00.0;4.9999999677426
2018-01-12T15:00:00.0;4.999999967742592
2018-01-12T16:00:00.0;4.999999967742588
2018-01-12T17:00:00.0;4.999999967742586
2018-01-12T18:00:00.0;4.999999967742595
2018-01-12T19:00:00.0;4.9999999677426095
2018-01-12T20:00:00.0;4.999999967742637
2018-01-12T21:00:00.0;4.995261481062328
2018-01-12T22:00:00.0;4.156673370237208
2018-01-12T23:00:00.0;3.459395835034101
2018-01-13T00:00:00.0;2.8123461666675595
2018-01-13T01:00:00.0;2.6173828166231923
2018-01-13T02:00:00.0;2.7227256397072686
2018-01-13T03:00:00.0;2.835194250819613
2018-01-13T04:00:00.0;3.031672426314842
2018-01-13T05:00:00.0;3.267560267012363
2018-01-13T06:00:00.0;3.598712317445311
2018-01-13T07:00:00.0;4.471262971833601
2018-01-13T08:00:00.0;4.999999965474987
2018-01-13T09:00:00.0;4.999999965474988
2018-01-13T10:00:00.0;4.9999999654749825
2018-01-13T11:00:00.0;4.999999965474983
2018-01-13T12:00:00.0;4.999999965475004
2018-01-13T13:00:00.0;4.6594605856931866
2018-01-13T14:00:00.0;4.152337967510696
2018-01-13T15:00:00.0;4.145051862399773
2018-01-13T16:00:00.0;4.761680408021382
2018-01-13T17:00:00.0;4.217362194250951
2018-01-13T18:00:00.0;4.468310898234243
2018-01-13T19:00:00.0;4.28058285902352
2018-01-13T20:00:00.0;3.695723566849653
2018-01-13T21:00:00.0;3.4400632942684495
2018-01-13T22:00:00.0;2.422352608976519
2018-01-13T23:00:00.0;1.7888455879297775
2018-01-14T00:00:00.0;2.7539577826580843
2018-01-14T01:00:00.0;2.587948455624174
2018-01-14T02:00:00.0;2.539386997407054
2018-01-14T03:00:00.0;2.496353206656671
2018-01-14T04:00:00.0;2.842044995641022
2018-01-14T05:00:00.0;3.38299038713397
2018-01-14T06:00:00.0;4.1541935225351825
2018-01-14T07:00:00.0;4.922140526472434
2018-01-14T08:00:00.0;4.999999963484305
2018-01-14T09:00:00.0;4.999999963484307
2018-01-14T10:00:00.0;4.999999963484332
2018-01-14T11:00:00.0;4.902445919375228
2018-01-14T12:00:00.0;4.829086787654633
2018-01-14T13:00:00.0;4.508016581698439
2018-01-14T14:00:00.0;4.104391886375483
2018-01-14T15:00:00.0;4.2813024891642915
2018-01-14T16:00:00.0;4.799660710836245
2018-01-14T17:00:00.0;4.342088930682463
2018-01-14T18:00:00.0;4.553044658975147
2018-01-14T19:00:00.0;4.395234299311788
2018-01-14T20:00:00.0;3.9035823562218583
2018-01-14T21:00:00.0;3.6629136421660924
2018-01-14T22:00:00.0;2.76492965732723
2018-01-14T23:00:00.0;2.267799008000231
2018-01-15T00:00:00.0;1.2877842376734039
2018-01-15T01:00:00.0;0.864976920746984
2018-01-15T02:00:00.0;0.46895909148538134
2018-01-15T03:00:00.0;0.16608490010373275
2018-01-15T04:00:00.0;0.664060539711887
2018-01-15T05:00:00.0;1.0619114586158873
2018-01-15T06:00:00.0;2.727596579430446
2018-01-15T07:00:00.0;4.999999981014192
2018-01-15T08:00:00.0;4.999999981014157
2018-01-15T09:00:00.0;4.9999999810141444
2018-01-15T10:00:00.0;4.999999981014151
2018-01-15T11:00:00.0;4.999999981014163
2018-01-15T12:00:00.0;4.9999999810141835
2018-01-15T13:00:00.0;4.999999981014189
2018-01-15T14:00:00.0;4.9999999810141516
2018-01-15T15:00:00.0;4.999999981014182
2018-01-15T16:00:00.0;4.999999981014161
2018-01-15T17:00:00.0;4.999999981014149
2018-01-15T18:00:00.0;4.999999981014156
2018-01-15T19:00:00.0;4.999999981014164
2018-01-15T20:00:00.0;4.999999981014178
2018-01-15T21:00:00.0;4.844989366320062
2018-01-15T22:00:00.0;3.6451798428477606
2018-01-15T23:00:00.0;3.058466793773592
2018-01-16T00:00:00.0;1.2877842376734039
2018-01-16T01:00:00.0;0.864976920746984
2018-01-16T02:00:00.0;0.46895909148538134
2018-01-16T03:00:00.0;0.16608490010373275
2018-01-16T04:00:00.0;0.664060539711887
2018-01-16T05:00:00.0;1.0619114586158873
2018-01-16T06:00:00.0;2.727596579430446
2018-01-16T07:00:00.0;4.999999981014192
2018-01-16T08:00:00.0;4.999999981014157
2018-01-16T09:00:00.0;4.9999999810141444
2018-01-16T10:00:00.0;4.999999981014151
2018-01-16T11:00:00.0;4.999999981014163
2018-01-16T12:00:00.0;4.9999999810141835
2018-01-16T13:00:00.0;4.999999981014189
2018-01-16T14:00:00.0;4.9999999810141516
2018-01-16T15:00:00.0;4.999999981014182
2018-01-16T16:00:00.0;4.999999981014161
2018-01-16T17:00:00.0;4.999999981014149
2018-01-16T18:00:00.0;4.999999981014156
2018-01-16T19:00:00.0;4.999999981014164
2018-01-16T20:00:00.0;4.999999981014178
2018-01-16T21:00:00.0;4.844989366320062
2018-01-16T22:00:00.0;3.6451798428477606
2018-01-16T23:00:00.0;3.058466793773592
2018-01-17T00:00:00.0;1.3582757338166718
2018-01-17T01:00:00.0;0.9590280040627522
2018-01-17T02:00:00.0;0.5853046860901016
2018-01-17T03:00:00.0;0.28982874142402143
2018-01-17T04:00:00.0;0.7697019017537725
2018-01-17T05:00:00.0;1.1627030100881866
2018-01-17T06:00:00.0;2.794923005414676
2018-01-17T07:00:00.0;4.99999998066271
2018-01-17T08:00:00.0;4.9999999806626745
2018-01-17T09:00:00.0;4.999999980662662
2018-01-17T10:00:00.0;4.999999980662669
2018-01-17T11:00:00.0;4.999999980662682
2018-01-17T12:00:00.0;4.97786878934585
2018-01-17T13:00:00.0;4.960631056654079
2018-01-17T14:00:00.0;4.97136751692659
2018-01-17T15:00:00.0;4.983625476563562
2018-01-17T16:00:00.0;4.99999998066268
2018-01-17T17:00:00.0;4.9999999806626665
2018-01-17T18:00:00.0;4.999999980662673
2018-01-17T19:00:00.0;4.999999980662681
2018-01-17T20:00:00.0;4.999999980662696
2018-01-17T21:00:00.0;4.850266909809049
2018-01-17T22:00:00.0;3.6913065073652143
2018-01-17T23:00:00.0;3.1055894824045978
2018-01-18T00:00:00.0;1.3222065316923526
2018-01-18T01:00:00.0;0.909668124358047
2018-01-18T02:00:00.0;0.62508902030564
2018-01-18T03:00:00.0;0.40281407737631975
2018-01-18T04:00:00.0;0.8669602263247187
2018-01-18T05:00:00.0;1.2656253979271805
2018-01-18T06:00:00.0;2.6991402490313097
2018-01-18T07:00:00.0;4.843171291787098
2018-01-18T08:00:00.0;4.999999979930679
2018-01-18T09:00:00.0;4.999999979930669
2018-01-18T10:00:00.0;4.9999999799306725
2018-01-18T11:00:00.0;4.999999979930682
2018-01-18T12:00:00.0;4.999999979930699
2018-01-18T13:00:00.0;4.999999979930704
2018-01-18T14:00:00.0;4.999999979930672
2018-01-18T15:00:00.0;4.999999979930696
2018-01-18T16:00:00.0;4.999999979930678
2018-01-18T17:00:00.0;4.999999979930667
2018-01-18T18:00:00.0;4.999999979930674
2018-01-18T19:00:00.0;4.999999979930682
2018-01-18T20:00:00.0;4.9999999799306964
2018-01-18T21:00:00.0;4.863757078622072
2018-01-18T22:00:00.0;3.7421102232921775
2018-01-18T23:00:00.0;3.1695863524327894
2018-01-19T00:00:00.0;1.453239985623624
2018-01-19T01:00:00.0;1.0932302731878207
2018-01-19T02:00:00.0;0.9185684972552232
2018-01-19T03:00:00.0;0.7871103182460845
2018-01-19T04:00:00.0;1.23897651594384
2018-01-19T05:00:00.0;1.6546264103086303
2018-01-19T06:00:00.0;2.818319211958654
2018-01-19T07:00:00.0;4.730079641439646
2018-01-19T08:00:00.0;4.999999979191006
2018-01-19T09:00:00.0;4.999999979191
2018-01-19T10:00:00.0;4.999999979191002
2018-01-19T11:00:00.0;4.999999979191009
2018-01-19T12:00:00.0;4.999999979191022
2018-01-19T13:00:00.0;4.999999979191028
2018-01-19T14:00:00.0;4.999999979190998
2018-01-19T15:00:00.0;4.999999979191019
2018-01-19T16:00:00.0;4.999999979191004
2018-01-19T17:00:00.0;4.999999979190995
2018-01-19T18:00:00.0;4.999999979191001
2018-01-19T19:00:00.0;4.999999979191008
2018-01-19T20:00:00.0;4.999999979191023
2018-01-19T21:00:00.0;4.886820273974396
2018-01-19T22:00:00.0;3.8952977750964606
2018-01-19T23:00:00.0;3.369074975291304
2018-01-20T00:00:00.0;2.261718259513669
2018-01-20T01:00:00.0;2.0779439601930947
2018-01-20T02:00:00.0;2.298629867345036
2018-01-20T03:00:00.0;2.4724186378865918
2018-01-20T04:00:00.0;2.8008081030185976
2018-01-20T05:00:00.0;3.2759263965138623
2018-01-20T06:00:00.0;3.4896870585338657
2018-01-20T07:00:00.0;4.378556157280748
2018-01-20T08:00:00.0;4.999999969942692
2018-01-20T09:00:00.0;4.999999969942697
2018-01-20T10:00:00.0;4.9999999699427
2018-01-20T11:00:00.0;4.965301544143725
2018-01-20T12:00:00.0;4.939208864830119
2018-01-20T13:00:00.0;4.801446918802917
2018-01-20T14:00:00.0;4.6227955372913305
2018-01-20T15:00:00.0;4.685215696829702
2018-01-20T16:00:00.0;4.912252832552938
2018-01-20T17:00:00.0;4.711839716660196
2018-01-20T18:00:00.0;4.8042367932638985
2018-01-20T19:00:00.0;4.735117002070357
2018-01-20T20:00:00.0;4.519777022370878
2018-01-20T21:00:00.0;4.4141683688058455
2018-01-20T22:00:00.0;3.7680214771325757
2018-01-20T23:00:00.0;3.336637985683153
2018-01-21T00:00:00.0;2.8021552106061582
2018-01-21T01:00:00.0;2.6190180199826205
2018-01-21T02:00:00.0;2.715200497249735
2018-01-21T03:00:00.0;2.770655653852734
2018-01-21T04:00:00.0;3.037295031096036
2018-01-21T05:00:00.0;3.5419785631256353
2018-01-21T06:00:00.0;4.027813638931433
2018-01-21T07:00:00.0;4.6828624975388715
2018-01-21T08:00:00.0;4.9999999610651065
2018-01-21T09:00:00.0;4.999999961065113
2018-01-21T10:00:00.0;4.999999961065133
2018-01-21T11:00:00.0;4.905286673546697
2018-01-21T12:00:00.0;4.834063746827384
2018-01-21T13:00:00.0;4.487415665546701
2018-01-21T14:00:00.0;4.0435314759792735
2018-01-21T15:00:00.0;4.214543174607378
2018-01-21T16:00:00.0;4.7810513335703835
2018-01-21T17:00:00.0;4.280976026705882
2018-01-21T18:00:00.0;4.511527286937303
2018-01-21T19:00:00.0;4.3390580319309535
2018-01-21T20:00:00.0;3.801736879327102
2018-01-21T21:00:00.0;3.5660921146925615
2018-01-21T22:00:00.0;2.6973311062429763
2018-01-21T23:00:00.0;2.17354277151695
2018-01-22T00:00:00.0;1.396488535159932
2018-01-22T01:00:00.0;1.0080053361946757
2018-01-22T02:00:00.0;0.9195813407247108
2018-01-22T03:00:00.0;0.8407738746872289
2018-01-22T04:00:00.0;1.2483472204435209
2018-01-22T05:00:00.0;1.6507277883467724
2018-01-22T06:00:00.0;2.6698179603321397
2018-01-22T07:00:00.0;4.572986917242334
2018-01-22T08:00:00.0;4.999999978069935
2018-01-22T09:00:00.0;4.99999997806993
2018-01-22T10:00:00.0;4.99999997806993
2018-01-22T11:00:00.0;4.999999978069934
2018-01-22T12:00:00.0;4.999999978069947
2018-01-22T13:00:00.0;4.999999978069952
2018-01-22T14:00:00.0;4.999999978069924
2018-01-22T15:00:00.0;4.999999978069941
2018-01-22T16:00:00.0;4.999999978069927
2018-01-22T17:00:00.0;4.999999978069919
2018-01-22T18:00:00.0;4.999999978069925
2018-01-22T19:00:00.0;4.999999978069933
2018-01-22T20:00:00.0;4.999999978069949
2018-01-22T21:00:00.0;4.897434060185076
2018-01-22T22:00:00.0;3.9208484288965537
2018-01-22T23:00:00.0;3.377856603245368
2018-01-23T00:00:00.0;1.7840338685074084
2018-01-23T01:00:00.0;1.4746047440574013
2018-01-23T02:00:00.0;1.172060449759177
2018-01-23T03:00:00.0;0.9247178177790166
2018-01-23T04:00:00.0;1.3372222087114918
2018-01-23T05:00:00.0;1.6923472594183289
2018-01-23T06:00:00.0;3.135036237966282
2018-01-23T07:00:00.0;4.9999999777000905
2018-01-23T08:00:00.0;4.999999977700057
2018-01-23T09:00:00.0;4.999999977700045
2018-01-23T10:00:00.0;4.999999977700053
2018-01-23T11:00:00.0;4.9999999777000665
2018-01-23T12:00:00.0;4.937477160794179
2018-01-23T13:00:00.0;4.822042429823304
2018-01-23T14:00:00.0;4.7529918097553585
2018-01-23T15:00:00.0;4.7861938873692615
2018-01-23T16:00:00.0;4.953295850751203
2018-01-23T17:00:00.0;4.846624341169094
2018-01-23T18:00:00.0;4.895803436052112
2018-01-23T19:00:00.0;4.859013865490475
2018-01-23T20:00:00.0;4.744397411344759
2018-01-23T21:00:00.0;4.574062687565583
2018-01-23T22:00:00.0;3.4883353680620717
2018-01-23T23:00:00.0;2.8930478684617325
2018-01-24T00:00:00.0;1.2650499148702834
2018-01-24T01:00:00.0;0.8211642384730065
2018-01-24T02:00:00.0;0.4911372615415327
2018-01-24T03:00:00.0;0.25613125877020976
2018-01-24T04:00:00.0;0.6963359167355627
2018-01-24T05:00:00.0;1.0618301146532958
2018-01-24T06:00:00.0;2.6046332431424393
2018-01-24T07:00:00.0;4.768504856262204
2018-01-24T08:00:00.0;4.854335143411242
2018-01-24T09:00:00.0;4.847831498691302
2018-01-24T10:00:00.0;4.7550433254226645
2018-01-24T11:00:00.0;4.673003827733017
2018-01-24T12:00:00.0;4.664691840770504
2018-01-24T13:00:00.0;4.664691840770509
2018-01-24T14:00:00.0;4.664691840770475
2018-01-24T15:00:00.0;4.664691840770502
2018-01-24T16:00:00.0;4.695179198357977
2018-01-24T17:00:00.0;4.77029240044022
2018-01-24T18:00:00.0;4.819702015958693
2018-01-24T19:00:00.0;4.880116855640201
2018-01-24T20:00:00.0;4.898240955969877
2018-01-24T21:00:00.0;4.76440616866715
2018-01-24T22:00:00.0;3.591602838501046
2018-01-24T23:00:00.0;3.0031702221448895
2018-01-25T00:00:00.0;1.5476772655856292
2018-01-25T01:00:00.0;1.2352852112112755
2018-01-25T02:00:00.0;0.9115921369593085
2018-01-25T03:00:00.0;0.6887218931731848
2018-01-25T04:00:00.0;1.2163424098518079
2018-01-25T05:00:00.0;1.654317325267672
2018-01-25T06:00:00.0;3.0694337674496626
2018-01-25T07:00:00.0;4.999999981116083
2018-01-25T08:00:00.0;4.999999981116053
2018-01-25T09:00:00.0;4.9999999811160425
2018-01-25T10:00:00.0;4.999999981116048
2018-01-25T11:00:00.0;4.999999981116059
2018-01-25T12:00:00.0;4.999999981116076
2018-01-25T13:00:00.0;4.999999981116081
2018-01-25T14:00:00.0;4.999999981116049
2018-01-25T15:00:00.0;4.999999981116074
2018-01-25T16:00:00.0;4.999999981116057
2018-01-25T17:00:00.0;4.999999981116046
2018-01-25T18:00:00.0;4.999999981116052
2018-01-25T19:00:00.0;4.9999999811160585
2018-01-25T20:00:00.0;4.999999981116071
2018-01-25T21:00:00.0;4.8683075820994395
2018-01-25T22:00:00.0;3.8489851645936013
2018-01-25T23:00:00.0;3.3505312418128286
2018-01-26T00:00:00.0;1.3395216294979668
2018-01-26T01:00:00.0;0.8969257067161241
2018-01-26T02:00:00.0;1.4921669886463376
2018-01-26T03:00:00.0;1.876567026845043
2018-01-26T04:00:00.0;2.0183543407535995
2018-01-26T05:00:00.0;2.381035694537746
2018-01-26T06:00:00.0;2.0885362300983403
2018-01-26T07:00:00.0;3.4959681152175
2018-01-26T08:00:00.0;4.999999970514147
2018-01-26T09:00:00.0;4.999999970514158
2018-01-26T10:00:00.0;4.999999970514141
2018-01-26T11:00:00.0;4.99999997051413
2018-01-26T12:00:00.0;4.999999970514126
2018-01-26T13:00:00.0;4.999999970514129
2018-01-26T14:00:00.0;4.999999970514119
2018-01-26T15:00:00.0;4.999999970514111
2018-01-26T16:00:00.0;4.999999970514108
2018-01-26T17:00:00.0;4.999999970514107
2018-01-26T18:00:00.0;4.999999970514113
2018-01-26T19:00:00.0;4.999999970514125
2018-01-26T20:00:00.0;4.999999970514147
2018-01-26T21:00:00.0;4.999999970514191
2018-01-26T22:00:00.0;4.356465488018119
2018-01-26T23:00:00.0;3.8112926861111642
2018-01-27T00:00:00.0;2.8836941697537632
2018-01-27T01:00:00.0;2.7027654996067816
2018-01-27T02:00:00.0;2.548721645484187
2018-01-27T03:00:00.0;2.4839999127718366
2018-01-27T04:00:00.0;2.7618553726652313
2018-01-27T05:00:00.0;2.994411219540935
2018-01-27T06:00:00.0;3.8216442523496017
2018-01-27T07:00:00.0;4.873424846905678
2018-01-27T08:00:00.0;4.999999967473415
2018-01-27T09:00:00.0;4.999999967473411
2018-01-27T10:00:00.0;4.9999999674734115
2018-01-27T11:00:00.0;4.999999967473418
2018-01-27T12:00:00.0;4.999999967473447
2018-01-27T13:00:00.0;4.636393182266219
2018-01-27T14:00:00.0;4.094919168243671
2018-01-27T15:00:00.0;4.0871395180377
2018-01-27T16:00:00.0;4.7455371555859065
2018-01-27T17:00:00.0;4.16434799630097
2018-01-27T18:00:00.0;4.432295425951387
2018-01-27T19:00:00.0;4.231851092980554
2018-01-27T20:00:00.0;3.607374689804612
2018-01-27T21:00:00.0;3.2982447891440687
2018-01-27T22:00:00.0;2.119174290975429
2018-01-27T23:00:00.0;1.4646765029735536
2018-01-28T00:00:00.0;1.2613136722376144
2018-01-28T01:00:00.0;0.8031031290677392
2018-01-28T02:00:00.0;0.46471955208487725
2018-01-28T03:00:00.0;0.2629741792881824
2018-01-28T04:00:00.0;0.6610017156453342
2018-01-28T05:00:00.0;0.9860422053730749
2018-01-28T06:00:00.0;2.541212100339194
2018-01-28T07:00:00.0;4.591476932598785
2018-01-28T08:00:00.0;4.626057884226332
2018-01-28T09:00:00.0;4.6093621147332415
2018-01-28T10:00:00.0;4.371161840995972
2018-01-28T11:00:00.0;4.160554927220806
2018-01-28T12:00:00.0;4.1392168891926
2018-01-28T13:00:00.0;4.139216889192604
2018-01-28T14:00:00.0;4.139216889192573
2018-01-28T15:00:00.0;4.139216889192598
2018-01-28T16:00:00.0;4.217482218350875
2018-01-28T17:00:00.0;4.4103083584395915
2018-01-28T18:00:00.0;4.5371497815127455
2018-01-28T19:00:00.0;4.69224316079787
2018-01-28T20:00:00.0;4.738770272041554
2018-01-28T21:00:00.0;4.622410898002084
2018-01-28T22:00:00.0;3.4498118338793247
2018-01-28T23:00:00.0;2.866554257753513
2018-01-29T00:00:00.0;1.2791532960113505
2018-01-29T01:00:00.0;0.8448024712177884
2018-01-29T02:00:00.0;0.46757675542125426
2018-01-29T03:00:00.0;0.1976764321527135
2018-01-29T04:00:00.0;0.6630631854189859
2018-01-29T05:00:00.0;1.0371736758030987
2018-01-29T06:00:00.0;2.6668244146026483
2018-01-29T07:00:00.0;4.86679774145378
2018-01-29T08:00:00.0;4.878073140040902
2018-01-29T09:00:00.0;4.8726293495465995
2018-01-29T10:00:00.0;4.79496222636034
2018-01-29T11:00:00.0;4.72629214106021
2018-01-29T12:00:00.0;4.719334701414635
2018-01-29T13:00:00.0;4.719334701414639
2018-01-29T14:00:00.0;4.7193347014146045
2018-01-29T15:00:00.0;4.719334701414633
2018-01-29T16:00:00.0;4.744853744132655
2018-01-29T17:00:00.0;4.807726264557711
2018-01-29T18:00:00.0;4.849083935043893
2018-01-29T19:00:00.0;4.899653384042928
2018-01-29T20:00:00.0;4.914823924461586
2018-01-29T21:00:00.0;4.772415858967465
2018-01-29T22:00:00.0;3.5814785255438903
2018-01-29T23:00:00.0;2.9958921613342517
2018-01-30T00:00:00.0;1.665074141834928
2018-01-30T01:00:00.0;1.3925454058604465
2018-01-30T02:00:00.0;1.1499017048114968
2018-01-30T03:00:00.0;0.9706857685094297
2018-01-30T04:00:00.0;1.5082000456812343
2018-01-30T05:00:00.0;2.0673832183827825
2018-01-30T06:00:00.0;3.3436404034089673
2018-01-30T07:00:00.0;4.999999978113814
2018-01-30T08:00:00.0;4.999999978113787
2018-01-30T09:00:00.0;4.999999978113781
2018-01-30T10:00:00.0;4.999999978113797
2018-01-30T11:00:00.0;4.958139117240192
2018-01-30T12:00:00.0;4.926660397574508
2018-01-30T13:00:00.0;4.911726876231727
2018-01-30T14:00:00.0;4.921458637901694
2018-01-30T15:00:00.0;4.999999978113821
2018-01-30T16:00:00.0;4.999999978113794
2018-01-30T17:00:00.0;4.999999978113782
2018-01-30T18:00:00.0;4.999999978113785
2018-01-30T19:00:00.0;4.99999997811379
2018-01-30T20:00:00.0;4.999999978113802
2018-01-30T21:00:00.0;4.887012418048312
2018-01-30T22:00:00.0;4.012468756196568
2018-01-30T23:00:00.0;3.5848123921192414
2018-01-31T00:00:00.0;1.4383570097997762
2018-01-31T01:00:00.0;1.0666752930784058
2018-01-31T02:00:00.0;0.7221483590023186
2018-01-31T03:00:00.0;0.44938780206886003
2018-01-31T04:00:00.0;0.9121225327652375
2018-01-31T05:00:00.0;1.3008799162259836
2018-01-31T06:00:00.0;2.8703364851385387
2018-01-31T07:00:00.0;4.968697575027677
2018-01-31T08:00:00.0;4.971347283461361
2018-01-31T09:00:00.0;4.970067997636318
2018-01-31T10:00:00.0;4.951816294183143
2018-01-31T11:00:00.0;4.935678886466931
2018-01-31T12:00:00.0;4.895958867247579
2018-01-31T13:00:00.0;4.866294873595454
2018-01-31T14:00:00.0;4.884770986148385
2018-01-31T15:00:00.0;4.90586540983859
2018-01-31T16:00:00.0;4.94004084634127
2018-01-31T17:00:00.0;4.9548158315740745
2018-01-31T18:00:00.0;4.964534846599497
2018-01-31T19:00:00.0;4.976418621214247
2018-01-31T20:00:00.0;4.9799836844429
2018-01-31T21:00:00.0;4.839824419913037
2018-01-31T22:00:00.0;3.734128714148902
2018-01-31T23:00:00.0;3.1600218247394385
2018-02-01T00:00:00.0;1.7468321470838544
2018-02-01T01:00:00.0;1.4982378725770837
2018-02-01T02:00:00.0;1.2399714737085947
2018-02-01T03:00:00.0;1.0356305665942966
2018-02-01T04:00:00.0;1.5008435889193583
2018-02-01T05:00:00.0;1.918095556429981
2018-02-01T06:00:00.0;3.2473660718869346
2018-02-01T07:00:00.0;4.9904619615522865
2018-02-01T08:00:00.0;4.991269342569296
2018-02-01T09:00:00.0;4.990879537005265
2018-02-01T10:00:00.0;4.985318140623237
2018-02-01T11:00:00.0;4.980400982007416
2018-02-01T12:00:00.0;4.909757556456866
2018-02-01T13:00:00.0;4.8551222328767185
2018-02-01T14:00:00.0;4.889151649133732
2018-02-01T15:00:00.0;4.928003486737452
2018-02-01T16:00:00.0;4.981730095639244
2018-02-01T17:00:00.0;4.986232116485077
2018-02-01T18:00:00.0;4.9891935548592
2018-02-01T19:00:00.0;4.992814607618304
2018-02-01T20:00:00.0;4.99390090237389
2018-02-01T21:00:00.0;4.877716146742778
2018-02-01T22:00:00.0;3.9720760938070208
2018-02-01T23:00:00.0;3.4688278536303883
2018-02-02T00:00:00.0;1.9929655489130582
2018-02-02T01:00:00.0;1.8339118419765397
2018-02-02T02:00:00.0;1.6491589353166887
2018-02-02T03:00:00.0;1.4831290054509065
2018-02-02T04:00:00.0;1.9148721661994872
2018-02-02T05:00:00.0;2.3333289970130426
2018-02-02T06:00:00.0;3.5126714292459185
2018-02-02T07:00:00.0;4.999999979163705
2018-02-02T08:00:00.0;4.999999979163677
2018-02-02T09:00:00.0;4.9999999791636665
2018-02-02T10:00:00.0;4.999999979163677
2018-02-02T11:00:00.0;4.9999999791636895
2018-02-02T12:00:00.0;4.8758385328722555
2018-02-02T13:00:00.0;4.779130597399913
2018-02-02T14:00:00.0;4.83936478978496
2018-02-02T15:00:00.0;4.908134969180886
2018-02-02T16:00:00.0;4.999999979163687
2018-02-02T17:00:00.0;4.999999979163672
2018-02-02T18:00:00.0;4.999999979163674
2018-02-02T19:00:00.0;4.999999979163681
2018-02-02T20:00:00.0;4.999999979163691
2018-02-02T21:00:00.0;4.902385296609382
2018-02-02T22:00:00.0;4.146830420638388
2018-02-02T23:00:00.0;3.6708810293092107
2018-02-03T00:00:00.0;2.753387206076993
2018-02-03T01:00:00.0;2.5463570030815434
2018-02-03T02:00:00.0;2.8306097875353537
2018-02-03T03:00:00.0;3.0646379829910195
2018-02-03T04:00:00.0;3.2048759260618613
2018-02-03T05:00:00.0;3.4432061887600462
2018-02-03T06:00:00.0;3.435004834037546
2018-02-03T07:00:00.0;4.191539774032005
2018-02-03T08:00:00.0;4.999999964132287
2018-02-03T09:00:00.0;4.999999964132292
2018-02-03T10:00:00.0;4.999999964132281
2018-02-03T11:00:00.0;4.999999964132279
2018-02-03T12:00:00.0;4.999999964132295
2018-02-03T13:00:00.0;4.6769002942866695
2018-02-03T14:00:00.0;4.195748450376608
2018-02-03T15:00:00.0;4.1888354814350715
2018-02-03T16:00:00.0;4.773885232906922
2018-02-03T17:00:00.0;4.257442655038645
2018-02-03T18:00:00.0;4.495539768673896
2018-02-03T19:00:00.0;4.3174256617867215
2018-02-03T20:00:00.0;3.762518196081603
2018-02-03T21:00:00.0;3.544400649156318
2018-02-03T22:00:00.0;2.636783324973184
2018-02-03T23:00:00.0;2.0170543939670513
2018-02-04T00:00:00.0;1.7050054939169046
2018-02-04T01:00:00.0;1.3195443633840156
2018-02-04T02:00:00.0;1.182927736625287
2018-02-04T03:00:00.0;1.111860429873876
2018-02-04T04:00:00.0;1.3603624912255559
2018-02-04T05:00:00.0;1.6159834823264858
2018-02-04T06:00:00.0;2.7549231576283417
2018-02-04T07:00:00.0;4.362567399121025
2018-02-04T08:00:00.0;4.595244931265709
2018-02-04T09:00:00.0;4.577173425044028
2018-02-04T10:00:00.0;4.3193453728160645
2018-02-04T11:00:00.0;4.091384382207437
2018-02-04T12:00:00.0;4.012500723341232
2018-02-04T13:00:00.0;3.891528076471605
2018-02-04T14:00:00.0;3.8031505087954494
2018-02-04T15:00:00.0;3.832391237106269
2018-02-04T16:00:00.0;4.09875134958928
2018-02-04T17:00:00.0;4.183557629055858
2018-02-04T18:00:00.0;4.377976880016896
2018-02-04T19:00:00.0;4.503115524113868
2018-02-04T20:00:00.0;4.420338902296667
2018-02-04T21:00:00.0;4.2979662133121135
2018-02-04T22:00:00.0;3.2431677212019374
2018-02-04T23:00:00.0;2.6264625412056923
2018-02-05T00:00:00.0;1.9541750017085018
2018-02-05T01:00:00.0;1.7388612903670242
2018-02-05T02:00:00.0;2.1515860303677625
2018-02-05T03:00:00.0;2.3506936061416646
2018-02-05T04:00:00.0;2.5456506549988256
2018-02-05T05:00:00.0;3.02744153332315
2018-02-05T06:00:00.0;3.1624635432532897
2018-02-05T07:00:00.0;4.144820143879291
2018-02-05T08:00:00.0;4.999999969653793
2018-02-05T09:00:00.0;4.999999969653797
2018-02-05T10:00:00.0;4.999999969653806
2018-02-05T11:00:00.0;4.956304969717473
2018-02-05T12:00:00.0;4.77995922527458
2018-02-05T13:00:00.0;4.6526103927597955
2018-02-05T14:00:00.0;4.732378490849935
2018-02-05T15:00:00.0;4.893835723108234
2018-02-05T16:00:00.0;4.999999969653782
2018-02-05T17:00:00.0;4.999999969653769
2018-02-05T18:00:00.0;4.999999969653769
2018-02-05T19:00:00.0;4.999999969653777
2018-02-05T20:00:00.0;4.999999969653793
2018-02-05T21:00:00.0;4.99201858205361
2018-02-05T22:00:00.0;4.564332954724432
2018-02-05T23:00:00.0;4.101089698290478
2018-02-06T00:00:00.0;1.7282881721413954
2018-02-06T01:00:00.0;1.4473403546783823
2018-02-06T02:00:00.0;1.9161365854369654
2018-02-06T03:00:00.0;2.2150625008325644
2018-02-06T04:00:00.0;2.5127907367933178
2018-02-06T05:00:00.0;3.125353568455987
2018-02-06T06:00:00.0;3.033818217790797
2018-02-06T07:00:00.0;3.9842909473705457
2018-02-06T08:00:00.0;4.999999968882217
2018-02-06T09:00:00.0;4.999999968882229
2018-02-06T10:00:00.0;4.999999968882237
2018-02-06T11:00:00.0;4.928590141024799
2018-02-06T12:00:00.0;4.874891055397134
2018-02-06T13:00:00.0;4.849416180630149
2018-02-06T14:00:00.0;4.8660174499566855
2018-02-06T15:00:00.0;4.99999996888222
2018-02-06T16:00:00.0;4.999999968882197
2018-02-06T17:00:00.0;4.999999968882192
2018-02-06T18:00:00.0;4.999999968882192
2018-02-06T19:00:00.0;4.999999968882199
2018-02-06T20:00:00.0;4.999999968882216
2018-02-06T21:00:00.0;4.999999968882255
2018-02-06T22:00:00.0;4.565405596945777
2018-02-06T23:00:00.0;4.197237242512585
2018-02-07T00:00:00.0;1.865436797984341
2018-02-07T01:00:00.0;1.6502350218903832
2018-02-07T02:00:00.0;2.0797260276910396
2018-02-07T03:00:00.0;2.381123566531481
2018-02-07T04:00:00.0;2.7156416901054015
2018-02-07T05:00:00.0;3.2976205736232025
2018-02-07T06:00:00.0;3.1891000326546597
2018-02-07T07:00:00.0;4.064507917266752
2018-02-07T08:00:00.0;4.999999971095684
2018-02-07T09:00:00.0;4.9999999710956935
2018-02-07T10:00:00.0;4.999999971095697
2018-02-07T11:00:00.0;4.9505429953986075
2018-02-07T12:00:00.0;4.913352114920008
2018-02-07T13:00:00.0;4.89570874145113
2018-02-07T14:00:00.0;4.907206438592515
2018-02-07T15:00:00.0;4.99999997109568
2018-02-07T16:00:00.0;4.999999971095663
2018-02-07T17:00:00.0;4.999999971095661
2018-02-07T18:00:00.0;4.9999999710956615
2018-02-07T19:00:00.0;4.999999971095668
2018-02-07T20:00:00.0;4.999999971095684
2018-02-07T21:00:00.0;4.999999971095719
2018-02-07T22:00:00.0;4.599728266331031
2018-02-07T23:00:00.0;4.260636496198942
2018-02-08T00:00:00.0;2.064955771283739
2018-02-08T01:00:00.0;1.9488605690328011
2018-02-08T02:00:00.0;1.7789554630003512
2018-02-08T03:00:00.0;1.6627856361163587
2018-02-08T04:00:00.0;2.1533744827268144
2018-02-08T05:00:00.0;2.613416854197013
2018-02-08T06:00:00.0;3.6565374797326293
2018-02-08T07:00:00.0;4.999999979926207
2018-02-08T08:00:00.0;4.999999979926182
2018-02-08T09:00:00.0;4.999999979926174
2018-02-08T10:00:00.0;4.999999979926181
2018-02-08T11:00:00.0;4.9999999799261925
2018-02-08T12:00:00.0;4.918702256711695
2018-02-08T13:00:00.0;4.855380386634391
2018-02-08T14:00:00.0;4.894820187368298
2018-02-08T15:00:00.0;4.939849132962401
2018-02-08T16:00:00.0;4.99999997992619
2018-02-08T17:00:00.0;4.999999979926178
2018-02-08T18:00:00.0;4.999999979926181
2018-02-08T19:00:00.0;4.999999979926186
2018-02-08T20:00:00.0;4.999999979926196
2018-02-08T21:00:00.0;4.9108724925647005
2018-02-08T22:00:00.0;4.221010005724631
2018-02-08T23:00:00.0;3.8139438741871734
2018-02-09T00:00:00.0;2.584801120991976
2018-02-09T01:00:00.0;2.610610964817198
2018-02-09T02:00:00.0;2.618462427562518
2018-02-09T03:00:00.0;2.4855820130315376
2018-02-09T04:00:00.0;2.712391349258293
2018-02-09T05:00:00.0;3.058266062868323
2018-02-09T06:00:00.0;4.026508634340919
2018-02-09T07:00:00.0;4.999999975444869
2018-02-09T08:00:00.0;4.999999975444841
2018-02-09T09:00:00.0;4.99999997544483
2018-02-09T10:00:00.0;4.999999975444848
2018-02-09T11:00:00.0;4.999999975444866
2018-02-09T12:00:00.0;4.645205751675666
2018-02-09T13:00:00.0;4.368860574303185
2018-02-09T14:00:00.0;4.540981181544346
2018-02-09T15:00:00.0;4.737493570422037
2018-02-09T16:00:00.0;4.9999999754448625
2018-02-09T17:00:00.0;4.999999975444837
2018-02-09T18:00:00.0;4.999999975444834
2018-02-09T19:00:00.0;4.999999975444841
2018-02-09T20:00:00.0;4.999999975444851
2018-02-09T21:00:00.0;4.94457397247552
2018-02-09T22:00:00.0;4.515566924526779
2018-02-09T23:00:00.0;4.001513591796154
2018-02-10T00:00:00.0;3.099051331480516
2018-02-10T01:00:00.0;2.921018766294613
2018-02-10T02:00:00.0;2.9933956428437627
2018-02-10T03:00:00.0;3.084239008088723
2018-02-10T04:00:00.0;3.2326498648573523
2018-02-10T05:00:00.0;3.4101679755638585
2018-02-10T06:00:00.0;3.759931146341812
2018-02-10T07:00:00.0;4.536003546983842
2018-02-10T08:00:00.0;4.999999963472171
2018-02-10T09:00:00.0;4.999999963472172
2018-02-10T10:00:00.0;4.999999963472168
2018-02-10T11:00:00.0;4.985021312625044
2018-02-10T12:00:00.0;4.954133083018349
2018-02-10T13:00:00.0;4.5510655264096425
2018-02-10T14:00:00.0;3.9544854353171432
2018-02-10T15:00:00.0;3.9446670435454405
2018-02-10T16:00:00.0;4.71062990312289
2018-02-10T17:00:00.0;4.056257796497616
2018-02-10T18:00:00.0;4.358863781545141
2018-02-10T19:00:00.0;4.132492306719018
2018-02-10T20:00:00.0;3.4272409170395712
2018-02-10T21:00:00.0;3.126706717229109
2018-02-10T22:00:00.0;2.0337838359283587
2018-02-10T23:00:00.0;1.3621347982399874
2018-02-11T00:00:00.0;1.2051080051985965
2018-02-11T01:00:00.0;0.6943121206631427
2018-02-11T02:00:00.0;0.4764016235148296
2018-02-11T03:00:00.0;0.42006318557140654
2018-02-11T04:00:00.0;0.6832519865237361
2018-02-11T05:00:00.0;0.9231029249073732
2018-02-11T06:00:00.0;2.256865804335603
2018-02-11T07:00:00.0;4.051698630019264
2018-02-11T08:00:00.0;4.225729625853956
2018-02-11T09:00:00.0;4.191159997363391
2018-02-11T10:00:00.0;3.6979515248302803
2018-02-11T11:00:00.0;3.2618768192128806
2018-02-11T12:00:00.0;3.2176950851718926
2018-02-11T13:00:00.0;3.217695085171896
2018-02-11T14:00:00.0;3.2176950851718735
2018-02-11T15:00:00.0;3.217695085171891
2018-02-11T16:00:00.0;3.3797483139143396
2018-02-11T17:00:00.0;3.7790068224184505
2018-02-11T18:00:00.0;4.041639872944812
2018-02-11T19:00:00.0;4.362770354858455
2018-02-11T20:00:00.0;4.459107630663532
2018-02-11T21:00:00.0;4.391867038110686
2018-02-11T22:00:00.0;3.264482589151948
2018-02-11T23:00:00.0;2.6770930917545264
2018-02-12T00:00:00.0;1.8936041165791473
2018-02-12T01:00:00.0;1.7026203929743597
2018-02-12T02:00:00.0;1.5148584934993823
2018-02-12T03:00:00.0;1.4274475633624202
2018-02-12T04:00:00.0;1.8909546758434777
2018-02-12T05:00:00.0;2.314524153943773
2018-02-12T06:00:00.0;3.393540610622276
2018-02-12T07:00:00.0;4.7844652623256865
2018-02-12T08:00:00.0;4.802709999537064
2018-02-12T09:00:00.0;4.7939013950132745
2018-02-12T10:00:00.0;4.668228121332908
2018-02-12T11:00:00.0;4.557112966431632
2018-02-12T12:00:00.0;4.50146880845371
2018-02-12T13:00:00.0;4.466896812953923
2018-02-12T14:00:00.0;4.488429856937305
2018-02-12T15:00:00.0;4.513014419941202
2018-02-12T16:00:00.0;4.587147520657046
2018-02-12T17:00:00.0;4.688881628245966
2018-02-12T18:00:00.0;4.755802528989608
2018-02-12T19:00:00.0;4.837629020601499
2018-02-12T20:00:00.0;4.8621764919084995
2018-02-12T21:00:00.0;4.781066603660668
2018-02-12T22:00:00.0;4.009778613176797
2018-02-12T23:00:00.0;3.5893525902676933
2018-02-13T00:00:00.0;2.358497418353955
2018-02-13T01:00:00.0;2.2731443055119174
2018-02-13T02:00:00.0;2.2038241189334546
2018-02-13T03:00:00.0;2.108523545264258
2018-02-13T04:00:00.0;2.387009120581931
2018-02-13T05:00:00.0;2.7215559203930084
2018-02-13T06:00:00.0;3.7197562542838125
2018-02-13T07:00:00.0;4.810352321855482
2018-02-13T08:00:00.0;4.826405752358548
2018-02-13T09:00:00.0;4.818655116166124
2018-02-13T10:00:00.0;4.708075986319134
2018-02-13T11:00:00.0;4.610306454405393
2018-02-13T12:00:00.0;4.380352483185298
2018-02-13T13:00:00.0;4.173070819514654
2018-02-13T14:00:00.0;4.22637803178154
2018-02-13T15:00:00.0;4.34748985894366
2018-02-13T16:00:00.0;4.6116177807854575
2018-02-13T17:00:00.0;4.64376867878537
2018-02-13T18:00:00.0;4.729098806201137
2018-02-13T19:00:00.0;4.7813132464583
2018-02-13T20:00:00.0;4.741275583609859
2018-02-13T21:00:00.0;4.660372168540407
2018-02-13T22:00:00.0;4.033050191666702
2018-02-13T23:00:00.0;3.527226249106318
2018-02-14T00:00:00.0;2.6216440895150015
2018-02-14T01:00:00.0;2.646880821741307
2018-02-14T02:00:00.0;2.6909906241705097
2018-02-14T03:00:00.0;2.590298149594127
2018-02-14T04:00:00.0;2.755585914630301
2018-02-14T05:00:00.0;3.0639592859452516
2018-02-14T06:00:00.0;3.9910371111240908
2018-02-14T07:00:00.0;4.857029982525935
2018-02-14T08:00:00.0;4.869132208858496
2018-02-14T09:00:00.0;4.863289223871315
2018-02-14T10:00:00.0;4.7799267514819475
2018-02-14T11:00:00.0;4.706221071974806
2018-02-14T12:00:00.0;4.317037461881807
2018-02-14T13:00:00.0;4.019723235644049
2018-02-14T14:00:00.0;4.2049043401165305
2018-02-14T15:00:00.0;4.416328072568904
2018-02-14T16:00:00.0;4.726143801955657
2018-02-14T17:00:00.0;4.793626779732676
2018-02-14T18:00:00.0;4.838017218344964
2018-02-14T19:00:00.0;4.8922949374490745
2018-02-14T20:00:00.0;4.9085779373195475
2018-02-14T21:00:00.0;4.869541662959402
2018-02-14T22:00:00.0;4.472217773284849
2018-02-14T23:00:00.0;3.9471225504369203
2018-02-15T00:00:00.0;1.5725678006178823
2018-02-15T01:00:00.0;1.2613904425350626
2018-02-15T02:00:00.0;1.0441310043991716
2018-02-15T03:00:00.0;0.8841746369107374
2018-02-15T04:00:00.0;1.3572854879246496
2018-02-15T05:00:00.0;1.7820016104086864
2018-02-15T06:00:00.0;3.0110598325252758
2018-02-15T07:00:00.0;4.850147995747076
2018-02-15T08:00:00.0;4.999999979769148
2018-02-15T09:00:00.0;4.9999999797691395
2018-02-15T10:00:00.0;4.999999979769143
2018-02-15T11:00:00.0;4.999999979769154
2018-02-15T12:00:00.0;4.981991940010723
2018-02-15T13:00:00.0;4.967965683077033
2018-02-15T14:00:00.0;4.97670188713782
2018-02-15T15:00:00.0;4.986676127626712
2018-02-15T16:00:00.0;4.999999979769149
2018-02-15T17:00:00.0;4.9999999797691395
2018-02-15T18:00:00.0;4.999999979769144
2018-02-15T19:00:00.0;4.999999979769151
2018-02-15T20:00:00.0;4.999999979769165
2018-02-15T21:00:00.0;4.884670536268941
2018-02-15T22:00:00.0;3.9278826791356534
2018-02-15T23:00:00.0;3.4216013860351544
2018-02-16T00:00:00.0;1.9905261755434174
2018-02-16T01:00:00.0;1.8397232348214112
2018-02-16T02:00:00.0;1.983532371961883
2018-02-16T03:00:00.0;2.0981269031091148
2018-02-16T04:00:00.0;2.567755067591003
2018-02-16T05:00:00.0;3.2081295777894665
2018-02-16T06:00:00.0;3.622129297414542
2018-02-16T07:00:00.0;4.56996390526771
2018-02-16T08:00:00.0;4.991948959217484
2018-02-16T09:00:00.0;4.991589497451092
2018-02-16T10:00:00.0;4.986461019174666
2018-02-16T11:00:00.0;4.921989772680484
2018-02-16T12:00:00.0;4.876458773810608
2018-02-16T13:00:00.0;4.855076788244518
2018-02-16T14:00:00.0;4.869010835197271
2018-02-16T15:00:00.0;4.9814672186723
2018-02-16T16:00:00.0;4.983152279877661
2018-02-16T17:00:00.0;4.987303848031037
2018-02-16T18:00:00.0;4.990034757918658
2018-02-16T19:00:00.0;4.993373935552692
2018-02-16T20:00:00.0;4.994375669411086
2018-02-16T21:00:00.0;4.95711474189318
2018-02-16T22:00:00.0;4.482615914311237
2018-02-16T23:00:00.0;4.185819639161047
2018-02-17T00:00:00.0;2.9311494415920345
2018-02-17T01:00:00.0;3.199746326762627
2018-02-17T02:00:00.0;3.307350812170587
2018-02-17T03:00:00.0;3.526634552255953
2018-02-17T04:00:00.0;4.203620424203774
2018-02-17T05:00:00.0;4.916692663808736
2018-02-17T06:00:00.0;4.949109759913304
2018-02-17T07:00:00.0;4.973710621974727
2018-02-17T08:00:00.0;4.999999979633421
2018-02-17T09:00:00.0;4.999999979633426
2018-02-17T10:00:00.0;4.999999979633434
2018-02-17T11:00:00.0;4.9747162028507335
2018-02-17T12:00:00.0;4.9557031939249025
2018-02-17T13:00:00.0;4.946683412383603
2018-02-17T14:00:00.0;4.952561353845665
2018-02-17T15:00:00.0;4.999999979633436
2018-02-17T16:00:00.0;4.999999979633426
2018-02-17T17:00:00.0;4.999999979633427
2018-02-17T18:00:00.0;4.999999979633424
2018-02-17T19:00:00.0;4.999999979633424
2018-02-17T20:00:00.0;4.999999979633427
2018-02-17T21:00:00.0;4.999999979633442
2018-02-17T22:00:00.0;4.988751475742741
2018-02-17T23:00:00.0;4.979222260836415
2018-02-18T00:00:00.0;2.816778327941123
2018-02-18T01:00:00.0;2.9096794081139024
2018-02-18T02:00:00.0;3.0782602218542134
2018-02-18T03:00:00.0;3.2573901575610935
2018-02-18T04:00:00.0;3.7908069721386615
2018-02-18T05:00:00.0;4.542249263257298
2018-02-18T06:00:00.0;4.687438020177556
2018-02-18T07:00:00.0;4.83853372126468
2018-02-18T08:00:00.0;4.99999997056327
2018-02-18T09:00:00.0;4.999999970563278
2018-02-18T10:00:00.0;4.9999999705633
2018-02-18T11:00:00.0;4.9091501691903074
2018-02-18T12:00:00.0;4.840832524272799
2018-02-18T13:00:00.0;4.717931030699557
2018-02-18T14:00:00.0;4.604293932655313
2018-02-18T15:00:00.0;4.772814517943682
2018-02-18T16:00:00.0;4.936671288584272
2018-02-18T17:00:00.0;4.7920295503083
2018-02-18T18:00:00.0;4.858714176771214
2018-02-18T19:00:00.0;4.808829184449368
2018-02-18T20:00:00.0;4.653414460990277
2018-02-18T21:00:00.0;4.592325576208585
2018-02-18T22:00:00.0;4.365921660888059
2018-02-18T23:00:00.0;4.215899160826907
2018-02-19T00:00:00.0;2.028816989737521
2018-02-19T01:00:00.0;1.896246703758984
2018-02-19T02:00:00.0;2.281535747597586
2018-02-19T03:00:00.0;2.6020053978216175
2018-02-19T04:00:00.0;2.971341807981779
2018-02-19T05:00:00.0;3.458191239102265
2018-02-19T06:00:00.0;3.285994071814618
2018-02-19T07:00:00.0;4.11456237101579
2018-02-19T08:00:00.0;4.999999975111296
2018-02-19T09:00:00.0;4.999999975111302
2018-02-19T10:00:00.0;4.999999975111293
2018-02-19T11:00:00.0;4.999999975111289
2018-02-19T12:00:00.0;4.999999975111285
2018-02-19T13:00:00.0;4.9999999751112885
2018-02-19T14:00:00.0;4.999999975111281
2018-02-19T15:00:00.0;4.999999975111275
2018-02-19T16:00:00.0;4.999999975111273
2018-02-19T17:00:00.0;4.999999975111273
2018-02-19T18:00:00.0;4.999999975111277
2018-02-19T19:00:00.0;4.999999975111283
2018-02-19T20:00:00.0;4.999999975111297
2018-02-19T21:00:00.0;4.9999999751113275
2018-02-19T22:00:00.0;4.621145213274003
2018-02-19T23:00:00.0;4.300196891708498
2018-02-20T00:00:00.0;2.0519508312507275
2018-02-20T01:00:00.0;1.9267910160217918
2018-02-20T02:00:00.0;2.303213033706594
2018-02-20T03:00:00.0;2.610333510362574
2018-02-20T04:00:00.0;2.993564592404688
2018-02-20T05:00:00.0;3.5253559489087047
2018-02-20T06:00:00.0;3.3873749865382976
2018-02-20T07:00:00.0;4.1669346956358595
2018-02-20T08:00:00.0;4.9999999743077685
2018-02-20T09:00:00.0;4.9999999743077765
2018-02-20T10:00:00.0;4.999999974307772
2018-02-20T11:00:00.0;4.983810309965936
2018-02-20T12:00:00.0;4.9716359328828394
2018-02-20T13:00:00.0;4.965860401922997
2018-02-20T14:00:00.0;4.969624155262122
2018-02-20T15:00:00.0;4.999999974307757
2018-02-20T16:00:00.0;4.999999974307749
2018-02-20T17:00:00.0;4.999999974307749
2018-02-20T18:00:00.0;4.999999974307752
2018-02-20T19:00:00.0;4.999999974307757
2018-02-20T20:00:00.0;4.99999997430777
2018-02-20T21:00:00.0;4.999999974307801
2018-02-20T22:00:00.0;4.643553911607997
2018-02-20T23:00:00.0;4.34158920883555
2018-02-21T00:00:00.0;2.3235972741940962
2018-02-21T01:00:00.0;2.320170543651913
2018-02-21T02:00:00.0;2.574052392674599
2018-02-21T03:00:00.0;2.8216693832902804
2018-02-21T04:00:00.0;3.3132308126508896
2018-02-21T05:00:00.0;3.9241600711248155
2018-02-21T06:00:00.0;3.929946962520808
2018-02-21T07:00:00.0;4.492133134605509
2018-02-21T08:00:00.0;4.9999999758648626
2018-02-21T09:00:00.0;4.999999975864869
2018-02-21T10:00:00.0;4.999999975864871
2018-02-21T11:00:00.0;4.972493510039
2018-02-21T12:00:00.0;4.951809073344279
2018-02-21T13:00:00.0;4.941996365580926
2018-02-21T14:00:00.0;4.948391035069669
2018-02-21T15:00:00.0;4.999999975864864
2018-02-21T16:00:00.0;4.999999975864854
2018-02-21T17:00:00.0;4.999999975864852
2018-02-21T18:00:00.0;4.999999975864853
2018-02-21T19:00:00.0;4.9999999758648555
2018-02-21T20:00:00.0;4.999999975864865
2018-02-21T21:00:00.0;4.99406953478674
2018-02-21T22:00:00.0;4.730864412018808
2018-02-21T23:00:00.0;4.524329127227704
2018-02-22T00:00:00.0;2.136057589659803
2018-02-22T01:00:00.0;2.044432250671445
2018-02-22T02:00:00.0;2.2295837584664056
2018-02-22T03:00:00.0;2.378203649644896
2018-02-22T04:00:00.0;2.871276283641951
2018-02-22T05:00:00.0;3.576235433228663
2018-02-22T06:00:00.0;3.8751226580691895
2018-02-22T07:00:00.0;4.6041445733587025
2018-02-22T08:00:00.0;4.999999973033121
2018-02-22T09:00:00.0;4.999999973033127
2018-02-22T10:00:00.0;4.999999973033144
2018-02-22T11:00:00.0;4.92385683530056
2018-02-22T12:00:00.0;4.86659837388508
2018-02-22T13:00:00.0;4.839434929352269
2018-02-22T14:00:00.0;4.85713659276182
2018-02-22T15:00:00.0;4.999999973033145
2018-02-22T16:00:00.0;4.999999973033118
2018-02-22T17:00:00.0;4.999999973033112
2018-02-22T18:00:00.0;4.99999997303311
2018-02-22T19:00:00.0;4.999999973033113
2018-02-22T20:00:00.0;4.999999973033124
2018-02-22T21:00:00.0;4.975538888784643
2018-02-22T22:00:00.0;4.616829977612827
2018-02-22T23:00:00.0;4.380757724785107
2018-02-23T00:00:00.0;3.1438351854795346
2018-02-23T01:00:00.0;3.223909408745528
2018-02-23T02:00:00.0;3.224862123415787
2018-02-23T03:00:00.0;3.1803892897227612
2018-02-23T04:00:00.0;3.42556656657279
2018-02-23T05:00:00.0;3.73392003845677
2018-02-23T06:00:00.0;4.400121763317503
2018-02-23T07:00:00.0;4.999999972672478
2018-02-23T08:00:00.0;4.999999972672456
2018-02-23T09:00:00.0;4.999999972672449
2018-02-23T10:00:00.0;4.9999999726724615
2018-02-23T11:00:00.0;4.967154366669618
2018-02-23T12:00:00.0;4.675733025517092
2018-02-23T13:00:00.0;4.3751737108577045
2018-02-23T14:00:00.0;4.303584088655177
2018-02-23T15:00:00.0;4.422158006710057
2018-02-23T16:00:00.0;4.895601159241591
2018-02-23T17:00:00.0;4.671507212726891
2018-02-23T18:00:00.0;4.7768366964385
2018-02-23T19:00:00.0;4.69804251605662
2018-02-23T20:00:00.0;4.452562358913771
2018-02-23T21:00:00.0;4.322073800935421
2018-02-23T22:00:00.0;3.8104414024101456
2018-02-23T23:00:00.0;3.3454102586401553
2018-02-24T00:00:00.0;1.211669892275386
2018-02-24T01:00:00.0;0.6870629595819692
2018-02-24T02:00:00.0;0.4567685787046387
2018-02-24T03:00:00.0;0.44468356015499383
2018-02-24T04:00:00.0;0.6552650951235144
2018-02-24T05:00:00.0;0.8437544811829313
2018-02-24T06:00:00.0;2.1916604411264156
2018-02-24T07:00:00.0;3.8253192026391205
2018-02-24T08:00:00.0;3.924754422591553
2018-02-24T09:00:00.0;3.876746850975272
2018-02-24T10:00:00.0;3.1918178511350197
2018-02-24T11:00:00.0;2.5862317174659393
2018-02-24T12:00:00.0;2.5248756123031817
2018-02-24T13:00:00.0;2.5248756123031844
2018-02-24T14:00:00.0;2.5248756123031653
2018-02-24T15:00:00.0;2.524875612303181
2018-02-24T16:00:00.0;2.749922346219538
2018-02-24T17:00:00.0;3.3043810510810507
2018-02-24T18:00:00.0;3.6691051031601387
2018-02-24T19:00:00.0;4.115065771000373
2018-02-24T20:00:00.0;4.248851376153523
2018-02-24T21:00:00.0;4.2049798260323135
2018-02-24T22:00:00.0;3.0834121635581755
2018-02-24T23:00:00.0;2.506635096476636
2018-02-25T00:00:00.0;1.3405053762742158
2018-02-25T01:00:00.0;0.849949038081
2018-02-25T02:00:00.0;0.6563000032953332
2018-02-25T03:00:00.0;0.6520660390623668
2018-02-25T04:00:00.0;0.877531113653663
2018-02-25T05:00:00.0;1.1378759504486857
2018-02-25T06:00:00.0;2.414029459787496
2018-02-25T07:00:00.0;3.90646409260837
2018-02-25T08:00:00.0;3.9990305015998753
2018-02-25T09:00:00.0;3.9543392090070966
2018-02-25T10:00:00.0;3.31672390570023
2018-02-25T11:00:00.0;2.72977602830846
2018-02-25T12:00:00.0;2.655216334798251
2018-02-25T13:00:00.0;2.63018680471619
2018-02-25T14:00:00.0;2.610627847891622
2018-02-25T15:00:00.0;2.6537881243781944
2018-02-25T16:00:00.0;2.8936280846954276
2018-02-25T17:00:00.0;3.3830044698928106
2018-02-25T18:00:00.0;3.734881080144971
2018-02-25T19:00:00.0;4.140799060953739
2018-02-25T20:00:00.0;4.236567025274764
2018-02-25T21:00:00.0;4.186350577011438
2018-02-25T22:00:00.0;3.1281118290499075
2018-02-25T23:00:00.0;2.581562496305007
2018-02-26T00:00:00.0;2.856910320896629
2018-02-26T01:00:00.0;2.986329547140143
2018-02-26T02:00:00.0;3.0749332012957478
2018-02-26T03:00:00.0;2.998963590918172
2018-02-26T04:00:00.0;3.2077224960357333
2018-02-26T05:00:00.0;3.566065963745355
2018-02-26T06:00:00.0;4.336737265188501
2018-02-26T07:00:00.0;4.99999997483968
2018-02-26T08:00:00.0;4.999999974839656
2018-02-26T09:00:00.0;4.999999974839645
2018-02-26T10:00:00.0;4.999999974839665
2018-02-26T11:00:00.0;4.999999974839683
2018-02-26T12:00:00.0;4.603650199614796
2018-02-26T13:00:00.0;4.294937876814089
2018-02-26T14:00:00.0;4.4872182450423646
2018-02-26T15:00:00.0;4.706747301443358
2018-02-26T16:00:00.0;4.999999974839679
2018-02-26T17:00:00.0;4.999999974839653
2018-02-26T18:00:00.0;4.999999974839648
2018-02-26T19:00:00.0;4.999999974839654
2018-02-26T20:00:00.0;4.999999974839663
2018-02-26T21:00:00.0;4.967022083828915
2018-02-26T22:00:00.0;4.711767385453289
2018-02-26T23:00:00.0;4.247042375992188
2018-02-27T00:00:00.0;3.090597878974919
2018-02-27T01:00:00.0;3.305980686839333
2018-02-27T02:00:00.0;3.494232348263875
2018-02-27T03:00:00.0;3.4800532646343854
2018-02-27T04:00:00.0;3.685594016624427
2018-02-27T05:00:00.0;4.131160079328284
2018-02-27T06:00:00.0;4.696044410729201
2018-02-27T07:00:00.0;4.99999997252828
2018-02-27T08:00:00.0;4.9999999725282605
2018-02-27T09:00:00.0;4.999999972528253
2018-02-27T10:00:00.0;4.99999997252828
2018-02-27T11:00:00.0;4.972492007210938
2018-02-27T12:00:00.0;4.532112691900766
2018-02-27T13:00:00.0;4.195404769704477
2018-02-27T14:00:00.0;4.405404971985967
2018-02-27T15:00:00.0;4.689475475763229
2018-02-27T16:00:00.0;4.999999972528286
2018-02-27T17:00:00.0;4.99999997252826
2018-02-27T18:00:00.0;4.999999972528252
2018-02-27T19:00:00.0;4.999999972528256
2018-02-27T20:00:00.0;4.999999972528263
2018-02-27T21:00:00.0;4.992254445595193
2018-02-27T22:00:00.0;4.9323026997293065
2018-02-27T23:00:00.0;4.54306236771992
2018-02-28T00:00:00.0;2.416399273081637
2018-02-28T01:00:00.0;2.3384100383880306
2018-02-28T02:00:00.0;2.3157004620415576
2018-02-28T03:00:00.0;2.1202722926182966
2018-02-28T04:00:00.0;2.2480171500945763
2018-02-28T05:00:00.0;2.5271933228726455
2018-02-28T06:00:00.0;3.70824831119365
2018-02-28T07:00:00.0;4.90808904333593
2018-02-28T08:00:00.0;4.915869185654977
2018-02-28T09:00:00.0;4.912112913584096
2018-02-28T10:00:00.0;4.858521790642275
2018-02-28T11:00:00.0;4.794743111450654
2018-02-28T12:00:00.0;4.37498444446243
2018-02-28T13:00:00.0;4.073813378036733
2018-02-28T14:00:00.0;4.274202649117962
2018-02-28T15:00:00.0;4.502037699660377
2018-02-28T16:00:00.0;4.822654500346567
2018-02-28T17:00:00.0;4.867329109778175
2018-02-28T18:00:00.0;4.895866332642695
2018-02-28T19:00:00.0;4.930759778507934
2018-02-28T20:00:00.0;4.94122760921052
2018-02-28T21:00:00.0;4.876734689363622
2018-02-28T22:00:00.0;4.3163622833753434
2018-02-28T23:00:00.0;3.7057421758223072
2018-03-01T00:00:00.0;1.294553231975102
2018-03-01T01:00:00.0;0.8617216181848868
2018-03-01T02:00:00.0;0.598068763513657
2018-03-01T03:00:00.0;0.379921436701225
2018-03-01T04:00:00.0;0.8256794915398273
2018-03-01T05:00:00.0;1.261633309811146
2018-03-01T06:00:00.0;2.7040756432562985
2018-03-01T07:00:00.0;4.799613030006743
2018-03-01T08:00:00.0;4.9548051428311215
2018-03-01T09:00:00.0;4.952787283480033
2018-03-01T10:00:00.0;4.923998274983605
2018-03-01T11:00:00.0;4.877588643287112
2018-03-01T12:00:00.0;4.856569244305778
2018-03-01T13:00:00.0;4.847004374083708
2018-03-01T14:00:00.0;4.853177313492387
2018-03-01T15:00:00.0;4.893980766753932
2018-03-01T16:00:00.0;4.905424476168671
2018-03-01T17:00:00.0;4.928729543363803
2018-03-01T18:00:00.0;4.944059663473497
2018-03-01T19:00:00.0;4.962804329648426
2018-03-01T20:00:00.0;4.96842762041924
2018-03-01T21:00:00.0;4.838044440025372
2018-03-01T22:00:00.0;3.731372528101344
2018-03-01T23:00:00.0;3.1635719746478665
2018-03-02T00:00:00.0;1.363787219019015
2018-03-02T01:00:00.0;0.9519601094272987
2018-03-02T02:00:00.0;0.6737787180487754
2018-03-02T03:00:00.0;0.44592069595390504
2018-03-02T04:00:00.0;0.8510348534049682
2018-03-02T05:00:00.0;1.2104986714411807
2018-03-02T06:00:00.0;2.687334471966814
2018-03-02T07:00:00.0;4.783258794133452
2018-03-02T08:00:00.0;4.908206137597153
2018-03-02T09:00:00.0;4.904107725466908
2018-03-02T10:00:00.0;4.845635254838068
2018-03-02T11:00:00.0;4.793936294183091
2018-03-02T12:00:00.0;4.746625158586423
2018-03-02T13:00:00.0;4.713854855661673
2018-03-02T14:00:00.0;4.734265721856288
2018-03-02T15:00:00.0;4.757569079538249
2018-03-02T16:00:00.0;4.80791058273598
2018-03-02T17:00:00.0;4.855244788679187
2018-03-02T18:00:00.0;4.886381324623506
2018-03-02T19:00:00.0;4.924453040170658
2018-03-02T20:00:00.0;4.9358743332823725
2018-03-02T21:00:00.0;4.807406366883541
2018-03-02T22:00:00.0;3.6964532385793216
2018-03-02T23:00:00.0;3.0968456172088983
2018-03-03T00:00:00.0;1.777971822802334
2018-03-03T01:00:00.0;1.4431653685747257
2018-03-03T02:00:00.0;1.4310232088422945
2018-03-03T03:00:00.0;1.4574955306455866
2018-03-03T04:00:00.0;1.5112602319376145
2018-03-03T05:00:00.0;1.6701860843464231
2018-03-03T06:00:00.0;2.7234802088393577
2018-03-03T07:00:00.0;3.907670535411766
2018-03-03T08:00:00.0;4.091631042725841
2018-03-03T09:00:00.0;4.0510741798523755
2018-03-03T10:00:00.0;3.47244521385072
2018-03-03T11:00:00.0;2.9608452108845595
2018-03-03T12:00:00.0;2.705330952208663
2018-03-03T13:00:00.0;2.5466865038643722
2018-03-03T14:00:00.0;2.6454976321933907
2018-03-03T15:00:00.0;2.7583116129646186
2018-03-03T16:00:00.0;3.0991312803632156
2018-03-03T17:00:00.0;3.567538760787404
2018-03-03T18:00:00.0;3.875658144226677
2018-03-03T19:00:00.0;4.252406332973236
2018-03-03T20:00:00.0;4.3654285971695685
2018-03-03T21:00:00.0;4.3544149585120415
2018-03-03T22:00:00.0;3.565768633312704
2018-03-03T23:00:00.0;2.9661964256332367
2018-03-04T00:00:00.0;2.467515255628702
2018-03-04T01:00:00.0;2.166387658136548
2018-03-04T02:00:00.0;2.22479414735843
2018-03-04T03:00:00.0;2.3685686380698643
2018-03-04T04:00:00.0;2.493043894568298
2018-03-04T05:00:00.0;2.750819060830073
2018-03-04T06:00:00.0;3.31363317415635
2018-03-04T07:00:00.0;4.041874986620121
2018-03-04T08:00:00.0;4.377741088047866
2018-03-04T09:00:00.0;4.349958469051868
2018-03-04T10:00:00.0;3.9535809643954423
2018-03-04T11:00:00.0;3.561121699511539
2018-03-04T12:00:00.0;3.494031862111806
2018-03-04T13:00:00.0;3.208795086471498
2018-03-04T14:00:00.0;2.816103231006223
2018-03-04T15:00:00.0;2.8891205751510145
2018-03-04T16:00:00.0;3.5087183060142566
2018-03-04T17:00:00.0;3.3976166436965127
2018-03-04T18:00:00.0;3.8078417260674096
2018-03-04T19:00:00.0;3.916942960561643
2018-03-04T20:00:00.0;3.530218542349959
2018-03-04T21:00:00.0;3.3549676391613645
2018-03-04T22:00:00.0;2.369167879640018
2018-03-04T23:00:00.0;1.7845615640336794
2018-03-05T00:00:00.0;2.3325341830865667
2018-03-05T01:00:00.0;2.312360767934198
2018-03-05T02:00:00.0;2.58995792577628
2018-03-05T03:00:00.0;2.829925212522581
2018-03-05T04:00:00.0;3.2554151521064836
2018-03-05T05:00:00.0;3.8596942951998248
2018-03-05T06:00:00.0;3.9132444628292657
2018-03-05T07:00:00.0;4.423175913600152
2018-03-05T08:00:00.0;4.914270761816753
2018-03-05T09:00:00.0;4.910443123308936
2018-03-05T10:00:00.0;4.855833808014505
2018-03-05T11:00:00.0;4.765081752151763
2018-03-05T12:00:00.0;4.686294764863559
2018-03-05T13:00:00.0;4.638462816365612
2018-03-05T14:00:00.0;4.668691496989832
2018-03-05T15:00:00.0;4.771613626403097
2018-03-05T16:00:00.0;4.820601527061635
2018-03-05T17:00:00.0;4.864808459807348
2018-03-05T18:00:00.0;4.893887869147727
2018-03-05T19:00:00.0;4.929444265102183
2018-03-05T20:00:00.0;4.940110976973597
2018-03-05T21:00:00.0;4.942854080270836
2018-03-05T22:00:00.0;4.6950038558398
2018-03-05T23:00:00.0;4.4615202776945155
2018-03-06T00:00:00.0;2.398970222736346
2018-03-06T01:00:00.0;2.4252272749048305
2018-03-06T02:00:00.0;2.7013578343992424
2018-03-06T03:00:00.0;2.985515139950985
2018-03-06T04:00:00.0;3.4644735781894997
2018-03-06T05:00:00.0;4.0090683299451735
2018-03-06T06:00:00.0;3.9057607706596427
2018-03-06T07:00:00.0;4.435626823058812
2018-03-06T08:00:00.0;4.999999977244864
2018-03-06T09:00:00.0;4.999999977244869
2018-03-06T10:00:00.0;4.9999999772448644
2018-03-06T11:00:00.0;4.999999977244864
2018-03-06T12:00:00.0;4.996162322013327
2018-03-06T13:00:00.0;4.987928340139424
2018-03-06T14:00:00.0;4.981979557684446
2018-03-06T15:00:00.0;4.983992928756804
2018-03-06T16:00:00.0;4.996329457505366
2018-03-06T17:00:00.0;4.987946046720483
2018-03-06T18:00:00.0;4.991811076436932
2018-03-06T19:00:00.0;4.9889197506853264
2018-03-06T20:00:00.0;4.979911939493998
2018-03-06T21:00:00.0;4.9763712380227885
2018-03-06T22:00:00.0;4.72577319580811
2018-03-06T23:00:00.0;4.512608302565024
2018-03-07T00:00:00.0;2.4012835020012875
2018-03-07T01:00:00.0;2.43623816151542
2018-03-07T02:00:00.0;2.7080777577372883
2018-03-07T03:00:00.0;2.9940020881896614
2018-03-07T04:00:00.0;3.486296555430248
2018-03-07T05:00:00.0;4.040241245517646
2018-03-07T06:00:00.0;3.933050430545881
2018-03-07T07:00:00.0;4.448824950243824
2018-03-07T08:00:00.0;4.999999977595403
2018-03-07T09:00:00.0;4.999999977595408
2018-03-07T10:00:00.0;4.999999977595404
2018-03-07T11:00:00.0;4.999999977595403
2018-03-07T12:00:00.0;4.999999977595399
2018-03-07T13:00:00.0;4.999999977595402
2018-03-07T14:00:00.0;4.999999977595397
2018-03-07T15:00:00.0;4.999999977595393
2018-03-07T16:00:00.0;4.99999997759539
2018-03-07T17:00:00.0;4.999999977595391
2018-03-07T18:00:00.0;4.999999977595393
2018-03-07T19:00:00.0;4.9999999775953965
2018-03-07T20:00:00.0;4.999999977595406
2018-03-07T21:00:00.0;4.99999997759543
2018-03-07T22:00:00.0;4.764167116248556
2018-03-07T23:00:00.0;4.564380367753716
2018-03-08T00:00:00.0;2.941929018260381
2018-03-08T01:00:00.0;3.0802489774479427
2018-03-08T02:00:00.0;3.171415336960467
2018-03-08T03:00:00.0;3.1066730912495943
2018-03-08T04:00:00.0;3.3113741679544004
2018-03-08T05:00:00.0;3.661695975385154
2018-03-08T06:00:00.0;4.3944001001181725
2018-03-08T07:00:00.0;4.999999974122731
2018-03-08T08:00:00.0;4.999999974122707
2018-03-08T09:00:00.0;4.999999974122696
2018-03-08T10:00:00.0;4.999999974122716
2018-03-08T11:00:00.0;4.9999999741227334
2018-03-08T12:00:00.0;4.613968376676293
2018-03-08T13:00:00.0;4.287912519785651
2018-03-08T14:00:00.0;4.437391633011309
2018-03-08T15:00:00.0;4.650662657125506
2018-03-08T16:00:00.0;4.982238125844843
2018-03-08T17:00:00.0;4.941670336817417
2018-03-08T18:00:00.0;4.960373429644997
2018-03-08T19:00:00.0;4.946382144223052
2018-03-08T20:00:00.0;4.902792847052064
2018-03-08T21:00:00.0;4.856295415428291
2018-03-08T22:00:00.0;4.5848917684198645
2018-03-08T23:00:00.0;4.117033123876405
2018-03-09T00:00:00.0;2.4321500052466822
2018-03-09T01:00:00.0;2.478478476084573
2018-03-09T02:00:00.0;2.739390893611348
2018-03-09T03:00:00.0;3.013064971843663
2018-03-09T04:00:00.0;3.5207924171991376
2018-03-09T05:00:00.0;4.114462378616832
2018-03-09T06:00:00.0;4.037945362643652
2018-03-09T07:00:00.0;4.503012579752784
2018-03-09T08:00:00.0;4.99999997699871
2018-03-09T09:00:00.0;4.9999999769987165
2018-03-09T10:00:00.0;4.999999976998716
2018-03-09T11:00:00.0;4.986434668122758
2018-03-09T12:00:00.0;4.976233765743462
2018-03-09T13:00:00.0;4.971394452232158
2018-03-09T14:00:00.0;4.974548098626557
2018-03-09T15:00:00.0;4.999999976998707
2018-03-09T16:00:00.0;4.9999999769987005
2018-03-09T17:00:00.0;4.9999999769987005
2018-03-09T18:00:00.0;4.999999976998701
2018-03-09T19:00:00.0;4.999999976998705
2018-03-09T20:00:00.0;4.999999976998713
2018-03-09T21:00:00.0;4.999999976998738
2018-03-09T22:00:00.0;4.787352534481209
2018-03-09T23:00:00.0;4.607207405962278
2018-03-10T00:00:00.0;2.6102239919190393
2018-03-10T01:00:00.0;2.429746910773933
2018-03-10T02:00:00.0;2.3457093006238092
2018-03-10T03:00:00.0;2.416360700843776
2018-03-10T04:00:00.0;2.626474734966374
2018-03-10T05:00:00.0;2.835039576111122
2018-03-10T06:00:00.0;3.5814639003251396
2018-03-10T07:00:00.0;4.321473830926288
2018-03-10T08:00:00.0;4.393023709407384
2018-03-10T09:00:00.0;4.365923428738915
2018-03-10T10:00:00.0;3.9792809157201985
2018-03-10T11:00:00.0;3.6374274613830178
2018-03-10T12:00:00.0;3.5629138330959793
2018-03-10T13:00:00.0;3.3063104850312053
2018-03-10T14:00:00.0;2.9897839143449767
2018-03-10T15:00:00.0;3.007045816458061
2018-03-10T16:00:00.0;3.571989336936557
2018-03-10T17:00:00.0;3.5244737709739122
2018-03-10T18:00:00.0;3.896566468496482
2018-03-10T19:00:00.0;4.0239771047979325
2018-03-10T20:00:00.0;3.71214074185425
2018-03-10T21:00:00.0;3.5497626383180907
2018-03-10T22:00:00.0;2.6313066172982977
2018-03-10T23:00:00.0;2.093320394845349
2018-03-11T00:00:00.0;3.2400563194523424
2018-03-11T01:00:00.0;3.1743647924907497
2018-03-11T02:00:00.0;3.1747894754114925
2018-03-11T03:00:00.0;3.3052555212148236
2018-03-11T04:00:00.0;3.5270244973434184
2018-03-11T05:00:00.0;3.7436283565535162
2018-03-11T06:00:00.0;4.123445996709457
2018-03-11T07:00:00.0;4.52474218803197
2018-03-11T08:00:00.0;4.700386583356796
2018-03-11T09:00:00.0;4.687009442797097
2018-03-11T10:00:00.0;4.49615639200103
2018-03-11T11:00:00.0;4.327411951106438
2018-03-11T12:00:00.0;4.3103152887399805
2018-03-11T13:00:00.0;3.9330810865124266
2018-03-11T14:00:00.0;3.3713134682587476
2018-03-11T15:00:00.0;3.3632422488578477
2018-03-11T16:00:00.0;4.109024085176595
2018-03-11T17:00:00.0;3.660550822889036
2018-03-11T18:00:00.0;4.040169576753993
2018-03-11T19:00:00.0;3.956478269477648
2018-03-11T20:00:00.0;3.3458763487242584
2018-03-11T21:00:00.0;3.0921103196754554
2018-03-11T22:00:00.0;2.162041292821469
2018-03-11T23:00:00.0;1.6159467764849296
2018-03-12T00:00:00.0;2.59480622150233
2018-03-12T01:00:00.0;2.68824347377926
2018-03-12T02:00:00.0;2.901871680906901
2018-03-12T03:00:00.0;3.136700741942603
2018-03-12T04:00:00.0;3.687517075683389
2018-03-12T05:00:00.0;4.374573705798361
2018-03-12T06:00:00.0;4.38973180825592
2018-03-12T07:00:00.0;4.684741794096715
2018-03-12T08:00:00.0;4.999999975346186
2018-03-12T09:00:00.0;4.999999975346192
2018-03-12T10:00:00.0;4.999999975346202
2018-03-12T11:00:00.0;4.953487513240089
2018-03-12T12:00:00.0;4.918510861421569
2018-03-12T13:00:00.0;4.885813086733928
2018-03-12T14:00:00.0;4.87264333839508
2018-03-12T15:00:00.0;4.95956765888042
2018-03-12T16:00:00.0;4.988729335956156
2018-03-12T17:00:00.0;4.962987368463518
2018-03-12T18:00:00.0;4.974855267087577
2018-03-12T19:00:00.0;4.965977208333408
2018-03-12T20:00:00.0;4.938317966908039
2018-03-12T21:00:00.0;4.927445945422728
2018-03-12T22:00:00.0;4.764557741318053
2018-03-12T23:00:00.0;4.63400133229875
2018-03-13T00:00:00.0;3.1866071848988113
2018-03-13T01:00:00.0;3.4768216375527676
2018-03-13T02:00:00.0;3.6484895298704867
2018-03-13T03:00:00.0;3.720403767120204
2018-03-13T04:00:00.0;4.051574492483148
2018-03-13T05:00:00.0;4.511853596806716
2018-03-13T06:00:00.0;4.85275231862277
2018-03-13T07:00:00.0;4.999999976198747
2018-03-13T08:00:00.0;4.9999999761987315
2018-03-13T09:00:00.0;4.999999976198726
2018-03-13T10:00:00.0;4.999999976198741
2018-03-13T11:00:00.0;4.9999999761987555
2018-03-13T12:00:00.0;4.675440715601131
2018-03-13T13:00:00.0;4.422645206460951
2018-03-13T14:00:00.0;4.580097986910241
2018-03-13T15:00:00.0;4.75986392265417
2018-03-13T16:00:00.0;4.999999976198751
2018-03-13T17:00:00.0;4.999999976198733
2018-03-13T18:00:00.0;4.999999976198727
2018-03-13T19:00:00.0;4.999999976198731
2018-03-13T20:00:00.0;4.999999976198736
2018-03-13T21:00:00.0;4.999999976198765
2018-03-13T22:00:00.0;4.999999976198749
2018-03-13T23:00:00.0;4.721662394736479
2018-03-14T00:00:00.0;3.395930747022096
2018-03-14T01:00:00.0;3.5109048615396508
2018-03-14T02:00:00.0;3.4891015953669147
2018-03-14T03:00:00.0;3.534869925795389
2018-03-14T04:00:00.0;3.900650405818411
2018-03-14T05:00:00.0;4.275567687710814
2018-03-14T06:00:00.0;4.647724907425012
2018-03-14T07:00:00.0;4.999999974730375
2018-03-14T08:00:00.0;4.999999974730362
2018-03-14T09:00:00.0;4.999999974730364
2018-03-14T10:00:00.0;4.999999974730375
2018-03-14T11:00:00.0;4.882993365810805
2018-03-14T12:00:00.0;4.621325395192532
2018-03-14T13:00:00.0;4.489621323193608
2018-03-14T14:00:00.0;4.387567323759292
2018-03-14T15:00:00.0;4.419454788028528
2018-03-14T16:00:00.0;4.879321905455055
2018-03-14T17:00:00.0;4.649596389196392
2018-03-14T18:00:00.0;4.761951464422726
2018-03-14T19:00:00.0;4.6779016262174675
2018-03-14T20:00:00.0;4.416047674688811
2018-03-14T21:00:00.0;4.290205946295754
2018-03-14T22:00:00.0;3.8477827905382562
2018-03-14T23:00:00.0;3.575982750181782
2018-03-15T00:00:00.0;1.5395625428360782
2018-03-15T01:00:00.0;1.1612362973734431
2018-03-15T02:00:00.0;0.9636345855851236
2018-03-15T03:00:00.0;0.8323271832093456
2018-03-15T04:00:00.0;1.1317165699343972
2018-03-15T05:00:00.0;1.4907306782187157
2018-03-15T06:00:00.0;2.84810443194816
2018-03-15T07:00:00.0;4.466648004967256
2018-03-15T08:00:00.0;4.51179556478656
2018-03-15T09:00:00.0;4.489998210565756
2018-03-15T10:00:00.0;4.179013098780747
2018-03-15T11:00:00.0;3.875140487679774
2018-03-15T12:00:00.0;3.7422889693988877
2018-03-15T13:00:00.0;3.6671308741788082
2018-03-15T14:00:00.0;3.7142401419985105
2018-03-15T15:00:00.0;3.8145980781326188
2018-03-15T16:00:00.0;3.97837489682771
2018-03-15T17:00:00.0;4.2301212856530395
2018-03-15T18:00:00.0;4.395720566940524
2018-03-15T19:00:00.0;4.59820451516343
2018-03-15T20:00:00.0;4.658948521306384
2018-03-15T21:00:00.0;4.581795356754374
2018-03-15T22:00:00.0;3.629559691017385
2018-03-15T23:00:00.0;3.0796554133022176
2018-03-16T00:00:00.0;2.277862465084988
2018-03-16T01:00:00.0;2.159544398525563
2018-03-16T02:00:00.0;2.0567176801106766
2018-03-16T03:00:00.0;1.8425041287578483
2018-03-16T04:00:00.0;2.071286662020032
2018-03-16T05:00:00.0;2.379752115511518
2018-03-16T06:00:00.0;3.619782276226617
2018-03-16T07:00:00.0;4.999999975335339
2018-03-16T08:00:00.0;4.999999975335306
2018-03-16T09:00:00.0;4.999999975335292
2018-03-16T10:00:00.0;4.999999975335309
2018-03-16T11:00:00.0;4.999999975335327
2018-03-16T12:00:00.0;4.697469599804352
2018-03-16T13:00:00.0;4.437616335158751
2018-03-16T14:00:00.0;4.548320726505447
2018-03-16T15:00:00.0;4.715367251744021
2018-03-16T16:00:00.0;4.983053038202922
2018-03-16T17:00:00.0;4.9443464937323025
2018-03-16T18:00:00.0;4.9621914912444804
2018-03-16T19:00:00.0;4.948842124065032
2018-03-16T20:00:00.0;4.907252697827111
2018-03-16T21:00:00.0;4.8061170895580245
2018-03-16T22:00:00.0;4.107744185625272
2018-03-16T23:00:00.0;3.502892316005467
2018-03-17T00:00:00.0;1.122423470290042
2018-03-17T01:00:00.0;0.5611068898116933
2018-03-17T02:00:00.0;0.5181636886070917
2018-03-17T03:00:00.0;0.5933660312581626
2018-03-17T04:00:00.0;0.7501391722948184
2018-03-17T05:00:00.0;0.9471403047839622
2018-03-17T06:00:00.0;1.9709368376897745
2018-03-17T07:00:00.0;3.6469367802509662
2018-03-17T08:00:00.0;4.104561889949972
2018-03-17T09:00:00.0;4.064582363580212
2018-03-17T10:00:00.0;3.494190317313031
2018-03-17T11:00:00.0;2.9898730609914272
2018-03-17T12:00:00.0;2.9387772037815076
2018-03-17T13:00:00.0;2.9387772037815107
2018-03-17T14:00:00.0;2.938777203781493
2018-03-17T15:00:00.0;2.9387772037815036
2018-03-17T16:00:00.0;3.1261905956721003
2018-03-17T17:00:00.0;3.5879301851921355
2018-03-17T18:00:00.0;3.8916634165734445
2018-03-17T19:00:00.0;4.263048506040232
2018-03-17T20:00:00.0;4.374461871662361
2018-03-17T21:00:00.0;4.3403289117910075
2018-03-17T22:00:00.0;3.2645338579952616
2018-03-17T23:00:00.0;2.657438505156832
2018-03-18T00:00:00.0;1.1808010043676136
2018-03-18T01:00:00.0;0.614908281042572
2018-03-18T02:00:00.0;0.451824601710562
2018-03-18T03:00:00.0;0.5576718643098364
2018-03-18T04:00:00.0;0.6516980199331842
2018-03-18T05:00:00.0;0.755278869293195
2018-03-18T06:00:00.0;1.97430650485434
2018-03-18T07:00:00.0;3.3489163762670597
2018-03-18T08:00:00.0;3.4886784839138767
2018-03-18T09:00:00.0;3.421200990573937
2018-03-18T10:00:00.0;2.4584925996045817
2018-03-18T11:00:00.0;1.607305319647257
2018-03-18T12:00:00.0;1.5210656695650333
2018-03-18T13:00:00.0;1.5210656695650349
2018-03-18T14:00:00.0;1.5210656695650235
2018-03-18T15:00:00.0;1.5210656695650329
2018-03-18T16:00:00.0;1.8373822208456196
2018-03-18T17:00:00.0;2.616706862875198
2018-03-18T18:00:00.0;3.1293481810363097
2018-03-18T19:00:00.0;3.7561723877383497
2018-03-18T20:00:00.0;3.9442160020427304
2018-03-18T21:00:00.0;3.9454179437650856
2018-03-18T22:00:00.0;2.855582003139411
2018-03-18T23:00:00.0;2.2828345669084067
2018-03-19T00:00:00.0;2.9153439945930644
2018-03-19T01:00:00.0;2.870064804644035
2018-03-19T02:00:00.0;2.812179449851052
2018-03-19T03:00:00.0;2.793377493337924
2018-03-19T04:00:00.0;3.1257223537403966
2018-03-19T05:00:00.0;3.552793392438272
2018-03-19T06:00:00.0;4.155737306440248
2018-03-19T07:00:00.0;4.845823489180344
2018-03-19T08:00:00.0;4.858874331022768
2018-03-19T09:00:00.0;4.852573352107023
2018-03-19T10:00:00.0;4.76267663287129
2018-03-19T11:00:00.0;4.44287089725106
2018-03-19T12:00:00.0;4.007521798411954
2018-03-19T13:00:00.0;4.084058279995991
2018-03-19T14:00:00.0;4.28380051123495
2018-03-19T15:00:00.0;4.368617475717798
2018-03-19T16:00:00.0;4.679637618174804
2018-03-19T17:00:00.0;4.777450518024609
2018-03-19T18:00:00.0;4.825320436973756
2018-03-19T19:00:00.0;4.883852636597911
2018-03-19T20:00:00.0;4.901411955866108
2018-03-19T21:00:00.0;4.8632063588660985
2018-03-19T22:00:00.0;4.464851807093017
2018-03-19T23:00:00.0;4.266336768371859
2018-03-20T00:00:00.0;2.8772459297631654
2018-03-20T01:00:00.0;2.8850393977200177
2018-03-20T02:00:00.0;2.8967593071285953
2018-03-20T03:00:00.0;2.9803212895069175
2018-03-20T04:00:00.0;3.349925617670592
2018-03-20T05:00:00.0;3.7896483600742035
2018-03-20T06:00:00.0;4.191837083406543
2018-03-20T07:00:00.0;4.691621768272501
2018-03-20T08:00:00.0;4.76745085127863
2018-03-20T09:00:00.0;4.757067996124555
2018-03-20T10:00:00.0;4.6089347255435795
2018-03-20T11:00:00.0;4.301944892979296
2018-03-20T12:00:00.0;3.97083937665673
2018-03-20T13:00:00.0;4.030105327758142
2018-03-20T14:00:00.0;4.179245409434907
2018-03-20T15:00:00.0;4.234126401926472
2018-03-20T16:00:00.0;4.494528380312037
2018-03-20T17:00:00.0;4.633279372885055
2018-03-20T18:00:00.0;4.712160200980556
2018-03-20T19:00:00.0;4.808610507936552
2018-03-20T20:00:00.0;4.837545038745755
2018-03-20T21:00:00.0;4.821533367101352
2018-03-20T22:00:00.0;4.5052304999166966
2018-03-20T23:00:00.0;4.336106151051831
2018-03-21T00:00:00.0;3.3664294520214333
2018-03-21T01:00:00.0;3.6237924621996855
2018-03-21T02:00:00.0;3.7255830932308838
2018-03-21T03:00:00.0;3.8290126099940465
2018-03-21T04:00:00.0;4.215100853319778
2018-03-21T05:00:00.0;4.656210240631461
2018-03-21T06:00:00.0;4.894970496663105
2018-03-21T07:00:00.0;4.999999975927769
2018-03-21T08:00:00.0;4.999999975927756
2018-03-21T09:00:00.0;4.9999999759277545
2018-03-21T10:00:00.0;4.999999975927766
2018-03-21T11:00:00.0;4.962455262493703
2018-03-21T12:00:00.0;4.710557813734058
2018-03-21T13:00:00.0;4.514423888765527
2018-03-21T14:00:00.0;4.518530744976142
2018-03-21T15:00:00.0;4.610885458295781
2018-03-21T16:00:00.0;4.939567563914824
2018-03-21T17:00:00.0;4.81794540081164
2018-03-21T18:00:00.0;4.8763202472085405
2018-03-21T19:00:00.0;4.832651579949561
2018-03-21T20:00:00.0;4.696603571721051
2018-03-21T21:00:00.0;4.64136225499211
2018-03-21T22:00:00.0;4.489988414115302
2018-03-21T23:00:00.0;4.2535875743500995
2018-03-22T00:00:00.0;2.0388429613708126
2018-03-22T01:00:00.0;1.8805544342241776
2018-03-22T02:00:00.0;2.296163642662878
2018-03-22T03:00:00.0;2.57231599405033
2018-03-22T04:00:00.0;2.8179768922774353
2018-03-22T05:00:00.0;3.232660000617258
2018-03-22T06:00:00.0;3.169997771495722
2018-03-22T07:00:00.0;4.07014339607012
2018-03-22T08:00:00.0;4.97569977147901
2018-03-22T09:00:00.0;4.9746148158874925
2018-03-22T10:00:00.0;4.959135642016506
2018-03-22T11:00:00.0;4.945449591259263
2018-03-22T12:00:00.0;4.847373109934184
2018-03-22T13:00:00.0;4.772062485238006
2018-03-22T14:00:00.0;4.818969438989345
2018-03-22T15:00:00.0;4.872523732600076
2018-03-22T16:00:00.0;4.949148946526901
2018-03-22T17:00:00.0;4.961679533929141
2018-03-22T18:00:00.0;4.969922179544058
2018-03-22T19:00:00.0;4.980000746400963
2018-03-22T20:00:00.0;4.983024257807392
2018-03-22T21:00:00.0;4.983801798647386
2018-03-22T22:00:00.0;4.5856457664555235
2018-03-22T23:00:00.0;4.168960322009387
2018-03-23T00:00:00.0;3.5267172999995946
2018-03-23T01:00:00.0;3.7826657507845116
2018-03-23T02:00:00.0;3.980033042279122
2018-03-23T03:00:00.0;3.940733459550757
2018-03-23T04:00:00.0;3.988475932293961
2018-03-23T05:00:00.0;4.247536140723144
2018-03-23T06:00:00.0;4.778838225233617
2018-03-23T07:00:00.0;4.999999971987367
2018-03-23T08:00:00.0;4.999999971987345
2018-03-23T09:00:00.0;4.999999971987336
2018-03-23T10:00:00.0;4.999999971987361
2018-03-23T11:00:00.0;4.947218652823985
2018-03-23T12:00:00.0;4.35089696381894
2018-03-23T13:00:00.0;3.9560794133095913
2018-03-23T14:00:00.0;4.182933367705587
2018-03-23T15:00:00.0;4.448404042528912
2018-03-23T16:00:00.0;4.963721049338175
2018-03-23T17:00:00.0;4.90392246728935
2018-03-23T18:00:00.0;4.9347292161742065
2018-03-23T19:00:00.0;4.911683508143782
2018-03-23T20:00:00.0;4.8398855149244975
2018-03-23T21:00:00.0;4.8116638687528575
2018-03-23T22:00:00.0;4.738987122545593
2018-03-23T23:00:00.0;4.278663448377476
2018-03-24T00:00:00.0;3.122877898463412
2018-03-24T01:00:00.0;3.3328687637351564
2018-03-24T02:00:00.0;3.420703799085461
2018-03-24T03:00:00.0;3.5962589941113743
2018-03-24T04:00:00.0;4.183873288623185
2018-03-24T05:00:00.0;4.869215712832893
2018-03-24T06:00:00.0;4.999999973750632
2018-03-24T07:00:00.0;4.9999999737506124
2018-03-24T08:00:00.0;4.999999973750605
2018-03-24T09:00:00.0;4.999999973750612
2018-03-24T10:00:00.0;4.999999973750625
2018-03-24T11:00:00.0;4.946923973996176
2018-03-24T12:00:00.0;4.9070116434234405
2018-03-24T13:00:00.0;4.775333992315725
2018-03-24T14:00:00.0;4.619778688009209
2018-03-24T15:00:00.0;4.716950176796
2018-03-24T16:00:00.0;4.921098924546667
2018-03-24T17:00:00.0;4.74089013838497
2018-03-24T18:00:00.0;4.823972350571885
2018-03-24T19:00:00.0;4.7618207612646986
2018-03-24T20:00:00.0;4.568189939345347
2018-03-24T21:00:00.0;4.492079447963681
2018-03-24T22:00:00.0;4.296078731626799
2018-03-24T23:00:00.0;4.1820851563155585
2018-03-25T00:00:00.0;3.6127485276856404
2018-03-25T01:00:00.0;3.818244317534003
2018-03-25T02:00:00.0;3.832970599344295
2018-03-25T03:00:00.0;3.9885451426553704
2018-03-25T04:00:00.0;4.442897481588575
2018-03-25T05:00:00.0;4.860656174696009
2018-03-25T06:00:00.0;4.999999970890923
2018-03-25T07:00:00.0;4.999999970890891
2018-03-25T08:00:00.0;4.999999970890878
2018-03-25T09:00:00.0;4.999999970890879
2018-03-25T10:00:00.0;4.9999999708908796
2018-03-25T11:00:00.0;4.999999970890885
2018-03-25T12:00:00.0;4.999999970890899
2018-03-25T13:00:00.0;4.697891005346283
2018-03-25T14:00:00.0;4.247997986566649
2018-03-25T15:00:00.0;4.241534130083086
2018-03-25T16:00:00.0;4.788575157063227
2018-03-25T17:00:00.0;4.3056841252106555
2018-03-25T18:00:00.0;4.528312866161928
2018-03-25T19:00:00.0;4.361770236742655
2018-03-25T20:00:00.0;3.8429132520937395
2018-03-25T21:00:00.0;3.6389660722646298
2018-03-25T22:00:00.0;3.113758671606385
2018-03-25T23:00:00.0;2.80829922992729
2018-03-26T00:00:00.0;2.7353608256333946
2018-03-26T01:00:00.0;2.896762825250484
2018-03-26T02:00:00.0;3.052368268817655
2018-03-26T03:00:00.0;3.2182202609427897
2018-03-26T04:00:00.0;3.8705597301450188
2018-03-26T05:00:00.0;4.808912477600835
2018-03-26T06:00:00.0;4.999999972207248
2018-03-26T07:00:00.0;4.999999972207232
2018-03-26T08:00:00.0;4.999999972207229
2018-03-26T09:00:00.0;4.99999997220724
2018-03-26T10:00:00.0;4.999999972207274
2018-03-26T11:00:00.0;4.871264472982093
2018-03-26T12:00:00.0;4.77445736948347
2018-03-26T13:00:00.0;4.728532028123249
2018-03-26T14:00:00.0;4.758460299324117
2018-03-26T15:00:00.0;4.99999997220728
2018-03-26T16:00:00.0;4.999999972207243
2018-03-26T17:00:00.0;4.999999972207235
2018-03-26T18:00:00.0;4.9999999722072275
2018-03-26T19:00:00.0;4.999999972207226
2018-03-26T20:00:00.0;4.999999972207229
2018-03-26T21:00:00.0;4.999999972207252
2018-03-26T22:00:00.0;4.999999972207256
2018-03-26T23:00:00.0;4.999999972207292
2018-03-27T00:00:00.0;3.079412285885697
2018-03-27T01:00:00.0;3.374908818141556
2018-03-27T02:00:00.0;3.50330133169122
2018-03-27T03:00:00.0;3.66225408026435
2018-03-27T04:00:00.0;4.1876088736795065
2018-03-27T05:00:00.0;4.756986553639995
2018-03-27T06:00:00.0;4.90932075269929
2018-03-27T07:00:00.0;4.9876817485166685
2018-03-27T08:00:00.0;4.999999979106865
2018-03-27T09:00:00.0;4.999999979106863
2018-03-27T10:00:00.0;4.999999979106871
2018-03-27T11:00:00.0;4.999999979106881
2018-03-27T12:00:00.0;4.852686452655908
2018-03-27T13:00:00.0;4.737945625807104
2018-03-27T14:00:00.0;4.8094115402129525
2018-03-27T15:00:00.0;4.891005126177604
2018-03-27T16:00:00.0;4.9999999791068745
2018-03-27T17:00:00.0;4.999999979106868
2018-03-27T18:00:00.0;4.999999979106865
2018-03-27T19:00:00.0;4.999999979106866
2018-03-27T20:00:00.0;4.999999979106869
2018-03-27T21:00:00.0;4.999999979106889
2018-03-27T22:00:00.0;4.994729341972293
2018-03-27T23:00:00.0;4.863930235887002
2018-03-28T00:00:00.0;3.0470237990628277
2018-03-28T01:00:00.0;3.3345052153350205
2018-03-28T02:00:00.0;3.461795401361352
2018-03-28T03:00:00.0;3.631865476897428
2018-03-28T04:00:00.0;4.174979322494122
2018-03-28T05:00:00.0;4.7541467759518286
2018-03-28T06:00:00.0;4.883733326885318
2018-03-28T07:00:00.0;4.971504261388251
2018-03-28T08:00:00.0;4.999999979348599
2018-03-28T09:00:00.0;4.9999999793485985
2018-03-28T10:00:00.0;4.9999999793486065
2018-03-28T11:00:00.0;4.9999999793486145
2018-03-28T12:00:00.0;4.874144640303821
2018-03-28T13:00:00.0;4.776117351070864
2018-03-28T14:00:00.0;4.8371732982359585
2018-03-28T15:00:00.0;4.906881686004947
2018-03-28T16:00:00.0;4.999999979348607
2018-03-28T17:00:00.0;4.999999979348602
2018-03-28T18:00:00.0;4.9999999793486
2018-03-28T19:00:00.0;4.999999979348601
2018-03-28T20:00:00.0;4.999999979348604
2018-03-28T21:00:00.0;4.999726661650048
2018-03-28T22:00:00.0;4.985418588723888
2018-03-28T23:00:00.0;4.866123304421743
2018-03-29T00:00:00.0;2.9304880378292397
2018-03-29T01:00:00.0;3.12258482784304
2018-03-29T02:00:00.0;3.2659859794046806
2018-03-29T03:00:00.0;3.4689568768504624
2018-03-29T04:00:00.0;4.046487018722446
2018-03-29T05:00:00.0;4.7184872692736946
2018-03-29T06:00:00.0;4.755023855891688
2018-03-29T07:00:00.0;4.873447863792086
2018-03-29T08:00:00.0;4.999999977750362
2018-03-29T09:00:00.0;4.999999977750369
2018-03-29T10:00:00.0;4.999999977750382
2018-03-29T11:00:00.0;4.913981247780753
2018-03-29T12:00:00.0;4.790570493538655
2018-03-29T13:00:00.0;4.798530936452079
2018-03-29T14:00:00.0;4.852793783912225
2018-03-29T15:00:00.0;4.92699693753749
2018-03-29T16:00:00.0;4.994036243487649
2018-03-29T17:00:00.0;4.999999977750367
2018-03-29T18:00:00.0;4.999999977750363
2018-03-29T19:00:00.0;4.999999977750361
2018-03-29T20:00:00.0;4.999999977750365
2018-03-29T21:00:00.0;4.999999977750384
2018-03-29T22:00:00.0;4.945851756834638
2018-03-29T23:00:00.0;4.899979875656804
2018-03-30T00:00:00.0;2.7366230422741276
2018-03-30T01:00:00.0;2.7078081809026555
2018-03-30T02:00:00.0;2.7978856306698168
2018-03-30T03:00:00.0;2.895762112447804
2018-03-30T04:00:00.0;2.98439929109009
2018-03-30T05:00:00.0;3.1980093524085595
2018-03-30T06:00:00.0;3.8338501766838746
2018-03-30T07:00:00.0;4.2598702595005165
2018-03-30T08:00:00.0;4.322521289725571
2018-03-30T09:00:00.0;4.292273216439241
2018-03-30T10:00:00.0;3.8607208198986904
2018-03-30T11:00:00.0;3.479159888243623
2018-03-30T12:00:00.0;3.176637291706615
2018-03-30T13:00:00.0;2.885718100316186
2018-03-30T14:00:00.0;2.886552632232654
2018-03-30T15:00:00.0;3.0308737025834063
2018-03-30T16:00:00.0;3.5225318394600413
2018-03-30T17:00:00.0;3.735377982742695
2018-03-30T18:00:00.0;4.028110702817213
2018-03-30T19:00:00.0;4.262019250201179
2018-03-30T20:00:00.0;4.199645737768104
2018-03-30T21:00:00.0;4.163672555164991
2018-03-30T22:00:00.0;3.6902872927207246
2018-03-30T23:00:00.0;3.200920220458185
2018-03-31T00:00:00.0;2.103152370996964
2018-03-31T01:00:00.0;1.947941047555246
2018-03-31T02:00:00.0;2.062604992417256
2018-03-31T03:00:00.0;2.2408732187381215
2018-03-31T04:00:00.0;2.6383179613258037
2018-03-31T05:00:00.0;3.377952601121938
2018-03-31T06:00:00.0;3.9164363452140742
2018-03-31T07:00:00.0;4.23361234395452
2018-03-31T08:00:00.0;4.2984860727858285
2018-03-31T09:00:00.0;4.267164875081713
2018-03-31T10:00:00.0;3.8203021012518548
2018-03-31T11:00:00.0;3.2851748661674876
2018-03-31T12:00:00.0;3.1398447769184825
2018-03-31T13:00:00.0;3.089890394260627
2018-03-31T14:00:00.0;3.122444279927575
2018-03-31T15:00:00.0;3.385174286692641
2018-03-31T16:00:00.0;3.5319997354364574
2018-03-31T17:00:00.0;3.8937408135428435
2018-03-31T18:00:00.0;4.131694822838034
2018-03-31T19:00:00.0;4.42264939053278
2018-03-31T20:00:00.0;4.509934067676236
2018-03-31T21:00:00.0;4.532380618080424
2018-03-31T22:00:00.0;4.195930684009912
2018-03-31T23:00:00.0;4.012925276698673
2018-04-01T00:00:00.0;3.335152007109409
2018-04-01T01:00:00.0;3.4743788589428037
2018-04-01T02:00:00.0;3.488412919111378
2018-04-01T03:00:00.0;3.662174149952217
2018-04-01T04:00:00.0;4.089130580702394
2018-04-01T05:00:00.0;4.488568444250374
2018-04-01T06:00:00.0;4.6957789459233314
2018-04-01T07:00:00.0;4.784829192457937
2018-04-01T08:00:00.0;4.803043122796256
2018-04-01T09:00:00.0;4.7942493919074485
2018-04-01T10:00:00.0;4.668788321918785
2018-04-01T11:00:00.0;4.557860788819532
2018-04-01T12:00:00.0;4.54662195588087
2018-04-01T13:00:00.0;4.29863154156429
2018-04-01T14:00:00.0;3.92933049839872
2018-04-01T15:00:00.0;3.9240245504452984
2018-04-01T16:00:00.0;4.414293581988397
2018-04-01T17:00:00.0;4.119467979415841
2018-04-01T18:00:00.0;4.36902383049315
2018-04-01T19:00:00.0;4.314003283989309
2018-04-01T20:00:00.0;3.9125982167649616
2018-04-01T21:00:00.0;3.751487378996078
2018-04-01T22:00:00.0;3.2259018696477098
2018-04-01T23:00:00.0;2.923780621608042
2018-04-02T00:00:00.0;3.3310950363532896
2018-04-02T01:00:00.0;3.2477651100677454
2018-04-02T02:00:00.0;3.197947577511671
2018-04-02T03:00:00.0;3.341402378616241
2018-04-02T04:00:00.0;3.5005378122439974
2018-04-02T05:00:00.0;3.6442433163368255
2018-04-02T06:00:00.0;4.107132571019944
2018-04-02T07:00:00.0;4.368488804473307
2018-04-02T08:00:00.0;4.421945413689495
2018-04-02T09:00:00.0;4.396136429744597
2018-04-02T10:00:00.0;4.027916980913324
2018-04-02T11:00:00.0;3.7023524444263365
2018-04-02T12:00:00.0;3.6693672573036977
2018-04-02T13:00:00.0;3.2564664927221716
2018-04-02T14:00:00.0;2.6415851332791407
2018-04-02T15:00:00.0;2.632750800013339
2018-04-02T16:00:00.0;3.501392712671861
2018-04-02T17:00:00.0;3.1394903566924097
2018-04-02T18:00:00.0;3.6398397897836703
2018-04-02T19:00:00.0;3.6519708335642074
2018-04-02T20:00:00.0;3.014757952483897
2018-04-02T21:00:00.0;2.754513827964897
2018-04-02T22:00:00.0;1.7594600471547377
2018-04-02T23:00:00.0;1.1911817851970659
2018-04-03T00:00:00.0;2.3814953352692902
2018-04-03T01:00:00.0;2.268060782789051
2018-04-03T02:00:00.0;2.3629035713882662
2018-04-03T03:00:00.0;2.410498599548613
2018-04-03T04:00:00.0;2.402026936916869
2018-04-03T05:00:00.0;2.5658859643531184
2018-04-03T06:00:00.0;3.4260563113554907
2018-04-03T07:00:00.0;4.096166581067715
2018-04-03T08:00:00.0;4.172674917649438
2018-04-03T09:00:00.0;4.135736502373169
2018-04-03T10:00:00.0;3.6087323032631353
2018-04-03T11:00:00.0;3.142776802122355
2018-04-03T12:00:00.0;2.7427698501969746
2018-04-03T13:00:00.0;2.4679796734726387
2018-04-03T14:00:00.0;2.6391317541110877
2018-04-03T15:00:00.0;2.8345383632716095
2018-04-03T16:00:00.0;3.268725110236378
2018-04-03T17:00:00.0;3.6953416876674336
2018-04-03T18:00:00.0;3.9759709310005897
2018-04-03T19:00:00.0;4.319105978055892
2018-04-03T20:00:00.0;4.422044495351309
2018-04-03T21:00:00.0;4.439240043097673
2018-04-03T22:00:00.0;3.970647706528064
2018-04-03T23:00:00.0;3.417155241094357
2018-04-04T00:00:00.0;2.5518999761708905
2018-04-04T01:00:00.0;2.653010725207742
2018-04-04T02:00:00.0;2.6441358793245637
2018-04-04T03:00:00.0;2.7898400301077233
2018-04-04T04:00:00.0;3.3792844682881613
2018-04-04T05:00:00.0;3.9349162935673303
2018-04-04T06:00:00.0;4.307843663224424
2018-04-04T07:00:00.0;4.7777878488916645
2018-04-04T08:00:00.0;4.796597820664679
2018-04-04T09:00:00.0;4.7875163194880805
2018-04-04T10:00:00.0;4.657949600978479
2018-04-04T11:00:00.0;4.543392021823972
2018-04-04T12:00:00.0;4.531785403899597
2018-04-04T13:00:00.0;4.531785403899599
2018-04-04T14:00:00.0;4.531785403899593
2018-04-04T15:00:00.0;4.531785403899596
2018-04-04T16:00:00.0;4.574357067286085
2018-04-04T17:00:00.0;4.679242967802412
2018-04-04T18:00:00.0;4.74823712427766
2018-04-04T19:00:00.0;4.832598657122505
2018-04-04T20:00:00.0;4.857906626047108
2018-04-04T21:00:00.0;4.838631282887854
2018-04-04T22:00:00.0;4.541508381053241
2018-04-04T23:00:00.0;4.390855620457126
2018-04-05T00:00:00.0;1.9234861474109537
2018-04-05T01:00:00.0;1.7241755069482745
2018-04-05T02:00:00.0;1.630400865999904
2018-04-05T03:00:00.0;1.7339286931392406
2018-04-05T04:00:00.0;2.117515795198644
2018-04-05T05:00:00.0;2.480995795362283
2018-04-05T06:00:00.0;3.2714783985082807
2018-04-05T07:00:00.0;4.212275911877411
2018-04-05T08:00:00.0;4.278955743151712
2018-04-05T09:00:00.0;4.246762554694004
2018-04-05T10:00:00.0;3.787458998408107
2018-04-05T11:00:00.0;3.3813616293428344
2018-04-05T12:00:00.0;3.3402171058846646
2018-04-05T13:00:00.0;3.3402171058846664
2018-04-05T14:00:00.0;3.3402171058846566
2018-04-05T15:00:00.0;3.3402171058846637
2018-04-05T16:00:00.0;3.4911302154805743
2018-04-05T17:00:00.0;3.8629422646359806
2018-04-05T18:00:00.0;4.107520978958192
2018-04-05T19:00:00.0;4.4065758017944665
2018-04-05T20:00:00.0;4.496290508342201
2018-04-05T21:00:00.0;4.477424366181384
2018-04-05T22:00:00.0;3.8070030629482763
2018-04-05T23:00:00.0;3.460169453900084
2018-04-06T00:00:00.0;3.646047289553384
2018-04-06T01:00:00.0;3.6280419500730616
2018-04-06T02:00:00.0;3.6282762515773794
2018-04-06T03:00:00.0;3.6938764586689836
2018-04-06T04:00:00.0;3.6936415046997313
2018-04-06T05:00:00.0;3.7378802631195227
2018-04-06T06:00:00.0;4.171705295104384
2018-04-06T07:00:00.0;4.445303297355992
2018-04-06T08:00:00.0;4.492257658873723
2018-04-06T09:00:00.0;4.4695879762970945
2018-04-06T10:00:00.0;4.146157265449745
2018-04-06T11:00:00.0;3.6687008632197124
2018-04-06T12:00:00.0;3.1477877600854605
2018-04-06T13:00:00.0;2.96826560717813
2018-04-06T14:00:00.0;2.907346884883135
2018-04-06T15:00:00.0;2.9436092147797934
2018-04-06T16:00:00.0;3.7715417402213425
2018-04-06T17:00:00.0;3.7380101226083533
2018-04-06T18:00:00.0;4.058150320215296
2018-04-06T19:00:00.0;4.158087401772422
2018-04-06T20:00:00.0;3.876535869511799
2018-04-06T21:00:00.0;3.757280560623259
2018-04-06T22:00:00.0;3.164818847290702
2018-04-06T23:00:00.0;2.7461845365693938
2018-04-07T00:00:00.0;1.4813406062825198
2018-04-07T01:00:00.0;1.0155253340228427
2018-04-07T02:00:00.0;1.0824170986306882
2018-04-07T03:00:00.0;1.278683866326469
2018-04-07T04:00:00.0;1.419503026683637
2018-04-07T05:00:00.0;1.933172799440058
2018-04-07T06:00:00.0;2.8102043805618933
2018-04-07T07:00:00.0;3.451191754786148
2018-04-07T08:00:00.0;3.5822963820746256
2018-04-07T09:00:00.0;3.518998741793994
2018-04-07T10:00:00.0;2.615924747629105
2018-04-07T11:00:00.0;1.6767613295844845
2018-04-07T12:00:00.0;1.4900576957317697
2018-04-07T13:00:00.0;1.4398632505853026
2018-04-07T14:00:00.0;1.4725735783178189
2018-04-07T15:00:00.0;1.7365661693828205
2018-04-07T16:00:00.0;2.0332886806489494
2018-04-07T17:00:00.0;2.764338522772115
2018-04-07T18:00:00.0;3.2452245803866835
2018-04-07T19:00:00.0;3.833220535647539
2018-04-07T20:00:00.0;4.00961590047455
2018-04-07T21:00:00.0;4.054978586999072
2018-04-07T22:00:00.0;3.375040128054524
2018-04-07T23:00:00.0;3.0052008086636715
2018-04-08T00:00:00.0;3.071864206639485
2018-04-08T01:00:00.0;3.2923986355509562
2018-04-08T02:00:00.0;3.347310077794297
2018-04-08T03:00:00.0;3.55821020785671
2018-04-08T04:00:00.0;4.133161087748816
2018-04-08T05:00:00.0;4.681422375790273
2018-04-08T06:00:00.0;4.787307441410867
2018-04-08T07:00:00.0;4.84956586929807
2018-04-08T08:00:00.0;4.862299923527445
2018-04-08T09:00:00.0;4.856151890459537
2018-04-08T10:00:00.0;4.768437265486498
2018-04-08T11:00:00.0;4.690883591140627
2018-04-08T12:00:00.0;4.683026093859284
2018-04-08T13:00:00.0;4.5941664555154365
2018-04-08T14:00:00.0;4.461838932993511
2018-04-08T15:00:00.0;4.459937711861589
2018-04-08T16:00:00.0;4.649659828303156
2018-04-08T17:00:00.0;4.578632664780889
2018-04-08T18:00:00.0;4.690822654086542
2018-04-08T19:00:00.0;4.698948716740397
2018-04-08T20:00:00.0;4.563469843810753
2018-04-08T21:00:00.0;4.5078886680916925
2018-04-08T22:00:00.0;4.2873671389007875
2018-04-08T23:00:00.0;4.161599918187068
2018-04-09T00:00:00.0;3.230415125304367
2018-04-09T01:00:00.0;3.4380276582313103
2018-04-09T02:00:00.0;3.50892449454612
2018-04-09T03:00:00.0;3.6626477834383397
2018-04-09T04:00:00.0;4.103266899464396
2018-04-09T05:00:00.0;4.5616441849995
2018-04-09T06:00:00.0;4.777431110612994
2018-04-09T07:00:00.0;4.872757516211879
2018-04-09T08:00:00.0;4.8835284270283
2018-04-09T09:00:00.0;4.8783282044850225
2018-04-09T10:00:00.0;4.804136090499709
2018-04-09T11:00:00.0;4.738538465829737
2018-04-09T12:00:00.0;4.6378490036011355
2018-04-09T13:00:00.0;4.429929955869083
2018-04-09T14:00:00.0;4.2750061722057495
2018-04-09T15:00:00.0;4.324213244020392
2018-04-09T16:00:00.0;4.66202367210239
2018-04-09T17:00:00.0;4.5068269221855894
2018-04-09T18:00:00.0;4.64557438587652
2018-04-09T19:00:00.0;4.619642265471412
2018-04-09T20:00:00.0;4.402845449766923
2018-04-09T21:00:00.0;4.315659589579239
2018-04-09T22:00:00.0;4.025679805263249
2018-04-09T23:00:00.0;3.7784820585866536
2018-04-10T00:00:00.0;2.334585284208636
2018-04-10T01:00:00.0;2.2218067421752337
2018-04-10T02:00:00.0;2.3117708490484845
2018-04-10T03:00:00.0;2.4410299362456085
2018-04-10T04:00:00.0;2.512036366687494
2018-04-10T05:00:00.0;2.7165201134000116
2018-04-10T06:00:00.0;3.429158657859439
2018-04-10T07:00:00.0;3.9710700669249808
2018-04-10T08:00:00.0;4.058167662981852
2018-04-10T09:00:00.0;4.016116726881885
2018-04-10T10:00:00.0;3.4161716633092705
2018-04-10T11:00:00.0;2.885724841014506
2018-04-10T12:00:00.0;2.5761211078487016
2018-04-10T13:00:00.0;2.3768342729679715
2018-04-10T14:00:00.0;2.5009593666677556
2018-04-10T15:00:00.0;2.6426746387294697
2018-04-10T16:00:00.0;3.0291052274439383
2018-04-10T17:00:00.0;3.5147683589716032
2018-04-10T18:00:00.0;3.834238544439123
2018-04-10T19:00:00.0;4.224865750004518
2018-04-10T20:00:00.0;4.342051638479713
2018-04-10T21:00:00.0;4.372187729239313
2018-04-10T22:00:00.0;3.920479757785452
2018-04-10T23:00:00.0;3.4553595070683607
2018-04-11T00:00:00.0;2.6809509654091155
2018-04-11T01:00:00.0;2.6148406670912236
2018-04-11T02:00:00.0;2.587701944006768
2018-04-11T03:00:00.0;2.655743869850079
2018-04-11T04:00:00.0;2.9120732239825973
2018-04-11T05:00:00.0;3.197168646776849
2018-04-11T06:00:00.0;3.865111722006305
2018-04-11T07:00:00.0;4.487299030869863
2018-04-11T08:00:00.0;4.530698507583453
2018-04-11T09:00:00.0;4.509745132235824
2018-04-11T10:00:00.0;4.210801154505851
2018-04-11T11:00:00.0;3.946487148675506
2018-04-11T12:00:00.0;3.809450494229627
2018-04-11T13:00:00.0;3.5781365230379225
2018-04-11T14:00:00.0;3.4150458944092725
2018-04-11T15:00:00.0;3.473003105301583
2018-04-11T16:00:00.0;3.9161511657503216
2018-04-11T17:00:00.0;3.9256853164069385
2018-04-11T18:00:00.0;4.192046662662817
2018-04-11T19:00:00.0;4.306516586649058
2018-04-11T20:00:00.0;4.115129750729758
2018-04-11T21:00:00.0;4.007409723130662
2018-04-11T22:00:00.0;3.3394279951082537
2018-04-11T23:00:00.0;2.882453105984517
2018-04-12T00:00:00.0;2.6236036420968407
2018-04-12T01:00:00.0;2.6195291678403736
2018-04-12T02:00:00.0;2.746650970396928
2018-04-12T03:00:00.0;2.7869619820200873
2018-04-12T04:00:00.0;2.8315719753231323
2018-04-12T05:00:00.0;3.054264984242168
2018-04-12T06:00:00.0;3.8031113807218615
2018-04-12T07:00:00.0;4.3371598337562425
2018-04-12T08:00:00.0;4.393268400829359
2018-04-12T09:00:00.0;4.366179045032299
2018-04-12T10:00:00.0;3.979692398286339
2018-04-12T11:00:00.0;3.6379767545156656
2018-04-12T12:00:00.0;3.223710127114768
2018-04-12T13:00:00.0;2.9280089164050533
2018-04-12T14:00:00.0;3.1121853599139753
2018-04-12T15:00:00.0;3.322462057568316
2018-04-12T16:00:00.0;3.7303428862248977
2018-04-12T17:00:00.0;4.043208724364338
2018-04-12T18:00:00.0;4.249012502432609
2018-04-12T19:00:00.0;4.500655874423529
2018-04-12T20:00:00.0;4.5761474216212426
2018-04-12T21:00:00.0;4.589593307514179
2018-04-12T22:00:00.0;4.25240900689295
2018-04-12T23:00:00.0;3.7459628874522926
2018-04-13T00:00:00.0;3.0154540803661005
2018-04-13T01:00:00.0;3.3266453659286546
2018-04-13T02:00:00.0;3.411414955683486
2018-04-13T03:00:00.0;3.6403765302225644
2018-04-13T04:00:00.0;4.335420019308691
2018-04-13T05:00:00.0;4.999999981691557
2018-04-13T06:00:00.0;4.999999981691524
2018-04-13T07:00:00.0;4.99999998169152
2018-04-13T08:00:00.0;4.999999981691517
2018-04-13T09:00:00.0;4.99999998169152
2018-04-13T10:00:00.0;4.999999981691522
2018-04-13T11:00:00.0;4.999999981691527
2018-04-13T12:00:00.0;4.9999999816915235
2018-04-13T13:00:00.0;4.999999981691525
2018-04-13T14:00:00.0;4.999999981691525
2018-04-13T15:00:00.0;4.999999981691523
2018-04-13T16:00:00.0;4.99999998169152
2018-04-13T17:00:00.0;4.999999981691523
2018-04-13T18:00:00.0;4.999999981691522
2018-04-13T19:00:00.0;4.999999981691521
2018-04-13T20:00:00.0;4.999999981691523
2018-04-13T21:00:00.0;4.999999981691535
2018-04-13T22:00:00.0;4.999999981691537
2018-04-13T23:00:00.0;4.9999999816915635
2018-04-14T00:00:00.0;2.64116337203066
2018-04-14T01:00:00.0;2.6392061992093936
2018-04-14T02:00:00.0;2.660008134334747
2018-04-14T03:00:00.0;2.881555404022932
2018-04-14T04:00:00.0;3.2708607769488065
2018-04-14T05:00:00.0;3.658594481542385
2018-04-14T06:00:00.0;4.0077385955603475
2018-04-14T07:00:00.0;4.298189001466165
2018-04-14T08:00:00.0;4.35759639971352
2018-04-14T09:00:00.0;4.3289143600171185
2018-04-14T10:00:00.0;3.9197047270104823
2018-04-14T11:00:00.0;3.555951225084392
2018-04-14T12:00:00.0;3.517829919087624
2018-04-14T13:00:00.0;3.422864356194065
2018-04-14T14:00:00.0;3.282931123138161
2018-04-14T15:00:00.0;3.2845674126050675
2018-04-14T16:00:00.0;3.589721429649136
2018-04-14T17:00:00.0;3.770299120753305
2018-04-14T18:00:00.0;4.057672573908244
2018-04-14T19:00:00.0;4.272142558691709
2018-04-14T20:00:00.0;4.190166923831732
2018-04-14T21:00:00.0;4.147081844984129
2018-04-14T22:00:00.0;3.6750943338359483
2018-04-14T23:00:00.0;3.412192726335413
2018-04-15T00:00:00.0;3.146312942621497
2018-04-15T01:00:00.0;3.3802700934653416
2018-04-15T02:00:00.0;3.441630038906529
2018-04-15T03:00:00.0;3.641735236511087
2018-04-15T04:00:00.0;4.187528366824747
2018-04-15T05:00:00.0;4.712075470289443
2018-04-15T06:00:00.0;4.784426224872963
2018-04-15T07:00:00.0;4.847528030641884
2018-04-15T08:00:00.0;4.860434585527737
2018-04-15T09:00:00.0;4.854203268713655
2018-04-15T10:00:00.0;4.765300425902241
2018-04-15T11:00:00.0;4.617905201398963
2018-04-15T12:00:00.0;4.468083928861435
2018-04-15T13:00:00.0;4.488606895163992
2018-04-15T14:00:00.0;4.535968473240279
2018-04-15T15:00:00.0;4.530921955849292
2018-04-15T16:00:00.0;4.688818942157818
2018-04-15T17:00:00.0;4.747164947524589
2018-04-15T18:00:00.0;4.805005470336102
2018-04-15T19:00:00.0;4.855035899951872
2018-04-15T20:00:00.0;4.847930229087049
2018-04-15T21:00:00.0;4.842777181445421
2018-04-15T22:00:00.0;4.7510704847798495
2018-04-15T23:00:00.0;4.700255378719956
2018-04-16T00:00:00.0;3.2400791598870393
2018-04-16T01:00:00.0;3.330513644892735
2018-04-16T02:00:00.0;3.3708888045887244
2018-04-16T03:00:00.0;3.5141678400821297
2018-04-16T04:00:00.0;3.776503957972107
2018-04-16T05:00:00.0;4.058402455809805
2018-04-16T06:00:00.0;4.310631257270806
2018-04-16T07:00:00.0;4.527156705589731
2018-04-16T08:00:00.0;4.567182281857373
2018-04-16T09:00:00.0;4.5478578340402915
2018-04-16T10:00:00.0;4.272153934213495
2018-04-16T11:00:00.0;3.851376226147904
2018-04-16T12:00:00.0;3.4157295100077216
2018-04-16T13:00:00.0;3.4694323652183563
2018-04-16T14:00:00.0;3.6681800891420333
2018-04-16T15:00:00.0;3.6814154693090195
2018-04-16T16:00:00.0;4.070726749177554
2018-04-16T17:00:00.0;4.317463905333633
2018-04-16T18:00:00.0;4.46427597423754
2018-04-16T19:00:00.0;4.643788150421632
2018-04-16T20:00:00.0;4.697640758633597
2018-04-16T21:00:00.0;4.71148975623761
2018-04-16T22:00:00.0;4.503908001049773
2018-04-16T23:00:00.0;4.351613702594791
2018-04-17T00:00:00.0;3.0670273964843213
2018-04-17T01:00:00.0;2.954279247405353
2018-04-17T02:00:00.0;2.9860920554716435
2018-04-17T03:00:00.0;3.070739741842318
2018-04-17T04:00:00.0;3.001466601834436
2018-04-17T05:00:00.0;3.0232119213871163
2018-04-17T06:00:00.0;3.5902689243344748
2018-04-17T07:00:00.0;4.051091915759639
2018-04-17T08:00:00.0;4.131415765204517
2018-04-17T09:00:00.0;4.092635210823848
2018-04-17T10:00:00.0;3.5393490221885844
2018-04-17T11:00:00.0;2.827160976083446
2018-04-17T12:00:00.0;2.167623270193715
2018-04-17T13:00:00.0;2.163408672311859
2018-04-17T14:00:00.0;2.458549232837191
2018-04-17T15:00:00.0;2.5263291927989644
2018-04-17T16:00:00.0;3.1527160389577773
2018-04-17T17:00:00.0;3.6302776642715675
2018-04-17T18:00:00.0;3.9249020424560315
2018-04-17T19:00:00.0;4.285149423203689
2018-04-17T20:00:00.0;4.393221541024238
2018-04-17T21:00:00.0;4.421013890372776
2018-04-17T22:00:00.0;4.004436111711505
2018-04-17T23:00:00.0;3.6491017409251643
2018-04-18T00:00:00.0;2.859998067636929
2018-04-18T01:00:00.0;2.9744928680567546
2018-04-18T02:00:00.0;3.02595163686549
2018-04-18T03:00:00.0;3.2336907041444154
2018-04-18T04:00:00.0;3.6960401134928755
2018-04-18T05:00:00.0;4.167506263431138
2018-04-18T06:00:00.0;4.37111190949994
2018-04-18T07:00:00.0;4.555197271364352
2018-04-18T08:00:00.0;4.592849249744903
2018-04-18T09:00:00.0;4.574670780893898
2018-04-18T10:00:00.0;4.315316681747438
2018-04-18T11:00:00.0;4.01215771322059
2018-04-18T12:00:00.0;3.846973947686167
2018-04-18T13:00:00.0;3.8774995283299147
2018-04-18T14:00:00.0;3.9450905826890694
2018-04-18T15:00:00.0;3.9553465050912178
2018-04-18T16:00:00.0;4.139213374562742
2018-04-18T17:00:00.0;4.357939679643359
2018-04-18T18:00:00.0;4.496045494970318
2018-04-18T19:00:00.0;4.6649122348651595
2018-04-18T20:00:00.0;4.7155712741398155
2018-04-18T21:00:00.0;4.72859899808542
2018-04-18T22:00:00.0;4.533327262176708
2018-04-18T23:00:00.0;4.427112993878304
2018-04-19T00:00:00.0;3.058056968593806
2018-04-19T01:00:00.0;3.155932191913953
2018-04-19T02:00:00.0;3.1872442555557408
2018-04-19T03:00:00.0;3.365721517642441
2018-04-19T04:00:00.0;3.7398415777260463
2018-04-19T05:00:00.0;4.108882129234203
2018-04-19T06:00:00.0;4.325859490590937
2018-04-19T07:00:00.0;4.540121409121762
2018-04-19T08:00:00.0;4.579049539936406
2018-04-19T09:00:00.0;4.560254941514791
2018-04-19T10:00:00.0;4.292110457927638
2018-04-19T11:00:00.0;3.922972636586623
2018-04-19T12:00:00.0;3.6275449510142943
2018-04-19T13:00:00.0;3.6936946761500202
2018-04-19T14:00:00.0;3.824813385216935
2018-04-19T15:00:00.0;3.8170635086603646
2018-04-19T16:00:00.0;4.101634298512554
2018-04-19T17:00:00.0;4.3361780928613145
2018-04-19T18:00:00.0;4.478964779684864
2018-04-19T19:00:00.0;4.6535549824739
2018-04-19T20:00:00.0;4.705931027310011
2018-04-19T21:00:00.0;4.7177674375092
2018-04-19T22:00:00.0;4.503238603900599
2018-04-19T23:00:00.0;4.387243996114079
2018-04-20T00:00:00.0;3.401852756533902
2018-04-20T01:00:00.0;3.5747435412548603
2018-04-20T02:00:00.0;3.614210953559705
2018-04-20T03:00:00.0;3.7717908150140724
2018-04-20T04:00:00.0;4.142923754045156
2018-04-20T05:00:00.0;4.503895538658342
2018-04-20T06:00:00.0;4.619882349990562
2018-04-20T07:00:00.0;4.731148718302986
2018-04-20T08:00:00.0;4.753906632630078
2018-04-20T09:00:00.0;4.742919054964772
2018-04-20T10:00:00.0;4.586158145641516
2018-04-20T11:00:00.0;4.26308210993174
2018-04-20T12:00:00.0;3.868625346508494
2018-04-20T13:00:00.0;3.9618704768177806
2018-04-20T14:00:00.0;4.145778876186669
2018-04-20T15:00:00.0;4.1330633181215015
2018-04-20T16:00:00.0;4.460476456433365
2018-04-20T17:00:00.0;4.611920683925038
2018-04-20T18:00:00.0;4.69539572158487
2018-04-20T19:00:00.0;4.797463526903885
2018-04-20T20:00:00.0;4.8280832745318305
2018-04-20T21:00:00.0;4.83595759716196
2018-04-20T22:00:00.0;4.7179298698697245
2018-04-20T23:00:00.0;4.6537309798720035
2018-04-21T00:00:00.0;3.7180662970806773
2018-04-21T01:00:00.0;3.68230602626774
2018-04-21T02:00:00.0;3.6563824600059363
2018-04-21T03:00:00.0;3.742948261171705
2018-04-21T04:00:00.0;3.7371612034152686
2018-04-21T05:00:00.0;3.742153898940492
2018-04-21T06:00:00.0;4.064986530241834
2018-04-21T07:00:00.0;4.338679571698938
2018-04-21T08:00:00.0;4.394659495227243
2018-04-21T09:00:00.0;4.367632248853743
2018-04-21T10:00:00.0;3.9820317236906173
2018-04-21T11:00:00.0;3.3130841782464833
2018-04-21T12:00:00.0;2.6021249822472345
2018-04-21T13:00:00.0;2.6865604578574653
2018-04-21T14:00:00.0;2.8924035586250936
2018-04-21T15:00:00.0;2.8680530799081807
2018-04-21T16:00:00.0;3.6326703502504647
2018-04-21T17:00:00.0;3.8584084229237665
2018-04-21T18:00:00.0;4.123698988908316
2018-04-21T19:00:00.0;4.329911936578057
2018-04-21T20:00:00.0;4.265491197257809
2018-04-21T21:00:00.0;4.229933152322888
2018-04-21T22:00:00.0;3.798159014011221
2018-04-21T23:00:00.0;3.5579758546329043
2018-04-22T00:00:00.0;1.7453745281529267
2018-04-22T01:00:00.0;1.248536206291613
2018-04-22T02:00:00.0;1.198597708321757
2018-04-22T03:00:00.0;1.443247381037037
2018-04-22T04:00:00.0;1.404578499148847
2018-04-22T05:00:00.0;1.4082085041143788
2018-04-22T06:00:00.0;2.27394890892444
2018-04-22T07:00:00.0;3.0844281028561946
2018-04-22T08:00:00.0;3.2776279563843116
2018-04-22T09:00:00.0;3.200727477750519
2018-04-22T10:00:00.0;2.1035803789785983
2018-04-22T11:00:00.0;1.1335279067274564
2018-04-22T12:00:00.0;1.035245204743789
2018-04-22T13:00:00.0;0.9039414936006678
2018-04-22T14:00:00.0;0.7084073330150767
2018-04-22T15:00:00.0;0.705597987906572
2018-04-22T16:00:00.0;1.3038439750031376
2018-04-22T17:00:00.0;1.9821225760751244
2018-04-22T18:00:00.0;2.663112103693875
2018-04-22T19:00:00.0;3.3050866487224235
2018-04-22T20:00:00.0;3.2938823330104654
2018-04-22T21:00:00.0;3.2603533122638604
2018-04-22T22:00:00.0;2.1915129654425174
2018-04-22T23:00:00.0;1.5971389441291424
2018-04-23T00:00:00.0;2.2229227130966875
2018-04-23T01:00:00.0;1.9505062212236925
2018-04-23T02:00:00.0;1.9890963556294512
2018-04-23T03:00:00.0;2.1287730852810043
2018-04-23T04:00:00.0;2.056521185030275
2018-04-23T05:00:00.0;2.104679192798141
2018-04-23T06:00:00.0;2.9160748246007264
2018-04-23T07:00:00.0;3.5878343220199223
2018-04-23T08:00:00.0;3.707372332009561
2018-04-23T09:00:00.0;3.6496590833418416
2018-04-23T10:00:00.0;2.8262581830948856
2018-04-23T11:00:00.0;2.028823012869364
2018-04-23T12:00:00.0;1.61943796560698
2018-04-23T13:00:00.0;1.504609948435163
2018-04-23T14:00:00.0;1.6671895792882474
2018-04-23T15:00:00.0;1.7690119386154084
2018-04-23T16:00:00.0;2.285788759918176
2018-04-23T17:00:00.0;2.961578253046451
2018-04-23T18:00:00.0;3.4000384626355866
2018-04-23T19:00:00.0;3.9361588714079234
2018-04-23T20:00:00.0;4.096991874170072
2018-04-23T21:00:00.0;4.138352468277814
2018-04-23T22:00:00.0;3.5184011211844957
2018-04-23T23:00:00.0;3.016127100759913
2018-04-24T00:00:00.0;1.8083598439962647
2018-04-24T01:00:00.0;1.5536987675762353
2018-04-24T02:00:00.0;1.7247082893734167
2018-04-24T03:00:00.0;1.9778916957107098
2018-04-24T04:00:00.0;2.2596273361123558
2018-04-24T05:00:00.0;2.611480141671836
2018-04-24T06:00:00.0;2.935763747367596
2018-04-24T07:00:00.0;3.8454840142842484
2018-04-24T08:00:00.0;4.388325078871473
2018-04-24T09:00:00.0;4.3610150134749786
2018-04-24T10:00:00.0;3.971379479998963
2018-04-24T11:00:00.0;3.6268797197130613
2018-04-24T12:00:00.0;3.591976074557605
2018-04-24T13:00:00.0;3.591976074557607
2018-04-24T14:00:00.0;3.591976074557601
2018-04-24T15:00:00.0;3.5919760745575995
2018-04-24T16:00:00.0;3.719998401319916
2018-04-24T17:00:00.0;4.035413303170359
2018-04-24T18:00:00.0;4.242893860478506
2018-04-24T19:00:00.0;4.496587488232296
2018-04-24T20:00:00.0;4.572694100227728
2018-04-24T21:00:00.0;4.5801156937344585
2018-04-24T22:00:00.0;3.9846431236183126
2018-04-24T23:00:00.0;3.6028230023536323
2018-04-25T00:00:00.0;1.8370854076572436
2018-04-25T01:00:00.0;1.572265847824617
2018-04-25T02:00:00.0;1.6776971297241816
2018-04-25T03:00:00.0;1.9184073525736578
2018-04-25T04:00:00.0;2.138638493634044
2018-04-25T05:00:00.0;2.424660674702424
2018-04-25T06:00:00.0;2.911934566748421
2018-04-25T07:00:00.0;3.7197163253232457
2018-04-25T08:00:00.0;4.091708770570787
2018-04-25T09:00:00.0;4.0511553780157
2018-04-25T10:00:00.0;3.4725759234058824
2018-04-25T11:00:00.0;2.9610196963819924
2018-04-25T12:00:00.0;2.879027661326162
2018-04-25T13:00:00.0;2.8555342408004383
2018-04-25T14:00:00.0;2.8701670339090675
2018-04-25T15:00:00.0;2.8868734886202168
2018-04-25T16:00:00.0;3.0992939331730756
2018-04-25T17:00:00.0;3.5676613334981626
2018-04-25T18:00:00.0;3.8757543521675664
2018-04-25T19:00:00.0;4.252470303801401
2018-04-25T20:00:00.0;4.365482897051513
2018-04-25T21:00:00.0;4.386773986053224
2018-04-25T22:00:00.0;3.767771636547546
2018-04-25T23:00:00.0;3.371149211978409
2018-04-26T00:00:00.0;1.459473603655115
2018-04-26T01:00:00.0;0.9906056062940178
2018-04-26T02:00:00.0;0.8971998110896293
2018-04-26T03:00:00.0;0.9908979161516639
2018-04-26T04:00:00.0;1.02867578040675
2018-04-26T05:00:00.0;1.1254882136071584
2018-04-26T06:00:00.0;2.2729539490663435
2018-04-26T07:00:00.0;3.4742029501031166
2018-04-26T08:00:00.0;3.6033597099694292
2018-04-26T09:00:00.0;3.5410025049270497
2018-04-26T10:00:00.0;2.6513457977748764
2018-04-26T11:00:00.0;1.8647478209003252
2018-04-26T12:00:00.0;1.685362401670326
2018-04-26T13:00:00.0;1.6077151863836172
2018-04-26T14:00:00.0;1.6560774772432045
2018-04-26T15:00:00.0;1.711293348606597
2018-04-26T16:00:00.0;2.077366159155183
2018-04-26T17:00:00.0;2.797554537416289
2018-04-26T18:00:00.0;3.271295902240315
2018-04-26T19:00:00.0;3.850555795401011
2018-04-26T20:00:00.0;4.0243303924361316
2018-04-26T21:00:00.0;4.033236755660638
2018-04-26T22:00:00.0;3.0864386441376115
2018-04-26T23:00:00.0;2.5011658672081305
2018-04-27T00:00:00.0;2.299868038327261
2018-04-27T01:00:00.0;2.2536733362251278
2018-04-27T02:00:00.0;2.2829094371274152
2018-04-27T03:00:00.0;2.5330132995022843
2018-04-27T04:00:00.0;2.932290457834187
2018-04-27T05:00:00.0;3.3345636940398498
2018-04-27T06:00:00.0;3.7239346161096085
2018-04-27T07:00:00.0;4.097458880873339
2018-04-27T08:00:00.0;4.173857826444328
2018-04-27T09:00:00.0;4.136972225420255
2018-04-27T10:00:00.0;3.6107215327199036
2018-04-27T11:00:00.0;3.1454322510463135
2018-04-27T12:00:00.0;3.098290586945604
2018-04-27T13:00:00.0;3.098290586945605
2018-04-27T14:00:00.0;3.098290586945605
2018-04-27T15:00:00.0;3.098290586945603
2018-04-27T16:00:00.0;3.271200479271758
2018-04-27T17:00:00.0;3.697207083715676
2018-04-27T18:00:00.0;3.977435085590122
2018-04-27T19:00:00.0;4.320079520885997
2018-04-27T20:00:00.0;4.422870857508622
2018-04-27T21:00:00.0;4.449305175582804
2018-04-27T22:00:00.0;4.053082842390655
2018-04-27T23:00:00.0;3.837565399440444
2018-04-28T00:00:00.0;2.29926516270334
2018-04-28T01:00:00.0;2.137185791964771
2018-04-28T02:00:00.0;2.139546477913629
2018-04-28T03:00:00.0;2.3691426464286205
2018-04-28T04:00:00.0;2.601766866764921
2018-04-28T05:00:00.0;2.8502327646713534
2018-04-28T06:00:00.0;3.3552717979433457
2018-04-28T07:00:00.0;3.8367094280725325
2018-04-28T08:00:00.0;3.9351804800758923
2018-04-28T09:00:00.0;3.887638411144566
2018-04-28T10:00:00.0;3.2093507863559667
2018-04-28T11:00:00.0;2.55040210534352
2018-04-28T12:00:00.0;2.367490330634232
2018-04-28T13:00:00.0;2.3905442229044964
2018-04-28T14:00:00.0;2.4393410444438977
2018-04-28T15:00:00.0;2.4351107372663696
2018-04-28T16:00:00.0;2.7590392001674404
2018-04-28T17:00:00.0;3.3049945418383406
2018-04-28T18:00:00.0;3.6712572274122834
2018-04-28T19:00:00.0;4.109097071425998
2018-04-28T20:00:00.0;4.229757300882913
2018-04-28T21:00:00.0;4.259179364509276
2018-04-28T22:00:00.0;3.736513161425552
2018-04-28T23:00:00.0;3.451768045961059
2018-04-29T00:00:00.0;3.2849455090951083
2018-04-29T01:00:00.0;3.13573236298271
2018-04-29T02:00:00.0;3.069992323650102
2018-04-29T03:00:00.0;3.2089007879667304
2018-04-29T04:00:00.0;3.297267232513501
2018-04-29T05:00:00.0;3.3746728098743914
2018-04-29T06:00:00.0;3.911906271360756
2018-04-29T07:00:00.0;4.230408291841844
2018-04-29T08:00:00.0;4.295553239098144
2018-04-29T09:00:00.0;4.264101096463555
2018-04-29T10:00:00.0;3.815370117739382
2018-04-29T11:00:00.0;3.4186205881874256
2018-04-29T12:00:00.0;3.3784231587797104
2018-04-29T13:00:00.0;2.933491073144717
2018-04-29T14:00:00.0;2.2709094817729003
2018-04-29T15:00:00.0;2.2613898134595427
2018-04-29T16:00:00.0;3.2144857735319654
2018-04-29T17:00:00.0;2.8665596511772145
2018-04-29T18:00:00.0;3.4333857715600673
2018-04-29T19:00:00.0;3.4802804691993927
2018-04-29T20:00:00.0;2.8037815337833853
2018-04-29T21:00:00.0;2.52595797061237
2018-04-29T22:00:00.0;1.4146003128529605
2018-04-29T23:00:00.0;0.7809633008678486
2018-04-30T00:00:00.0;2.269303687254875
2018-04-30T01:00:00.0;2.233069714931723
2018-04-30T02:00:00.0;2.192058728094251
2018-04-30T03:00:00.0;2.328955789330384
2018-04-30T04:00:00.0;2.816815189141044
2018-04-30T05:00:00.0;3.2796475295935177
2018-04-30T06:00:00.0;3.827701285403667
2018-04-30T07:00:00.0;4.48549804096849
2018-04-30T08:00:00.0;4.529049969761202
2018-04-30T09:00:00.0;4.508022990170436
2018-04-30T10:00:00.0;4.208028893075092
2018-04-30T11:00:00.0;3.942786414765828
2018-04-30T12:00:00.0;3.915912871122788
2018-04-30T13:00:00.0;3.9159128711227904
2018-04-30T14:00:00.0;3.915912871122783
2018-04-30T15:00:00.0;3.9159128711227873
2018-04-30T16:00:00.0;4.014481761856337
2018-04-30T17:00:00.0;4.257330785011116
2018-04-30T18:00:00.0;4.417077361251777
2018-04-30T19:00:00.0;4.612405005314112
2018-04-30T20:00:00.0;4.671002161853891
2018-04-30T21:00:00.0;4.65572504227356
2018-04-30T22:00:00.0;4.194969501137745
2018-04-30T23:00:00.0;3.9572516472862436
2018-05-01T00:00:00.0;2.9554482683461805
2018-05-01T01:00:00.0;2.8853416534207534
2018-05-01T02:00:00.0;2.9419476190500906
2018-05-01T03:00:00.0;3.0326402456683192
2018-05-01T04:00:00.0;3.0291743649748923
2018-05-01T05:00:00.0;3.1281637225299272
2018-05-01T06:00:00.0;3.6964111464279967
2018-05-01T07:00:00.0;4.137980152153066
2018-05-01T08:00:00.0;4.210949023870978
2018-05-01T09:00:00.0;4.17571947103817
2018-05-01T10:00:00.0;3.6730957895184395
2018-05-01T11:00:00.0;3.067203261250718
2018-05-01T12:00:00.0;2.5022081983168407
2018-05-01T13:00:00.0;2.4382266831548036
2018-05-01T14:00:00.0;2.6899173890710997
2018-05-01T15:00:00.0;2.782331267922063
2018-05-01T16:00:00.0;3.3273315268093056
2018-05-01T17:00:00.0;3.7556984096056474
2018-05-01T18:00:00.0;4.023345050115155
2018-05-01T19:00:00.0;4.350605821282881
2018-05-01T20:00:00.0;4.448782148189909
2018-05-01T21:00:00.0;4.474029648009313
2018-05-01T22:00:00.0;4.0955964590903875
2018-05-01T23:00:00.0;3.729432322254808
2018-05-02T00:00:00.0;2.513121757644571
2018-05-02T01:00:00.0;2.3152987913276974
2018-05-02T02:00:00.0;2.3747448087800613
2018-05-02T03:00:00.0;2.4693367705746714
2018-05-02T04:00:00.0;2.3705655361523514
2018-05-02T05:00:00.0;2.411307947412705
2018-05-02T06:00:00.0;3.1905117480831966
2018-05-02T07:00:00.0;3.8050027009765683
2018-05-02T08:00:00.0;3.9061576863983656
2018-05-02T09:00:00.0;3.857319807734215
2018-05-02T10:00:00.0;3.1605447311874566
2018-05-02T11:00:00.0;2.445184703787785
2018-05-02T12:00:00.0;1.9331437865747378
2018-05-02T13:00:00.0;1.7926239698373314
2018-05-02T14:00:00.0;2.010403874215423
2018-05-02T15:00:00.0;2.1391771463433638
2018-05-02T16:00:00.0;2.6977946431014534
2018-05-02T17:00:00.0;3.275054749418594
2018-05-02T18:00:00.0;3.6460868262690673
2018-05-02T19:00:00.0;4.099760533388637
2018-05-02T20:00:00.0;4.235860005440748
2018-05-02T21:00:00.0;4.270256609208638
2018-05-02T22:00:00.0;3.740973424884657
2018-05-02T23:00:00.0;3.243354957587073
2018-05-03T00:00:00.0;3.948197494231581
2018-05-03T01:00:00.0;4.050026804794517
2018-05-03T02:00:00.0;4.053731413847856
2018-05-03T03:00:00.0;4.132915359912821
2018-05-03T04:00:00.0;4.22778988648899
2018-05-03T05:00:00.0;4.326791169452003
2018-05-03T06:00:00.0;4.4841841228917545
2018-05-03T07:00:00.0;4.635171481937642
2018-05-03T08:00:00.0;4.666053746127231
2018-05-03T09:00:00.0;4.651143712132613
2018-05-03T10:00:00.0;4.438420711828606
2018-05-03T11:00:00.0;3.874350508791429
2018-05-03T12:00:00.0;3.079948380372582
2018-05-03T13:00:00.0;3.269997263091062
2018-05-03T14:00:00.0;3.644832771462063
2018-05-03T15:00:00.0;3.6189163767354855
2018-05-03T16:00:00.0;4.251152974722929
2018-05-03T17:00:00.0;4.473380220948427
2018-05-03T18:00:00.0;4.586655019736893
2018-05-03T19:00:00.0;4.72516001996711
2018-05-03T20:00:00.0;4.766710714027812
2018-05-03T21:00:00.0;4.7773960917949685
2018-05-03T22:00:00.0;4.617233635624884
2018-05-03T23:00:00.0;4.530116378169178
2018-05-04T00:00:00.0;4.35145927164792
2018-05-04T01:00:00.0;4.468840428323402
2018-05-04T02:00:00.0;4.46160299672218
2018-05-04T03:00:00.0;4.495231533018306
2018-05-04T04:00:00.0;4.485470975501525
2018-05-04T05:00:00.0;4.482506926105746
2018-05-04T06:00:00.0;4.603494291311494
2018-05-04T07:00:00.0;4.719557700448348
2018-05-04T08:00:00.0;4.743296779576287
2018-05-04T09:00:00.0;4.731835493103721
2018-05-04T10:00:00.0;4.5683161311311835
2018-05-04T11:00:00.0;3.9442587252193855
2018-05-04T12:00:00.0;2.940850185201246
2018-05-04T13:00:00.0;3.1832100234691363
2018-05-04T14:00:00.0;3.6612190066654624
2018-05-04T15:00:00.0;3.628169124211145
2018-05-04T16:00:00.0;4.399023636483472
2018-05-04T17:00:00.0;4.5951893729432
2018-05-04T18:00:00.0;4.68226328032033
2018-05-04T19:00:00.0;4.788731547669346
2018-05-04T20:00:00.0;4.820671408298484
2018-05-04T21:00:00.0;4.828885217582971
2018-05-04T22:00:00.0;4.705768946152706
2018-05-04T23:00:00.0;4.63880224139771
2018-05-05T00:00:00.0;2.6344255415314466
2018-05-05T01:00:00.0;2.353780772203742
2018-05-05T02:00:00.0;2.317724128965267
2018-05-05T03:00:00.0;2.485260376998027
2018-05-05T04:00:00.0;2.43663360446564
2018-05-05T05:00:00.0;2.421866809075597
2018-05-05T06:00:00.0;3.0246218337798023
2018-05-05T07:00:00.0;3.6028458733112823
2018-05-05T08:00:00.0;3.721113175040521
2018-05-05T09:00:00.0;3.66401342748282
2018-05-05T10:00:00.0;2.8493654111567372
2018-05-05T11:00:00.0;1.9054888981909532
2018-05-05T12:00:00.0;1.3714195474074304
2018-05-05T13:00:00.0;1.4844402722915655
2018-05-05T14:00:00.0;1.7073522950428814
2018-05-05T15:00:00.0;1.6919399986037595
2018-05-05T16:00:00.0;2.294029433600162
2018-05-05T17:00:00.0;2.9832470070137407
2018-05-05T18:00:00.0;3.4170463140980223
2018-05-05T19:00:00.0;3.94746767675055
2018-05-05T20:00:00.0;4.106590998841469
2018-05-05T21:00:00.0;4.147511923185641
2018-05-05T22:00:00.0;3.534150758561248
2018-05-05T23:00:00.0;3.200524865392032
2018-05-06T00:00:00.0;1.4838948248261576
2018-05-06T01:00:00.0;0.9365453042291417
2018-05-06T02:00:00.0;0.881177806673529
2018-05-06T03:00:00.0;1.1384414332978932
2018-05-06T04:00:00.0;1.0637716230352605
2018-05-06T05:00:00.0;1.0410961758990755
2018-05-06T06:00:00.0;1.9666686740437072
2018-05-06T07:00:00.0;2.8545721287168027
2018-05-06T08:00:00.0;3.0361798423382256
2018-05-06T09:00:00.0;2.948499186309935
2018-05-06T10:00:00.0;1.6975501793737744
2018-05-06T11:00:00.0;0.5393728638082027
2018-05-06T12:00:00.0;0.31979305641376193
2018-05-06T13:00:00.0;0.3461476778839916
2018-05-06T14:00:00.0;0.3981271886046736
2018-05-06T15:00:00.0;0.3945332881137996
2018-05-06T16:00:00.0;0.883538511712724
2018-05-06T17:00:00.0;1.903134733718658
2018-05-06T18:00:00.0;2.569263910407735
2018-05-06T19:00:00.0;3.3837630113327
2018-05-06T20:00:00.0;3.6281080017590215
2018-05-06T21:00:00.0;3.690944943168525
2018-05-06T22:00:00.0;2.7490859753649897
2018-05-06T23:00:00.0;2.236780082041408
2018-05-07T00:00:00.0;3.2263976378036507
2018-05-07T01:00:00.0;3.261306037186099
2018-05-07T02:00:00.0;3.2757132252269834
2018-05-07T03:00:00.0;3.4293622293157595
2018-05-07T04:00:00.0;3.6544661103778013
2018-05-07T05:00:00.0;3.8834450298087426
2018-05-07T06:00:00.0;4.144490159209941
2018-05-07T07:00:00.0;4.394911247439704
2018-05-07T08:00:00.0;4.446131232041228
2018-05-07T09:00:00.0;4.421402096025666
2018-05-07T10:00:00.0;4.0685889495195235
2018-05-07T11:00:00.0;3.5441314134678414
2018-05-07T12:00:00.0;3.07428923483001
2018-05-07T13:00:00.0;3.18170764156795
2018-05-07T14:00:00.0;3.39357015042396
2018-05-07T15:00:00.0;3.378921825266245
2018-05-07T16:00:00.0;3.8126895422428664
2018-05-07T17:00:00.0;4.126571275808854
2018-05-07T18:00:00.0;4.314443946480559
2018-05-07T19:00:00.0;4.544162335503933
2018-05-07T20:00:00.0;4.613076515400416
2018-05-07T21:00:00.0;4.630798819741034
2018-05-07T22:00:00.0;4.365160313172587
2018-05-07T23:00:00.0;4.22067140659452
2018-05-08T00:00:00.0;3.4288256802391683
2018-05-08T01:00:00.0;3.332330962992707
2018-05-08T02:00:00.0;3.3096077711131224
2018-05-08T03:00:00.0;3.415190486776777
2018-05-08T04:00:00.0;3.3845454964644444
2018-05-08T05:00:00.0;3.375239341066802
2018-05-08T06:00:00.0;3.7551004943125195
2018-05-08T07:00:00.0;4.1195020197889995
2018-05-08T08:00:00.0;4.194035041970234
2018-05-08T09:00:00.0;4.158050313401693
2018-05-08T10:00:00.0;3.644652461392383
2018-05-08T11:00:00.0;2.8487429560332767
2018-05-08T12:00:00.0;2.097529870395076
2018-05-08T13:00:00.0;2.2703904270834587
2018-05-08T14:00:00.0;2.611325210370578
2018-05-08T15:00:00.0;2.5877527359855113
2018-05-08T16:00:00.0;3.267922757545533
2018-05-08T17:00:00.0;3.7290257396169446
2018-05-08T18:00:00.0;4.002409615839442
2018-05-08T19:00:00.0;4.33668550283388
2018-05-08T20:00:00.0;4.436966323665542
2018-05-08T21:00:00.0;4.462755025337314
2018-05-08T22:00:00.0;4.076209795847609
2018-05-08T23:00:00.0;3.8659560255134955
2018-05-09T00:00:00.0;3.7393905258350624
2018-05-09T01:00:00.0;3.8988405984847403
2018-05-09T02:00:00.0;3.9231363180532166
2018-05-09T03:00:00.0;4.0377962590091725
2018-05-09T04:00:00.0;4.282723248310364
2018-05-09T05:00:00.0;4.52278814002229
2018-05-09T06:00:00.0;4.634357952855254
2018-05-09T07:00:00.0;4.741387086121646
2018-05-09T08:00:00.0;4.763278335762689
2018-05-09T09:00:00.0;4.752709185964319
2018-05-09T10:00:00.0;4.601918030385229
2018-05-09T11:00:00.0;4.182763060912482
2018-05-09T12:00:00.0;3.5798274002459376
2018-05-09T13:00:00.0;3.7243048788773034
2018-05-09T14:00:00.0;4.009259404135779
2018-05-09T15:00:00.0;3.989557444767474
2018-05-09T16:00:00.0;4.466602301505377
2018-05-09T17:00:00.0;4.626699482184621
2018-05-09T18:00:00.0;4.706995631556768
2018-05-09T19:00:00.0;4.80517650061347
2018-05-09T20:00:00.0;4.8346301899821436
2018-05-09T21:00:00.0;4.842204643421625
2018-05-09T22:00:00.0;4.728671636592284
2018-05-09T23:00:00.0;4.66691756249662
2018-05-10T00:00:00.0;2.508852838169833
2018-05-10T01:00:00.0;2.3856085669943847
2018-05-10T02:00:00.0;2.38983165518184
2018-05-10T03:00:00.0;2.6009213602507884
2018-05-10T04:00:00.0;2.8217268849719854
2018-05-10T05:00:00.0;3.0567696087209737
2018-05-10T06:00:00.0;3.5110874398849083
2018-05-10T07:00:00.0;3.946915397844633
2018-05-10T08:00:00.0;4.036057656004333
2018-05-10T09:00:00.0;3.993019551953431
2018-05-10T10:00:00.0;3.378990460912829
2018-05-10T11:00:00.0;2.7350650262969136
2018-05-10T12:00:00.0;2.471729162692565
2018-05-10T13:00:00.0;2.522794176068114
2018-05-10T14:00:00.0;2.623510265396297
2018-05-10T15:00:00.0;2.616546683056698
2018-05-10T16:00:00.0;2.969395937835064
2018-05-10T17:00:00.0;3.47990176611907
2018-05-10T18:00:00.0;3.806871683046219
2018-05-10T19:00:00.0;4.206669068728038
2018-05-10T20:00:00.0;4.326605957873717
2018-05-10T21:00:00.0;4.357449509292295
2018-05-10T22:00:00.0;3.895137454458584
2018-05-10T23:00:00.0;3.6436717909758958
2018-05-11T00:00:00.0;3.100147850604113
2018-05-11T01:00:00.0;2.934385549217101
2018-05-11T02:00:00.0;2.9077191615166984
2018-05-11T03:00:00.0;3.040187936251776
2018-05-11T04:00:00.0;3.0122100187023833
2018-05-11T05:00:00.0;3.0099496028277697
2018-05-11T06:00:00.0;3.4752137241963728
2018-05-11T07:00:00.0;3.9215424791310016
2018-05-11T08:00:00.0;4.0128325223001875
2018-05-11T09:00:00.0;3.968757462302407
2018-05-11T10:00:00.0;3.3399340132956885
2018-05-11T11:00:00.0;2.4948066283888743
2018-05-11T12:00:00.0;1.8422109073484674
2018-05-11T13:00:00.0;1.9883644350805592
2018-05-11T14:00:00.0;2.276624650473801
2018-05-11T15:00:00.0;2.256694133328917
2018-05-11T16:00:00.0;2.8957651108503115
2018-05-11T17:00:00.0;3.443276665800999
2018-05-11T18:00:00.0;3.7781245645139463
2018-05-11T19:00:00.0;4.187554630021525
2018-05-11T20:00:00.0;4.310381267059046
2018-05-11T21:00:00.0;4.341967960044186
2018-05-11T22:00:00.0;3.8685170029482463
2018-05-11T23:00:00.0;3.61099254991301
2018-05-12T00:00:00.0;1.7585883523313237
2018-05-12T01:00:00.0;1.368370479536207
2018-05-12T02:00:00.0;1.3343691741895547
2018-05-12T03:00:00.0;1.5902982980807239
2018-05-12T04:00:00.0;1.6769203274455549
2018-05-12T05:00:00.0;1.7958238463120237
2018-05-12T06:00:00.0;2.5644190592188907
2018-05-12T07:00:00.0;3.2773516386470822
2018-05-12T08:00:00.0;3.4231716093147777
2018-05-12T09:00:00.0;3.352769364634672
2018-05-12T10:00:00.0;2.3483332431686326
2018-05-12T11:00:00.0;1.4602520151025746
2018-05-12T12:00:00.0;1.3702743848484529
2018-05-12T13:00:00.0;1.3151689081860574
2018-05-12T14:00:00.0;1.2331072282149127
2018-05-12T15:00:00.0;1.2319282036468664
2018-05-12T16:00:00.0;1.6617369460784612
2018-05-12T17:00:00.0;2.3867601096399977
2018-05-12T18:00:00.0;2.9622294781540734
2018-05-12T19:00:00.0;3.5858449997166497
2018-05-12T20:00:00.0;3.6873983053079455
2018-05-12T21:00:00.0;3.7006520485600656
2018-05-12T22:00:00.0;2.848597244125075
2018-05-12T23:00:00.0;2.3815300957427508
2018-05-13T00:00:00.0;1.5040956575143174
2018-05-13T01:00:00.0;1.0604674092479662
2018-05-13T02:00:00.0;1.0279471118377226
2018-05-13T03:00:00.0;1.3015624008454865
2018-05-13T04:00:00.0;1.371930576383365
2018-05-13T05:00:00.0;1.4825038132450583
2018-05-13T06:00:00.0;2.304877347819648
2018-05-13T07:00:00.0;3.0937818408163777
2018-05-13T08:00:00.0;3.255140759384335
2018-05-13T09:00:00.0;3.177236271992643
2018-05-13T10:00:00.0;2.0657648762145038
2018-05-13T11:00:00.0;1.083047447970043
2018-05-13T12:00:00.0;0.9834815720023471
2018-05-13T13:00:00.0;0.9834815720023474
2018-05-13T14:00:00.0;0.9834815720023474
2018-05-13T15:00:00.0;0.983481572002347
2018-05-13T16:00:00.0;1.3486770995967028
2018-05-13T17:00:00.0;2.2484272791591144
2018-05-13T18:00:00.0;2.8402847583032953
2018-05-13T19:00:00.0;3.5639692950394193
2018-05-13T20:00:00.0;3.7810704446903567
2018-05-13T21:00:00.0;3.8369012280297268
2018-05-13T22:00:00.0;3.000057123460904
2018-05-13T23:00:00.0;2.5448720254589197
2018-05-14T00:00:00.0;3.546776865667012
2018-05-14T01:00:00.0;3.5044612667663295
2018-05-14T02:00:00.0;3.4950598002017044
2018-05-14T03:00:00.0;3.5891873129627907
2018-05-14T04:00:00.0;3.5854236298876545
2018-05-14T05:00:00.0;3.6063529119659963
2018-05-14T06:00:00.0;3.9443364859550925
2018-05-14T07:00:00.0;4.2589282021554915
2018-05-14T08:00:00.0;4.3216589769591165
2018-05-14T09:00:00.0;4.291372402791848
2018-05-14T10:00:00.0;3.8592707101924297
2018-05-14T11:00:00.0;3.135783961568725
2018-05-14T12:00:00.0;2.3755779661301277
2018-05-14T13:00:00.0;2.5346129757112736
2018-05-14T14:00:00.0;2.883445320828549
2018-05-14T15:00:00.0;2.869546313158583
2018-05-14T16:00:00.0;3.5350632157321273
2018-05-14T17:00:00.0;3.9302835439787582
2018-05-14T18:00:00.0;4.160377291318761
2018-05-14T19:00:00.0;4.441720845835326
2018-05-14T20:00:00.0;4.526122274955124
2018-05-14T21:00:00.0;4.547827355330321
2018-05-14T22:00:00.0;4.2224912689500735
2018-05-14T23:00:00.0;4.030611333645393
2018-05-15T00:00:00.0;3.7265009179943536
2018-05-15T01:00:00.0;3.8332602804020675
2018-05-15T02:00:00.0;3.8460438793405083
2018-05-15T03:00:00.0;3.952712294502762
2018-05-15T04:00:00.0;4.124789258271068
2018-05-15T05:00:00.0;4.297963992643431
2018-05-15T06:00:00.0;4.462096600117774
2018-05-15T07:00:00.0;4.619549322074308
2018-05-15T08:00:00.0;4.6517539820376195
2018-05-15T09:00:00.0;4.636205492072948
2018-05-15T10:00:00.0;4.414373574273474
2018-05-15T11:00:00.0;3.90665099689789
2018-05-15T12:00:00.0;3.244238168195982
2018-05-15T13:00:00.0;3.401734508657683
2018-05-15T14:00:00.0;3.712366278753291
2018-05-15T15:00:00.0;3.6908889763402937
2018-05-15T16:00:00.0;4.229797624201228
2018-05-15T17:00:00.0;4.450830069068559
2018-05-15T18:00:00.0;4.568955357907493
2018-05-15T19:00:00.0;4.71339121948323
2018-05-15T20:00:00.0;4.756721137433861
2018-05-15T21:00:00.0;4.767864069035582
2018-05-15T22:00:00.0;4.600843367179611
2018-05-15T23:00:00.0;4.509995700179754
2018-05-16T00:00:00.0;3.0033533896636713
2018-05-16T01:00:00.0;3.1036873703473633
2018-05-16T02:00:00.0;3.1789161624947164
2018-05-16T03:00:00.0;3.364003416737794
2018-05-16T04:00:00.0;3.73177320195235
2018-05-16T05:00:00.0;4.115448055030351
2018-05-16T06:00:00.0;4.298919306438257
2018-05-16T07:00:00.0;4.539478461409171
2018-05-16T08:00:00.0;4.643780873305636
2018-05-16T09:00:00.0;4.62787639997537
2018-05-16T10:00:00.0;4.400965630604253
2018-05-16T11:00:00.0;4.089212973285708
2018-05-16T12:00:00.0;3.8116779238689125
2018-05-16T13:00:00.0;3.8460034778556036
2018-05-16T14:00:00.0;3.9703962259037624
2018-05-16T15:00:00.0;3.9782708507642974
2018-05-16T16:00:00.0;4.239784172580154
2018-05-16T17:00:00.0;4.438256798460464
2018-05-16T18:00:00.0;4.559086571013116
2018-05-16T19:00:00.0;4.706829298029328
2018-05-16T20:00:00.0;4.7511512563683125
2018-05-16T21:00:00.0;4.762549305882012
2018-05-16T22:00:00.0;4.561171465239749
2018-05-16T23:00:00.0;4.418324969042782
2018-05-17T00:00:00.0;1.535467213446192
2018-05-17T01:00:00.0;1.0460627386987342
2018-05-17T02:00:00.0;0.900296718641194
2018-05-17T03:00:00.0;0.9978693106171848
2018-05-17T04:00:00.0;1.0804829335304582
2018-05-17T05:00:00.0;1.1722897571601991
2018-05-17T06:00:00.0;2.268725649842235
2018-05-17T07:00:00.0;3.503010400916639
2018-05-17T08:00:00.0;3.6297286471964045
2018-05-17T09:00:00.0;3.5685487625813326
2018-05-17T10:00:00.0;2.6956890079851132
2018-05-17T11:00:00.0;1.8703159098556867
2018-05-17T12:00:00.0;1.681539435077521
2018-05-17T13:00:00.0;1.7086455770936553
2018-05-17T14:00:00.0;1.7621073200792345
2018-05-17T15:00:00.0;1.75841093699108
2018-05-17T16:00:00.0;2.12541128945769
2018-05-17T17:00:00.0;2.839137288178205
2018-05-17T18:00:00.0;3.303934291469551
2018-05-17T19:00:00.0;3.8722576055376936
2018-05-17T20:00:00.0;4.0427512924887745
2018-05-17T21:00:00.0;4.044661958332321
2018-05-17T22:00:00.0;3.0628932567054963
2018-05-17T23:00:00.0;2.546706876677069
2018-05-18T00:00:00.0;3.3703164649399806
2018-05-18T01:00:00.0;3.406705946330625
2018-05-18T02:00:00.0;3.4162832781782564
2018-05-18T03:00:00.0;3.5529375904625926
2018-05-18T04:00:00.0;3.734758238059602
2018-05-18T05:00:00.0;3.921878025000372
2018-05-18T06:00:00.0;4.17393770663936
2018-05-18T07:00:00.0;4.4157390377719254
2018-05-18T08:00:00.0;4.465195976661493
2018-05-18T09:00:00.0;4.441318043502625
2018-05-18T10:00:00.0;4.100649096373139
2018-05-18T11:00:00.0;3.54772844066653
2018-05-18T12:00:00.0;2.9981367719358896
2018-05-18T13:00:00.0;3.1253696163294133
2018-05-18T14:00:00.0;3.376312359204574
2018-05-18T15:00:00.0;3.35896199875877
2018-05-18T16:00:00.0;3.847369139371738
2018-05-18T17:00:00.0;4.156635610041108
2018-05-18T18:00:00.0;4.3380415058982775
2018-05-18T19:00:00.0;4.559852746493624
2018-05-18T20:00:00.0;4.626394827876122
2018-05-18T21:00:00.0;4.643507111871813
2018-05-18T22:00:00.0;4.387012161936189
2018-05-18T23:00:00.0;4.247496715407939
2018-05-19T00:00:00.0;3.235772184167084
2018-05-19T01:00:00.0;3.535262797707301
2018-05-19T02:00:00.0;3.6094641469131186
2018-05-19T03:00:00.0;3.8098810392942646
2018-05-19T04:00:00.0;4.418273327095449
2018-05-19T05:00:00.0;4.999999981743435
2018-05-19T06:00:00.0;4.9999999817434055
2018-05-19T07:00:00.0;4.9999999817434
2018-05-19T08:00:00.0;4.999999981743399
2018-05-19T09:00:00.0;4.999999981743403
2018-05-19T10:00:00.0;4.999999981743408
2018-05-19T11:00:00.0;4.932211747983691
2018-05-19T12:00:00.0;4.792422220183452
2018-05-19T13:00:00.0;4.826686705403956
2018-05-19T14:00:00.0;4.8942669276761555
2018-05-19T15:00:00.0;4.8895943828478154
2018-05-19T16:00:00.0;4.990980773077445
2018-05-19T17:00:00.0;4.99999998174341
2018-05-19T18:00:00.0;4.999999981743405
2018-05-19T19:00:00.0;4.999999981743403
2018-05-19T20:00:00.0;4.999999981743405
2018-05-19T21:00:00.0;4.999999981743415
2018-05-19T22:00:00.0;4.999999981743416
2018-05-19T23:00:00.0;4.99999998174344
2018-05-20T00:00:00.0;1.4377009125604008
2018-05-20T01:00:00.0;0.8796431720939706
2018-05-20T02:00:00.0;0.8235003419921245
2018-05-20T03:00:00.0;1.0843665309768977
2018-05-20T04:00:00.0;1.0086510903955113
2018-05-20T05:00:00.0;0.9856581101768997
2018-05-20T06:00:00.0;1.9241917590578312
2018-05-20T07:00:00.0;2.8245288702390536
2018-05-20T08:00:00.0;3.0086797071229343
2018-05-20T09:00:00.0;2.919771224855512
2018-05-20T10:00:00.0;1.6513046937115485
2018-05-20T11:00:00.0;0.484523181552144
2018-05-20T12:00:00.0;0.27757015774972665
2018-05-20T13:00:00.0;0.3004451273346234
2018-05-20T14:00:00.0;0.3455616822476413
2018-05-20T15:00:00.0;0.34244229142228816
2018-05-20T16:00:00.0;0.8269071737125543
2018-05-20T17:00:00.0;1.8597681283205503
2018-05-20T18:00:00.0;2.535225370273258
2018-05-20T19:00:00.0;3.3611302180660605
2018-05-20T20:00:00.0;3.608896866178758
2018-05-20T21:00:00.0;3.672613737654301
2018-05-20T22:00:00.0;2.7175655533620433
2018-05-20T23:00:00.0;2.1980856418823773
2018-05-21T00:00:00.0;1.1340256102864532
2018-05-21T01:00:00.0;0.5055728383935371
2018-05-21T02:00:00.0;0.4443330304911174
2018-05-21T03:00:00.0;0.7288821932726118
2018-05-21T04:00:00.0;0.6462928576790942
2018-05-21T05:00:00.0;0.6212124388769511
2018-05-21T06:00:00.0;1.6449517171278323
2018-05-21T07:00:00.0;2.6270267503268623
2018-05-21T08:00:00.0;2.8278958881202545
2018-05-21T09:00:00.0;2.7309157685738104
2018-05-21T10:00:00.0;1.347290351811084
2018-05-21T11:00:00.0;0.12394549887152187
2018-05-21T12:00:00.0;0.0
2018-05-21T13:00:00.0;0.0
2018-05-21T14:00:00.0;0.0
2018-05-21T15:00:00.0;0.0
2018-05-21T16:00:00.0;0.4546170202732655
2018-05-21T17:00:00.0;1.5746793285864848
2018-05-21T18:00:00.0;2.311458569469861
2018-05-21T19:00:00.0;3.2123439386747483
2018-05-21T20:00:00.0;3.482604306873558
2018-05-21T21:00:00.0;3.5521057723719482
2018-05-21T22:00:00.0;2.510352671619554
2018-05-21T23:00:00.0;1.9437113047616519
2018-05-22T00:00:00.0;3.1479546860192147
2018-05-22T01:00:00.0;3.2417544037425103
2018-05-22T02:00:00.0;3.2723615967432407
2018-05-22T03:00:00.0;3.446079669636109
2018-05-22T04:00:00.0;3.7819256603868805
2018-05-22T05:00:00.0;4.113956036484044
2018-05-22T06:00:00.0;4.321108811132224
2018-05-22T07:00:00.0;4.519830861132578
2018-05-22T08:00:00.0;4.560476560793713
2018-05-22T09:00:00.0;4.540852715859211
2018-05-22T10:00:00.0;4.2608772863281
2018-05-22T11:00:00.0;3.855429482793328
2018-05-22T12:00:00.0;3.5047253493426207
2018-05-22T13:00:00.0;3.584540585503458
2018-05-22T14:00:00.0;3.741961056458901
2018-05-22T15:00:00.0;3.7310768926798192
2018-05-22T16:00:00.0;4.059236370118411
2018-05-22T17:00:00.0;4.306889252913892
2018-05-22T18:00:00.0;4.45597590739192
2018-05-22T19:00:00.0;4.63826929774577
2018-05-22T20:00:00.0;4.6929562540238186
2018-05-22T21:00:00.0;4.707019816618304
2018-05-22T22:00:00.0;4.496221960265724
2018-05-22T23:00:00.0;4.381562560290761
2018-05-23T00:00:00.0;3.284777152103241
2018-05-23T01:00:00.0;3.4462892868496797
2018-05-23T02:00:00.0;3.5427768346478374
2018-05-23T03:00:00.0;3.6301895129181996
2018-05-23T04:00:00.0;3.8775251974030738
2018-05-23T05:00:00.0;4.208779291744931
2018-05-23T06:00:00.0;4.593733584205145
2018-05-23T07:00:00.0;4.783077016035747
2018-05-23T08:00:00.0;4.801439265896972
2018-05-23T09:00:00.0;4.792573925973439
2018-05-23T10:00:00.0;4.6660912024647105
2018-05-23T11:00:00.0;4.534347282942118
2018-05-23T12:00:00.0;4.262488027279251
2018-05-23T13:00:00.0;3.969672698392205
2018-05-23T14:00:00.0;3.8995090044969207
2018-05-23T15:00:00.0;4.016870135169254
2018-05-23T16:00:00.0;4.4895021705293745
2018-05-23T17:00:00.0;4.383645207761516
2018-05-23T18:00:00.0;4.548227062662911
2018-05-23T19:00:00.0;4.557845476343597
2018-05-23T20:00:00.0;4.355947678232629
2018-05-23T21:00:00.0;4.273230066797263
2018-05-23T22:00:00.0;3.9486224257483875
2018-05-23T23:00:00.0;3.5752081315307187
2018-05-24T00:00:00.0;2.4797618047651313
2018-05-24T01:00:00.0;2.3089243655774725
2018-05-24T02:00:00.0;2.3368394404454844
2018-05-24T03:00:00.0;2.368791881198986
2018-05-24T04:00:00.0;2.348029285309369
2018-05-24T05:00:00.0;2.452943154292709
2018-05-24T06:00:00.0;3.312257173063251
2018-05-24T07:00:00.0;4.073180973798668
2018-05-24T08:00:00.0;4.151635012671078
2018-05-24T09:00:00.0;4.113757207487407
2018-05-24T10:00:00.0;3.57335063520837
2018-05-24T11:00:00.0;3.0143744314270564
2018-05-24T12:00:00.0;2.5438126985543454
2018-05-24T13:00:00.0;2.3864077250061317
2018-05-24T14:00:00.0;2.5909233661079223
2018-05-24T15:00:00.0;2.7264371124424915
2018-05-24T16:00:00.0;3.2138968699727615
2018-05-24T17:00:00.0;3.6621626041303745
2018-05-24T18:00:00.0;3.949928598646228
2018-05-24T19:00:00.0;4.301789997324086
2018-05-24T20:00:00.0;4.407346369324619
2018-05-24T21:00:00.0;4.416635366744882
2018-05-24T22:00:00.0;3.871543236386486
2018-05-24T23:00:00.0;3.3641589349323255
2018-05-25T00:00:00.0;2.6958428313509066
2018-05-25T01:00:00.0;2.756208518475146
2018-05-25T02:00:00.0;2.8418474620259437
2018-05-25T03:00:00.0;3.000781950503965
2018-05-25T04:00:00.0;3.298131007749735
2018-05-25T05:00:00.0;3.664170989115921
2018-05-25T06:00:00.0;4.084060195751609
2018-05-25T07:00:00.0;4.40157601208939
2018-05-25T08:00:00.0;4.452231832686156
2018-05-25T09:00:00.0;4.42777507645588
2018-05-25T10:00:00.0;4.07884800057647
2018-05-25T11:00:00.0;3.7476770701998703
2018-05-25T12:00:00.0;3.515715621782152
2018-05-25T13:00:00.0;3.407247433681109
2018-05-25T14:00:00.0;3.5045360265518513
2018-05-25T15:00:00.0;3.588253220079382
2018-05-25T16:00:00.0;3.8507153601730963
2018-05-25T17:00:00.0;4.1361916788525495
2018-05-25T18:00:00.0;4.321995020548589
2018-05-25T19:00:00.0;4.5491831697188205
2018-05-25T20:00:00.0;4.6173382923837
2018-05-25T21:00:00.0;4.634865393889577
2018-05-25T22:00:00.0;4.372152770349939
2018-05-25T23:00:00.0;4.097214431411809
2018-05-26T00:00:00.0;2.3833166973984703
2018-05-26T01:00:00.0;2.05170155417453
2018-05-26T02:00:00.0;2.013075456331435
2018-05-26T03:00:00.0;2.2015055142145217
2018-05-26T04:00:00.0;2.1577628468201913
2018-05-26T05:00:00.0;2.1509996081318237
2018-05-26T06:00:00.0;2.8170820699523995
2018-05-26T07:00:00.0;3.4560562401369967
2018-05-26T08:00:00.0;3.5867490958744437
2018-05-26T09:00:00.0;3.523650259923251
2018-05-26T10:00:00.0;2.6234126277309473
2018-05-26T11:00:00.0;1.6453141400207951
2018-05-26T12:00:00.0;1.1890596662071722
2018-05-26T13:00:00.0;1.2811274820991092
2018-05-26T14:00:00.0;1.4627138512522617
2018-05-26T15:00:00.0;1.4501588400144225
2018-05-26T16:00:00.0;2.0183721074397476
2018-05-26T17:00:00.0;2.771360266997267
2018-05-26T18:00:00.0;3.2507359645131144
2018-05-26T19:00:00.0;3.8368851504302293
2018-05-26T20:00:00.0;4.012726495201102
2018-05-26T21:00:00.0;4.057946707244155
2018-05-26T22:00:00.0;3.3801437893528585
2018-05-26T23:00:00.0;3.011466056042725
2018-05-27T00:00:00.0;1.6263430015661933
2018-05-27T01:00:00.0;1.1548448103623312
2018-05-27T02:00:00.0;1.111602121695374
2018-05-27T03:00:00.0;1.365509306708239
2018-05-27T04:00:00.0;1.35658957115102
2018-05-27T05:00:00.0;1.3924582367173834
2018-05-27T06:00:00.0;2.2358839901223213
2018-05-27T07:00:00.0;3.0449839166107195
2018-05-27T08:00:00.0;3.2104735168228493
2018-05-27T09:00:00.0;3.130574726055036
2018-05-27T10:00:00.0;1.9906503973165814
2018-05-27T11:00:00.0;0.933258364457087
2018-05-27T12:00:00.0;0.7290307516123237
2018-05-27T13:00:00.0;0.7540601409058433
2018-05-27T14:00:00.0;0.8034258815818857
2018-05-27T15:00:00.0;0.8000126990184452
2018-05-27T16:00:00.0;1.248617330834842
2018-05-27T17:00:00.0;2.1779888370220983
2018-05-27T18:00:00.0;2.784997476367176
2018-05-27T19:00:00.0;3.52720785883031
2018-05-27T20:00:00.0;3.749866654391065
2018-05-27T21:00:00.0;3.807126668875303
2018-05-27T22:00:00.0;2.9488599084504883
2018-05-27T23:00:00.0;2.4820223728534527
2018-05-28T00:00:00.0;4.253981003480677
2018-05-28T01:00:00.0;4.494763847252282
2018-05-28T02:00:00.0;4.5175314618074305
2018-05-28T03:00:00.0;4.586278426323922
2018-05-28T04:00:00.0;4.793847104733716
2018-05-28T05:00:00.0;4.991273558660548
2018-05-28T06:00:00.0;4.999999981297979
2018-05-28T07:00:00.0;4.9999999812979725
2018-05-28T08:00:00.0;4.999999981297973
2018-05-28T09:00:00.0;4.999999981297983
2018-05-28T10:00:00.0;4.999999981298003
2018-05-28T11:00:00.0;4.630434843650164
2018-05-28T12:00:00.0;3.8683359775499393
2018-05-28T13:00:00.0;4.0362180937467595
2018-05-28T14:00:00.0;4.376474596339228
2018-05-28T15:00:00.0;4.350596206534058
2018-05-28T16:00:00.0;4.9375889206988575
2018-05-28T17:00:00.0;4.9565183647586935
2018-05-28T18:00:00.0;4.970460517461799
2018-05-28T19:00:00.0;4.960030764497183
2018-05-28T20:00:00.0;4.927537281040605
2018-05-28T21:00:00.0;4.9147650634356435
2018-05-28T22:00:00.0;4.881873884383465
2018-05-28T23:00:00.0;4.862744448703679
2018-05-29T00:00:00.0;3.318528298485387
2018-05-29T01:00:00.0;3.475343236442975
2018-05-29T02:00:00.0;3.6434380105605424
2018-05-29T03:00:00.0;3.63266581073514
2018-05-29T04:00:00.0;3.6375757597322993
2018-05-29T05:00:00.0;3.838472620006744
2018-05-29T06:00:00.0;4.4097908445538625
2018-05-29T07:00:00.0;4.720219431144266
2018-05-29T08:00:00.0;4.743902494978543
2018-05-29T09:00:00.0;4.732468252829111
2018-05-29T10:00:00.0;4.569334735017908
2018-05-29T11:00:00.0;4.33320548535703
2018-05-29T12:00:00.0;3.7000761250542116
2018-05-29T13:00:00.0;3.4123675599718934
2018-05-29T14:00:00.0;3.7121075302530895
2018-05-29T15:00:00.0;3.9433967284544242
2018-05-29T16:00:00.0;4.45185953633032
2018-05-29T17:00:00.0;4.596144566091728
2018-05-29T18:00:00.0;4.683013011813685
2018-05-29T19:00:00.0;4.7892300541161585
2018-05-29T20:00:00.0;4.821094548693305
2018-05-29T21:00:00.0;4.829288976478795
2018-05-29T22:00:00.0;4.706463213119993
2018-05-29T23:00:00.0;4.271734508089509
2018-05-30T00:00:00.0;4.361838930256033
2018-05-30T01:00:00.0;4.601526298198472
2018-05-30T02:00:00.0;4.621712366582593
2018-05-30T03:00:00.0;4.6762346783496955
2018-05-30T04:00:00.0;4.841744449497711
2018-05-30T05:00:00.0;4.999999982008587
2018-05-30T06:00:00.0;4.999999982008574
2018-05-30T07:00:00.0;4.99999998200857
2018-05-30T08:00:00.0;4.999999982008572
2018-05-30T09:00:00.0;4.999999982008583
2018-05-30T10:00:00.0;4.999999982008604
2018-05-30T11:00:00.0;4.585739649515316
2018-05-30T12:00:00.0;3.731472573154134
2018-05-30T13:00:00.0;3.9408660954941572
2018-05-30T14:00:00.0;4.3538552500380545
2018-05-30T15:00:00.0;4.325300884968773
2018-05-30T16:00:00.0;4.944882741544263
2018-05-30T17:00:00.0;4.99999998200861
2018-05-30T18:00:00.0;4.999999982008587
2018-05-30T19:00:00.0;4.999999982008579
2018-05-30T20:00:00.0;4.999999982008577
2018-05-30T21:00:00.0;4.999999982008582
2018-05-30T22:00:00.0;4.99999998200858
2018-05-30T23:00:00.0;4.99999998200859
2018-05-31T00:00:00.0;4.063123459420339
2018-05-31T01:00:00.0;4.318675033217616
2018-05-31T02:00:00.0;4.353189914790668
2018-05-31T03:00:00.0;4.446414167177068
2018-05-31T04:00:00.0;4.729408856467314
2018-05-31T05:00:00.0;4.999999981938249
2018-05-31T06:00:00.0;4.999999981938232
2018-05-31T07:00:00.0;4.999999981938228
2018-05-31T08:00:00.0;4.999999981938228
2018-05-31T09:00:00.0;4.999999981938238
2018-05-31T10:00:00.0;4.999999981938254
2018-05-31T11:00:00.0;4.67764945538151
2018-05-31T12:00:00.0;4.012914214554218
2018-05-31T13:00:00.0;4.175850674769057
2018-05-31T14:00:00.0;4.497212053079658
2018-05-31T15:00:00.0;4.47499289789244
2018-05-31T16:00:00.0;4.957111319683046
2018-05-31T17:00:00.0;4.9999999819382595
2018-05-31T18:00:00.0;4.999999981938242
2018-05-31T19:00:00.0;4.9999999819382355
2018-05-31T20:00:00.0;4.999999981938234
2018-05-31T21:00:00.0;4.99999998193824
2018-05-31T22:00:00.0;4.999999981938239
2018-05-31T23:00:00.0;4.999999981938253
2018-06-01T00:00:00.0;3.7472679858589575
2018-06-01T01:00:00.0;4.019594038189057
2018-06-01T02:00:00.0;4.069259906293541
2018-06-01T03:00:00.0;4.203406778950843
2018-06-01T04:00:00.0;4.610627556539494
2018-06-01T05:00:00.0;4.999999981863875
2018-06-01T06:00:00.0;4.999999981863853
2018-06-01T07:00:00.0;4.99999998186385
2018-06-01T08:00:00.0;4.999999981863849
2018-06-01T09:00:00.0;4.999999981863856
2018-06-01T10:00:00.0;4.999999981863868
2018-06-01T11:00:00.0;4.774832956375233
2018-06-01T12:00:00.0;4.3105047031741135
2018-06-01T13:00:00.0;4.424318440294734
2018-06-01T14:00:00.0;4.648794529830108
2018-06-01T15:00:00.0;4.633274092696602
2018-06-01T16:00:00.0;4.970041561723077
2018-06-01T17:00:00.0;4.999999981863873
2018-06-01T18:00:00.0;4.999999981863859
2018-06-01T19:00:00.0;4.999999981863855
2018-06-01T20:00:00.0;4.999999981863854
2018-06-01T21:00:00.0;4.999999981863863
2018-06-01T22:00:00.0;4.999999981863862
2018-06-01T23:00:00.0;4.99999998186388
2018-06-02T00:00:00.0;2.9699601782706733
2018-06-02T01:00:00.0;3.030126478846677
2018-06-02T02:00:00.0;3.059479639746989
2018-06-02T03:00:00.0;3.248459783145143
2018-06-02T04:00:00.0;3.59141174029858
2018-06-02T05:00:00.0;3.932470149069392
2018-06-02T06:00:00.0;4.182053443479913
2018-06-02T07:00:00.0;4.421479171642786
2018-06-02T08:00:00.0;4.470450215560857
2018-06-02T09:00:00.0;4.44680687370327
2018-06-02T10:00:00.0;4.109484864982646
2018-06-02T11:00:00.0;3.6841067373625256
2018-06-02T12:00:00.0;3.391724384834083
2018-06-02T13:00:00.0;3.4559849036925927
2018-06-02T14:00:00.0;3.582726634083052
2018-06-02T15:00:00.0;3.5739636203349576
2018-06-02T16:00:00.0;3.874940030841262
2018-06-02T17:00:00.0;4.164921333175225
2018-06-02T18:00:00.0;4.344544987458711
2018-06-02T19:00:00.0;4.564177019861112
2018-06-02T20:00:00.0;4.630065351467292
2018-06-02T21:00:00.0;4.64700951400357
2018-06-02T22:00:00.0;4.3930345260628805
2018-06-02T23:00:00.0;4.254889763920607
2018-06-03T00:00:00.0;4.092675362288732
2018-06-03T01:00:00.0;4.279427682913046
2018-06-03T02:00:00.0;4.297245927924951
2018-06-03T03:00:00.0;4.374472050742659
2018-06-03T04:00:00.0;4.547698968244513
2018-06-03T05:00:00.0;4.716818477618101
2018-06-03T06:00:00.0;4.783024939121085
2018-06-03T07:00:00.0;4.84653692333413
2018-06-03T08:00:00.0;4.85952737424384
2018-06-03T09:00:00.0;4.8532555522206895
2018-06-03T10:00:00.0;4.763774817393397
2018-06-03T11:00:00.0;4.315779306675779
2018-06-03T12:00:00.0;3.5470769430927214
2018-06-03T13:00:00.0;3.733532517785792
2018-06-03T14:00:00.0;4.1012809050899826
2018-06-03T15:00:00.0;4.0758545189750235
2018-06-03T16:00:00.0;4.6569651100552845
2018-06-03T17:00:00.0;4.778480338473739
2018-06-03T18:00:00.0;4.82612874611428
2018-06-03T19:00:00.0;4.88439009622754
2018-06-03T20:00:00.0;4.901868162218629
2018-06-03T21:00:00.0;4.906362906337256
2018-06-03T22:00:00.0;4.838991469072063
2018-06-03T23:00:00.0;4.802346084218831
2018-06-04T00:00:00.0;4.214316895569491
2018-06-04T01:00:00.0;4.449983537642091
2018-06-04T02:00:00.0;4.470612320507325
2018-06-04T03:00:00.0;4.544888684686122
2018-06-04T04:00:00.0;4.767493415481971
2018-06-04T05:00:00.0;4.977668344758705
2018-06-04T06:00:00.0;4.999999980220359
2018-06-04T07:00:00.0;4.99999998022035
2018-06-04T08:00:00.0;4.999999980220349
2018-06-04T09:00:00.0;4.999999980220358
2018-06-04T10:00:00.0;4.999999980220377
2018-06-04T11:00:00.0;4.660582462331859
2018-06-04T12:00:00.0;3.96065251990347
2018-06-04T13:00:00.0;4.0837988759384976
2018-06-04T14:00:00.0;4.350073732288163
2018-06-04T15:00:00.0;4.325642257959115
2018-06-04T16:00:00.0;4.9209570131733615
2018-06-04T17:00:00.0;4.888726936250059
2018-06-04T18:00:00.0;4.924406055249058
2018-06-04T19:00:00.0;4.897715456954916
2018-06-04T20:00:00.0;4.814561952067546
2018-06-04T21:00:00.0;4.781876793504713
2018-06-04T22:00:00.0;4.6977055527781975
2018-06-04T23:00:00.0;4.648751748689509
2018-06-05T00:00:00.0;4.3403728565196875
2018-06-05T01:00:00.0;4.549049854500601
2018-06-05T02:00:00.0;4.56295890030176
2018-06-05T03:00:00.0;4.614442801374881
2018-06-05T04:00:00.0;4.741460648617483
2018-06-05T05:00:00.0;4.864577963149149
2018-06-05T06:00:00.0;4.896238973988265
2018-06-05T07:00:00.0;4.926611441794788
2018-06-05T08:00:00.0;4.932823687514021
2018-06-05T09:00:00.0;4.9298243998229445
2018-06-05T10:00:00.0;4.887033251482674
2018-06-05T11:00:00.0;4.423640436512388
2018-06-05T12:00:00.0;3.542241317730838
2018-06-05T13:00:00.0;3.7573457215353936
2018-06-05T14:00:00.0;4.181598510605233
2018-06-05T15:00:00.0;4.152265369801233
2018-06-05T16:00:00.0;4.802805217762455
2018-06-05T17:00:00.0;4.89406567175934
2018-06-05T18:00:00.0;4.916851918245344
2018-06-05T19:00:00.0;4.944713447098601
2018-06-05T20:00:00.0;4.953071743618733
2018-06-05T21:00:00.0;4.955221203641644
2018-06-05T22:00:00.0;4.923003082372553
2018-06-05T23:00:00.0;4.9054786610290355
2018-06-06T00:00:00.0;4.299751722284863
2018-06-06T01:00:00.0;4.404523102642543
2018-06-06T02:00:00.0;4.395622504556056
2018-06-06T03:00:00.0;4.433633142517965
2018-06-06T04:00:00.0;4.42451000395873
2018-06-06T05:00:00.0;4.422405971196325
2018-06-06T06:00:00.0;4.560283611144959
2018-06-06T07:00:00.0;4.688995461234286
2018-06-06T08:00:00.0;4.715321594653053
2018-06-06T09:00:00.0;4.702611271931545
2018-06-06T10:00:00.0;4.521271780342986
2018-06-06T11:00:00.0;3.8947992234872038
2018-06-06T12:00:00.0;2.9173048330330764
2018-06-06T13:00:00.0;3.1448882027768246
2018-06-06T14:00:00.0;3.597634545327374
2018-06-06T15:00:00.0;3.5653323389571527
2018-06-06T16:00:00.0;4.336635349309187
2018-06-06T17:00:00.0;4.532611397160963
2018-06-06T18:00:00.0;4.635094326312714
2018-06-06T19:00:00.0;4.748736909234391
2018-06-06T20:00:00.0;4.7703608450965085
2018-06-06T21:00:00.0;4.774046718211406
2018-06-06T22:00:00.0;4.623547843283084
2018-06-06T23:00:00.0;4.541160860394177
2018-06-07T00:00:00.0;4.546584349110068
2018-06-07T01:00:00.0;4.776460242115372
2018-06-07T02:00:00.0;4.787784424013119
2018-06-07T03:00:00.0;4.8183708940570815
2018-06-07T04:00:00.0;4.911220215612391
2018-06-07T05:00:00.0;4.999999982052088
2018-06-07T06:00:00.0;4.999999982052078
2018-06-07T07:00:00.0;4.999999982052075
2018-06-07T08:00:00.0;4.999999982052077
2018-06-07T09:00:00.0;4.999999982052088
2018-06-07T10:00:00.0;4.999999982052112
2018-06-07T11:00:00.0;4.528896542146155
2018-06-07T12:00:00.0;3.557410433761209
2018-06-07T13:00:00.0;3.7955360782676335
2018-06-07T14:00:00.0;4.265193914388439
2018-06-07T15:00:00.0;4.23272143620665
2018-06-07T16:00:00.0;4.937319779425434
2018-06-07T17:00:00.0;4.9999999820521195
2018-06-07T18:00:00.0;4.999999982052094
2018-06-07T19:00:00.0;4.999999982052085
2018-06-07T20:00:00.0;4.999999982052082
2018-06-07T21:00:00.0;4.999999982052086
2018-06-07T22:00:00.0;4.999999982052083
2018-06-07T23:00:00.0;4.999999982052091
2018-06-08T00:00:00.0;3.4430974654912982
2018-06-08T01:00:00.0;3.730745950663412
2018-06-08T02:00:00.0;3.7945370467726502
2018-06-08T03:00:00.0;3.9681375740115876
2018-06-08T04:00:00.0;4.494923831328437
2018-06-08T05:00:00.0;4.998433740954213
2018-06-08T06:00:00.0;4.999999981669245
2018-06-08T07:00:00.0;4.999999981669241
2018-06-08T08:00:00.0;4.999999981669239
2018-06-08T09:00:00.0;4.999999981669244
2018-06-08T10:00:00.0;4.999999981669252
2018-06-08T11:00:00.0;4.870486872644957
2018-06-08T12:00:00.0;4.603411373693031
2018-06-08T13:00:00.0;4.665479796643448
2018-06-08T14:00:00.0;4.7895386377737355
2018-06-08T15:00:00.0;4.780538832131545
2018-06-08T16:00:00.0;4.980391852908171
2018-06-08T17:00:00.0;4.9921957896182985
2018-06-08T18:00:00.0;4.994698162941981
2018-06-08T19:00:00.0;4.99282620413138
2018-06-08T20:00:00.0;4.986994190386665
2018-06-08T21:00:00.0;4.984701800014857
2018-06-08T22:00:00.0;4.9787984068447
2018-06-08T23:00:00.0;4.97536500666889
2018-06-09T00:00:00.0;2.9803089687951005
2018-06-09T01:00:00.0;2.944819003612398
2018-06-09T02:00:00.0;2.9520611879468013
2018-06-09T03:00:00.0;3.122485157498852
2018-06-09T04:00:00.0;3.3225260931605836
2018-06-09T05:00:00.0;3.5318673789790993
2018-06-09T06:00:00.0;3.8751096570127306
2018-06-09T07:00:00.0;4.204382625977189
2018-06-09T08:00:00.0;4.271730613797542
2018-06-09T09:00:00.0;4.239214837696849
2018-06-09T10:00:00.0;3.775308890074809
2018-06-09T11:00:00.0;3.181865802381037
2018-06-09T12:00:00.0;2.762365358637659
2018-06-09T13:00:00.0;2.8550049459266527
2018-06-09T14:00:00.0;3.0377190261151017
2018-06-09T15:00:00.0;3.0250860441309593
2018-06-09T16:00:00.0;3.451625891344629
2018-06-09T17:00:00.0;3.8515485265196303
2018-06-09T18:00:00.0;4.098578009925584
2018-06-09T19:00:00.0;4.400629472580593
2018-06-09T20:00:00.0;4.491243153635465
2018-06-09T21:00:00.0;4.5145458068120705
2018-06-09T22:00:00.0;4.16526380206004
2018-06-09T23:00:00.0;3.975278639118261
2018-06-10T00:00:00.0;2.817052412259704
2018-06-10T01:00:00.0;2.6394452874386385
2018-06-10T02:00:00.0;2.6202496425841995
2018-06-10T03:00:00.0;2.7845311203862018
2018-06-10T04:00:00.0;2.828654923560178
2018-06-10T05:00:00.0;2.896729416909789
2018-06-10T06:00:00.0;3.3884638683013177
2018-06-10T07:00:00.0;3.8601856610809646
2018-06-10T08:00:00.0;3.9566694801282196
2018-06-10T09:00:00.0;3.910086852212908
2018-06-10T10:00:00.0;3.245487671837944
2018-06-10T11:00:00.0;2.4408646997195764
2018-06-10T12:00:00.0;1.9338191405760232
2018-06-10T13:00:00.0;2.043510622635269
2018-06-10T14:00:00.0;2.2598563430284364
2018-06-10T15:00:00.0;2.244898045423489
2018-06-10T16:00:00.0;2.787835005627872
2018-06-10T17:00:00.0;3.3547098108362445
2018-06-10T18:00:00.0;3.7086082530562767
2018-06-10T19:00:00.0;4.141332074642479
2018-06-10T20:00:00.0;4.271146702949186
2018-06-10T21:00:00.0;4.304530461620782
2018-06-10T22:00:00.0;3.804143399829867
2018-06-10T23:00:00.0;3.5319675757824758
2018-06-11T00:00:00.0;3.3082528254430503
2018-06-11T01:00:00.0;3.455954543363475
2018-06-11T02:00:00.0;3.4862008330206518
2018-06-11T03:00:00.0;3.6552990048649194
2018-06-11T04:00:00.0;4.0477286825504954
2018-06-11T05:00:00.0;4.424904860277766
2018-06-11T06:00:00.0;4.589141191455859
2018-06-11T07:00:00.0;4.709405976152459
2018-06-11T08:00:00.0;4.734004385431046
2018-06-11T09:00:00.0;4.722128212223478
2018-06-11T10:00:00.0;4.552689618203138
2018-06-11T11:00:00.0;4.293163493565147
2018-06-11T12:00:00.0;4.051735355677455
2018-06-11T13:00:00.0;4.022920544966944
2018-06-11T14:00:00.0;4.0068036373959
2018-06-11T15:00:00.0;3.9974380442212167
2018-06-11T16:00:00.0;4.3697993013067045
2018-06-11T17:00:00.0;4.386859246360342
2018-06-11T18:00:00.0;4.539186462091878
2018-06-11T19:00:00.0;4.603052425790686
2018-06-11T20:00:00.0;4.491415568301299
2018-06-11T21:00:00.0;4.443036526720565
2018-06-11T22:00:00.0;4.168959244272709
2018-06-11T23:00:00.0;4.014361826003535
2018-06-12T00:00:00.0;3.2312172371794503
2018-06-12T01:00:00.0;3.4004619359234667
2018-06-12T02:00:00.0;3.467140545690082
2018-06-12T03:00:00.0;3.610537523886094
2018-06-12T04:00:00.0;3.976214229177821
2018-06-12T05:00:00.0;4.368778829015236
2018-06-12T06:00:00.0;4.610801183831092
2018-06-12T07:00:00.0;4.755034150513426
2018-06-12T08:00:00.0;4.7757701932793
2018-06-12T09:00:00.0;4.765758780234735
2018-06-12T10:00:00.0;4.622924912727106
2018-06-12T11:00:00.0;4.434789458771714
2018-06-12T12:00:00.0;4.200002566539336
2018-06-12T13:00:00.0;4.077190229444666
2018-06-12T14:00:00.0;4.064782390891366
2018-06-12T15:00:00.0;4.111112046744871
2018-06-12T16:00:00.0;4.466203597516303
2018-06-12T17:00:00.0;4.461377604661084
2018-06-12T18:00:00.0;4.596762532212759
2018-06-12T19:00:00.0;4.6453821516974605
2018-06-12T20:00:00.0;4.535016740062723
2018-06-12T21:00:00.0;4.487843716681043
2018-06-12T22:00:00.0;4.240344797021437
2018-06-12T23:00:00.0;4.019449401736823
2018-06-13T00:00:00.0;3.2238224682863965
2018-06-13T01:00:00.0;3.2858607780914393
2018-06-13T02:00:00.0;3.3065261323171566
2018-06-13T03:00:00.0;3.465394840931742
2018-06-13T04:00:00.0;3.7309173080565343
2018-06-13T05:00:00.0;3.9971440047615943
2018-06-13T06:00:00.0;4.2316068655712265
2018-06-13T07:00:00.0;4.456527533074563
2018-06-13T08:00:00.0;4.502531778194348
2018-06-13T09:00:00.0;4.4803208141788184
2018-06-13T10:00:00.0;4.1634346885850135
2018-06-13T11:00:00.0;3.686565918146979
2018-06-13T12:00:00.0;3.252572664519219
2018-06-13T13:00:00.0;3.3519928339685072
2018-06-13T14:00:00.0;3.5480803311681473
2018-06-13T15:00:00.0;3.5345227015816163
2018-06-13T16:00:00.0;3.932819632054641
2018-06-13T17:00:00.0;4.2155126650229535
2018-06-13T18:00:00.0;4.3842542306467855
2018-06-13T19:00:00.0;4.5905803582192455
2018-06-13T20:00:00.0;4.652476995808091
2018-06-13T21:00:00.0;4.668394634974056
2018-06-13T22:00:00.0;4.429806141351882
2018-06-13T23:00:00.0;4.30003056396701
2018-06-14T00:00:00.0;2.71874561470217
2018-06-14T01:00:00.0;2.7177090478438215
2018-06-14T02:00:00.0;2.892890046944824
2018-06-14T03:00:00.0;2.896409634391153
2018-06-14T04:00:00.0;2.7991034668674772
2018-06-14T05:00:00.0;2.943430033457087
2018-06-14T06:00:00.0;3.7736889426788705
2018-06-14T07:00:00.0;4.293132057593721
2018-06-14T08:00:00.0;4.352967519229106
2018-06-14T09:00:00.0;4.324078809463801
2018-06-14T10:00:00.0;3.911920593164641
2018-06-14T11:00:00.0;3.5475072003505392
2018-06-14T12:00:00.0;3.010459518048662
2018-06-14T13:00:00.0;2.6209167261584447
2018-06-14T14:00:00.0;2.863542063513953
2018-06-14T15:00:00.0;3.140550641453589
2018-06-14T16:00:00.0;3.64600855974357
2018-06-14T17:00:00.0;3.9796558587490964
2018-06-14T18:00:00.0;4.199129723604256
2018-06-14T19:00:00.0;4.4674879818171425
2018-06-14T20:00:00.0;4.547993897611759
2018-06-14T21:00:00.0;4.56869718890939
2018-06-14T22:00:00.0;4.258376856087753
2018-06-14T23:00:00.0;3.660682537001644
2018-06-15T00:00:00.0;4.435329045017941
2018-06-15T01:00:00.0;4.671113493886195
2018-06-15T02:00:00.0;4.687774381191779
2018-06-15T03:00:00.0;4.732775224085295
2018-06-15T04:00:00.0;4.86938130272314
2018-06-15T05:00:00.0;4.999999982025892
2018-06-15T06:00:00.0;4.999999982025879
2018-06-15T07:00:00.0;4.9999999820258765
2018-06-15T08:00:00.0;4.999999982025877
2018-06-15T09:00:00.0;4.999999982025889
2018-06-15T10:00:00.0;4.999999982025911
2018-06-15T11:00:00.0;4.563127957653644
2018-06-15T12:00:00.0;3.6622321736950503
2018-06-15T13:00:00.0;3.8830550833966635
2018-06-15T14:00:00.0;4.318586544744841
2018-06-15T15:00:00.0;4.288473588485183
2018-06-15T16:00:00.0;4.94187426123931
2018-06-15T17:00:00.0;4.999999982025918
2018-06-15T18:00:00.0;4.999999982025893
2018-06-15T19:00:00.0;4.999999982025885
2018-06-15T20:00:00.0;4.999999982025883
2018-06-15T21:00:00.0;4.999999982025887
2018-06-15T22:00:00.0;4.999999982025885
2018-06-15T23:00:00.0;4.999999982025895
2018-06-16T00:00:00.0;2.07395893661945
2018-06-16T01:00:00.0;1.8559518075236503
2018-06-16T02:00:00.0;1.8518641141040375
2018-06-16T03:00:00.0;2.0996535822104625
2018-06-16T04:00:00.0;2.3293705215373106
2018-06-16T05:00:00.0;2.5770520860501938
2018-06-16T06:00:00.0;3.1538907743867215
2018-06-16T07:00:00.0;3.6942757754553015
2018-06-16T08:00:00.0;3.8048036532362324
2018-06-16T09:00:00.0;3.751440518818667
2018-06-16T10:00:00.0;2.9901031494322305
2018-06-16T11:00:00.0;2.305954065211202
2018-06-16T12:00:00.0;2.2150576584635973
2018-06-16T13:00:00.0;2.1912908335536065
2018-06-16T14:00:00.0;2.158585583570908
2018-06-16T15:00:00.0;2.1571994343148466
2018-06-16T16:00:00.0;2.4769210479751065
2018-06-16T17:00:00.0;3.047816764684062
2018-06-16T18:00:00.0;3.4748418254324482
2018-06-16T19:00:00.0;3.954383785800094
2018-06-16T20:00:00.0;4.052721502766276
2018-06-16T21:00:00.0;4.07116460964027
2018-06-16T22:00:00.0;3.446952779350362
2018-06-16T23:00:00.0;3.1055042629516207
2018-06-17T00:00:00.0;1.3160333644572015
2018-06-17T01:00:00.0;0.7784809416007384
2018-06-17T02:00:00.0;0.7313659558629877
2018-06-17T03:00:00.0;1.010537623694944
2018-06-17T04:00:00.0;1.0031758113584788
2018-06-17T05:00:00.0;1.0448125381274942
2018-06-17T06:00:00.0;1.9695161688084502
2018-06-17T07:00:00.0;2.8565861172740954
2018-06-17T08:00:00.0;3.03802334934617
2018-06-17T09:00:00.0;2.9504250022341103
2018-06-17T10:00:00.0;1.7006503051364739
2018-06-17T11:00:00.0;0.5956507694921526
2018-06-17T12:00:00.0;0.48369565040276663
2018-06-17T13:00:00.0;0.4836956504027668
2018-06-17T14:00:00.0;0.4836956504027668
2018-06-17T15:00:00.0;0.4836956504027666
2018-06-17T16:00:00.0;0.8943334154539442
2018-06-17T17:00:00.0;1.9060418700281676
2018-06-17T18:00:00.0;2.571545727826087
2018-06-17T19:00:00.0;3.385280229792675
2018-06-17T20:00:00.0;3.629395844980948
2018-06-17T21:00:00.0;3.6921737991430823
2018-06-17T22:00:00.0;2.751198987485213
2018-06-17T23:00:00.0;2.2393740137255236
2018-06-18T00:00:00.0;2.4462990982596753
2018-06-18T01:00:00.0;2.401534006671847
2018-06-18T02:00:00.0;2.4729047934691426
2018-06-18T03:00:00.0;2.560308546999669
2018-06-18T04:00:00.0;2.7267177228640134
2018-06-18T05:00:00.0;3.005970503554569
2018-06-18T06:00:00.0;3.6993554304762037
2018-06-18T07:00:00.0;4.276800630045678
2018-06-18T08:00:00.0;4.33801852641599
2018-06-18T09:00:00.0;4.3084623737207774
2018-06-18T10:00:00.0;3.8867816799655714
2018-06-18T11:00:00.0;3.5139489030884477
2018-06-18T12:00:00.0;3.2288815319302033
2018-06-18T13:00:00.0;3.0362677447155333
2018-06-18T14:00:00.0;3.1562365544976716
2018-06-18T15:00:00.0;3.2932065418744143
2018-06-18T16:00:00.0;3.6147260316815464
2018-06-18T17:00:00.0;3.956081896857564
2018-06-18T18:00:00.0;4.180626472055562
2018-06-18T19:00:00.0;4.455184862554827
2018-06-18T20:00:00.0;4.537550781954647
2018-06-18T21:00:00.0;4.54741223158131
2018-06-18T22:00:00.0;4.142302169197988
2018-06-18T23:00:00.0;3.71468779937819
2018-06-19T00:00:00.0;2.9182023204936702
2018-06-19T01:00:00.0;3.178128735891655
2018-06-19T02:00:00.0;3.2572141962726526
2018-06-19T03:00:00.0;3.4852023680877777
2018-06-19T04:00:00.0;4.129050025597147
2018-06-19T05:00:00.0;4.751222654377269
2018-06-19T06:00:00.0;4.815124997041032
2018-06-19T07:00:00.0;4.8718766352314296
2018-06-19T08:00:00.0;4.882722112022548
2018-06-19T09:00:00.0;4.877485888841153
2018-06-19T10:00:00.0;4.8027801500205864
2018-06-19T11:00:00.0;4.7367283993343285
2018-06-19T12:00:00.0;4.721821933021479
2018-06-19T13:00:00.0;4.715423901986315
2018-06-19T14:00:00.0;4.719408892777149
2018-06-19T15:00:00.0;4.723958609818668
2018-06-19T16:00:00.0;4.754582263547828
2018-06-19T17:00:00.0;4.815057505801897
2018-06-19T18:00:00.0;4.85483824188192
2018-06-19T19:00:00.0;4.9034795188371785
2018-06-19T20:00:00.0;4.918071618863392
2018-06-19T21:00:00.0;4.92182419399412
2018-06-19T22:00:00.0;4.865577081070731
2018-06-19T23:00:00.0;4.827938078069733
2018-06-20T00:00:00.0;2.919656666043815
2018-06-20T01:00:00.0;2.9642365484902795
2018-06-20T02:00:00.0;3.0716838652640277
2018-06-20T03:00:00.0;3.1555520994198965
2018-06-20T04:00:00.0;3.2637527310111842
2018-06-20T05:00:00.0;3.498015374372875
2018-06-20T06:00:00.0;4.034259800065391
2018-06-20T07:00:00.0;4.40194914932216
2018-06-20T08:00:00.0;4.452573384175545
2018-06-20T09:00:00.0;4.428131877620765
2018-06-20T10:00:00.0;4.079422370442182
2018-06-20T11:00:00.0;3.69767008079048
2018-06-20T12:00:00.0;3.250093557314264
2018-06-20T13:00:00.0;3.0808863483505675
2018-06-20T14:00:00.0;3.282608845473517
2018-06-20T15:00:00.0;3.424268702002275
2018-06-20T16:00:00.0;3.8446746665969953
2018-06-20T17:00:00.0;4.136730292852793
2018-06-20T18:00:00.0;4.322417779419044
2018-06-20T19:00:00.0;4.549464268529413
2018-06-20T20:00:00.0;4.617576894000704
2018-06-20T21:00:00.0;4.635093066722415
2018-06-20T22:00:00.0;4.372544254042241
2018-06-20T23:00:00.0;4.002561669339502
2018-06-21T00:00:00.0;2.559551668039043
2018-06-21T01:00:00.0;2.355920556602693
2018-06-21T02:00:00.0;2.4031983476655085
2018-06-21T03:00:00.0;2.507974103802265
2018-06-21T04:00:00.0;2.415169448173998
2018-06-21T05:00:00.0;2.446697481545586
2018-06-21T06:00:00.0;3.190046815342091
2018-06-21T07:00:00.0;3.7870828544210817
2018-06-21T08:00:00.0;3.889754731901946
2018-06-21T09:00:00.0;3.84018449397722
2018-06-21T10:00:00.0;3.1329607719567742
2018-06-21T11:00:00.0;2.3860431251833085
2018-06-21T12:00:00.0;1.8623635728574122
2018-06-21T13:00:00.0;1.7606382340547817
2018-06-21T14:00:00.0;1.9835327218172523
2018-06-21T15:00:00.0;2.091202829346598
2018-06-21T16:00:00.0;2.6604999483349823
2018-06-21T17:00:00.0;3.249187950608766
2018-06-21T18:00:00.0;3.6257839214056027
2018-06-21T19:00:00.0;4.086260793400009
2018-06-21T20:00:00.0;4.224401175324608
2018-06-21T21:00:00.0;4.259926025128735
2018-06-21T22:00:00.0;3.7274462828410693
2018-06-21T23:00:00.0;3.2581252997356134
2018-06-22T00:00:00.0;1.2111950345976397
2018-06-22T01:00:00.0;0.6859530004803612
2018-06-22T02:00:00.0;0.4566925252542763
2018-06-22T03:00:00.0;0.44642166500294833
2018-06-22T04:00:00.0;0.6552102226238544
2018-06-22T05:00:00.0;0.8423934563308321
2018-06-22T06:00:00.0;2.1883168744344266
2018-06-22T07:00:00.0;3.817990673652955
2018-06-22T08:00:00.0;3.9180462441764385
2018-06-22T09:00:00.0;3.8697391657608446
2018-06-22T10:00:00.0;3.180537071373376
2018-06-22T11:00:00.0;2.5711728427393354
2018-06-22T12:00:00.0;2.5094339527354177
2018-06-22T13:00:00.0;2.5094339527354204
2018-06-22T14:00:00.0;2.5094339527354017
2018-06-22T15:00:00.0;2.509433952735417
2018-06-22T16:00:00.0;2.73588469490926
2018-06-22T17:00:00.0;3.293802523955839
2018-06-22T18:00:00.0;3.6608019948864303
2018-06-22T19:00:00.0;4.109544895773397
2018-06-22T20:00:00.0;4.244165154649793
2018-06-22T21:00:00.0;4.200986972353454
2018-06-22T22:00:00.0;3.0799074405755964
2018-06-22T23:00:00.0;2.50319236151104
2018-06-23T00:00:00.0;1.5569582911638615
2018-06-23T01:00:00.0;1.139731290864241
2018-06-23T02:00:00.0;1.111313430203782
2018-06-23T03:00:00.0;1.3833668706696258
2018-06-23T04:00:00.0;1.4755842526900447
2018-06-23T05:00:00.0;1.6055349278402344
2018-06-23T06:00:00.0;2.399144384864464
2018-06-23T07:00:00.0;3.160455443658422
2018-06-23T08:00:00.0;3.316170527336274
2018-06-23T09:00:00.0;3.2409908974729977
2018-06-23T10:00:00.0;2.168395326461893
2018-06-23T11:00:00.0;1.220050308232713
2018-06-23T12:00:00.0;1.1239669380331359
2018-06-23T13:00:00.0;1.123966938033136
2018-06-23T14:00:00.0;1.123966938033136
2018-06-23T15:00:00.0;1.1239669380331356
2018-06-23T16:00:00.0;1.476389057881336
2018-06-23T17:00:00.0;2.3446687646563777
2018-06-23T18:00:00.0;2.915824903456879
2018-06-23T19:00:00.0;3.614197197931411
2018-06-23T20:00:00.0;3.8237048222045384
2018-06-23T21:00:00.0;3.8775828177727147
2018-06-23T22:00:00.0;3.0700089264456523
2018-06-23T23:00:00.0;2.6307447924682106
2018-06-24T00:00:00.0;1.4691963236608343
2018-06-24T01:00:00.0;0.9820597179443876
2018-06-24T02:00:00.0;0.9409042558337775
2018-06-24T03:00:00.0;1.210830151802761
2018-06-24T04:00:00.0;1.2287031310817902
2018-06-24T05:00:00.0;1.291433491377911
2018-06-24T06:00:00.0;2.1584783399868623
2018-06-24T07:00:00.0;2.9902361093454153
2018-06-24T08:00:00.0;3.160360041159236
2018-06-24T09:00:00.0;3.0782237835625845
2018-06-24T10:00:00.0;1.9063772836820299
2018-06-24T11:00:00.0;0.8557567361227849
2018-06-24T12:00:00.0;0.7208360449673699
2018-06-24T13:00:00.0;0.7281763511746271
2018-06-24T14:00:00.0;0.7426537180995971
2018-06-24T15:00:00.0;0.7416527426118166
2018-06-24T16:00:00.0;1.1484051741569081
2018-06-24T17:00:00.0;2.0989619047199435
2018-06-24T18:00:00.0;2.722969070354352
2018-06-24T19:00:00.0;3.485964136725981
2018-06-24T20:00:00.0;3.71485821650604
2018-06-24T21:00:00.0;3.7737217268854732
2018-06-24T22:00:00.0;2.8914202672081424
2018-06-24T23:00:00.0;2.411509523740041
2018-06-25T00:00:00.0;3.9047760308596966
2018-06-25T01:00:00.0;3.9995671957014687
2018-06-25T02:00:00.0;4.004911004260205
2018-06-25T03:00:00.0;4.083077591517494
2018-06-25T04:00:00.0;4.181957582344051
2018-06-25T05:00:00.0;4.290311178867786
2018-06-25T06:00:00.0;4.48753711378
2018-06-25T07:00:00.0;4.643712538409615
2018-06-25T08:00:00.0;4.673871812949438
2018-06-25T09:00:00.0;4.659310840156729
2018-06-25T10:00:00.0;4.451567932197706
2018-06-25T11:00:00.0;3.941224541707392
2018-06-25T12:00:00.0;3.2297545697359538
2018-06-25T13:00:00.0;3.3293302578941306
2018-06-25T14:00:00.0;3.5890186082087943
2018-06-25T15:00:00.0;3.576069326825655
2018-06-25T16:00:00.0;4.238687788256499
2018-06-25T17:00:00.0;4.369495651512987
2018-06-25T18:00:00.0;4.517381757123017
2018-06-25T19:00:00.0;4.624768586447974
2018-06-25T20:00:00.0;4.57850117443581
2018-06-25T21:00:00.0;4.55480008012752
2018-06-25T22:00:00.0;4.310478935562011
2018-06-25T23:00:00.0;4.157785401772973
2018-06-26T00:00:00.0;3.9479993488717207
2018-06-26T01:00:00.0;4.049879992604829
2018-06-26T02:00:00.0;4.053603381074471
2018-06-26T03:00:00.0;4.1328203861704305
2018-06-26T04:00:00.0;4.227832419683365
2018-06-26T05:00:00.0;4.326963067181025
2018-06-26T06:00:00.0;4.484315831765897
2018-06-26T07:00:00.0;4.635264637567
2018-06-26T08:00:00.0;4.666139016252144
2018-06-26T09:00:00.0;4.651232789398693
2018-06-26T10:00:00.0;4.438564105972297
2018-06-26T11:00:00.0;3.8746256189590373
2018-06-26T12:00:00.0;3.080400940234514
2018-06-26T13:00:00.0;3.270407520062609
2018-06-26T14:00:00.0;3.6451595939761385
2018-06-26T15:00:00.0;3.6192489679675326
2018-06-26T16:00:00.0;4.251342547579295
2018-06-26T17:00:00.0;4.473514688500375
2018-06-26T18:00:00.0;4.586760563602294
2018-06-26T19:00:00.0;4.725230197844182
2018-06-26T20:00:00.0;4.766770282314192
2018-06-26T21:00:00.0;4.77745293166761
2018-06-26T22:00:00.0;4.617331371519664
2018-06-26T23:00:00.0;4.530236358660942
2018-06-27T00:00:00.0;4.313976700640733
2018-06-27T01:00:00.0;4.474592342900935
2018-06-27T02:00:00.0;4.477141721179783
2018-06-27T03:00:00.0;4.524071615408125
2018-06-27T04:00:00.0;4.5950199440492545
2018-06-27T05:00:00.0;4.665933849692308
2018-06-27T06:00:00.0;4.750050568325043
2018-06-27T07:00:00.0;4.823214665768916
2018-06-27T08:00:00.0;4.838179315794803
2018-06-27T09:00:00.0;4.830954345525992
2018-06-27T10:00:00.0;4.727874945891854
2018-06-27T11:00:00.0;4.2044272816755015
2018-06-27T12:00:00.0;3.303707084608022
2018-06-27T13:00:00.0;3.5052070550376357
2018-06-27T14:00:00.0;3.9108489793697405
2018-06-27T15:00:00.0;3.880686457712182
2018-06-27T16:00:00.0;4.591943928041925
2018-06-27T17:00:00.0;4.705707390086853
2018-06-27T18:00:00.0;4.773136824000725
2018-06-27T19:00:00.0;4.830871679344609
2018-06-27T20:00:00.0;4.821780887750943
2018-06-27T21:00:00.0;4.815471216647376
2018-06-27T22:00:00.0;4.70827838712535
2018-06-27T23:00:00.0;4.648858631024585
2018-06-28T00:00:00.0;4.290124700795101
2018-06-28T01:00:00.0;4.398866442630629
2018-06-28T02:00:00.0;4.395600042327106
2018-06-28T03:00:00.0;4.429956748237597
2018-06-28T04:00:00.0;4.416296513420879
2018-06-28T05:00:00.0;4.41567793504166
2018-06-28T06:00:00.0;4.560943805605242
2018-06-28T07:00:00.0;4.693436880361355
2018-06-28T08:00:00.0;4.7193870533590605
2018-06-28T09:00:00.0;4.706858245264337
2018-06-28T10:00:00.0;4.528108441668626
2018-06-28T11:00:00.0;3.905094064970033
2018-06-28T12:00:00.0;2.917855246257567
2018-06-28T13:00:00.0;3.1432339148131083
2018-06-28T14:00:00.0;3.6127870557782837
2018-06-28T15:00:00.0;3.5875975921276493
2018-06-28T16:00:00.0;4.350920166562758
2018-06-28T17:00:00.0;4.557484698020974
2018-06-28T18:00:00.0;4.652668801323601
2018-06-28T19:00:00.0;4.769053684729691
2018-06-28T20:00:00.0;4.803968472467743
2018-06-28T21:00:00.0;4.812947328418889
2018-06-28T22:00:00.0;4.678363820557038
2018-06-28T23:00:00.0;4.594537668310546
2018-06-29T00:00:00.0;4.196824364899958
2018-06-29T01:00:00.0;4.278359573489959
2018-06-29T02:00:00.0;4.268526703007188
2018-06-29T03:00:00.0;4.314214878059404
2018-06-29T04:00:00.0;4.300954055271668
2018-06-29T05:00:00.0;4.296927058483429
2018-06-29T06:00:00.0;4.461302096158298
2018-06-29T07:00:00.0;4.618987381866445
2018-06-29T08:00:00.0;4.651239609356362
2018-06-29T09:00:00.0;4.635668153671488
2018-06-29T10:00:00.0;4.4135085815616355
2018-06-29T11:00:00.0;3.7606484812542216
2018-06-29T12:00:00.0;2.79950831400447
2018-06-29T13:00:00.0;3.0302199584214424
2018-06-29T14:00:00.0;3.4852550803602926
2018-06-29T15:00:00.0;3.4537936270794276
2018-06-29T16:00:00.0;4.2094492696212775
2018-06-29T17:00:00.0;4.450018924007591
2018-06-29T18:00:00.0;4.568318688460475
2018-06-29T19:00:00.0;4.712967887382292
2018-06-29T20:00:00.0;4.756361805295262
2018-06-29T21:00:00.0;4.767521195437328
2018-06-29T22:00:00.0;4.600253797553888
2018-06-29T23:00:00.0;4.509271945041065
2018-06-30T00:00:00.0;2.350872905313345
2018-06-30T01:00:00.0;2.0044977437273017
2018-06-30T02:00:00.0;1.9636818675802707
2018-06-30T03:00:00.0;2.153331766618757
2018-06-30T04:00:00.0;2.0982865891743434
2018-06-30T05:00:00.0;2.081570676721202
2018-06-30T06:00:00.0;2.763885285782638
2018-06-30T07:00:00.0;3.418430985632187
2018-06-30T08:00:00.0;3.5523087708629886
2018-06-30T09:00:00.0;3.4876722430273897
2018-06-30T10:00:00.0;2.5654962013511184
2018-06-30T11:00:00.0;1.5688044470027873
2018-06-30T12:00:00.0;1.1122422307930937
2018-06-30T13:00:00.0;1.2039037674895934
2018-06-30T14:00:00.0;1.3846888277027296
2018-06-30T15:00:00.0;1.3721892195372345
2018-06-30T16:00:00.0;1.946408623954859
2018-06-30T17:00:00.0;2.717049261871054
2018-06-30T18:00:00.0;3.208107141927031
2018-06-30T19:00:00.0;3.8085405350351174
2018-06-30T20:00:00.0;3.9886670588385535
2018-06-30T21:00:00.0;4.034989268280156
2018-06-30T22:00:00.0;3.3406685806018808
2018-06-30T23:00:00.0;2.9630063272142184
2018-07-01T00:00:00.0;1.1340256102864532
2018-07-01T01:00:00.0;0.5055728383935371
2018-07-01T02:00:00.0;0.4443330304911174
2018-07-01T03:00:00.0;0.7288821932726118
2018-07-01T04:00:00.0;0.6462928576790942
2018-07-01T05:00:00.0;0.6212124388769511
2018-07-01T06:00:00.0;1.6449517171278323
2018-07-01T07:00:00.0;2.6270267503268623
2018-07-01T08:00:00.0;2.8278958881202545
2018-07-01T09:00:00.0;2.7309157685738104
2018-07-01T10:00:00.0;1.347290351811084
2018-07-01T11:00:00.0;0.12394549887152187
2018-07-01T12:00:00.0;0.0
2018-07-01T13:00:00.0;0.0
2018-07-01T14:00:00.0;0.0
2018-07-01T15:00:00.0;0.0
2018-07-01T16:00:00.0;0.4546170202732655
2018-07-01T17:00:00.0;1.5746793285864848
2018-07-01T18:00:00.0;2.311458569469861
2018-07-01T19:00:00.0;3.2123439386747483
2018-07-01T20:00:00.0;3.482604306873558
2018-07-01T21:00:00.0;3.5521057723719482
2018-07-01T22:00:00.0;2.510352671619554
2018-07-01T23:00:00.0;1.9437113047616519
2018-07-02T00:00:00.0;3.6462012794596017
2018-07-02T01:00:00.0;3.600096442535609
2018-07-02T02:00:00.0;3.581021748229967
2018-07-02T03:00:00.0;3.6696518155161124
2018-07-02T04:00:00.0;3.643927268308805
2018-07-02T05:00:00.0;3.636115334566771
2018-07-02T06:00:00.0;3.9549849465098026
2018-07-02T07:00:00.0;4.260877170621941
2018-07-02T08:00:00.0;4.323442967773877
2018-07-02T09:00:00.0;4.293236045227357
2018-07-02T10:00:00.0;3.8622707505563905
2018-07-02T11:00:00.0;3.1068501819133307
2018-07-02T12:00:00.0;2.296218993003166
2018-07-02T13:00:00.0;2.4854538158351294
2018-07-02T14:00:00.0;2.858683744909679
2018-07-02T15:00:00.0;2.8328783610822357
2018-07-02T16:00:00.0;3.534413955814689
2018-07-02T17:00:00.0;3.9330968254417704
2018-07-02T18:00:00.0;4.162585441947282
2018-07-02T19:00:00.0;4.4431890821380975
2018-07-02T20:00:00.0;4.527368541265986
2018-07-02T21:00:00.0;4.54901653876278
2018-07-02T22:00:00.0;4.224536064061323
2018-07-02T23:00:00.0;4.048041211710285
2018-07-03T00:00:00.0;4.16153812905423
2018-07-03T01:00:00.0;4.234893628386736
2018-07-03T02:00:00.0;4.224468503086321
2018-07-03T03:00:00.0;4.272908574630156
2018-07-03T04:00:00.0;4.258849024126468
2018-07-03T05:00:00.0;4.254579472709582
2018-07-03T06:00:00.0;4.428855170434242
2018-07-03T07:00:00.0;4.596038178124594
2018-07-03T08:00:00.0;4.630233026250485
2018-07-03T09:00:00.0;4.613723668488767
2018-07-03T10:00:00.0;4.37818295024274
2018-07-03T11:00:00.0;3.7187503451315256
2018-07-03T12:00:00.0;2.7672554242345364
2018-07-03T13:00:00.0;2.995309060029496
2018-07-03T14:00:00.0;3.445101762234879
2018-07-03T15:00:00.0;3.4140027735981064
2018-07-03T16:00:00.0;4.166190176573761
2018-07-03T17:00:00.0;4.416892388694828
2018-07-03T18:00:00.0;4.5423176009552755
2018-07-03T19:00:00.0;4.695679330473327
2018-07-03T20:00:00.0;4.741686956863947
2018-07-03T21:00:00.0;4.7535185009396175
2018-07-03T22:00:00.0;4.576176229965456
2018-07-03T23:00:00.0;4.479714345903004
2018-07-04T00:00:00.0;4.204937533805723
2018-07-04T01:00:00.0;4.452957634047683
2018-07-04T02:00:00.0;4.480669964103251
2018-07-04T03:00:00.0;4.555520612101204
2018-07-04T04:00:00.0;4.782739767322285
2018-07-04T05:00:00.0;4.999999981971642
2018-07-04T06:00:00.0;4.999999981971626
2018-07-04T07:00:00.0;4.999999981971623
2018-07-04T08:00:00.0;4.999999981971624
2018-07-04T09:00:00.0;4.999999981971634
2018-07-04T10:00:00.0;4.999999981971652
2018-07-04T11:00:00.0;4.634015612081094
2018-07-04T12:00:00.0;3.879300827350013
2018-07-04T13:00:00.0;4.064292607450079
2018-07-04T14:00:00.0;4.429153936527084
2018-07-04T15:00:00.0;4.40392716367966
2018-07-04T16:00:00.0;4.951305847054027
2018-07-04T17:00:00.0;4.9999999819716585
2018-07-04T18:00:00.0;4.999999981971638
2018-07-04T19:00:00.0;4.999999981971631
2018-07-04T20:00:00.0;4.999999981971629
2018-07-04T21:00:00.0;4.9999999819716345
2018-07-04T22:00:00.0;4.999999981971634
2018-07-04T23:00:00.0;4.999999981971645
2018-07-05T00:00:00.0;4.393062478607576
2018-07-05T01:00:00.0;4.631091623769716
2018-07-05T02:00:00.0;4.649779957904677
2018-07-05T03:00:00.0;4.700256908677103
2018-07-05T04:00:00.0;4.853486445353403
2018-07-05T05:00:00.0;4.999999982015939
2018-07-05T06:00:00.0;4.999999982015926
2018-07-05T07:00:00.0;4.9999999820159235
2018-07-05T08:00:00.0;4.999999982015924
2018-07-05T09:00:00.0;4.999999982015936
2018-07-05T10:00:00.0;4.999999982015957
2018-07-05T11:00:00.0;4.5761326805176425
2018-07-05T12:00:00.0;3.702054589968299
2018-07-05T13:00:00.0;3.916304085524166
2018-07-05T14:00:00.0;4.338870729622123
2018-07-05T15:00:00.0;4.30965417008559
2018-07-05T16:00:00.0;4.943604536569747
2018-07-05T17:00:00.0;4.9999999820159635
2018-07-05T18:00:00.0;4.99999998201594
2018-07-05T19:00:00.0;4.999999982015932
2018-07-05T20:00:00.0;4.99999998201593
2018-07-05T21:00:00.0;4.999999982015934
2018-07-05T22:00:00.0;4.999999982015932
2018-07-05T23:00:00.0;4.999999982015942
2018-07-06T00:00:00.0;4.006821132792875
2018-07-06T01:00:00.0;4.241242110762169
2018-07-06T02:00:00.0;4.280640622338017
2018-07-06T03:00:00.0;4.366392847961582
2018-07-06T04:00:00.0;4.614439272398802
2018-07-06T05:00:00.0;4.864070870082108
2018-07-06T06:00:00.0;4.913621188515813
2018-07-06T07:00:00.0;4.947066884083665
2018-07-06T08:00:00.0;4.9515476028286
2018-07-06T09:00:00.0;4.949384300669246
2018-07-06T10:00:00.0;4.918520244553113
2018-07-06T11:00:00.0;4.577418018329038
2018-07-06T12:00:00.0;3.9020889169925286
2018-07-06T13:00:00.0;4.040900201454037
2018-07-06T14:00:00.0;4.36608934089341
2018-07-06T15:00:00.0;4.358545772518937
2018-07-06T16:00:00.0;4.856854875682081
2018-07-06T17:00:00.0;4.923592532221704
2018-07-06T18:00:00.0;4.940027613248923
2018-07-06T19:00:00.0;4.960123353217625
2018-07-06T20:00:00.0;4.966151958264195
2018-07-06T21:00:00.0;4.967702303542128
2018-07-06T22:00:00.0;4.944464275553291
2018-07-06T23:00:00.0;4.910012811525422
2018-07-07T00:00:00.0;3.994158041747128
2018-07-07T01:00:00.0;4.028713130187076
2018-07-07T02:00:00.0;4.01547864705323
2018-07-07T03:00:00.0;4.076972326157852
2018-07-07T04:00:00.0;4.059124014636541
2018-07-07T05:00:00.0;4.053703906523923
2018-07-07T06:00:00.0;4.274943336814931
2018-07-07T07:00:00.0;4.487178742317008
2018-07-07T08:00:00.0;4.530588401936973
2018-07-07T09:00:00.0;4.509630110256833
2018-07-07T10:00:00.0;4.210615990701176
2018-07-07T11:00:00.0;3.5200067411698526
2018-07-07T12:00:00.0;2.614263999215443
2018-07-07T13:00:00.0;2.8297093841003127
2018-07-07T14:00:00.0;3.254634693917216
2018-07-07T15:00:00.0;3.2252550545485033
2018-07-07T16:00:00.0;3.960990880089557
2018-07-07T17:00:00.0;4.259756830312416
2018-07-07T18:00:00.0;4.418981569429355
2018-07-07T19:00:00.0;4.613671145256635
2018-07-07T20:00:00.0;4.672076885039034
2018-07-07T21:00:00.0;4.6870967880142596
2018-07-07T22:00:00.0;4.46196440576539
2018-07-07T23:00:00.0;4.339508018825593
2018-07-08T00:00:00.0;3.966706953173137
2018-07-08T01:00:00.0;3.9948985993825596
2018-07-08T02:00:00.0;3.9812033689043784
2018-07-08T03:00:00.0;4.044837898471719
2018-07-08T04:00:00.0;4.026368213070432
2018-07-08T05:00:00.0;4.020759408475024
2018-07-08T06:00:00.0;4.249701102536984
2018-07-08T07:00:00.0;4.469325304297311
2018-07-08T08:00:00.0;4.5142462345264995
2018-07-08T09:00:00.0;4.492558297635752
2018-07-08T10:00:00.0;4.183134254238641
2018-07-08T11:00:00.0;3.4874118945328316
2018-07-08T12:00:00.0;2.589172716095518
2018-07-08T13:00:00.0;2.8025502910152693
2018-07-08T14:00:00.0;3.2233972364219072
2018-07-08T15:00:00.0;3.194299578080965
2018-07-08T16:00:00.0;3.927337270787911
2018-07-08T17:00:00.0;4.233985890646427
2018-07-08T18:00:00.0;4.398753904476768
2018-07-08T19:00:00.0;4.60022143333215
2018-07-08T20:00:00.0;4.660660519579733
2018-07-08T21:00:00.0;4.676203327782011
2018-07-08T22:00:00.0;4.443233151930155
2018-07-08T23:00:00.0;4.316513549380883
2018-07-09T00:00:00.0;3.949532801899145
2018-07-09T01:00:00.0;4.1341791457876145
2018-07-09T02:00:00.0;4.17223316948207
2018-07-09T03:00:00.0;4.229545729796048
2018-07-09T04:00:00.0;4.431687730616379
2018-07-09T05:00:00.0;4.666771968570269
2018-07-09T06:00:00.0;4.94046858065907
2018-07-09T07:00:00.0;4.999999969005717
2018-07-09T08:00:00.0;4.9999999690057
2018-07-09T09:00:00.0;4.9999999690056995
2018-07-09T10:00:00.0;4.999999969005709
2018-07-09T11:00:00.0;4.9130902621211865
2018-07-09T12:00:00.0;4.602651924025783
2018-07-09T13:00:00.0;4.249793405654587
2018-07-09T14:00:00.0;3.9614060169227705
2018-07-09T15:00:00.0;4.0217909362427235
2018-07-09T16:00:00.0;4.782277732466643
2018-07-09T17:00:00.0;4.322977236765789
2018-07-09T18:00:00.0;4.540061031427414
2018-07-09T19:00:00.0;4.377666428588714
2018-07-09T20:00:00.0;3.8717324569325946
2018-07-09T21:00:00.0;3.6728649274363443
2018-07-09T22:00:00.0;3.1607387076495628
2018-07-09T23:00:00.0;2.7503569542174695
2018-07-10T00:00:00.0;2.96845383136436
2018-07-10T01:00:00.0;2.847710332359352
2018-07-10T02:00:00.0;3.0244992265431523
2018-07-10T03:00:00.0;3.1948526127149424
2018-07-10T04:00:00.0;3.25350939782218
2018-07-10T05:00:00.0;3.398303113705679
2018-07-10T06:00:00.0;3.5325828479046644
2018-07-10T07:00:00.0;4.132029169029239
2018-07-10T08:00:00.0;4.602913748646511
2018-07-10T09:00:00.0;4.585184639751524
2018-07-10T10:00:00.0;4.3322416056699735
2018-07-10T11:00:00.0;3.8732570776860316
2018-07-10T12:00:00.0;3.3352363726317797
2018-07-10T13:00:00.0;3.4307878901820588
2018-07-10T14:00:00.0;3.6799865176922357
2018-07-10T15:00:00.0;3.680408719323869
2018-07-10T16:00:00.0;4.137738112023771
2018-07-10T17:00:00.0;4.373810990711218
2018-07-10T18:00:00.0;4.50850291988477
2018-07-10T19:00:00.0;4.673195383528235
2018-07-10T20:00:00.0;4.722602164219035
2018-07-10T21:00:00.0;4.735307851280951
2018-07-10T22:00:00.0;4.359096378183802
2018-07-10T23:00:00.0;4.07236412627778
2018-07-11T00:00:00.0;3.9963415876574566
2018-07-11T01:00:00.0;4.230609557294188
2018-07-11T02:00:00.0;4.2676630256213794
2018-07-11T03:00:00.0;4.3532647861842495
2018-07-11T04:00:00.0;4.622153968585003
2018-07-11T05:00:00.0;4.892678897686025
2018-07-11T06:00:00.0;4.980857541163126
2018-07-11T07:00:00.0;4.999999977759205
2018-07-11T08:00:00.0;4.9999999777592
2018-07-11T09:00:00.0;4.999999977759206
2018-07-11T10:00:00.0;4.999999977759219
2018-07-11T11:00:00.0;4.762890827048969
2018-07-11T12:00:00.0;4.231742881196781
2018-07-11T13:00:00.0;4.223634248601305
2018-07-11T14:00:00.0;4.338872096928897
2018-07-11T15:00:00.0;4.3438637440717365
2018-07-11T16:00:00.0;4.901902464857201
2018-07-11T17:00:00.0;4.781450155561158
2018-07-11T18:00:00.0;4.851527011870553
2018-07-11T19:00:00.0;4.799104382782601
2018-07-11T20:00:00.0;4.635783752198187
2018-07-11T21:00:00.0;4.571587291514251
2018-07-11T22:00:00.0;4.406267740268067
2018-07-11T23:00:00.0;4.273933920137645
2018-07-12T00:00:00.0;4.145850063436276
2018-07-12T01:00:00.0;4.215568909198581
2018-07-12T02:00:00.0;4.2048804706764775
2018-07-12T03:00:00.0;4.254544020205415
2018-07-12T04:00:00.0;4.240129359769527
2018-07-12T05:00:00.0;4.235751969904053
2018-07-12T06:00:00.0;4.414429446418642
2018-07-12T07:00:00.0;4.585835088858968
2018-07-12T08:00:00.0;4.620893615393096
2018-07-12T09:00:00.0;4.603967271546802
2018-07-12T10:00:00.0;4.362477369614945
2018-07-12T11:00:00.0;3.7001226651591836
2018-07-12T12:00:00.0;2.752915967532736
2018-07-12T13:00:00.0;2.9797878673710025
2018-07-12T14:00:00.0;3.427249818709814
2018-07-12T15:00:00.0;3.396311979852394
2018-07-12T16:00:00.0;4.146957422667404
2018-07-12T17:00:00.0;4.40216451400867
2018-07-12T18:00:00.0;4.530757661019968
2018-07-12T19:00:00.0;4.687992933533359
2018-07-12T20:00:00.0;4.735162600281099
2018-07-12T21:00:00.0;4.747292980284236
2018-07-12T22:00:00.0;4.565471476364095
2018-07-12T23:00:00.0;4.466573200533621
2018-07-13T00:00:00.0;4.623000091433558
2018-07-13T01:00:00.0;4.815061922145443
2018-07-13T02:00:00.0;4.8150490283724094
2018-07-13T03:00:00.0;4.829624809094608
2018-07-13T04:00:00.0;4.843141649242268
2018-07-13T05:00:00.0;4.85781588815522
2018-07-13T06:00:00.0;4.891057839328829
2018-07-13T07:00:00.0;4.922946906199649
2018-07-13T08:00:00.0;4.929469350158452
2018-07-13T09:00:00.0;4.926320297985452
2018-07-13T10:00:00.0;4.8813924442596885
2018-07-13T11:00:00.0;4.328256760234324
2018-07-13T12:00:00.0;3.2654987370607365
2018-07-13T13:00:00.0;3.52500997983781
2018-07-13T14:00:00.0;4.03684686739493
2018-07-13T15:00:00.0;4.001458099475899
2018-07-13T16:00:00.0;4.784096960918956
2018-07-13T17:00:00.0;4.888776016839134
2018-07-13T18:00:00.0;4.912700056945318
2018-07-13T19:00:00.0;4.941952805269374
2018-07-13T20:00:00.0;4.95072845953476
2018-07-13T21:00:00.0;4.952985249297229
2018-07-13T22:00:00.0;4.91915836930358
2018-07-13T23:00:00.0;4.900758894896172
2018-07-14T00:00:00.0;3.919851598658883
2018-07-14T01:00:00.0;3.937181695941437
2018-07-14T02:00:00.0;3.9227000310709665
2018-07-14T03:00:00.0;3.9899887074355194
2018-07-14T04:00:00.0;3.97045841952466
2018-07-14T05:00:00.0;3.964527535148231
2018-07-14T06:00:00.0;4.206615968312264
2018-07-14T07:00:00.0;4.4388518618523465
2018-07-14T08:00:00.0;4.486352329864573
2018-07-14T09:00:00.0;4.463418985713548
2018-07-14T10:00:00.0;4.136226587857812
2018-07-14T11:00:00.0;3.4317768296282525
2018-07-14T12:00:00.0;2.546345235406264
2018-07-14T13:00:00.0;2.7561933339366704
2018-07-14T14:00:00.0;3.170079054116621
2018-07-14T15:00:00.0;3.1414626998590074
2018-07-14T16:00:00.0;3.8698950389338767
2018-07-14T17:00:00.0;4.189998326693885
2018-07-14T18:00:00.0;4.36422797266192
2018-07-14T19:00:00.0;4.577264565205128
2018-07-14T20:00:00.0;4.641174303234687
2018-07-14T21:00:00.0;4.657609641061969
2018-07-14T22:00:00.0;4.411261394723486
2018-07-14T23:00:00.0;4.277265050553777
2018-07-15T00:00:00.0;3.3305289447593234
2018-07-15T01:00:00.0;3.2112480419672806
2018-07-15T02:00:00.0;3.186875008052937
2018-07-15T03:00:00.0;3.3001236715010855
2018-07-15T04:00:00.0;3.267253668371892
2018-07-15T05:00:00.0;3.257271829450633
2018-07-15T06:00:00.0;3.6647132144401096
2018-07-15T07:00:00.0;4.055572508589554
2018-07-15T08:00:00.0;4.1355170818250535
2018-07-15T09:00:00.0;4.096919642942028
2018-07-15T10:00:00.0;3.54624598208999
2018-07-15T11:00:00.0;2.7320274746326234
2018-07-15T12:00:00.0;2.0076831157557726
2018-07-15T13:00:00.0;2.173139267747563
2018-07-15T14:00:00.0;2.4994702619519407
2018-07-15T15:00:00.0;2.4769075039729227
2018-07-15T16:00:00.0;3.147416063519556
2018-07-15T17:00:00.0;3.6367452738501043
2018-07-15T18:00:00.0;3.929978483432433
2018-07-15T19:00:00.0;4.28852483438688
2018-07-15T20:00:00.0;4.396086653168345
2018-07-15T21:00:00.0;4.423747771543959
2018-07-15T22:00:00.0;4.00913700569267
2018-07-15T23:00:00.0;3.783617531926485
2018-07-16T00:00:00.0;4.427465945080045
2018-07-16T01:00:00.0;4.613937584741695
2018-07-16T02:00:00.0;4.619673591775118
2018-07-16T03:00:00.0;4.656691426955043
2018-07-16T04:00:00.0;4.723791461750802
2018-07-16T05:00:00.0;4.790528457463134
2018-07-16T06:00:00.0;4.839501883392794
2018-07-16T07:00:00.0;4.886482183863361
2018-07-16T08:00:00.0;4.896091319753986
2018-07-16T09:00:00.0;4.891452005035729
2018-07-16T10:00:00.0;4.825262421123323
2018-07-16T11:00:00.0;4.3045950756740465
2018-07-16T12:00:00.0;3.3456528644130246
2018-07-16T13:00:00.0;3.579250459665465
2018-07-16T14:00:00.0;4.039977574280477
2018-07-16T15:00:00.0;4.008122572561212
2018-07-16T16:00:00.0;4.721070585746827
2018-07-16T17:00:00.0;4.836140207536253
2018-07-16T18:00:00.0;4.871386099089367
2018-07-16T19:00:00.0;4.914482465358765
2018-07-16T20:00:00.0;4.927411124446967
2018-07-16T21:00:00.0;4.930735921047921
2018-07-16T22:00:00.0;4.880900753637063
2018-07-16T23:00:00.0;4.853793882192307
2018-07-17T00:00:00.0;4.487782557166264
2018-07-17T01:00:00.0;4.667755964293218
2018-07-17T02:00:00.0;4.690586312984798
2018-07-17T03:00:00.0;4.69105517206904
2018-07-17T04:00:00.0;4.6704289668877985
2018-07-17T05:00:00.0;4.68377421115024
2018-07-17T06:00:00.0;4.80578381912877
2018-07-17T07:00:00.0;4.884713692754112
2018-07-17T08:00:00.0;4.894472529048812
2018-07-17T09:00:00.0;4.889760938602969
2018-07-17T10:00:00.0;4.822540189394316
2018-07-17T11:00:00.0;4.293135829311603
2018-07-17T12:00:00.0;3.249155168347795
2018-07-17T13:00:00.0;3.4331135198450866
2018-07-17T14:00:00.0;3.935023158154561
2018-07-17T15:00:00.0;3.9407405707344236
2018-07-17T16:00:00.0;4.7166419228991145
2018-07-17T17:00:00.0;4.8335874404750365
2018-07-17T18:00:00.0;4.869382426584371
2018-07-17T19:00:00.0;4.913150189690927
2018-07-17T20:00:00.0;4.926280263923186
2018-07-17T21:00:00.0;4.929656857418298
2018-07-17T22:00:00.0;4.87904530961449
2018-07-17T23:00:00.0;4.792506371263121
2018-07-18T00:00:00.0;4.340287066252263
2018-07-18T01:00:00.0;4.580259681012076
2018-07-18T02:00:00.0;4.601284254046339
2018-07-18T03:00:00.0;4.6584433029827865
2018-07-18T04:00:00.0;4.831174941892166
2018-07-18T05:00:00.0;4.996380356252293
2018-07-18T06:00:00.0;4.9972266071877804
2018-07-18T07:00:00.0;4.998038417316814
2018-07-18T08:00:00.0;4.998204461249467
2018-07-18T09:00:00.0;4.998124294825629
2018-07-18T10:00:00.0;4.9969805521480035
2018-07-18T11:00:00.0;4.587861599399001
2018-07-18T12:00:00.0;3.746179714443659
2018-07-18T13:00:00.0;3.9524633061658814
2018-07-18T14:00:00.0;4.359318710237545
2018-07-18T15:00:00.0;4.331188437056152
2018-07-18T16:00:00.0;4.941944009450333
2018-07-18T17:00:00.0;4.997168518106147
2018-07-18T18:00:00.0;4.997777560012692
2018-07-18T19:00:00.0;4.9985222565410545
2018-07-18T20:00:00.0;4.998745661165917
2018-07-18T21:00:00.0;4.9988031129814825
2018-07-18T22:00:00.0;4.997941971326763
2018-07-18T23:00:00.0;4.9974735700482595
2018-07-19T00:00:00.0;4.395357097346769
2018-07-19T01:00:00.0;4.620055665945695
2018-07-19T02:00:00.0;4.635632032504173
2018-07-19T03:00:00.0;4.683420764403279
2018-07-19T04:00:00.0;4.816465172132784
2018-07-19T05:00:00.0;4.944363002987154
2018-07-19T06:00:00.0;4.95737065869192
2018-07-19T07:00:00.0;4.969848927504595
2018-07-19T08:00:00.0;4.972401175563884
2018-07-19T09:00:00.0;4.971168943850149
2018-07-19T10:00:00.0;4.953588566279448
2018-07-19T11:00:00.0;4.5061160806945155
2018-07-19T12:00:00.0;3.6138394507622467
2018-07-19T13:00:00.0;3.8321636578868037
2018-07-19T14:00:00.0;4.262766900571753
2018-07-19T15:00:00.0;4.232994684869814
2018-07-19T16:00:00.0;4.884778233412517
2018-07-19T17:00:00.0;4.956477776045841
2018-07-19T18:00:00.0;4.965839310666442
2018-07-19T19:00:00.0;4.977285981670511
2018-07-19T20:00:00.0;4.980719916359606
2018-07-19T21:00:00.0;4.981603003639141
2018-07-19T22:00:00.0;4.96836646387569
2018-07-19T23:00:00.0;4.9611667051434125
2018-07-20T00:00:00.0;4.071428814605769
2018-07-20T01:00:00.0;4.264070768732407
2018-07-20T02:00:00.0;4.283990247766955
2018-07-20T03:00:00.0;4.364830942473196
2018-07-20T04:00:00.0;4.553364844988597
2018-07-20T05:00:00.0;4.73687362372843
2018-07-20T06:00:00.0;4.798391289392233
2018-07-20T07:00:00.0;4.857405302855056
2018-07-20T08:00:00.0;4.869475759389719
2018-07-20T09:00:00.0;4.86364811294005
2018-07-20T10:00:00.0;4.7805044770547696
2018-07-20T11:00:00.0;4.347300510482829
2018-07-20T12:00:00.0;3.598113978779577
2018-07-20T13:00:00.0;3.779925080316792
2018-07-20T14:00:00.0;4.138513121968915
2018-07-20T15:00:00.0;4.113720088693933
2018-07-20T16:00:00.0;4.67900580781684
2018-07-20T17:00:00.0;4.794168541085616
2018-07-20T18:00:00.0;4.8384424494640506
2018-07-20T19:00:00.0;4.892577683035291
2018-07-20T20:00:00.0;4.908817938075069
2018-07-20T21:00:00.0;4.912994360733175
2018-07-20T22:00:00.0;4.850394223844975
2018-07-20T23:00:00.0;4.816344095166509
2018-07-21T00:00:00.0;3.060452633077103
2018-07-21T01:00:00.0;2.877988019705541
2018-07-21T02:00:00.0;2.8483455508132693
2018-07-21T03:00:00.0;2.9829805320734866
2018-07-21T04:00:00.0;2.9456711356801684
2018-07-21T05:00:00.0;2.934958249584173
2018-07-21T06:00:00.0;3.42038369727902
2018-07-21T07:00:00.0;3.8827620574629305
2018-07-21T08:00:00.0;3.9773348135199953
2018-07-21T09:00:00.0;3.9316748515716196
2018-07-21T10:00:00.0;3.280239442173668
2018-07-21T11:00:00.0;2.4223974446817027
2018-07-21T12:00:00.0;1.7827843770343714
2018-07-21T13:00:00.0;1.9178208565852755
2018-07-21T14:00:00.0;2.1877485115643434
2018-07-21T15:00:00.0;2.168160504999314
2018-07-21T16:00:00.0;2.8172447685651867
2018-07-21T17:00:00.0;3.3702032710445073
2018-07-21T18:00:00.0;3.722573419955813
2018-07-21T19:00:00.0;4.142625753877628
2018-07-21T20:00:00.0;4.257094214978179
2018-07-21T21:00:00.0;4.2847953001165475
2018-07-21T22:00:00.0;3.7813881728496357
2018-07-21T23:00:00.0;3.5070825583682828
2018-07-22T00:00:00.0;3.450240932047531
2018-07-22T01:00:00.0;3.3587104885262202
2018-07-22T02:00:00.0;3.336346736687507
2018-07-22T03:00:00.0;3.440259323619487
2018-07-22T04:00:00.0;3.410099081956408
2018-07-22T05:00:00.0;3.4009401332053586
2018-07-22T06:00:00.0;3.7747925659697463
2018-07-22T07:00:00.0;4.133429914480908
2018-07-22T08:00:00.0;4.206783958256246
2018-07-22T09:00:00.0;4.171368443395707
2018-07-22T10:00:00.0;3.666091622352792
2018-07-22T11:00:00.0;2.8741709767292614
2018-07-22T12:00:00.0;2.11710418143778
2018-07-22T13:00:00.0;2.2915778862159177
2018-07-22T14:00:00.0;2.6356942992798196
2018-07-22T15:00:00.0;2.611901844739918
2018-07-22T16:00:00.0;3.29417674435966
2018-07-22T17:00:00.0;3.749130267012924
2018-07-22T18:00:00.0;4.018189701838116
2018-07-22T19:00:00.0;4.347177945304292
2018-07-22T20:00:00.0;4.445872503848096
2018-07-22T21:00:00.0;4.471253274625651
2018-07-22T22:00:00.0;4.090822495685966
2018-07-22T23:00:00.0;3.8838945619773906
2018-07-23T00:00:00.0;4.3679893193426915
2018-07-23T01:00:00.0;4.607350051914405
2018-07-23T02:00:00.0;4.62724109782776
2018-07-23T03:00:00.0;4.680966557685748
2018-07-23T04:00:00.0;4.844057378263954
2018-07-23T05:00:00.0;4.999999982010035
2018-07-23T06:00:00.0;4.999999982010022
2018-07-23T07:00:00.0;4.999999982010019
2018-07-23T08:00:00.0;4.99999998201002
2018-07-23T09:00:00.0;4.999999982010031
2018-07-23T10:00:00.0;4.999999982010053
2018-07-23T11:00:00.0;4.583847276598122
2018-07-23T12:00:00.0;3.7256778428210993
2018-07-23T13:00:00.0;3.9360278908043833
2018-07-23T14:00:00.0;4.350903611428716
2018-07-23T15:00:00.0;4.322218807833397
2018-07-23T16:00:00.0;4.944630961770956
2018-07-23T17:00:00.0;4.999999982010059
2018-07-23T18:00:00.0;4.999999982010036
2018-07-23T19:00:00.0;4.999999982010028
2018-07-23T20:00:00.0;4.999999982010026
2018-07-23T21:00:00.0;4.99999998201003
2018-07-23T22:00:00.0;4.999999982010028
2018-07-23T23:00:00.0;4.9999999820100385
2018-07-24T00:00:00.0;4.659867394621293
2018-07-24T01:00:00.0;4.88372704230517
2018-07-24T02:00:00.0;4.8896172518945455
2018-07-24T03:00:00.0;4.905526632438312
2018-07-24T04:00:00.0;4.9538216853728665
2018-07-24T05:00:00.0;4.999999982078763
2018-07-24T06:00:00.0;4.999999982078754
2018-07-24T07:00:00.0;4.9999999820787515
2018-07-24T08:00:00.0;4.999999982078753
2018-07-24T09:00:00.0;4.999999982078766
2018-07-24T10:00:00.0;4.9999999820787915
2018-07-24T11:00:00.0;4.49404122416835
2018-07-24T12:00:00.0;3.4506782106785403
2018-07-24T13:00:00.0;3.7064219499837434
2018-07-24T14:00:00.0;4.210828148872938
2018-07-24T15:00:00.0;4.175953144074817
2018-07-24T16:00:00.0;4.9326822875340435
2018-07-24T17:00:00.0;4.9999999820787995
2018-07-24T18:00:00.0;4.999999982078771
2018-07-24T19:00:00.0;4.999999982078762
2018-07-24T20:00:00.0;4.999999982078759
2018-07-24T21:00:00.0;4.999999982078761
2018-07-24T22:00:00.0;4.999999982078759
2018-07-24T23:00:00.0;4.999999982078766
2018-07-25T00:00:00.0;4.633377979962148
2018-07-25T01:00:00.0;4.858644429663849
2018-07-25T02:00:00.0;4.865805286110158
2018-07-25T03:00:00.0;4.88514666751518
2018-07-25T04:00:00.0;4.943860018183557
2018-07-25T05:00:00.0;4.999999982072525
2018-07-25T06:00:00.0;4.9999999820725165
2018-07-25T07:00:00.0;4.999999982072513
2018-07-25T08:00:00.0;4.999999982072516
2018-07-25T09:00:00.0;4.999999982072528
2018-07-25T10:00:00.0;4.999999982072553
2018-07-25T11:00:00.0;4.502191578590971
2018-07-25T12:00:00.0;3.475635821077963
2018-07-25T13:00:00.0;3.727259852826551
2018-07-25T14:00:00.0;4.223540707045284
2018-07-25T15:00:00.0;4.189227494380155
2018-07-25T16:00:00.0;4.9337666902805895
2018-07-25T17:00:00.0;4.999999982072561
2018-07-25T18:00:00.0;4.999999982072533
2018-07-25T19:00:00.0;4.999999982072524
2018-07-25T20:00:00.0;4.999999982072521
2018-07-25T21:00:00.0;4.999999982072524
2018-07-25T22:00:00.0;4.999999982072521
2018-07-25T23:00:00.0;4.999999982072528
2018-07-26T00:00:00.0;4.698708466711956
2018-07-26T01:00:00.0;4.918706473790367
2018-07-26T02:00:00.0;4.9371260558946375
2018-07-26T03:00:00.0;4.9275931882256865
2018-07-26T04:00:00.0;4.915734561459094
2018-07-26T05:00:00.0;4.926129907196959
2018-07-26T06:00:00.0;4.9777173303316005
2018-07-26T07:00:00.0;4.999999981250589
2018-07-26T08:00:00.0;4.99999998125059
2018-07-26T09:00:00.0;4.9999999812506015
2018-07-26T10:00:00.0;4.999999981250629
2018-07-26T11:00:00.0;4.49005953350073
2018-07-26T12:00:00.0;3.3893708671672726
2018-07-26T13:00:00.0;3.6088722401250926
2018-07-26T14:00:00.0;4.1410748796453705
2018-07-26T15:00:00.0;4.13312899023849
2018-07-26T16:00:00.0;4.932152523802892
2018-07-26T17:00:00.0;4.999999981250636
2018-07-26T18:00:00.0;4.999999981250607
2018-07-26T19:00:00.0;4.999999981250599
2018-07-26T20:00:00.0;4.999999981250595
2018-07-26T21:00:00.0;4.999999981250601
2018-07-26T22:00:00.0;4.999999981250595
2018-07-26T23:00:00.0;4.9578797922611075
2018-07-27T00:00:00.0;4.123496205014664
2018-07-27T01:00:00.0;4.291122183169117
2018-07-27T02:00:00.0;4.372465010634916
2018-07-27T03:00:00.0;4.348934261820978
2018-07-27T04:00:00.0;4.287605561929597
2018-07-27T05:00:00.0;4.334208718511662
2018-07-27T06:00:00.0;4.6497928477902075
2018-07-27T07:00:00.0;4.82575017094863
2018-07-27T08:00:00.0;4.840500193433958
2018-07-27T09:00:00.0;4.833378845875773
2018-07-27T10:00:00.0;4.731777842193868
2018-07-27T11:00:00.0;4.295649897335699
2018-07-27T12:00:00.0;3.34354606168654
2018-07-27T13:00:00.0;3.340308907149543
2018-07-27T14:00:00.0;3.796582247328278
2018-07-27T15:00:00.0;3.899487764883098
2018-07-27T16:00:00.0;4.620153274156585
2018-07-27T17:00:00.0;4.748475243084812
2018-07-27T18:00:00.0;4.8025776825592725
2018-07-27T19:00:00.0;4.868730599819014
2018-07-27T20:00:00.0;4.888576090030298
2018-07-27T21:00:00.0;4.893679652429828
2018-07-27T22:00:00.0;4.817182676194115
2018-07-27T23:00:00.0;4.579283316922475
2018-07-28T00:00:00.0;1.9732156087148618
2018-07-28T01:00:00.0;1.6198550610310332
2018-07-28T02:00:00.0;1.580838427793008
2018-07-28T03:00:00.0;1.8066064520529812
2018-07-28T04:00:00.0;1.8815188374132976
2018-07-28T05:00:00.0;1.9853168238261303
2018-07-28T06:00:00.0;2.718922686307661
2018-07-28T07:00:00.0;3.4144767064400794
2018-07-28T08:00:00.0;3.548689216182671
2018-07-28T09:00:00.0;3.4838910825198846
2018-07-28T10:00:00.0;2.5594093937580533
2018-07-28T11:00:00.0;1.6940377150370662
2018-07-28T12:00:00.0;1.5122745083802531
2018-07-28T13:00:00.0;1.4915933994092025
2018-07-28T14:00:00.0;1.4725134120728423
2018-07-28T15:00:00.0;1.4682446084436092
2018-07-28T16:00:00.0;1.9251309754552526
2018-07-28T17:00:00.0;2.608071080397429
2018-07-28T18:00:00.0;3.133469793381993
2018-07-28T19:00:00.0;3.7106333933391946
2018-07-28T20:00:00.0;3.81403716615118
2018-07-28T21:00:00.0;3.8274550244175582
2018-07-28T22:00:00.0;3.032492753304091
2018-07-28T23:00:00.0;2.5982877828577284
2018-07-29T00:00:00.0;1.8659404012313048
2018-07-29T01:00:00.0;1.4103724694065385
2018-07-29T02:00:00.0;1.367618532213743
2018-07-29T03:00:00.0;1.5914730259530485
2018-07-29T04:00:00.0;1.5702921325505816
2018-07-29T05:00:00.0;1.6271338319072868
2018-07-29T06:00:00.0;2.464799197770229
2018-07-29T07:00:00.0;3.2068920660515947
2018-07-29T08:00:00.0;3.3586763488968057
2018-07-29T09:00:00.0;3.285394519456484
2018-07-29T10:00:00.0;2.239875063771097
2018-07-29T11:00:00.0;1.2553141770800382
2018-07-29T12:00:00.0;1.059619581716434
2018-07-29T13:00:00.0;0.9906588650951293
2018-07-29T14:00:00.0;0.9113835498046767
2018-07-29T15:00:00.0;0.9381031163769792
2018-07-29T16:00:00.0;1.5001672528975487
2018-07-29T17:00:00.0;2.2166234321686122
2018-07-29T18:00:00.0;2.83591143956153
2018-07-29T19:00:00.0;3.4698624464112626
2018-07-29T20:00:00.0;3.5283030554624455
2018-07-29T21:00:00.0;3.523519884805676
2018-07-29T22:00:00.0;2.5887695061489757
2018-07-29T23:00:00.0;2.074771929492801
2018-07-30T00:00:00.0;3.512184394439579
2018-07-30T01:00:00.0;3.6530682379178243
2018-07-30T02:00:00.0;3.6813008124168247
2018-07-30T03:00:00.0;3.8198529926511555
2018-07-30T04:00:00.0;4.109421284219345
2018-07-30T05:00:00.0;4.393758808458981
2018-07-30T06:00:00.0;4.535495052852014
2018-07-30T07:00:00.0;4.67146290118507
2018-07-30T08:00:00.0;4.6992731433142465
2018-07-30T09:00:00.0;4.68584628921446
2018-07-30T10:00:00.0;4.494283970189473
2018-07-30T11:00:00.0;4.091930442255725
2018-07-30T12:00:00.0;3.594326376952252
2018-07-30T13:00:00.0;3.7120902897619867
2018-07-30T14:00:00.0;3.9443573543949464
2018-07-30T15:00:00.0;3.928298243679497
2018-07-30T16:00:00.0;4.339695549228591
2018-07-30T17:00:00.0;4.525765872143644
2018-07-30T18:00:00.0;4.627772627934025
2018-07-30T19:00:00.0;4.752499803663675
2018-07-30T20:00:00.0;4.78991723055212
2018-07-30T21:00:00.0;4.7995396773106265
2018-07-30T22:00:00.0;4.655309427263236
2018-07-30T23:00:00.0;4.576858183902338
2018-07-31T00:00:00.0;4.782661704771942
2018-07-31T01:00:00.0;4.999999982107699
2018-07-31T02:00:00.0;4.999999982107695
2018-07-31T03:00:00.0;4.999999982107687
2018-07-31T04:00:00.0;4.999999982107685
2018-07-31T05:00:00.0;4.999999982107677
2018-07-31T06:00:00.0;4.99999998210767
2018-07-31T07:00:00.0;4.999999982107667
2018-07-31T08:00:00.0;4.99999998210767
2018-07-31T09:00:00.0;4.999999982107683
2018-07-31T10:00:00.0;4.999999982107711
2018-07-31T11:00:00.0;4.456259447496906
2018-07-31T12:00:00.0;3.334984731172088
2018-07-31T13:00:00.0;3.60982578364734
2018-07-31T14:00:00.0;4.151897824020167
2018-07-31T15:00:00.0;4.114418576043909
2018-07-31T16:00:00.0;4.927655430999047
2018-07-31T17:00:00.0;4.999999982107719
2018-07-31T18:00:00.0;4.999999982107688
2018-07-31T19:00:00.0;4.999999982107679
2018-07-31T20:00:00.0;4.999999982107675
2018-07-31T21:00:00.0;4.999999982107677
2018-07-31T22:00:00.0;4.999999982107674
2018-07-31T23:00:00.0;4.9999999821076795
2018-08-01T00:00:00.0;4.5849321728464965
2018-08-01T01:00:00.0;4.81277148646695
2018-08-01T02:00:00.0;4.822256196170692
2018-08-01T03:00:00.0;4.847874275414625
2018-08-01T04:00:00.0;4.9256413820448
2018-08-01T05:00:00.0;4.999999982061118
2018-08-01T06:00:00.0;4.999999982061108
2018-08-01T07:00:00.0;4.999999982061105
2018-08-01T08:00:00.0;4.999999982061107
2018-08-01T09:00:00.0;4.999999982061119
2018-08-01T10:00:00.0;4.999999982061144
2018-08-01T11:00:00.0;4.517097551537648
2018-08-01T12:00:00.0;3.521280150899369
2018-08-01T13:00:00.0;3.7653697557748522
2018-08-01T14:00:00.0;4.246790376737452
2018-08-01T15:00:00.0;4.213504611211652
2018-08-01T16:00:00.0;4.935749926489122
2018-08-01T17:00:00.0;4.999999982061151
2018-08-01T18:00:00.0;4.999999982061124
2018-08-01T19:00:00.0;4.999999982061116
2018-08-01T20:00:00.0;4.999999982061112
2018-08-01T21:00:00.0;4.999999982061116
2018-08-01T22:00:00.0;4.999999982061113
2018-08-01T23:00:00.0;4.999999982061121
2018-08-02T00:00:00.0;4.732844193225696
2018-08-02T01:00:00.0;4.943081822368956
2018-08-02T02:00:00.0;4.94886895248532
2018-08-02T03:00:00.0;4.949440033861312
2018-08-02T04:00:00.0;4.959985335226054
2018-08-02T05:00:00.0;4.98868966492451
2018-08-02T06:00:00.0;4.999999981538476
2018-08-02T07:00:00.0;4.999999981538473
2018-08-02T08:00:00.0;4.999999981538475
2018-08-02T09:00:00.0;4.999999981538488
2018-08-02T10:00:00.0;4.999999981538518
2018-08-02T11:00:00.0;4.458866789954937
2018-08-02T12:00:00.0;3.35295194485277
2018-08-02T13:00:00.0;3.6199052887656964
2018-08-02T14:00:00.0;4.153553047316398
2018-08-02T15:00:00.0;4.131075279037045
2018-08-02T16:00:00.0;4.92901614298989
2018-08-02T17:00:00.0;4.999999981538523
2018-08-02T18:00:00.0;4.999999981538493
2018-08-02T19:00:00.0;4.999999981538482
2018-08-02T20:00:00.0;4.99999998153848
2018-08-02T21:00:00.0;4.999999981538482
2018-08-02T22:00:00.0;4.99999998153848
2018-08-02T23:00:00.0;4.999999981538486
2018-08-03T00:00:00.0;4.707935437452572
2018-08-03T01:00:00.0;4.914622742499586
2018-08-03T02:00:00.0;4.923303437674133
2018-08-03T03:00:00.0;4.924160059738126
2018-08-03T04:00:00.0;4.9399780117852385
2018-08-03T05:00:00.0;4.9830345063329275
2018-08-03T06:00:00.0;4.999999981253878
2018-08-03T07:00:00.0;4.999999981253875
2018-08-03T08:00:00.0;4.999999981253877
2018-08-03T09:00:00.0;4.999999981253891
2018-08-03T10:00:00.0;4.999999981253921
2018-08-03T11:00:00.0;4.460170461183951
2018-08-03T12:00:00.0;3.36193555169311
2018-08-03T13:00:00.0;3.6249450413248745
2018-08-03T14:00:00.0;4.154380658964514
2018-08-03T15:00:00.0;4.139403630533613
2018-08-03T16:00:00.0;4.929696498985311
2018-08-03T17:00:00.0;4.999999981253925
2018-08-03T18:00:00.0;4.999999981253895
2018-08-03T19:00:00.0;4.999999981253885
2018-08-03T20:00:00.0;4.999999981253882
2018-08-03T21:00:00.0;4.999999981253885
2018-08-03T22:00:00.0;4.9999999812538825
2018-08-03T23:00:00.0;4.99999998125389
2018-08-04T00:00:00.0;3.765272076456719
2018-08-04T01:00:00.0;3.7621030844797128
2018-08-04T02:00:00.0;3.7421129863087463
2018-08-04T03:00:00.0;3.828759464431115
2018-08-04T04:00:00.0;3.854724627191764
2018-08-04T05:00:00.0;3.8884430083996886
2018-08-04T06:00:00.0;4.176113283572458
2018-08-04T07:00:00.0;4.4172777885473975
2018-08-04T08:00:00.0;4.466604473925895
2018-08-04T09:00:00.0;4.44278942748628
2018-08-04T10:00:00.0;4.103017691698044
2018-08-04T11:00:00.0;3.4775859817434305
2018-08-04T12:00:00.0;2.7769101344532943
2018-08-04T13:00:00.0;2.8625496479883803
2018-08-04T14:00:00.0;3.069454149406997
2018-08-04T15:00:00.0;3.045368335034673
2018-08-04T16:00:00.0;3.785524658916949
2018-08-04T17:00:00.0;3.9781101629150504
2018-08-04T18:00:00.0;4.216993743081871
2018-08-04T19:00:00.0;4.394865878050124
2018-08-04T20:00:00.0;4.326162146755903
2018-08-04T21:00:00.0;4.290137159684058
2018-08-04T22:00:00.0;3.8975940104227424
2018-08-04T23:00:00.0;3.678927792397955
2018-08-05T00:00:00.0;3.975401162212086
2018-08-05T01:00:00.0;4.008042555559182
2018-08-05T02:00:00.0;3.9990149828471555
2018-08-05T03:00:00.0;4.059383038856667
2018-08-05T04:00:00.0;4.070692444600116
2018-08-05T05:00:00.0;4.116646030909616
2018-08-05T06:00:00.0;4.355211566795885
2018-08-05T07:00:00.0;4.543951206764196
2018-08-05T08:00:00.0;4.582555149911367
2018-08-05T09:00:00.0;4.563917070102285
2018-08-05T10:00:00.0;4.298005653781953
2018-08-05T11:00:00.0;3.6702228561811343
2018-08-05T12:00:00.0;2.851535835708246
2018-08-05T13:00:00.0;2.9861240996547567
2018-08-05T14:00:00.0;3.2883473321935384
2018-08-05T15:00:00.0;3.2822271500674804
2018-08-05T16:00:00.0;4.037855551549116
2018-08-05T17:00:00.0;4.217378949238562
2018-08-05T18:00:00.0;4.398841443966129
2018-08-05T19:00:00.0;4.542155805475287
2018-08-05T20:00:00.0;4.501186780700249
2018-08-05T21:00:00.0;4.4780241790809665
2018-08-05T22:00:00.0;4.1837693129898685
2018-08-05T23:00:00.0;4.020172645859535
2018-08-06T00:00:00.0;4.55323315705018
2018-08-06T01:00:00.0;4.731992179441175
2018-08-06T02:00:00.0;4.7498905102709905
2018-08-06T03:00:00.0;4.756900576732058
2018-08-06T04:00:00.0;4.7900382396499674
2018-08-06T05:00:00.0;4.8838431755739675
2018-08-06T06:00:00.0;4.9394570169962595
2018-08-06T07:00:00.0;4.957178888021717
2018-08-06T08:00:00.0;4.960803638506797
2018-08-06T09:00:00.0;4.959053599953201
2018-08-06T10:00:00.0;4.9340856185317445
2018-08-06T11:00:00.0;4.386643231071869
2018-08-06T12:00:00.0;3.3338034573160797
2018-08-06T13:00:00.0;3.5777837370217287
2018-08-06T14:00:00.0;4.082410766036181
2018-08-06T15:00:00.0;4.094868784130131
2018-08-06T16:00:00.0;4.8514061859883695
2018-08-06T17:00:00.0;4.938188928342909
2018-08-06T18:00:00.0;4.951484355107412
2018-08-06T19:00:00.0;4.967741131608246
2018-08-06T20:00:00.0;4.972618069954708
2018-08-06T21:00:00.0;4.973872247045063
2018-08-06T22:00:00.0;4.955073465416561
2018-08-06T23:00:00.0;4.9448482332482735
2018-08-07T00:00:00.0;4.648014325730916
2018-08-07T01:00:00.0;4.843451292161162
2018-08-07T02:00:00.0;4.855403089392643
2018-08-07T03:00:00.0;4.8586672843236105
2018-08-07T04:00:00.0;4.888992807113718
2018-08-07T05:00:00.0;4.962595349972762
2018-08-07T06:00:00.0;4.999999979951373
2018-08-07T07:00:00.0;4.999999979951367
2018-08-07T08:00:00.0;4.999999979951369
2018-08-07T09:00:00.0;4.999999979951382
2018-08-07T10:00:00.0;4.999999979951412
2018-08-07T11:00:00.0;4.479108165563083
2018-08-07T12:00:00.0;3.42948189871391
2018-08-07T13:00:00.0;3.655789547216661
2018-08-07T14:00:00.0;4.129734328218302
2018-08-07T15:00:00.0;4.12980470912852
2018-08-07T16:00:00.0;4.918601697077617
2018-08-07T17:00:00.0;4.952103350957845
2018-08-07T18:00:00.0;4.967461154290392
2018-08-07T19:00:00.0;4.955972390808263
2018-08-07T20:00:00.0;4.920179601908125
2018-08-07T21:00:00.0;4.906110525899948
2018-08-07T22:00:00.0;4.8698796604076575
2018-08-07T23:00:00.0;4.848807870613852
2018-08-08T00:00:00.0;4.1777929460724055
2018-08-08T01:00:00.0;4.348695022601877
2018-08-08T02:00:00.0;4.429998741193592
2018-08-08T03:00:00.0;4.410129085046673
2018-08-08T04:00:00.0;4.354523839308061
2018-08-08T05:00:00.0;4.399317685194869
2018-08-08T06:00:00.0;4.674354639691226
2018-08-08T07:00:00.0;4.843088798130318
2018-08-08T08:00:00.0;4.872818339079636
2018-08-08T09:00:00.0;4.867139932315613
2018-08-08T10:00:00.0;4.786125514493
2018-08-08T11:00:00.0;4.350575036004819
2018-08-08T12:00:00.0;3.3847462486152278
2018-08-08T13:00:00.0;3.4065989350737866
2018-08-08T14:00:00.0;3.870364031574891
2018-08-08T15:00:00.0;3.9605479579529037
2018-08-08T16:00:00.0;4.685437874442764
2018-08-08T17:00:00.0;4.799439656709211
2018-08-08T18:00:00.0;4.842579758459871
2018-08-08T19:00:00.0;4.895328647593336
2018-08-08T20:00:00.0;4.911153007369401
2018-08-08T21:00:00.0;4.915222476386795
2018-08-08T22:00:00.0;4.84653735678011
2018-08-08T23:00:00.0;4.628372207571731
2018-08-09T00:00:00.0;4.274105640868843
2018-08-09T01:00:00.0;4.4663459894444815
2018-08-09T02:00:00.0;4.461868022756709
2018-08-09T03:00:00.0;4.530373479265771
2018-08-09T04:00:00.0;4.7251416110458075
2018-08-09T05:00:00.0;4.899861008918287
2018-08-09T06:00:00.0;4.997245385099399
2018-08-09T07:00:00.0;4.998051696416844
2018-08-09T08:00:00.0;4.998216615647707
2018-08-09T09:00:00.0;4.998136992232683
2018-08-09T10:00:00.0;4.99700099671814
2018-08-09T11:00:00.0;4.735584735838425
2018-08-09T12:00:00.0;4.198474572714428
2018-08-09T13:00:00.0;4.120788160766118
2018-08-09T14:00:00.0;4.068694144512718
2018-08-09T15:00:00.0;4.046265871789213
2018-08-09T16:00:00.0;4.815135413570504
2018-08-09T17:00:00.0;4.516133406578201
2018-08-09T18:00:00.0;4.6709858604683685
2018-08-09T19:00:00.0;4.556337039843811
2018-08-09T20:00:00.0;4.197070700862911
2018-08-09T21:00:00.0;4.055823679868725
2018-08-09T22:00:00.0;3.6910802774868077
2018-08-09T23:00:00.0;3.478978552966397
2018-08-10T00:00:00.0;1.3121155237910802
2018-08-10T01:00:00.0;0.7722035213113372
2018-08-10T02:00:00.0;0.9075579235474509
2018-08-10T03:00:00.0;1.15783460382534
2018-08-10T04:00:00.0;1.1160332660409162
2018-08-10T05:00:00.0;1.2484294770307707
2018-08-10T06:00:00.0;1.987203480089758
2018-08-10T07:00:00.0;3.061732415320321
2018-08-10T08:00:00.0;3.56809846643351
2018-08-10T09:00:00.0;3.5041669172938996
2018-08-10T10:00:00.0;2.5920488797385923
2018-08-10T11:00:00.0;1.7642442298908587
2018-08-10T12:00:00.0;1.5991141936488131
2018-08-10T13:00:00.0;1.539025423580989
2018-08-10T14:00:00.0;1.5766710218029205
2018-08-10T15:00:00.0;1.6540382119900743
2018-08-10T16:00:00.0;2.0035778691053143
2018-08-10T17:00:00.0;2.7419489789600515
2018-08-10T18:00:00.0;3.2276509812247887
2018-08-10T19:00:00.0;3.821535557979692
2018-08-10T20:00:00.0;3.999697474987001
2018-08-10T21:00:00.0;4.042333823846712
2018-08-10T22:00:00.0;3.1709648958654824
2018-08-10T23:00:00.0;2.5920612834971855
2018-08-11T00:00:00.0;1.330564992434888
2018-08-11T01:00:00.0;0.7963046076888957
2018-08-11T02:00:00.0;0.8287804992604992
2018-08-11T03:00:00.0;1.0645196310284386
2018-08-11T04:00:00.0;1.1144103496201012
2018-08-11T05:00:00.0;1.4135613703043939
2018-08-11T06:00:00.0;2.320193314901435
2018-08-11T07:00:00.0;3.1208134419518028
2018-08-11T08:00:00.0;3.3200520607414994
2018-08-11T09:00:00.0;3.2450457338982424
2018-08-11T10:00:00.0;2.1749226950351286
2018-08-11T11:00:00.0;1.145638710546836
2018-08-11T12:00:00.0;0.9872680580671733
2018-08-11T13:00:00.0;0.9576138632565597
2018-08-11T14:00:00.0;0.9769386795398872
2018-08-11T15:00:00.0;1.1329019081632294
2018-08-11T16:00:00.0;1.4845116295226093
2018-08-11T17:00:00.0;2.35078979019168
2018-08-11T18:00:00.0;2.920629307934938
2018-08-11T19:00:00.0;3.6173917244685123
2018-08-11T20:00:00.0;3.8264163947277887
2018-08-11T21:00:00.0;3.880170191502214
2018-08-11T22:00:00.0;3.055681780666632
2018-08-11T23:00:00.0;2.601523960972034
2018-08-12T00:00:00.0;2.1907655829732584
2018-08-12T01:00:00.0;1.7991407284795442
2018-08-12T02:00:00.0;1.7469580358305616
2018-08-12T03:00:00.0;1.9521885029539656
2018-08-12T04:00:00.0;1.9610406507642817
2018-08-12T05:00:00.0;2.0265233245299275
2018-08-12T06:00:00.0;2.8104598202411974
2018-08-12T07:00:00.0;3.4513724238541004
2018-08-12T08:00:00.0;3.582461757903536
2018-08-12T09:00:00.0;3.5191715012367553
2018-08-12T10:00:00.0;2.616202849856026
2018-08-12T11:00:00.0;1.79714625892899
2018-08-12T12:00:00.0;1.6914445837619585
2018-08-12T13:00:00.0;1.4828634747908163
2018-08-12T14:00:00.0;1.1843801151111306
2018-08-12T15:00:00.0;1.2050200782631153
2018-08-12T16:00:00.0;1.8876258539733082
2018-08-12T17:00:00.0;2.2881951465114283
2018-08-12T18:00:00.0;2.921781610939904
2018-08-12T19:00:00.0;3.395435908055021
2018-08-12T20:00:00.0;3.2157974632592587
2018-08-12T21:00:00.0;3.1212166921565783
2018-08-12T22:00:00.0;2.0809869821865776
2018-08-12T23:00:00.0;1.501600094879761
2018-08-13T00:00:00.0;3.843845535047139
2018-08-13T01:00:00.0;4.092005834495862
2018-08-13T02:00:00.0;4.126387101288352
2018-08-13T03:00:00.0;4.249050422289715
2018-08-13T04:00:00.0;4.616801060420227
2018-08-13T05:00:00.0;4.96414096477372
2018-08-13T06:00:00.0;4.999999979070951
2018-08-13T07:00:00.0;4.9999999790709415
2018-08-13T08:00:00.0;4.999999979070937
2018-08-13T09:00:00.0;4.999999979070944
2018-08-13T10:00:00.0;4.999999979070956
2018-08-13T11:00:00.0;4.792411343318874
2018-08-13T12:00:00.0;4.364332372101879
2018-08-13T13:00:00.0;4.391515540796875
2018-08-13T14:00:00.0;4.482690801500854
2018-08-13T15:00:00.0;4.466718595427996
2018-08-13T16:00:00.0;4.9179718704393265
2018-08-13T17:00:00.0;4.8213233352810505
2018-08-13T18:00:00.0;4.878615065682748
2018-08-13T19:00:00.0;4.835756648641392
2018-08-13T20:00:00.0;4.7022329429665
2018-08-13T21:00:00.0;4.649748763282285
2018-08-13T22:00:00.0;4.514590828709585
2018-08-13T23:00:00.0;4.435983278280312
2018-08-14T00:00:00.0;3.3112071429803898
2018-08-14T01:00:00.0;3.3305201463961938
2018-08-14T02:00:00.0;3.3880483254927873
2018-08-14T03:00:00.0;3.5132457658768392
2018-08-14T04:00:00.0;3.6885943196066155
2018-08-14T05:00:00.0;3.9394188035164395
2018-08-14T06:00:00.0;4.184901966775911
2018-08-14T07:00:00.0;4.454347603661999
2018-08-14T08:00:00.0;4.562240962405731
2018-08-14T09:00:00.0;4.54269589459345
2018-08-14T10:00:00.0;4.263844386429644
2018-08-14T11:00:00.0;3.7527238396835956
2018-08-14T12:00:00.0;3.1924455637212956
2018-08-14T13:00:00.0;3.2926739637203264
2018-08-14T14:00:00.0;3.548601432928432
2018-08-14T15:00:00.0;3.5835627483600963
2018-08-14T16:00:00.0;4.051670571395352
2018-08-14T17:00:00.0;4.30967164454839
2018-08-14T18:00:00.0;4.4581598119490735
2018-08-14T19:00:00.0;4.639721411528003
2018-08-14T20:00:00.0;4.694188834832119
2018-08-14T21:00:00.0;4.708195941263554
2018-08-14T22:00:00.0;4.46940103693383
2018-08-14T23:00:00.0;4.314813139898074
2018-08-15T00:00:00.0;3.824885852459288
2018-08-15T01:00:00.0;4.0344641487586905
2018-08-15T02:00:00.0;4.0763772371600115
2018-08-15T03:00:00.0;4.170785281709218
2018-08-15T04:00:00.0;4.448331744517874
2018-08-15T05:00:00.0;4.736582174795375
2018-08-15T06:00:00.0;4.88597300136751
2018-08-15T07:00:00.0;4.939836261869322
2018-08-15T08:00:00.0;4.944929043068903
2018-08-15T09:00:00.0;4.942470235633452
2018-08-15T10:00:00.0;4.907390175116608
2018-08-15T11:00:00.0;4.697364551803423
2018-08-15T12:00:00.0;4.261236389751631
2018-08-15T13:00:00.0;4.179757956734833
2018-08-15T14:00:00.0;4.207159190144915
2018-08-15T15:00:00.0;4.227565443788838
2018-08-15T16:00:00.0;4.775396361179988
2018-08-15T17:00:00.0;4.632229898007388
2018-08-15T18:00:00.0;4.74098726745229
2018-08-15T19:00:00.0;4.6964436630965425
2018-08-15T20:00:00.0;4.49336231586865
2018-08-15T21:00:00.0;4.412605867731031
2018-08-15T22:00:00.0;4.173690663451971
2018-08-15T23:00:00.0;3.9809832671979875
2018-08-16T00:00:00.0;2.6777553616717418
2018-08-16T01:00:00.0;2.6797035313810884
2018-08-16T02:00:00.0;2.789129582981663
2018-08-16T03:00:00.0;2.9125837092161726
2018-08-16T04:00:00.0;3.0692645337655655
2018-08-16T05:00:00.0;3.3397789072444857
2018-08-16T06:00:00.0;3.8638538858921248
2018-08-16T07:00:00.0;4.282050255407574
2018-08-16T08:00:00.0;4.375734283721937
2018-08-16T09:00:00.0;4.347862064428279
2018-08-16T10:00:00.0;3.95020622303889
2018-08-16T11:00:00.0;3.560407362200136
2018-08-16T12:00:00.0;3.2205037754951746
2018-08-16T13:00:00.0;3.0641840150263593
2018-08-16T14:00:00.0;3.2116666899716533
2018-08-16T15:00:00.0;3.3339274301721566
2018-08-16T16:00:00.0;3.6885671353149485
2018-08-16T17:00:00.0;4.015558126658766
2018-08-16T18:00:00.0;4.227309490432649
2018-08-16T19:00:00.0;4.486225180435479
2018-08-16T20:00:00.0;4.563898380716636
2018-08-16T21:00:00.0;4.5838731971703925
2018-08-16T22:00:00.0;4.2690882014486355
2018-08-16T23:00:00.0;3.899824226071791
2018-08-17T00:00:00.0;4.431676106095536
2018-08-17T01:00:00.0;4.5894159285405065
2018-08-17T02:00:00.0;4.616990907837839
2018-08-17T03:00:00.0;4.627234379800084
2018-08-17T04:00:00.0;4.7037235946963
2018-08-17T05:00:00.0;4.8853775062875595
2018-08-17T06:00:00.0;4.986730186729432
2018-08-17T07:00:00.0;4.9906144614331005
2018-08-17T08:00:00.0;4.991408933224262
2018-08-17T09:00:00.0;4.9910253602666295
2018-08-17T10:00:00.0;4.98555288512574
2018-08-17T11:00:00.0;4.505043070658276
2018-08-17T12:00:00.0;3.583596422480554
2018-08-17T13:00:00.0;3.7208707691266225
2018-08-17T14:00:00.0;4.065230668739035
2018-08-17T15:00:00.0;4.120085667344434
2018-08-17T16:00:00.0;4.880237298747074
2018-08-17T17:00:00.0;4.84003606659886
2018-08-17T18:00:00.0;4.8898977363383285
2018-08-17T19:00:00.0;4.858340656923829
2018-08-17T20:00:00.0;4.749993877416325
2018-08-17T21:00:00.0;4.707260722563977
2018-08-17T22:00:00.0;4.592385540157607
2018-08-17T23:00:00.0;4.525729593199382
2018-08-18T00:00:00.0;2.100751694794095
2018-08-18T01:00:00.0;1.7547218223735537
2018-08-18T02:00:00.0;1.7451152452647505
2018-08-18T03:00:00.0;1.933104918912762
2018-08-18T04:00:00.0;1.93938212950667
2018-08-18T05:00:00.0;2.0356170319141667
2018-08-18T06:00:00.0;2.843726411416964
2018-08-18T07:00:00.0;3.5008590563068047
2018-08-18T08:00:00.0;3.627759410580473
2018-08-18T09:00:00.0;3.5664916037728096
2018-08-18T10:00:00.0;2.6923774541424574
2018-08-18T11:00:00.0;1.908255192398531
2018-08-18T12:00:00.0;1.7405854521597788
2018-08-18T13:00:00.0;1.5441984820699624
2018-08-18T14:00:00.0;1.3934218359698662
2018-08-18T15:00:00.0;1.4565980538522527
2018-08-18T16:00:00.0;2.0378953150321224
2018-08-18T17:00:00.0;2.5387324608870108
2018-08-18T18:00:00.0;3.0995249323158283
2018-08-18T19:00:00.0;3.597353023393455
2018-08-18T20:00:00.0;3.545922115277235
2018-08-18T21:00:00.0;3.50250187014636
2018-08-18T22:00:00.0;2.619478927926034
2018-08-18T23:00:00.0;2.0613310276722463
2018-08-19T00:00:00.0;2.455574502228162
2018-08-19T01:00:00.0;2.1136825299635804
2018-08-19T02:00:00.0;2.042951132975222
2018-08-19T03:00:00.0;2.2299591469408298
2018-08-19T04:00:00.0;2.2470804002565883
2018-08-19T05:00:00.0;2.2784027249837413
2018-08-19T06:00:00.0;3.022432844443455
2018-08-19T07:00:00.0;3.61994634293699
2018-08-19T08:00:00.0;3.7367661110009958
2018-08-19T09:00:00.0;3.6803652362987345
2018-08-19T10:00:00.0;2.875688111433716
2018-08-19T11:00:00.0;2.1642255963224946
2018-08-19T12:00:00.0;2.092142425210166
2018-08-19T13:00:00.0;1.8117537022479142
2018-08-19T14:00:00.0;1.3942059185273938
2018-08-19T15:00:00.0;1.388206783541215
2018-08-19T16:00:00.0;2.1603103889029383
2018-08-19T17:00:00.0;2.363533326732717
2018-08-19T18:00:00.0;2.9986459037284794
2018-08-19T19:00:00.0;3.368006187763041
2018-08-19T20:00:00.0;3.0436283603611995
2018-08-19T21:00:00.0;2.892965531262033
2018-08-19T22:00:00.0;1.785742838906509
2018-08-19T23:00:00.0;1.1658944313187714
2018-08-20T00:00:00.0;3.363037987874936
2018-08-20T01:00:00.0;3.602015403362483
2018-08-20T02:00:00.0;3.6975431087036053
2018-08-20T03:00:00.0;3.8775361533802166
2018-08-20T04:00:00.0;4.358546320371149
2018-08-20T05:00:00.0;4.832959230874625
2018-08-20T06:00:00.0;4.814303256669658
2018-08-20T07:00:00.0;4.904070986652756
2018-08-20T08:00:00.0;4.999999981085634
2018-08-20T09:00:00.0;4.999999981085639
2018-08-20T10:00:00.0;4.999999981085647
2018-08-20T11:00:00.0;4.860164951600505
2018-08-20T12:00:00.0;4.571804101088492
2018-08-20T13:00:00.0;4.642485619625847
2018-08-20T14:00:00.0;4.78189155853173
2018-08-20T15:00:00.0;4.772252932363105
2018-08-20T16:00:00.0;4.981394963079012
2018-08-20T17:00:00.0;4.999999981085648
2018-08-20T18:00:00.0;4.999999981085639
2018-08-20T19:00:00.0;4.999999981085637
2018-08-20T20:00:00.0;4.999999981085638
2018-08-20T21:00:00.0;4.99999998108565
2018-08-20T22:00:00.0;4.9589545633497645
2018-08-20T23:00:00.0;4.924182774112132
2018-08-21T00:00:00.0;3.3556141468352543
2018-08-21T01:00:00.0;3.575034933864181
2018-08-21T02:00:00.0;3.6691805666037323
2018-08-21T03:00:00.0;3.8095788261873285
2018-08-21T04:00:00.0;4.302413613269798
2018-08-21T05:00:00.0;4.914467568553514
2018-08-21T06:00:00.0;4.9999999775559045
2018-08-21T07:00:00.0;4.999999977555896
2018-08-21T08:00:00.0;4.999999977555894
2018-08-21T09:00:00.0;4.999999977555903
2018-08-21T10:00:00.0;4.999999977555926
2018-08-21T11:00:00.0;4.79914030028734
2018-08-21T12:00:00.0;4.460433291757032
2018-08-21T13:00:00.0;4.512277580999573
2018-08-21T14:00:00.0;4.668470763341299
2018-08-21T15:00:00.0;4.766712913389602
2018-08-21T16:00:00.0;4.980942386891734
2018-08-21T17:00:00.0;4.999999977555911
2018-08-21T18:00:00.0;4.9999999775559
2018-08-21T19:00:00.0;4.999999977555896
2018-08-21T20:00:00.0;4.9999999775558965
2018-08-21T21:00:00.0;4.999999977555912
2018-08-21T22:00:00.0;4.999999977555913
2018-08-21T23:00:00.0;4.999999977555938
2018-08-22T00:00:00.0;4.344418072861489
2018-08-22T01:00:00.0;4.566287777522607
2018-08-22T02:00:00.0;4.609830726729115
2018-08-22T03:00:00.0;4.626350338388547
2018-08-22T04:00:00.0;4.710055492550786
2018-08-22T05:00:00.0;4.837365780923934
2018-08-22T06:00:00.0;4.95863226014668
2018-08-22T07:00:00.0;4.9999999786133005
2018-08-22T08:00:00.0;4.999999978613297
2018-08-22T09:00:00.0;4.999999978613304
2018-08-22T10:00:00.0;4.999999978613328
2018-08-22T11:00:00.0;4.625715520301088
2018-08-22T12:00:00.0;3.767688945947064
2018-08-22T13:00:00.0;3.8395473001945035
2018-08-22T14:00:00.0;4.1899335650313265
2018-08-22T15:00:00.0;4.221119835039888
2018-08-22T16:00:00.0;4.920595994346389
2018-08-22T17:00:00.0;4.901113140705956
2018-08-22T18:00:00.0;4.932820687576629
2018-08-22T19:00:00.0;4.909101116573721
2018-08-22T20:00:00.0;4.835203729876719
2018-08-22T21:00:00.0;4.806156874848281
2018-08-22T22:00:00.0;4.731355040179266
2018-08-22T23:00:00.0;4.609654374107734
2018-08-23T00:00:00.0;3.7800071177110657
2018-08-23T01:00:00.0;4.023552745081185
2018-08-23T02:00:00.0;4.136218907788863
2018-08-23T03:00:00.0;4.161445554280535
2018-08-23T04:00:00.0;4.32213061773663
2018-08-23T05:00:00.0;4.584266066367399
2018-08-23T06:00:00.0;4.884670245440827
2018-08-23T07:00:00.0;4.9999999749152915
2018-08-23T08:00:00.0;4.999999974915278
2018-08-23T09:00:00.0;4.999999974915277
2018-08-23T10:00:00.0;4.999999974915296
2018-08-23T11:00:00.0;4.850056060672718
2018-08-23T12:00:00.0;4.286642534027547
2018-08-23T13:00:00.0;4.0920213466664626
2018-08-23T14:00:00.0;4.25699121557661
2018-08-23T15:00:00.0;4.385905680086371
2018-08-23T16:00:00.0;4.929372698082796
2018-08-23T17:00:00.0;4.833576584179137
2018-08-23T18:00:00.0;4.886939373138857
2018-08-23T19:00:00.0;4.847020092508129
2018-08-23T20:00:00.0;4.722653150244539
2018-08-23T21:00:00.0;4.673768220699297
2018-08-23T22:00:00.0;4.547879121377872
2018-08-23T23:00:00.0;4.2566581713455225
2018-08-24T00:00:00.0;3.2453682569639475
2018-08-24T01:00:00.0;3.205490472760916
2018-08-24T02:00:00.0;3.268558557752748
2018-08-24T03:00:00.0;3.316378615254104
2018-08-24T04:00:00.0;3.236948724286946
2018-08-24T05:00:00.0;3.2755590275975033
2018-08-24T06:00:00.0;3.8325306950719993
2018-08-24T07:00:00.0;4.244902960345185
2018-08-24T08:00:00.0;4.308820953565166
2018-08-24T09:00:00.0;4.27796118739233
2018-08-24T10:00:00.0;3.8376817050429577
2018-08-24T11:00:00.0;3.229175393049673
2018-08-24T12:00:00.0;2.517522908605983
2018-08-24T13:00:00.0;2.4568797540393317
2018-08-24T14:00:00.0;2.7822267719653926
2018-08-24T15:00:00.0;2.8890397352033053
2018-08-24T16:00:00.0;3.5244582797068604
2018-08-24T17:00:00.0;3.910038500295293
2018-08-24T18:00:00.0;4.144486913031786
2018-08-24T19:00:00.0;4.431155067002021
2018-08-24T20:00:00.0;4.517153844972241
2018-08-24T21:00:00.0;4.539269707315802
2018-08-24T22:00:00.0;4.207776435814408
2018-08-24T23:00:00.0;3.8386879388962
2018-08-25T00:00:00.0;2.794165181203391
2018-08-25T01:00:00.0;2.5614423950059226
2018-08-25T02:00:00.0;2.546686921884688
2018-08-25T03:00:00.0;2.6914516779368185
2018-08-25T04:00:00.0;2.737090903071376
2018-08-25T05:00:00.0;2.876861615194721
2018-08-25T06:00:00.0;3.494804794468793
2018-08-25T07:00:00.0;3.947799567100809
2018-08-25T08:00:00.0;4.048390557563085
2018-08-25T09:00:00.0;4.005903093467596
2018-08-25T10:00:00.0;3.399730039740211
2018-08-25T11:00:00.0;2.763898217056486
2018-08-25T12:00:00.0;2.5181861389065268
2018-08-25T13:00:00.0;2.3018314430620763
2018-08-25T14:00:00.0;2.0591330600952973
2018-08-25T15:00:00.0;2.118351323906728
2018-08-25T16:00:00.0;2.843547620795778
2018-08-25T17:00:00.0;2.9878999955585326
2018-08-25T18:00:00.0;3.474680430032887
2018-08-25T19:00:00.0;3.746683281056369
2018-08-25T20:00:00.0;3.482882749943915
2018-08-25T21:00:00.0;3.363099132485261
2018-08-25T22:00:00.0;2.5144346231931887
2018-08-25T23:00:00.0;2.0158924305323245
2018-08-26T00:00:00.0;2.824693993980377
2018-08-26T01:00:00.0;2.5609716586645064
2018-08-26T02:00:00.0;2.491208858598821
2018-08-26T03:00:00.0;2.6572220563672384
2018-08-26T04:00:00.0;2.6960212058422903
2018-08-26T05:00:00.0;2.7385805306193154
2018-08-26T06:00:00.0;3.3971687516882003
2018-08-26T07:00:00.0;3.8727882603438943
2018-08-26T08:00:00.0;3.9682052844408906
2018-08-26T09:00:00.0;3.9221377077820403
2018-08-26T10:00:00.0;3.264886817063927
2018-08-26T11:00:00.0;2.6837725324397206
2018-08-26T12:00:00.0;2.6248958389742443
2018-08-26T13:00:00.0;2.2658383490694494
2018-08-26T14:00:00.0;1.7311390303732972
2018-08-26T15:00:00.0;1.7234567158815428
2018-08-26T16:00:00.0;2.589569312122747
2018-08-26T17:00:00.0;2.5477046721599996
2018-08-26T18:00:00.0;3.162285141014567
2018-08-26T19:00:00.0;3.392287997063584
2018-08-26T20:00:00.0;2.904004084028366
2018-08-26T21:00:00.0;2.694005173998754
2018-08-26T22:00:00.0;1.5701282426129664
2018-08-26T23:00:00.0;0.9355692526977036
2018-08-27T00:00:00.0;2.340583121515223
2018-08-27T01:00:00.0;2.190146482851797
2018-08-27T02:00:00.0;2.423321700019057
2018-08-27T03:00:00.0;2.4922425998396545
2018-08-27T04:00:00.0;2.3668600784342106
2018-08-27T05:00:00.0;2.4885884033357595
2018-08-27T06:00:00.0;3.221651012054644
2018-08-27T07:00:00.0;3.968614549246332
2018-08-27T08:00:00.0;4.281991813743762
2018-08-27T09:00:00.0;4.249934180180411
2018-08-27T10:00:00.0;3.7925645996215316
2018-08-27T11:00:00.0;3.3881771725844176
2018-08-27T12:00:00.0;2.9257360567485766
2018-08-27T13:00:00.0;2.5974580030369268
2018-08-27T14:00:00.0;2.8019248169181727
2018-08-27T15:00:00.0;3.035367300569836
2018-08-27T16:00:00.0;3.497483559424388
2018-08-27T17:00:00.0;3.8677300307212206
2018-08-27T18:00:00.0;4.1112789047768565
2018-08-27T19:00:00.0;4.409074506428162
2018-08-27T20:00:00.0;4.498411453948252
2018-08-27T21:00:00.0;4.521385776144249
2018-08-27T22:00:00.0;4.071349823384142
2018-08-27T23:00:00.0;3.4330715214958074
2018-08-28T00:00:00.0;2.8358475353765313
2018-08-28T01:00:00.0;3.0522163732136858
2018-08-28T02:00:00.0;3.183155393525133
2018-08-28T03:00:00.0;3.3762438463203703
2018-08-28T04:00:00.0;4.041337244996595
2018-08-28T05:00:00.0;4.864747026313144
2018-08-28T06:00:00.0;4.9749018240243785
2018-08-28T07:00:00.0;4.987034532002657
2018-08-28T08:00:00.0;4.999999976002678
2018-08-28T09:00:00.0;4.999999976002684
2018-08-28T10:00:00.0;4.999999976002705
2018-08-28T11:00:00.0;4.924090054100165
2018-08-28T12:00:00.0;4.867006967380331
2018-08-28T13:00:00.0;4.839926720696361
2018-08-28T14:00:00.0;4.857574166375366
2018-08-28T15:00:00.0;4.999999976002709
2018-08-28T16:00:00.0;4.999999976002685
2018-08-28T17:00:00.0;4.999999976002682
2018-08-28T18:00:00.0;4.999999976002677
2018-08-28T19:00:00.0;4.999999976002677
2018-08-28T20:00:00.0;4.99999997600268
2018-08-28T21:00:00.0;4.999999976002698
2018-08-28T22:00:00.0;4.994452413784852
2018-08-28T23:00:00.0;4.989752774340035
2018-08-29T00:00:00.0;3.1827457096404146
2018-08-29T01:00:00.0;3.4625267568301545
2018-08-29T02:00:00.0;3.558270267299916
2018-08-29T03:00:00.0;3.731254717949752
2018-08-29T04:00:00.0;4.275775531994779
2018-08-29T05:00:00.0;4.831508689729085
2018-08-29T06:00:00.0;4.944623029105676
2018-08-29T07:00:00.0;4.9909694323359695
2018-08-29T08:00:00.0;4.999999978111413
2018-08-29T09:00:00.0;4.999999978111414
2018-08-29T10:00:00.0;4.999999978111418
2018-08-29T11:00:00.0;4.994773520538927
2018-08-29T12:00:00.0;4.900466749036783
2018-08-29T13:00:00.0;4.779214757426799
2018-08-29T14:00:00.0;4.737333395891175
2018-08-29T15:00:00.0;4.781979160718125
2018-08-29T16:00:00.0;4.958130844936657
2018-08-29T17:00:00.0;4.8647860008088735
2018-08-29T18:00:00.0;4.908141654742404
2018-08-29T19:00:00.0;4.87570844519619
2018-08-29T20:00:00.0;4.774664061747257
2018-08-29T21:00:00.0;4.7349465333113265
2018-08-29T22:00:00.0;4.62880151736262
2018-08-29T23:00:00.0;4.4944083718230745
2018-08-30T00:00:00.0;3.115642049768873
2018-08-30T01:00:00.0;3.0376539746619855
2018-08-30T02:00:00.0;3.141691828725836
2018-08-30T03:00:00.0;3.2037213579487926
2018-08-30T04:00:00.0;3.3875242023251526
2018-08-30T05:00:00.0;3.936162076784337
2018-08-30T06:00:00.0;4.360303048680438
2018-08-30T07:00:00.0;4.55233726986055
2018-08-30T08:00:00.0;4.590231342827564
2018-08-30T09:00:00.0;4.571935990107826
2018-08-30T10:00:00.0;4.310914296691987
2018-08-30T11:00:00.0;3.697970039925297
2018-08-30T12:00:00.0;3.065243522613968
2018-08-30T13:00:00.0;3.1224955990901786
2018-08-30T14:00:00.0;3.397947287767402
2018-08-30T15:00:00.0;3.662915046995605
2018-08-30T16:00:00.0;4.111107852710026
2018-08-30T17:00:00.0;4.353811351821858
2018-08-30T18:00:00.0;4.492805159538245
2018-08-30T19:00:00.0;4.662757678330242
2018-08-30T20:00:00.0;4.713742444955526
2018-08-30T21:00:00.0;4.72678652528272
2018-08-30T22:00:00.0;4.52973747227436
2018-08-30T23:00:00.0;4.41166498609191
2018-08-31T00:00:00.0;4.028775451261535
2018-08-31T01:00:00.0;4.134581590857762
2018-08-31T02:00:00.0;4.21660439663245
2018-08-31T03:00:00.0;4.2278364067816385
2018-08-31T04:00:00.0;4.39016271363618
2018-08-31T05:00:00.0;4.8185538066105496
2018-08-31T06:00:00.0;4.999999972564093
2018-08-31T07:00:00.0;4.999999972564077
2018-08-31T08:00:00.0;4.999999972564078
2018-08-31T09:00:00.0;4.999999972564093
2018-08-31T10:00:00.0;4.999999972564141
2018-08-31T11:00:00.0;4.519499922624238
2018-08-31T12:00:00.0;3.676020979252671
2018-08-31T13:00:00.0;3.790535988904149
2018-08-31T14:00:00.0;4.136853261075245
2018-08-31T15:00:00.0;4.321880504001403
2018-08-31T16:00:00.0;4.9290842719112495
2018-08-31T17:00:00.0;4.927908498981681
2018-08-31T18:00:00.0;4.95102425256388
2018-08-31T19:00:00.0;4.933731973201639
2018-08-31T20:00:00.0;4.879858559776615
2018-08-31T21:00:00.0;4.858682530425812
2018-08-31T22:00:00.0;4.8041497472761545
2018-08-31T23:00:00.0;4.772433603380971
2018-09-01T00:00:00.0;4.222453753321406
2018-09-01T01:00:00.0;4.3426686940839385
2018-09-01T02:00:00.0;4.384222118970814
2018-09-01T03:00:00.0;4.401614242008833
2018-09-01T04:00:00.0;4.531824420133702
2018-09-01T05:00:00.0;4.829236561195408
2018-09-01T06:00:00.0;4.999999971767697
2018-09-01T07:00:00.0;4.999999971767676
2018-09-01T08:00:00.0;4.9999999717676715
2018-09-01T09:00:00.0;4.999999971767684
2018-09-01T10:00:00.0;4.9999999717677195
2018-09-01T11:00:00.0;4.58632304648506
2018-09-01T12:00:00.0;3.8298912046000617
2018-09-01T13:00:00.0;3.8425267925309874
2018-09-01T14:00:00.0;4.000684228007191
2018-09-01T15:00:00.0;4.1127949878416725
2018-09-01T16:00:00.0;4.861786813752732
2018-09-01T17:00:00.0;4.694633026127778
2018-09-01T18:00:00.0;4.792547338553317
2018-09-01T19:00:00.0;4.719300250241822
2018-09-01T20:00:00.0;4.491101839371686
2018-09-01T21:00:00.0;4.401403861479114
2018-09-01T22:00:00.0;4.170412475117526
2018-09-01T23:00:00.0;4.036068404904015
2018-09-02T00:00:00.0;3.150081442419218
2018-09-02T01:00:00.0;3.053083995415112
2018-09-02T02:00:00.0;3.1230483657352557
2018-09-02T03:00:00.0;3.2009640819874954
2018-09-02T04:00:00.0;3.3811553125547347
2018-09-02T05:00:00.0;3.8636823535586147
2018-09-02T06:00:00.0;4.311798852959012
2018-09-02T07:00:00.0;4.513246069254141
2018-09-02T08:00:00.0;4.554449161971275
2018-09-02T09:00:00.0;4.534556206282388
2018-09-02T10:00:00.0;4.250741345727283
2018-09-02T11:00:00.0;3.7003095525213894
2018-09-02T12:00:00.0;3.221052351055357
2018-09-02T13:00:00.0;3.150659383138654
2018-09-02T14:00:00.0;3.183910507926953
2018-09-02T15:00:00.0;3.4039726007067
2018-09-02T16:00:00.0;3.9646342384009405
2018-09-02T17:00:00.0;4.035382220362824
2018-09-02T18:00:00.0;4.2705229619802845
2018-09-02T19:00:00.0;4.39247088619616
2018-09-02T20:00:00.0;4.25211561889998
2018-09-02T21:00:00.0;4.18941198849962
2018-09-02T22:00:00.0;3.7775348463123417
2018-09-02T23:00:00.0;3.546037073465507
2018-09-03T00:00:00.0;3.1310155692478197
2018-09-03T01:00:00.0;3.4011757955085984
2018-09-03T02:00:00.0;3.51483699199282
2018-09-03T03:00:00.0;3.6834857170883257
2018-09-03T04:00:00.0;4.206770332153548
2018-09-03T05:00:00.0;4.757026531472015
2018-09-03T06:00:00.0;4.885726342245647
2018-09-03T07:00:00.0;4.966120379446582
2018-09-03T08:00:00.0;4.999999977874522
2018-09-03T09:00:00.0;4.999999977874522
2018-09-03T10:00:00.0;4.999999977874527
2018-09-03T11:00:00.0;4.999999977874535
2018-09-03T12:00:00.0;4.892677851589019
2018-09-03T13:00:00.0;4.760166303135411
2018-09-03T14:00:00.0;4.739381489497988
2018-09-03T15:00:00.0;4.7977780832649985
2018-09-03T16:00:00.0;4.965764613771612
2018-09-03T17:00:00.0;4.887571567278103
2018-09-03T18:00:00.0;4.923621148537062
2018-09-03T19:00:00.0;4.896653417296804
2018-09-03T20:00:00.0;4.812636515660666
2018-09-03T21:00:00.0;4.779611981629856
2018-09-03T22:00:00.0;4.680070614557892
2018-09-03T23:00:00.0;4.526290046097005
2018-09-04T00:00:00.0;3.599753554384269
2018-09-04T01:00:00.0;3.7050593865447334
2018-09-04T02:00:00.0;3.8135035034158205
2018-09-04T03:00:00.0;3.8655237960958924
2018-09-04T04:00:00.0;4.16935818334875
2018-09-04T05:00:00.0;4.768597193850999
2018-09-04T06:00:00.0;4.9943114998519995
2018-09-04T07:00:00.0;4.9999999703655
2018-09-04T08:00:00.0;4.999999970365496
2018-09-04T09:00:00.0;4.999999970365511
2018-09-04T10:00:00.0;4.999999970365554
2018-09-04T11:00:00.0;4.647902642953543
2018-09-04T12:00:00.0;4.073521686793303
2018-09-04T13:00:00.0;4.076244795390305
2018-09-04T14:00:00.0;4.252035242763917
2018-09-04T15:00:00.0;4.4773186058606536
2018-09-04T16:00:00.0;4.929660222475778
2018-09-04T17:00:00.0;4.868076878915708
2018-09-04T18:00:00.0;4.9103773275293845
2018-09-04T19:00:00.0;4.878733488968204
2018-09-04T20:00:00.0;4.780148359648346
2018-09-04T21:00:00.0;4.741397490540417
2018-09-04T22:00:00.0;4.641605754001157
2018-09-04T23:00:00.0;4.572814369150293
2018-09-05T00:00:00.0;2.7370561077052113
2018-09-05T01:00:00.0;2.9062211115989522
2018-09-05T02:00:00.0;3.0684465386516626
2018-09-05T03:00:00.0;3.263600669049319
2018-09-05T04:00:00.0;3.8928055188216346
2018-09-05T05:00:00.0;4.7133874450223106
2018-09-05T06:00:00.0;4.824412916422509
2018-09-05T07:00:00.0;4.91039663514356
2018-09-05T08:00:00.0;4.999999974815886
2018-09-05T09:00:00.0;4.999999974815894
2018-09-05T10:00:00.0;4.999999974815916
2018-09-05T11:00:00.0;4.9167930060188825
2018-09-05T12:00:00.0;4.849515943104271
2018-09-05T13:00:00.0;4.816166531692687
2018-09-05T14:00:00.0;4.837793742561394
2018-09-05T15:00:00.0;4.9965175576962935
2018-09-05T16:00:00.0;4.999999974815894
2018-09-05T17:00:00.0;4.999999974815888
2018-09-05T18:00:00.0;4.999999974815884
2018-09-05T19:00:00.0;4.999999974815883
2018-09-05T20:00:00.0;4.999999974815887
2018-09-05T21:00:00.0;4.999999974815909
2018-09-05T22:00:00.0;4.961661133372572
2018-09-05T23:00:00.0;4.925145821067489
2018-09-06T00:00:00.0;2.935858350958441
2018-09-06T01:00:00.0;3.1817693399279614
2018-09-06T02:00:00.0;3.3326244246970322
2018-09-06T03:00:00.0;3.526481731493828
2018-09-06T04:00:00.0;4.0687364207377135
2018-09-06T05:00:00.0;4.6482144598380275
2018-09-06T06:00:00.0;4.72792739195234
2018-09-06T07:00:00.0;4.882342605005882
2018-09-06T08:00:00.0;4.9999999791640635
2018-09-06T09:00:00.0;4.999999979164063
2018-09-06T10:00:00.0;4.999999979164068
2018-09-06T11:00:00.0;4.999999979164075
2018-09-06T12:00:00.0;4.902322818517752
2018-09-06T13:00:00.0;4.8262431912981
2018-09-06T14:00:00.0;4.873629115526039
2018-09-06T15:00:00.0;4.927730256106846
2018-09-06T16:00:00.0;4.999999979164067
2018-09-06T17:00:00.0;4.9999999791640635
2018-09-06T18:00:00.0;4.999999979164061
2018-09-06T19:00:00.0;4.999999979164063
2018-09-06T20:00:00.0;4.999999979164067
2018-09-06T21:00:00.0;4.9999999791640874
2018-09-06T22:00:00.0;4.949657576425678
2018-09-06T23:00:00.0;4.823243212676738
2018-09-07T00:00:00.0;4.007153377549317
2018-09-07T01:00:00.0;4.122201705437593
2018-09-07T02:00:00.0;4.17506057775716
2018-09-07T03:00:00.0;4.177650504866677
2018-09-07T04:00:00.0;4.148317042118272
2018-09-07T05:00:00.0;4.204480906807852
2018-09-07T06:00:00.0;4.568239826462416
2018-09-07T07:00:00.0;4.756542913826365
2018-09-07T08:00:00.0;4.777151241462199
2018-09-07T09:00:00.0;4.767201489600208
2018-09-07T10:00:00.0;4.6252473485750505
2018-09-07T11:00:00.0;4.240443942510735
2018-09-07T12:00:00.0;3.500058523650958
2018-09-07T13:00:00.0;3.359310145341985
2018-09-07T14:00:00.0;3.530469400006993
2018-09-07T15:00:00.0;3.6168769615673706
2018-09-07T16:00:00.0;4.41412635421059
2018-09-07T17:00:00.0;4.369314501026512
2018-09-07T18:00:00.0;4.534448846358267
2018-09-07T19:00:00.0;4.5598904871620425
2018-09-07T20:00:00.0;4.378927681312188
2018-09-07T21:00:00.0;4.304028284636519
2018-09-07T22:00:00.0;3.9859042100279
2018-09-07T23:00:00.0;3.6394237685089976
2018-09-08T00:00:00.0;1.6727242902111927
2018-09-08T01:00:00.0;1.2109995376026095
2018-09-08T02:00:00.0;1.0993921111163363
2018-09-08T03:00:00.0;1.2233132262451387
2018-09-08T04:00:00.0;1.2764752300139401
2018-09-08T05:00:00.0;1.3573192548083313
2018-09-08T06:00:00.0;2.4075996554484944
2018-09-08T07:00:00.0;3.4874257476071477
2018-09-08T08:00:00.0;3.615463214472208
2018-09-08T09:00:00.0;3.5536464068759557
2018-09-08T10:00:00.0;2.6716996060954075
2018-09-08T11:00:00.0;1.8919184122620663
2018-09-08T12:00:00.0;1.777828989440311
2018-09-08T13:00:00.0;1.6640288239007102
2018-09-08T14:00:00.0;1.5522753867208865
2018-09-08T15:00:00.0;1.5698576764766352
2018-09-08T16:00:00.0;2.0421775763966075
2018-09-08T17:00:00.0;2.6179057248300945
2018-09-08T18:00:00.0;3.1512650862607647
2018-09-08T19:00:00.0;3.6778351577663866
2018-09-08T20:00:00.0;3.7015902197833666
2018-09-08T21:00:00.0;3.6576431528962017
2018-09-08T22:00:00.0;2.612063893749031
2018-09-08T23:00:00.0;2.0202905582144406
2018-09-09T00:00:00.0;2.037748104727638
2018-09-09T01:00:00.0;1.6425736897030363
2018-09-09T02:00:00.0;1.7185915045421523
2018-09-09T03:00:00.0;1.9253803870815345
2018-09-09T04:00:00.0;1.999510373675779
2018-09-09T05:00:00.0;2.2710701683555286
2018-09-09T06:00:00.0;2.916084403908177
2018-09-09T07:00:00.0;3.6015957533724317
2018-09-09T08:00:00.0;3.9072257139854494
2018-09-09T09:00:00.0;3.858435520983629
2018-09-09T10:00:00.0;3.162340780723451
2018-09-09T11:00:00.0;2.4847048446078372
2018-09-09T12:00:00.0;2.375591982273127
2018-09-09T13:00:00.0;2.185452453395467
2018-09-09T14:00:00.0;1.949788297472
2018-09-09T15:00:00.0;2.0628551104729604
2018-09-09T16:00:00.0;2.595699342581513
2018-09-09T17:00:00.0;2.8907324230023916
2018-09-09T18:00:00.0;3.385173206427263
2018-09-09T19:00:00.0;3.7458141670660057
2018-09-09T20:00:00.0;3.59332095966709
2018-09-09T21:00:00.0;3.5149018588586394
2018-09-09T22:00:00.0;2.6112794176107634
2018-09-09T23:00:00.0;2.0822314727221394
2018-09-10T00:00:00.0;3.772525628836744
2018-09-10T01:00:00.0;3.991286437100193
2018-09-10T02:00:00.0;4.082694829334107
2018-09-10T03:00:00.0;4.122799030676172
2018-09-10T04:00:00.0;4.301257286587518
2018-09-10T05:00:00.0;4.561449519079964
2018-09-10T06:00:00.0;4.862136660933334
2018-09-10T07:00:00.0;4.972221327361137
2018-09-10T08:00:00.0;4.974572754090177
2018-09-10T09:00:00.0;4.9734374794143665
2018-09-10T10:00:00.0;4.957240397952712
2018-09-10T11:00:00.0;4.818199493655249
2018-09-10T12:00:00.0;4.342251442092645
2018-09-10T13:00:00.0;4.104959124583304
2018-09-10T14:00:00.0;4.139520931684201
2018-09-10T15:00:00.0;4.248480196515356
2018-09-10T16:00:00.0;4.838464965523052
2018-09-10T17:00:00.0;4.658657160438507
2018-09-10T18:00:00.0;4.7638747593580195
2018-09-10T19:00:00.0;4.702162357938909
2018-09-10T20:00:00.0;4.48020790052746
2018-09-10T21:00:00.0;4.392534265412926
2018-09-10T22:00:00.0;4.1524657587560085
2018-09-10T23:00:00.0;3.826943584085425
2018-09-11T00:00:00.0;3.0001283185728402
2018-09-11T01:00:00.0;3.0132479323561294
2018-09-11T02:00:00.0;3.2134463352059597
2018-09-11T03:00:00.0;3.2070657752411442
2018-09-11T04:00:00.0;3.0743880178583165
2018-09-11T05:00:00.0;3.1798891990690796
2018-09-11T06:00:00.0;3.8666853889426203
2018-09-11T07:00:00.0;4.385501393406624
2018-09-11T08:00:00.0;4.532668274268735
2018-09-11T09:00:00.0;4.511802845140225
2018-09-11T10:00:00.0;4.2141136052333845
2018-09-11T11:00:00.0;3.870629562283276
2018-09-11T12:00:00.0;3.214991751997534
2018-09-11T13:00:00.0;2.894615580046742
2018-09-11T14:00:00.0;3.199467885191095
2018-09-11T15:00:00.0;3.4506134391675967
2018-09-11T16:00:00.0;4.0113723395406256
2018-09-11T17:00:00.0;4.263036710316136
2018-09-11T18:00:00.0;4.421555952258715
2018-09-11T19:00:00.0;4.615382892377591
2018-09-11T20:00:00.0;4.673529846467449
2018-09-11T21:00:00.0;4.688483198860386
2018-09-11T22:00:00.0;4.419871137850921
2018-09-11T23:00:00.0;3.862853504275309
2018-09-12T00:00:00.0;3.054372369171884
2018-09-12T01:00:00.0;3.32300672453509
2018-09-12T02:00:00.0;3.48080240425061
2018-09-12T03:00:00.0;3.619181438115919
2018-09-12T04:00:00.0;4.070472095698487
2018-09-12T05:00:00.0;4.600774834348682
2018-09-12T06:00:00.0;4.799512744964036
2018-09-12T07:00:00.0;4.942930247032756
2018-09-12T08:00:00.0;4.999999977837981
2018-09-12T09:00:00.0;4.9999999778379784
2018-09-12T10:00:00.0;4.999999977837988
2018-09-12T11:00:00.0;4.999027418510824
2018-09-12T12:00:00.0;4.799891416131933
2018-09-12T13:00:00.0;4.645009340612564
2018-09-12T14:00:00.0;4.741487089657136
2018-09-12T15:00:00.0;4.853203641650509
2018-09-12T16:00:00.0;4.999999977837992
2018-09-12T17:00:00.0;4.999999977837981
2018-09-12T18:00:00.0;4.999999977837978
2018-09-12T19:00:00.0;4.99999997783798
2018-09-12T20:00:00.0;4.999999977837985
2018-09-12T21:00:00.0;4.999999977838009
2018-09-12T22:00:00.0;4.975581386203387
2018-09-12T23:00:00.0;4.784745963171732
2018-09-13T00:00:00.0;3.5057416842906317
2018-09-13T01:00:00.0;3.529975902066175
2018-09-13T02:00:00.0;3.663195346052268
2018-09-13T03:00:00.0;3.6848824722580544
2018-09-13T04:00:00.0;3.962649811017813
2018-09-13T05:00:00.0;4.682093149669107
2018-09-13T06:00:00.0;4.999999964986833
2018-09-13T07:00:00.0;4.999999964986806
2018-09-13T08:00:00.0;4.999999964986802
2018-09-13T09:00:00.0;4.99999996498682
2018-09-13T10:00:00.0;4.99999996498688
2018-09-13T11:00:00.0;4.587826177596934
2018-09-13T12:00:00.0;3.9837055458657984
2018-09-13T13:00:00.0;3.9448779013186406
2018-09-13T14:00:00.0;4.085197565903903
2018-09-13T15:00:00.0;4.419959302576838
2018-09-13T16:00:00.0;4.91037510072191
2018-09-13T17:00:00.0;4.803778205472024
2018-09-13T18:00:00.0;4.866695685376591
2018-09-13T19:00:00.0;4.819628795023745
2018-09-13T20:00:00.0;4.672993756953129
2018-09-13T21:00:00.0;4.615355904204819
2018-09-13T22:00:00.0;4.46692616447104
2018-09-13T23:00:00.0;4.380599762042556
2018-09-14T00:00:00.0;3.8632655519718
2018-09-14T01:00:00.0;3.973594203713795
2018-09-14T02:00:00.0;4.046169380007796
2018-09-14T03:00:00.0;4.03761527450424
2018-09-14T04:00:00.0;4.014974294869266
2018-09-14T05:00:00.0;4.107155313063231
2018-09-14T06:00:00.0;4.595013946752146
2018-09-14T07:00:00.0;4.802523840527236
2018-09-14T08:00:00.0;4.819239941251097
2018-09-14T09:00:00.0;4.81116936622717
2018-09-14T10:00:00.0;4.696025635911995
2018-09-14T11:00:00.0;4.477174942123755
2018-09-14T12:00:00.0;3.9482484244803153
2018-09-14T13:00:00.0;3.549812074012838
2018-09-14T14:00:00.0;3.441133298074876
2018-09-14T15:00:00.0;3.581455832200431
2018-09-14T16:00:00.0;4.437048824412414
2018-09-14T17:00:00.0;4.159572037051303
2018-09-14T18:00:00.0;4.398964581160364
2018-09-14T19:00:00.0;4.340719367425394
2018-09-14T20:00:00.0;3.948181353334022
2018-09-14T21:00:00.0;3.7908297740256276
2018-09-14T22:00:00.0;3.284027856852642
2018-09-14T23:00:00.0;2.7547753953015763
2018-09-15T00:00:00.0;1.6646787508954333
2018-09-15T01:00:00.0;1.2893583650274747
2018-09-15T02:00:00.0;1.461031455188064
2018-09-15T03:00:00.0;1.6100861188905016
2018-09-15T04:00:00.0;1.882394384132571
2018-09-15T05:00:00.0;2.717059538067547
2018-09-15T06:00:00.0;3.457332264893626
2018-09-15T07:00:00.0;3.946739246190389
2018-09-15T08:00:00.0;4.1099312244298964
2018-09-15T09:00:00.0;4.070191428763231
2018-09-15T10:00:00.0;3.503219645283025
2018-09-15T11:00:00.0;2.780802109252034
2018-09-15T12:00:00.0;2.5637305609297982
2018-09-15T13:00:00.0;2.484846254223155
2018-09-15T14:00:00.0;2.53625296900598
2018-09-15T15:00:00.0;2.9511369758136308
2018-09-15T16:00:00.0;3.1374265738956035
2018-09-15T17:00:00.0;3.596397417347696
2018-09-15T18:00:00.0;3.8983093619925393
2018-09-15T19:00:00.0;4.267467501400265
2018-09-15T20:00:00.0;4.378212794964062
2018-09-15T21:00:00.0;4.405922244355857
2018-09-15T22:00:00.0;3.9384708273079987
2018-09-15T23:00:00.0;3.674043578444995
2018-09-16T00:00:00.0;2.362949902161681
2018-09-16T01:00:00.0;2.1177521883286285
2018-09-16T02:00:00.0;2.16196761266438
2018-09-16T03:00:00.0;2.277692018207226
2018-09-16T04:00:00.0;2.200301562118684
2018-09-16T05:00:00.0;2.254099036908476
2018-09-16T06:00:00.0;3.1026972463451665
2018-09-16T07:00:00.0;3.73445928140217
2018-09-16T08:00:00.0;3.8415856763912664
2018-09-16T09:00:00.0;3.789864786329446
2018-09-16T10:00:00.0;3.0519574873716953
2018-09-16T11:00:00.0;2.399530114189591
2018-09-16T12:00:00.0;2.095361417486949
2018-09-16T13:00:00.0;1.7959546315925208
2018-09-16T14:00:00.0;1.7417124308293463
2018-09-16T15:00:00.0;1.8711334899667782
2018-09-16T16:00:00.0;2.4961159019918697
2018-09-16T17:00:00.0;2.911276703787164
2018-09-16T18:00:00.0;3.3882047357252794
2018-09-16T19:00:00.0;3.805826847729868
2018-09-16T20:00:00.0;3.754206886147692
2018-09-16T21:00:00.0;3.71432808575435
2018-09-16T22:00:00.0;2.960596628302515
2018-09-16T23:00:00.0;2.338992491161528
2018-09-17T00:00:00.0;3.1359503635401245
2018-09-17T01:00:00.0;3.14201165791558
2018-09-17T02:00:00.0;3.299039212597378
2018-09-17T03:00:00.0;3.3349726574492387
2018-09-17T04:00:00.0;3.601895482964342
2018-09-17T05:00:00.0;4.306625655465652
2018-09-17T06:00:00.0;4.735650632128919
2018-09-17T07:00:00.0;4.840623827396642
2018-09-17T08:00:00.0;4.854114812966062
2018-09-17T09:00:00.0;4.84760133156373
2018-09-17T10:00:00.0;4.754672817327634
2018-09-17T11:00:00.0;4.357543870853356
2018-09-17T12:00:00.0;3.8336956931345743
2018-09-17T13:00:00.0;3.7362233459345213
2018-09-17T14:00:00.0;3.89667647473084
2018-09-17T15:00:00.0;4.248228714565357
2018-09-17T16:00:00.0;4.643705836808029
2018-09-17T17:00:00.0;4.6666793704967295
2018-09-17T18:00:00.0;4.749275286935151
2018-09-17T19:00:00.0;4.785011620403607
2018-09-17T20:00:00.0;4.725993541239287
2018-09-17T21:00:00.0;4.7003284110385986
2018-09-17T22:00:00.0;4.55224699776563
2018-09-17T23:00:00.0;4.395011662346594
2018-09-18T00:00:00.0;1.6218378987704196
2018-09-18T01:00:00.0;1.2366630589402197
2018-09-18T02:00:00.0;1.1172060755268085
2018-09-18T03:00:00.0;1.1001241645975508
2018-09-18T04:00:00.0;1.2143457198386787
2018-09-18T05:00:00.0;1.3834060655565956
2018-09-18T06:00:00.0;2.6108631134227034
2018-09-18T07:00:00.0;3.9586062246803877
2018-09-18T08:00:00.0;4.046758869116281
2018-09-18T09:00:00.0;4.004198553033653
2018-09-18T10:00:00.0;3.3969861124554073
2018-09-18T11:00:00.0;2.860113773437332
2018-09-18T12:00:00.0;2.657769397547289
2018-09-18T13:00:00.0;2.5425327205418373
2018-09-18T14:00:00.0;2.614307473447675
2018-09-18T15:00:00.0;2.6962536644396278
2018-09-18T16:00:00.0;3.0052309844306517
2018-09-18T17:00:00.0;3.4967771497373237
2018-09-18T18:00:00.0;3.82011720666612
2018-09-18T19:00:00.0;4.215476237433301
2018-09-18T20:00:00.0;4.334081645932912
2018-09-18T21:00:00.0;4.306625743079709
2018-09-18T22:00:00.0;3.4008482960610906
2018-09-18T23:00:00.0;2.8059276493280594
2018-09-19T00:00:00.0;2.54086890588612
2018-09-19T01:00:00.0;2.4634405515735858
2018-09-19T02:00:00.0;2.603781556375072
2018-09-19T03:00:00.0;2.5933245311161497
2018-09-19T04:00:00.0;2.472871230170523
2018-09-19T05:00:00.0;2.5853050206545705
2018-09-19T06:00:00.0;3.521970110755995
2018-09-19T07:00:00.0;4.18655191930454
2018-09-19T08:00:00.0;4.255409252851106
2018-09-19T09:00:00.0;4.222164760878087
2018-09-19T10:00:00.0;3.7478621483804053
2018-09-19T11:00:00.0;3.32850322890319
2018-09-19T12:00:00.0;2.804876816213946
2018-09-19T13:00:00.0;2.4301237010306806
2018-09-19T14:00:00.0;2.663537341044822
2018-09-19T15:00:00.0;2.9300288014865328
2018-09-19T16:00:00.0;3.4418564273767993
2018-09-19T17:00:00.0;3.825810402605218
2018-09-19T18:00:00.0;4.078376100337682
2018-09-19T19:00:00.0;4.387196883042427
2018-09-19T20:00:00.0;4.479841320719217
2018-09-19T21:00:00.0;4.49618689707349
2018-09-19T22:00:00.0;4.081185855099955
2018-09-19T23:00:00.0;3.446016200176266
2018-09-20T00:00:00.0;1.5021227317424837
2018-09-20T01:00:00.0;1.073294846147852
2018-09-20T02:00:00.0;0.8621746613898998
2018-09-20T03:00:00.0;0.8452173611839516
2018-09-20T04:00:00.0;1.0970521709528385
2018-09-20T05:00:00.0;1.3217452073727785
2018-09-20T06:00:00.0;2.5423780787736407
2018-09-20T07:00:00.0;4.039890560205216
2018-09-20T08:00:00.0;4.12116259019286
2018-09-20T09:00:00.0;4.081924251886786
2018-09-20T10:00:00.0;3.522106812542308
2018-09-20T11:00:00.0;3.001191165393405
2018-09-20T12:00:00.0;2.8975338568078755
2018-09-20T13:00:00.0;2.9106496389536227
2018-09-20T14:00:00.0;2.936518040798227
2018-09-20T15:00:00.0;2.934729481021542
2018-09-20T16:00:00.0;3.157477129306642
2018-09-20T17:00:00.0;3.6141088191340933
2018-09-20T18:00:00.0;3.9122110822151983
2018-09-20T19:00:00.0;4.276710992683148
2018-09-20T20:00:00.0;4.386058844672853
2018-09-20T21:00:00.0;4.339132313191003
2018-09-20T22:00:00.0;3.3367603751731205
2018-09-20T23:00:00.0;2.8234445211834767
2018-09-21T00:00:00.0;1.2139724277861106
2018-09-21T01:00:00.0;0.6924450358685605
2018-09-21T02:00:00.0;0.45713735397853517
2018-09-21T03:00:00.0;0.43625567044965885
2018-09-21T04:00:00.0;0.6555311661695365
2018-09-21T05:00:00.0;0.8503539491915568
2018-09-21T06:00:00.0;2.2078730484013342
2018-09-21T07:00:00.0;3.8608544777811504
2018-09-21T08:00:00.0;3.9572816823094206
2018-09-21T09:00:00.0;3.910726388024726
2018-09-21T10:00:00.0;3.246517179390853
2018-09-21T11:00:00.0;2.6592506354165124
2018-09-21T12:00:00.0;2.59975061415224
2018-09-21T13:00:00.0;2.5997506141522426
2018-09-21T14:00:00.0;2.5997506141522235
2018-09-21T15:00:00.0;2.599750614152239
2018-09-21T16:00:00.0;2.8179894579960307
2018-09-21T17:00:00.0;3.3556752293126517
2018-09-21T18:00:00.0;3.7093660119451464
2018-09-21T19:00:00.0;4.141835920997153
2018-09-21T20:00:00.0;4.271574377021213
2018-09-21T21:00:00.0;4.2243407584033275
2018-09-21T22:00:00.0;3.1004062009315194
2018-09-21T23:00:00.0;2.523328560400228
2018-09-22T00:00:00.0;1.1612600970512992
2018-09-22T01:00:00.0;0.578416992751491
2018-09-22T02:00:00.0;0.6764410529308312
2018-09-22T03:00:00.0;0.9084555636539758
2018-09-22T04:00:00.0;0.9464397170595017
2018-09-22T05:00:00.0;1.1550141248094519
2018-09-22T06:00:00.0;1.9353203022109637
2018-09-22T07:00:00.0;3.1405015058919856
2018-09-22T08:00:00.0;3.656029398193212
2018-09-22T09:00:00.0;3.5960237899468392
2018-09-22T10:00:00.0;2.739917558006883
2018-09-22T11:00:00.0;1.9470527385988947
2018-09-22T12:00:00.0;1.8433431323774112
2018-09-22T13:00:00.0;1.830525113097887
2018-09-22T14:00:00.0;1.8388782607478151
2018-09-22T15:00:00.0;1.9062933325161968
2018-09-22T16:00:00.0;2.1875836727243976
2018-09-22T17:00:00.0;2.8806125161461402
2018-09-22T18:00:00.0;3.336488284285792
2018-09-22T19:00:00.0;3.893903296684413
2018-09-22T20:00:00.0;4.06112455661381
2018-09-22T21:00:00.0;4.088341991493581
2018-09-22T22:00:00.0;3.1541781181781348
2018-09-22T23:00:00.0;2.6020088191196367
2018-09-23T00:00:00.0;4.378081812851078
2018-09-23T01:00:00.0;4.4481464408576565
2018-09-23T02:00:00.0;4.373123897421679
2018-09-23T03:00:00.0;4.434665191385939
2018-09-23T04:00:00.0;4.580611936589866
2018-09-23T05:00:00.0;4.682110309999047
2018-09-23T06:00:00.0;4.999999957051752
2018-09-23T07:00:00.0;4.999999957051687
2018-09-23T08:00:00.0;4.999999957051658
2018-09-23T09:00:00.0;4.999999957051657
2018-09-23T10:00:00.0;4.999999957051656
2018-09-23T11:00:00.0;4.999999957051662
2018-09-23T12:00:00.0;4.9999999570517
2018-09-23T13:00:00.0;4.310788703655913
2018-09-23T14:00:00.0;3.284432763479974
2018-09-23T15:00:00.0;3.2696865522221428
2018-09-23T16:00:00.0;4.517669481772841
2018-09-23T17:00:00.0;3.4160340744398368
2018-09-23T18:00:00.0;3.9239244421300072
2018-09-23T19:00:00.0;3.5439851902148405
2018-09-23T20:00:00.0;2.3602994559024464
2018-09-23T21:00:00.0;1.8950279563189547
2018-09-23T22:00:00.0;0.6968548062839434
2018-09-23T23:00:00.0;0.0
2018-09-24T00:00:00.0;2.6409342553535278
2018-09-24T01:00:00.0;2.5639592849996555
2018-09-24T02:00:00.0;2.726880162586616
2018-09-24T03:00:00.0;2.746410814677779
2018-09-24T04:00:00.0;2.69849953792423
2018-09-24T05:00:00.0;2.9637928846317454
2018-09-24T06:00:00.0;3.7652958824803697
2018-09-24T07:00:00.0;4.249524422644849
2018-09-24T08:00:00.0;4.313051214451069
2018-09-24T09:00:00.0;4.28238032129421
2018-09-24T10:00:00.0;3.8447955098389857
2018-09-24T11:00:00.0;3.3669714198276717
2018-09-24T12:00:00.0;2.8243865644443673
2018-09-24T13:00:00.0;2.5282509483558404
2018-09-24T14:00:00.0;2.7655666028752908
2018-09-24T15:00:00.0;3.0705375111818403
2018-09-24T16:00:00.0;3.5571698332106445
2018-09-24T17:00:00.0;3.9167094551335415
2018-09-24T18:00:00.0;4.149722958138142
2018-09-24T19:00:00.0;4.434636598528376
2018-09-24T20:00:00.0;4.520109032634719
2018-09-24T21:00:00.0;4.542089537840512
2018-09-24T22:00:00.0;4.212625125975156
2018-09-24T23:00:00.0;3.7051971568095525
2018-09-25T00:00:00.0;2.9633627937527742
2018-09-25T01:00:00.0;2.9555883952601945
2018-09-25T02:00:00.0;3.146848130002877
2018-09-25T03:00:00.0;3.1871311946515934
2018-09-25T04:00:00.0;3.5885294713163427
2018-09-25T05:00:00.0;4.557108113620886
2018-09-25T06:00:00.0;4.983025441671967
2018-09-25T07:00:00.0;4.99999996085506
2018-09-25T08:00:00.0;4.999999960855055
2018-09-25T09:00:00.0;4.999999960855071
2018-09-25T10:00:00.0;4.999999960855137
2018-09-25T11:00:00.0;4.681783028768533
2018-09-25T12:00:00.0;4.2952693905296
2018-09-25T13:00:00.0;4.141009040803358
2018-09-25T14:00:00.0;4.172327558201131
2018-09-25T15:00:00.0;4.625285572698361
2018-09-25T16:00:00.0;4.93016254819304
2018-09-25T17:00:00.0;4.807274244100465
2018-09-25T18:00:00.0;4.869070736196884
2018-09-25T19:00:00.0;4.82284242695589
2018-09-25T20:00:00.0;4.678819955220968
2018-09-25T21:00:00.0;4.622209024248888
2018-09-25T22:00:00.0;4.476423826681471
2018-09-25T23:00:00.0;4.359549088261205
2018-09-26T00:00:00.0;2.361141075040908
2018-09-26T01:00:00.0;2.2130457913721053
2018-09-26T02:00:00.0;2.33467262940518
2018-09-26T03:00:00.0;2.3667614700518973
2018-09-26T04:00:00.0;2.2556301285560365
2018-09-26T05:00:00.0;2.368811623303857
2018-09-26T06:00:00.0;3.3045426836212375
2018-09-26T07:00:00.0;3.984803602241054
2018-09-26T08:00:00.0;4.070738671894868
2018-09-26T09:00:00.0;4.029249006434988
2018-09-26T10:00:00.0;3.4373116492556437
2018-09-26T11:00:00.0;2.907704647792219
2018-09-26T12:00:00.0;2.435057533721796
2018-09-26T13:00:00.0;2.1096481811106904
2018-09-26T14:00:00.0;2.3123924057766434
2018-09-26T15:00:00.0;2.5539201515234944
2018-09-26T16:00:00.0;3.0554115437116933
2018-09-26T17:00:00.0;3.5345923354395214
2018-09-26T18:00:00.0;3.849798424738981
2018-09-26T19:00:00.0;4.235211772967574
2018-09-26T20:00:00.0;4.350833534582963
2018-09-26T21:00:00.0;4.375665062067562
2018-09-26T22:00:00.0;3.892041357647415
2018-09-26T23:00:00.0;3.2752306485548983
2018-09-27T00:00:00.0;3.4851009013703527
2018-09-27T01:00:00.0;3.542440837384435
2018-09-27T02:00:00.0;3.675119121682862
2018-09-27T03:00:00.0;3.6709516391241306
2018-09-27T04:00:00.0;3.7781300744385984
2018-09-27T05:00:00.0;4.202907652689653
2018-09-27T06:00:00.0;4.703448286830689
2018-09-27T07:00:00.0;4.859701796970376
2018-09-27T08:00:00.0;4.8715778568370895
2018-09-27T09:00:00.0;4.865844065582407
2018-09-27T10:00:00.0;4.784039471491429
2018-09-27T11:00:00.0;4.504375939028516
2018-09-27T12:00:00.0;3.977407322179942
2018-09-27T13:00:00.0;3.6761016430597913
2018-09-27T14:00:00.0;3.6833734912640925
2018-09-27T15:00:00.0;3.970235245563809
2018-09-27T16:00:00.0;4.607336679892937
2018-09-27T17:00:00.0;4.439639678028085
2018-09-27T18:00:00.0;4.597941287508764
2018-09-27T19:00:00.0;4.565370174164183
2018-09-27T20:00:00.0;4.313934913026831
2018-09-27T21:00:00.0;4.212931633364943
2018-09-27T22:00:00.0;3.8806527735244134
2018-09-27T23:00:00.0;3.504114823553248
2018-09-28T00:00:00.0;2.4074842782915806
2018-09-28T01:00:00.0;2.3076420248187755
2018-09-28T02:00:00.0;2.5200579441820663
2018-09-28T03:00:00.0;2.56504427587068
2018-09-28T04:00:00.0;2.821506347402254
2018-09-28T05:00:00.0;3.6332968106174537
2018-09-28T06:00:00.0;4.305759937248718
2018-09-28T07:00:00.0;4.571064482650282
2018-09-28T08:00:00.0;4.607373320532132
2018-09-28T09:00:00.0;4.589843323256019
2018-09-28T10:00:00.0;4.339741035277276
2018-09-28T11:00:00.0;3.907857830348409
2018-09-28T12:00:00.0;3.515716250182463
2018-09-28T13:00:00.0;3.3081327332519446
2018-09-28T14:00:00.0;3.4618137728336236
2018-09-28T15:00:00.0;3.928646009540937
2018-09-28T16:00:00.0;4.176110925160131
2018-09-28T17:00:00.0;4.3808435639411805
2018-09-28T18:00:00.0;4.514022798470808
2018-09-28T19:00:00.0;4.676865638241661
2018-09-28T20:00:00.0;4.7257175425342774
2018-09-28T21:00:00.0;4.738137846222199
2018-09-28T22:00:00.0;4.548727507360363
2018-09-28T23:00:00.0;4.283777058578539
2018-09-29T00:00:00.0;3.7180667718549456
2018-09-29T01:00:00.0;3.720412533297682
2018-09-29T02:00:00.0;3.7579502726323217
2018-09-29T03:00:00.0;3.810321331062008
2018-09-29T04:00:00.0;4.078242128470758
2018-09-29T05:00:00.0;4.5987449595403
2018-09-29T06:00:00.0;4.999999955520509
2018-09-29T07:00:00.0;4.999999955520451
2018-09-29T08:00:00.0;4.99999995552043
2018-09-29T09:00:00.0;4.999999955520437
2018-09-29T10:00:00.0;4.999999955520466
2018-09-29T11:00:00.0;4.880847956363122
2018-09-29T12:00:00.0;4.791247496630468
2018-09-29T13:00:00.0;4.2622389297523
2018-09-29T14:00:00.0;3.5654526946905047
2018-09-29T15:00:00.0;3.778602258167387
2018-09-29T16:00:00.0;4.659531384783793
2018-09-29T17:00:00.0;3.881906391482796
2018-09-29T18:00:00.0;4.240417239213122
2018-09-29T19:00:00.0;3.972224826134658
2018-09-29T20:00:00.0;3.136681954974102
2018-09-29T21:00:00.0;2.808255014138339
2018-09-29T22:00:00.0;1.962485731880918
2018-09-29T23:00:00.0;1.470588221632783
2018-09-30T00:00:00.0;3.276479000017539
2018-09-30T01:00:00.0;3.1092276779091597
2018-09-30T02:00:00.0;3.110587521637211
2018-09-30T03:00:00.0;3.2588288041063125
2018-09-30T04:00:00.0;3.3315675357044467
2018-09-30T05:00:00.0;3.4151365266941704
2018-09-30T06:00:00.0;3.843845566636935
2018-09-30T07:00:00.0;4.24686712290609
2018-09-30T08:00:00.0;4.47079862169751
2018-09-30T09:00:00.0;4.447170836280322
2018-09-30T10:00:00.0;4.110070772907219
2018-09-30T11:00:00.0;3.8120207208794454
2018-09-30T12:00:00.0;3.781823215819063
2018-09-30T13:00:00.0;3.319323345176831
2018-09-30T14:00:00.0;2.63058025338105
2018-09-30T15:00:00.0;2.6206847086324596
2018-09-30T16:00:00.0;3.5689128669184726
2018-09-30T17:00:00.0;3.102539752866862
2018-09-30T18:00:00.0;3.6228684860250766
2018-09-30T19:00:00.0;3.5873952053336473
2018-09-30T20:00:00.0;2.8589198711693533
2018-09-30T21:00:00.0;2.5636293000569856
2018-09-30T22:00:00.0;1.4309046012445994
2018-09-30T23:00:00.0;0.7617912677124851
2018-10-01T00:00:00.0;1.6912368326498883
2018-10-01T01:00:00.0;1.336886086276045
2018-10-01T02:00:00.0;1.3058507575128258
2018-10-01T03:00:00.0;1.312715142039204
2018-10-01T04:00:00.0;1.5162666348305858
2018-10-01T05:00:00.0;1.9641209803284225
2018-10-01T06:00:00.0;3.0548730144151293
2018-10-01T07:00:00.0;4.1127522094099795
2018-10-01T08:00:00.0;4.187856593653608
2018-10-01T09:00:00.0;4.151596010059615
2018-10-01T10:00:00.0;3.6342625058121953
2018-10-01T11:00:00.0;3.0912305471321755
2018-10-01T12:00:00.0;2.876562253572856
2018-10-01T13:00:00.0;2.76506150803652
2018-10-01T14:00:00.0;2.8353898833502877
2018-10-01T15:00:00.0;3.0536145312310614
2018-10-01T16:00:00.0;3.3004945530427094
2018-10-01T17:00:00.0;3.7192825804344523
2018-10-01T18:00:00.0;3.9947621877943464
2018-10-01T19:00:00.0;4.331600597474953
2018-10-01T20:00:00.0;4.432650160200269
2018-10-01T21:00:00.0;4.41473852714
2018-10-01T22:00:00.0;3.685451596390324
2018-10-01T23:00:00.0;3.2182990861054765
2018-10-02T00:00:00.0;1.736551920704496
2018-10-02T01:00:00.0;1.4094876765606832
2018-10-02T02:00:00.0;1.2741288546674618
2018-10-02T03:00:00.0;1.1826743586895894
2018-10-02T04:00:00.0;1.3468019424871727
2018-10-02T05:00:00.0;1.5640446085835953
2018-10-02T06:00:00.0;2.843445676275656
2018-10-02T07:00:00.0;4.285391778493802
2018-10-02T08:00:00.0;4.345882445246926
2018-10-02T09:00:00.0;4.316677400820438
2018-10-02T10:00:00.0;3.9000060051246686
2018-10-02T11:00:00.0;3.531602244167326
2018-10-02T12:00:00.0;3.311860519996807
2018-10-02T13:00:00.0;3.1697786208177234
2018-10-02T14:00:00.0;3.258273824523471
2018-10-02T15:00:00.0;3.3593099768075025
2018-10-02T16:00:00.0;3.6311822046610245
2018-10-02T17:00:00.0;3.9684829795795844
2018-10-02T18:00:00.0;4.190360108244097
2018-10-02T19:00:00.0;4.461656919939548
2018-10-02T20:00:00.0;4.54304438467848
2018-10-02T21:00:00.0;4.491432469223848
2018-10-02T22:00:00.0;3.616226902243525
2018-10-02T23:00:00.0;3.0145781129411926
2018-10-03T00:00:00.0;2.574972949000158
2018-10-03T01:00:00.0;2.5515810180056526
2018-10-03T02:00:00.0;2.7851283807280827
2018-10-03T03:00:00.0;2.82058106774505
2018-10-03T04:00:00.0;3.176027704114875
2018-10-03T05:00:00.0;4.123511408109226
2018-10-03T06:00:00.0;4.706173132606325
2018-10-03T07:00:00.0;4.847419887042983
2018-10-03T08:00:00.0;4.860335594492191
2018-10-03T09:00:00.0;4.854099858797749
2018-10-03T10:00:00.0;4.765133971362236
2018-10-03T11:00:00.0;4.469728483858877
2018-10-03T12:00:00.0;4.1266233105625245
2018-10-03T13:00:00.0;3.8842169002273392
2018-10-03T14:00:00.0;3.971952119892781
2018-10-03T15:00:00.0;4.473304948736309
2018-10-03T16:00:00.0;4.686040164079824
2018-10-03T17:00:00.0;4.7085065231023036
2018-10-03T18:00:00.0;4.778726187921621
2018-10-03T19:00:00.0;4.819562273619524
2018-10-03T20:00:00.0;4.783696416252207
2018-10-03T21:00:00.0;4.767236924919422
2018-10-03T22:00:00.0;4.646358106521194
2018-10-03T23:00:00.0;4.430948013555567
2018-10-04T00:00:00.0;2.976598504104823
2018-10-04T01:00:00.0;3.1482098915554935
2018-10-04T02:00:00.0;3.3749064002647
2018-10-04T03:00:00.0;3.400120517031549
2018-10-04T04:00:00.0;3.6505616087381587
2018-10-04T05:00:00.0;4.233233985326787
2018-10-04T06:00:00.0;4.728130895359476
2018-10-04T07:00:00.0;4.930882979997394
2018-10-04T08:00:00.0;4.960964716614845
2018-10-04T09:00:00.0;4.959221870333175
2018-10-04T10:00:00.0;4.9343565018009246
2018-10-04T11:00:00.0;4.837956139472598
2018-10-04T12:00:00.0;4.426371398188093
2018-10-04T13:00:00.0;4.124566589181609
2018-10-04T14:00:00.0;4.313309879302161
2018-10-04T15:00:00.0;4.648670718793258
2018-10-04T16:00:00.0;4.918314116991619
2018-10-04T17:00:00.0;4.938442947914989
2018-10-04T18:00:00.0;4.951683733411945
2018-10-04T19:00:00.0;4.967873698151854
2018-10-04T20:00:00.0;4.972730593358843
2018-10-04T21:00:00.0;4.973979616058388
2018-10-04T22:00:00.0;4.9439314917072315
2018-10-04T23:00:00.0;4.621083575676856
2018-10-05T00:00:00.0;2.7753850080622615
2018-10-05T01:00:00.0;2.706619760634461
2018-10-05T02:00:00.0;2.9397982366935884
2018-10-05T03:00:00.0;2.9628085859139803
2018-10-05T04:00:00.0;3.3877061175696785
2018-10-05T05:00:00.0;4.544277979753363
2018-10-05T06:00:00.0;4.99999995917337
2018-10-05T07:00:00.0;4.999999959173339
2018-10-05T08:00:00.0;4.999999959173338
2018-10-05T09:00:00.0;4.999999959173361
2018-10-05T10:00:00.0;4.999999959173446
2018-10-05T11:00:00.0;4.561316034907685
2018-10-05T12:00:00.0;4.058930352031848
2018-10-05T13:00:00.0;4.015955176916219
2018-10-05T14:00:00.0;4.218591061944981
2018-10-05T15:00:00.0;4.785560323682148
2018-10-05T16:00:00.0;4.982482044881928
2018-10-05T17:00:00.0;4.999999959173353
2018-10-05T18:00:00.0;4.99999995917333
2018-10-05T19:00:00.0;4.999999959173325
2018-10-05T20:00:00.0;4.999999959173331
2018-10-05T21:00:00.0;4.9999999591733655
2018-10-05T22:00:00.0;4.999999959173371
2018-10-05T23:00:00.0;4.999999959173414
2018-10-06T00:00:00.0;3.051565401300555
2018-10-06T01:00:00.0;3.0528801768995604
2018-10-06T02:00:00.0;3.2094725610282544
2018-10-06T03:00:00.0;3.2070510344871495
2018-10-06T04:00:00.0;3.2394809942175833
2018-10-06T05:00:00.0;3.595143520261765
2018-10-06T06:00:00.0;4.301062236232588
2018-10-06T07:00:00.0;4.617213533442334
2018-10-06T08:00:00.0;4.64961591348907
2018-10-06T09:00:00.0;4.633971963776115
2018-10-06T10:00:00.0;4.410778111854451
2018-10-06T11:00:00.0;4.143581310076148
2018-10-06T12:00:00.0;3.7233871198262363
2018-10-06T13:00:00.0;3.2717550927976915
2018-10-06T14:00:00.0;3.2244732585226665
2018-10-06T15:00:00.0;3.544773651714288
2018-10-06T16:00:00.0;4.157665629839514
2018-10-06T17:00:00.0;4.089127923870918
2018-10-06T18:00:00.0;4.322875242433698
2018-10-06T19:00:00.0;4.382246630476415
2018-10-06T20:00:00.0;4.158064891887397
2018-10-06T21:00:00.0;4.064020829213183
2018-10-06T22:00:00.0;3.624919630242293
2018-10-06T23:00:00.0;3.0777135776329225
2018-10-07T00:00:00.0;3.3221292843167696
2018-10-07T01:00:00.0;3.201816247567455
2018-10-07T02:00:00.0;3.185853995124664
2018-10-07T03:00:00.0;3.2928653156993613
2018-10-07T04:00:00.0;3.448191186463844
2018-10-07T05:00:00.0;3.7296340523362463
2018-10-07T06:00:00.0;4.2473261702499885
2018-10-07T07:00:00.0;4.467645545875494
2018-10-07T08:00:00.0;4.51270866378911
2018-10-07T09:00:00.0;4.490952078330501
2018-10-07T10:00:00.0;4.180548618700938
2018-10-07T11:00:00.0;3.846856752041462
2018-10-07T12:00:00.0;3.7744987675311346
2018-10-07T13:00:00.0;3.3195630903479163
2018-10-07T14:00:00.0;2.687332225266544
2018-10-07T15:00:00.0;2.7892106297315373
2018-10-07T16:00:00.0;3.676699435814229
2018-10-07T17:00:00.0;3.2345886420414005
2018-10-07T18:00:00.0;3.7195522302078023
2018-10-07T19:00:00.0;3.682517832762474
2018-10-07T20:00:00.0;2.9981181561709778
2018-10-07T21:00:00.0;2.7208610990885695
2018-10-07T22:00:00.0;1.7330048325094944
2018-10-07T23:00:00.0;1.1672729557141417
2018-10-08T00:00:00.0;2.190238716258755
2018-10-08T01:00:00.0;2.011287832849388
2018-10-08T02:00:00.0;2.136086823554731
2018-10-08T03:00:00.0;2.1359161849429005
2018-10-08T04:00:00.0;2.27621748579268
2018-10-08T05:00:00.0;2.8218827977809977
2018-10-08T06:00:00.0;3.732144990681403
2018-10-08T07:00:00.0;4.371158412145198
2018-10-08T08:00:00.0;4.424389042627707
2018-10-08T09:00:00.0;4.398689161777732
2018-10-08T10:00:00.0;4.032026298109382
2018-10-08T11:00:00.0;3.5877815741747128
2018-10-08T12:00:00.0;3.209524709622891
2018-10-08T13:00:00.0;2.967977292426659
2018-10-08T14:00:00.0;3.119658825326535
2018-10-08T15:00:00.0;3.4862254116765086
2018-10-08T16:00:00.0;3.795466492184528
2018-10-08T17:00:00.0;4.092284726713639
2018-10-08T18:00:00.0;4.2875323588262235
2018-10-08T19:00:00.0;4.526268367364198
2018-10-08T20:00:00.0;4.597887780638429
2018-10-08T21:00:00.0;4.59836449427261
2018-10-08T22:00:00.0;4.1834296330344785
2018-10-08T23:00:00.0;3.746564851753786
2018-10-09T00:00:00.0;2.134030674229845
2018-10-09T01:00:00.0;1.973851155997915
2018-10-09T02:00:00.0;2.281533573851467
2018-10-09T03:00:00.0;2.311896067008812
2018-10-09T04:00:00.0;2.872554589567646
2018-10-09T05:00:00.0;4.398668118536009
2018-10-09T06:00:00.0;4.999999951845525
2018-10-09T07:00:00.0;4.999999951845485
2018-10-09T08:00:00.0;4.999999951845482
2018-10-09T09:00:00.0;4.999999951845509
2018-10-09T10:00:00.0;4.999999951845613
2018-10-09T11:00:00.0;4.594883154848844
2018-10-09T12:00:00.0;4.290241591861661
2018-10-09T13:00:00.0;4.145719472439946
2018-10-09T14:00:00.0;4.239900529269795
2018-10-09T15:00:00.0;4.99999995184563
2018-10-09T16:00:00.0;4.999999951845517
2018-10-09T17:00:00.0;4.999999951845487
2018-10-09T18:00:00.0;4.999999951845466
2018-10-09T19:00:00.0;4.999999951845463
2018-10-09T20:00:00.0;4.999999951845472
2018-10-09T21:00:00.0;4.999999951845517
2018-10-09T22:00:00.0;4.999999951845525
2018-10-09T23:00:00.0;4.99999995184558
2018-10-10T00:00:00.0;2.864128163916769
2018-10-10T01:00:00.0;2.8563966194043733
2018-10-10T02:00:00.0;3.086549299953869
2018-10-10T03:00:00.0;3.083477190439757
2018-10-10T04:00:00.0;3.027940656502638
2018-10-10T05:00:00.0;3.3062587493900866
2018-10-10T06:00:00.0;3.981713249847686
2018-10-10T07:00:00.0;4.460467634379475
2018-10-10T08:00:00.0;4.61535567558043
2018-10-10T09:00:00.0;4.598182074286651
2018-10-10T10:00:00.0;4.353164524725542
2018-10-10T11:00:00.0;4.029913657319799
2018-10-10T12:00:00.0;3.4241607823769553
2018-10-10T13:00:00.0;3.105657115495173
2018-10-10T14:00:00.0;3.382420320077774
2018-10-10T15:00:00.0;3.702800287467268
2018-10-10T16:00:00.0;4.187185450863517
2018-10-10T17:00:00.0;4.39343141286716
2018-10-10T18:00:00.0;4.523903028943076
2018-10-10T19:00:00.0;4.683435170318827
2018-10-10T20:00:00.0;4.731293884359009
2018-10-10T21:00:00.0;4.74360146310183
2018-10-10T22:00:00.0;4.508071261973562
2018-10-10T23:00:00.0;3.9992961267058487
2018-10-11T00:00:00.0;2.851059952805014
2018-10-11T01:00:00.0;2.886516316448374
2018-10-11T02:00:00.0;3.092426848855273
2018-10-11T03:00:00.0;3.0497920627467074
2018-10-11T04:00:00.0;2.88637514634959
2018-10-11T05:00:00.0;3.004980814482631
2018-10-11T06:00:00.0;3.883879840055644
2018-10-11T07:00:00.0;4.4000152626341595
2018-10-11T08:00:00.0;4.450803198042124
2018-10-11T09:00:00.0;4.426282656452242
2018-10-11T10:00:00.0;4.076445548236694
2018-10-11T11:00:00.0;3.767133923487791
2018-10-11T12:00:00.0;3.1454591896255475
2018-10-11T13:00:00.0;2.6856530192643495
2018-10-11T14:00:00.0;2.972041651077284
2018-10-11T15:00:00.0;3.299015364957533
2018-10-11T16:00:00.0;3.8507412115694803
2018-10-11T17:00:00.0;4.133938783841821
2018-10-11T18:00:00.0;4.320226716906074
2018-10-11T19:00:00.0;4.548007392642544
2018-10-11T20:00:00.0;4.616340269829183
2018-10-11T21:00:00.0;4.633913083548987
2018-10-11T22:00:00.0;4.370515282506447
2018-10-11T23:00:00.0;3.720980880314089
2018-10-12T00:00:00.0;1.8282305385008577
2018-10-12T01:00:00.0;1.5165963378088922
2018-10-12T02:00:00.0;1.4446191187676696
2018-10-12T03:00:00.0;1.4121199304412881
2018-10-12T04:00:00.0;1.4914430685378701
2018-10-12T05:00:00.0;1.660206899183279
2018-10-12T06:00:00.0;2.8421957500845725
2018-10-12T07:00:00.0;4.076863625786109
2018-10-12T08:00:00.0;4.155005932925768
2018-10-12T09:00:00.0;4.11727863259834
2018-10-12T10:00:00.0;3.579019328701955
2018-10-12T11:00:00.0;3.103112525465345
2018-10-12T12:00:00.0;2.8337200113092558
2018-10-12T13:00:00.0;2.6614492343298086
2018-10-12T14:00:00.0;2.768747472806543
2018-10-12T15:00:00.0;2.8912513002296576
2018-10-12T16:00:00.0;3.2317506819864215
2018-10-12T17:00:00.0;3.6674784093678756
2018-10-12T18:00:00.0;3.954100985477438
2018-10-12T19:00:00.0;4.304564287064672
2018-10-12T20:00:00.0;4.409701238074031
2018-10-12T21:00:00.0;4.385422698111066
2018-10-12T22:00:00.0;3.582963472152967
2018-10-12T23:00:00.0;2.9786207322717164
2018-10-13T00:00:00.0;1.3475468905491934
2018-10-13T01:00:00.0;0.8690843331749134
2018-10-13T02:00:00.0;0.8507683505823106
2018-10-13T03:00:00.0;0.916079580470758
2018-10-13T04:00:00.0;1.1441308829026797
2018-10-13T05:00:00.0;1.5851006206802385
2018-10-13T06:00:00.0;2.600274786638768
2018-10-13T07:00:00.0;3.8648448283079806
2018-10-13T08:00:00.0;4.122345946145412
2018-10-13T09:00:00.0;4.08316044264621
2018-10-13T10:00:00.0;3.52409680296718
2018-10-13T11:00:00.0;2.948477377214927
2018-10-13T12:00:00.0;2.8372462315921476
2018-10-13T13:00:00.0;2.808236596480298
2018-10-13T14:00:00.0;2.8271413710851334
2018-10-13T15:00:00.0;2.9797146033757085
2018-10-13T16:00:00.0;3.1634058271237047
2018-10-13T17:00:00.0;3.61597492795591
2018-10-13T18:00:00.0;3.9136757934198925
2018-10-13T19:00:00.0;4.277684901188157
2018-10-13T20:00:00.0;4.386885515224108
2018-10-13T21:00:00.0;4.3670308943894725
2018-10-13T22:00:00.0;3.499610473094097
2018-10-13T23:00:00.0;3.0252952807748135
2018-10-14T00:00:00.0;1.701109191853429
2018-10-14T01:00:00.0;1.3530444150737866
2018-10-14T02:00:00.0;1.6468016723769014
2018-10-14T03:00:00.0;1.795093883333846
2018-10-14T04:00:00.0;2.1189155859229447
2018-10-14T05:00:00.0;3.1065858523986027
2018-10-14T06:00:00.0;3.6564608741146722
2018-10-14T07:00:00.0;4.161088534152243
2018-10-14T08:00:00.0;4.508219926199429
2018-10-14T09:00:00.0;4.486262927599597
2018-10-14T10:00:00.0;4.173000152912854
2018-10-14T11:00:00.0;3.642204719245606
2018-10-14T12:00:00.0;3.4232728478861225
2018-10-14T13:00:00.0;3.3327241529760427
2018-10-14T14:00:00.0;3.391732226033081
2018-10-14T15:00:00.0;3.8679638990222744
2018-10-14T16:00:00.0;3.9708924716440173
2018-10-14T17:00:00.0;4.224482657451112
2018-10-14T18:00:00.0;4.391294792104409
2018-10-14T19:00:00.0;4.595261737935865
2018-10-14T20:00:00.0;4.6564506347313115
2018-10-14T21:00:00.0;4.6721862678463895
2018-10-14T22:00:00.0;4.307256632516938
2018-10-14T23:00:00.0;4.0696234364687465
2018-10-15T00:00:00.0;2.0447483637949433
2018-10-15T01:00:00.0;1.8552327753368352
2018-10-15T02:00:00.0;2.197720247724367
2018-10-15T03:00:00.0;2.2810483431722424
2018-10-15T04:00:00.0;2.7859134472231135
2018-10-15T05:00:00.0;4.13204041019299
2018-10-15T06:00:00.0;4.597383093285173
2018-10-15T07:00:00.0;4.792012276139179
2018-10-15T08:00:00.0;4.999999955029973
2018-10-15T09:00:00.0;4.999999955029996
2018-10-15T10:00:00.0;4.9999999550300815
2018-10-15T11:00:00.0;4.659533837905167
2018-10-15T12:00:00.0;4.4035085858444925
2018-10-15T13:00:00.0;4.28113218395554
2018-10-15T14:00:00.0;4.358916437005661
2018-10-15T15:00:00.0;4.99769553702682
2018-10-15T16:00:00.0;4.9993575910353245
2018-10-15T17:00:00.0;4.9978904415243415
2018-10-15T18:00:00.0;4.998566845985925
2018-10-15T19:00:00.0;4.998060845830219
2018-10-15T20:00:00.0;4.99648442232871
2018-10-15T21:00:00.0;4.995864777345912
2018-10-15T22:00:00.0;4.9052767667807
2018-10-15T23:00:00.0;4.828958525352545
2018-10-16T00:00:00.0;2.081459318810167
2018-10-16T01:00:00.0;1.8910406127328012
2018-10-16T02:00:00.0;2.2317587004808828
2018-10-16T03:00:00.0;2.289304843861527
2018-10-16T04:00:00.0;2.7747747541953327
2018-10-16T05:00:00.0;4.145411297243603
2018-10-16T06:00:00.0;4.668204940789682
2018-10-16T07:00:00.0;4.835639016325093
2018-10-16T08:00:00.0;4.999999953817246
2018-10-16T09:00:00.0;4.999999953817271
2018-10-16T10:00:00.0;4.999999953817362
2018-10-16T11:00:00.0;4.637145876198292
2018-10-16T12:00:00.0;4.336305790381643
2018-10-16T13:00:00.0;4.195872119474709
2018-10-16T14:00:00.0;4.294541075907169
2018-10-16T15:00:00.0;4.975514722147482
2018-10-16T16:00:00.0;4.999236399815448
2018-10-16T17:00:00.0;4.999999953817246
2018-10-16T18:00:00.0;4.999999953817228
2018-10-16T19:00:00.0;4.999999953817227
2018-10-16T20:00:00.0;4.999999953817236
2018-10-16T21:00:00.0;4.999703429351239
2018-10-16T22:00:00.0;4.927082685475098
2018-10-16T23:00:00.0;4.848837029001285
2018-10-17T00:00:00.0;2.598448023967527
2018-10-17T01:00:00.0;2.5013536308491195
2018-10-17T02:00:00.0;2.7830000671725945
2018-10-17T03:00:00.0;2.853398722758308
2018-10-17T04:00:00.0;3.1693880677277932
2018-10-17T05:00:00.0;4.049633865048305
2018-10-17T06:00:00.0;4.478801681691556
2018-10-17T07:00:00.0;4.757151649677136
2018-10-17T08:00:00.0;4.999999958660787
2018-10-17T09:00:00.0;4.9999999586607995
2018-10-17T10:00:00.0;4.999999958660855
2018-10-17T11:00:00.0;4.79612374139667
2018-10-17T12:00:00.0;4.5301806078013325
2018-10-17T13:00:00.0;4.249453000002507
2018-10-17T14:00:00.0;4.172388776011365
2018-10-17T15:00:00.0;4.614721725802332
2018-10-17T16:00:00.0;4.915832051583201
2018-10-17T17:00:00.0;4.7235938428235045
2018-10-17T18:00:00.0;4.8122220167920675
2018-10-17T19:00:00.0;4.74592164124179
2018-10-17T20:00:00.0;4.539365439631069
2018-10-17T21:00:00.0;4.458174367638065
2018-10-17T22:00:00.0;4.145181862783193
2018-10-17T23:00:00.0;3.838961528528537
2018-10-18T00:00:00.0;2.0243074942924633
2018-10-18T01:00:00.0;1.8481775797186124
2018-10-18T02:00:00.0;2.213055083932902
2018-10-18T03:00:00.0;2.3926753472737023
2018-10-18T04:00:00.0;2.834854349288585
2018-10-18T05:00:00.0;3.8307379647225654
2018-10-18T06:00:00.0;4.038145122992811
2018-10-18T07:00:00.0;4.503115767038747
2018-10-18T08:00:00.0;4.999999962868736
2018-10-18T09:00:00.0;4.999999962868752
2018-10-18T10:00:00.0;4.9999999628688
2018-10-18T11:00:00.0;4.796127291536202
2018-10-18T12:00:00.0;4.642818197206967
2018-10-18T13:00:00.0;4.5670032866622225
2018-10-18T14:00:00.0;4.609805259655762
2018-10-18T15:00:00.0;4.992254866346186
2018-10-18T16:00:00.0;4.997840992085525
2018-10-18T17:00:00.0;4.992909935931922
2018-10-18T18:00:00.0;4.995183315950635
2018-10-18T19:00:00.0;4.993482660930224
2018-10-18T20:00:00.0;4.988184337378502
2018-10-18T21:00:00.0;4.986101724677607
2018-10-18T22:00:00.0;4.768135268236005
2018-10-18T23:00:00.0;4.5849083393856445
2018-10-19T00:00:00.0;2.287334976174011
2018-10-19T01:00:00.0;2.1263700360181548
2018-10-19T02:00:00.0;2.429722350450712
2018-10-19T03:00:00.0;2.5301590545087413
2018-10-19T04:00:00.0;2.982506014390626
2018-10-19T05:00:00.0;4.1246174897616665
2018-10-19T06:00:00.0;4.522313187563589
2018-10-19T07:00:00.0;4.753231945281035
2018-10-19T08:00:00.0;4.999999956766868
2018-10-19T09:00:00.0;4.999999956766888
2018-10-19T10:00:00.0;4.999999956766956
2018-10-19T11:00:00.0;4.723180793142444
2018-10-19T12:00:00.0;4.515017065307562
2018-10-19T13:00:00.0;4.340831917227083
2018-10-19T14:00:00.0;4.292854828112952
2018-10-19T15:00:00.0;4.810622192679825
2018-10-19T16:00:00.0;4.947210290626382
2018-10-19T17:00:00.0;4.8266395028733164
2018-10-19T18:00:00.0;4.882226624816703
2018-10-19T19:00:00.0;4.840643379945683
2018-10-19T20:00:00.0;4.711092422806798
2018-10-19T21:00:00.0;4.660169811886377
2018-10-19T22:00:00.0;4.423447902792539
2018-10-19T23:00:00.0;4.257732126115873
2018-10-20T00:00:00.0;3.1958678288447593
2018-10-20T01:00:00.0;3.1227894590172407
2018-10-20T02:00:00.0;3.2617628536254757
2018-10-20T03:00:00.0;3.329650386533613
2018-10-20T04:00:00.0;3.6475001679640746
2018-10-20T05:00:00.0;4.384901291473231
2018-10-20T06:00:00.0;4.789764657579108
2018-10-20T07:00:00.0;4.891394589361652
2018-10-20T08:00:00.0;4.999999955254499
2018-10-20T09:00:00.0;4.999999955254512
2018-10-20T10:00:00.0;4.999999955254555
2018-10-20T11:00:00.0;4.821447142168186
2018-10-20T12:00:00.0;4.687178189467079
2018-10-20T13:00:00.0;4.274525349397767
2018-10-20T14:00:00.0;3.7963792820311166
2018-10-20T15:00:00.0;4.1239223948239285
2018-10-20T16:00:00.0;4.755790493012469
2018-10-20T17:00:00.0;4.1980198270472355
2018-10-20T18:00:00.0;4.455170556533751
2018-10-20T19:00:00.0;4.262802947289878
2018-10-20T20:00:00.0;3.6634892579093643
2018-10-20T21:00:00.0;3.4279169510918437
2018-10-20T22:00:00.0;2.7747988230059715
2018-10-20T23:00:00.0;2.382606579477164
2018-10-21T00:00:00.0;2.365075839193075
2018-10-21T01:00:00.0;2.0769508562663725
2018-10-21T02:00:00.0;2.0069969401993304
2018-10-21T03:00:00.0;2.0641444505966096
2018-10-21T04:00:00.0;2.273517363588722
2018-10-21T05:00:00.0;2.62682254312272
2018-10-21T06:00:00.0;3.480323738964463
2018-10-21T07:00:00.0;4.237793286598956
2018-10-21T08:00:00.0;4.302313103781972
2018-10-21T09:00:00.0;4.27116277550227
2018-10-21T10:00:00.0;3.8267378134598378
2018-10-21T11:00:00.0;3.367020359286381
2018-10-21T12:00:00.0;3.2769948008544443
2018-10-21T13:00:00.0;3.033005322044389
2018-10-21T14:00:00.0;2.7206605202003775
2018-10-21T15:00:00.0;2.841236528921914
2018-10-21T16:00:00.0;3.385928157348361
2018-10-21T17:00:00.0;3.393779227233264
2018-10-21T18:00:00.0;3.7926802844934735
2018-10-21T19:00:00.0;3.9606762841779406
2018-10-21T20:00:00.0;3.6693573077307042
2018-10-21T21:00:00.0;3.512898397893393
2018-10-21T22:00:00.0;2.562143640438855
2018-10-21T23:00:00.0;2.0434004980636082
2018-10-22T00:00:00.0;2.8807835106364417
2018-10-22T01:00:00.0;2.8302571381022728
2018-10-22T02:00:00.0;2.843122235886095
2018-10-22T03:00:00.0;2.766199069313604
2018-10-22T04:00:00.0;2.816588910609139
2018-10-22T05:00:00.0;2.992464362509245
2018-10-22T06:00:00.0;3.9097513443563825
2018-10-22T07:00:00.0;4.681391073751281
2018-10-22T08:00:00.0;4.708360907833026
2018-10-22T09:00:00.0;4.695339804829684
2018-10-22T10:00:00.0;4.509566378750688
2018-10-22T11:00:00.0;4.345313133722552
2018-10-22T12:00:00.0;3.998356646939873
2018-10-22T13:00:00.0;3.5811295011108557
2018-10-22T14:00:00.0;3.5031829796953775
2018-10-22T15:00:00.0;3.682714582921315
2018-10-22T16:00:00.0;4.277774153943393
2018-10-22T17:00:00.0;4.17249811447443
2018-10-22T18:00:00.0;4.389290921844835
2018-10-22T19:00:00.0;4.422074537802397
2018-10-22T20:00:00.0;4.183657426008021
2018-10-22T21:00:00.0;4.0515915071755275
2018-10-22T22:00:00.0;3.37497928792066
2018-10-22T23:00:00.0;2.7274095576589956
2018-10-23T00:00:00.0;1.2549852145462745
2018-10-23T01:00:00.0;0.7883106353526085
2018-10-23T02:00:00.0;0.46370598303997185
2018-10-23T03:00:00.0;0.2861380102819163
2018-10-23T04:00:00.0;0.6602704264427144
2018-10-23T05:00:00.0;0.9679037428462594
2018-10-23T06:00:00.0;2.4966521798829198
2018-10-23T07:00:00.0;4.493809172757939
2018-10-23T08:00:00.0;4.536657574879971
2018-10-23T09:00:00.0;4.515970259716367
2018-10-23T10:00:00.0;4.2208221902069
2018-10-23T11:00:00.0;3.95986437076019
2018-10-23T12:00:00.0;3.9334249354382465
2018-10-23T13:00:00.0;3.9334249354382504
2018-10-23T14:00:00.0;3.933424935438221
2018-10-23T15:00:00.0;3.9334249354382447
2018-10-23T16:00:00.0;4.0304015696299755
2018-10-23T17:00:00.0;4.26932767204462
2018-10-23T18:00:00.0;4.426493743126329
2018-10-23T19:00:00.0;4.6186661145997245
2018-10-23T20:00:00.0;4.676316707724448
2018-10-23T21:00:00.0;4.569197889644919
2018-10-23T22:00:00.0;3.4031041735538525
2018-10-23T23:00:00.0;2.8206727155708617
2018-10-24T00:00:00.0;2.590578652749696
2018-10-24T01:00:00.0;2.5454620948460893
2018-10-24T02:00:00.0;2.5516691719765516
2018-10-24T03:00:00.0;2.45369421787989
2018-10-24T04:00:00.0;2.5863106904786397
2018-10-24T05:00:00.0;2.842635891039638
2018-10-24T06:00:00.0;3.8210537057179303
2018-10-24T07:00:00.0;4.7469438425947486
2018-10-24T08:00:00.0;4.768364719252948
2018-10-24T09:00:00.0;4.758022666701085
2018-10-24T10:00:00.0;4.610471531074952
2018-10-24T11:00:00.0;4.480012867822042
2018-10-24T12:00:00.0;4.128478575726068
2018-10-24T13:00:00.0;3.8118725346683417
2018-10-24T14:00:00.0;3.89693155425337
2018-10-24T15:00:00.0;4.083181368739463
2018-10-24T16:00:00.0;4.478118485074576
2018-10-24T17:00:00.0;4.512695817300835
2018-10-24T18:00:00.0;4.630393237531132
2018-10-24T19:00:00.0;4.6971949626728415
2018-10-24T20:00:00.0;4.6348276566496205
2018-10-24T21:00:00.0;4.560851221383102
2018-10-24T22:00:00.0;4.004928615520503
2018-10-24T23:00:00.0;3.42829533819143
2018-10-25T00:00:00.0;2.597534214989643
2018-10-25T01:00:00.0;2.499593523604292
2018-10-25T02:00:00.0;2.3158495301071214
2018-10-25T03:00:00.0;2.2504247430875823
2018-10-25T04:00:00.0;2.698839317280092
2018-10-25T05:00:00.0;3.080474366740847
2018-10-25T06:00:00.0;3.944173602043307
2018-10-25T07:00:00.0;4.999999974418507
2018-10-25T08:00:00.0;4.999999974418481
2018-10-25T09:00:00.0;4.9999999744184755
2018-10-25T10:00:00.0;4.999999974418478
2018-10-25T11:00:00.0;4.999999974418487
2018-10-25T12:00:00.0;4.999999974418507
2018-10-25T13:00:00.0;4.805366219473194
2018-10-25T14:00:00.0;4.515522561868015
2018-10-25T15:00:00.0;4.511358221175406
2018-10-25T16:00:00.0;4.8637895003939615
2018-10-25T17:00:00.0;4.55268686698004
2018-10-25T18:00:00.0;4.696115473052625
2018-10-25T19:00:00.0;4.5888203543397355
2018-10-25T20:00:00.0;4.254546649420819
2018-10-25T21:00:00.0;4.0511310891855095
2018-10-25T22:00:00.0;3.1552988505393826
2018-10-25T23:00:00.0;2.6859021752219285
2018-10-26T00:00:00.0;2.6344325140522677
2018-10-26T01:00:00.0;2.6037474649867693
2018-10-26T02:00:00.0;2.9296115648227072
2018-10-26T03:00:00.0;2.9503468969793696
2018-10-26T04:00:00.0;2.8214687986003093
2018-10-26T05:00:00.0;2.9907729578345315
2018-10-26T06:00:00.0;3.610587037628911
2018-10-26T07:00:00.0;4.316823522070638
2018-10-26T08:00:00.0;4.7017173611803935
2018-10-26T09:00:00.0;4.688399637059122
2018-10-26T10:00:00.0;4.498394286748281
2018-10-26T11:00:00.0;4.330399347859696
2018-10-26T12:00:00.0;3.790960686548326
2018-10-26T13:00:00.0;3.384055309970552
2018-10-26T14:00:00.0;3.6374948712184856
2018-10-26T15:00:00.0;3.9268501925552153
2018-10-26T16:00:00.0;4.375808573146086
2018-10-26T17:00:00.0;4.529620311990065
2018-10-26T18:00:00.0;4.630797983395774
2018-10-26T19:00:00.0;4.754511409075833
2018-10-26T20:00:00.0;4.79162471684877
2018-10-26T21:00:00.0;4.801168954862336
2018-10-26T22:00:00.0;4.505227860013013
2018-10-26T23:00:00.0;3.8498802366549936
2018-10-27T00:00:00.0;3.000261139462724
2018-10-27T01:00:00.0;2.9664502300588897
2018-10-27T02:00:00.0;3.175784910950611
2018-10-27T03:00:00.0;3.2079836879534125
2018-10-27T04:00:00.0;3.185063778452819
2018-10-27T05:00:00.0;3.4207904485176495
2018-10-27T06:00:00.0;4.000000312507989
2018-10-27T07:00:00.0;4.484543139255572
2018-10-27T08:00:00.0;4.725610457778718
2018-10-27T09:00:00.0;4.713359513008362
2018-10-27T10:00:00.0;4.538574014259881
2018-10-27T11:00:00.0;4.354115805644851
2018-10-27T12:00:00.0;3.9662811985169015
2018-10-27T13:00:00.0;3.5094960563876243
2018-10-27T14:00:00.0;3.42734431674451
2018-10-27T15:00:00.0;3.6734427328997925
2018-10-27T16:00:00.0;4.304211375709731
2018-10-27T17:00:00.0;4.167978336875627
2018-10-27T18:00:00.0;4.389091456377105
2018-10-27T19:00:00.0;4.407111845110969
2018-10-27T20:00:00.0;4.142843155696291
2018-10-27T21:00:00.0;4.034327161572791
2018-10-27T22:00:00.0;3.508377951728556
2018-10-27T23:00:00.0;2.883057133638314
2018-10-28T00:00:00.0;1.4053665318917419
2018-10-28T01:00:00.0;0.9538041515503247
2018-10-28T02:00:00.0;0.880012734359891
2018-10-28T03:00:00.0;0.8803426802397654
2018-10-28T04:00:00.0;1.0587611255868457
2018-10-28T05:00:00.0;1.3103502501487745
2018-10-28T06:00:00.0;2.4326815601288923
2018-10-28T07:00:00.0;3.9713477569615083
2018-10-28T08:00:00.0;4.248570228317162
2018-10-28T09:00:00.0;4.215020387341822
2018-10-28T10:00:00.0;3.7363613289810043
2018-10-28T11:00:00.0;3.300132451019181
2018-10-28T12:00:00.0;3.1737357690630397
2018-10-28T13:00:00.0;3.111665100427029
2018-10-28T14:00:00.0;3.1504594655972644
2018-10-28T15:00:00.0;3.215721479255325
2018-10-28T16:00:00.0;3.4275449606770474
2018-10-28T17:00:00.0;3.815025534037013
2018-10-28T18:00:00.0;4.069911035118785
2018-10-28T19:00:00.0;4.381568321325323
2018-10-28T20:00:00.0;4.475063693546063
2018-10-28T21:00:00.0;4.432865684457348
2018-10-28T22:00:00.0;3.4708699450786655
2018-10-28T23:00:00.0;2.885592257545114
2018-10-29T00:00:00.0;3.0443709007664927
2018-10-29T01:00:00.0;3.178879129500597
2018-10-29T02:00:00.0;3.355228640003679
2018-10-29T03:00:00.0;3.182963893722595
2018-10-29T04:00:00.0;3.108175676115436
2018-10-29T05:00:00.0;3.3111357707506275
2018-10-29T06:00:00.0;4.2826149640360605
2018-10-29T07:00:00.0;4.9677611294108575
2018-10-29T08:00:00.0;4.970490105932753
2018-10-29T09:00:00.0;4.969172549277476
2018-10-29T10:00:00.0;4.950374831922979
2018-10-29T11:00:00.0;4.933754661106484
2018-10-29T12:00:00.0;4.2840611894629985
2018-10-29T13:00:00.0;3.779333922511373
2018-10-29T14:00:00.0;4.093701498978227
2018-10-29T15:00:00.0;4.452619146477745
2018-10-29T16:00:00.0;4.938247112402328
2018-10-29T17:00:00.0;4.953464102807388
2018-10-29T18:00:00.0;4.963473869724796
2018-10-29T19:00:00.0;4.975713156697983
2018-10-29T20:00:00.0;4.979384871565316
2018-10-29T21:00:00.0;4.954556915918967
2018-10-29T22:00:00.0;4.740922509040282
2018-10-29T23:00:00.0;4.079952677460596
2018-10-30T00:00:00.0;2.9012685580359396
2018-10-30T01:00:00.0;2.985662486447922
2018-10-30T02:00:00.0;3.1883705732493333
2018-10-30T03:00:00.0;3.0428626634891978
2018-10-30T04:00:00.0;2.980371003886614
2018-10-30T05:00:00.0;3.1929406269371743
2018-10-30T06:00:00.0;4.098937140794534
2018-10-30T07:00:00.0;4.8824341556507305
2018-10-30T08:00:00.0;4.999999970438185
2018-10-30T09:00:00.0;4.99999997043817
2018-10-30T10:00:00.0;4.999999970438197
2018-10-30T11:00:00.0;4.9999999704382185
2018-10-30T12:00:00.0;4.393702727465835
2018-10-30T13:00:00.0;3.921464714767407
2018-10-30T14:00:00.0;4.215596475201416
2018-10-30T15:00:00.0;4.551410622119324
2018-10-30T16:00:00.0;4.999999970438216
2018-10-30T17:00:00.0;4.999999970438177
2018-10-30T18:00:00.0;4.999999970438168
2018-10-30T19:00:00.0;4.999999970438178
2018-10-30T20:00:00.0;4.99999997043819
2018-10-30T21:00:00.0;4.972822388659587
2018-10-30T22:00:00.0;4.712159880769156
2018-10-30T23:00:00.0;4.04672630695123
2018-10-31T00:00:00.0;2.95331622945191
2018-10-31T01:00:00.0;3.024643520968938
2018-10-31T02:00:00.0;3.1613487433660294
2018-10-31T03:00:00.0;3.018026188380017
2018-10-31T04:00:00.0;3.0179202280121364
2018-10-31T05:00:00.0;3.295110201574372
2018-10-31T06:00:00.0;4.219973493311248
2018-10-31T07:00:00.0;4.910794480636204
2018-10-31T08:00:00.0;4.918345610881422
2018-10-31T09:00:00.0;4.914699906409637
2018-10-31T10:00:00.0;4.862686262863517
2018-10-31T11:00:00.0;4.756839680337947
2018-10-31T12:00:00.0;4.147366119479171
2018-10-31T13:00:00.0;3.7549037499623674
2018-10-31T14:00:00.0;4.044837891879769
2018-10-31T15:00:00.0;4.375117360097462
2018-10-31T16:00:00.0;4.824541077248806
2018-10-31T17:00:00.0;4.871234334502705
2018-10-31T18:00:00.0;4.898931551063789
2018-10-31T19:00:00.0;4.932797892272967
2018-10-31T20:00:00.0;4.942957597555809
2018-10-31T21:00:00.0;4.9168913548286675
2018-10-31T22:00:00.0;4.655749246458058
2018-10-31T23:00:00.0;4.084561185418154
2018-11-01T00:00:00.0;3.4321095972314466
2018-11-01T01:00:00.0;3.6922348318357523
2018-11-01T02:00:00.0;3.988549852027934
2018-11-01T03:00:00.0;3.8351950223786253
2018-11-01T04:00:00.0;3.644425806774206
2018-11-01T05:00:00.0;3.8116552837940585
2018-11-01T06:00:00.0;4.641539927282166
2018-11-01T07:00:00.0;4.999999968319899
2018-11-01T08:00:00.0;4.999999968319867
2018-11-01T09:00:00.0;4.999999968319849
2018-11-01T10:00:00.0;4.999999968319885
2018-11-01T11:00:00.0;4.999999968319912
2018-11-01T12:00:00.0;4.209892147331531
2018-11-01T13:00:00.0;3.594486170270156
2018-11-01T14:00:00.0;3.9777895862327144
2018-11-01T15:00:00.0;4.415412199486888
2018-11-01T16:00:00.0;4.99999996831991
2018-11-01T17:00:00.0;4.999999968319862
2018-11-01T18:00:00.0;4.999999968319849
2018-11-01T19:00:00.0;4.999999968319859
2018-11-01T20:00:00.0;4.9999999683198695
2018-11-01T21:00:00.0;4.999999968319924
2018-11-01T22:00:00.0;4.999999968319882
2018-11-01T23:00:00.0;4.32241431082423
2018-11-02T00:00:00.0;2.3259538323343256
2018-11-02T01:00:00.0;2.1928279055414026
2018-11-02T02:00:00.0;2.313646530387065
2018-11-02T03:00:00.0;2.234444021591102
2018-11-02T04:00:00.0;2.5694708424641393
2018-11-02T05:00:00.0;3.38976492631103
2018-11-02T06:00:00.0;4.23072341044099
2018-11-02T07:00:00.0;4.935045436486538
2018-11-02T08:00:00.0;4.999999965035955
2018-11-02T09:00:00.0;4.999999965035961
2018-11-02T10:00:00.0;4.999999965036017
2018-11-02T11:00:00.0;4.7826600445451515
2018-11-02T12:00:00.0;4.412389939471087
2018-11-02T13:00:00.0;4.241389814559614
2018-11-02T14:00:00.0;4.393297410164108
2018-11-02T15:00:00.0;4.816054049041288
2018-11-02T16:00:00.0;4.993273637911111
2018-11-02T17:00:00.0;4.994193824783239
2018-11-02T18:00:00.0;4.996055533258255
2018-11-02T19:00:00.0;4.994662838751167
2018-11-02T20:00:00.0;4.990323954016347
2018-11-02T21:00:00.0;4.949609843430472
2018-11-02T22:00:00.0;4.615491929880063
2018-11-02T23:00:00.0;4.306240226370773
2018-11-03T00:00:00.0;1.647113509781
2018-11-03T01:00:00.0;1.3160761202912243
2018-11-03T02:00:00.0;1.2889000112634017
2018-11-03T03:00:00.0;1.212971575193045
2018-11-03T04:00:00.0;1.6656352713203524
2018-11-03T05:00:00.0;2.52257271262441
2018-11-03T06:00:00.0;3.6117166622865438
2018-11-03T07:00:00.0;4.70107566146874
2018-11-03T08:00:00.0;4.744171973794222
2018-11-03T09:00:00.0;4.732749763637754
2018-11-03T10:00:00.0;4.56978790751702
2018-11-03T11:00:00.0;4.2424837695766
2018-11-03T12:00:00.0;4.090107041522857
2018-11-03T13:00:00.0;4.024744816743336
2018-11-03T14:00:00.0;4.067339565776322
2018-11-03T15:00:00.0;4.411105554761151
2018-11-03T16:00:00.0;4.464649839616142
2018-11-03T17:00:00.0;4.596569527215323
2018-11-03T18:00:00.0;4.68334656324761
2018-11-03T19:00:00.0;4.789451835772294
2018-11-03T20:00:00.0;4.821282800066534
2018-11-03T21:00:00.0;4.764289645676857
2018-11-03T22:00:00.0;4.1287794106701625
2018-11-03T23:00:00.0;3.80829372105096
2018-11-04T00:00:00.0;3.2241158114357047
2018-11-04T01:00:00.0;3.1359398814411015
2018-11-04T02:00:00.0;3.329987514322666
2018-11-04T03:00:00.0;3.4275246935440045
2018-11-04T04:00:00.0;3.6294993970589187
2018-11-04T05:00:00.0;4.157196095409605
2018-11-04T06:00:00.0;4.368573596533762
2018-11-04T07:00:00.0;4.673811676287539
2018-11-04T08:00:00.0;4.999999963090793
2018-11-04T09:00:00.0;4.999999963090805
2018-11-04T10:00:00.0;4.999999963090839
2018-11-04T11:00:00.0;4.746126017604466
2018-11-04T12:00:00.0;4.3816374053061375
2018-11-04T13:00:00.0;4.200127938223011
2018-11-04T14:00:00.0;4.054890059041682
2018-11-04T15:00:00.0;4.269120953685465
2018-11-04T16:00:00.0;4.838786772969553
2018-11-04T17:00:00.0;4.528466113155103
2018-11-04T18:00:00.0;4.679660973506064
2018-11-04T19:00:00.0;4.566556126890404
2018-11-04T20:00:00.0;4.21418244413536
2018-11-04T21:00:00.0;4.0756748765972475
2018-11-04T22:00:00.0;3.5794212766133033
2018-11-04T23:00:00.0;3.2537383781436415
2018-11-05T00:00:00.0;1.9589020307353904
2018-11-05T01:00:00.0;1.69123733762913
2018-11-05T02:00:00.0;2.011245691885395
2018-11-05T03:00:00.0;2.2220631459058264
2018-11-05T04:00:00.0;2.513433894063836
2018-11-05T05:00:00.0;3.0283363077316983
2018-11-05T06:00:00.0;3.1645288309581883
2018-11-05T07:00:00.0;4.1804505287295175
2018-11-05T08:00:00.0;4.999999968889739
2018-11-05T09:00:00.0;4.999999968889746
2018-11-05T10:00:00.0;4.999999968889751
2018-11-05T11:00:00.0;4.948631145206181
2018-11-05T12:00:00.0;4.910002584623693
2018-11-05T13:00:00.0;4.811888551145547
2018-11-05T14:00:00.0;4.705011514919152
2018-11-05T15:00:00.0;4.799685007924887
2018-11-05T16:00:00.0;4.944161523635837
2018-11-05T17:00:00.0;4.816627371151385
2018-11-05T18:00:00.0;4.875424834601833
2018-11-05T19:00:00.0;4.83144001878525
2018-11-05T20:00:00.0;4.694407062211249
2018-11-05T21:00:00.0;4.623557452956422
2018-11-05T22:00:00.0;4.002709305999109
2018-11-05T23:00:00.0;3.5606782856042054
2018-11-06T00:00:00.0;2.3870888372926724
2018-11-06T01:00:00.0;2.2855220660248685
2018-11-06T02:00:00.0;2.6566674936480528
2018-11-06T03:00:00.0;2.682208962369838
2018-11-06T04:00:00.0;2.7591563133651404
2018-11-06T05:00:00.0;3.3387121814660343
2018-11-06T06:00:00.0;3.8787128628133516
2018-11-06T07:00:00.0;4.532588467213712
2018-11-06T08:00:00.0;4.96216648645594
2018-11-06T09:00:00.0;4.960477297078893
2018-11-06T10:00:00.0;4.936377457165964
2018-11-06T11:00:00.0;4.7987187476918844
2018-11-06T12:00:00.0;4.349864856796172
2018-11-06T13:00:00.0;4.028580033877785
2018-11-06T14:00:00.0;4.229887616753228
2018-11-06T15:00:00.0;4.647143475930305
2018-11-06T16:00:00.0;4.920828968301826
2018-11-06T17:00:00.0;4.940338094106998
2018-11-06T18:00:00.0;4.9531712363298555
2018-11-06T19:00:00.0;4.968862761590053
2018-11-06T20:00:00.0;4.973570127853727
2018-11-06T21:00:00.0;4.969658314543257
2018-11-06T22:00:00.0;4.729557236229842
2018-11-06T23:00:00.0;4.237810622517178
2018-11-07T00:00:00.0;2.7537158803244477
2018-11-07T01:00:00.0;2.7894118745236667
2018-11-07T02:00:00.0;2.8872371337684766
2018-11-07T03:00:00.0;2.7185410387737017
2018-11-07T04:00:00.0;2.7120066387447035
2018-11-07T05:00:00.0;2.9287142485537867
2018-11-07T06:00:00.0;3.985513927781887
2018-11-07T07:00:00.0;4.873200686900251
2018-11-07T08:00:00.0;4.88393408363607
2018-11-07T09:00:00.0;4.878751972984229
2018-11-07T10:00:00.0;4.804818263231416
2018-11-07T11:00:00.0;4.739449108987018
2018-11-07T12:00:00.0;4.189654980165261
2018-11-07T13:00:00.0;3.7665851780068245
2018-11-07T14:00:00.0;4.030092694024587
2018-11-07T15:00:00.0;4.330942733365434
2018-11-07T16:00:00.0;4.757118466596857
2018-11-07T17:00:00.0;4.8169687415373295
2018-11-07T18:00:00.0;4.856338372860544
2018-11-07T19:00:00.0;4.904476977861906
2018-11-07T20:00:00.0;4.918918279227179
2018-11-07T21:00:00.0;4.882468721284476
2018-11-07T22:00:00.0;4.515931438669994
2018-11-07T23:00:00.0;3.8678192171791013
2018-11-08T00:00:00.0;2.754019682161673
2018-11-08T01:00:00.0;2.7962750777422416
2018-11-08T02:00:00.0;2.9929833786846425
2018-11-08T03:00:00.0;2.8683624580402935
2018-11-08T04:00:00.0;2.9881121401602226
2018-11-08T05:00:00.0;3.566249942527579
2018-11-08T06:00:00.0;4.456831920577641
2018-11-08T07:00:00.0;4.999999965637355
2018-11-08T08:00:00.0;4.99999996563733
2018-11-08T09:00:00.0;4.9999999656373255
2018-11-08T10:00:00.0;4.999999965637376
2018-11-08T11:00:00.0;4.887702701791352
2018-11-08T12:00:00.0;4.3494345251315725
2018-11-08T13:00:00.0;3.955896317142105
2018-11-08T14:00:00.0;4.202164980780453
2018-11-08T15:00:00.0;4.6642242642200555
2018-11-08T16:00:00.0;4.9999999656373655
2018-11-08T17:00:00.0;4.999999965637327
2018-11-08T18:00:00.0;4.999999965637316
2018-11-08T19:00:00.0;4.999999965637322
2018-11-08T20:00:00.0;4.999999965637332
2018-11-08T21:00:00.0;4.97699291200918
2018-11-08T22:00:00.0;4.798914255237055
2018-11-08T23:00:00.0;4.322641015885238
2018-11-09T00:00:00.0;3.0094643152385365
2018-11-09T01:00:00.0;3.122428707328127
2018-11-09T02:00:00.0;3.3385722281897827
2018-11-09T03:00:00.0;3.1957988184274435
2018-11-09T04:00:00.0;3.114069562462061
2018-11-09T05:00:00.0;3.317318467072303
2018-11-09T06:00:00.0;4.1992607263222546
2018-11-09T07:00:00.0;4.900531506360128
2018-11-09T08:00:00.0;4.999999969875569
2018-11-09T09:00:00.0;4.999999969875554
2018-11-09T10:00:00.0;4.999999969875582
2018-11-09T11:00:00.0;4.9999999698756055
2018-11-09T12:00:00.0;4.3716746340037025
2018-11-09T13:00:00.0;3.872580172769821
2018-11-09T14:00:00.0;4.162954845589987
2018-11-09T15:00:00.0;4.510762330253916
2018-11-09T16:00:00.0;4.993212309414251
2018-11-09T17:00:00.0;4.977709397032704
2018-11-09T18:00:00.0;4.984856752516461
2018-11-09T19:00:00.0;4.97951000631212
2018-11-09T20:00:00.0;4.96285242967277
2018-11-09T21:00:00.0;4.93426277553608
2018-11-09T22:00:00.0;4.704232038750261
2018-11-09T23:00:00.0;4.03609859999804
2018-11-10T00:00:00.0;2.5941782563345193
2018-11-10T01:00:00.0;2.3797278840590756
2018-11-10T02:00:00.0;2.119407770379734
2018-11-10T03:00:00.0;1.970586772511662
2018-11-10T04:00:00.0;2.319745532561178
2018-11-10T05:00:00.0;2.592316220862412
2018-11-10T06:00:00.0;3.688233575800969
2018-11-10T07:00:00.0;4.999999970884271
2018-11-10T08:00:00.0;4.999999970884238
2018-11-10T09:00:00.0;4.999999970884231
2018-11-10T10:00:00.0;4.999999970884233
2018-11-10T11:00:00.0;4.999999970884243
2018-11-10T12:00:00.0;4.999999970884271
2018-11-10T13:00:00.0;4.708642443938533
2018-11-10T14:00:00.0;4.274760195176088
2018-11-10T15:00:00.0;4.268526374090434
2018-11-10T16:00:00.0;4.79609933264684
2018-11-10T17:00:00.0;4.330393402433172
2018-11-10T18:00:00.0;4.545099243001907
2018-11-10T19:00:00.0;4.384483524262264
2018-11-10T20:00:00.0;3.8840915957628637
2018-11-10T21:00:00.0;3.5979211317714896
2018-11-10T22:00:00.0;2.3988033696648063
2018-11-10T23:00:00.0;1.7655289363474385
2018-11-11T00:00:00.0;1.4902029788819957
2018-11-11T01:00:00.0;0.9376156386533389
2018-11-11T02:00:00.0;1.3846651571260105
2018-11-11T03:00:00.0;1.722739909888842
2018-11-11T04:00:00.0;1.6965072472116842
2018-11-11T05:00:00.0;1.8634564644635045
2018-11-11T06:00:00.0;1.8934308154205177
2018-11-11T07:00:00.0;3.2620581090402117
2018-11-11T08:00:00.0;4.548052217785609
2018-11-11T09:00:00.0;4.527873651315279
2018-11-11T10:00:00.0;4.23998395214012
2018-11-11T11:00:00.0;3.9854436860872884
2018-11-11T12:00:00.0;3.959654457332214
2018-11-11T13:00:00.0;3.8318808517538234
2018-11-11T14:00:00.0;3.6416036349542624
2018-11-11T15:00:00.0;3.6388698192021915
2018-11-11T16:00:00.0;3.964826454284965
2018-11-11T17:00:00.0;3.9936434568414914
2018-11-11T18:00:00.0;4.241102786686631
2018-11-11T19:00:00.0;4.358111856186401
2018-11-11T20:00:00.0;4.194899934264386
2018-11-11T21:00:00.0;4.12310386483874
2018-11-11T22:00:00.0;3.151857405346725
2018-11-11T23:00:00.0;2.453775944883743
2018-11-12T00:00:00.0;2.8655030935326806
2018-11-12T01:00:00.0;2.9369474319888154
2018-11-12T02:00:00.0;3.146295190332334
2018-11-12T03:00:00.0;3.0087827041485795
2018-11-12T04:00:00.0;2.9479057336378145
2018-11-12T05:00:00.0;3.1615742104115085
2018-11-12T06:00:00.0;4.050929096789472
2018-11-12T07:00:00.0;4.854945464789546
2018-11-12T08:00:00.0;4.999999970410431
2018-11-12T09:00:00.0;4.999999970410417
2018-11-12T10:00:00.0;4.9999999704104425
2018-11-12T11:00:00.0;4.999999970410465
2018-11-12T12:00:00.0;4.404125398698554
2018-11-12T13:00:00.0;3.940005485859735
2018-11-12T14:00:00.0;4.2290809167758345
2018-11-12T15:00:00.0;4.55912218496386
2018-11-12T16:00:00.0;4.999999970410461
2018-11-12T17:00:00.0;4.999999970410422
2018-11-12T18:00:00.0;4.999999970410414
2018-11-12T19:00:00.0;4.999999970410424
2018-11-12T20:00:00.0;4.999999970410437
2018-11-12T21:00:00.0;4.972854804304103
2018-11-12T22:00:00.0;4.70068153337683
2018-11-12T23:00:00.0;4.034345050423793
2018-11-13T00:00:00.0;1.5085025238534104
2018-11-13T01:00:00.0;1.0969747472185976
2018-11-13T02:00:00.0;1.284618285265413
2018-11-13T03:00:00.0;1.3540520343347782
2018-11-13T04:00:00.0;1.5130393860607814
2018-11-13T05:00:00.0;1.9203983266503148
2018-11-13T06:00:00.0;2.6284985762152946
2018-11-13T07:00:00.0;4.035388761575353
2018-11-13T08:00:00.0;4.665481946883067
2018-11-13T09:00:00.0;4.650546383669939
2018-11-13T10:00:00.0;4.4374591553596625
2018-11-13T11:00:00.0;4.195622885083004
2018-11-13T12:00:00.0;4.027364925991411
2018-11-13T13:00:00.0;3.9234130961092175
2018-11-13T14:00:00.0;3.9887085970968412
2018-11-13T15:00:00.0;4.149328925196935
2018-11-13T16:00:00.0;4.299981711176117
2018-11-13T17:00:00.0;4.472478522756587
2018-11-13T18:00:00.0;4.585947272617895
2018-11-13T19:00:00.0;4.724689423508934
2018-11-13T20:00:00.0;4.766311261387835
2018-11-13T21:00:00.0;4.732981036365379
2018-11-13T22:00:00.0;3.975350705082239
2018-11-13T23:00:00.0;3.4107701348250985
2018-11-14T00:00:00.0;1.6293244561667504
2018-11-14T01:00:00.0;1.2834811495224543
2018-11-14T02:00:00.0;1.5656311432581909
2018-11-14T03:00:00.0;1.6286879598760509
2018-11-14T04:00:00.0;2.027988947561068
2018-11-14T05:00:00.0;3.025081220656403
2018-11-14T06:00:00.0;3.5967270811924474
2018-11-14T07:00:00.0;4.507314019347677
2018-11-14T08:00:00.0;4.99999996112288
2018-11-14T09:00:00.0;4.999999961122895
2018-11-14T10:00:00.0;4.999999961122949
2018-11-14T11:00:00.0;4.7723281366002555
2018-11-14T12:00:00.0;4.601122447315324
2018-11-14T13:00:00.0;4.519902377309464
2018-11-14T14:00:00.0;4.572831244250751
2018-11-14T15:00:00.0;4.999999961122954
2018-11-14T16:00:00.0;4.999999961122886
2018-11-14T17:00:00.0;4.9999999611228665
2018-11-14T18:00:00.0;4.9999999611228585
2018-11-14T19:00:00.0;4.999999961122862
2018-11-14T20:00:00.0;4.999999961122877
2018-11-14T21:00:00.0;4.969334529061252
2018-11-14T22:00:00.0;4.52117170493583
2018-11-14T23:00:00.0;4.226517503748551
2018-11-15T00:00:00.0;1.5839925902372354
2018-11-15T01:00:00.0;1.2057699469340588
2018-11-15T02:00:00.0;1.698832698288747
2018-11-15T03:00:00.0;1.8900145686705723
2018-11-15T04:00:00.0;2.207763834889092
2018-11-15T05:00:00.0;3.235167647013647
2018-11-15T06:00:00.0;3.4447243812566306
2018-11-15T07:00:00.0;4.196560787754383
2018-11-15T08:00:00.0;4.999999957564491
2018-11-15T09:00:00.0;4.999999957564512
2018-11-15T10:00:00.0;4.999999957564566
2018-11-15T11:00:00.0;4.7535559938586305
2018-11-15T12:00:00.0;4.568233946368384
2018-11-15T13:00:00.0;4.480317068525986
2018-11-15T14:00:00.0;4.537610059394848
2018-11-15T15:00:00.0;4.99999995756456
2018-11-15T16:00:00.0;4.999999957564491
2018-11-15T17:00:00.0;4.999999957564472
2018-11-15T18:00:00.0;4.999999957564463
2018-11-15T19:00:00.0;4.999999957564467
2018-11-15T20:00:00.0;4.999999957564484
2018-11-15T21:00:00.0;4.999999957564532
2018-11-15T22:00:00.0;4.656230104193417
2018-11-15T23:00:00.0;4.365004102679813
2018-11-16T00:00:00.0;2.5240678722212957
2018-11-16T01:00:00.0;2.3976437163669484
2018-11-16T02:00:00.0;2.8409497527986782
2018-11-16T03:00:00.0;2.9347997384349753
2018-11-16T04:00:00.0;2.824726583947465
2018-11-16T05:00:00.0;3.01305076585826
2018-11-16T06:00:00.0;3.3055813468653255
2018-11-16T07:00:00.0;4.219067615363154
2018-11-16T08:00:00.0;4.9999999674309334
2018-11-16T09:00:00.0;4.99999996743093
2018-11-16T10:00:00.0;4.9999999674309406
2018-11-16T11:00:00.0;4.977020097833258
2018-11-16T12:00:00.0;4.526905283026594
2018-11-16T13:00:00.0;4.17843937635187
2018-11-16T14:00:00.0;4.3276220849381515
2018-11-16T15:00:00.0;4.54810649104167
2018-11-16T16:00:00.0;4.964468987410791
2018-11-16T17:00:00.0;4.89335744640744
2018-11-16T18:00:00.0;4.9275518124658175
2018-11-16T19:00:00.0;4.90197191828705
2018-11-16T20:00:00.0;4.8222787682057975
2018-11-16T21:00:00.0;4.790953771739293
2018-11-16T22:00:00.0;4.376145442106307
2018-11-16T23:00:00.0;3.7007878912573453
2018-11-17T00:00:00.0;1.0518882208654932
2018-11-17T01:00:00.0;0.4512188035137671
2018-11-17T02:00:00.0;0.8946346643816568
2018-11-17T03:00:00.0;1.186036131617033
2018-11-17T04:00:00.0;1.248031334847125
2018-11-17T05:00:00.0;1.612801643436677
2018-11-17T06:00:00.0;1.8119176475395382
2018-11-17T07:00:00.0;3.3254841358578497
2018-11-17T08:00:00.0;4.556730505261599
2018-11-17T09:00:00.0;4.536939406984506
2018-11-17T10:00:00.0;4.254577756680157
2018-11-17T11:00:00.0;3.955075812992831
2018-11-17T12:00:00.0;3.8922958469922038
2018-11-17T13:00:00.0;3.8711274698328704
2018-11-17T14:00:00.0;3.8776754900202732
2018-11-17T15:00:00.0;3.9711327918706125
2018-11-17T16:00:00.0;4.070037605511917
2018-11-17T17:00:00.0;4.293202312139498
2018-11-17T18:00:00.0;4.44605410518165
2018-11-17T19:00:00.0;4.628035123008645
2018-11-17T20:00:00.0;4.677374560796214
2018-11-17T21:00:00.0;4.675674743077549
2018-11-17T22:00:00.0;3.84266636633621
2018-11-17T23:00:00.0;3.2407020901255956
2018-11-18T00:00:00.0;1.745227841960117
2018-11-18T01:00:00.0;1.3757955064719953
2018-11-18T02:00:00.0;1.065215852434165
2018-11-18T03:00:00.0;0.8817564483712049
2018-11-18T04:00:00.0;1.2629589886435002
2018-11-18T05:00:00.0;1.5696210211699118
2018-11-18T06:00:00.0;2.959140811184735
2018-11-18T07:00:00.0;4.7434368073954705
2018-11-18T08:00:00.0;4.765154550381109
2018-11-18T09:00:00.0;4.75466917002767
2018-11-18T10:00:00.0;4.605073161801665
2018-11-18T11:00:00.0;4.472806506053348
2018-11-18T12:00:00.0;4.459405659520683
2018-11-18T13:00:00.0;4.35367704820268
2018-11-18T14:00:00.0;4.196228678434853
2018-11-18T15:00:00.0;4.193966532495135
2018-11-18T16:00:00.0;4.434566317469232
2018-11-18T17:00:00.0;4.386669548031313
2018-11-18T18:00:00.0;4.544242321573587
2018-11-18T19:00:00.0;4.583360355676467
2018-11-18T20:00:00.0;4.430997016532385
2018-11-18T21:00:00.0;4.25266475027809
2018-11-18T22:00:00.0;3.070195135918701
2018-11-18T23:00:00.0;2.4687558926509663
2018-11-19T00:00:00.0;1.277158870123819
2018-11-19T01:00:00.0;0.8401405877312355
2018-11-19T02:00:00.0;0.4672573271433776
2018-11-19T03:00:00.0;0.2049765590464321
2018-11-19T04:00:00.0;0.6628327181885622
2018-11-19T05:00:00.0;1.0314573036650647
2018-11-19T06:00:00.0;2.652781268035364
2018-11-19T07:00:00.0;4.8360175548578646
2018-11-19T08:00:00.0;4.849898456727824
2018-11-19T09:00:00.0;4.843196722765331
2018-11-19T10:00:00.0;4.74758238974288
2018-11-19T11:00:00.0;4.663044117495809
2018-11-19T12:00:00.0;4.654478962460252
2018-11-19T13:00:00.0;4.6544789624602565
2018-11-19T14:00:00.0;4.654478962460222
2018-11-19T15:00:00.0;4.65447896246025
2018-11-19T16:00:00.0;4.6858949097588765
2018-11-19T17:00:00.0;4.763295923975219
2018-11-19T18:00:00.0;4.814210466920441
2018-11-19T19:00:00.0;4.876465433230442
2018-11-19T20:00:00.0;4.895141560840334
2018-11-19T21:00:00.0;4.755645674730285
2018-11-19T22:00:00.0;3.5667585145328924
2018-11-19T23:00:00.0;2.981432503080682
2018-11-20T00:00:00.0;1.606482542029312
2018-11-20T01:00:00.0;1.2692601770165153
2018-11-20T02:00:00.0;1.1618206373381967
2018-11-20T03:00:00.0;0.9882583042378841
2018-11-20T04:00:00.0;1.283072343257094
2018-11-20T05:00:00.0;1.6185947804936307
2018-11-20T06:00:00.0;2.8478341204473687
2018-11-20T07:00:00.0;4.71935568035264
2018-11-20T08:00:00.0;4.999999976682507
2018-11-20T09:00:00.0;4.9999999766824965
2018-11-20T10:00:00.0;4.9999999766825045
2018-11-20T11:00:00.0;4.999999976682516
2018-11-20T12:00:00.0;4.85443746675081
2018-11-20T13:00:00.0;4.741060486712855
2018-11-20T14:00:00.0;4.811676934001143
2018-11-20T15:00:00.0;4.892300672048038
2018-11-20T16:00:00.0;4.999999976682511
2018-11-20T17:00:00.0;4.999999976682493
2018-11-20T18:00:00.0;4.9999999766824965
2018-11-20T19:00:00.0;4.999999976682506
2018-11-20T20:00:00.0;4.999999976682521
2018-11-20T21:00:00.0;4.894754531475375
2018-11-20T22:00:00.0;3.960056114459471
2018-11-20T23:00:00.0;3.33514480415044
2018-11-21T00:00:00.0;1.6669251408687764
2018-11-21T01:00:00.0;1.3347222915475185
2018-11-21T02:00:00.0;1.518600697811434
2018-11-21T03:00:00.0;1.513855006635454
2018-11-21T04:00:00.0;1.813365838234939
2018-11-21T05:00:00.0;2.489345022780558
2018-11-21T06:00:00.0;3.2347639348476984
2018-11-21T07:00:00.0;4.505115650710438
2018-11-21T08:00:00.0;4.99999996715924
2018-11-21T09:00:00.0;4.999999967159244
2018-11-21T10:00:00.0;4.999999967159276
2018-11-21T11:00:00.0;4.877604555013291
2018-11-21T12:00:00.0;4.690460664939809
2018-11-21T13:00:00.0;4.572721338309366
2018-11-21T14:00:00.0;4.64731349634181
2018-11-21T15:00:00.0;4.929633762222344
2018-11-21T16:00:00.0;4.999999967159243
2018-11-21T17:00:00.0;4.999999967159224
2018-11-21T18:00:00.0;4.99999996715922
2018-11-21T19:00:00.0;4.999999967159227
2018-11-21T20:00:00.0;4.999999967159243
2018-11-21T21:00:00.0;4.947877006176531
2018-11-21T22:00:00.0;4.332688495104038
2018-11-21T23:00:00.0;3.8744607258709887
2018-11-22T00:00:00.0;1.3576675406306753
2018-11-22T01:00:00.0;0.9146727813198844
2018-11-22T02:00:00.0;1.4991821562123187
2018-11-22T03:00:00.0;1.8498714247927235
2018-11-22T04:00:00.0;2.0155381885978354
2018-11-22T05:00:00.0;2.498051304687103
2018-11-22T06:00:00.0;2.2949909771222523
2018-11-22T07:00:00.0;3.602620486740233
2018-11-22T08:00:00.0;4.999999967897058
2018-11-22T09:00:00.0;4.99999996789707
2018-11-22T10:00:00.0;4.999999967897066
2018-11-22T11:00:00.0;4.953718371136495
2018-11-22T12:00:00.0;4.91891532648566
2018-11-22T13:00:00.0;4.902404743602795
2018-11-22T14:00:00.0;4.9131642325378175
2018-11-22T15:00:00.0;4.99999996789704
2018-11-22T16:00:00.0;4.999999967897025
2018-11-22T17:00:00.0;4.999999967897021
2018-11-22T18:00:00.0;4.999999967897025
2018-11-22T19:00:00.0;4.999999967897034
2018-11-22T20:00:00.0;4.999999967897056
2018-11-22T21:00:00.0;4.999999967897101
2018-11-22T22:00:00.0;4.402099146787485
2018-11-22T23:00:00.0;3.89558508301502
2018-11-23T00:00:00.0;1.480494292234971
2018-11-23T01:00:00.0;1.055297012279025
2018-11-23T02:00:00.0;1.6101205957907563
2018-11-23T03:00:00.0;1.8439143882124625
2018-11-23T04:00:00.0;2.032399596072912
2018-11-23T05:00:00.0;2.806011859217837
2018-11-23T06:00:00.0;2.897946837147569
2018-11-23T07:00:00.0;3.9257815219785943
2018-11-23T08:00:00.0;4.999999960531089
2018-11-23T09:00:00.0;4.999999960531105
2018-11-23T10:00:00.0;4.999999960531139
2018-11-23T11:00:00.0;4.832586136927435
2018-11-23T12:00:00.0;4.6568562125842465
2018-11-23T13:00:00.0;4.558314973789296
2018-11-23T14:00:00.0;4.621412612854517
2018-11-23T15:00:00.0;4.963126148417115
2018-11-23T16:00:00.0;4.999999960531078
2018-11-23T17:00:00.0;4.999999960531062
2018-11-23T18:00:00.0;4.999999960531056
2018-11-23T19:00:00.0;4.999999960531064
2018-11-23T20:00:00.0;4.999999960531084
2018-11-23T21:00:00.0;4.999999960531135
2018-11-23T22:00:00.0;4.540370994224919
2018-11-23T23:00:00.0;4.108254680130407
2018-11-24T00:00:00.0;2.2935580731235
2018-11-24T01:00:00.0;1.951016001763822
2018-11-24T02:00:00.0;2.344103488345382
2018-11-24T03:00:00.0;2.5838405983838517
2018-11-24T04:00:00.0;2.6913115501886486
2018-11-24T05:00:00.0;3.0734878345600776
2018-11-24T06:00:00.0;3.087469064359017
2018-11-24T07:00:00.0;4.012006412217837
2018-11-24T08:00:00.0;4.999999960817487
2018-11-24T09:00:00.0;4.999999960817496
2018-11-24T10:00:00.0;4.999999960817499
2018-11-24T11:00:00.0;4.940910599834023
2018-11-24T12:00:00.0;4.896476314661549
2018-11-24T13:00:00.0;4.618664493016029
2018-11-24T14:00:00.0;4.250082466324825
2018-11-24T15:00:00.0;4.3554557540224925
2018-11-24T16:00:00.0;4.820331172068604
2018-11-24T17:00:00.0;4.409970414407655
2018-11-24T18:00:00.0;4.599160299470086
2018-11-24T19:00:00.0;4.457632387201465
2018-11-24T20:00:00.0;4.016707765923349
2018-11-24T21:00:00.0;3.843393469908375
2018-11-24T22:00:00.0;2.974336593681134
2018-11-24T23:00:00.0;2.356634976722588
2018-11-25T00:00:00.0;2.785025411976668
2018-11-25T01:00:00.0;2.642108294351691
2018-11-25T02:00:00.0;2.6075283925836428
2018-11-25T03:00:00.0;2.5444853713212887
2018-11-25T04:00:00.0;2.753824793630229
2018-11-25T05:00:00.0;3.0343977251444465
2018-11-25T06:00:00.0;3.8346711973194547
2018-11-25T07:00:00.0;4.821527267347635
2018-11-25T08:00:00.0;4.9999999674940545
2018-11-25T09:00:00.0;4.999999967494048
2018-11-25T10:00:00.0;4.999999967494057
2018-11-25T11:00:00.0;4.98407905031045
2018-11-25T12:00:00.0;4.847149864616497
2018-11-25T13:00:00.0;4.482443519926017
2018-11-25T14:00:00.0;4.157049095872113
2018-11-25T15:00:00.0;4.250532185294418
2018-11-25T16:00:00.0;4.8168551200447105
2018-11-25T17:00:00.0;4.398555097629208
2018-11-25T18:00:00.0;4.591405246394615
2018-11-25T19:00:00.0;4.447139188373305
2018-11-25T20:00:00.0;3.9976839821409142
2018-11-25T21:00:00.0;3.7689584054776346
2018-11-25T22:00:00.0;2.834699206728992
2018-11-25T23:00:00.0;2.2012051901247043
2018-11-26T00:00:00.0;1.4210238095942325
2018-11-26T01:00:00.0;0.9526039241493519
2018-11-26T02:00:00.0;1.541695436191566
2018-11-26T03:00:00.0;1.9155337298834216
2018-11-26T04:00:00.0;2.0111417242694976
2018-11-26T05:00:00.0;2.329349058920401
2018-11-26T06:00:00.0;2.056932385061453
2018-11-26T07:00:00.0;3.4796418969879914
2018-11-26T08:00:00.0;4.999999968590084
2018-11-26T09:00:00.0;4.999999968590094
2018-11-26T10:00:00.0;4.999999968590077
2018-11-26T11:00:00.0;4.999999968590066
2018-11-26T12:00:00.0;4.999999968590065
2018-11-26T13:00:00.0;4.949574983654436
2018-11-26T14:00:00.0;4.874483373401439
2018-11-26T15:00:00.0;4.873404491597238
2018-11-26T16:00:00.0;4.9647110686626315
2018-11-26T17:00:00.0;4.884111762505588
2018-11-26T18:00:00.0;4.921270709074656
2018-11-26T19:00:00.0;4.893473091203684
2018-11-26T20:00:00.0;4.806870710544449
2018-11-26T21:00:00.0;4.772829901950783
2018-11-26T22:00:00.0;4.034647545697648
2018-11-26T23:00:00.0;3.4325726983049214
2018-11-27T00:00:00.0;2.0193320588944697
2018-11-27T01:00:00.0;1.8295107568404454
2018-11-27T02:00:00.0;1.6696859032950255
2018-11-27T03:00:00.0;1.4178210248509442
2018-11-27T04:00:00.0;1.6808277517602241
2018-11-27T05:00:00.0;2.000000958541293
2018-11-27T06:00:00.0;3.3805483713870803
2018-11-27T07:00:00.0;4.999999976683468
2018-11-27T08:00:00.0;4.9999999766834335
2018-11-27T09:00:00.0;4.999999976683419
2018-11-27T10:00:00.0;4.999999976683435
2018-11-27T11:00:00.0;4.999999976683453
2018-11-27T12:00:00.0;4.730450557609813
2018-11-27T13:00:00.0;4.520501587096098
2018-11-27T14:00:00.0;4.651267553913625
2018-11-27T15:00:00.0;4.8005647992295994
2018-11-27T16:00:00.0;4.999999976683451
2018-11-27T17:00:00.0;4.999999976683427
2018-11-27T18:00:00.0;4.999999976683427
2018-11-27T19:00:00.0;4.999999976683435
2018-11-27T20:00:00.0;4.999999976683449
2018-11-27T21:00:00.0;4.897872044619654
2018-11-27T22:00:00.0;4.1073838206712825
2018-11-27T23:00:00.0;3.4896691055471853
2018-11-28T00:00:00.0;1.2877842376734039
2018-11-28T01:00:00.0;0.864976920746984
2018-11-28T02:00:00.0;0.46895909148538134
2018-11-28T03:00:00.0;0.16608490010373275
2018-11-28T04:00:00.0;0.664060539711887
2018-11-28T05:00:00.0;1.0619114586158873
2018-11-28T06:00:00.0;2.727596579430446
2018-11-28T07:00:00.0;4.999999981014192
2018-11-28T08:00:00.0;4.999999981014157
2018-11-28T09:00:00.0;4.9999999810141444
2018-11-28T10:00:00.0;4.999999981014151
2018-11-28T11:00:00.0;4.999999981014163
2018-11-28T12:00:00.0;4.9999999810141835
2018-11-28T13:00:00.0;4.999999981014189
2018-11-28T14:00:00.0;4.9999999810141516
2018-11-28T15:00:00.0;4.999999981014182
2018-11-28T16:00:00.0;4.999999981014161
2018-11-28T17:00:00.0;4.999999981014149
2018-11-28T18:00:00.0;4.999999981014156
2018-11-28T19:00:00.0;4.999999981014164
2018-11-28T20:00:00.0;4.999999981014178
2018-11-28T21:00:00.0;4.844989366320062
2018-11-28T22:00:00.0;3.6451798428477606
2018-11-28T23:00:00.0;3.058466793773592
2018-11-29T00:00:00.0;1.2867889536123098
2018-11-29T01:00:00.0;0.8626504876827874
2018-11-29T02:00:00.0;0.4687996862772857
2018-11-29T03:00:00.0;0.16972790332922424
2018-11-29T04:00:00.0;0.663945528990015
2018-11-29T05:00:00.0;1.0590588010607307
2018-11-29T06:00:00.0;2.720588587790645
2018-11-29T07:00:00.0;4.98463965636742
2018-11-29T08:00:00.0;4.9859398881306936
2018-11-29T09:00:00.0;4.985312133000008
2018-11-29T10:00:00.0;4.976355885489018
2018-11-29T11:00:00.0;4.968437138723115
2018-11-29T12:00:00.0;4.967634835908863
2018-11-29T13:00:00.0;4.967634835908869
2018-11-29T14:00:00.0;4.967634835908831
2018-11-29T15:00:00.0;4.967634835908862
2018-11-29T16:00:00.0;4.970577585085714
2018-11-29T17:00:00.0;4.977827780940343
2018-11-29T18:00:00.0;4.982596974366815
2018-11-29T19:00:00.0;4.988428431528481
2018-11-29T20:00:00.0;4.990177834741733
2018-11-29T21:00:00.0;4.836620493263801
2018-11-29T22:00:00.0;3.6378340736066153
2018-11-29T23:00:00.0;3.051250949114427
2018-11-30T00:00:00.0;1.5476621329298965
2018-11-30T01:00:00.0;1.1629012946988864
2018-11-30T02:00:00.0;0.9796365667623708
2018-11-30T03:00:00.0;0.8085761420868584
2018-11-30T04:00:00.0;1.2034076342724567
2018-11-30T05:00:00.0;1.6306535506621753
2018-11-30T06:00:00.0;2.896938888627732
2018-11-30T07:00:00.0;4.765596148887504
2018-11-30T08:00:00.0;4.977345949897007
2018-11-30T09:00:00.0;4.976334492786566
2018-11-30T10:00:00.0;4.961903929362785
2018-11-30T11:00:00.0;4.922354233467893
2018-11-30T12:00:00.0;4.875414522911824
2018-11-30T13:00:00.0;4.802873179814972
2018-11-30T14:00:00.0;4.757256864768605
2018-11-30T15:00:00.0;4.820724673959633
2018-11-30T16:00:00.0;4.92241592402834
2018-11-30T17:00:00.0;4.865171920570444
2018-11-30T18:00:00.0;4.904633222679801
2018-11-30T19:00:00.0;4.890257476682097
2018-11-30T20:00:00.0;4.8190168171804855
2018-11-30T21:00:00.0;4.678032665955261
2018-11-30T22:00:00.0;3.6309639893745107
2018-11-30T23:00:00.0;3.057406894787715
2018-12-01T00:00:00.0;1.67820407743127
2018-12-01T01:00:00.0;1.3173374990347968
2018-12-01T02:00:00.0;0.9625073089066215
2018-12-01T03:00:00.0;0.7067668965557746
2018-12-01T04:00:00.0;1.1591871556664846
2018-12-01T05:00:00.0;1.5188066157940727
2018-12-01T06:00:00.0;3.012933406313424
2018-12-01T07:00:00.0;4.995710940990423
2018-12-01T08:00:00.0;4.996074002466119
2018-12-01T09:00:00.0;4.995898715482225
2018-12-01T10:00:00.0;4.993397877916114
2018-12-01T11:00:00.0;4.991186739896052
2018-12-01T12:00:00.0;4.990962714263145
2018-12-01T13:00:00.0;4.903827647085606
2018-12-01T14:00:00.0;4.774068312259472
2018-12-01T15:00:00.0;4.772203989670112
2018-12-01T16:00:00.0;4.930804708844516
2018-12-01T17:00:00.0;4.793552459480738
2018-12-01T18:00:00.0;4.859095323654221
2018-12-01T19:00:00.0;4.812688965569273
2018-12-01T20:00:00.0;4.663527344084854
2018-12-01T21:00:00.0;4.469697101227608
2018-12-01T22:00:00.0;3.270380139426439
2018-12-01T23:00:00.0;2.669778452093533
2018-12-02T00:00:00.0;1.618803449121957
2018-12-02T01:00:00.0;1.134715780258425
2018-12-02T02:00:00.0;1.460092641773765
2018-12-02T03:00:00.0;1.6466548907217504
2018-12-02T04:00:00.0;1.7614204548584074
2018-12-02T05:00:00.0;2.017079711466279
2018-12-02T06:00:00.0;2.2544537778795237
2018-12-02T07:00:00.0;3.8588671732959
2018-12-02T08:00:00.0;4.999999967936411
2018-12-02T09:00:00.0;4.999999967936414
2018-12-02T10:00:00.0;4.999999967936403
2018-12-02T11:00:00.0;4.999999967936398
2018-12-02T12:00:00.0;4.999999967936407
2018-12-02T13:00:00.0;4.8569341965626345
2018-12-02T14:00:00.0;4.643884273825783
2018-12-02T15:00:00.0;4.6408232702828975
2018-12-02T16:00:00.0;4.899878298182945
2018-12-02T17:00:00.0;4.671201940177721
2018-12-02T18:00:00.0;4.776629306415433
2018-12-02T19:00:00.0;4.697761902723757
2018-12-02T20:00:00.0;4.452053621251056
2018-12-02T21:00:00.0;4.318871067947582
2018-12-02T22:00:00.0;3.2985900000229287
2018-12-02T23:00:00.0;2.6017683986170344
2018-12-03T00:00:00.0;1.718379558615561
2018-12-03T01:00:00.0;1.405851506249533
2018-12-03T02:00:00.0;1.4410992919846681
2018-12-03T03:00:00.0;1.3385727050145484
2018-12-03T04:00:00.0;1.5404997657724058
2018-12-03T05:00:00.0;1.8476705886795026
2018-12-03T06:00:00.0;2.849893489834923
2018-12-03T07:00:00.0;4.554928917840086
2018-12-03T08:00:00.0;4.999999974568925
2018-12-03T09:00:00.0;4.999999974568917
2018-12-03T10:00:00.0;4.999999974568924
2018-12-03T11:00:00.0;4.999999974568934
2018-12-03T12:00:00.0;4.800475018806467
2018-12-03T13:00:00.0;4.642797036195594
2018-12-03T14:00:00.0;4.736211349788017
2018-12-03T15:00:00.0;4.8466750756320005
2018-12-03T16:00:00.0;4.998411173332119
2018-12-03T17:00:00.0;4.994782375676987
2018-12-03T18:00:00.0;4.99645537144588
2018-12-03T19:00:00.0;4.995203847886229
2018-12-03T20:00:00.0;4.9913047756628295
2018-12-03T21:00:00.0;4.908049373189316
2018-12-03T22:00:00.0;4.081119881897759
2018-12-03T23:00:00.0;3.4370681182845297
2018-12-04T00:00:00.0;1.9414921886335719
2018-12-04T01:00:00.0;1.6752669107817113
2018-12-04T02:00:00.0;2.1821828678690443
2018-12-04T03:00:00.0;2.330572168478708
2018-12-04T04:00:00.0;2.388575912492744
2018-12-04T05:00:00.0;2.9406650019338563
2018-12-04T06:00:00.0;3.1854255187918907
2018-12-04T07:00:00.0;4.1209890791495205
2018-12-04T08:00:00.0;4.999999963296188
2018-12-04T09:00:00.0;4.999999963296194
2018-12-04T10:00:00.0;4.999999963296222
2018-12-04T11:00:00.0;4.89619917260758
2018-12-04T12:00:00.0;4.569050773567203
2018-12-04T13:00:00.0;4.338005914108918
2018-12-04T14:00:00.0;4.4829788031998845
2018-12-04T15:00:00.0;4.815701033587569
2018-12-04T16:00:00.0;4.999999963296187
2018-12-04T17:00:00.0;4.999999963296163
2018-12-04T18:00:00.0;4.999999963296157
2018-12-04T19:00:00.0;4.999999963296166
2018-12-04T20:00:00.0;4.999999963296184
2018-12-04T21:00:00.0;4.999999963296236
2018-12-04T22:00:00.0;4.623895020807374
2018-12-04T23:00:00.0;4.091658490863401
2018-12-05T00:00:00.0;1.6084382022748618
2018-12-05T01:00:00.0;1.2525190811171076
2018-12-05T02:00:00.0;1.371110109352946
2018-12-05T03:00:00.0;1.3276808897473353
2018-12-05T04:00:00.0;1.4995080840585522
2018-12-05T05:00:00.0;1.800766999280422
2018-12-05T06:00:00.0;2.650231567078368
2018-12-05T07:00:00.0;4.37868004809187
2018-12-05T08:00:00.0;4.999999973702963
2018-12-05T09:00:00.0;4.999999973702956
2018-12-05T10:00:00.0;4.99999997370296
2018-12-05T11:00:00.0;4.999999973702967
2018-12-05T12:00:00.0;4.819565475209647
2018-12-05T13:00:00.0;4.679027100710382
2018-12-05T14:00:00.0;4.766560925579309
2018-12-05T15:00:00.0;4.866499458845678
2018-12-05T16:00:00.0;4.999999973702958
2018-12-05T17:00:00.0;4.9999999737029395
2018-12-05T18:00:00.0;4.999999973702943
2018-12-05T19:00:00.0;4.999999973702954
2018-12-05T20:00:00.0;4.9999999737029714
2018-12-05T21:00:00.0;4.92733978700815
2018-12-05T22:00:00.0;4.099091151590145
2018-12-05T23:00:00.0;3.444122717812538
2018-12-06T00:00:00.0;1.1987428088726355
2018-12-06T01:00:00.0;0.7210940026509625
2018-12-06T02:00:00.0;0.6053040522822432
2018-12-06T03:00:00.0;0.47442032938957535
2018-12-06T04:00:00.0;0.8332666334576253
2018-12-06T05:00:00.0;1.1940139171611877
2018-12-06T06:00:00.0;2.374855820969716
2018-12-06T07:00:00.0;4.533002876528719
2018-12-06T08:00:00.0;4.999999977472798
2018-12-06T09:00:00.0;4.999999977472791
2018-12-06T10:00:00.0;4.9999999774727915
2018-12-06T11:00:00.0;4.999999977472797
2018-12-06T12:00:00.0;4.985993955296512
2018-12-06T13:00:00.0;4.97508482424733
2018-12-06T14:00:00.0;4.981879537578331
2018-12-06T15:00:00.0;4.989637152252285
2018-12-06T16:00:00.0;4.99999997747279
2018-12-06T17:00:00.0;4.999999977472779
2018-12-06T18:00:00.0;4.999999977472786
2018-12-06T19:00:00.0;4.999999977472796
2018-12-06T20:00:00.0;4.999999977472814
2018-12-06T21:00:00.0;4.883026647711327
2018-12-06T22:00:00.0;3.77781701751037
2018-12-06T23:00:00.0;3.153788778147559
2018-12-07T00:00:00.0;1.2877842376734039
2018-12-07T01:00:00.0;0.864976920746984
2018-12-07T02:00:00.0;0.46895909148538134
2018-12-07T03:00:00.0;0.16608490010373275
2018-12-07T04:00:00.0;0.664060539711887
2018-12-07T05:00:00.0;1.0619114586158873
2018-12-07T06:00:00.0;2.727596579430446
2018-12-07T07:00:00.0;4.999999981014192
2018-12-07T08:00:00.0;4.999999981014157
2018-12-07T09:00:00.0;4.9999999810141444
2018-12-07T10:00:00.0;4.999999981014151
2018-12-07T11:00:00.0;4.999999981014163
2018-12-07T12:00:00.0;4.9999999810141835
2018-12-07T13:00:00.0;4.999999981014189
2018-12-07T14:00:00.0;4.9999999810141516
2018-12-07T15:00:00.0;4.999999981014182
2018-12-07T16:00:00.0;4.999999981014161
2018-12-07T17:00:00.0;4.999999981014149
2018-12-07T18:00:00.0;4.999999981014156
2018-12-07T19:00:00.0;4.999999981014164
2018-12-07T20:00:00.0;4.999999981014178
2018-12-07T21:00:00.0;4.844989366320062
2018-12-07T22:00:00.0;3.6451798428477606
2018-12-07T23:00:00.0;3.058466793773592
2018-12-08T00:00:00.0;1.0008269028157533
2018-12-08T01:00:00.0;0.4180147512447236
2018-12-08T02:00:00.0;0.6279307495671602
2018-12-08T03:00:00.0;0.7345278298538827
2018-12-08T04:00:00.0;0.9156993958731365
2018-12-08T05:00:00.0;1.2119416148239368
2018-12-08T06:00:00.0;1.8108794682881177
2018-12-08T07:00:00.0;3.8176125614869956
2018-12-08T08:00:00.0;4.846631383141484
2018-12-08T09:00:00.0;4.839783781175211
2018-12-08T10:00:00.0;4.742088334224626
2018-12-08T11:00:00.0;4.655710026385894
2018-12-08T12:00:00.0;4.646958444662217
2018-12-08T13:00:00.0;4.646958444662221
2018-12-08T14:00:00.0;4.646958444662197
2018-12-08T15:00:00.0;4.646958444662206
2018-12-08T16:00:00.0;4.679058182386624
2018-12-08T17:00:00.0;4.7581438846998765
2018-12-08T18:00:00.0;4.8101666188662024
2018-12-08T19:00:00.0;4.8737766087734755
2018-12-08T20:00:00.0;4.892859235577205
2018-12-08T21:00:00.0;4.830388884602668
2018-12-08T22:00:00.0;3.801096183577049
2018-12-08T23:00:00.0;3.138210975427386
2018-12-09T00:00:00.0;1.2821844880398492
2018-12-09T01:00:00.0;0.8553931691296347
2018-12-09T02:00:00.0;0.47127227233714836
2018-12-09T03:00:00.0;0.17903302849181213
2018-12-09T04:00:00.0;0.6678745420413074
2018-12-09T05:00:00.0;1.0610948486582326
2018-12-09T06:00:00.0;2.705457667468471
2018-12-09T07:00:00.0;4.964427831799478
2018-12-09T08:00:00.0;4.981989757258468
2018-12-09T09:00:00.0;4.981185636660529
2018-12-09T10:00:00.0;4.969713164749411
2018-12-09T11:00:00.0;4.95956967555579
2018-12-09T12:00:00.0;4.958541968752303
2018-12-09T13:00:00.0;4.958541968752308
2018-12-09T14:00:00.0;4.958541968752272
2018-12-09T15:00:00.0;4.958541968752301
2018-12-09T16:00:00.0;4.96231147235652
2018-12-09T17:00:00.0;4.971598583748909
2018-12-09T18:00:00.0;4.977707664316047
2018-12-09T19:00:00.0;4.985177447660687
2018-12-09T20:00:00.0;4.987418339194846
2018-12-09T21:00:00.0;4.835470528636872
2018-12-09T22:00:00.0;3.639467711607426
2018-12-09T23:00:00.0;3.0517057279834203
2018-12-10T00:00:00.0;1.2649748871183697
2018-12-10T01:00:00.0;0.8139325739459274
2018-12-10T02:00:00.0;0.6552113622331018
2018-12-10T03:00:00.0;0.49185256351030315
2018-12-10T04:00:00.0;0.8643393666601221
2018-12-10T05:00:00.0;1.2276801587388924
2018-12-10T06:00:00.0;2.4908540892252398
2018-12-10T07:00:00.0;4.630211336706484
2018-12-10T08:00:00.0;4.999999977927588
2018-12-10T09:00:00.0;4.99999997792758
2018-12-10T10:00:00.0;4.999999977927581
2018-12-10T11:00:00.0;4.999999977927589
2018-12-10T12:00:00.0;4.971334551871805
2018-12-10T13:00:00.0;4.94900737821128
2018-12-10T14:00:00.0;4.962913778623112
2018-12-10T15:00:00.0;4.97879090112129
2018-12-10T16:00:00.0;4.999999977927583
2018-12-10T17:00:00.0;4.999999977927572
2018-12-10T18:00:00.0;4.999999977927578
2018-12-10T19:00:00.0;4.999999977927588
2018-12-10T20:00:00.0;4.9999999779276045
2018-12-10T21:00:00.0;4.878556937058943
2018-12-10T22:00:00.0;3.78034382007014
2018-12-10T23:00:00.0;3.1620616437530433
2018-12-11T00:00:00.0;1.182299972861299
2018-12-11T01:00:00.0;0.6448405127636788
2018-12-11T02:00:00.0;1.273286455830409
2018-12-11T03:00:00.0;1.5819146602790537
2018-12-11T04:00:00.0;1.7222673828693433
2018-12-11T05:00:00.0;2.385463665915796
2018-12-11T06:00:00.0;2.3089071844621256
2018-12-11T07:00:00.0;3.60980945158613
2018-12-11T08:00:00.0;4.999999961741081
2018-12-11T09:00:00.0;4.999999961741098
2018-12-11T10:00:00.0;4.999999961741116
2018-12-11T11:00:00.0;4.869434711829672
2018-12-11T12:00:00.0;4.771251664126641
2018-12-11T13:00:00.0;4.724673574104432
2018-12-11T14:00:00.0;4.75502722350398
2018-12-11T15:00:00.0;4.999999961741093
2018-12-11T16:00:00.0;4.9999999617410555
2018-12-11T17:00:00.0;4.999999961741044
2018-12-11T18:00:00.0;4.999999961741043
2018-12-11T19:00:00.0;4.999999961741053
2018-12-11T20:00:00.0;4.999999961741076
2018-12-11T21:00:00.0;4.999999961741128
2018-12-11T22:00:00.0;4.405175106554095
2018-12-11T23:00:00.0;3.901266859573426
2018-12-12T00:00:00.0;2.108223310608104
2018-12-12T01:00:00.0;1.9185863043088147
2018-12-12T02:00:00.0;2.115605059245226
2018-12-12T03:00:00.0;2.0591919399882137
2018-12-12T04:00:00.0;2.115513483641679
2018-12-12T05:00:00.0;2.37555070785336
2018-12-12T06:00:00.0;3.16967178267697
2018-12-12T07:00:00.0;4.504033151362877
2018-12-12T08:00:00.0;4.999999971836338
2018-12-12T09:00:00.0;4.9999999718363295
2018-12-12T10:00:00.0;4.999999971836342
2018-12-12T11:00:00.0;4.9999999718363535
2018-12-12T12:00:00.0;4.647978549430417
2018-12-12T13:00:00.0;4.373793075438701
2018-12-12T14:00:00.0;4.544568519138768
2018-12-12T15:00:00.0;4.739545116892267
2018-12-12T16:00:00.0;4.9999999718363455
2018-12-12T17:00:00.0;4.99999997183632
2018-12-12T18:00:00.0;4.999999971836318
2018-12-12T19:00:00.0;4.9999999718363295
2018-12-12T20:00:00.0;4.9999999718363455
2018-12-12T21:00:00.0;4.95153075785345
2018-12-12T22:00:00.0;4.364159719451766
2018-12-12T23:00:00.0;3.699040458334938
2018-12-13T00:00:00.0;1.4310138431517445
2018-12-13T01:00:00.0;0.982994940065831
2018-12-13T02:00:00.0;1.5269567081681716
2018-12-13T03:00:00.0;1.7545195259792956
2018-12-13T04:00:00.0;1.8306960289067045
2018-12-13T05:00:00.0;2.3253445093376075
2018-12-13T06:00:00.0;2.430319525838624
2018-12-13T07:00:00.0;3.7744244952793196
2018-12-13T08:00:00.0;4.9999999648384925
2018-12-13T09:00:00.0;4.9999999648385005
2018-12-13T10:00:00.0;4.999999964838513
2018-12-13T11:00:00.0;4.922015962092951
2018-12-13T12:00:00.0;4.747762045812872
2018-12-13T13:00:00.0;4.629893678309046
2018-12-13T14:00:00.0;4.7041095095140975
2018-12-13T15:00:00.0;4.9144611761992465
2018-12-13T16:00:00.0;4.999999964838473
2018-12-13T17:00:00.0;4.999999964838458
2018-12-13T18:00:00.0;4.999999964838457
2018-12-13T19:00:00.0;4.9999999648384685
2018-12-13T20:00:00.0;4.99999996483849
2018-12-13T21:00:00.0;4.990122936133993
2018-12-13T22:00:00.0;4.389282451066456
2018-12-13T23:00:00.0;3.808511954572118
2018-12-14T00:00:00.0;1.6820556695590854
2018-12-14T01:00:00.0;1.3404893435843428
2018-12-14T02:00:00.0;1.5889377534302254
2018-12-14T03:00:00.0;1.6118273437340438
2018-12-14T04:00:00.0;1.7024184228198131
2018-12-14T05:00:00.0;1.97973197740183
2018-12-14T06:00:00.0;2.6221124792500268
2018-12-14T07:00:00.0;4.218334125920231
2018-12-14T08:00:00.0;4.999999971870218
2018-12-14T09:00:00.0;4.999999971870213
2018-12-14T10:00:00.0;4.999999971870216
2018-12-14T11:00:00.0;4.9999999718702215
2018-12-14T12:00:00.0;4.776365998088648
2018-12-14T13:00:00.0;4.602180044623456
2018-12-14T14:00:00.0;4.710671143937617
2018-12-14T15:00:00.0;4.834536876460411
2018-12-14T16:00:00.0;4.99999997187021
2018-12-14T17:00:00.0;4.999999971870192
2018-12-14T18:00:00.0;4.999999971870194
2018-12-14T19:00:00.0;4.999999971870205
2018-12-14T20:00:00.0;4.999999971870224
2018-12-14T21:00:00.0;4.947931875931127
2018-12-14T22:00:00.0;4.21046198321385
2018-12-14T23:00:00.0;3.53826578591703
2018-12-15T00:00:00.0;1.2201774214239391
2018-12-15T01:00:00.0;0.7617463346593826
2018-12-15T02:00:00.0;0.5083111205234915
2018-12-15T03:00:00.0;0.2955450795103323
2018-12-15T04:00:00.0;0.7259847501569451
2018-12-15T05:00:00.0;1.10626767838428
2018-12-15T06:00:00.0;2.5218448046341244
2018-12-15T07:00:00.0;4.751504349722018
2018-12-15T08:00:00.0;4.999999979249491
2018-12-15T09:00:00.0;4.999999979249482
2018-12-15T10:00:00.0;4.999999979249485
2018-12-15T11:00:00.0;4.999999979249494
2018-12-15T12:00:00.0;4.999999979249511
2018-12-15T13:00:00.0;4.999999979249517
2018-12-15T14:00:00.0;4.999999979249482
2018-12-15T15:00:00.0;4.999999979249507
2018-12-15T16:00:00.0;4.9999999792494885
2018-12-15T17:00:00.0;4.999999979249478
2018-12-15T18:00:00.0;4.999999979249485
2018-12-15T19:00:00.0;4.999999979249494
2018-12-15T20:00:00.0;4.99999997924951
2018-12-15T21:00:00.0;4.863767372512057
2018-12-15T22:00:00.0;3.7029783982733955
2018-12-15T23:00:00.0;3.097266587421672
2018-12-16T00:00:00.0;2.3245374458832258
2018-12-16T01:00:00.0;2.0071424646713125
2018-12-16T02:00:00.0;2.255291948257103
2018-12-16T03:00:00.0;2.404806206969003
2018-12-16T04:00:00.0;2.5742969512830602
2018-12-16T05:00:00.0;2.9523126371806905
2018-12-16T06:00:00.0;3.2209604898596447
2018-12-16T07:00:00.0;4.2385449525987005
2018-12-16T08:00:00.0;4.999999963096009
2018-12-16T09:00:00.0;4.999999963096014
2018-12-16T10:00:00.0;4.99999996309602
2018-12-16T11:00:00.0;4.948653712653868
2018-12-16T12:00:00.0;4.910042126799661
2018-12-16T13:00:00.0;4.638221799457983
2018-12-16T14:00:00.0;4.272648510701539
2018-12-16T15:00:00.0;4.363562897048083
2018-12-16T16:00:00.0;4.822591066132499
2018-12-16T17:00:00.0;4.417391866646078
2018-12-16T18:00:00.0;4.604202102632539
2018-12-16T19:00:00.0;4.4644543424346415
2018-12-16T20:00:00.0;4.029075714628906
2018-12-16T21:00:00.0;3.8371335594334166
2018-12-16T22:00:00.0;2.9095640307877466
2018-12-16T23:00:00.0;2.2984844869742185
2018-12-17T00:00:00.0;1.0539967130203616
2018-12-17T01:00:00.0;0.49709519610903646
2018-12-17T02:00:00.0;0.7213681653623554
2018-12-17T03:00:00.0;0.8034728144789683
2018-12-17T04:00:00.0;0.9988368023395643
2018-12-17T05:00:00.0;1.3167144214254678
2018-12-17T06:00:00.0;1.903569192586396
2018-12-17T07:00:00.0;3.94838568440052
2018-12-17T08:00:00.0;4.999999973236505
2018-12-17T09:00:00.0;4.999999973236505
2018-12-17T10:00:00.0;4.9999999732364975
2018-12-17T11:00:00.0;4.999999973236495
2018-12-17T12:00:00.0;4.980722169557266
2018-12-17T13:00:00.0;4.9657069079769265
2018-12-17T14:00:00.0;4.975059110051376
2018-12-17T15:00:00.0;4.985736643673763
2018-12-17T16:00:00.0;4.99999997323648
2018-12-17T17:00:00.0;4.999999973236472
2018-12-17T18:00:00.0;4.99999997323648
2018-12-17T19:00:00.0;4.999999973236492
2018-12-17T20:00:00.0;4.9999999732365135
2018-12-17T21:00:00.0;4.9282385328953975
2018-12-17T22:00:00.0;3.9228350527619362
2018-12-17T23:00:00.0;3.2535035164427653
2018-12-18T00:00:00.0;1.2877842376734039
2018-12-18T01:00:00.0;0.864976920746984
2018-12-18T02:00:00.0;0.46895909148538134
2018-12-18T03:00:00.0;0.16608490010373275
2018-12-18T04:00:00.0;0.664060539711887
2018-12-18T05:00:00.0;1.0619114586158873
2018-12-18T06:00:00.0;2.727596579430446
2018-12-18T07:00:00.0;4.999999981014192
2018-12-18T08:00:00.0;4.999999981014157
2018-12-18T09:00:00.0;4.9999999810141444
2018-12-18T10:00:00.0;4.999999981014151
2018-12-18T11:00:00.0;4.999999981014163
2018-12-18T12:00:00.0;4.9999999810141835
2018-12-18T13:00:00.0;4.999999981014189
2018-12-18T14:00:00.0;4.9999999810141516
2018-12-18T15:00:00.0;4.999999981014182
2018-12-18T16:00:00.0;4.999999981014161
2018-12-18T17:00:00.0;4.999999981014149
2018-12-18T18:00:00.0;4.999999981014156
2018-12-18T19:00:00.0;4.999999981014164
2018-12-18T20:00:00.0;4.999999981014178
2018-12-18T21:00:00.0;4.844989366320062
2018-12-18T22:00:00.0;3.6451798428477606
2018-12-18T23:00:00.0;3.058466793773592
2018-12-19T00:00:00.0;1.1982891026648594
2018-12-19T01:00:00.0;0.7283244979375574
2018-12-19T02:00:00.0;0.5210516961516114
2018-12-19T03:00:00.0;0.3374589845077702
2018-12-19T04:00:00.0;0.7460332738461004
2018-12-19T05:00:00.0;1.1206284060608482
2018-12-19T06:00:00.0;2.455230805013577
2018-12-19T07:00:00.0;4.67105163963001
2018-12-19T08:00:00.0;4.999999978678164
2018-12-19T09:00:00.0;4.999999978678156
2018-12-19T10:00:00.0;4.999999978678157
2018-12-19T11:00:00.0;4.999999978678165
2018-12-19T12:00:00.0;4.999999978678182
2018-12-19T13:00:00.0;4.999999978678186
2018-12-19T14:00:00.0;4.9999999786781535
2018-12-19T15:00:00.0;4.9999999786781775
2018-12-19T16:00:00.0;4.999999978678159
2018-12-19T17:00:00.0;4.999999978678149
2018-12-19T18:00:00.0;4.999999978678156
2018-12-19T19:00:00.0;4.999999978678166
2018-12-19T20:00:00.0;4.999999978678182
2018-12-19T21:00:00.0;4.869846922001175
2018-12-19T22:00:00.0;3.7216912038032763
2018-12-19T23:00:00.0;3.1098283718432596
2018-12-20T00:00:00.0;1.1285700461795058
2018-12-20T01:00:00.0;0.6218686779222992
2018-12-20T02:00:00.0;0.561633200909913
2018-12-20T03:00:00.0;0.470963889210692
2018-12-20T04:00:00.0;0.8098921828339068
2018-12-20T05:00:00.0;1.1663704475156373
2018-12-20T06:00:00.0;2.2430507260692427
2018-12-20T07:00:00.0;4.4147922575804985
2018-12-20T08:00:00.0;4.999999976858366
2018-12-20T09:00:00.0;4.99999997685836
2018-12-20T10:00:00.0;4.9999999768583585
2018-12-20T11:00:00.0;4.999999976858362
2018-12-20T12:00:00.0;4.999999976858375
2018-12-20T13:00:00.0;4.999999976858381
2018-12-20T14:00:00.0;4.99999997685835
2018-12-20T15:00:00.0;4.999999976858368
2018-12-20T16:00:00.0;4.999999976858353
2018-12-20T17:00:00.0;4.999999976858343
2018-12-20T18:00:00.0;4.999999976858351
2018-12-20T19:00:00.0;4.999999976858361
2018-12-20T20:00:00.0;4.99999997685838
2018-12-20T21:00:00.0;4.889211609572782
2018-12-20T22:00:00.0;3.7812955599028513
2018-12-20T23:00:00.0;3.149840387717354
2018-12-21T00:00:00.0;0.7296965976781878
2018-12-21T01:00:00.0;0.012818553277511274
2018-12-21T02:00:00.0;0.7938062331384385
2018-12-21T03:00:00.0;1.2347659888831273
2018-12-21T04:00:00.0;1.1752388259120325
2018-12-21T05:00:00.0;1.4280677041386503
2018-12-21T06:00:00.0;1.0291358503051422
2018-12-21T07:00:00.0;2.9486929071055186
2018-12-21T08:00:00.0;4.999999966447015
2018-12-21T09:00:00.0;4.999999966447027
2018-12-21T10:00:00.0;4.999999966447004
2018-12-21T11:00:00.0;4.999999966446987
2018-12-21T12:00:00.0;4.999999966446983
2018-12-21T13:00:00.0;4.999999966446987
2018-12-21T14:00:00.0;4.999999966446972
2018-12-21T15:00:00.0;4.999999966446962
2018-12-21T16:00:00.0;4.99999996644696
2018-12-21T17:00:00.0;4.999999966446958
2018-12-21T18:00:00.0;4.999999966446967
2018-12-21T19:00:00.0;4.999999966446983
2018-12-21T20:00:00.0;4.999999966447012
2018-12-21T21:00:00.0;4.999999966447067
2018-12-21T22:00:00.0;4.122301251340065
2018-12-21T23:00:00.0;3.3787552864228774
2018-12-22T00:00:00.0;1.5618233734497309
2018-12-22T01:00:00.0;1.0302656037907516
2018-12-22T02:00:00.0;1.580880310410888
2018-12-22T03:00:00.0;1.9122686342986936
2018-12-22T04:00:00.0;1.9172749656839583
2018-12-22T05:00:00.0;2.1412364992953994
2018-12-22T06:00:00.0;1.9714580714887127
2018-12-22T07:00:00.0;3.47491377100239
2018-12-22T08:00:00.0;4.999999964841641
2018-12-22T09:00:00.0;4.99999996484165
2018-12-22T10:00:00.0;4.999999964841632
2018-12-22T11:00:00.0;4.999999964841622
2018-12-22T12:00:00.0;4.999999964841628
2018-12-22T13:00:00.0;4.8463450075858345
2018-12-22T14:00:00.0;4.617525937467704
2018-12-22T15:00:00.0;4.614238370050098
2018-12-22T16:00:00.0;4.8924676687611495
2018-12-22T17:00:00.0;4.646865553892575
2018-12-22T18:00:00.0;4.7600962539915095
2018-12-22T19:00:00.0;4.675391384149097
2018-12-22T20:00:00.0;4.411496707424186
2018-12-22T21:00:00.0;4.302561352810938
2018-12-22T22:00:00.0;3.342596517083432
2018-12-22T23:00:00.0;2.614727473626878
2018-12-23T00:00:00.0;2.7846582702026392
2018-12-23T01:00:00.0;2.528508996772847
2018-12-23T02:00:00.0;2.829251146682028
2018-12-23T03:00:00.0;3.041370653300682
2018-12-23T04:00:00.0;3.0992415686346333
2018-12-23T05:00:00.0;3.2938703681537875
2018-12-23T06:00:00.0;3.3350546712306897
2018-12-23T07:00:00.0;4.145774365771198
2018-12-23T08:00:00.0;4.999999961218798
2018-12-23T09:00:00.0;4.999999961218803
2018-12-23T10:00:00.0;4.999999961218796
2018-12-23T11:00:00.0;4.992029369379625
2018-12-23T12:00:00.0;4.960998984414072
2018-12-23T13:00:00.0;4.571851266907792
2018-12-23T14:00:00.0;4.039615696702627
2018-12-23T15:00:00.0;4.060589665264446
2018-12-23T16:00:00.0;4.743299970239683
2018-12-23T17:00:00.0;4.157001128224434
2018-12-23T18:00:00.0;4.427304290654865
2018-12-23T19:00:00.0;4.225097696757092
2018-12-23T20:00:00.0;3.5951310392606457
2018-12-23T21:00:00.0;3.347509966433226
2018-12-23T22:00:00.0;2.344333005836839
2018-12-23T23:00:00.0;1.642355676872741
2018-12-24T00:00:00.0;2.8919749752389725
2018-12-24T01:00:00.0;2.7892959401825173
2018-12-24T02:00:00.0;2.967609311839827
2018-12-24T03:00:00.0;3.0027357191082427
2018-12-24T04:00:00.0;3.164011406439435
2018-12-24T05:00:00.0;3.6147110211782887
2018-12-24T06:00:00.0;4.110469000711733
2018-12-24T07:00:00.0;4.687571799764727
2018-12-24T08:00:00.0;4.999999961979817
2018-12-24T09:00:00.0;4.999999961979819
2018-12-24T10:00:00.0;4.999999961979843
2018-12-24T11:00:00.0;4.9189196793979075
2018-12-24T12:00:00.0;4.695822119758012
2018-12-24T13:00:00.0;4.299793466018288
2018-12-24T14:00:00.0;4.038663772643065
2018-12-24T15:00:00.0;4.275435930636998
2018-12-24T16:00:00.0;4.831463145155159
2018-12-24T17:00:00.0;4.446527640621822
2018-12-24T18:00:00.0;4.6239956428601765
2018-12-24T19:00:00.0;4.491236558816173
2018-12-24T20:00:00.0;4.077630875562482
2018-12-24T21:00:00.0;3.900648863146268
2018-12-24T22:00:00.0;3.236796625833677
2018-12-24T23:00:00.0;2.686489320620072
2018-12-25T00:00:00.0;1.8819970064874334
2018-12-25T01:00:00.0;1.5025900344344743
2018-12-25T02:00:00.0;1.6580259612706048
2018-12-25T03:00:00.0;1.7241106675118567
2018-12-25T04:00:00.0;1.9691671636709653
2018-12-25T05:00:00.0;2.401728704736689
2018-12-25T06:00:00.0;2.9523467592382837
2018-12-25T07:00:00.0;4.319780429269023
2018-12-25T08:00:00.0;4.999999967196433
2018-12-25T09:00:00.0;4.9999999671964375
2018-12-25T10:00:00.0;4.999999967196445
2018-12-25T11:00:00.0;4.947231897160142
2018-12-25T12:00:00.0;4.907551124970884
2018-12-25T13:00:00.0;4.739512328426287
2018-12-25T14:00:00.0;4.529573752321683
2018-12-25T15:00:00.0;4.625387163343138
2018-12-25T16:00:00.0;4.895575432760189
2018-12-25T17:00:00.0;4.6570713978187435
2018-12-25T18:00:00.0;4.767029648248672
2018-12-25T19:00:00.0;4.684772810812983
2018-12-25T20:00:00.0;4.428504882370512
2018-12-25T21:00:00.0;4.2779155243757065
2018-12-25T22:00:00.0;3.3415531307625708
2018-12-25T23:00:00.0;2.755409834072817
2018-12-26T00:00:00.0;2.2408306064905883
2018-12-26T01:00:00.0;1.9294763004455253
2018-12-26T02:00:00.0;2.310817828837982
2018-12-26T03:00:00.0;2.5116725989943194
2018-12-26T04:00:00.0;2.70691654644409
2018-12-26T05:00:00.0;3.31458063788423
2018-12-26T06:00:00.0;3.439676148289946
2018-12-26T07:00:00.0;4.193952923911612
2018-12-26T08:00:00.0;4.9999999591110535
2018-12-26T09:00:00.0;4.999999959111067
2018-12-26T10:00:00.0;4.99999995911109
2018-12-26T11:00:00.0;4.872971790400956
2018-12-26T12:00:00.0;4.777448573032217
2018-12-26T13:00:00.0;4.529850536193445
2018-12-26T14:00:00.0;4.258148998801313
2018-12-26T15:00:00.0;4.492157320918981
2018-12-26T16:00:00.0;4.858437176113256
2018-12-26T17:00:00.0;4.535109951100536
2018-12-26T18:00:00.0;4.684174498320836
2018-12-26T19:00:00.0;4.572663282198498
2018-12-26T20:00:00.0;4.2252544923077675
2018-12-26T21:00:00.0;4.088698475828607
2018-12-26T22:00:00.0;3.3921519774952023
2018-12-26T23:00:00.0;2.8954555566446594
2018-12-27T00:00:00.0;1.5655874761631223
2018-12-27T01:00:00.0;1.1178394057471541
2018-12-27T02:00:00.0;1.6574592188852602
2018-12-27T03:00:00.0;1.9396256850026896
2018-12-27T04:00:00.0;2.098270685572186
2018-12-27T05:00:00.0;2.700732426912842
2018-12-27T06:00:00.0;2.6635161360872748
2018-12-27T07:00:00.0;3.792996744084841
2018-12-27T08:00:00.0;4.99999996202342
2018-12-27T09:00:00.0;4.999999962023434
2018-12-27T10:00:00.0;4.999999962023449
2018-12-27T11:00:00.0;4.888553330265166
2018-12-27T12:00:00.0;4.804747187591779
2018-12-27T13:00:00.0;4.695409083246941
2018-12-27T14:00:00.0;4.617700652282123
2018-12-27T15:00:00.0;4.825313401511672
2018-12-27T16:00:00.0;4.95130551654243
2018-12-27T17:00:00.0;4.840088149961404
2018-12-27T18:00:00.0;4.891363035309465
2018-12-27T19:00:00.0;4.853005659740849
2018-12-27T20:00:00.0;4.733504771013582
2018-12-27T21:00:00.0;4.686532541740285
2018-12-27T22:00:00.0;4.049125076861856
2018-12-27T23:00:00.0;3.5412654113560107
2018-12-28T00:00:00.0;1.7538453897896875
2018-12-28T01:00:00.0;1.261744380008424
2018-12-28T02:00:00.0;1.779119492806711
2018-12-28T03:00:00.0;2.098283446031692
2018-12-28T04:00:00.0;2.108162963178919
2018-12-28T05:00:00.0;2.3222603801738586
2018-12-28T06:00:00.0;2.1681308257516725
2018-12-28T07:00:00.0;3.5632551235978394
2018-12-28T08:00:00.0;4.9999999641663955
2018-12-28T09:00:00.0;4.9999999641664035
2018-12-28T10:00:00.0;4.9999999641663875
2018-12-28T11:00:00.0;4.999999964166378
2018-12-28T12:00:00.0;4.999999964166386
2018-12-28T13:00:00.0;4.80887972801083
2018-12-28T14:00:00.0;4.524268313586568
2018-12-28T15:00:00.0;4.520179147363418
2018-12-28T16:00:00.0;4.866248354792426
2018-12-28T17:00:00.0;4.560761730525277
2018-12-28T18:00:00.0;4.701601170589297
2018-12-28T19:00:00.0;4.596242937982079
2018-12-28T20:00:00.0;4.268003525231482
2018-12-28T21:00:00.0;4.135526829875128
2018-12-28T22:00:00.0;3.1617789598975854
2018-12-28T23:00:00.0;2.4346767979142485
2018-12-29T00:00:00.0;0.7748076080502638
2018-12-29T01:00:00.0;0.08169971494218499
2018-12-29T02:00:00.0;0.7675483809190704
2018-12-29T03:00:00.0;1.1483829905411789
2018-12-29T04:00:00.0;1.1339195647097016
2018-12-29T05:00:00.0;1.3984707788426174
2018-12-29T06:00:00.0;1.1664248244325608
2018-12-29T07:00:00.0;3.114502948496509
2018-12-29T08:00:00.0;4.999999967624498
2018-12-29T09:00:00.0;4.9999999676245075
2018-12-29T10:00:00.0;4.999999967624487
2018-12-29T11:00:00.0;4.999999967624473
2018-12-29T12:00:00.0;4.99999996762447
2018-12-29T13:00:00.0;4.999999967624475
2018-12-29T14:00:00.0;4.999999967624458
2018-12-29T15:00:00.0;4.9999999676244515
2018-12-29T16:00:00.0;4.999999967624447
2018-12-29T17:00:00.0;4.999999967624444
2018-12-29T18:00:00.0;4.999999967624453
2018-12-29T19:00:00.0;4.999999967624468
2018-12-29T20:00:00.0;4.999999967624497
2018-12-29T21:00:00.0;4.987470241205041
2018-12-29T22:00:00.0;4.083734855554234
2018-12-29T23:00:00.0;3.3528659162263215
2018-12-30T00:00:00.0;2.6982550720165874
2018-12-30T01:00:00.0;2.452663244764873
2018-12-30T02:00:00.0;2.745324720390445
2018-12-30T03:00:00.0;2.9329065902336873
2018-12-30T04:00:00.0;3.083762612254722
2018-12-30T05:00:00.0;3.499827862987144
2018-12-30T06:00:00.0;3.620889486303513
2018-12-30T07:00:00.0;4.2875658477272465
2018-12-30T08:00:00.0;4.999999959357239
2018-12-30T09:00:00.0;4.999999959357248
2018-12-30T10:00:00.0;4.999999959357258
2018-12-30T11:00:00.0;4.9254927394032
2018-12-30T12:00:00.0;4.8694644628447055
2018-12-30T13:00:00.0;4.519798097532046
2018-12-30T14:00:00.0;4.0559871816041975
2018-12-30T15:00:00.0;4.188868487437094
2018-12-30T16:00:00.0;4.773894429993081
2018-12-30T17:00:00.0;4.257472869034631
2018-12-30T18:00:00.0;4.495560293179151
2018-12-30T19:00:00.0;4.3174534347418225
2018-12-30T20:00:00.0;3.762568551295937
2018-12-30T21:00:00.0;3.544459880782116
2018-12-30T22:00:00.0;2.677952372613162
2018-12-30T23:00:00.0;2.0930437158460165
2018-12-31T00:00:00.0;2.414371677718204
2018-12-31T01:00:00.0;2.0811638255824154
2018-12-31T02:00:00.0;2.361831682282907
2018-12-31T03:00:00.0;2.5566113649313893
2018-12-31T04:00:00.0;2.6506032681471914
2018-12-31T05:00:00.0;2.8666578440172716
2018-12-31T06:00:00.0;3.0006955417251504
2018-12-31T07:00:00.0;4.083067159601146
2018-12-31T08:00:00.0;4.999999963552425
2018-12-31T09:00:00.0;4.99999996355243
2018-12-31T10:00:00.0;4.99999996355242
2018-12-31T11:00:00.0;4.9949792131047275
2018-12-31T12:00:00.0;4.991203686453934
2018-12-31T13:00:00.0;4.684858618636946
2018-12-31T14:00:00.0;4.232491799969743
2018-12-31T15:00:00.0;4.235395802046215
2018-12-31T16:00:00.0;4.786864072915423
2018-12-31T17:00:00.0;4.300064967875617
2018-12-31T18:00:00.0;4.524495459855238
2018-12-31T19:00:00.0;4.356604988497251
2018-12-31T20:00:00.0;3.8335488555188926
2018-12-31T21:00:00.0;3.6126485152509344
2018-12-31T22:00:00.0;2.5724150365080956
2018-12-31T23:00:00.0;1.8741988350501346
